*P01>LUp;;;;;;;11.02.03;1;6;5;;;;13;4;5;3;2;1;13;4;18;11;1;10;
*z6>LUp;;;;;;;11.02.03;1;6;5;;;;13;4;5;3;2;1;13;4;18;11;1;10;
aP04>LUp;;;;;;;11.02.03;1;6;5;;;;13;4;5;3;2;1;13;4;18;11;1;10;
az2>LUp;;;;;;;11.02.03;1;6;2;;;;13;4;5;3;2;1;13;4;18;11;1;10;
*13SQ=~~~56~~~N;s;;;;;;11.02.03;1;6;2;1;294;;13;4;5;3;2;1;13;4;18;11;1;10;
a$$&H#;s;;;;;;11.02.03;1;6;2;1;294;;13;4;5;3;2;1;13;4;18;11;1;10;
ap00:01;;;;;;;11.02.07;1;6;2;1;298;;13;4;5;3;2;1;13;4;18;11;1;10;
az1;;;;;;;11.02.07;1;6;1;1;298;;13;4;5;3;2;1;4;18;11;1;10;13;
a04SQ/~~~61;;;;;;;11.02.22;1;6;1;1;313;;13;4;5;3;2;1;4;18;11;1;10;13;
*13RQ/~~~61;;;;;;;11.02.22;1;6;1;1;313;;13;4;5;3;2;1;4;18;11;1;10;13;
a18AO#V4~4~~H;p;p;;;;;11.02.22;1;6;1;1;316;;13;4;5;3;2;1;4;18;11;1;10;13;
*01FO=~~~~2~~~Z;p;;;;;;11.02.22;1;6;1;1;319;;13;4;5;3;2;1;4;18;11;1;10;13;
ap00:02;;;;;;;11.02.47;1;6;1;1;325;;13;4;5;3;2;1;4;18;11;1;10;13;
a04SQ-~~~61;;;;;;;11.03.08;1;6;1;1;337;;13;4;5;3;2;1;4;18;11;1;10;13;
*13RQ+~~~61~~~~32;;;;;;;11.03.08;1;6;1;1;337;;13;4;5;3;2;1;4;18;11;1;10;13;
*01ET+K2B;;;;;;;11.03.08;1;6;1;1;337;;13;4;5;3;2;1;4;18;11;1;10;13;
*05AT/W2~25~H2;p;r;;;;;11.03.15;1;6;1;1;341;;13;4;5;3;2;1;4;18;11;1;10;13;
a18BT#~~~~4~~2;p;;;;;;11.03.15;1;6;1;1;341;;13;4;5;3;2;1;4;18;11;1;10;13;
ap00:03;;;;;;;11.03.17;1;6;1;1;348;;13;4;5;3;2;1;4;18;11;1;10;13;
a04SQ-~~~66;;;;;;;11.03.22;1;6;1;1;373;;13;4;5;3;2;1;4;18;11;1;10;13;
*10RQ#~~~66;;;;;;;11.03.22;1;6;1;1;373;;13;4;5;3;2;1;4;18;11;1;10;13;
*01EQ+K2C;;;;;;;11.03.22;1;6;1;1;375;;13;4;5;3;2;1;4;18;11;1;10;13;
*04AQ-J2~36~H2;;r;;;;;11.03.27;1;6;1;1;376;;13;4;5;3;2;1;4;18;11;1;10;13;
a11BQ+~~~~3~~2;;;;;;;11.03.27;1;6;1;1;376;;13;4;5;3;2;1;4;18;11;1;10;13;
a04DH+;;;;;;;11.03.30;1;6;1;1;376;;13;4;5;3;2;1;4;18;11;1;10;13;
a01AT#W2~26~H2S4;p;p;;;;;11.03.31;1;6;1;1;382;;13;4;5;3;2;1;4;18;11;1;10;13;
*03BT=~~~~4~~2S;p;;;;;;11.03.31;1;6;1;1;382;;13;4;5;3;2;1;4;18;11;1;10;13;
ap00:04;;;;;;;11.03.33;1;6;1;1;388;;13;4;5;3;2;1;4;18;11;1;10;13;
a04SQ-~~~66;;;;;;;11.03.51;1;6;1;1;402;;13;4;5;3;2;1;4;18;11;1;10;13;
*10RQ#~~~66;;;;;;;11.03.51;1;6;1;1;402;;13;4;5;3;2;1;4;18;11;1;10;13;
*01ET+K1B;;;;;;;11.03.51;1;6;1;1;402;;13;4;5;3;2;1;4;18;11;1;10;13;
*05AT-W2~24~T1;;r;;;;;11.03.57;1;6;1;1;405;;13;4;5;3;2;1;4;18;11;1;10;13;
a11DT+~~~24;;;;;;;11.03.57;1;6;1;1;405;;13;4;5;3;2;1;4;18;11;1;10;13;
a18AT#W4~47~H2~2;p;p;;;;;11.04.01;1;6;1;1;411;;13;4;5;3;2;1;4;18;11;1;10;13;
*10DT=~~~47;p;;;;;;11.04.01;1;6;1;1;411;;13;4;5;3;2;1;4;18;11;1;10;13;
ap00:05;;;;;;;11.04.05;1;6;1;1;417;;13;4;5;3;2;1;4;18;11;1;10;13;
*T;;;;;;;11.04.05;1;6;1;1;416;;13;4;5;3;2;1;4;18;11;1;10;13;
a04SQ=~~~55~~~O;s;;;;;;11.05.09;1;6;1;1;480;;13;4;5;3;2;1;4;18;11;1;10;13;
*$$&H#;s;;;;;;11.05.09;1;6;1;1;480;;13;4;5;3;2;1;4;18;11;1;10;13;
*p01:05;;;;;;;11.05.13;1;6;1;1;484;;13;4;5;3;2;1;4;18;11;1;10;13;
*z5;;;;;;;11.05.13;1;5;1;1;484;;4;5;3;2;1;13;4;18;11;1;10;13;
*04SM-~~~51;;;;;;;11.05.29;1;5;1;1;500;;4;5;3;2;1;13;4;18;11;1;10;13;
a18RM+~~~51~~~~32;;;;;;;11.05.29;1;5;1;1;500;;4;5;3;2;1;13;4;18;11;1;10;13;
a04EQ+K1C;;;;;;;11.05.29;1;5;1;1;502;;4;5;3;2;1;13;4;18;11;1;10;13;
a11AQ#J4~31~H1S;s;r;;;;;11.05.35;1;5;1;1;503;;4;5;3;2;1;13;4;18;11;1;10;13;
*02BQ=~~~~3~~1S;s;;;;;;11.05.35;1;5;1;1;503;;4;5;3;2;1;13;4;18;11;1;10;13;
ap01:06;;;;;;;11.05.39;1;5;1;1;508;;4;5;3;2;1;13;4;18;11;1;10;13;
az6;;;;;;;11.05.39;1;5;6;1;510;;4;5;3;2;1;13;18;11;1;10;13;4;
a18SQ=~~~16~~~N;s;;;;;;11.05.52;1;5;6;1;523;;4;5;3;2;1;13;18;11;1;10;13;4;
*$$&H#;s;;;;;;11.05.52;1;5;6;1;523;;4;5;3;2;1;13;18;11;1;10;13;4;
*p02:06;;;;;;;11.05.56;1;5;6;1;527;;4;5;3;2;1;13;18;11;1;10;13;4;
*z4;;;;;;;11.05.56;1;4;6;1;527;;5;3;2;1;13;4;18;11;1;10;13;4;
*05SQ#~~~19;p;;;;;;11.06.15;1;4;6;1;546;;5;3;2;1;13;4;18;11;1;10;13;4;
a11RQ=~~~19~R;p;;;;;;11.06.15;1;4;6;1;546;;5;3;2;1;13;4;18;11;1;10;13;4;
*p03:06;;;;;;;11.06.21;1;4;6;1;551;;5;3;2;1;13;4;18;11;1;10;13;4;
*05SQ+~~~15;;;;;;;11.06.43;1;4;6;1;574;;5;3;2;1;13;4;18;11;1;10;13;4;
a10RQ-~~~15;;;;;;;11.06.43;1;4;6;1;574;;5;3;2;1;13;4;18;11;1;10;13;4;
a01AH/G2~23~T2;p;r;;;;;11.06.50;1;4;6;1;577;;5;3;2;1;13;4;18;11;1;10;13;4;
*02BH#~~~~4~~2;p;;;;;;11.06.50;1;4;6;1;577;;5;3;2;1;13;4;18;11;1;10;13;4;
*p04:06;;;;;;;11.06.53;1;4;6;1;583;;5;3;2;1;13;4;18;11;1;10;13;4;
*05SQ=~~~16~~~N;s;;;;;;11.07.17;1;4;6;1;608;;5;3;2;1;13;4;18;11;1;10;13;4;
a$$&H#;s;;;;;;11.07.17;1;4;6;1;608;;5;3;2;1;13;4;18;11;1;10;13;4;
ap04:07;;;;;;;11.07.21;1;4;6;1;613;;5;3;2;1;13;4;18;11;1;10;13;4;
az5;;;;;;;11.07.21;1;4;5;1;612;;5;3;2;1;13;4;11;1;10;13;4;18;
a11SM-~~~57;;;;;;;11.07.36;1;4;5;1;627;;5;3;2;1;13;4;11;1;10;13;4;18;
*03RM#~~~57~W;;;;;;;11.07.36;1;4;5;1;627;;5;3;2;1;13;4;11;1;10;13;4;18;
*01ET+K2B;;;;;;;11.07.36;1;4;5;1;627;;5;3;2;1;13;4;11;1;10;13;4;18;
*05AT=Y9~91~H1O;p;r;;;;;11.07.43;1;4;5;1;630;;5;3;2;1;13;4;11;1;10;13;4;18;
a$$&H#;p;;;;;;11.07.43;1;4;5;1;630;;5;3;2;1;13;4;11;1;10;13;4;18;
ap04:08;;;;;;;11.07.45;1;4;5;1;636;;5;3;2;1;13;4;11;1;10;13;4;18;
a11SM-~~~56;;;;;;;11.07.59;1;4;5;1;650;;5;3;2;1;13;4;11;1;10;13;4;18;
*13RM+~~~56~~~~41;;;;;;;11.07.59;1;4;5;1;650;;5;3;2;1;13;4;11;1;10;13;4;18;
*01ET+KFF;;;;;;;11.07.59;1;4;5;1;650;;5;3;2;1;13;4;11;1;10;13;4;18;
*03AT=W4~47~H1S;p;r;;;;;11.08.04;1;4;5;1;653;;5;3;2;1;13;4;11;1;10;13;4;18;
a$$&H#;p;;;;;;11.08.04;1;4;5;1;653;;5;3;2;1;13;4;11;1;10;13;4;18;
ap04:09;;;;;;;11.08.07;1;4;5;1;659;;5;3;2;1;13;4;11;1;10;13;4;18;
a11SM-~~~57;;;;;;;11.08.21;1;4;5;1;672;;5;3;2;1;13;4;11;1;10;13;4;18;
*03RM+~~~57~~~~41;;;;;;;11.08.21;1;4;5;1;672;;5;3;2;1;13;4;11;1;10;13;4;18;
*01ET+K2B;;;;;;;11.08.21;1;4;5;1;672;;5;3;2;1;13;4;11;1;10;13;4;18;
*05AT#Y9~95~H2S;s;r;;;;;11.08.27;1;4;5;1;675;;5;3;2;1;13;4;11;1;10;13;4;18;
a10BT=~~~~4~~2S;s;;;;;;11.08.27;1;4;5;1;675;;5;3;2;1;13;4;11;1;10;13;4;18;
*p05:09;;;;;;;11.08.32;1;4;5;1;681;;5;3;2;1;13;4;11;1;10;13;4;18;
*z3;;;;;;;11.08.32;1;3;5;1;683;;3;2;1;13;4;5;11;1;10;13;4;18;
*03SQ#~~~16;p;;;;;;11.08.44;1;3;5;1;695;;3;2;1;13;4;5;11;1;10;13;4;18;
a18RQ=~~~16~W;p;;;;;;11.08.44;1;3;5;1;695;;3;2;1;13;4;5;11;1;10;13;4;18;
*p06:09;;;;;;;11.08.49;1;3;5;1;701;;3;2;1;13;4;5;11;1;10;13;4;18;
*03SQ=~~~16~~~O;s;;;;;;11.09.04;1;3;5;1;715;;3;2;1;13;4;5;11;1;10;13;4;18;
a$$&H#;s;;;;;;11.09.04;1;3;5;1;715;;3;2;1;13;4;5;11;1;10;13;4;18;
ap06:10;;;;;;;11.09.09;1;3;5;1;720;;3;2;1;13;4;5;11;1;10;13;4;18;
az4;;;;;;;11.09.09;1;3;4;1;720;;3;2;1;13;4;5;1;10;13;4;18;11;
a01SQ-~~~11;;;;;;;11.09.22;1;3;4;1;733;;3;2;1;13;4;5;1;10;13;4;18;11;
*03RQ+~~~11~~~~21;;;;;;;11.09.22;1;3;4;1;733;;3;2;1;13;4;5;1;10;13;4;18;11;
*01EO+K2S;;;;;;;11.09.22;1;3;4;1;733;;3;2;1;13;4;5;1;10;13;4;18;11;
*01AO-JJ~33~T1;;r;;;;;11.09.30;1;3;4;1;735;;3;2;1;13;4;5;1;10;13;4;18;11;
a10DO+~~~33;;;;;;;11.09.30;1;3;4;1;735;;3;2;1;13;4;5;1;10;13;4;18;11;
*03AH-G8~85~H0;;s;;;;;11.09.37;1;3;4;1;738;;3;2;1;13;4;5;1;10;13;4;18;11;
a15DH+~~~85;;;;;;;11.09.37;1;3;4;1;738;;3;2;1;13;4;5;1;10;13;4;18;11;
a10AT#W4~45~H2F2;p;p;;;;;11.09.39;1;3;4;1;743;;3;2;1;13;4;5;1;10;13;4;18;11;
*01BT=~~~~2~~2F;p;;;;;;11.09.39;1;3;4;1;743;;3;2;1;13;4;5;1;10;13;4;18;11;
ap06:11;;;;;;;11.09.41;1;3;4;1;748;;3;2;1;13;4;5;1;10;13;4;18;11;
a01SQ#~~~15;p;;;;;;11.09.54;1;3;4;1;765;;3;2;1;13;4;5;1;10;13;4;18;11;
*13RQ=~~~15~L;p;;;;;;11.09.54;1;3;4;1;765;;3;2;1;13;4;5;1;10;13;4;18;11;
ap06:12;;;;;;;11.10.00;1;3;4;1;770;;3;2;1;13;4;5;1;10;13;4;18;11;
*T;;;;;;;11.10.00;1;3;4;1;771;;3;2;1;13;4;5;1;10;13;4;18;11;
a01SQ#~~~16B;p;;;;;;11.11.22;1;3;4;1;853;;3;2;1;13;4;5;1;10;13;4;18;11;
*10RQ=~~~16BR;p;;;;;;11.11.22;1;3;4;1;853;;3;2;1;13;4;5;1;10;13;4;18;11;
ap06:13;;;;;;;11.11.29;1;3;4;1;858;;3;2;1;13;4;5;1;10;13;4;18;11;
a01SQ!~~~11;;;;;;;11.11.48;1;3;4;1;879;;3;2;1;13;4;5;1;10;13;4;18;11;
*03RQ!~~~11~~~~21;;;;;;;11.11.48;1;3;4;1;879;;3;2;1;13;4;5;1;10;13;4;18;11;
*01ET+KBB;;;;;;;11.11.48;1;3;4;1;879;;3;2;1;13;4;5;1;10;13;4;18;11;
*05AT-Y9~93~T1;;r;;;;;11.11.54;1;3;4;1;882;;3;2;1;13;4;5;1;10;13;4;18;11;
a04DT+~~~93;;;;;;;11.11.54;1;3;4;1;882;;3;2;1;13;4;5;1;10;13;4;18;11;
a10AH-G4~46~H2~4;;p;;;;;11.11.59;1;3;4;1;889;;3;2;1;13;4;5;1;10;13;4;18;11;
*02BH+~~~~2~~2;;;;;;;11.11.59;1;3;4;1;889;;3;2;1;13;4;5;1;10;13;4;18;11;
*03DH+;;;;;;;11.12.01;1;3;4;1;889;;3;2;1;13;4;5;1;10;13;4;18;11;
*05AH#G9~91~H2;s;s;;;;;11.12.04;1;3;4;1;892;;3;2;1;13;4;5;1;10;13;4;18;11;
a$$&H=;s;;;;;;11.12.04;1;3;4;1;892;;3;2;1;13;4;5;1;10;13;4;18;11;
*p07:13;;;;;;;11.12.08;1;3;4;1;897;;3;2;1;13;4;5;1;10;13;4;18;11;
*z2;;;;;;;11.12.08;1;2;4;1;899;;2;1;13;4;5;3;1;10;13;4;18;11;
*02SQ=~~~66~~~O;s;;;;;;11.12.21;1;2;4;1;912;;2;1;13;4;5;3;1;10;13;4;18;11;
a$$&H#;s;;;;;;11.12.21;1;2;4;1;912;;2;1;13;4;5;3;1;10;13;4;18;11;
ap07:14;;;;;;;11.12.26;1;2;4;1;917;;2;1;13;4;5;3;1;10;13;4;18;11;
az3;;;;;;;11.12.26;1;2;3;1;917;;2;1;13;4;5;3;10;13;4;18;11;1;
a10SM!~~~15;;;;;;;11.12.38;1;2;3;1;929;;2;1;13;4;5;3;10;13;4;18;11;1;
*03RM!~~~15~~~~21;;;;;;;11.12.38;1;2;3;1;929;;2;1;13;4;5;3;10;13;4;18;11;1;
*01ET+KBF;;;;;;;11.12.38;1;2;3;1;929;;2;1;13;4;5;3;10;13;4;18;11;1;
*13AT/W4~41~H2;p;r;;;;;11.12.43;1;2;3;1;932;;2;1;13;4;5;3;10;13;4;18;11;1;
a04BT#~~~~2~~2;p;;;;;;11.12.43;1;2;3;1;932;;2;1;13;4;5;3;10;13;4;18;11;1;
ap07:15;;;;;;;11.12.47;1;2;3;1;937;;2;1;13;4;5;3;10;13;4;18;11;1;
a10SM-~~~55;;;;;;;11.13.03;1;2;3;1;954;;2;1;13;4;5;3;10;13;4;18;11;1;
*13RM#~~~55~O;;;;;;;11.13.03;1;2;3;1;954;;2;1;13;4;5;3;10;13;4;18;11;1;
*01ET+K1F;;;;;;;11.13.03;1;2;3;1;954;;2;1;13;4;5;3;10;13;4;18;11;1;
*13AT-W4~45~H2;;r;;;;;11.13.07;1;2;3;1;957;;2;1;13;4;5;3;10;13;4;18;11;1;
a13BT+~~~~2~~2;;;;;;;11.13.07;1;2;3;1;957;;2;1;13;4;5;3;10;13;4;18;11;1;
a10DH+;;;;;;;11.13.09;1;2;3;1;957;;2;1;13;4;5;3;10;13;4;18;11;1;
a04AH+G2~25~H2~4;;p;;;;;11.13.09;1;2;3;1;962;;2;1;13;4;5;3;10;13;4;18;11;1;
*13BH-~~~~4~~2;;;;;;;11.13.09;1;2;3;1;962;;2;1;13;4;5;3;10;13;4;18;11;1;
a15DH+;;;;;;;11.13.15;1;2;3;1;962;;2;1;13;4;5;3;10;13;4;18;11;1;
a10AT#Y8~86~H1F1;p;p;;;;;11.13.18;1;2;3;1;968;;2;1;13;4;5;3;10;13;4;18;11;1;
*04BT=~~~~3~~1F;p;;;;;;11.13.18;1;2;3;1;968;;2;1;13;4;5;3;10;13;4;18;11;1;
ap07:16;;;;;;;11.13.22;1;2;3;1;973;;2;1;13;4;5;3;10;13;4;18;11;1;
a10SM!~~~55;;;;;;;11.13.36;1;2;3;1;987;;2;1;13;4;5;3;10;13;4;18;11;1;
*13RM!~~~55~O~~32;;;;;;;11.13.36;1;2;3;1;987;;2;1;13;4;5;3;10;13;4;18;11;1;
*01EH+KEB;;;;;;;11.13.36;1;2;3;1;987;;2;1;13;4;5;3;10;13;4;18;11;1;
*05AH-G9~95~H2;;r;;;;;11.13.41;1;2;3;1;990;;2;1;13;4;5;3;10;13;4;18;11;1;
a15DH+~~~95;;;;;;;11.13.41;1;2;3;1;990;;2;1;13;4;5;3;10;13;4;18;11;1;
a18AH-G4~45~H2~3;;p;;;;;11.13.46;1;2;3;1;996;;2;1;13;4;5;3;10;13;4;18;11;1;
*04BH+~~~~2~~2;;;;;;;11.13.46;1;2;3;1;996;;2;1;13;4;5;3;10;13;4;18;11;1;
a13DH/;;;;;;;11.13.46;1;2;3;1;996;;2;1;13;4;5;3;10;13;4;18;11;1;
*01AO#V2~2~~H;s;s;;;;;11.13.51;1;2;3;1;998;;2;1;13;4;5;3;10;13;4;18;11;1;
a$$&H=;s;;;;;;11.13.51;1;2;3;1;998;;2;1;13;4;5;3;10;13;4;18;11;1;
*p08:16;;;;;;;11.13.52;1;2;3;1;1003;;2;1;13;4;5;3;10;13;4;18;11;1;
*z1;;;;;;;11.13.52;1;1;3;1;1003;;1;13;4;5;3;2;10;13;4;18;11;1;
*01SQ=~~~56~~~N;s;;;;;;11.14.13;1;1;3;1;1024;;1;13;4;5;3;2;10;13;4;18;11;1;
a$$&H#;s;;;;;;11.14.13;1;1;3;1;1024;;1;13;4;5;3;2;10;13;4;18;11;1;
ap08:17;;;;;;;11.14.15;1;1;3;1;1026;;1;13;4;5;3;2;10;13;4;18;11;1;
az2;;;;;;;11.14.15;1;1;2;1;1026;;1;13;4;5;3;2;13;4;18;11;1;10;
a13SM!~~~51;;;;;;;11.14.35;1;1;2;1;1046;;1;13;4;5;3;2;13;4;18;11;1;10;
*13RM!~~~51~~~~32;;;;;;;11.14.35;1;1;2;1;1046;;1;13;4;5;3;2;13;4;18;11;1;10;
*01EH+K8F;;;;;;;11.14.35;1;1;2;1;1046;;1;13;4;5;3;2;13;4;18;11;1;10;
*05AH-G4~46~H2;;r;;;;;11.14.40;1;1;2;1;1049;;1;13;4;5;3;2;13;4;18;11;1;10;
a04BH+~~~~2~~2;;;;;;;11.14.40;1;1;2;1;1049;;1;13;4;5;3;2;13;4;18;11;1;10;
a10DH+;;;;;;;11.14.42;1;1;2;1;1049;;1;13;4;5;3;2;13;4;18;11;1;10;
a18EH-~~~~9;;;;;;;11.14.45;1;1;2;1;1051;;1;13;4;5;3;2;13;4;18;11;1;10;
*04AQ#J1~35~H1;s;s;;;;;11.14.47;1;1;2;1;1052;;1;13;4;5;3;2;13;4;18;11;1;10;
a$$&H=;s;;;;;;11.14.47;1;1;2;1;1052;;1;13;4;5;3;2;13;4;18;11;1;10;
*p09:17;;;;;;;11.14.50;1;1;2;1;1060;;1;13;4;5;3;2;13;4;18;11;1;10;
*z6;;;;;;;11.14.50;1;6;2;1;1061;;13;4;5;3;2;1;13;4;18;11;1;10;
*13SQ+~~~55;;;;;;;11.15.04;1;6;2;1;1075;;13;4;5;3;2;1;13;4;18;11;1;10;
a18RQ-~~~55;;;;;;;11.15.04;1;6;2;1;1075;;13;4;5;3;2;1;13;4;18;11;1;10;
a18AH-G4~47~H2;;r;;;;;11.15.11;1;6;2;1;1078;;13;4;5;3;2;1;13;4;18;11;1;10;
*10DH+~~~47;;;;;;;11.15.11;1;6;2;1;1078;;13;4;5;3;2;1;13;4;18;11;1;10;
*03AH-G3~32~T2;;p;;;;;11.15.14;1;6;2;1;1081;;13;4;5;3;2;1;13;4;18;11;1;10;
a01DH+~~~32;;;;;;;11.15.14;1;6;2;1;1081;;13;4;5;3;2;1;13;4;18;11;1;10;
a18AT-W4~48~T2~2;;s;;;;;11.15.16;1;6;2;1;1087;;13;4;5;3;2;1;13;4;18;11;1;10;
*03DT+~~~48;;;;;;;11.15.16;1;6;2;1;1087;;13;4;5;3;2;1;13;4;18;11;1;10;
*05AH-G2~26~H0;;p;;;;;11.15.20;1;6;2;1;1090;;13;4;5;3;2;1;13;4;18;11;1;10;
a12DH+~~~26;;;;;;;11.15.20;1;6;2;1;1090;;13;4;5;3;2;1;13;4;18;11;1;10;
a18AH#G4~41~H2S3;s;s;;;;;11.15.25;1;6;2;1;1094;;13;4;5;3;2;1;13;4;18;11;1;10;
*05BH=~~~~2~~2S;s;;;;;;11.15.25;1;6;2;1;1094;;13;4;5;3;2;1;13;4;18;11;1;10;
ap09:18;;;;;;;11.15.28;1;6;2;1;1100;;13;4;5;3;2;1;13;4;18;11;1;10;
az1;;;;;;;11.15.28;1;6;1;1;1099;;13;4;5;3;2;1;4;18;11;1;10;13;
a04SM=~~~51~~~O;s;;;;;;11.15.48;1;6;1;1;1119;;13;4;5;3;2;1;4;18;11;1;10;13;
*$$&H#;s;;;;;;11.15.48;1;6;1;1;1119;;13;4;5;3;2;1;4;18;11;1;10;13;
*p10:18;;;;;;;11.15.51;1;6;1;1;1123;;13;4;5;3;2;1;4;18;11;1;10;13;
*z5;;;;;;;11.15.51;1;5;1;1;1122;;4;5;3;2;1;13;4;18;11;1;10;13;
*c04:07;;;;;;;11.15.51;1;5;1;1;1122;;7;5;3;2;1;13;4;18;11;1;10;13;
*07SQ!~~~11;;;;;;;11.16.27;1;5;1;1;1158;;7;5;3;2;1;13;4;18;11;1;10;13;
a18RQ!~~~11~~~~42;;;;;;;11.16.27;1;5;1;1;1158;;7;5;3;2;1;13;4;18;11;1;10;13;
a04ET+K7B;;;;;;;11.16.27;1;5;1;1;1160;;7;5;3;2;1;13;4;18;11;1;10;13;
a18AT-W2~27~T2;;r;;;;;11.16.33;1;5;1;1;1161;;7;5;3;2;1;13;4;18;11;1;10;13;
*07DT+~~~27;;;;;;;11.16.33;1;5;1;1;1161;;7;5;3;2;1;13;4;18;11;1;10;13;
*03AT#W4~41~H2;p;p;;;;;11.16.36;1;5;1;1;1164;;7;5;3;2;1;13;4;18;11;1;10;13;
a04DT=~~~41;p;;;;;;11.16.36;1;5;1;1;1164;;7;5;3;2;1;13;4;18;11;1;10;13;
*p11:18;;;;;;;11.16.42;1;5;1;1;1170;;7;5;3;2;1;13;4;18;11;1;10;13;
*07SQ-~~~66;;;;;;;11.17.03;1;5;1;1;1194;;7;5;3;2;1;13;4;18;11;1;10;13;
a12RQ+~~~66~~~~32;;;;;;;11.17.03;1;5;1;1;1194;;7;5;3;2;1;13;4;18;11;1;10;13;
a04ET+K2F;;;;;;;11.17.03;1;5;1;1;1194;;7;5;3;2;1;13;4;18;11;1;10;13;
a01AT#W4~45~H1;s;r;;;;;11.17.09;1;5;1;1;1197;;7;5;3;2;1;13;4;18;11;1;10;13;
*$$&H=;s;;;;;;11.17.09;1;5;1;1;1197;;7;5;3;2;1;13;4;18;11;1;10;13;
ap11:19;;;;;;;11.17.15;1;5;1;1;1203;;7;5;3;2;1;13;4;18;11;1;10;13;
az6;;;;;;;11.17.15;1;5;6;1;1206;;7;5;3;2;1;13;18;11;1;10;13;4;
*c07:04;;;;;;;11.17.15;1;5;6;1;1206;;4;5;3;2;1;13;18;11;1;10;13;4;
a18SQ-~~~15;;;;;;;11.17.30;1;5;6;1;1221;;4;5;3;2;1;13;18;11;1;10;13;4;
*03RQ+~~~15~~~~41;;;;;;;11.17.30;1;5;6;1;1221;;4;5;3;2;1;13;18;11;1;10;13;4;
*01EQ+KFC;;;;;;;11.17.30;1;5;6;1;1223;;4;5;3;2;1;13;18;11;1;10;13;4;
*02AQ#J4~31~H2S;s;r;;;;;11.17.35;1;5;6;1;1224;;4;5;3;2;1;13;18;11;1;10;13;4;
a01BQ=~~~~3~~2S;s;;;;;;11.17.35;1;5;6;1;1224;;4;5;3;2;1;13;18;11;1;10;13;4;
*p12:19;;;;;;;11.17.39;1;5;6;1;1230;;4;5;3;2;1;13;18;11;1;10;13;4;
*z4;;;;;;;11.17.39;1;4;6;1;1230;;5;3;2;1;13;4;18;11;1;10;13;4;
*c01:06;;;;;;;11.17.39;1;4;6;1;1230;;5;3;2;6;13;4;18;11;1;10;13;4;
*P5;;;;;;;11.17.39;1;4;6;1;1230;;5;3;2;6;13;4;18;11;1;10;13;4;
*z1;;;;;;;11.17.39;1;1;6;1;1230;;5;3;2;6;13;4;18;11;1;10;13;4;
*05SQ#~~~15;p;;;;;;11.18.08;1;1;6;1;1259;;5;3;2;6;13;4;18;11;1;10;13;4;
a10RQ=~~~15~L;p;;;;;;11.18.08;1;1;6;1;1259;;5;3;2;6;13;4;18;11;1;10;13;4;
*p13:19;;;;;;;11.18.13;1;1;6;1;1265;;5;3;2;6;13;4;18;11;1;10;13;4;
*05SQ!~~~16;;;;;;;11.18.34;1;1;6;1;1285;;5;3;2;6;13;4;18;11;1;10;13;4;
a12RQ!~~~16~~~~42;;;;;;;11.18.34;1;1;6;1;1285;;5;3;2;6;13;4;18;11;1;10;13;4;
a04ET+K8B;;;;;;;11.18.34;1;1;6;1;1285;;5;3;2;6;13;4;18;11;1;10;13;4;
a01AT-W2~25~H2;;r;;;;;11.18.40;1;1;6;1;1288;;5;3;2;6;13;4;18;11;1;10;13;4;
*10DT+~~~25;;;;;;;11.18.40;1;1;6;1;1288;;5;3;2;6;13;4;18;11;1;10;13;4;
a01AT#W2~21~H2S1;s;s;;;;;11.18.44;1;1;6;1;1295;;5;3;2;6;13;4;18;11;1;10;13;4;
*02BT=~~~~4~~2S;s;;;;;;11.18.44;1;1;6;1;1295;;5;3;2;6;13;4;18;11;1;10;13;4;
ap13:20;;;;;;;11.18.50;1;1;6;1;1301;;5;3;2;6;13;4;18;11;1;10;13;4;
az5;;;;;;;11.18.50;1;1;5;1;1301;;5;3;2;6;13;4;11;1;10;13;4;18;
*c05:09;;;;;;;11.18.50;1;1;5;1;1301;;9;3;2;6;13;4;11;1;10;13;4;18;
*P9;;;;;;;11.18.50;1;1;5;1;1301;;9;3;2;6;13;4;11;1;10;13;4;18;
*z1;;;;;;;11.18.50;1;1;5;1;1301;;9;3;2;6;13;4;11;1;10;13;4;18;
ac11:09;;;;;;;11.18.50;1;1;5;1;1301;;9;3;2;6;13;4;9;1;10;13;4;18;
a09SM!~~~11;;;;;;;11.19.15;1;1;5;1;1326;;9;3;2;6;13;4;9;1;10;13;4;18;
*03RM!~~~11~~~~32;;;;;;;11.19.15;1;1;5;1;1326;;9;3;2;6;13;4;9;1;10;13;4;18;
*09EH+K8F;;;;;;;11.19.15;1;1;5;1;1326;;9;3;2;6;13;4;9;1;10;13;4;18;
*06AH-G4~45~H2;;r;;;;;11.19.21;1;1;5;1;1329;;9;3;2;6;13;4;9;1;10;13;4;18;
a09DH+~~~45;;;;;;;11.19.21;1;1;5;1;1329;;9;3;2;6;13;4;9;1;10;13;4;18;
a01AH-G2~26~H2~4;;p;;;;;11.19.25;1;1;5;1;1335;;9;3;2;6;13;4;9;1;10;13;4;18;
*06BH+~~~~4~~2;;;;;;;11.19.25;1;1;5;1;1335;;9;3;2;6;13;4;9;1;10;13;4;18;
*09DH+;;;;;;;11.19.27;1;1;5;1;1335;;9;3;2;6;13;4;9;1;10;13;4;18;
*06AH-G4~42~T2;;s;;;;;11.19.29;1;1;5;1;1338;;9;3;2;6;13;4;9;1;10;13;4;18;
a10DH+~~~42;;;;;;;11.19.29;1;1;5;1;1338;;9;3;2;6;13;4;9;1;10;13;4;18;
a01AT+W2~26~H2~2;;p;;;;;11.19.33;1;1;5;1;1343;;9;3;2;6;13;4;9;1;10;13;4;18;
*06BT-~~~~4~~2;;;;;;;11.19.33;1;1;5;1;1343;;9;3;2;6;13;4;9;1;10;13;4;18;
a01AT#W2~26~H2~2;p;p;;;;;11.19.36;1;1;5;1;1346;;9;3;2;6;13;4;9;1;10;13;4;18;
*$$&H=;p;;;;;;11.19.36;1;1;5;1;1346;;9;3;2;6;13;4;9;1;10;13;4;18;
ap13:21;;;;;;;11.19.47;1;1;5;1;1352;;9;3;2;6;13;4;9;1;10;13;4;18;
a09SM-~~~11;;;;;;;11.20.01;1;1;5;1;1372;;9;3;2;6;13;4;9;1;10;13;4;18;
*03RM+~~~11~O~~32;;;;;;;11.20.01;1;1;5;1;1372;;9;3;2;6;13;4;9;1;10;13;4;18;
*09ET+K1P;;;;;;;11.20.01;1;1;5;1;1372;;9;3;2;6;13;4;9;1;10;13;4;18;
*13AT#Y8~85~H1;s;r;;;;;11.20.06;1;1;5;1;1375;;9;3;2;6;13;4;9;1;10;13;4;18;
a18DT=~~~85;s;;;;;;11.20.06;1;1;5;1;1375;;9;3;2;6;13;4;9;1;10;13;4;18;
*p14:21;;;;;;;11.20.10;1;1;5;1;1381;;9;3;2;6;13;4;9;1;10;13;4;18;
*z6;;;;;;;11.20.10;1;6;5;1;1381;;3;2;6;13;4;9;9;1;10;13;4;18;
ac09:11;;;;;;;11.20.10;1;6;5;1;1381;;3;2;6;13;4;9;11;1;10;13;4;18;
*03SQ!~~~16;;;;;;;11.20.48;1;6;5;1;1419;;3;2;6;13;4;9;11;1;10;13;4;18;
a18RQ!~~~16~~~~32;;;;;;;11.20.48;1;6;5;1;1419;;3;2;6;13;4;9;11;1;10;13;4;18;
a04EQ+K8C;;;;;;;11.20.48;1;6;5;1;1419;;3;2;6;13;4;9;11;1;10;13;4;18;
a13AQ-J2~35~H2;;r;;;;;11.20.54;1;6;5;1;1422;;3;2;6;13;4;9;11;1;10;13;4;18;
*10DQ+~~~35;;;;;;;11.20.54;1;6;5;1;1422;;3;2;6;13;4;9;11;1;10;13;4;18;
*09EH-~~~~4;;;;;;;11.20.57;1;6;5;1;1424;;3;2;6;13;4;9;11;1;10;13;4;18;
a13AQ#J2~31~H1~1;s;s;;;;;11.21.04;1;6;5;1;1432;;3;2;6;13;4;9;11;1;10;13;4;18;
*$$&H=;s;;;;;;11.21.04;1;6;5;1;1432;;3;2;6;13;4;9;11;1;10;13;4;18;
ap14:22;;;;;;;11.21.10;1;6;5;1;1438;;3;2;6;13;4;9;11;1;10;13;4;18;
az4;;;;;;;11.21.10;1;6;4;1;1441;;3;2;6;13;4;9;1;10;13;4;18;11;
a01SQ+~~~16;;;;;;;11.21.24;1;6;4;1;1455;;3;2;6;13;4;9;1;10;13;4;18;11;
*10RQ-~~~16;;;;;;;11.21.24;1;6;4;1;1455;;3;2;6;13;4;9;1;10;13;4;18;11;
*06AH+G2~26~H3;;r;;;;;11.21.30;1;6;4;1;1458;;3;2;6;13;4;9;1;10;13;4;18;11;
a10BH-~~~~4~~3;;;;;;;11.21.30;1;6;4;1;1458;;3;2;6;13;4;9;1;10;13;4;18;11;
*06DH+;;;;;;;11.21.32;1;6;4;1;1458;;3;2;6;13;4;9;1;10;13;4;18;11;
*13AT#W4~42~T2F;s;s;;;;;11.21.33;1;6;4;1;1461;;3;2;6;13;4;9;1;10;13;4;18;11;
a04BT=~~~~2~~2F;s;;;;;;11.21.33;1;6;4;1;1461;;3;2;6;13;4;9;1;10;13;4;18;11;
*p15:22;;;;;;;11.21.37;1;6;4;1;1466;;3;2;6;13;4;9;1;10;13;4;18;11;
*z5;;;;;;;11.21.37;1;5;4;1;1468;;2;6;13;4;9;3;1;10;13;4;18;11;
*02SQ-~~~66;;;;;;;11.21.56;1;5;4;1;1487;;2;6;13;4;9;3;1;10;13;4;18;11;
a18RQ+~~~66~~~~22;;;;;;;11.21.56;1;5;4;1;1487;;2;6;13;4;9;3;1;10;13;4;18;11;
a04EQ+K2C;;;;;;;11.21.56;1;5;4;1;1487;;2;6;13;4;9;3;1;10;13;4;18;11;
a13AQ-J2~31~H2;;r;;;;;11.22.02;1;5;4;1;1490;;2;6;13;4;9;3;1;10;13;4;18;11;
*09DQ+~~~31;;;;;;;11.22.02;1;5;4;1;1490;;2;6;13;4;9;3;1;10;13;4;18;11;
*13AH#G4~45~H2;p;p;;;;;11.22.05;1;5;4;1;1493;;2;6;13;4;9;3;1;10;13;4;18;11;
a12DH=~~~45;p;;;;;;11.22.05;1;5;4;1;1493;;2;6;13;4;9;3;1;10;13;4;18;11;
*p16:22;;;;;;;11.22.09;1;5;4;1;1498;;2;6;13;4;9;3;1;10;13;4;18;11;
aT;;;;;;;11.22.09;1;5;4;1;1500;;2;6;13;4;9;3;1;10;13;4;18;11;
*02SQ=~~~61~~~O;s;;;;;;11.23.25;1;5;4;1;1576;;2;6;13;4;9;3;1;10;13;4;18;11;
a$$&H#;s;;;;;;11.23.25;1;5;4;1;1576;;2;6;13;4;9;3;1;10;13;4;18;11;
ap16:23;;;;;;;11.23.35;1;5;4;1;1581;;2;6;13;4;9;3;1;10;13;4;18;11;
az3;;;;;;;11.23.36;1;5;3;1;1587;;2;6;13;4;9;3;10;13;4;18;11;1;
a10SM!~~~16;;;;;;;11.23.47;1;5;3;1;1598;;2;6;13;4;9;3;10;13;4;18;11;1;
*10RM!~~~16~O~~22;;;;;;;11.23.47;1;5;3;1;1598;;2;6;13;4;9;3;10;13;4;18;11;1;
*09ET+K9F;;;;;;;11.23.47;1;5;3;1;1598;;2;6;13;4;9;3;10;13;4;18;11;1;
*13AT-W4~42~T2;;r;;;;;11.23.51;1;5;3;1;1601;;2;6;13;4;9;3;10;13;4;18;11;1;
a01DT+~~~42;;;;;;;11.23.51;1;5;3;1;1601;;2;6;13;4;9;3;10;13;4;18;11;1;
a18AH/G4~42~T2~3;s;p;;;;;11.23.56;1;5;3;1;1604;;2;6;13;4;9;3;10;13;4;18;11;1;
*06BH#~~~~2~~2;s;;;;;;11.23.56;1;5;3;1;1604;;2;6;13;4;9;3;10;13;4;18;11;1;
*p17:23;;;;;;;11.23.59;1;5;3;1;1610;;2;6;13;4;9;3;10;13;4;18;11;1;
*z4;;;;;;;11.23.59;1;4;3;1;1610;;6;13;4;9;3;2;10;13;4;18;11;1;
*c09:05;;;;;;;11.23.59;1;4;3;1;1610;;6;13;4;5;3;2;10;13;4;18;11;1;
*P6;;;;;;;11.23.59;1;4;3;1;1610;;6;13;4;5;3;2;10;13;4;18;11;1;
*z1;;;;;;;11.23.59;1;1;3;1;1610;;6;13;4;5;3;2;10;13;4;18;11;1;
*06SQ!~~~51;;;;;;;11.24.22;1;1;3;1;1633;;6;13;4;5;3;2;10;13;4;18;11;1;
a10RQ!~~~51~~~~32;;;;;;;11.24.22;1;1;3;1;1633;;6;13;4;5;3;2;10;13;4;18;11;1;
a04ET+K8F;;;;;;;11.24.22;1;1;3;1;1633;;6;13;4;5;3;2;10;13;4;18;11;1;
a18AT#W4~47~H2;s;r;;;;;11.24.29;1;1;3;1;1636;;6;13;4;5;3;2;10;13;4;18;11;1;
*13DT=~~~47;s;;;;;;11.24.29;1;1;3;1;1636;;6;13;4;5;3;2;10;13;4;18;11;1;
ap17:24;;;;;;;11.24.33;1;1;3;1;1641;;6;13;4;5;3;2;10;13;4;18;11;1;
az2;;;;;;;11.24.33;1;1;2;1;1644;;6;13;4;5;3;2;13;4;18;11;1;10;
*c06:01;;;;;;;11.24.33;1;1;2;1;1644;;1;13;4;5;3;2;13;4;18;11;1;10;
*P1;;;;;;;11.24.33;1;1;2;1;1644;;1;13;4;5;3;2;13;4;18;11;1;10;
*z1;;;;;;;11.24.33;1;1;2;1;1644;;1;13;4;5;3;2;13;4;18;11;1;10;
ac13:07;;;;;;;11.24.33;1;1;2;1;1644;;1;13;4;5;3;2;7;4;18;11;1;10;
a07SQ!~~~15;;;;;;;11.25.04;1;1;2;1;1675;;1;13;4;5;3;2;7;4;18;11;1;10;
*03RQ!~~~15~~~~22;;;;;;;11.25.04;1;1;2;1;1675;;1;13;4;5;3;2;7;4;18;11;1;10;
*01ET+K9B;;;;;;;11.25.04;1;1;2;1;1677;;1;13;4;5;3;2;7;4;18;11;1;10;
*13AT+W2~26~H2;;r;;;;;11.25.11;1;1;2;1;1678;;1;13;4;5;3;2;7;4;18;11;1;10;
a18BT-~~~~4~~2;;;;;;;11.25.11;1;1;2;1;1678;;1;13;4;5;3;2;7;4;18;11;1;10;
*05AH#G4~46~H2F;s;s;;;;;11.25.16;1;1;2;1;1681;;1;13;4;5;3;2;7;4;18;11;1;10;
a04BH=~~~~2~~2F;s;;;;;;11.25.16;1;1;2;1;1681;;1;13;4;5;3;2;7;4;18;11;1;10;
*p18:24;;;;;;;11.25.18;1;1;2;1;1687;;1;13;4;5;3;2;7;4;18;11;1;10;
*z6;;;;;;;11.25.18;1;6;2;1;1689;;13;4;5;3;2;1;7;4;18;11;1;10;
ac07:13;;;;;;;11.25.18;1;6;2;1;1689;;13;4;5;3;2;1;13;4;18;11;1;10;
*13SQ#~~~53~~~N;p;;;;;;11.25.46;1;6;2;1;1717;;13;4;5;3;2;1;13;4;18;11;1;10;
a04RQ=~~~53~W;p;;;;;;11.25.46;1;6;2;1;1717;;13;4;5;3;2;1;13;4;18;11;1;10;
*p19:24;;;;;;;11.25.53;1;6;2;1;1723;;13;4;5;3;2;1;13;4;18;11;1;10;
*13SQ=~~~56~~~O;s;;;;;;11.26.04;1;6;2;1;1735;;13;4;5;3;2;1;13;4;18;11;1;10;
a$$&H#;s;;;;;;11.26.04;1;6;2;1;1735;;13;4;5;3;2;1;13;4;18;11;1;10;
ap19:25;;;;;;;11.26.09;1;6;2;1;1741;;13;4;5;3;2;1;13;4;18;11;1;10;
**1set;;;;;;;11.26.09;2;6;2;1;1740;;;;;;;;;;;;;;
*P01>LUp;;;;;;;11.26.09;2;6;2;1;1740;;13;12;5;3;2;1;4;18;11;1;10;13;
*z6>LUp;;;;;;;11.26.09;2;6;2;1;1740;;13;12;5;3;2;1;4;18;11;1;10;13;
aP04>LUp;;;;;;;11.26.09;2;6;2;1;1740;;13;12;5;3;2;1;4;18;11;1;10;13;
az1>LUp;;;;;;;11.26.09;2;6;1;1;1740;;13;12;5;3;2;1;4;18;11;1;10;13;
a04SQ!~~~55;;;;;;;11.29.51;2;6;1;1;1962;;13;12;5;3;2;1;4;18;11;1;10;13;
*03RQ!~~~55~~~~22;;;;;;;11.29.51;2;6;1;1;1962;;13;12;5;3;2;1;4;18;11;1;10;13;
*01ET+K9B;;;;;;;11.29.51;2;6;1;1;1964;;13;12;5;3;2;1;4;18;11;1;10;13;
*05AT/W2~21~H2;p;r;;;;;11.29.58;2;6;1;1;1965;;13;12;5;3;2;1;4;18;11;1;10;13;
a11BT#~~~~4~~2;p;;;;;;11.29.58;2;6;1;1;1965;;13;12;5;3;2;1;4;18;11;1;10;13;
ap00:01;;;;;;;11.30.01;2;6;1;1;1971;;13;12;5;3;2;1;4;18;11;1;10;13;
a04SQ!~~~51;;;;;;;11.30.23;2;6;1;1;1994;;13;12;5;3;2;1;4;18;11;1;10;13;
*13RQ!~~~51~~~~42;;;;;;;11.30.23;2;6;1;1;1994;;13;12;5;3;2;1;4;18;11;1;10;13;
*01ET+K7F;;;;;;;11.30.23;2;6;1;1;1994;;13;12;5;3;2;1;4;18;11;1;10;13;
*03AT+W4~47~H2;;r;;;;;11.30.28;2;6;1;1;1997;;13;12;5;3;2;1;4;18;11;1;10;13;
a15DT-~~~47;;;;;;;11.30.28;2;6;1;1;1997;;13;12;5;3;2;1;4;18;11;1;10;13;
*05AT#W2~21~H2O;s;s;;;;;11.30.33;2;6;1;1;2000;;13;12;5;3;2;1;4;18;11;1;10;13;
a11BT=~~~~4~~2O;s;;;;;;11.30.33;2;6;1;1;2000;;13;12;5;3;2;1;4;18;11;1;10;13;
*p01:01;;;;;;;11.30.36;2;6;1;1;2007;;13;12;5;3;2;1;4;18;11;1;10;13;
*z5;;;;;;;11.30.36;2;5;1;1;2007;;12;5;3;2;1;13;4;18;11;1;10;13;
*12SM!~~~51;;;;;;;11.31.00;2;5;1;1;2031;;12;5;3;2;1;13;4;18;11;1;10;13;
a18RM!~~~51~~~~31;;;;;;;11.31.00;2;5;1;1;2031;;12;5;3;2;1;13;4;18;11;1;10;13;
a04ET+KCF;;;;;;;11.31.00;2;5;1;1;2031;;12;5;3;2;1;13;4;18;11;1;10;13;
a01AT#W4~41~H2S;s;r;;;;;11.31.05;2;5;1;1;2034;;12;5;3;2;1;13;4;18;11;1;10;13;
*05BT=~~~~2~~2S;s;;;;;;11.31.05;2;5;1;1;2034;;12;5;3;2;1;13;4;18;11;1;10;13;
ap01:02;;;;;;;11.31.11;2;5;1;1;2040;;12;5;3;2;1;13;4;18;11;1;10;13;
az6;;;;;;;11.31.11;2;5;6;1;2042;;12;5;3;2;1;13;18;11;1;10;13;4;
a18SQ-~~~15;;;;;;;11.31.23;2;5;6;1;2054;;12;5;3;2;1;13;18;11;1;10;13;4;
*03RQ#~~~15;;;;;;;11.31.23;2;5;6;1;2054;;12;5;3;2;1;13;18;11;1;10;13;4;
*01EQ+K1C;;;;;;;11.31.23;2;5;6;1;2056;;12;5;3;2;1;13;18;11;1;10;13;4;
*02AQ#J4~31~H1;s;r;;;;;11.31.28;2;5;6;1;2057;;12;5;3;2;1;13;18;11;1;10;13;4;
a$$&H=;s;;;;;;11.31.28;2;5;6;1;2057;;12;5;3;2;1;13;18;11;1;10;13;4;
*p02:02;;;;;;;11.31.30;2;5;6;1;2063;;12;5;3;2;1;13;18;11;1;10;13;4;
*z4;;;;;;;11.31.30;2;4;6;1;2061;;5;3;2;1;13;12;18;11;1;10;13;4;
*05SQ-~~~16;;;;;;;11.31.51;2;4;6;1;2082;;5;3;2;1;13;12;18;11;1;10;13;4;
a12RQ+~~~16~~~~41;;;;;;;11.31.51;2;4;6;1;2082;;5;3;2;1;13;12;18;11;1;10;13;4;
a04ET+K1F;;;;;;;11.31.51;2;4;6;1;2082;;5;3;2;1;13;12;18;11;1;10;13;4;
a10AT-W4~45~H2;;r;;;;;11.31.57;2;4;6;1;2085;;5;3;2;1;13;12;18;11;1;10;13;4;
*01BT+~~~~2~~2;;;;;;;11.31.57;2;4;6;1;2085;;5;3;2;1;13;12;18;11;1;10;13;4;
*13DH+;;;;;;;11.31.58;2;4;6;1;2085;;5;3;2;1;13;12;18;11;1;10;13;4;
*03AH/G4~45~H2;s;p;;;;;11.31.59;2;4;6;1;2088;;5;3;2;1;13;12;18;11;1;10;13;4;
a11BH#~~~~2~~2;s;;;;;;11.31.59;2;4;6;1;2088;;5;3;2;1;13;12;18;11;1;10;13;4;
ap02:03;;;;;;;11.32.07;2;4;6;1;2094;;5;3;2;1;13;12;18;11;1;10;13;4;
az5;;;;;;;11.32.07;2;4;5;1;2098;;5;3;2;1;13;12;11;1;10;13;4;18;
a11SM+~~~55;;;;;;;11.32.19;2;4;5;1;2110;;5;3;2;1;13;12;11;1;10;13;4;18;
*03RM-~~~55~O;;;;;;;11.32.19;2;4;5;1;2110;;5;3;2;1;13;12;11;1;10;13;4;18;
*05AH#G9~95~H2S;s;r;;;;;11.32.25;2;4;5;1;2113;;5;3;2;1;13;12;11;1;10;13;4;18;
a10BH=~~~~4~~2S;s;;;;;;11.32.25;2;4;5;1;2113;;5;3;2;1;13;12;11;1;10;13;4;18;
*p03:03;;;;;;;11.32.28;2;4;5;1;2119;;5;3;2;1;13;12;11;1;10;13;4;18;
*z3;;;;;;;11.32.28;2;3;5;1;2119;;3;2;1;13;12;5;11;1;10;13;4;18;
*03SQ-~~~11;;;;;;;11.32.42;2;3;5;1;2133;;3;2;1;13;12;5;11;1;10;13;4;18;
a12RQ+~~~11~~~~41;;;;;;;11.32.42;2;3;5;1;2133;;3;2;1;13;12;5;11;1;10;13;4;18;
a04ET+KCB;;;;;;;11.32.42;2;3;5;1;2133;;3;2;1;13;12;5;11;1;10;13;4;18;
a01AT#W2~21~H2S;s;r;;;;;11.32.47;2;3;5;1;2136;;3;2;1;13;12;5;11;1;10;13;4;18;
*02BT=~~~~4~~2S;s;;;;;;11.32.47;2;3;5;1;2136;;3;2;1;13;12;5;11;1;10;13;4;18;
ap03:04;;;;;;;11.32.51;2;3;5;1;2142;;3;2;1;13;12;5;11;1;10;13;4;18;
az4;;;;;;;11.32.51;2;3;4;1;2142;;3;2;1;13;12;5;1;10;13;4;18;11;
a01SQ-~~~16;;;;;;;11.33.09;2;3;4;1;2160;;3;2;1;13;12;5;1;10;13;4;18;11;
*10RQ+~~~16~~~~32;;;;;;;11.33.09;2;3;4;1;2160;;3;2;1;13;12;5;1;10;13;4;18;11;
*01ET+K1P;;;;;;;11.33.09;2;3;4;1;2162;;3;2;1;13;12;5;1;10;13;4;18;11;
*03AT#Y8~86~H1O;s;r;;;;;11.33.17;2;3;4;1;2163;;3;2;1;13;12;5;1;10;13;4;18;11;
a13BT=~~~~3~~1O;s;;;;;;11.33.17;2;3;4;1;2163;;3;2;1;13;12;5;1;10;13;4;18;11;
*p04:04;;;;;;;11.33.22;2;3;4;1;2169;;3;2;1;13;12;5;1;10;13;4;18;11;
*z2;;;;;;;11.33.22;2;2;4;1;2173;;2;1;13;12;5;3;1;10;13;4;18;11;
*02SQ-~~~16;;;;;;;11.33.35;2;2;4;1;2186;;2;1;13;12;5;3;1;10;13;4;18;11;
a18RQ+~~~16~~~~32;;;;;;;11.33.35;2;2;4;1;2186;;2;1;13;12;5;3;1;10;13;4;18;11;
a04ET+K1F;;;;;;;11.33.35;2;2;4;1;2188;;2;1;13;12;5;3;1;10;13;4;18;11;
a10AT#W4~47~H2;s;r;;;;;11.33.40;2;2;4;1;2189;;2;1;13;12;5;3;1;10;13;4;18;11;
*$$&H=;s;;;;;;11.33.40;2;2;4;1;2189;;2;1;13;12;5;3;1;10;13;4;18;11;
ap04:05;;;;;;;11.33.43;2;2;4;1;2195;;2;1;13;12;5;3;1;10;13;4;18;11;
az3;;;;;;;11.33.43;2;2;3;1;2194;;2;1;13;12;5;3;10;13;4;18;11;1;
a10SM-~~~15;;;;;;;11.34.04;2;2;3;1;2215;;2;1;13;12;5;3;10;13;4;18;11;1;
*13RM+~~~15~O~~41;;;;;;;11.34.04;2;2;3;1;2215;;2;1;13;12;5;3;10;13;4;18;11;1;
*01ET+K1F;;;;;;;11.34.04;2;2;3;1;2215;;2;1;13;12;5;3;10;13;4;18;11;1;
*13AT#W4~46~H2;s;r;;;;;11.34.08;2;2;3;1;2218;;2;1;13;12;5;3;10;13;4;18;11;1;
a10DT=~~~46;s;;;;;;11.34.08;2;2;3;1;2218;;2;1;13;12;5;3;10;13;4;18;11;1;
*p05:05;;;;;;;11.34.11;2;2;3;1;2223;;2;1;13;12;5;3;10;13;4;18;11;1;
*z1;;;;;;;11.34.11;2;1;3;1;2222;;1;13;12;5;3;2;10;13;4;18;11;1;
*01SQ+~~~53~~~N;;;;;;;11.34.30;2;1;3;1;2241;;1;13;12;5;3;2;10;13;4;18;11;1;
a04RQ-~~~53~W;;;;;;;11.34.30;2;1;3;1;2241;;1;13;12;5;3;2;10;13;4;18;11;1;
a18AH-G4~41~H2;;r;;;;;11.34.36;2;1;3;1;2244;;1;13;12;5;3;2;10;13;4;18;11;1;
*05BH+~~~~2~~2;;;;;;;11.34.36;2;1;3;1;2244;;1;13;12;5;3;2;10;13;4;18;11;1;
*13DH+;;;;;;;11.34.36;2;1;3;1;2244;;1;13;12;5;3;2;10;13;4;18;11;1;
*13AT#W4~45~H2S;p;p;;;;;11.34.39;2;1;3;1;2247;;1;13;12;5;3;2;10;13;4;18;11;1;
a13BT=~~~~2~~2S;p;;;;;;11.34.39;2;1;3;1;2247;;1;13;12;5;3;2;10;13;4;18;11;1;
*p06:05;;;;;;;11.34.45;2;1;3;1;2254;;1;13;12;5;3;2;10;13;4;18;11;1;
*01SQ=~~~56~~~N;s;;;;;;11.35.02;2;1;3;1;2273;;1;13;12;5;3;2;10;13;4;18;11;1;
a$$&H#;s;;;;;;11.35.02;2;1;3;1;2273;;1;13;12;5;3;2;10;13;4;18;11;1;
ap06:06;;;;;;;11.35.05;2;1;3;1;2277;;1;13;12;5;3;2;10;13;4;18;11;1;
az2;;;;;;;11.35.05;2;1;2;1;2276;;1;13;12;5;3;2;13;4;18;11;1;10;
a13SM-~~~56;;;;;;;11.35.23;2;1;2;1;2294;;1;13;12;5;3;2;13;4;18;11;1;10;
*10RM+~~~56~~~~32;;;;;;;11.35.23;2;1;2;1;2294;;1;13;12;5;3;2;13;4;18;11;1;10;
*01EQ+K1C;;;;;;;11.35.23;2;1;2;1;2294;;1;13;12;5;3;2;13;4;18;11;1;10;
*12AQ-J1~35~H1;;r;;;;;11.35.28;2;1;2;1;2297;;1;13;12;5;3;2;13;4;18;11;1;10;
a10DQ+~~~35;;;;;;;11.35.28;2;1;2;1;2297;;1;13;12;5;3;2;13;4;18;11;1;10;
a18AH#G4~46~H2~4;p;p;;;;;11.35.32;2;1;2;1;2301;;1;13;12;5;3;2;13;4;18;11;1;10;
*$$&H=;p;;;;;;11.35.32;2;1;2;1;2301;;1;13;12;5;3;2;13;4;18;11;1;10;
ap06:07;;;;;;;11.35.34;2;1;2;1;2307;;1;13;12;5;3;2;13;4;18;11;1;10;
a13SM!~~~56;;;;;;;11.35.53;2;1;2;1;2324;;1;13;12;5;3;2;13;4;18;11;1;10;
*10RM!~~~56~~~~32;;;;;;;11.35.53;2;1;2;1;2324;;1;13;12;5;3;2;13;4;18;11;1;10;
*01ET+K8F;;;;;;;11.35.53;2;1;2;1;2324;;1;13;12;5;3;2;13;4;18;11;1;10;
*05AT+W4~45~H2;;r;;;;;11.35.57;2;1;2;1;2327;;1;13;12;5;3;2;13;4;18;11;1;10;
a11BT-~~~~2~~2;;;;;;;11.35.57;2;1;2;1;2327;;1;13;12;5;3;2;13;4;18;11;1;10;
*12AO#V3~3~~H;s;s;;;;;11.36.06;2;1;2;1;2330;;1;13;12;5;3;2;13;4;18;11;1;10;
a$$&H=;s;;;;;;11.36.06;2;1;2;1;2330;;1;13;12;5;3;2;13;4;18;11;1;10;
*p07:07;;;;;;;11.36.09;2;1;2;1;2336;;1;13;12;5;3;2;13;4;18;11;1;10;
*z6;;;;;;;11.36.09;2;6;2;1;2340;;13;12;5;3;2;1;13;4;18;11;1;10;
*13SQ+~~~55;;;;;;;11.36.27;2;6;2;1;2358;;13;12;5;3;2;1;13;4;18;11;1;10;
a12RQ-~~~55;;;;;;;11.36.27;2;6;2;1;2358;;13;12;5;3;2;1;13;4;18;11;1;10;
a18AH+G4~45~H2;;r;;;;;11.36.34;2;6;2;1;2361;;13;12;5;3;2;1;13;4;18;11;1;10;
*12BH-~~~~2~~2;;;;;;;11.36.34;2;6;2;1;2361;;13;12;5;3;2;1;13;4;18;11;1;10;
a04DH+;;;;;;;11.36.34;2;6;2;1;2361;;13;12;5;3;2;1;13;4;18;11;1;10;
a18AT#W4~43~T2~4;s;s;;;;;11.36.38;2;6;2;1;2368;;13;12;5;3;2;1;13;4;18;11;1;10;
*$$&H=;s;;;;;;11.36.38;2;6;2;1;2368;;13;12;5;3;2;1;13;4;18;11;1;10;
ap07:08;;;;;;;11.36.41;2;6;2;1;2374;;13;12;5;3;2;1;13;4;18;11;1;10;
az1;;;;;;;11.36.41;2;6;1;1;2372;;13;12;5;3;2;1;4;18;11;1;10;13;
a04SQ+~~~56;;;;;;;11.36.59;2;6;1;1;2390;;13;12;5;3;2;1;4;18;11;1;10;13;
*13RQ-~~~56;;;;;;;11.36.59;2;6;1;1;2390;;13;12;5;3;2;1;4;18;11;1;10;13;
*01EH=~~~~~~~~Z;p;;;;;;11.37.05;2;6;1;1;2390;;13;12;5;3;2;1;4;18;11;1;10;13;
a$$&H#;p;;;;;;11.37.05;2;6;1;1;2390;;13;12;5;3;2;1;4;18;11;1;10;13;
ap07:09;;;;;;;11.37.08;2;6;1;1;2397;;13;12;5;3;2;1;4;18;11;1;10;13;
a04SQ=~~~56~~~N;s;;;;;;11.37.23;2;6;1;1;2414;;13;12;5;3;2;1;4;18;11;1;10;13;
*$$&H#;s;;;;;;11.37.23;2;6;1;1;2414;;13;12;5;3;2;1;4;18;11;1;10;13;
*p08:09;;;;;;;11.37.25;2;6;1;1;2418;;13;12;5;3;2;1;4;18;11;1;10;13;
*z5;;;;;;;11.37.25;2;5;1;1;2416;;12;5;3;2;1;13;4;18;11;1;10;13;
*12SM-~~~51;;;;;;;11.37.47;2;5;1;1;2438;;12;5;3;2;1;13;4;18;11;1;10;13;
a18RM#~~~51;;;;;;;11.37.47;2;5;1;1;2438;;12;5;3;2;1;13;4;18;11;1;10;13;
a04ET+K1F;;;;;;;11.37.47;2;5;1;1;2438;;12;5;3;2;1;13;4;18;11;1;10;13;
a01AT#W4~45~H1;s;r;;;;;11.37.51;2;5;1;1;2441;;12;5;3;2;1;13;4;18;11;1;10;13;
*$$&H=;s;;;;;;11.37.51;2;5;1;1;2441;;12;5;3;2;1;13;4;18;11;1;10;13;
ap08:10;;;;;;;11.37.55;2;5;1;1;2447;;12;5;3;2;1;13;4;18;11;1;10;13;
az6;;;;;;;11.37.55;2;5;6;1;2446;;12;5;3;2;1;13;18;11;1;10;13;4;
a18SQ=~~~15~~~N;s;;;;;;11.38.12;2;5;6;1;2463;;12;5;3;2;1;13;18;11;1;10;13;4;
*$$&H#;s;;;;;;11.38.12;2;5;6;1;2463;;12;5;3;2;1;13;18;11;1;10;13;4;
*p09:10;;;;;;;11.38.15;2;5;6;1;2467;;12;5;3;2;1;13;18;11;1;10;13;4;
*z4;;;;;;;11.38.15;2;4;6;1;2466;;5;3;2;1;13;12;18;11;1;10;13;4;
*05SQ=~~~16~~~O;s;;;;;;11.38.38;2;4;6;1;2489;;5;3;2;1;13;12;18;11;1;10;13;4;
a$$&H#;s;;;;;;11.38.38;2;4;6;1;2489;;5;3;2;1;13;12;18;11;1;10;13;4;
ap09:11;;;;;;;11.38.42;2;4;6;1;2494;;5;3;2;1;13;12;18;11;1;10;13;4;
az5;;;;;;;11.38.42;2;4;5;1;2493;;5;3;2;1;13;12;11;1;10;13;4;18;
a11SM+~~~56;;;;;;;11.38.57;2;4;5;1;2508;;5;3;2;1;13;12;11;1;10;13;4;18;
*13RM-~~~56;;;;;;;11.38.57;2;4;5;1;2508;;5;3;2;1;13;12;11;1;10;13;4;18;
*03AH-G4~46~H2;;r;;;;;11.39.01;2;4;5;1;2511;;5;3;2;1;13;12;11;1;10;13;4;18;
a18DH+~~~46;;;;;;;11.39.01;2;4;5;1;2511;;5;3;2;1;13;12;11;1;10;13;4;18;
a01AT+W2~21~H2~1;;p;;;;;11.39.06;2;4;5;1;2517;;5;3;2;1;13;12;11;1;10;13;4;18;
*02BT-~~~~4~~2;;;;;;;11.39.06;2;4;5;1;2517;;5;3;2;1;13;12;11;1;10;13;4;18;
a04DH+;;;;;;;11.39.08;2;4;5;1;2517;;5;3;2;1;13;12;11;1;10;13;4;18;
a01AT-W2~24~T2~4;;p;;;;;11.39.09;2;4;5;1;2521;;5;3;2;1;13;12;11;1;10;13;4;18;
*10DT+~~~24;;;;;;;11.39.09;2;4;5;1;2521;;5;3;2;1;13;12;11;1;10;13;4;18;
*05AT#Y9~95~H2S;s;s;;;;;11.39.15;2;4;5;1;2524;;5;3;2;1;13;12;11;1;10;13;4;18;
a10BT=~~~~4~~2S;s;;;;;;11.39.15;2;4;5;1;2524;;5;3;2;1;13;12;11;1;10;13;4;18;
*p10:11;;;;;;;11.39.19;2;4;5;1;2530;;5;3;2;1;13;12;11;1;10;13;4;18;
*z3;;;;;;;11.39.19;2;3;5;1;2530;;3;2;1;13;12;5;11;1;10;13;4;18;
*03SQ!~~~15;;;;;;;11.39.38;2;3;5;1;2549;;3;2;1;13;12;5;11;1;10;13;4;18;
a10RQ!~~~15~~~~32;;;;;;;11.39.38;2;3;5;1;2549;;3;2;1;13;12;5;11;1;10;13;4;18;
a04EQ+K8C;;;;;;;11.39.38;2;3;5;1;2551;;3;2;1;13;12;5;11;1;10;13;4;18;
a13AQ#J2~37~H1;s;r;;;;;11.39.44;2;3;5;1;2552;;3;2;1;13;12;5;11;1;10;13;4;18;
*$$&H=;s;;;;;;11.39.44;2;3;5;1;2552;;3;2;1;13;12;5;11;1;10;13;4;18;
ap10:12;;;;;;;11.39.48;2;3;5;1;2558;;3;2;1;13;12;5;11;1;10;13;4;18;
az4;;;;;;;11.39.48;2;3;4;1;2559;;3;2;1;13;12;5;1;10;13;4;18;11;
a01SQ+~~~11;;;;;;;11.40.03;2;3;4;1;2574;;3;2;1;13;12;5;1;10;13;4;18;11;
*03RQ-~~~11;;;;;;;11.40.03;2;3;4;1;2574;;3;2;1;13;12;5;1;10;13;4;18;11;
*05AH#G9~91~H3F;s;r;;;;;11.40.10;2;3;4;1;2577;;3;2;1;13;12;5;1;10;13;4;18;11;
a04BH=~~~~4~~3F;s;;;;;;11.40.10;2;3;4;1;2577;;3;2;1;13;12;5;1;10;13;4;18;11;
*p11:12;;;;;;;11.40.13;2;3;4;1;2583;;3;2;1;13;12;5;1;10;13;4;18;11;
*z2;;;;;;;11.40.13;2;2;4;1;2584;;2;1;13;12;5;3;1;10;13;4;18;11;
*02SQ=~~~11~~~O;s;;;;;;11.40.30;2;2;4;1;2601;;2;1;13;12;5;3;1;10;13;4;18;11;
a$$&H#;s;;;;;;11.40.30;2;2;4;1;2601;;2;1;13;12;5;3;1;10;13;4;18;11;
ap11:13;;;;;;;11.40.34;2;2;4;1;2606;;2;1;13;12;5;3;1;10;13;4;18;11;
az3;;;;;;;11.40.34;2;2;3;1;2605;;2;1;13;12;5;3;10;13;4;18;11;1;
a10SM-~~~16;;;;;;;11.40.51;2;2;3;1;2622;;2;1;13;12;5;3;10;13;4;18;11;1;
*03RM+~~~16~~~~21;;;;;;;11.40.51;2;2;3;1;2622;;2;1;13;12;5;3;10;13;4;18;11;1;
*01ET+KBF;;;;;;;11.40.51;2;2;3;1;2624;;2;1;13;12;5;3;10;13;4;18;11;1;
*13AT#W4~46~H2;s;r;;;;;11.40.56;2;2;3;1;2625;;2;1;13;12;5;3;10;13;4;18;11;1;
a$$&H=;s;;;;;;11.40.56;2;2;3;1;2625;;2;1;13;12;5;3;10;13;4;18;11;1;
*p12:13;;;;;;;11.41.00;2;2;3;1;2631;;2;1;13;12;5;3;10;13;4;18;11;1;
*z1;;;;;;;11.41.00;2;1;3;1;2631;;1;13;12;5;3;2;10;13;4;18;11;1;
*01SQ-~~~55;;;;;;;11.41.17;2;1;3;1;2648;;1;13;12;5;3;2;10;13;4;18;11;1;
a18RQ#~~~55;;;;;;;11.41.17;2;1;3;1;2648;;1;13;12;5;3;2;10;13;4;18;11;1;
a04ET+K3B;;;;;;;11.41.17;2;1;3;1;2648;;1;13;12;5;3;2;10;13;4;18;11;1;
a01AT-Y9~95~T1;;r;;;;;11.41.23;2;1;3;1;2651;;1;13;12;5;3;2;10;13;4;18;11;1;
*10DT+~~~95;;;;;;;11.41.23;2;1;3;1;2651;;1;13;12;5;3;2;10;13;4;18;11;1;
*05AH#G2~24~T2;p;p;;;;;11.41.25;2;1;3;1;2654;;1;13;12;5;3;2;10;13;4;18;11;1;
a04DH=~~~24;p;;;;;;11.41.25;2;1;3;1;2654;;1;13;12;5;3;2;10;13;4;18;11;1;
*p13:13;;;;;;;11.41.32;2;1;3;1;2660;;1;13;12;5;3;2;10;13;4;18;11;1;
*01SQ=~~~55~~~O;s;;;;;;11.41.53;2;1;3;1;2684;;1;13;12;5;3;2;10;13;4;18;11;1;
a$$&H#;s;;;;;;11.41.53;2;1;3;1;2684;;1;13;12;5;3;2;10;13;4;18;11;1;
ap13:14;;;;;;;11.42.05;2;1;3;1;2688;;1;13;12;5;3;2;10;13;4;18;11;1;
az2;;;;;;;11.42.05;2;1;2;1;2696;;1;13;12;5;3;2;13;4;18;11;1;10;
a13SM-~~~56;;;;;;;11.42.45;2;1;2;1;2736;;1;13;12;5;3;2;13;4;18;11;1;10;
*03RM+~~~56~~~~41;;;;;;;11.42.45;2;1;2;1;2736;;1;13;12;5;3;2;13;4;18;11;1;10;
*01EQ+K1C;;;;;;;11.42.45;2;1;2;1;2736;;1;13;12;5;3;2;13;4;18;11;1;10;
*12AQ#J4~31~H1;s;r;;;;;11.42.50;2;1;2;1;2739;;1;13;12;5;3;2;13;4;18;11;1;10;
a01DQ=~~~31;s;;;;;;11.42.50;2;1;2;1;2739;;1;13;12;5;3;2;13;4;18;11;1;10;
*p14:14;;;;;;;11.42.55;2;1;2;1;2745;;1;13;12;5;3;2;13;4;18;11;1;10;
*z6;;;;;;;11.42.55;2;6;2;1;2746;;13;12;5;3;2;1;13;4;18;11;1;10;
*13SQ!~~~56;;;;;;;11.43.15;2;6;2;1;2766;;13;12;5;3;2;1;13;4;18;11;1;10;
a12RQ!~~~56~~~~42;;;;;;;11.43.15;2;6;2;1;2766;;13;12;5;3;2;1;13;4;18;11;1;10;
a04ET+KFF;;;;;;;11.43.15;2;6;2;1;2766;;13;12;5;3;2;1;13;4;18;11;1;10;
a18AT+W4~43~T2;;r;;;;;11.43.20;2;6;2;1;2769;;13;12;5;3;2;1;13;4;18;11;1;10;
*12BT-~~~~2~~2;;;;;;;11.43.20;2;6;2;1;2769;;13;12;5;3;2;1;13;4;18;11;1;10;
a11DH+;;;;;;;11.43.20;2;6;2;1;2769;;13;12;5;3;2;1;13;4;18;11;1;10;
a18AT-W4~47~H2~2;;s;;;;;11.43.23;2;6;2;1;2774;;13;12;5;3;2;1;13;4;18;11;1;10;
*10DT+~~~47;;;;;;;11.43.23;2;6;2;1;2774;;13;12;5;3;2;1;13;4;18;11;1;10;
*03AH#G4~45~H2O;p;p;;;;;11.43.26;2;6;2;1;2777;;13;12;5;3;2;1;13;4;18;11;1;10;
a11BH=~~~~2~~2O;p;;;;;;11.43.26;2;6;2;1;2777;;13;12;5;3;2;1;13;4;18;11;1;10;
*p15:14;;;;;;;11.43.28;2;6;2;1;2783;;13;12;5;3;2;1;13;4;18;11;1;10;
*13SQ=~~~56~~~O;s;;;;;;11.43.48;2;6;2;1;2799;;13;12;5;3;2;1;13;4;18;11;1;10;
a$$&H#;s;;;;;;11.43.48;2;6;2;1;2799;;13;12;5;3;2;1;13;4;18;11;1;10;
ap15:15;;;;;;;11.43.52;2;6;2;1;2804;;13;12;5;3;2;1;13;4;18;11;1;10;
az1;;;;;;;11.43.52;2;6;1;1;2803;;13;12;5;3;2;1;4;18;11;1;10;13;
*c13:08;;;;;;;11.43.52;2;6;1;1;2803;;8;12;5;3;2;1;4;18;11;1;10;13;
a04SQ=~~~56~~~N;s;;;;;;11.44.23;2;6;1;1;2834;;8;12;5;3;2;1;4;18;11;1;10;13;
*$$&H#;s;;;;;;11.44.23;2;6;1;1;2834;;8;12;5;3;2;1;4;18;11;1;10;13;
*p16:15;;;;;;;11.44.25;2;6;1;1;2838;;8;12;5;3;2;1;4;18;11;1;10;13;
*z5;;;;;;;11.44.25;2;5;1;1;2836;;12;5;3;2;1;8;4;18;11;1;10;13;
*12SM=~~~55~~~L;s;;;;;;11.44.48;2;5;1;1;2859;;12;5;3;2;1;8;4;18;11;1;10;13;
a$$&H#;s;;;;;;11.44.48;2;5;1;1;2859;;12;5;3;2;1;8;4;18;11;1;10;13;
ap16:16;;;;;;;11.44.53;2;5;1;1;2865;;12;5;3;2;1;8;4;18;11;1;10;13;
az6;;;;;;;11.44.53;2;5;6;1;2864;;12;5;3;2;1;8;18;11;1;10;13;4;
a18SQ-~~~18;;;;;;;11.45.12;2;5;6;1;2883;;12;5;3;2;1;8;18;11;1;10;13;4;
*02RQ+~~~18~~~~32;;;;;;;11.45.12;2;5;6;1;2883;;12;5;3;2;1;8;18;11;1;10;13;4;
*01ET+K1B;;;;;;;11.45.12;2;5;6;1;2885;;12;5;3;2;1;8;18;11;1;10;13;4;
*05AT#W2~26~H2S;s;r;;;;;11.45.18;2;5;6;1;2886;;12;5;3;2;1;8;18;11;1;10;13;4;
a11BT=~~~~4~~2S;s;;;;;;11.45.18;2;5;6;1;2886;;12;5;3;2;1;8;18;11;1;10;13;4;
*p17:16;;;;;;;11.45.20;2;5;6;1;2892;;12;5;3;2;1;8;18;11;1;10;13;4;
*z4;;;;;;;11.45.20;2;4;6;1;2891;;5;3;2;1;8;12;18;11;1;10;13;4;
*05SQ-~~~11;;;;;;;11.45.43;2;4;6;1;2914;;5;3;2;1;8;12;18;11;1;10;13;4;
a18RQ+~~~11~~~~22;;;;;;;11.45.43;2;4;6;1;2914;;5;3;2;1;8;12;18;11;1;10;13;4;
a04ET+K1B;;;;;;;11.45.43;2;4;6;1;2914;;5;3;2;1;8;12;18;11;1;10;13;4;
a01AT+W2~21~H2;;r;;;;;11.45.47;2;4;6;1;2917;;5;3;2;1;8;12;18;11;1;10;13;4;
*02BT-~~~~4~~2;;;;;;;11.45.47;2;4;6;1;2917;;5;3;2;1;8;12;18;11;1;10;13;4;
a18DH+;;;;;;;11.45.50;2;4;6;1;2917;;5;3;2;1;8;12;18;11;1;10;13;4;
a01AT-W2~25~H2~1;;s;;;;;11.45.51;2;4;6;1;2923;;5;3;2;1;8;12;18;11;1;10;13;4;
*10DT+~~~25;;;;;;;11.45.51;2;4;6;1;2923;;5;3;2;1;8;12;18;11;1;10;13;4;
*05AH=G9~91~H2S;s;p;;;;;11.45.56;2;4;6;1;2926;;5;3;2;1;8;12;18;11;1;10;13;4;
a$$&H#;s;;;;;;11.45.56;2;4;6;1;2926;;5;3;2;1;8;12;18;11;1;10;13;4;
ap17:17;;;;;;;11.45.58;2;4;6;1;2932;;5;3;2;1;8;12;18;11;1;10;13;4;
az5;;;;;;;11.45.58;2;4;5;1;2929;;5;3;2;1;8;12;11;1;10;13;4;18;
a11SM-~~~55;;;;;;;11.46.13;2;4;5;1;2944;;5;3;2;1;8;12;11;1;10;13;4;18;
*03RM+~~~55~~~~41;;;;;;;11.46.13;2;4;5;1;2944;;5;3;2;1;8;12;11;1;10;13;4;18;
*01ET+KFF;;;;;;;11.46.13;2;4;5;1;2944;;5;3;2;1;8;12;11;1;10;13;4;18;
*03AT#W4~41~H1;s;r;;;;;11.46.18;2;4;5;1;2947;;5;3;2;1;8;12;11;1;10;13;4;18;
a04DT=~~~41;s;;;;;;11.46.18;2;4;5;1;2947;;5;3;2;1;8;12;11;1;10;13;4;18;
*p18:17;;;;;;;11.46.22;2;4;5;1;2953;;5;3;2;1;8;12;11;1;10;13;4;18;
*z3;;;;;;;11.46.22;2;3;5;1;2953;;3;2;1;8;12;5;11;1;10;13;4;18;
*03SQ/~~~11;;;;;;;11.46.59;2;3;5;1;2990;;3;2;1;8;12;5;11;1;10;13;4;18;
a12RQ/~~~11;;;;;;;11.46.59;2;3;5;1;2990;;3;2;1;8;12;5;11;1;10;13;4;18;
*05AT-Y9~95~H2;;p;;;;;11.47.07;2;3;5;1;2993;;3;2;1;8;12;5;11;1;10;13;4;18;
a12DT+~~~95;;;;;;;11.47.07;2;3;5;1;2993;;3;2;1;8;12;5;11;1;10;13;4;18;
a10AT#W4~46~H2O3;s;s;;;;;11.47.12;2;3;5;1;3001;;3;2;1;8;12;5;11;1;10;13;4;18;
*02BT=~~~~2~~2O;s;;;;;;11.47.12;2;3;5;1;3001;;3;2;1;8;12;5;11;1;10;13;4;18;
ap18:18;;;;;;;11.47.14;2;3;5;1;3007;;3;2;1;8;12;5;11;1;10;13;4;18;
az4;;;;;;;11.47.14;2;3;4;1;3005;;3;2;1;8;12;5;1;10;13;4;18;11;
a01SQ-~~~11;;;;;;;11.47.34;2;3;4;1;3025;;3;2;1;8;12;5;1;10;13;4;18;11;
*03RQ#~~~11;;;;;;;11.47.34;2;3;4;1;3025;;3;2;1;8;12;5;1;10;13;4;18;11;
*01ET+K1B;;;;;;;11.47.34;2;3;4;1;3025;;3;2;1;8;12;5;1;10;13;4;18;11;
*05AT#Y9~95~H2;s;r;;;;;11.47.40;2;3;4;1;3028;;3;2;1;8;12;5;1;10;13;4;18;11;
a15DT=~~~95;s;;;;;;11.47.40;2;3;4;1;3028;;3;2;1;8;12;5;1;10;13;4;18;11;
*p19:18;;;;;;;11.47.44;2;3;4;1;3034;;3;2;1;8;12;5;1;10;13;4;18;11;
*z2;;;;;;;11.47.44;2;2;4;1;3035;;2;1;8;12;5;3;1;10;13;4;18;11;
*c08:13;;;;;;;11.47.44;2;2;4;1;3035;;2;1;13;12;5;3;1;10;13;4;18;11;
*02SQ=~~~16~~~O;s;;;;;;11.48.04;2;2;4;1;3055;;2;1;13;12;5;3;1;10;13;4;18;11;
a$$&H#;s;;;;;;11.48.04;2;2;4;1;3055;;2;1;13;12;5;3;1;10;13;4;18;11;
ap19:19;;;;;;;11.48.08;2;2;4;1;3060;;2;1;13;12;5;3;1;10;13;4;18;11;
az3;;;;;;;11.48.08;2;2;3;1;3059;;2;1;13;12;5;3;10;13;4;18;11;1;
a10SM-~~~17;;;;;;;11.48.26;2;2;3;1;3077;;2;1;13;12;5;3;10;13;4;18;11;1;
*13RM+~~~17~O~~32;;;;;;;11.48.26;2;2;3;1;3077;;2;1;13;12;5;3;10;13;4;18;11;1;
*01ET+K1F;;;;;;;11.48.26;2;2;3;1;3077;;2;1;13;12;5;3;10;13;4;18;11;1;
*13AT#W4~47~H2;s;r;;;;;11.48.31;2;2;3;1;3080;;2;1;13;12;5;3;10;13;4;18;11;1;
a15DT=~~~47;s;;;;;;11.48.31;2;2;3;1;3080;;2;1;13;12;5;3;10;13;4;18;11;1;
*p20:19;;;;;;;11.48.35;2;2;3;1;3086;;2;1;13;12;5;3;10;13;4;18;11;1;
*z1;;;;;;;11.48.35;2;1;3;1;3086;;1;13;12;5;3;2;10;13;4;18;11;1;
*01SQ#~~~56;p;;;;;;11.48.52;2;1;3;1;3103;;1;13;12;5;3;2;10;13;4;18;11;1;
a12RQ=~~~56~R;p;;;;;;11.48.52;2;1;3;1;3103;;1;13;12;5;3;2;10;13;4;18;11;1;
*p21:19;;;;;;;11.49.00;2;1;3;1;3109;;1;13;12;5;3;2;10;13;4;18;11;1;
aT;;;;;;;11.49.00;2;1;3;1;3111;;1;13;12;5;3;2;10;13;4;18;11;1;
*01SM=~~~15~~~N;s;;;;;;11.50.20;2;1;3;1;3191;;1;13;12;5;3;2;10;13;4;18;11;1;
a$$&H#;s;;;;;;11.50.20;2;1;3;1;3191;;1;13;12;5;3;2;10;13;4;18;11;1;
ap21:20;;;;;;;11.50.23;2;1;3;1;3195;;1;13;12;5;3;2;10;13;4;18;11;1;
az2;;;;;;;11.50.23;2;1;2;1;3194;;1;13;12;5;3;2;13;4;18;11;1;10;
ac13:09;;;;;;;11.50.23;2;1;2;1;3194;;1;13;12;5;3;2;9;4;18;11;1;10;
a09SM-~~~18A;;;;;;;11.50.47;2;1;2;1;3218;;1;13;12;5;3;2;9;4;18;11;1;10;
*10RM#~~~18AO;;;;;;;11.50.47;2;1;2;1;3218;;1;13;12;5;3;2;9;4;18;11;1;10;
*01EQ+K1C;;;;;;;11.50.47;2;1;2;1;3220;;1;13;12;5;3;2;9;4;18;11;1;10;
*12AQ#J1~35~H1;s;r;;;;;11.50.51;2;1;2;1;3221;;1;13;12;5;3;2;9;4;18;11;1;10;
a$$&H=;s;;;;;;11.50.51;2;1;2;1;3221;;1;13;12;5;3;2;9;4;18;11;1;10;
*p22:20;;;;;;;11.50.53;2;1;2;1;3227;;1;13;12;5;3;2;9;4;18;11;1;10;
*z6;;;;;;;11.50.53;2;6;2;1;3224;;13;12;5;3;2;1;9;4;18;11;1;10;
ac09:13;;;;;;;11.50.53;2;6;2;1;3224;;13;12;5;3;2;1;13;4;18;11;1;10;
*13SQ-~~~56;;;;;;;11.51.13;2;6;2;1;3244;;13;12;5;3;2;1;13;4;18;11;1;10;
a10RQ+~~~56~~~~31;;;;;;;11.51.13;2;6;2;1;3244;;13;12;5;3;2;1;13;4;18;11;1;10;
a04ET+K1F;;;;;;;11.51.13;2;6;2;1;3244;;13;12;5;3;2;1;13;4;18;11;1;10;
a18AT-W4~42~T2;;r;;;;;11.51.19;2;6;2;1;3247;;13;12;5;3;2;1;13;4;18;11;1;10;
*03DT+~~~42;;;;;;;11.51.19;2;6;2;1;3247;;13;12;5;3;2;1;13;4;18;11;1;10;
*05AH+G2~21~H3;;p;;;;;11.51.23;2;6;2;1;3250;;13;12;5;3;2;1;13;4;18;11;1;10;
a04BH-~~~~4~~3;;;;;;;11.51.23;2;6;2;1;3250;;13;12;5;3;2;1;13;4;18;11;1;10;
a18AH#G4~41~H2S4;s;s;;;;;11.51.29;2;6;2;1;3257;;13;12;5;3;2;1;13;4;18;11;1;10;
*05BH=~~~~2~~2S;s;;;;;;11.51.29;2;6;2;1;3257;;13;12;5;3;2;1;13;4;18;11;1;10;
ap22:21;;;;;;;11.51.31;2;6;2;1;3263;;13;12;5;3;2;1;13;4;18;11;1;10;
az1;;;;;;;11.51.31;2;6;1;1;3262;;13;12;5;3;2;1;4;18;11;1;10;13;
a04SQ!~~~51;;;;;;;11.51.52;2;6;1;1;3283;;13;12;5;3;2;1;4;18;11;1;10;13;
*13RQ!~~~51~~~~22;;;;;;;11.51.52;2;6;1;1;3283;;13;12;5;3;2;1;4;18;11;1;10;13;
*01ET+K8F;;;;;;;11.51.52;2;6;1;1;3283;;13;12;5;3;2;1;4;18;11;1;10;13;
*03AT/W4~41~H2;p;r;;;;;11.51.57;2;6;1;1;3286;;13;12;5;3;2;1;4;18;11;1;10;13;
a01BT#~~~~2~~2;p;;;;;;11.51.57;2;6;1;1;3286;;13;12;5;3;2;1;4;18;11;1;10;13;
ap22:22;;;;;;;11.52.00;2;6;1;1;3292;;13;12;5;3;2;1;4;18;11;1;10;13;
*T;;;;;;;11.52.00;2;6;1;1;3291;;13;12;5;3;2;1;4;18;11;1;10;13;
a04SQ+~~~55;;;;;;;11.53.19;2;6;1;1;3370;;13;12;5;3;2;1;4;18;11;1;10;13;
*10RQ-~~~55;;;;;;;11.53.19;2;6;1;1;3370;;13;12;5;3;2;1;4;18;11;1;10;13;
*03AH-G4~41~H2;;r;;;;;11.53.26;2;6;1;1;3373;;13;12;5;3;2;1;4;18;11;1;10;13;
a04DH+~~~41;;;;;;;11.53.26;2;6;1;1;3373;;13;12;5;3;2;1;4;18;11;1;10;13;
a18AH-G4~42~T2~4;;p;;;;;11.53.29;2;6;1;1;3380;;13;12;5;3;2;1;4;18;11;1;10;13;
*12BH+~~~~2~~2;;;;;;;11.53.29;2;6;1;1;3380;;13;12;5;3;2;1;4;18;11;1;10;13;
a10DH-;;;;;;;11.53.29;2;6;1;1;3380;;13;12;5;3;2;1;4;18;11;1;10;13;
*03AT#W4~41~H2;s;s;;;;;11.53.34;2;6;1;1;3383;;13;12;5;3;2;1;4;18;11;1;10;13;
a04DT=~~~41;s;;;;;;11.53.34;2;6;1;1;3383;;13;12;5;3;2;1;4;18;11;1;10;13;
*p23:22;;;;;;;11.53.36;2;6;1;1;3389;;13;12;5;3;2;1;4;18;11;1;10;13;
*z5;;;;;;;11.53.36;2;5;1;1;3387;;12;5;3;2;1;13;4;18;11;1;10;13;
*c12:07;;;;;;;11.53.36;2;5;1;1;3387;;7;5;3;2;1;13;4;18;11;1;10;13;
aT;;;;;;;11.53.36;2;5;1;1;3387;;7;5;3;2;1;13;4;18;11;1;10;13;
*07SQ!~~~11;;;;;;;11.55.17;2;5;1;1;3488;;7;5;3;2;1;13;4;18;11;1;10;13;
a18RQ!~~~11~~~~32;;;;;;;11.55.17;2;5;1;1;3488;;7;5;3;2;1;13;4;18;11;1;10;13;
a04ET+K8F;;;;;;;11.55.17;2;5;1;1;3488;;7;5;3;2;1;13;4;18;11;1;10;13;
a01AT#W4~41~H2;s;r;;;;;11.55.23;2;5;1;1;3491;;7;5;3;2;1;13;4;18;11;1;10;13;
*$$&H=;s;;;;;;11.55.23;2;5;1;1;3491;;7;5;3;2;1;13;4;18;11;1;10;13;
ap23:23;;;;;;;11.55.25;2;5;1;1;3497;;7;5;3;2;1;13;4;18;11;1;10;13;
az6;;;;;;;11.55.25;2;5;6;1;3496;;7;5;3;2;1;13;18;11;1;10;13;4;
*c07:12;;;;;;;11.55.25;2;5;6;1;3496;;12;5;3;2;1;13;18;11;1;10;13;4;
ac10:07;;;;;;;11.55.25;2;5;6;1;3496;;12;5;3;2;1;13;18;11;1;7;13;4;
a18SQ#~~~15;p;;;;;;11.56.02;2;5;6;1;3533;;12;5;3;2;1;13;18;11;1;7;13;4;
*03RQ=~~~15~O;p;;;;;;11.56.02;2;5;6;1;3533;;12;5;3;2;1;13;18;11;1;7;13;4;
ap23:24;;;;;;;11.56.10;2;5;6;1;3539;;12;5;3;2;1;13;18;11;1;7;13;4;
*T;;;;;;;11.56.10;2;5;6;1;3541;;12;5;3;2;1;13;18;11;1;7;13;4;
a18SQ-~~~16;;;;;;;11.57.24;2;5;6;1;3615;;12;5;3;2;1;13;18;11;1;7;13;4;
*10RQ#~~~16;;;;;;;11.57.24;2;5;6;1;3615;;12;5;3;2;1;13;18;11;1;7;13;4;
*01ET+K2B;;;;;;;11.57.24;2;5;6;1;3615;;12;5;3;2;1;13;18;11;1;7;13;4;
*05AT#W2~29~H2;s;r;;;;;11.57.30;2;5;6;1;3618;;12;5;3;2;1;13;18;11;1;7;13;4;
a04DT=~~~29;s;;;;;;11.57.30;2;5;6;1;3618;;12;5;3;2;1;13;18;11;1;7;13;4;
*p24:24;;;;;;;11.57.36;2;5;6;1;3624;;12;5;3;2;1;13;18;11;1;7;13;4;
*z4;;;;;;;11.57.36;2;4;6;1;3627;;5;3;2;1;13;12;18;11;1;7;13;4;
ac07:10;;;;;;;11.57.36;2;4;6;1;3627;;5;3;2;1;13;12;18;11;1;10;13;4;
*c01:06;;;;;;;11.57.36;2;4;6;1;3627;;5;3;2;6;13;12;18;11;1;10;13;4;
*P6;;;;;;;11.57.36;2;4;6;1;3627;;5;3;2;6;13;12;18;11;1;10;13;4;
*z4;;;;;;;11.57.36;2;4;6;1;3627;;5;3;2;6;13;12;18;11;1;10;13;4;
*05SQ-~~~16;;;;;;;11.58.05;2;4;6;1;3656;;5;3;2;6;13;12;18;11;1;10;13;4;
a12RQ+~~~16~~~~41;;;;;;;11.58.05;2;4;6;1;3656;;5;3;2;6;13;12;18;11;1;10;13;4;
a04ET+KFB;;;;;;;11.58.05;2;4;6;1;3656;;5;3;2;6;13;12;18;11;1;10;13;4;
a01AT#W2~25~H2;s;r;;;;;11.58.10;2;4;6;1;3659;;5;3;2;6;13;12;18;11;1;10;13;4;
*10DT=~~~25;s;;;;;;11.58.10;2;4;6;1;3659;;5;3;2;6;13;12;18;11;1;10;13;4;
ap24:25;;;;;;;11.58.14;2;4;6;1;3665;;5;3;2;6;13;12;18;11;1;10;13;4;
az5;;;;;;;11.58.14;2;4;5;1;3665;;5;3;2;6;13;12;11;1;10;13;4;18;
*c06:01;;;;;;;11.58.14;2;4;5;1;3665;;5;3;2;1;13;12;11;1;10;13;4;18;
*P1;;;;;;;11.58.14;2;4;5;1;3665;;5;3;2;1;13;12;11;1;10;13;4;18;
*z4;;;;;;;11.58.14;2;4;5;1;3665;;5;3;2;1;13;12;11;1;10;13;4;18;
a11SM/~~~56;;;;;;;11.58.35;2;4;5;1;3686;;5;3;2;1;13;12;11;1;10;13;4;18;
*13RM/~~~56;;;;;;;11.58.35;2;4;5;1;3686;;5;3;2;1;13;12;11;1;10;13;4;18;
a01AT-W2~26~H2~1;;p;;;;;11.58.40;2;4;5;1;3692;;5;3;2;1;13;12;11;1;10;13;4;18;
*03BT+~~~~4~~2;;;;;;;11.58.40;2;4;5;1;3692;;5;3;2;1;13;12;11;1;10;13;4;18;
*05DH+;;;;;;;11.58.43;2;4;5;1;3692;;5;3;2;1;13;12;11;1;10;13;4;18;
*05AT/Y9~95~H2;p;s;;;;;11.58.46;2;4;5;1;3695;;5;3;2;1;13;12;11;1;10;13;4;18;
a10BT#~~~~4~~2;p;;;;;;11.58.46;2;4;5;1;3695;;5;3;2;1;13;12;11;1;10;13;4;18;
ap24:26;;;;;;;11.58.54;2;4;5;1;3701;;5;3;2;1;13;12;11;1;10;13;4;18;
**2set;;;;;;;11.58.54;3;4;5;1;3705;;;;;;;;;;;;;;
*P01>LUp;;;;;;;11.58.54;3;4;5;1;3705;;13;12;5;3;2;1;13;4;18;11;1;10;
*z6>LUp;;;;;;;11.58.54;3;6;5;1;3705;;13;12;5;3;2;1;13;4;18;11;1;10;
aP04>LUp;;;;;;;11.58.54;3;6;5;1;3705;;13;12;5;3;2;1;13;4;18;11;1;10;
az2>LUp;;;;;;;11.58.54;3;6;2;1;3705;;13;12;5;3;2;1;13;4;18;11;1;10;
*13SQ-~~~56;;;;;;;12.02.51;3;6;2;1;3942;;13;12;5;3;2;1;13;4;18;11;1;10;
a12RQ+~~~56~~~~32;;;;;;;12.02.51;3;6;2;1;3942;;13;12;5;3;2;1;13;4;18;11;1;10;
a04EQ+K1C;;;;;;;12.02.51;3;6;2;1;3944;;13;12;5;3;2;1;13;4;18;11;1;10;
a11AQ#J4~35~H2;s;r;;;;;12.02.57;3;6;2;1;3945;;13;12;5;3;2;1;13;4;18;11;1;10;
*$$&H=;s;;;;;;12.02.57;3;6;2;1;3945;;13;12;5;3;2;1;13;4;18;11;1;10;
ap00:01;;;;;;;12.03.00;3;6;2;1;3950;;13;12;5;3;2;1;13;4;18;11;1;10;
az1;;;;;;;12.03.00;3;6;1;1;3951;;13;12;5;3;2;1;4;18;11;1;10;13;
a04SQ-~~~55;;;;;;;12.03.13;3;6;1;1;3964;;13;12;5;3;2;1;4;18;11;1;10;13;
*03RQ#~~~55;;;;;;;12.03.13;3;6;1;1;3964;;13;12;5;3;2;1;4;18;11;1;10;13;
*01EQ+K1C;;;;;;;12.03.13;3;6;1;1;3966;;13;12;5;3;2;1;4;18;11;1;10;13;
*12AQ#J1~35~H1;s;r;;;;;12.03.18;3;6;1;1;3967;;13;12;5;3;2;1;4;18;11;1;10;13;
a$$&H=;s;;;;;;12.03.18;3;6;1;1;3967;;13;12;5;3;2;1;4;18;11;1;10;13;
*p01:01;;;;;;;12.03.19;3;6;1;1;3973;;13;12;5;3;2;1;4;18;11;1;10;13;
*z5;;;;;;;12.03.19;3;5;1;1;3970;;12;5;3;2;1;13;4;18;11;1;10;13;
*12SM-~~~51;;;;;;;12.03.42;3;5;1;1;3993;;12;5;3;2;1;13;4;18;11;1;10;13;
a18RM+~~~51~~~~21;;;;;;;12.03.42;3;5;1;1;3993;;12;5;3;2;1;13;4;18;11;1;10;13;
a04EQ+KBC;;;;;;;12.03.42;3;5;1;1;3995;;12;5;3;2;1;13;4;18;11;1;10;13;
a11AQ#J1~35~H2;s;r;;;;;12.03.47;3;5;1;1;3996;;12;5;3;2;1;13;4;18;11;1;10;13;
*$$&H=;s;;;;;;12.03.47;3;5;1;1;3996;;12;5;3;2;1;13;4;18;11;1;10;13;
ap01:02;;;;;;;12.03.51;3;5;1;1;4002;;12;5;3;2;1;13;4;18;11;1;10;13;
az6;;;;;;;12.03.51;3;5;6;1;4002;;12;5;3;2;1;13;18;11;1;10;13;4;
a18SQ!~~~15;;;;;;;12.04.07;3;5;6;1;4018;;12;5;3;2;1;13;18;11;1;10;13;4;
*03RQ!~~~15~~~~32;;;;;;;12.04.07;3;5;6;1;4018;;12;5;3;2;1;13;18;11;1;10;13;4;
*01ET+K8B;;;;;;;12.04.07;3;5;6;1;4018;;12;5;3;2;1;13;18;11;1;10;13;4;
*05AT#W2~21~H2F;s;r;;;;;12.04.14;3;5;6;1;4021;;12;5;3;2;1;13;18;11;1;10;13;4;
a11BT=~~~~4~~2F;s;;;;;;12.04.14;3;5;6;1;4021;;12;5;3;2;1;13;18;11;1;10;13;4;
*p02:02;;;;;;;12.04.16;3;5;6;1;4027;;12;5;3;2;1;13;18;11;1;10;13;4;
*z4;;;;;;;12.04.16;3;4;6;1;4027;;5;3;2;1;13;12;18;11;1;10;13;4;
*05SQ=~~~11~~~R;s;;;;;;12.04.36;3;4;6;1;4047;;5;3;2;1;13;12;18;11;1;10;13;4;
a$$&H#;s;;;;;;12.04.36;3;4;6;1;4047;;5;3;2;1;13;12;18;11;1;10;13;4;
ap02:03;;;;;;;12.04.40;3;4;6;1;4052;;5;3;2;1;13;12;18;11;1;10;13;4;
az5;;;;;;;12.04.40;3;4;5;1;4051;;5;3;2;1;13;12;11;1;10;13;4;18;
a11SM-~~~57;;;;;;;12.04.52;3;4;5;1;4063;;5;3;2;1;13;12;11;1;10;13;4;18;
*03RM#~~~57~O;;;;;;;12.04.52;3;4;5;1;4063;;5;3;2;1;13;12;11;1;10;13;4;18;
*01EQ+K1C;;;;;;;12.04.52;3;4;5;1;4065;;5;3;2;1;13;12;11;1;10;13;4;18;
*02AQ#J1~35~H2;s;r;;;;;12.04.57;3;4;5;1;4066;;5;3;2;1;13;12;11;1;10;13;4;18;
a11DQ=~~~35;s;;;;;;12.04.57;3;4;5;1;4066;;5;3;2;1;13;12;11;1;10;13;4;18;
*p03:03;;;;;;;12.05.01;3;4;5;1;4072;;5;3;2;1;13;12;11;1;10;13;4;18;
*z3;;;;;;;12.05.01;3;3;5;1;4072;;3;2;1;13;12;5;11;1;10;13;4;18;
*03SQ-~~~16;;;;;;;12.05.12;3;3;5;1;4083;;3;2;1;13;12;5;11;1;10;13;4;18;
a18RQ#~~~16;;;;;;;12.05.12;3;3;5;1;4083;;3;2;1;13;12;5;11;1;10;13;4;18;
a04EQ+K1C;;;;;;;12.05.12;3;3;5;1;4085;;3;2;1;13;12;5;11;1;10;13;4;18;
a13AQ-J4~31~H1;;r;;;;;12.05.17;3;3;5;1;4086;;3;2;1;13;12;5;11;1;10;13;4;18;
*02BQ+~~~~3~~1;;;;;;;12.05.17;3;3;5;1;4086;;3;2;1;13;12;5;11;1;10;13;4;18;
*02DH+;;;;;;;12.05.19;3;3;5;1;4086;;3;2;1;13;12;5;11;1;10;13;4;18;
*05AH-G9~91~H2;;p;;;;;12.05.22;3;3;5;1;4089;;3;2;1;13;12;5;11;1;10;13;4;18;
a04DH+~~~91;;;;;;;12.05.22;3;3;5;1;4089;;3;2;1;13;12;5;11;1;10;13;4;18;
a01AH#G2~26~H2O4;s;s;;;;;12.05.25;3;3;5;1;4096;;3;2;1;13;12;5;11;1;10;13;4;18;
*02BH=~~~~4~~2O;s;;;;;;12.05.25;3;3;5;1;4096;;3;2;1;13;12;5;11;1;10;13;4;18;
ap03:04;;;;;;;12.05.29;3;3;5;1;4102;;3;2;1;13;12;5;11;1;10;13;4;18;
az4;;;;;;;12.05.29;3;3;4;1;4100;;3;2;1;13;12;5;1;10;13;4;18;11;
a01SQ!~~~11;;;;;;;12.06.11;3;3;4;1;4142;;3;2;1;13;12;5;1;10;13;4;18;11;
*03RQ!~~~11~~~~32;;;;;;;12.06.11;3;3;4;1;4142;;3;2;1;13;12;5;1;10;13;4;18;11;
*01ET+K8F;;;;;;;12.06.11;3;3;4;1;4142;;3;2;1;13;12;5;1;10;13;4;18;11;
*13AT/W4~46~H2;p;r;;;;;12.06.16;3;3;4;1;4145;;3;2;1;13;12;5;1;10;13;4;18;11;
a04BT#~~~~2~~2;p;;;;;;12.06.16;3;3;4;1;4145;;3;2;1;13;12;5;1;10;13;4;18;11;
ap03:05;;;;;;;12.06.19;3;3;4;1;4151;;3;2;1;13;12;5;1;10;13;4;18;11;
a01SQ-~~~15;;;;;;;12.06.50;3;3;4;1;4181;;3;2;1;13;12;5;1;10;13;4;18;11;
*13RQ+~~~15~~~~41;;;;;;;12.06.50;3;3;4;1;4181;;3;2;1;13;12;5;1;10;13;4;18;11;
*01ET+KFB;;;;;;;12.06.50;3;3;4;1;4181;;3;2;1;13;12;5;1;10;13;4;18;11;
*05AT#Y9~95~H2;s;r;;;;;12.06.56;3;3;4;1;4184;;3;2;1;13;12;5;1;10;13;4;18;11;
a$$&H=;s;;;;;;12.06.56;3;3;4;1;4184;;3;2;1;13;12;5;1;10;13;4;18;11;
*p04:05;;;;;;;12.06.59;3;3;4;1;4190;;3;2;1;13;12;5;1;10;13;4;18;11;
*z2;;;;;;;12.06.59;3;2;4;1;4190;;2;1;13;12;5;3;1;10;13;4;18;11;
*02SQ-~~~16;;;;;;;12.07.17;3;2;4;1;4208;;2;1;13;12;5;3;1;10;13;4;18;11;
a18RQ#~~~16;;;;;;;12.07.17;3;2;4;1;4208;;2;1;13;12;5;3;1;10;13;4;18;11;
a04ET+K1B;;;;;;;12.07.17;3;2;4;1;4208;;2;1;13;12;5;3;1;10;13;4;18;11;
a01AT#Y9~95~H1;s;r;;;;;12.07.23;3;2;4;1;4211;;2;1;13;12;5;3;1;10;13;4;18;11;
*03DT=~~~95;s;;;;;;12.07.23;3;2;4;1;4211;;2;1;13;12;5;3;1;10;13;4;18;11;
ap04:06;;;;;;;12.07.29;3;2;4;1;4216;;2;1;13;12;5;3;1;10;13;4;18;11;
az3;;;;;;;12.07.29;3;2;3;1;4220;;2;1;13;12;5;3;10;13;4;18;11;1;
a10SM!~~~15;;;;;;;12.07.39;3;2;3;1;4230;;2;1;13;12;5;3;10;13;4;18;11;1;
*03RM!~~~15~~~~32;;;;;;;12.07.39;3;2;3;1;4230;;2;1;13;12;5;3;10;13;4;18;11;1;
*01ET+K8B;;;;;;;12.07.39;3;2;3;1;4230;;2;1;13;12;5;3;10;13;4;18;11;1;
*05AT-Y9~95~H2;;r;;;;;12.07.44;3;2;3;1;4233;;2;1;13;12;5;3;10;13;4;18;11;1;
a15DT+~~~95;;;;;;;12.07.44;3;2;3;1;4233;;2;1;13;12;5;3;10;13;4;18;11;1;
a04AH#G4~41~H1~4;p;p;;;;;12.07.48;3;2;3;1;4237;;2;1;13;12;5;3;10;13;4;18;11;1;
*$$&H=;p;;;;;;12.07.48;3;2;3;1;4237;;2;1;13;12;5;3;10;13;4;18;11;1;
ap04:07;;;;;;;12.07.52;3;2;3;1;4242;;2;1;13;12;5;3;10;13;4;18;11;1;
a10SM-~~~18D;;;;;;;12.08.12;3;2;3;1;4263;;2;1;13;12;5;3;10;13;4;18;11;1;
*03RM#~~~18D;;;;;;;12.08.12;3;2;3;1;4263;;2;1;13;12;5;3;10;13;4;18;11;1;
*01EQ+K1C;;;;;;;12.08.12;3;2;3;1;4265;;2;1;13;12;5;3;10;13;4;18;11;1;
*12AQ#J1~35~H1;s;r;;;;;12.08.17;3;2;3;1;4266;;2;1;13;12;5;3;10;13;4;18;11;1;
a15DQ=~~~35;s;;;;;;12.08.17;3;2;3;1;4266;;2;1;13;12;5;3;10;13;4;18;11;1;
*p05:07;;;;;;;12.08.21;3;2;3;1;4272;;2;1;13;12;5;3;10;13;4;18;11;1;
*z1;;;;;;;12.08.21;3;1;3;1;4272;;1;13;12;5;3;2;10;13;4;18;11;1;
*01SQ-~~~56;;;;;;;12.08.39;3;1;3;1;4290;;1;13;12;5;3;2;10;13;4;18;11;1;
a12RQ#~~~56;;;;;;;12.08.39;3;1;3;1;4290;;1;13;12;5;3;2;10;13;4;18;11;1;
a04EQ+K1C;;;;;;;12.08.39;3;1;3;1;4290;;1;13;12;5;3;2;10;13;4;18;11;1;
a13AQ-J4~31~H1;;r;;;;;12.08.44;3;1;3;1;4293;;1;13;12;5;3;2;10;13;4;18;11;1;
*12BQ+~~~~3~~1;;;;;;;12.08.44;3;1;3;1;4293;;1;13;12;5;3;2;10;13;4;18;11;1;
a10DH/;;;;;;;12.08.44;3;1;3;1;4293;;1;13;12;5;3;2;10;13;4;18;11;1;
*12AO#V3~3~~H;p;p;;;;;12.08.47;3;1;3;1;4296;;1;13;12;5;3;2;10;13;4;18;11;1;
a$$&H=;p;;;;;;12.08.47;3;1;3;1;4296;;1;13;12;5;3;2;10;13;4;18;11;1;
*p06:07;;;;;;;12.08.48;3;1;3;1;4302;;1;13;12;5;3;2;10;13;4;18;11;1;
*01SQ-~~~56;;;;;;;12.09.04;3;1;3;1;4315;;1;13;12;5;3;2;10;13;4;18;11;1;
a12RQ#~~~56~W;;;;;;;12.09.04;3;1;3;1;4315;;1;13;12;5;3;2;10;13;4;18;11;1;
a04ET+K1B;;;;;;;12.09.04;3;1;3;1;4315;;1;13;12;5;3;2;10;13;4;18;11;1;
a01AT#Y9~96~H2;s;r;;;;;12.09.10;3;1;3;1;4318;;1;13;12;5;3;2;10;13;4;18;11;1;
*03DT=~~~96;s;;;;;;12.09.10;3;1;3;1;4318;;1;13;12;5;3;2;10;13;4;18;11;1;
ap06:08;;;;;;;12.09.14;3;1;3;1;4324;;1;13;12;5;3;2;10;13;4;18;11;1;
az2;;;;;;;12.09.14;3;1;2;1;4325;;1;13;12;5;3;2;13;4;18;11;1;10;
a13SM=~~~56~~~O;s;;;;;;12.09.31;3;1;2;1;4342;;1;13;12;5;3;2;13;4;18;11;1;10;
*$$&H#;s;;;;;;12.09.31;3;1;2;1;4342;;1;13;12;5;3;2;13;4;18;11;1;10;
*p07:08;;;;;;;12.09.34;3;1;2;1;4346;;1;13;12;5;3;2;13;4;18;11;1;10;
*z6;;;;;;;12.09.34;3;6;2;1;4345;;13;12;5;3;2;1;13;4;18;11;1;10;
*13SQ=~~~56~~~N;s;;;;;;12.09.47;3;6;2;1;4358;;13;12;5;3;2;1;13;4;18;11;1;10;
a$$&H#;s;;;;;;12.09.47;3;6;2;1;4358;;13;12;5;3;2;1;13;4;18;11;1;10;
ap07:09;;;;;;;12.09.51;3;6;2;1;4363;;13;12;5;3;2;1;13;4;18;11;1;10;
az1;;;;;;;12.09.51;3;6;1;1;4362;;13;12;5;3;2;1;4;18;11;1;10;13;
a04SQ!~~~51;;;;;;;12.10.07;3;6;1;1;4378;;13;12;5;3;2;1;4;18;11;1;10;13;
*13RQ!~~~51~~~~21;;;;;;;12.10.07;3;6;1;1;4378;;13;12;5;3;2;1;4;18;11;1;10;13;
*01EQ+KCC~~~1;;;;;;;12.10.07;3;6;1;1;4380;;13;12;5;3;2;1;4;18;11;1;10;13;
*12AQ/J1~36~H1;p;r;;;;;12.10.15;3;6;1;1;4381;;13;12;5;3;2;1;4;18;11;1;10;13;
a11BQ#~~~~3~~1;p;;;;;;12.10.15;3;6;1;1;4381;;13;12;5;3;2;1;4;18;11;1;10;13;
ap07:10;;;;;;;12.10.18;3;6;1;1;4386;;13;12;5;3;2;1;4;18;11;1;10;13;
a04SQ#~~~56B;p;;;;;;12.10.32;3;6;1;1;4403;;13;12;5;3;2;1;4;18;11;1;10;13;
*10RQ=~~~56BR;p;;;;;;12.10.32;3;6;1;1;4403;;13;12;5;3;2;1;4;18;11;1;10;13;
ap07:11;;;;;;;12.10.39;3;6;1;1;4409;;13;12;5;3;2;1;4;18;11;1;10;13;
*T;;;;;;;12.10.39;3;6;1;1;4410;;13;12;5;3;2;1;4;18;11;1;10;13;
a04SQ=~~~51~~~O;s;;;;;;12.11.52;3;6;1;1;4483;;13;12;5;3;2;1;4;18;11;1;10;13;
*$$&H#;s;;;;;;12.11.52;3;6;1;1;4483;;13;12;5;3;2;1;4;18;11;1;10;13;
*p08:11;;;;;;;12.11.56;3;6;1;1;4488;;13;12;5;3;2;1;4;18;11;1;10;13;
*z5;;;;;;;12.11.56;3;5;1;1;4487;;12;5;3;2;1;13;4;18;11;1;10;13;
*12SM-~~~51;;;;;;;12.12.12;3;5;1;1;4503;;12;5;3;2;1;13;4;18;11;1;10;13;
a12RM#~~~51~O;;;;;;;12.12.12;3;5;1;1;4503;;12;5;3;2;1;13;4;18;11;1;10;13;
a04EQ+K1C;;;;;;;12.12.12;3;5;1;1;4505;;12;5;3;2;1;13;4;18;11;1;10;13;
a11AQ#J1~36~H1;s;r;;;;;12.12.16;3;5;1;1;4506;;12;5;3;2;1;13;4;18;11;1;10;13;
*13DQ=~~~36;s;;;;;;12.12.16;3;5;1;1;4506;;12;5;3;2;1;13;4;18;11;1;10;13;
ap08:12;;;;;;;12.12.24;3;5;1;1;4512;;12;5;3;2;1;13;4;18;11;1;10;13;
az6;;;;;;;12.12.24;3;5;6;1;4515;;12;5;3;2;1;13;18;11;1;10;13;4;
a18SQ=~~~15~~~N;s;;;;;;12.12.38;3;5;6;1;4529;;12;5;3;2;1;13;18;11;1;10;13;4;
*$$&H#;s;;;;;;12.12.38;3;5;6;1;4529;;12;5;3;2;1;13;18;11;1;10;13;4;
*p09:12;;;;;;;12.12.41;3;5;6;1;4534;;12;5;3;2;1;13;18;11;1;10;13;4;
*z4;;;;;;;12.12.41;3;4;6;1;4532;;5;3;2;1;13;12;18;11;1;10;13;4;
*05SQ+~~~16;;;;;;;12.13.07;3;4;6;1;4558;;5;3;2;1;13;12;18;11;1;10;13;4;
a12RQ-~~~16;;;;;;;12.13.07;3;4;6;1;4558;;5;3;2;1;13;12;18;11;1;10;13;4;
a01AH-G2~24~T1;;r;;;;;12.13.13;3;4;6;1;4561;;5;3;2;1;13;12;18;11;1;10;13;4;
*03BH+~~~~4~~1;;;;;;;12.13.13;3;4;6;1;4561;;5;3;2;1;13;12;18;11;1;10;13;4;
*03AT+W4~46~H2;;p;;;;;12.13.16;3;4;6;1;4564;;5;3;2;1;13;12;18;11;1;10;13;4;
a01BT-~~~~2~~2;;;;;;;12.13.16;3;4;6;1;4564;;5;3;2;1;13;12;18;11;1;10;13;4;
*10DH+;;;;;;;12.13.18;3;4;6;1;4564;;5;3;2;1;13;12;18;11;1;10;13;4;
*05AT#Y9~96~H2F;p;p;;;;;12.13.20;3;4;6;1;4567;;5;3;2;1;13;12;18;11;1;10;13;4;
a11BT=~~~~4~~2F;p;;;;;;12.13.20;3;4;6;1;4567;;5;3;2;1;13;12;18;11;1;10;13;4;
*p10:12;;;;;;;12.13.23;3;4;6;1;4573;;5;3;2;1;13;12;18;11;1;10;13;4;
*05SQ-~~~16;;;;;;;12.13.45;3;4;6;1;4596;;5;3;2;1;13;12;18;11;1;10;13;4;
a12RQ#~~~16;;;;;;;12.13.45;3;4;6;1;4596;;5;3;2;1;13;12;18;11;1;10;13;4;
a04ET+K1B;;;;;;;12.13.45;3;4;6;1;4596;;5;3;2;1;13;12;18;11;1;10;13;4;
a01AT#W2~25~H2;s;r;;;;;12.13.49;3;4;6;1;4599;;5;3;2;1;13;12;18;11;1;10;13;4;
*10DT=~~~25;s;;;;;;12.13.49;3;4;6;1;4599;;5;3;2;1;13;12;18;11;1;10;13;4;
ap10:13;;;;;;;12.13.55;3;4;6;1;4605;;5;3;2;1;13;12;18;11;1;10;13;4;
az5;;;;;;;12.13.55;3;4;5;1;4606;;5;3;2;1;13;12;11;1;10;13;4;18;
a11SM-~~~58;;;;;;;12.14.08;3;4;5;1;4619;;5;3;2;1;13;12;11;1;10;13;4;18;
*13RM+~~~58~~~~32;;;;;;;12.14.08;3;4;5;1;4619;;5;3;2;1;13;12;11;1;10;13;4;18;
*01ET+K1B;;;;;;;12.14.08;3;4;5;1;4619;;5;3;2;1;13;12;11;1;10;13;4;18;
*05AT#Y9~96~H2O;s;r;;;;;12.14.14;3;4;5;1;4622;;5;3;2;1;13;12;11;1;10;13;4;18;
a13BT=~~~~4~~2O;s;;;;;;12.14.14;3;4;5;1;4622;;5;3;2;1;13;12;11;1;10;13;4;18;
*p11:13;;;;;;;12.14.17;3;4;5;1;4628;;5;3;2;1;13;12;11;1;10;13;4;18;
*z3;;;;;;;12.14.17;3;3;5;1;4628;;3;2;1;13;12;5;11;1;10;13;4;18;
*03SQ#~~~16;p;;;;;;12.14.30;3;3;5;1;4641;;3;2;1;13;12;5;11;1;10;13;4;18;
a18RQ=~~~16~L;p;;;;;;12.14.30;3;3;5;1;4641;;3;2;1;13;12;5;11;1;10;13;4;18;
*p12:13;;;;;;;12.14.37;3;3;5;1;4647;;3;2;1;13;12;5;11;1;10;13;4;18;
*03SQ!~~~15;;;;;;;12.15.14;3;3;5;1;4685;;3;2;1;13;12;5;11;1;10;13;4;18;
a10RQ!~~~15~~~~32;;;;;;;12.15.14;3;3;5;1;4685;;3;2;1;13;12;5;11;1;10;13;4;18;
a04ET+K8B;;;;;;;12.15.14;3;3;5;1;4685;;3;2;1;13;12;5;11;1;10;13;4;18;
a01AT+W2~24~T2;;r;;;;;12.15.19;3;3;5;1;4688;;3;2;1;13;12;5;11;1;10;13;4;18;
*13BT-~~~~4~~2;;;;;;;12.15.19;3;3;5;1;4688;;3;2;1;13;12;5;11;1;10;13;4;18;
a01DH+;;;;;;;12.15.19;3;3;5;1;4688;;3;2;1;13;12;5;11;1;10;13;4;18;
a01AT#W2~22~H2S3;s;s;;;;;12.15.21;3;3;5;1;4693;;3;2;1;13;12;5;11;1;10;13;4;18;
*02BT=~~~~4~~2S;s;;;;;;12.15.21;3;3;5;1;4693;;3;2;1;13;12;5;11;1;10;13;4;18;
ap12:14;;;;;;;12.15.36;3;3;5;1;4699;;3;2;1;13;12;5;11;1;10;13;4;18;
az4;;;;;;;12.15.36;3;3;4;1;4707;;3;2;1;13;12;5;1;10;13;4;18;11;
a01SQ!~~~16;;;;;;;12.15.45;3;3;4;1;4716;;3;2;1;13;12;5;1;10;13;4;18;11;
*10RQ!~~~16~~~~32;;;;;;;12.15.45;3;3;4;1;4716;;3;2;1;13;12;5;1;10;13;4;18;11;
*01ET+K8B;;;;;;;12.15.45;3;3;4;1;4716;;3;2;1;13;12;5;1;10;13;4;18;11;
*05AT/Y9~96~H2;p;r;;;;;12.15.52;3;3;4;1;4719;;3;2;1;13;12;5;1;10;13;4;18;11;
a10BT#~~~~4~~2;p;;;;;;12.15.52;3;3;4;1;4719;;3;2;1;13;12;5;1;10;13;4;18;11;
ap12:15;;;;;;;12.15.55;3;3;4;1;4725;;3;2;1;13;12;5;1;10;13;4;18;11;
a01SQ=~~~11~~~N;s;;;;;;12.16.18;3;3;4;1;4749;;3;2;1;13;12;5;1;10;13;4;18;11;
*$$&H#;s;;;;;;12.16.18;3;3;4;1;4749;;3;2;1;13;12;5;1;10;13;4;18;11;
*p13:15;;;;;;;12.16.22;3;3;4;1;4754;;3;2;1;13;12;5;1;10;13;4;18;11;
*z2;;;;;;;12.16.22;3;2;4;1;4753;;2;1;13;12;5;3;1;10;13;4;18;11;
*02SQ+~~~16;;;;;;;12.16.40;3;2;4;1;4771;;2;1;13;12;5;3;1;10;13;4;18;11;
a18RQ-~~~16;;;;;;;12.16.40;3;2;4;1;4771;;2;1;13;12;5;3;1;10;13;4;18;11;
a10AT=W4~46~H2O;p;r;;;;;12.16.47;3;2;4;1;4774;;2;1;13;12;5;3;1;10;13;4;18;11;
*$$&H#;p;;;;;;12.16.47;3;2;4;1;4774;;2;1;13;12;5;3;1;10;13;4;18;11;
*p14:15;;;;;;;12.16.51;3;2;4;1;4780;;2;1;13;12;5;3;1;10;13;4;18;11;
*02SQ!~~~66;;;;;;;12.17.09;3;2;4;1;4800;;2;1;13;12;5;3;1;10;13;4;18;11;
a18RQ!~~~66~~~~41;;;;;;;12.17.09;3;2;4;1;4800;;2;1;13;12;5;3;1;10;13;4;18;11;
a04ET+KFF;;;;;;;12.17.09;3;2;4;1;4800;;2;1;13;12;5;3;1;10;13;4;18;11;
a10AT#W4~47~H2;s;r;;;;;12.17.15;3;2;4;1;4803;;2;1;13;12;5;3;1;10;13;4;18;11;
*02DT=~~~47;s;;;;;;12.17.15;3;2;4;1;4803;;2;1;13;12;5;3;1;10;13;4;18;11;
ap14:16;;;;;;;12.17.19;3;2;4;1;4809;;2;1;13;12;5;3;1;10;13;4;18;11;
az3;;;;;;;12.17.19;3;2;3;1;4810;;2;1;13;12;5;3;10;13;4;18;11;1;
a10SM+~~~16;;;;;;;12.17.31;3;2;3;1;4822;;2;1;13;12;5;3;10;13;4;18;11;1;
*03RM-~~~16;;;;;;;12.17.31;3;2;3;1;4822;;2;1;13;12;5;3;10;13;4;18;11;1;
*01ET+KBB;;;;;;;12.17.31;3;2;3;1;4822;;2;1;13;12;5;3;10;13;4;18;11;1;
*05AT-Y9~91~H3;;r;;;;;12.17.37;3;2;3;1;4825;;2;1;13;12;5;3;10;13;4;18;11;1;
a10DT+~~~91;;;;;;;12.17.37;3;2;3;1;4825;;2;1;13;12;5;3;10;13;4;18;11;1;
a18AH-G4~46~H2~3;;p;;;;;12.17.41;3;2;3;1;4831;;2;1;13;12;5;3;10;13;4;18;11;1;
*12BH+~~~~2~~2;;;;;;;12.17.41;3;2;3;1;4831;;2;1;13;12;5;3;10;13;4;18;11;1;
*13AH-G4~41~H2;;s;;;;;12.17.44;3;2;3;1;4834;;2;1;13;12;5;3;10;13;4;18;11;1;
a01DH+~~~41;;;;;;;12.17.44;3;2;3;1;4834;;2;1;13;12;5;3;10;13;4;18;11;1;
a18AH/G4~45~H2~3;s;p;;;;;12.17.49;3;2;3;1;4839;;2;1;13;12;5;3;10;13;4;18;11;1;
*12BH#~~~~2~~2;s;;;;;;12.17.49;3;2;3;1;4839;;2;1;13;12;5;3;10;13;4;18;11;1;
*p15:16;;;;;;;12.17.53;3;2;3;1;4845;;2;1;13;12;5;3;10;13;4;18;11;1;
*z1;;;;;;;12.17.53;3;1;3;1;4844;;1;13;12;5;3;2;10;13;4;18;11;1;
*01SQ+~~~55;;;;;;;12.18.15;3;1;3;1;4866;;1;13;12;5;3;2;10;13;4;18;11;1;
a18RQ-~~~55;;;;;;;12.18.15;3;1;3;1;4866;;1;13;12;5;3;2;10;13;4;18;11;1;
a18AH-G4~45~H2;;r;;;;;12.18.20;3;1;3;1;4869;;1;13;12;5;3;2;10;13;4;18;11;1;
*10DH+~~~45;;;;;;;12.18.20;3;1;3;1;4869;;1;13;12;5;3;2;10;13;4;18;11;1;
*13AH-G4~46~H2;;p;;;;;12.18.24;3;1;3;1;4872;;1;13;12;5;3;2;10;13;4;18;11;1;
a10DH+~~~46;;;;;;;12.18.24;3;1;3;1;4872;;1;13;12;5;3;2;10;13;4;18;11;1;
a01AT#Y9~95~H2~1;s;s;;;;;12.18.29;3;1;3;1;4877;;1;13;12;5;3;2;10;13;4;18;11;1;
*$$&H=;s;;;;;;12.18.29;3;1;3;1;4877;;1;13;12;5;3;2;10;13;4;18;11;1;
ap15:17;;;;;;;12.18.33;3;1;3;1;4883;;1;13;12;5;3;2;10;13;4;18;11;1;
az2;;;;;;;12.18.33;3;1;2;1;4884;;1;13;12;5;3;2;13;4;18;11;1;10;
a13SM#~~~56;p;;;;;;12.19.12;3;1;2;1;4923;;1;13;12;5;3;2;13;4;18;11;1;10;
*10RM=~~~56~M;p;;;;;;12.19.12;3;1;2;1;4923;;1;13;12;5;3;2;13;4;18;11;1;10;
ap15:18;;;;;;;12.19.17;3;1;2;1;4929;;1;13;12;5;3;2;13;4;18;11;1;10;
a13SM#~~~55;p;;;;;;12.19.33;3;1;2;1;4944;;1;13;12;5;3;2;13;4;18;11;1;10;
*03RM=~~~55~L;p;;;;;;12.19.33;3;1;2;1;4944;;1;13;12;5;3;2;13;4;18;11;1;10;
ap15:19;;;;;;;12.19.37;3;1;2;1;4950;;1;13;12;5;3;2;13;4;18;11;1;10;
*T;;;;;;;12.19.37;3;1;2;1;4948;;1;13;12;5;3;2;13;4;18;11;1;10;
a13SM=~~~55~~~N;s;;;;;;12.20.53;3;1;2;1;5024;;1;13;12;5;3;2;13;4;18;11;1;10;
*$$&H#;s;;;;;;12.20.53;3;1;2;1;5024;;1;13;12;5;3;2;13;4;18;11;1;10;
*p16:19;;;;;;;12.20.55;3;1;2;1;5027;;1;13;12;5;3;2;13;4;18;11;1;10;
*z6;;;;;;;12.20.55;3;6;2;1;5026;;13;12;5;3;2;1;13;4;18;11;1;10;
*13SQ-~~~55;;;;;;;12.21.08;3;6;2;1;5039;;13;12;5;3;2;1;13;4;18;11;1;10;
a18RQ+~~~55~~~~21;;;;;;;12.21.08;3;6;2;1;5039;;13;12;5;3;2;1;13;4;18;11;1;10;
a04ET+K1F;;;;;;;12.21.08;3;6;2;1;5039;;13;12;5;3;2;1;13;4;18;11;1;10;
a18AT#W4~47~H2S;s;r;;;;;12.21.14;3;6;2;1;5042;;13;12;5;3;2;1;13;4;18;11;1;10;
*12BT=~~~~2~~2S;s;;;;;;12.21.14;3;6;2;1;5042;;13;12;5;3;2;1;13;4;18;11;1;10;
ap16:20;;;;;;;12.21.19;3;6;2;1;5048;;13;12;5;3;2;1;13;4;18;11;1;10;
az1;;;;;;;12.21.19;3;6;1;1;5050;;13;12;5;3;2;1;4;18;11;1;10;13;
*c13:08;;;;;;;12.21.19;3;6;1;1;5050;;8;12;5;3;2;1;4;18;11;1;10;13;
a04SQ-~~~15;;;;;;;12.21.41;3;6;1;1;5072;;8;12;5;3;2;1;4;18;11;1;10;13;
*08RQ#~~~15;;;;;;;12.21.41;3;6;1;1;5072;;8;12;5;3;2;1;4;18;11;1;10;13;
*01EQ+K3C;;;;;;;12.21.41;3;6;1;1;5074;;8;12;5;3;2;1;4;18;11;1;10;13;
*12AQ#J3~31~H2;s;r;;;;;12.21.48;3;6;1;1;5075;;8;12;5;3;2;1;4;18;11;1;10;13;
a$$&H=;s;;;;;;12.21.48;3;6;1;1;5075;;8;12;5;3;2;1;4;18;11;1;10;13;
*p17:20;;;;;;;12.21.50;3;6;1;1;5081;;8;12;5;3;2;1;4;18;11;1;10;13;
*z5;;;;;;;12.21.50;3;5;1;1;5081;;12;5;3;2;1;8;4;18;11;1;10;13;
*12SM-~~~55;;;;;;;12.22.10;3;5;1;1;5101;;12;5;3;2;1;8;4;18;11;1;10;13;
a10RM#~~~55;;;;;;;12.22.10;3;5;1;1;5101;;12;5;3;2;1;8;4;18;11;1;10;13;
a04ET+K2F;;;;;;;12.22.10;3;5;1;1;5101;;12;5;3;2;1;8;4;18;11;1;10;13;
a01AT-W4~47~H1;;r;;;;;12.22.15;3;5;1;1;5104;;12;5;3;2;1;8;4;18;11;1;10;13;
*12DT+~~~47;;;;;;;12.22.15;3;5;1;1;5104;;12;5;3;2;1;8;4;18;11;1;10;13;
*03AH=G4~41~H2O;s;p;;;;;12.22.20;3;5;1;1;5107;;12;5;3;2;1;8;4;18;11;1;10;13;
a$$&H#;s;;;;;;12.22.20;3;5;1;1;5107;;12;5;3;2;1;8;4;18;11;1;10;13;
ap17:21;;;;;;;12.22.23;3;5;1;1;5113;;12;5;3;2;1;8;4;18;11;1;10;13;
az6;;;;;;;12.22.23;3;5;6;1;5114;;12;5;3;2;1;8;18;11;1;10;13;4;
a18SQ/~~~15;;;;;;;12.22.41;3;5;6;1;5132;;12;5;3;2;1;8;18;11;1;10;13;4;
*03RQ/~~~15;;;;;;;12.22.41;3;5;6;1;5132;;12;5;3;2;1;8;18;11;1;10;13;4;
a10FH+;;;;;;;12.22.41;3;5;6;1;5134;;12;5;3;2;1;8;18;11;1;10;13;4;
a01AT#W2~25~H1~1;p;p;;;;;12.22.49;3;5;6;1;5140;;12;5;3;2;1;8;18;11;1;10;13;4;
*$$&H=;p;;;;;;12.22.49;3;5;6;1;5140;;12;5;3;2;1;8;18;11;1;10;13;4;
ap17:22;;;;;;;12.23.00;3;5;6;1;5146;;12;5;3;2;1;8;18;11;1;10;13;4;
a18SQ!~~~15;;;;;;;12.23.16;3;5;6;1;5167;;12;5;3;2;1;8;18;11;1;10;13;4;
*03RQ!~~~15~W~~32;;;;;;;12.23.16;3;5;6;1;5167;;12;5;3;2;1;8;18;11;1;10;13;4;
*01EH+K8F;;;;;;;12.23.16;3;5;6;1;5167;;12;5;3;2;1;8;18;11;1;10;13;4;
*03AH-G4~46~H2;;r;;;;;12.23.23;3;5;6;1;5170;;12;5;3;2;1;8;18;11;1;10;13;4;
a11BH+~~~~2~~2;;;;;;;12.23.23;3;5;6;1;5170;;12;5;3;2;1;8;18;11;1;10;13;4;
a04DH+;;;;;;;12.23.25;3;5;6;1;5170;;12;5;3;2;1;8;18;11;1;10;13;4;
a10AH-G4~46~H2~4;;p;;;;;12.23.27;3;5;6;1;5177;;12;5;3;2;1;8;18;11;1;10;13;4;
*02BH+~~~~2~~2;;;;;;;12.23.27;3;5;6;1;5177;;12;5;3;2;1;8;18;11;1;10;13;4;
*02DH+;;;;;;;12.23.28;3;5;6;1;5177;;12;5;3;2;1;8;18;11;1;10;13;4;
*05AH-G2~26~H2;;s;;;;;12.23.31;3;5;6;1;5180;;12;5;3;2;1;8;18;11;1;10;13;4;
a10BH+~~~~4~~2;;;;;;;12.23.31;3;5;6;1;5180;;12;5;3;2;1;8;18;11;1;10;13;4;
a10AT#W4~48~T2~2;p;p;;;;;12.23.34;3;5;6;1;5186;;12;5;3;2;1;8;18;11;1;10;13;4;
*$$&H=;p;;;;;;12.23.34;3;5;6;1;5186;;12;5;3;2;1;8;18;11;1;10;13;4;
ap17:23;;;;;;;12.23.37;3;5;6;1;5192;;12;5;3;2;1;8;18;11;1;10;13;4;
ac10:07;;;;;;;12.23.37;3;5;6;1;5188;;12;5;3;2;1;8;18;11;1;7;13;4;
a18SQ!~~~15;;;;;;;12.24.10;3;5;6;1;5221;;12;5;3;2;1;8;18;11;1;7;13;4;
*03RQ!~~~15~~~~21;;;;;;;12.24.10;3;5;6;1;5221;;12;5;3;2;1;8;18;11;1;7;13;4;
*01EQ+KBC;;;;;;;12.24.10;3;5;6;1;5223;;12;5;3;2;1;8;18;11;1;7;13;4;
*02AQ#J1~35~H1;s;r;;;;;12.24.16;3;5;6;1;5224;;12;5;3;2;1;8;18;11;1;7;13;4;
a15DQ=~~~35;s;;;;;;12.24.16;3;5;6;1;5224;;12;5;3;2;1;8;18;11;1;7;13;4;
*p18:23;;;;;;;12.24.21;3;5;6;1;5230;;12;5;3;2;1;8;18;11;1;7;13;4;
*z4;;;;;;;12.24.21;3;4;6;1;5232;;5;3;2;1;8;12;18;11;1;7;13;4;
*c01:06;;;;;;;12.24.21;3;4;6;1;5232;;5;3;2;6;8;12;18;11;1;7;13;4;
*P5;;;;;;;12.24.21;3;4;6;1;5232;;5;3;2;6;8;12;18;11;1;7;13;4;
*z1;;;;;;;12.24.21;3;1;6;1;5232;;5;3;2;6;8;12;18;11;1;7;13;4;
aT;;;;;;;12.24.21;3;1;6;1;5232;;5;3;2;6;8;12;18;11;1;7;13;4;
*05SQ=~~~16~~~N;s;;;;;;12.25.39;3;1;6;1;5310;;5;3;2;6;8;12;18;11;1;7;13;4;
a$$&H#;s;;;;;;12.25.39;3;1;6;1;5310;;5;3;2;6;8;12;18;11;1;7;13;4;
ap18:24;;;;;;;12.25.42;3;1;6;1;5314;;5;3;2;6;8;12;18;11;1;7;13;4;
az5;;;;;;;12.25.43;3;1;5;1;5314;;5;3;2;6;8;12;11;1;7;13;4;18;
*c05:09;;;;;;;12.25.43;3;1;5;1;5314;;9;3;2;6;8;12;11;1;7;13;4;18;
*P9;;;;;;;12.25.43;3;1;5;1;5314;;9;3;2;6;8;12;11;1;7;13;4;18;
*z1;;;;;;;12.25.43;3;1;5;1;5314;;9;3;2;6;8;12;11;1;7;13;4;18;
ac11:03;;;;;;;12.25.43;3;1;5;1;5314;;9;3;2;6;8;12;3;1;7;13;4;18;
a03SQ!~~~66;;;;;;;12.26.12;3;1;5;1;5343;;9;3;2;6;8;12;3;1;7;13;4;18;
*10RQ!~~~66~~~~42;;;;;;;12.26.12;3;1;5;1;5343;;9;3;2;6;8;12;3;1;7;13;4;18;
*09ET+KFB;;;;;;;12.26.12;3;1;5;1;5345;;9;3;2;6;8;12;3;1;7;13;4;18;
*03AT#W2~25~H2;s;r;;;;;12.26.18;3;1;5;1;5346;;9;3;2;6;8;12;3;1;7;13;4;18;
a03DT=~~~25;s;;;;;;12.26.18;3;1;5;1;5346;;9;3;2;6;8;12;3;1;7;13;4;18;
*p19:24;;;;;;;12.26.28;3;1;5;1;5352;;9;3;2;6;8;12;3;1;7;13;4;18;
*z6;;;;;;;12.26.28;3;6;5;1;5359;;3;2;6;8;12;9;3;1;7;13;4;18;
*03SQ-~~~16;;;;;;;12.26.36;3;6;5;1;5367;;3;2;6;8;12;9;3;1;7;13;4;18;
a18RQ#~~~16;;;;;;;12.26.36;3;6;5;1;5367;;3;2;6;8;12;9;3;1;7;13;4;18;
a04ET+K1B;;;;;;;12.26.36;3;6;5;1;5367;;3;2;6;8;12;9;3;1;7;13;4;18;
a01AT#W2~26~H2O;s;r;;;;;12.26.43;3;6;5;1;5370;;3;2;6;8;12;9;3;1;7;13;4;18;
*02BT=~~~~4~~2O;s;;;;;;12.26.43;3;6;5;1;5370;;3;2;6;8;12;9;3;1;7;13;4;18;
ap19:25;;;;;;;12.26.46;3;6;5;1;5376;;3;2;6;8;12;9;3;1;7;13;4;18;
**3set;;;;;;;12.26.46;4;6;5;1;5377;;;;;;;;;;;;;;
