aP04>LUp;;;;;;;;1;3;1;;;;4;18;11;1;10;13;5;18;19;7;8;4;
az6>LUp;;;;;;;;1;3;6;;;;4;18;11;1;10;13;5;18;19;7;8;4;
*P04>LUp;;;;;;;;1;3;6;;;;4;18;11;1;10;13;5;18;19;7;8;4;
*z1>LUp;;;;;;;;1;1;6;;;;4;18;11;1;10;13;5;18;19;7;8;4;
*04SQ-~~~66;;;;;;;09.59.01;1;1;6;1;329;;4;18;11;1;10;13;5;18;19;7;8;4;
a18RQ+~~~66~~~~2;;;;;;;09.59.01;1;1;6;1;329;;4;18;11;1;10;13;5;18;19;7;8;4;
a04EQ+K1C~2;;;;;;;09.59.01;1;1;6;1;331;;4;18;11;1;10;13;5;18;19;7;8;4;
a18AQ#J4~37~H1;s;r;;;;;09.59.07;1;1;6;1;332;;4;18;11;1;10;13;5;18;19;7;8;4;
*$$&H=;s;;;;;;09.59.07;1;1;6;1;332;;4;18;11;1;10;13;5;18;19;7;8;4;
ap00:01;;;;;;;09.59.15;1;1;6;1;337;;4;18;11;1;10;13;5;18;19;7;8;4;
az5;;;;;;;09.59.15;1;1;5;1;343;;4;18;11;1;10;13;18;19;7;8;4;5;
a18SM#~~~63;p;;;;;;09.59.31;1;1;5;1;24;;4;18;11;1;10;13;18;19;7;8;4;5;
*11RM=~~~63~W;p;;;;;;09.59.31;1;1;5;1;24;;4;18;11;1;10;13;18;19;7;8;4;5;
ap00:02;;;;;;;09.59.43;1;1;5;1;30;;4;18;11;1;10;13;18;19;7;8;4;5;
a18SM-~~~66;;;;;;;09.59.56;1;1;5;1;48;;4;18;11;1;10;13;18;19;7;8;4;5;
*12RM+~~~66~~~~41;;;;;;;09.59.56;1;1;5;1;48;;4;18;11;1;10;13;18;19;7;8;4;5;
*04ET+KFF;;;;;;;09.59.56;1;1;5;1;50;;4;18;11;1;10;13;18;19;7;8;4;5;
*01AT#W4~42~H2S;s;r;;;;;10.00.04;1;1;5;1;51;;4;18;11;1;10;13;18;19;7;8;4;5;
a19BT=~~~~2~~2;s;;;;;;10.00.04;1;1;5;1;51;;4;18;11;1;10;13;18;19;7;8;4;5;
*p01:02;;;;;;;10.00.11;1;1;5;1;57;;4;18;11;1;10;13;18;19;7;8;4;5;
*z6;;;;;;;10.00.11;1;6;5;1;63;;18;11;1;10;13;4;18;19;7;8;4;5;
*18SQ-~~~16;;;;;;;10.00.18;1;6;5;1;71;;18;11;1;10;13;4;18;19;7;8;4;5;
a07RQ#~~~16~~~~3;;;;;;;10.00.18;1;6;5;1;71;;18;11;1;10;13;4;18;19;7;8;4;5;
a04EQ+K1C~3;;;;;;;10.00.18;1;6;5;1;73;;18;11;1;10;13;4;18;19;7;8;4;5;
a08AQ#J1~39~H1;s;r;;;;;10.00.25;1;6;5;1;74;;18;11;1;10;13;4;18;19;7;8;4;5;
*04DQ=~~~39;s;;;;;;10.00.25;1;6;5;1;74;;18;11;1;10;13;4;18;19;7;8;4;5;
ap01:03;;;;;;;10.00.31;1;6;5;1;79;;18;11;1;10;13;4;18;19;7;8;4;5;
az4;;;;;;;10.00.31;1;6;4;1;83;;18;11;1;10;13;4;19;7;8;4;5;18;
a19SQ!~~~11;;;;;;;10.00.51;1;6;4;1;93;;18;11;1;10;13;4;19;7;8;4;5;18;
*18RQ!~~~11~~~~32;;;;;;;10.00.51;1;6;4;1;93;;18;11;1;10;13;4;19;7;8;4;5;18;
*04ET+K8B;;;;;;;10.00.51;1;6;4;1;93;;18;11;1;10;13;4;19;7;8;4;5;18;
*01AT#W2~27~H2;s;r;;;;;10.00.57;1;6;4;1;96;;18;11;1;10;13;4;19;7;8;4;5;18;
a$$&H=;s;;;;;;10.00.57;1;6;4;1;96;;18;11;1;10;13;4;19;7;8;4;5;18;
*p02:03;;;;;;;10.00.59;1;6;4;1;102;;18;11;1;10;13;4;19;7;8;4;5;18;
*z5;;;;;;;10.00.59;1;5;4;1;111;;11;1;10;13;4;18;19;7;8;4;5;18;
*11SM-~~~56;;;;;;;10.01.03;1;5;4;1;115;;11;1;10;13;4;18;19;7;8;4;5;18;
a05RM+~~~56~~~~2;;;;;;;10.01.03;1;5;4;1;115;;11;1;10;13;4;18;19;7;8;4;5;18;
a04EH+K2B~~~2;;;;;;;10.01.03;1;5;4;1;115;;11;1;10;13;4;18;19;7;8;4;5;18;
a19AH-G9~96~H2;;r;;;;;10.01.10;1;5;4;1;118;;11;1;10;13;4;18;19;7;8;4;5;18;
*04DH+~~~96;;;;;;;10.01.10;1;5;4;1;118;;11;1;10;13;4;18;19;7;8;4;5;18;
*01AH-G2~24~H2~4;;p;;;;;10.01.14;1;5;4;1;125;;11;1;10;13;4;18;19;7;8;4;5;18;
a08BH+~~~~4~~2;;;;;;;10.01.14;1;5;4;1;125;;11;1;10;13;4;18;19;7;8;4;5;18;
a19AH#G9~95~H2;s;s;;;;;10.01.20;1;5;4;1;128;;11;1;10;13;4;18;19;7;8;4;5;18;
*11DH=~~~95;s;;;;;;10.01.20;1;5;4;1;128;;11;1;10;13;4;18;19;7;8;4;5;18;
ap02:04;;;;;;;10.01.25;1;5;4;1;133;;11;1;10;13;4;18;19;7;8;4;5;18;
az3;;;;;;;10.01.25;1;5;3;1;137;;11;1;10;13;4;18;7;8;4;5;18;19;
a07SQ-~~~16;;;;;;;10.01.46;1;5;3;1;156;;11;1;10;13;4;18;7;8;4;5;18;19;
*18RQ+~~~16~W~~32;;;;;;;10.01.46;1;5;3;1;156;;11;1;10;13;4;18;7;8;4;5;18;19;
*04EQ+K1C;;;;;;;10.01.46;1;5;3;1;158;;11;1;10;13;4;18;7;8;4;5;18;19;
*13AQ#J1~35~H1;s;r;;;;;10.01.51;1;5;3;1;159;;11;1;10;13;4;18;7;8;4;5;18;19;
a$$&H=;s;;;;;;10.01.51;1;5;3;1;159;;11;1;10;13;4;18;7;8;4;5;18;19;
*p03:04;;;;;;;10.01.56;1;5;3;1;165;;11;1;10;13;4;18;7;8;4;5;18;19;
*z4;;;;;;;10.01.56;1;4;3;1;168;;1;10;13;4;18;11;7;8;4;5;18;19;
*01SQ!~~~16;;;;;;;10.02.09;1;4;3;1;181;;1;10;13;4;18;11;7;8;4;5;18;19;
a18RQ!~~~16~~~~3;;;;;;;10.02.09;1;4;3;1;181;;1;10;13;4;18;11;7;8;4;5;18;19;
a04ET+K8B~~~2;;;;;;;10.02.09;1;4;3;1;181;;1;10;13;4;18;11;7;8;4;5;18;19;
a19AT-Y9~96~H2;;r;;;;;10.02.17;1;4;3;1;184;;1;10;13;4;18;11;7;8;4;5;18;19;
*18DT+~~~96;;;;;;;10.02.17;1;4;3;1;184;;1;10;13;4;18;11;7;8;4;5;18;19;
*01AT#Y9~95~H2~1;p;p;;;;;10.02.21;1;4;3;1;190;;1;10;13;4;18;11;7;8;4;5;18;19;
a07DT=~~~95;p;;;;;;10.02.21;1;4;3;1;190;;1;10;13;4;18;11;7;8;4;5;18;19;
*p04:04;;;;;;;10.02.35;1;4;3;1;195;;1;10;13;4;18;11;7;8;4;5;18;19;
*01SQ=~~~16;s;;;;;;10.02.43;1;4;3;1;215;;1;10;13;4;18;11;7;8;4;5;18;19;
a$$&H#;s;;;;;;10.02.43;1;4;3;1;215;;1;10;13;4;18;11;7;8;4;5;18;19;
ap04:05;;;;;;;10.02.48;1;4;3;1;220;;1;10;13;4;18;11;7;8;4;5;18;19;
az2;;;;;;;10.02.48;1;4;2;1;220;;1;10;13;4;18;11;8;4;5;18;19;7;
a08SQ#~~~11;p;;;;;;10.03.05;1;4;2;1;238;;1;10;13;4;18;11;8;4;5;18;19;7;
*12RQ=~~~11~M;p;;;;;;10.03.05;1;4;2;1;238;;1;10;13;4;18;11;8;4;5;18;19;7;
ap04:06;;;;;;;10.03.17;1;4;2;1;244;;1;10;13;4;18;11;8;4;5;18;19;7;
a08SQ-~~~19C;;;;;;;10.03.27;1;4;2;1;259;;1;10;13;4;18;11;8;4;5;18;19;7;
*12RQ+~~~19C~~~32;;;;;;;10.03.27;1;4;2;1;259;;1;10;13;4;18;11;8;4;5;18;19;7;
*04ET+K2P;;;;;;;10.03.27;1;4;2;1;261;;1;10;13;4;18;11;8;4;5;18;19;7;
*18AT-Y8~87~H2;;r;;;;;10.03.33;1;4;2;1;262;;1;10;13;4;18;11;8;4;5;18;19;7;
a07DT+~~~87;;;;;;;10.03.33;1;4;2;1;262;;1;10;13;4;18;11;8;4;5;18;19;7;
a05AH-G4~42~H2;;p;;;;;10.03.37;1;4;2;1;265;;1;10;13;4;18;11;8;4;5;18;19;7;
*13BH+~~~~2~~2;;;;;;;10.03.37;1;4;2;1;265;;1;10;13;4;18;11;8;4;5;18;19;7;
*01AT#Y9~97~H2~1;s;s;;;;;10.03.44;1;4;2;1;272;;1;10;13;4;18;11;8;4;5;18;19;7;
a07DT=~~~97;s;;;;;;10.03.44;1;4;2;1;272;;1;10;13;4;18;11;8;4;5;18;19;7;
*p05:06;;;;;;;10.04.01;1;4;2;1;277;;1;10;13;4;18;11;8;4;5;18;19;7;
*z3;;;;;;;10.04.01;1;3;2;1;293;;10;13;4;18;11;1;8;4;5;18;19;7;
*10SM-~~~15;;;;;;;10.04.13;1;3;2;1;305;;10;13;4;18;11;1;8;4;5;18;19;7;
a07RM+~~~15~~~~2;;;;;;;10.04.13;1;3;2;1;305;;10;13;4;18;11;1;8;4;5;18;19;7;
a04ET+K1F~2;;;;;;;10.04.13;1;3;2;1;307;;10;13;4;18;11;1;8;4;5;18;19;7;
a05AT#W4~42~H2S;s;r;;;;;10.04.19;1;3;2;1;308;;10;13;4;18;11;1;8;4;5;18;19;7;
*04BT=~~~~2~~2;s;;;;;;10.04.19;1;3;2;1;308;;10;13;4;18;11;1;8;4;5;18;19;7;
ap05:07;;;;;;;10.04.24;1;3;2;1;313;;10;13;4;18;11;1;8;4;5;18;19;7;
az1;;;;;;;10.04.24;1;3;1;1;316;;10;13;4;18;11;1;4;5;18;19;7;8;
a04SQ-~~~16;;;;;;;10.04.37;1;3;1;1;329;;10;13;4;18;11;1;4;5;18;19;7;8;
*10RQ#~~~16;;;;;;;10.04.37;1;3;1;1;329;;10;13;4;18;11;1;4;5;18;19;7;8;
*04ET+K1F;;;;;;;10.04.37;1;3;1;1;331;;10;13;4;18;11;1;4;5;18;19;7;8;
*18AT-W4~47~H2;;r;;;;;10.04.43;1;3;1;1;332;;10;13;4;18;11;1;4;5;18;19;7;8;
a15DT+~~~47;;;;;;;10.04.43;1;3;1;1;332;;10;13;4;18;11;1;4;5;18;19;7;8;
a19AH+G2~24~H2;;p;;;;;10.04.48;1;3;1;1;335;;10;13;4;18;11;1;4;5;18;19;7;8;
*13BH-~~~~4~~2;;;;;;;10.04.48;1;3;1;1;335;;10;13;4;18;11;1;4;5;18;19;7;8;
a07EH+~~F;;;;;;;10.04.53;1;3;1;1;335;;10;13;4;18;11;1;4;5;18;19;7;8;
a05AH-G4~42~H2;;p;;;;;10.04.53;1;3;1;1;338;;10;13;4;18;11;1;4;5;18;19;7;8;
*13BH+~~~~2~~2;;;;;;;10.04.53;1;3;1;1;338;;10;13;4;18;11;1;4;5;18;19;7;8;
*18EH+~~B;;;;;;;10.04.57;1;3;1;1;338;;10;13;4;18;11;1;4;5;18;19;7;8;
*01AH/G9~94~H3~4;p;s;;;;;10.04.57;1;3;1;1;347;;10;13;4;18;11;1;4;5;18;19;7;8;
a18BH#~~~~4~~3;p;;;;;;10.04.57;1;3;1;1;347;;10;13;4;18;11;1;4;5;18;19;7;8;
ap05:08;;;;;;;10.05.13;1;3;1;1;352;;10;13;4;18;11;1;4;5;18;19;7;8;
a04SQ-~~~11;;;;;;;10.05.17;1;3;1;1;370;;10;13;4;18;11;1;4;5;18;19;7;8;
*10RQ#~~~11;;;;;;;10.05.17;1;3;1;1;370;;10;13;4;18;11;1;4;5;18;19;7;8;
*04EQ+K1C;;;;;;;10.05.17;1;3;1;1;372;;10;13;4;18;11;1;4;5;18;19;7;8;
*13AQ+J4~39~H2;;r;;;;;10.05.24;1;3;1;1;373;;10;13;4;18;11;1;4;5;18;19;7;8;
a04DQ-~~~39;;;;;;;10.05.24;1;3;1;1;373;;10;13;4;18;11;1;4;5;18;19;7;8;
*13AQ#J4~31~H2~1;s;s;;;;;10.05.30;1;3;1;1;380;;10;13;4;18;11;1;4;5;18;19;7;8;
a$$&H=;s;;;;;;10.05.30;1;3;1;1;380;;10;13;4;18;11;1;4;5;18;19;7;8;
*p06:08;;;;;;;10.05.40;1;3;1;1;385;;10;13;4;18;11;1;4;5;18;19;7;8;
*z2;;;;;;;10.05.40;1;2;1;1;392;;13;4;18;11;1;10;4;5;18;19;7;8;
*13SM/~~~56;;;;;;;10.05.46;1;2;1;1;398;;13;4;18;11;1;10;4;5;18;19;7;8;
a07RM/~~~56;;;;;;;10.05.46;1;2;1;1;398;;13;4;18;11;1;10;4;5;18;19;7;8;
*18FH=;s;;;;;;10.06.03;1;2;1;1;400;;13;4;18;11;1;10;4;5;18;19;7;8;
a$$&H#;s;;;;;;10.06.03;1;2;1;1;400;;13;4;18;11;1;10;4;5;18;19;7;8;
ap06:09;;;;;;;10.06.06;1;2;1;1;406;;13;4;18;11;1;10;4;5;18;19;7;8;
az6;;;;;;;10.06.06;1;2;6;1;418;;13;4;18;11;1;10;5;18;19;7;8;4;
a05SQ-~~~56;;;;;;;10.06.09;1;2;6;1;420;;13;4;18;11;1;10;5;18;19;7;8;4;
*10RQ+~~~56~~~~21;;;;;;;10.06.09;1;2;6;1;420;;13;4;18;11;1;10;5;18;19;7;8;4;
*04ET+KBF;;;;;;;10.06.09;1;2;6;1;422;;13;4;18;11;1;10;5;18;19;7;8;4;
*18AT#W4~42~H2S;s;r;;;;;10.06.14;1;2;6;1;423;;13;4;18;11;1;10;5;18;19;7;8;4;
a18BT=~~~~2~~2;s;;;;;;10.06.14;1;2;6;1;423;;13;4;18;11;1;10;5;18;19;7;8;4;
*p07:09;;;;;;;10.06.28;1;2;6;1;429;;13;4;18;11;1;10;5;18;19;7;8;4;
*z1;;;;;;;10.06.28;1;1;6;1;440;;4;18;11;1;10;13;5;18;19;7;8;4;
*04SQ=~~~66;s;;;;;;10.06.29;1;1;6;1;442;;4;18;11;1;10;13;5;18;19;7;8;4;
a$$&H#;s;;;;;;10.06.29;1;1;6;1;442;;4;18;11;1;10;13;5;18;19;7;8;4;
ap07:10;;;;;;;10.06.34;1;1;6;1;447;;4;18;11;1;10;13;5;18;19;7;8;4;
az5;;;;;;;10.06.34;1;1;5;1;446;;4;18;11;1;10;13;18;19;7;8;4;5;
a18SM-~~~51;;;;;;;10.06.53;1;1;5;1;465;;4;18;11;1;10;13;18;19;7;8;4;5;
*18RM#~~~51;;;;;;;10.06.53;1;1;5;1;465;;4;18;11;1;10;13;18;19;7;8;4;5;
*04ET+K1B;;;;;;;10.06.53;1;1;5;1;467;;4;18;11;1;10;13;18;19;7;8;4;5;
*18AT#W2~28~H2;s;r;;;;;10.06.59;1;1;5;1;468;;4;18;11;1;10;13;18;19;7;8;4;5;
a05DT=~~~28;s;;;;;;10.06.59;1;1;5;1;468;;4;18;11;1;10;13;18;19;7;8;4;5;
*p08:10;;;;;;;10.07.06;1;1;5;1;473;;4;18;11;1;10;13;18;19;7;8;4;5;
*z6;;;;;;;10.07.06;1;6;5;1;478;;18;11;1;10;13;4;18;19;7;8;4;5;
*18SQ+~~~16;;;;;;;10.07.16;1;6;5;1;488;;18;11;1;10;13;4;18;19;7;8;4;5;
a05RQ-~~~16;;;;;;;10.07.16;1;6;5;1;488;;18;11;1;10;13;4;18;19;7;8;4;5;
a04EH+KEF~~~2;;;;;;;10.07.16;1;6;5;1;488;;18;11;1;10;13;4;18;19;7;8;4;5;
a07AH-G4~42~H2;;r;;;;;10.07.23;1;6;5;1;494;;18;11;1;10;13;4;18;19;7;8;4;5;
*11BH+~~~~2~~2;;;;;;;10.07.23;1;6;5;1;494;;18;11;1;10;13;4;18;19;7;8;4;5;
*10DH+;;;;;;;10.07.23;1;6;5;1;495;;18;11;1;10;13;4;18;19;7;8;4;5;
*10AT#W4~45~H2~2;p;p;;;;;10.07.26;1;6;5;1;498;;18;11;1;10;13;4;18;19;7;8;4;5;
a$$&H=;p;;;;;;10.07.26;1;6;5;1;498;;18;11;1;10;13;4;18;19;7;8;4;5;
*p09:10;;;;;;;10.07.32;1;6;5;1;501;;18;11;1;10;13;4;18;19;7;8;4;5;
*18SQ-~~~16;;;;;;;10.07.45;1;6;5;1;517;;18;11;1;10;13;4;18;19;7;8;4;5;
a05RQ#~~~16~~~~3;;;;;;;10.07.45;1;6;5;1;517;;18;11;1;10;13;4;18;19;7;8;4;5;
a04ET+K1F~3;;;;;;;10.07.45;1;6;5;1;519;;18;11;1;10;13;4;18;19;7;8;4;5;
a07AT#W4~49~P2;s;r;;;;;10.07.52;1;6;5;1;520;;18;11;1;10;13;4;18;19;7;8;4;5;
*$$&H=;s;;;;;;10.07.52;1;6;5;1;520;;18;11;1;10;13;4;18;19;7;8;4;5;
ap09:11;;;;;;;10.07.58;1;6;5;1;526;;18;11;1;10;13;4;18;19;7;8;4;5;
az4;;;;;;;10.07.58;1;6;4;1;530;;18;11;1;10;13;4;19;7;8;4;5;18;
a19SQ!~~~16;;;;;;;10.08.07;1;6;4;1;539;;18;11;1;10;13;4;19;7;8;4;5;18;
*12RQ!~~~16~~~~21;;;;;;;10.08.07;1;6;4;1;539;;18;11;1;10;13;4;19;7;8;4;5;18;
*04EQ+KBC;;;;;;;10.08.07;1;6;4;1;541;;18;11;1;10;13;4;19;7;8;4;5;18;
*11AQ/J2~33~H1;p;r;;;;;10.08.13;1;6;4;1;542;;18;11;1;10;13;4;19;7;8;4;5;18;
a08BQ#~~~~3~~1;p;;;;;;10.08.13;1;6;4;1;542;;18;11;1;10;13;4;19;7;8;4;5;18;
ap09:12;;;;;;;10.08.23;1;6;4;1;548;;18;11;1;10;13;4;19;7;8;4;5;18;
a19SQ-~~~15;;;;;;;10.08.28;1;6;4;1;561;;18;11;1;10;13;4;19;7;8;4;5;18;
*10RQ#~~~15;;;;;;;10.08.28;1;6;4;1;561;;18;11;1;10;13;4;19;7;8;4;5;18;
*04ET+K1B;;;;;;;10.08.28;1;6;4;1;563;;18;11;1;10;13;4;19;7;8;4;5;18;
*01AT-W2~25~H2;;r;;;;;10.08.37;1;6;4;1;564;;18;11;1;10;13;4;19;7;8;4;5;18;
a05DT+~~~25;;;;;;;10.08.37;1;6;4;1;564;;18;11;1;10;13;4;19;7;8;4;5;18;
a07AT/W4~42~H2;s;p;;;;;10.08.42;1;6;4;1;567;;18;11;1;10;13;4;19;7;8;4;5;18;
*01BT#~~~~2~~2;s;;;;;;10.08.42;1;6;4;1;567;;18;11;1;10;13;4;19;7;8;4;5;18;
*p10:12;;;;;;;10.08.54;1;6;4;1;575;;18;11;1;10;13;4;19;7;8;4;5;18;
*z5;;;;;;;10.08.54;1;5;4;1;586;;11;1;10;13;4;18;19;7;8;4;5;18;
*11SM/~~~56;;;;;;;10.09.04;1;5;4;1;596;;11;1;10;13;4;18;19;7;8;4;5;18;
a05RM/~~~56;;;;;;;10.09.04;1;5;4;1;596;;11;1;10;13;4;18;19;7;8;4;5;18;
*10FH+;;;;;;;10.09.10;1;5;4;1;598;;11;1;10;13;4;18;19;7;8;4;5;18;
*01AT-W2~24~H2~1;;p;;;;;10.09.12;1;5;4;1;603;;11;1;10;13;4;18;19;7;8;4;5;18;
a08BT+~~~~4~~2;;;;;;;10.09.12;1;5;4;1;603;;11;1;10;13;4;18;19;7;8;4;5;18;
a19DH+;;;;;;;10.09.12;1;5;4;1;603;;11;1;10;13;4;18;19;7;8;4;5;18;
a19AH#G9~94~H2S;s;s;;;;;10.09.18;1;5;4;1;606;;11;1;10;13;4;18;19;7;8;4;5;18;
*10BH=~~~~4~~2;s;;;;;;10.09.18;1;5;4;1;606;;11;1;10;13;4;18;19;7;8;4;5;18;
ap10:13;;;;;;;10.09.25;1;5;4;1;611;;11;1;10;13;4;18;19;7;8;4;5;18;
az3;;;;;;;10.09.25;1;5;3;1;617;;11;1;10;13;4;18;7;8;4;5;18;19;
a07SQ+~~~11;;;;;;;10.09.37;1;5;3;1;630;;11;1;10;13;4;18;7;8;4;5;18;19;
*12RQ-~~~11~O;;;;;;;10.09.37;1;5;3;1;630;;11;1;10;13;4;18;7;8;4;5;18;19;
*04EH+KEB;;;;;;;10.09.37;1;5;3;1;630;;11;1;10;13;4;18;7;8;4;5;18;19;
*01AH-G2~27~H2;;r;;;;;10.09.43;1;5;3;1;633;;11;1;10;13;4;18;7;8;4;5;18;19;
a15DH+~~~27;;;;;;;10.09.43;1;5;3;1;633;;11;1;10;13;4;18;7;8;4;5;18;19;
a19AH#G9~96~H2;p;p;;;;;10.09.48;1;5;3;1;636;;11;1;10;13;4;18;7;8;4;5;18;19;
*12DH=~~~96;p;;;;;;10.09.48;1;5;3;1;636;;11;1;10;13;4;18;7;8;4;5;18;19;
ap10:14;;;;;;;10.09.53;1;5;3;1;642;;11;1;10;13;4;18;7;8;4;5;18;19;
a07SQ=~~~~~~~~N;s;;;;;;10.10.06;1;5;3;1;658;;11;1;10;13;4;18;7;8;4;5;18;19;
*$$&H#;s;;;;;;10.10.06;1;5;3;1;658;;11;1;10;13;4;18;7;8;4;5;18;19;
*p11:14;;;;;;;10.10.11;1;5;3;1;663;;11;1;10;13;4;18;7;8;4;5;18;19;
*z4;;;;;;;10.10.11;1;4;3;1;663;;1;10;13;4;18;11;7;8;4;5;18;19;
*c01:09;;;;;;;10.10.11;1;4;3;1;663;;9;10;13;4;18;11;7;8;4;5;18;19;
*c04:17;;;;;;;10.10.11;1;4;3;1;663;;9;10;13;17;18;11;7;8;4;5;18;19;
*P9;;;;;;;10.10.11;1;4;3;1;663;;9;10;13;17;18;11;7;8;4;5;18;19;
*z1;;;;;;;10.10.11;1;1;3;1;663;;9;10;13;17;18;11;7;8;4;5;18;19;
*09SM-~~~11;;;;;;;10.10.41;1;1;3;1;693;;9;10;13;17;18;11;7;8;4;5;18;19;
a07RM+~~~11~~~~2;;;;;;;10.10.41;1;1;3;1;693;;9;10;13;17;18;11;7;8;4;5;18;19;
a04EQ+K2C~2;;;;;;;10.10.41;1;1;3;1;695;;9;10;13;17;18;11;7;8;4;5;18;19;
a08AQ/J2~33~H3;p;r;;;;;10.10.46;1;1;3;1;696;;9;10;13;17;18;11;7;8;4;5;18;19;
*13BQ#~~~~3~~3;p;;;;;;10.10.46;1;1;3;1;696;;9;10;13;17;18;11;7;8;4;5;18;19;
*p12:14;;;;;;;10.10.53;1;1;3;1;701;;9;10;13;17;18;11;7;8;4;5;18;19;
*09SM-~~~16;;;;;;;10.11.21;1;1;3;1;733;;9;10;13;17;18;11;7;8;4;5;18;19;
a07RM#~~~16~~~~3;;;;;;;10.11.21;1;1;3;1;733;;9;10;13;17;18;11;7;8;4;5;18;19;
a04ET+K1F~3;;;;;;;10.11.21;1;1;3;1;735;;9;10;13;17;18;11;7;8;4;5;18;19;
a05AT#W4~47~H1;s;r;;;;;10.11.27;1;1;3;1;736;;9;10;13;17;18;11;7;8;4;5;18;19;
*15DT=~~~47;s;;;;;;10.11.27;1;1;3;1;736;;9;10;13;17;18;11;7;8;4;5;18;19;
ap12:15;;;;;;;10.11.36;1;1;3;1;741;;9;10;13;17;18;11;7;8;4;5;18;19;
az2;;;;;;;10.11.36;1;1;2;1;748;;9;10;13;17;18;11;8;4;5;18;19;7;
a08SQ-~~~16;;;;;;;10.11.51;1;1;2;1;763;;9;10;13;17;18;11;8;4;5;18;19;7;
*12RQ+~~~16~~~~32;;;;;;;10.11.51;1;1;2;1;763;;9;10;13;17;18;11;8;4;5;18;19;7;
*09ET+K1F;;;;;;;10.11.51;1;1;2;1;765;;9;10;13;17;18;11;8;4;5;18;19;7;
*17AT#W4~49~H2;s;r;;;;;10.12.00;1;1;2;1;766;;9;10;13;17;18;11;8;4;5;18;19;7;
a19DT=~~~49;s;;;;;;10.12.00;1;1;2;1;766;;9;10;13;17;18;11;8;4;5;18;19;7;
*p13:15;;;;;;;10.12.07;1;1;2;1;774;;9;10;13;17;18;11;8;4;5;18;19;7;
*z6;;;;;;;10.12.07;1;6;2;1;779;;10;13;17;18;11;9;8;4;5;18;19;7;
*10SM-~~~15;;;;;;;10.12.15;1;6;2;1;788;;10;13;17;18;11;9;8;4;5;18;19;7;
a07RM+~~~15~~~~3;;;;;;;10.12.15;1;6;2;1;788;;10;13;17;18;11;9;8;4;5;18;19;7;
a04EQ+K1C~3;;;;;;;10.12.15;1;6;2;1;790;;10;13;17;18;11;9;8;4;5;18;19;7;
a18AQ#J4~31~H2;s;r;;;;;10.12.22;1;6;2;1;791;;10;13;17;18;11;9;8;4;5;18;19;7;
*$$&H=;s;;;;;;10.12.22;1;6;2;1;791;;10;13;17;18;11;9;8;4;5;18;19;7;
ap13:16;;;;;;;10.12.28;1;6;2;1;796;;10;13;17;18;11;9;8;4;5;18;19;7;
az1;;;;;;;10.12.28;1;6;1;1;800;;10;13;17;18;11;9;4;5;18;19;7;8;
a04SQ=~~~~~~~~N;s;;;;;;10.12.41;1;6;1;1;813;;10;13;17;18;11;9;4;5;18;19;7;8;
*$$&H#;s;;;;;;10.12.41;1;6;1;1;813;;10;13;17;18;11;9;4;5;18;19;7;8;
*p14:16;;;;;;;10.12.46;1;6;1;1;818;;10;13;17;18;11;9;4;5;18;19;7;8;
*z5;;;;;;;10.12.46;1;5;1;1;818;;13;17;18;11;9;10;4;5;18;19;7;8;
*13SM+~~~56;;;;;;;10.13.03;1;5;1;1;836;;13;17;18;11;9;10;4;5;18;19;7;8;
a15RM-~~~56;;;;;;;10.13.03;1;5;1;1;836;;13;17;18;11;9;10;4;5;18;19;7;8;
a07EH+~~B;;;;;;;10.13.03;1;5;1;1;838;;13;17;18;11;9;10;4;5;18;19;7;8;
a05AH#G2~24~H2S;s;r;;;;;10.13.11;1;5;1;1;839;;13;17;18;11;9;10;4;5;18;19;7;8;
*18BH=~~~~4~~2;s;;;;;;10.13.11;1;5;1;1;839;;13;17;18;11;9;10;4;5;18;19;7;8;
ap14:17;;;;;;;10.13.19;1;5;1;1;845;;13;17;18;11;9;10;4;5;18;19;7;8;
az6;;;;;;;10.13.19;1;5;6;1;851;;13;17;18;11;9;10;5;18;19;7;8;4;
a05SQ-~~~56;;;;;;;10.13.28;1;5;6;1;860;;13;17;18;11;9;10;5;18;19;7;8;4;
*10RQ+~~~56~~~~41;;;;;;;10.13.28;1;5;6;1;860;;13;17;18;11;9;10;5;18;19;7;8;4;
*09ET+KFB;;;;;;;10.13.28;1;5;6;1;862;;13;17;18;11;9;10;5;18;19;7;8;4;
*17AT-W2~24~H2;;r;;;;;10.13.34;1;5;6;1;863;;13;17;18;11;9;10;5;18;19;7;8;4;
a07BT+~~~~4~~2;;;;;;;10.13.34;1;5;6;1;863;;13;17;18;11;9;10;5;18;19;7;8;4;
a05DH+;;;;;;;10.13.34;1;5;6;1;863;;13;17;18;11;9;10;5;18;19;7;8;4;
a07AT#W4~42~H1F;p;p;;;;;10.13.38;1;5;6;1;866;;13;17;18;11;9;10;5;18;19;7;8;4;
*17BT=~~~~2~~1;p;;;;;;10.13.38;1;5;6;1;866;;13;17;18;11;9;10;5;18;19;7;8;4;
ap14:18;;;;;;;10.13.49;1;5;6;1;872;;13;17;18;11;9;10;5;18;19;7;8;4;
*T;;;;;;;10.13.49;1;5;6;1;881;;13;17;18;11;9;10;5;18;19;7;8;4;
a05SM!~~~55;;;;;;;10.15.03;1;5;6;1;954;;13;17;18;11;9;10;5;18;19;7;8;4;
*10RM!~~~55~~~~32;;;;;;;10.15.03;1;5;6;1;954;;13;17;18;11;9;10;5;18;19;7;8;4;
*09EH+K8B;;;;;;;10.15.03;1;5;6;1;954;;13;17;18;11;9;10;5;18;19;7;8;4;
*17AH+G2~29~H2;;r;;;;;10.15.09;1;5;6;1;957;;13;17;18;11;9;10;5;18;19;7;8;4;
a04DH-~~~29;;;;;;;10.15.09;1;5;6;1;957;;13;17;18;11;9;10;5;18;19;7;8;4;
a19EH/~~F;;;;;;;10.15.17;1;5;6;1;957;;13;17;18;11;9;10;5;18;19;7;8;4;
*17AO#V2~24~T1;s;s;;;;;10.15.17;1;5;6;1;963;;13;17;18;11;9;10;5;18;19;7;8;4;
a07BO=~~~~4~~1;s;;;;;;10.15.17;1;5;6;1;963;;13;17;18;11;9;10;5;18;19;7;8;4;
*p15:18;;;;;;;10.15.31;1;5;6;1;968;;13;17;18;11;9;10;5;18;19;7;8;4;
*z4;;;;;;;10.15.31;1;4;6;1;983;;17;18;11;9;10;13;5;18;19;7;8;4;
*c17:04;;;;;;;10.15.31;1;4;6;1;983;;4;18;11;9;10;13;5;18;19;7;8;4;
*c09:01;;;;;;;10.15.31;1;4;6;1;983;;4;18;11;1;10;13;5;18;19;7;8;4;
*P4;;;;;;;10.15.31;1;4;6;1;983;;4;18;11;1;10;13;5;18;19;7;8;4;
*z1;;;;;;;10.15.31;1;1;6;1;983;;4;18;11;1;10;13;5;18;19;7;8;4;
*04SQ-~~~56;;;;;;;10.15.42;1;1;6;1;995;;4;18;11;1;10;13;5;18;19;7;8;4;
a15RQ#~~~56~~~~3;;;;;;;10.15.42;1;1;6;1;995;;4;18;11;1;10;13;5;18;19;7;8;4;
a04EQ+K1C~3;;;;;;;10.15.42;1;1;6;1;997;;4;18;11;1;10;13;5;18;19;7;8;4;
a18AQ+J1~37~H1;;r;;;;;10.15.49;1;1;6;1;998;;4;18;11;1;10;13;5;18;19;7;8;4;
*15DQ-~~~37;;;;;;;10.15.49;1;1;6;1;998;;4;18;11;1;10;13;5;18;19;7;8;4;
*04EH-~~F;;;;;;;10.15.49;1;1;6;1;1000;;4;18;11;1;10;13;5;18;19;7;8;4;
a05FH+;;;;;;;10.15.49;1;1;6;1;1001;;4;18;11;1;10;13;5;18;19;7;8;4;
a18AQ+J4~33~H2;;s;;;;;10.15.54;1;1;6;1;1004;;4;18;11;1;10;13;5;18;19;7;8;4;
*11BQ-~~~~3~~2;;;;;;;10.15.54;1;1;6;1;1004;;4;18;11;1;10;13;5;18;19;7;8;4;
a05EH+~~F;;;;;;;10.15.58;1;1;6;1;1004;;4;18;11;1;10;13;5;18;19;7;8;4;
a07AH-G4~46~P2;;s;;;;;10.15.58;1;1;6;1;1008;;4;18;11;1;10;13;5;18;19;7;8;4;
*10DH+~~~46;;;;;;;10.15.58;1;1;6;1;1008;;4;18;11;1;10;13;5;18;19;7;8;4;
*01AT#W2~29~H2~2;p;p;;;;;10.16.02;1;1;6;1;1013;;4;18;11;1;10;13;5;18;19;7;8;4;
a$$&H=;p;;;;;;10.16.02;1;1;6;1;1013;;4;18;11;1;10;13;5;18;19;7;8;4;
*p16:18;;;;;;;10.16.19;1;1;6;1;1018;;4;18;11;1;10;13;5;18;19;7;8;4;
*04SQ-~~~56;;;;;;;10.16.20;1;1;6;1;1033;;4;18;11;1;10;13;5;18;19;7;8;4;
a15RQ+~~~56~~~~3;;;;;;;10.16.20;1;1;6;1;1033;;4;18;11;1;10;13;5;18;19;7;8;4;
a04ET+K1B~~~2;;;;;;;10.16.20;1;1;6;1;1033;;4;18;11;1;10;13;5;18;19;7;8;4;
a19AT#W2~21~H2;s;r;;;;;10.16.27;1;1;6;1;1036;;4;18;11;1;10;13;5;18;19;7;8;4;
*$$&H=;s;;;;;;10.16.27;1;1;6;1;1036;;4;18;11;1;10;13;5;18;19;7;8;4;
ap16:19;;;;;;;10.16.30;1;1;6;1;1041;;4;18;11;1;10;13;5;18;19;7;8;4;
az5;;;;;;;10.16.30;1;1;5;1;1042;;4;18;11;1;10;13;18;19;7;8;4;5;
a18SM!~~~56;;;;;;;10.16.50;1;1;5;1;1062;;4;18;11;1;10;13;18;19;7;8;4;5;
*12RM!~~~56~~~~32;;;;;;;10.16.50;1;1;5;1;1062;;4;18;11;1;10;13;18;19;7;8;4;5;
*04ET+K8B;;;;;;;10.16.50;1;1;5;1;1062;;4;18;11;1;10;13;18;19;7;8;4;5;
*18AT#W2~29~H2;s;r;;;;;10.16.56;1;1;5;1;1065;;4;18;11;1;10;13;18;19;7;8;4;5;
a04DT=~~~29;s;;;;;;10.16.56;1;1;5;1;1065;;4;18;11;1;10;13;18;19;7;8;4;5;
*p17:19;;;;;;;10.17.03;1;1;5;1;1070;;4;18;11;1;10;13;18;19;7;8;4;5;
*z6;;;;;;;10.17.03;1;6;5;1;1075;;18;11;1;10;13;4;18;19;7;8;4;5;
*18SQ-~~~15;;;;;;;10.17.14;1;6;5;1;1087;;18;11;1;10;13;4;18;19;7;8;4;5;
a07RQ#~~~15~~~~3;;;;;;;10.17.14;1;6;5;1;1087;;18;11;1;10;13;4;18;19;7;8;4;5;
a04EQ+K1C~3;;;;;;;10.17.14;1;6;5;1;1089;;18;11;1;10;13;4;18;19;7;8;4;5;
a08AQ#J1~33~H1S;s;r;;;;;10.17.23;1;6;5;1;1090;;18;11;1;10;13;4;18;19;7;8;4;5;
*11BQ=~~~~3~~1;s;;;;;;10.17.23;1;6;5;1;1090;;18;11;1;10;13;4;18;19;7;8;4;5;
ap17:20;;;;;;;10.17.26;1;6;5;1;1095;;18;11;1;10;13;4;18;19;7;8;4;5;
az4;;;;;;;10.17.26;1;6;4;1;1098;;18;11;1;10;13;4;19;7;8;4;5;18;
a19SQ-~~~15;;;;;;;10.17.45;1;6;4;1;1117;;18;11;1;10;13;4;19;7;8;4;5;18;
*10RQ+~~~15~~~~21;;;;;;;10.17.45;1;6;4;1;1117;;18;11;1;10;13;4;19;7;8;4;5;18;
*04ET+K1B;;;;;;;10.17.45;1;6;4;1;1119;;18;11;1;10;13;4;19;7;8;4;5;18;
*01AT#W2~29~H2;s;r;;;;;10.17.52;1;6;4;1;1120;;18;11;1;10;13;4;19;7;8;4;5;18;
a19DT=~~~29;s;;;;;;10.17.52;1;6;4;1;1120;;18;11;1;10;13;4;19;7;8;4;5;18;
*p18:20;;;;;;;10.17.59;1;6;4;1;1126;;18;11;1;10;13;4;19;7;8;4;5;18;
*z5;;;;;;;10.17.59;1;5;4;1;1131;;11;1;10;13;4;18;19;7;8;4;5;18;
*11SM!~~~55;;;;;;;10.18.10;1;5;4;1;1143;;11;1;10;13;4;18;19;7;8;4;5;18;
a07RM!~~~55~~~~2;;;;;;;10.18.10;1;5;4;1;1143;;11;1;10;13;4;18;19;7;8;4;5;18;
a04ET+KBF~~~2;;;;;;;10.18.10;1;5;4;1;1143;;11;1;10;13;4;18;19;7;8;4;5;18;
a07AT-W4~42~T2;;r;;;;;10.18.16;1;5;4;1;1146;;11;1;10;13;4;18;19;7;8;4;5;18;
*01DT+~~~42;;;;;;;10.18.16;1;5;4;1;1146;;11;1;10;13;4;18;19;7;8;4;5;18;
*18AH=G8~81~H1S4;s;p;;;;;10.18.21;1;5;4;1;1151;;11;1;10;13;4;18;19;7;8;4;5;18;
a$$&H#;s;;;;;;10.18.21;1;5;4;1;1151;;11;1;10;13;4;18;19;7;8;4;5;18;
ap18:21;;;;;;;10.18.28;1;5;4;1;1156;;11;1;10;13;4;18;19;7;8;4;5;18;
az3;;;;;;;10.18.28;1;5;3;1;1160;;11;1;10;13;4;18;7;8;4;5;18;19;
a07SQ#~~~16;p;;;;;;10.18.44;1;5;3;1;1176;;11;1;10;13;4;18;7;8;4;5;18;19;
*12RQ=~~~16~L;p;;;;;;10.18.44;1;5;3;1;1176;;11;1;10;13;4;18;7;8;4;5;18;19;
ap18:22;;;;;;;10.18.53;1;5;3;1;1183;;11;1;10;13;4;18;7;8;4;5;18;19;
*T;;;;;;;10.18.53;1;5;3;1;1185;;11;1;10;13;4;18;7;8;4;5;18;19;
a07SQ!~~~11;;;;;;;10.20.05;1;5;3;1;1258;;11;1;10;13;4;18;7;8;4;5;18;19;
*12RQ!~~~11~~~~21;;;;;;;10.20.05;1;5;3;1;1258;;11;1;10;13;4;18;7;8;4;5;18;19;
*04ET+KCB;;;;;;;10.20.05;1;5;3;1;1258;;11;1;10;13;4;18;7;8;4;5;18;19;
*01AT+W2~27~T2;;r;;;;;10.20.11;1;5;3;1;1261;;11;1;10;13;4;18;7;8;4;5;18;19;
a15DT-~~~27;;;;;;;10.20.11;1;5;3;1;1261;;11;1;10;13;4;18;7;8;4;5;18;19;
*13FH+;;;;;;;10.20.15;1;5;3;1;1264;;11;1;10;13;4;18;7;8;4;5;18;19;
*01AT#W2~22~P2~1;s;s;;;;;10.20.17;1;5;3;1;1269;;11;1;10;13;4;18;7;8;4;5;18;19;
a04DT=~~~22;s;;;;;;10.20.17;1;5;3;1;1269;;11;1;10;13;4;18;7;8;4;5;18;19;
*p19:22;;;;;;;10.20.29;1;5;3;1;1274;;11;1;10;13;4;18;7;8;4;5;18;19;
*z4;;;;;;;10.20.29;1;4;3;1;1281;;1;10;13;4;18;11;7;8;4;5;18;19;
*01SQ!~~~15;;;;;;;10.20.43;1;4;3;1;1296;;1;10;13;4;18;11;7;8;4;5;18;19;
a15RQ!~~~15~~~~2;;;;;;;10.20.43;1;4;3;1;1296;;1;10;13;4;18;11;7;8;4;5;18;19;
a04ET+K8B~~~2;;;;;;;10.20.43;1;4;3;1;1296;;1;10;13;4;18;11;7;8;4;5;18;19;
a19AT#Y9~95~H2;s;r;;;;;10.20.54;1;4;3;1;1299;;1;10;13;4;18;11;7;8;4;5;18;19;
*15DT=~~~95;s;;;;;;10.20.54;1;4;3;1;1299;;1;10;13;4;18;11;7;8;4;5;18;19;
ap19:23;;;;;;;10.21.00;1;4;3;1;1305;;1;10;13;4;18;11;7;8;4;5;18;19;
az2;;;;;;;10.21.00;1;4;2;1;1312;;1;10;13;4;18;11;8;4;5;18;19;7;
a08SQ-~~~11;;;;;;;10.21.16;1;4;2;1;1329;;1;10;13;4;18;11;8;4;5;18;19;7;
*12RQ+~~~11~~~~22;;;;;;;10.21.16;1;4;2;1;1329;;1;10;13;4;18;11;8;4;5;18;19;7;
*04ET+K9F;;;;;;;10.21.16;1;4;2;1;1331;;1;10;13;4;18;11;8;4;5;18;19;7;
*10AT#W4~48~H2;s;r;;;;;10.21.23;1;4;2;1;1332;;1;10;13;4;18;11;8;4;5;18;19;7;
a$$&H=;s;;;;;;10.21.23;1;4;2;1;1332;;1;10;13;4;18;11;8;4;5;18;19;7;
*p20:23;;;;;;;10.21.29;1;4;2;1;1337;;1;10;13;4;18;11;8;4;5;18;19;7;
*z3;;;;;;;10.21.29;1;3;2;1;1341;;10;13;4;18;11;1;8;4;5;18;19;7;
*10SM+~~~15;;;;;;;10.21.42;1;3;2;1;1354;;10;13;4;18;11;1;8;4;5;18;19;7;
a07RM-~~~15;;;;;;;10.21.42;1;3;2;1;1354;;10;13;4;18;11;1;8;4;5;18;19;7;
a05AH#G4~46~H2;s;r;;;;;10.21.50;1;3;2;1;1357;;10;13;4;18;11;1;8;4;5;18;19;7;
*10DH=~~~46;s;;;;;;10.21.50;1;3;2;1;1357;;10;13;4;18;11;1;8;4;5;18;19;7;
ap20:24;;;;;;;10.21.54;1;3;2;1;1362;;10;13;4;18;11;1;8;4;5;18;19;7;
az1;;;;;;;10.21.54;1;3;1;1;1366;;10;13;4;18;11;1;4;5;18;19;7;8;
a04SQ!~~~16;;;;;;;10.22.11;1;3;1;1;1382;;10;13;4;18;11;1;4;5;18;19;7;8;
*12RQ!~~~16~~~~21;;;;;;;10.22.11;1;3;1;1;1382;;10;13;4;18;11;1;4;5;18;19;7;8;
*04ET+KBB;;;;;;;10.22.11;1;3;1;1;1384;;10;13;4;18;11;1;4;5;18;19;7;8;
*01AT-Y9~98~H1;;r;;;;;10.22.17;1;3;1;1;1385;;10;13;4;18;11;1;4;5;18;19;7;8;
a04DT+~~~98;;;;;;;10.22.17;1;3;1;1;1385;;10;13;4;18;11;1;4;5;18;19;7;8;
a19EH+~~F;;;;;;;10.22.21;1;3;1;1;1385;;10;13;4;18;11;1;4;5;18;19;7;8;
a05AH+G4~42~T2;;p;;;;;10.22.21;1;3;1;1;1388;;10;13;4;18;11;1;4;5;18;19;7;8;
*04BH-~~~~2~~2;;;;;;;10.22.21;1;3;1;1;1388;;10;13;4;18;11;1;4;5;18;19;7;8;
a05AT-W4~45~H2;;p;;;;;10.22.24;1;3;1;1;1391;;10;13;4;18;11;1;4;5;18;19;7;8;
*12DT+~~~45;;;;;;;10.22.24;1;3;1;1;1391;;10;13;4;18;11;1;4;5;18;19;7;8;
*01AH+G9~99~H2~3;;s;;;;;10.22.28;1;3;1;1;1399;;10;13;4;18;11;1;4;5;18;19;7;8;
a04DH-~~~99;;;;;;;10.22.28;1;3;1;1;1399;;10;13;4;18;11;1;4;5;18;19;7;8;
*18AO!V4~42~H1;;s;;;;;10.22.36;1;3;1;1;1404;;10;13;4;18;11;1;4;5;18;19;7;8;
a18BO/~~~~2~~1;s;;;;;;10.22.36;1;3;1;1;1404;;10;13;4;18;11;1;4;5;18;19;7;8;
*$$&H#;s;;;;;;10.22.36;1;3;1;1;1404;;10;13;4;18;11;1;4;5;18;19;7;8;
*p21:24;;;;;;;10.22.45;1;3;1;1;1409;;10;13;4;18;11;1;4;5;18;19;7;8;
*z2;;;;;;;10.22.45;1;2;1;1;1417;;13;4;18;11;1;10;4;5;18;19;7;8;
aT;;;;;;;10.22.45;1;2;1;1;1417;;13;4;18;11;1;10;4;5;18;19;7;8;
*13SM+~~~51;;;;;;;10.24.15;1;2;1;1;1490;;13;4;18;11;1;10;4;5;18;19;7;8;
a05RM-~~~51;;;;;;;10.24.15;1;2;1;1;1490;;13;4;18;11;1;10;4;5;18;19;7;8;
a04ET+KEF~~~2;;;;;;;10.24.15;1;2;1;1;1490;;13;4;18;11;1;10;4;5;18;19;7;8;
a19AT-W4~43~T2;;r;;;;;10.24.20;1;2;1;1;1493;;13;4;18;11;1;10;4;5;18;19;7;8;
*18DT+~~~43;;;;;;;10.24.20;1;2;1;1;1493;;13;4;18;11;1;10;4;5;18;19;7;8;
*01AT#Y9~97~H2~1;p;p;;;;;10.24.22;1;2;1;1;1499;;13;4;18;11;1;10;4;5;18;19;7;8;
a15DT=~~~97;p;;;;;;10.24.22;1;2;1;1;1499;;13;4;18;11;1;10;4;5;18;19;7;8;
*p22:24;;;;;;;10.24.25;1;2;1;1;1504;;13;4;18;11;1;10;4;5;18;19;7;8;
*13SM-~~~57;;;;;;;10.24.28;1;2;1;1;1520;;13;4;18;11;1;10;4;5;18;19;7;8;
a07RM+~~~57~~~~3;;;;;;;10.24.28;1;2;1;1;1520;;13;4;18;11;1;10;4;5;18;19;7;8;
a04ET+K1B~3;;;;;;;10.24.28;1;2;1;1;1522;;13;4;18;11;1;10;4;5;18;19;7;8;
a05AT-W2~29~H1;;r;;;;;10.24.35;1;2;1;1;1523;;13;4;18;11;1;10;4;5;18;19;7;8;
*04DT+~~~29;;;;;;;10.24.35;1;2;1;1;1523;;13;4;18;11;1;10;4;5;18;19;7;8;
*01EH+~~F;;;;;;;10.24.40;1;2;1;1;1523;;13;4;18;11;1;10;4;5;18;19;7;8;
*18AH#G4~42~H3S4;p;p;;;;;10.24.40;1;2;1;1;1529;;13;4;18;11;1;10;4;5;18;19;7;8;
a05BH=~~~~2~~3;p;;;;;;10.24.40;1;2;1;1;1529;;13;4;18;11;1;10;4;5;18;19;7;8;
*p24:24;;;;;;;10.24.53;1;2;1;1;1534;;13;4;18;11;1;10;4;5;18;19;7;8;
aT;;;;;;;10.24.53;1;2;1;1;1545;;13;4;18;11;1;10;4;5;18;19;7;8;
*13SM=~~~~~~~~N;s;;;;;;10.26.15;1;2;1;1;1608;;13;4;18;11;1;10;4;5;18;19;7;8;
a$$&H#;s;;;;;;10.26.15;1;2;1;1;1608;;13;4;18;11;1;10;4;5;18;19;7;8;
ap24:25;;;;;;;10.26.17;1;2;1;1;1614;;13;4;18;11;1;10;4;5;18;19;7;8;
az6;;;;;;;10.26.17;1;2;6;1;1629;;13;4;18;11;1;10;5;18;19;7;8;4;
a05SQ-~~~66;;;;;;;10.26.18;1;2;6;1;1628;;13;4;18;11;1;10;5;18;19;7;8;4;
*10RQ#~~~66;;;;;;;10.26.18;1;2;6;1;1628;;13;4;18;11;1;10;5;18;19;7;8;4;
*04ET+K1B;;;;;;;10.26.18;1;2;6;1;1630;;13;4;18;11;1;10;5;18;19;7;8;4;
*01AT#Y9~95~H2;s;r;;;;;10.26.27;1;2;6;1;1631;;13;4;18;11;1;10;5;18;19;7;8;4;
a15DT=~~~95;s;;;;;;10.26.27;1;2;6;1;1631;;13;4;18;11;1;10;5;18;19;7;8;4;
*p25:25;;;;;;;10.26.37;1;2;6;1;1636;;13;4;18;11;1;10;5;18;19;7;8;4;
*z1;;;;;;;10.26.37;1;1;6;1;1649;;4;18;11;1;10;13;5;18;19;7;8;4;
*04SQ-~~~66;;;;;;;10.26.45;1;1;6;1;1657;;4;18;11;1;10;13;5;18;19;7;8;4;
a15RQ#~~~66~~~~3;;;;;;;10.26.45;1;1;6;1;1657;;4;18;11;1;10;13;5;18;19;7;8;4;
a04ET+K1B~3;;;;;;;10.26.45;1;1;6;1;1659;;4;18;11;1;10;13;5;18;19;7;8;4;
a19AT/W2~24~H1;p;r;;;;;10.26.52;1;1;6;1;1660;;4;18;11;1;10;13;5;18;19;7;8;4;
*18BT#~~~~4~~1;p;;;;;;10.26.52;1;1;6;1;1660;;4;18;11;1;10;13;5;18;19;7;8;4;
*p26:25;;;;;;;10.27.03;1;1;6;1;1665;;4;18;11;1;10;13;5;18;19;7;8;4;
ac19:16;;;;;;;10.27.03;1;1;6;1;1675;;4;18;11;1;10;13;5;18;16;7;8;4;
*04SM-~~~55;;;;;;;10.27.23;1;1;6;1;1696;;4;18;11;1;10;13;5;18;16;7;8;4;
a07RM#~~~55~~~~3;;;;;;;10.27.23;1;1;6;1;1696;;4;18;11;1;10;13;5;18;16;7;8;4;
a04ET+K1F~3;;;;;;;10.27.23;1;1;6;1;1698;;4;18;11;1;10;13;5;18;16;7;8;4;
a07AT#W4~49~H2;s;r;;;;;10.27.30;1;1;6;1;1699;;4;18;11;1;10;13;5;18;16;7;8;4;
*04DT=~~~49;s;;;;;;10.27.30;1;1;6;1;1699;;4;18;11;1;10;13;5;18;16;7;8;4;
ap26:26;;;;;;;10.27.36;1;1;6;1;1704;;4;18;11;1;10;13;5;18;16;7;8;4;
az5;;;;;;;10.27.36;1;1;5;1;1708;;4;18;11;1;10;13;18;16;7;8;4;5;
a18SM-~~~55;;;;;;;10.27.55;1;1;5;1;1727;;4;18;11;1;10;13;18;16;7;8;4;5;
*10RM#~~~55;;;;;;;10.27.55;1;1;5;1;1727;;4;18;11;1;10;13;18;16;7;8;4;5;
*04ET+K1F;;;;;;;10.27.55;1;1;5;1;1729;;4;18;11;1;10;13;18;16;7;8;4;5;
*01AT#W4~46~H2;s;r;;;;;10.27.55;1;1;5;1;1730;;4;18;11;1;10;13;18;16;7;8;4;5;
a$$&H=;s;;;;;;10.27.55;1;1;5;1;1730;;4;18;11;1;10;13;18;16;7;8;4;5;
*p27:26;;;;;;;10.28.13;1;1;5;1;1735;;4;18;11;1;10;13;18;16;7;8;4;5;
*z6;;;;;;;10.28.13;1;6;5;1;1745;;18;11;1;10;13;4;18;16;7;8;4;5;
*18SQ-~~~15;;;;;;;10.28.21;1;6;5;1;1753;;18;11;1;10;13;4;18;16;7;8;4;5;
a07RQ+~~~15~~~~2;;;;;;;10.28.21;1;6;5;1;1753;;18;11;1;10;13;4;18;16;7;8;4;5;
a04EQ+K2C~2;;;;;;;10.28.21;1;6;5;1;1755;;18;11;1;10;13;4;18;16;7;8;4;5;
a08AQ#J2~33~P2;s;r;;;;;10.28.28;1;6;5;1;1756;;18;11;1;10;13;4;18;16;7;8;4;5;
*$$&H=;s;;;;;;10.28.28;1;6;5;1;1756;;18;11;1;10;13;4;18;16;7;8;4;5;
ap27:27;;;;;;;10.28.31;1;6;5;1;1761;;18;11;1;10;13;4;18;16;7;8;4;5;
az4;;;;;;;10.28.31;1;6;4;1;1763;;18;11;1;10;13;4;16;7;8;4;5;18;
a16SQ-~~~16;;;;;;;10.28.47;1;6;4;1;1780;;18;11;1;10;13;4;16;7;8;4;5;18;
*12RQ+~~~16~~~~41;;;;;;;10.28.47;1;6;4;1;1780;;18;11;1;10;13;4;16;7;8;4;5;18;
*04ET+KFB;;;;;;;10.28.47;1;6;4;1;1782;;18;11;1;10;13;4;16;7;8;4;5;18;
*01AT-W2~24~H2;;r;;;;;10.28.54;1;6;4;1;1783;;18;11;1;10;13;4;16;7;8;4;5;18;
a07BT+~~~~4~~2;;;;;;;10.28.54;1;6;4;1;1783;;18;11;1;10;13;4;16;7;8;4;5;18;
a08EH+~~F;;;;;;;10.28.59;1;6;4;1;1783;;18;11;1;10;13;4;16;7;8;4;5;18;
a07AH+G4~42~P2;;p;;;;;10.28.59;1;6;4;1;1786;;18;11;1;10;13;4;16;7;8;4;5;18;
*11BH-~~~~2~~2;;;;;;;10.28.59;1;6;4;1;1786;;18;11;1;10;13;4;16;7;8;4;5;18;
a07AH#G4~45~H2;p;p;;;;;10.29.05;1;6;4;1;1789;;18;11;1;10;13;4;16;7;8;4;5;18;
*12DH=~~~45;p;;;;;;10.29.05;1;6;4;1;1789;;18;11;1;10;13;4;16;7;8;4;5;18;
ap27:28;;;;;;;10.29.12;1;6;4;1;1799;;18;11;1;10;13;4;16;7;8;4;5;18;
a16SQ+~~~11;;;;;;;10.29.26;1;6;4;1;1818;;18;11;1;10;13;4;16;7;8;4;5;18;
*11RQ-~~~11~W;;;;;;;10.29.26;1;6;4;1;1818;;18;11;1;10;13;4;16;7;8;4;5;18;
*04EH+KEB;;;;;;;10.29.26;1;6;4;1;1818;;18;11;1;10;13;4;16;7;8;4;5;18;
*01AH#G2~24~H2S;s;r;;;;;10.29.33;1;6;4;1;1821;;18;11;1;10;13;4;16;7;8;4;5;18;
a08BH=~~~~4~~2;s;;;;;;10.29.33;1;6;4;1;1821;;18;11;1;10;13;4;16;7;8;4;5;18;
*p28:28;;;;;;;10.29.38;1;6;4;1;1827;;18;11;1;10;13;4;16;7;8;4;5;18;
*z5;;;;;;;10.29.38;1;5;4;1;1830;;11;1;10;13;4;18;16;7;8;4;5;18;
*11SM!~~~55;;;;;;;10.29.50;1;5;4;1;1843;;11;1;10;13;4;18;16;7;8;4;5;18;
a07RM!~~~55~~~~2;;;;;;;10.29.50;1;5;4;1;1843;;11;1;10;13;4;18;16;7;8;4;5;18;
a04ET+KBF~~~2;;;;;;;10.29.50;1;5;4;1;1843;;11;1;10;13;4;18;16;7;8;4;5;18;
a07AT-W4~42~H2;;r;;;;;10.29.57;1;5;4;1;1846;;11;1;10;13;4;18;16;7;8;4;5;18;
*13BT+~~~~2~~2;;;;;;;10.29.57;1;5;4;1;1846;;11;1;10;13;4;18;16;7;8;4;5;18;
*11DH+;;;;;;;10.29.59;1;5;4;1;1846;;11;1;10;13;4;18;16;7;8;4;5;18;
*10AT-W4~46~T2~2;;p;;;;;10.30.01;1;5;4;1;1852;;11;1;10;13;4;18;16;7;8;4;5;18;
a15DT+~~~46;;;;;;;10.30.01;1;5;4;1;1852;;11;1;10;13;4;18;16;7;8;4;5;18;
a16AH+G9~99~H2;;s;;;;;10.30.05;1;5;4;1;1855;;11;1;10;13;4;18;16;7;8;4;5;18;
*04DH-~~~99;;;;;;;10.30.05;1;5;4;1;1855;;11;1;10;13;4;18;16;7;8;4;5;18;
a08AO!V3~33~H3;;s;;;;;10.30.12;1;5;4;1;1858;;11;1;10;13;4;18;16;7;8;4;5;18;
*01BO/~~~~3~~3;s;;;;;;10.30.12;1;5;4;1;1858;;11;1;10;13;4;18;16;7;8;4;5;18;
a$$&H#;s;;;;;;10.30.12;1;5;4;1;1858;;11;1;10;13;4;18;16;7;8;4;5;18;
ap28:29;;;;;;;10.31.03;1;5;4;1;1863;;11;1;10;13;4;18;16;7;8;4;5;18;
az3;;;;;;;10.31.03;1;5;3;1;1915;;11;1;10;13;4;18;7;8;4;5;18;16;
a07SQ-~~~11;;;;;;;10.31.24;1;5;3;1;1937;;11;1;10;13;4;18;7;8;4;5;18;16;
*12RQ#~~~11;;;;;;;10.31.24;1;5;3;1;1937;;11;1;10;13;4;18;7;8;4;5;18;16;
*04ET+K1B;;;;;;;10.31.24;1;5;3;1;1939;;11;1;10;13;4;18;7;8;4;5;18;16;
*01AT-W2~24~H2;;r;;;;;10.31.31;1;5;3;1;1940;;11;1;10;13;4;18;7;8;4;5;18;16;
a05BT+~~~~4~~2;;;;;;;10.31.31;1;5;3;1;1940;;11;1;10;13;4;18;7;8;4;5;18;16;
a15DH+;;;;;;;10.31.31;1;5;3;1;1940;;11;1;10;13;4;18;7;8;4;5;18;16;
a05AT/W4~42~H2;s;p;;;;;10.31.36;1;5;3;1;1943;;11;1;10;13;4;18;7;8;4;5;18;16;
*01BT#~~~~2~~2;s;;;;;;10.31.36;1;5;3;1;1943;;11;1;10;13;4;18;7;8;4;5;18;16;
*p29:29;;;;;;;10.31.48;1;5;3;1;1949;;11;1;10;13;4;18;7;8;4;5;18;16;
*z4;;;;;;;10.31.48;1;4;3;1;1960;;1;10;13;4;18;11;7;8;4;5;18;16;
*c10:07;;;;;;;10.31.48;1;4;3;1;1960;;1;7;13;4;18;11;7;8;4;5;18;16;
ac16:19;;;;;;;10.31.48;1;4;3;1;1960;;1;7;13;4;18;11;7;8;4;5;18;19;
*01SM/~~~15;;;;;;;10.32.18;1;4;3;1;1990;;1;7;13;4;18;11;7;8;4;5;18;19;
a15RM/~~~15;;;;;;;10.32.18;1;4;3;1;1990;;1;7;13;4;18;11;7;8;4;5;18;19;
*13FH+;;;;;;;10.32.26;1;4;3;1;1992;;1;7;13;4;18;11;7;8;4;5;18;19;
*07AT-W4~42~H2~1;;p;;;;;10.32.28;1;4;3;1;1998;;1;7;13;4;18;11;7;8;4;5;18;19;
a08BT+~~~~2~~2;;;;;;;10.32.28;1;4;3;1;1998;;1;7;13;4;18;11;7;8;4;5;18;19;
a15DH+;;;;;;;10.32.28;1;4;3;1;1998;;1;7;13;4;18;11;7;8;4;5;18;19;
a08AQ-J3~33~H2;;s;;;;;10.32.31;1;4;3;1;2001;;1;7;13;4;18;11;7;8;4;5;18;19;
*07BQ+~~~~3~~2;;;;;;;10.32.31;1;4;3;1;2001;;1;7;13;4;18;11;7;8;4;5;18;19;
*04DH+;;;;;;;10.32.31;1;4;3;1;2001;;1;7;13;4;18;11;7;8;4;5;18;19;
*18EH+~~F;;;;;;;10.32.35;1;4;3;1;2001;;1;7;13;4;18;11;7;8;4;5;18;19;
*07AH#G4~42~H2S4;p;p;;;;;10.32.35;1;4;3;1;2006;;1;7;13;4;18;11;7;8;4;5;18;19;
a04BH=~~~~2~~2;p;;;;;;10.32.35;1;4;3;1;2006;;1;7;13;4;18;11;7;8;4;5;18;19;
*p30:29;;;;;;;10.32.43;1;4;3;1;2011;;1;7;13;4;18;11;7;8;4;5;18;19;
*01SM-~~~16;;;;;;;10.32.59;1;4;3;1;2030;;1;7;13;4;18;11;7;8;4;5;18;19;
a15RM+~~~16~~~~3;;;;;;;10.32.59;1;4;3;1;2030;;1;7;13;4;18;11;7;8;4;5;18;19;
a04EQ+K3C~3;;;;;;;10.32.59;1;4;3;1;2032;;1;7;13;4;18;11;7;8;4;5;18;19;
a08AQ-J3~33~H2;;r;;;;;10.33.05;1;4;3;1;2033;;1;7;13;4;18;11;7;8;4;5;18;19;
*13BQ+~~~~3~~2;;;;;;;10.33.05;1;4;3;1;2033;;1;7;13;4;18;11;7;8;4;5;18;19;
*01DH+;;;;;;;10.33.05;1;4;3;1;2033;;1;7;13;4;18;11;7;8;4;5;18;19;
*07AT#W4~42~H2S1;p;p;;;;;10.33.11;1;4;3;1;2039;;1;7;13;4;18;11;7;8;4;5;18;19;
a04BT=~~~~2~~2;p;;;;;;10.33.11;1;4;3;1;2039;;1;7;13;4;18;11;7;8;4;5;18;19;
*p31:29;;;;;;;10.33.24;1;4;3;1;2044;;1;7;13;4;18;11;7;8;4;5;18;19;
**1set;;;;;;;10.33.24;2;4;3;1;2056;;;;;;;;;;;;;;
aP04>LUp;;;;;;;10.33.24;2;4;3;1;2056;;13;4;18;11;1;10;4;5;18;19;7;8;
az1>LUp;;;;;;;10.33.24;2;4;1;1;2056;;13;4;18;11;1;10;4;5;18;19;7;8;
*P04>LUp;;;;;;;10.33.24;2;4;1;1;2056;;13;4;18;11;1;10;4;5;18;19;7;8;
*z2>LUp;;;;;;;10.33.24;2;2;1;1;2056;;13;4;18;11;1;10;4;5;18;19;7;8;
a04SQ!~~~16;;;;;;;10.36.44;2;2;1;1;2324;;13;4;18;11;1;10;4;5;18;19;7;8;
*10RQ!~~~16~~~~21;;;;;;;10.36.44;2;2;1;1;2324;;13;4;18;11;1;10;4;5;18;19;7;8;
*04ET+KBF;;;;;;;10.36.44;2;2;1;1;2324;;13;4;18;11;1;10;4;5;18;19;7;8;
*18AT#W4~42~H2S;s;r;;;;;10.36.52;2;2;1;1;2327;;13;4;18;11;1;10;4;5;18;19;7;8;
a19BT=~~~~2~~2;s;;;;;;10.36.52;2;2;1;1;2327;;13;4;18;11;1;10;4;5;18;19;7;8;
*p01:00;;;;;;;10.38.08;2;2;1;1;2332;;13;4;18;11;1;10;4;5;18;19;7;8;
*z1;;;;;;;10.38.08;2;1;1;1;2340;;4;18;11;1;10;13;4;5;18;19;7;8;
*04SQ!~~~65;;;;;;;10.38.16;2;1;1;1;2348;;4;18;11;1;10;13;4;5;18;19;7;8;
a07RQ!~~~65~~~~2;;;;;;;10.38.16;2;1;1;1;2348;;4;18;11;1;10;13;4;5;18;19;7;8;
a04EQ+KBC~2;;;;;;;10.38.16;2;1;1;1;2350;;4;18;11;1;10;13;4;5;18;19;7;8;
a18AQ-J2~39~H1;;r;;;;;10.38.21;2;1;1;1;2351;;4;18;11;1;10;13;4;5;18;19;7;8;
*04DQ+~~~39;;;;;;;10.38.21;2;1;1;1;2351;;4;18;11;1;10;13;4;5;18;19;7;8;
*10ET+~~B;;;;;;;10.38.25;2;1;1;1;2351;;4;18;11;1;10;13;4;5;18;19;7;8;
*01AT=W2~21~H2S4;s;p;;;;;10.38.25;2;1;1;1;2355;;4;18;11;1;10;13;4;5;18;19;7;8;
a$$&H#;s;;;;;;10.38.25;2;1;1;1;2355;;4;18;11;1;10;13;4;5;18;19;7;8;
ap01:01;;;;;;;10.38.36;2;1;1;1;2360;;4;18;11;1;10;13;4;5;18;19;7;8;
az6;;;;;;;10.38.36;2;1;6;1;2368;;4;18;11;1;10;13;5;18;19;7;8;4;
a05SQ+~~~56;;;;;;;10.38.40;2;1;6;1;2372;;4;18;11;1;10;13;5;18;19;7;8;4;
*12RQ-~~~56;;;;;;;10.38.40;2;1;6;1;2372;;4;18;11;1;10;13;5;18;19;7;8;4;
*04EH+KEF;;;;;;;10.38.40;2;1;6;1;2372;;4;18;11;1;10;13;5;18;19;7;8;4;
*01AH+G4~42~H2;;r;;;;;10.38.48;2;1;6;1;2375;;4;18;11;1;10;13;5;18;19;7;8;4;
a18BH-~~~~2~~2;;;;;;;10.38.48;2;1;6;1;2375;;4;18;11;1;10;13;5;18;19;7;8;4;
*01DH/;;;;;;;10.38.51;2;1;6;1;2375;;4;18;11;1;10;13;5;18;19;7;8;4;
a18FH+;;;;;;;10.38.51;2;1;6;1;2375;;4;18;11;1;10;13;5;18;19;7;8;4;
a07AT+W4~42~H2;;p;;;;;10.38.57;2;1;6;1;2378;;4;18;11;1;10;13;5;18;19;7;8;4;
*18BT-~~~~2~~2;;;;;;;10.38.57;2;1;6;1;2378;;4;18;11;1;10;13;5;18;19;7;8;4;
a15DH=;s;;;;;;10.38.57;2;1;6;1;2378;;4;18;11;1;10;13;5;18;19;7;8;4;
*$$&H#;s;;;;;;10.38.57;2;1;6;1;2378;;4;18;11;1;10;13;5;18;19;7;8;4;
*p02:01;;;;;;;10.39.33;2;1;6;1;2388;;4;18;11;1;10;13;5;18;19;7;8;4;
*z6;;;;;;;10.39.33;2;6;6;1;2425;;18;11;1;10;13;4;5;18;19;7;8;4;
*18SQ-~~~16;;;;;;;10.39.34;2;6;6;1;2426;;18;11;1;10;13;4;5;18;19;7;8;4;
a15RQ#~~~16~~~~3;;;;;;;10.39.34;2;6;6;1;2426;;18;11;1;10;13;4;5;18;19;7;8;4;
a04EQ+K1C~3;;;;;;;10.39.34;2;6;6;1;2428;;18;11;1;10;13;4;5;18;19;7;8;4;
a18AQ#J1~37~H1;s;r;;;;;10.39.43;2;6;6;1;2429;;18;11;1;10;13;4;5;18;19;7;8;4;
*15DQ=~~~37;s;;;;;;10.39.43;2;6;6;1;2429;;18;11;1;10;13;4;5;18;19;7;8;4;
ap02:02;;;;;;;10.39.50;2;6;6;1;2434;;18;11;1;10;13;4;5;18;19;7;8;4;
az5;;;;;;;10.39.50;2;6;5;1;2442;;18;11;1;10;13;4;18;19;7;8;4;5;
a18SM!~~~56;;;;;;;10.40.01;2;6;5;1;2453;;18;11;1;10;13;4;18;19;7;8;4;5;
*18RM!~~~56~~~~32;;;;;;;10.40.01;2;6;5;1;2453;;18;11;1;10;13;4;18;19;7;8;4;5;
*04ET+K8F;;;;;;;10.40.01;2;6;5;1;2453;;18;11;1;10;13;4;18;19;7;8;4;5;
*10AT#W4~42~H2S;s;r;;;;;10.40.09;2;6;5;1;2456;;18;11;1;10;13;4;18;19;7;8;4;5;
a19BT=~~~~2~~2;s;;;;;;10.40.09;2;6;5;1;2456;;18;11;1;10;13;4;18;19;7;8;4;5;
*p03:02;;;;;;;10.40.15;2;6;5;1;2461;;18;11;1;10;13;4;18;19;7;8;4;5;
*z5;;;;;;;10.40.15;2;5;5;1;2467;;11;1;10;13;4;18;18;19;7;8;4;5;
*11SM!~~~55;;;;;;;10.40.29;2;5;5;1;2481;;11;1;10;13;4;18;18;19;7;8;4;5;
a07RM!~~~55~~~~2;;;;;;;10.40.29;2;5;5;1;2481;;11;1;10;13;4;18;18;19;7;8;4;5;
a04ET+K9P~~~2;;;;;;;10.40.29;2;5;5;1;2481;;11;1;10;13;4;18;18;19;7;8;4;5;
a05AT#Y8~85~H1;s;r;;;;;10.40.35;2;5;5;1;2484;;11;1;10;13;4;18;18;19;7;8;4;5;
*11DT=~~~85;s;;;;;;10.40.35;2;5;5;1;2484;;11;1;10;13;4;18;18;19;7;8;4;5;
ap03:03;;;;;;;10.40.40;2;5;5;1;2490;;11;1;10;13;4;18;18;19;7;8;4;5;
az4;;;;;;;10.40.40;2;5;4;1;2492;;11;1;10;13;4;18;19;7;8;4;5;18;
a19SQ-~~~15;;;;;;;10.40.50;2;5;4;1;2502;;11;1;10;13;4;18;19;7;8;4;5;18;
*10RQ#~~~15;;;;;;;10.40.50;2;5;4;1;2502;;11;1;10;13;4;18;19;7;8;4;5;18;
*04ET+K1F;;;;;;;10.40.50;2;5;4;1;2504;;11;1;10;13;4;18;19;7;8;4;5;18;
*10AT/W4~42~H2;p;r;;;;;10.40.57;2;5;4;1;2505;;11;1;10;13;4;18;19;7;8;4;5;18;
a04BT#~~~~2~~2;p;;;;;;10.40.57;2;5;4;1;2505;;11;1;10;13;4;18;19;7;8;4;5;18;
ap03:04;;;;;;;10.41.04;2;5;4;1;2510;;11;1;10;13;4;18;19;7;8;4;5;18;
a19SQ=~~~16;s;;;;;;10.41.15;2;5;4;1;2528;;11;1;10;13;4;18;19;7;8;4;5;18;
*$$&H#;s;;;;;;10.41.15;2;5;4;1;2528;;11;1;10;13;4;18;19;7;8;4;5;18;
*p04:04;;;;;;;10.41.21;2;5;4;1;2533;;11;1;10;13;4;18;19;7;8;4;5;18;
*z4;;;;;;;10.41.21;2;4;4;1;2533;;1;10;13;4;18;11;19;7;8;4;5;18;
*01SQ-~~~16;;;;;;;10.41.38;2;4;4;1;2550;;1;10;13;4;18;11;19;7;8;4;5;18;
a15RQ+~~~16~~~~2;;;;;;;10.41.38;2;4;4;1;2550;;1;10;13;4;18;11;19;7;8;4;5;18;
a04ET+K3P~~~2;;;;;;;10.41.38;2;4;4;1;2550;;1;10;13;4;18;11;19;7;8;4;5;18;
a05AT-Y8~83~H2;;r;;;;;10.41.44;2;4;4;1;2553;;1;10;13;4;18;11;19;7;8;4;5;18;
*13BT+~~~~3~~2;;;;;;;10.41.44;2;4;4;1;2553;;1;10;13;4;18;11;19;7;8;4;5;18;
*18DH+;;;;;;;10.41.44;2;4;4;1;2553;;1;10;13;4;18;11;19;7;8;4;5;18;
*10AH-G4~49~P3~4;;p;;;;;10.41.50;2;4;4;1;2560;;1;10;13;4;18;11;19;7;8;4;5;18;
a18DH+~~~49;;;;;;;10.41.50;2;4;4;1;2560;;1;10;13;4;18;11;19;7;8;4;5;18;
a07AT#W4~42~T2S;s;s;;;;;10.41.56;2;4;4;1;2563;;1;10;13;4;18;11;19;7;8;4;5;18;
*04BT=~~~~2~~2;s;;;;;;10.41.56;2;4;4;1;2563;;1;10;13;4;18;11;19;7;8;4;5;18;
ap04:05;;;;;;;10.42.12;2;4;4;1;2568;;1;10;13;4;18;11;19;7;8;4;5;18;
az3;;;;;;;10.42.12;2;4;3;1;2584;;1;10;13;4;18;11;7;8;4;5;18;19;
a07SQ=~~~11;s;;;;;;10.42.14;2;4;3;1;2586;;1;10;13;4;18;11;7;8;4;5;18;19;
*$$&H#;s;;;;;;10.42.14;2;4;3;1;2586;;1;10;13;4;18;11;7;8;4;5;18;19;
*p05:05;;;;;;;10.42.19;2;4;3;1;2591;;1;10;13;4;18;11;7;8;4;5;18;19;
*z3;;;;;;;10.42.19;2;3;3;1;2591;;10;13;4;18;11;1;7;8;4;5;18;19;
*10SM!~~~16;;;;;;;10.42.34;2;3;3;1;2603;;10;13;4;18;11;1;7;8;4;5;18;19;
a07RM!~~~16~~~~4;;;;;;;10.42.34;2;3;3;1;2603;;10;13;4;18;11;1;7;8;4;5;18;19;
a04ET+KFB~~~2;;;;;;;10.42.34;2;3;3;1;2603;;10;13;4;18;11;1;7;8;4;5;18;19;
a19AT=Y9~95~H2S;p;r;;;;;10.42.39;2;3;3;1;2606;;10;13;4;18;11;1;7;8;4;5;18;19;
*$$&H#;p;;;;;;10.42.39;2;3;3;1;2606;;10;13;4;18;11;1;7;8;4;5;18;19;
*p06:05;;;;;;;10.42.44;2;3;3;1;2613;;10;13;4;18;11;1;7;8;4;5;18;19;
*10SM!~~~16;;;;;;;10.42.55;2;3;3;1;2627;;10;13;4;18;11;1;7;8;4;5;18;19;
a07RM!~~~16~~~~2;;;;;;;10.42.55;2;3;3;1;2627;;10;13;4;18;11;1;7;8;4;5;18;19;
a04EQ+K1C~2;;;;;;;10.42.55;2;3;3;1;2629;;10;13;4;18;11;1;7;8;4;5;18;19;
a08AQ-J1~33~T1;;r;;;;;10.43.01;2;3;3;1;2630;;10;13;4;18;11;1;7;8;4;5;18;19;
*18DQ+~~~33;;;;;;;10.43.01;2;3;3;1;2630;;10;13;4;18;11;1;7;8;4;5;18;19;
*18AT#W4~42~T2~1;p;p;;;;;10.43.04;2;3;3;1;2635;;10;13;4;18;11;1;7;8;4;5;18;19;
a08DT=~~~42;p;;;;;;10.43.04;2;3;3;1;2635;;10;13;4;18;11;1;7;8;4;5;18;19;
*p07:05;;;;;;;10.43.17;2;3;3;1;2640;;10;13;4;18;11;1;7;8;4;5;18;19;
*10SM-~~~11;;;;;;;10.43.22;2;3;3;1;2654;;10;13;4;18;11;1;7;8;4;5;18;19;
a07RM+~~~11~~~~3;;;;;;;10.43.22;2;3;3;1;2654;;10;13;4;18;11;1;7;8;4;5;18;19;
a04EQ+K1C~3;;;;;;;10.43.22;2;3;3;1;2656;;10;13;4;18;11;1;7;8;4;5;18;19;
a08AQ#J4~33~H2F;s;r;;;;;10.43.29;2;3;3;1;2657;;10;13;4;18;11;1;7;8;4;5;18;19;
*04BQ=~~~~3~~2;s;;;;;;10.43.29;2;3;3;1;2657;;10;13;4;18;11;1;7;8;4;5;18;19;
ap07:06;;;;;;;10.43.39;2;3;3;1;2664;;10;13;4;18;11;1;7;8;4;5;18;19;
az2;;;;;;;10.43.39;2;3;2;1;2671;;10;13;4;18;11;1;8;4;5;18;19;7;
a08SQ=~~~~~~~~N;s;;;;;;10.43.50;2;3;2;1;2682;;10;13;4;18;11;1;8;4;5;18;19;7;
*$$&H#;s;;;;;;10.43.50;2;3;2;1;2682;;10;13;4;18;11;1;8;4;5;18;19;7;
*p08:06;;;;;;;10.43.56;2;3;2;1;2686;;10;13;4;18;11;1;8;4;5;18;19;7;
*z2;;;;;;;10.43.56;2;2;2;1;2688;;13;4;18;11;1;10;8;4;5;18;19;7;
*13SM=~~~66;s;;;;;;10.44.11;2;2;2;1;2703;;13;4;18;11;1;10;8;4;5;18;19;7;
a$$&H#;s;;;;;;10.44.11;2;2;2;1;2703;;13;4;18;11;1;10;8;4;5;18;19;7;
ap08:07;;;;;;;10.44.21;2;2;2;1;2710;;13;4;18;11;1;10;8;4;5;18;19;7;
az1;;;;;;;10.44.21;2;2;1;1;2713;;13;4;18;11;1;10;4;5;18;19;7;8;
a04SM!~~~16;;;;;;;10.44.28;2;2;1;1;2721;;13;4;18;11;1;10;4;5;18;19;7;8;
*12RM!~~~16~O~~32;;;;;;;10.44.28;2;2;1;1;2721;;13;4;18;11;1;10;4;5;18;19;7;8;
*04ET+K1B;;;;;;;10.44.28;2;2;1;1;2721;;13;4;18;11;1;10;4;5;18;19;7;8;
*01AT#Y9~94~T2;s;r;;;;;10.44.35;2;2;1;1;2724;;13;4;18;11;1;10;4;5;18;19;7;8;
a15DT=~~~94;s;;;;;;10.44.35;2;2;1;1;2724;;13;4;18;11;1;10;4;5;18;19;7;8;
*p09:07;;;;;;;10.44.44;2;2;1;1;2729;;13;4;18;11;1;10;4;5;18;19;7;8;
*z1;;;;;;;10.44.44;2;1;1;1;2736;;4;18;11;1;10;13;4;5;18;19;7;8;
*04SQ+~~~66;;;;;;;10.45.00;2;1;1;1;2752;;4;18;11;1;10;13;4;5;18;19;7;8;
a15RQ-~~~66;;;;;;;10.45.00;2;1;1;1;2752;;4;18;11;1;10;13;4;5;18;19;7;8;
a07EH+~~B;;;;;;;10.45.05;2;1;1;1;2754;;4;18;11;1;10;13;4;5;18;19;7;8;
a05AH/G2~24~H2;p;r;;;;;10.45.09;2;1;1;1;2755;;4;18;11;1;10;13;4;5;18;19;7;8;
*11BH#~~~~4~~2;p;;;;;;10.45.09;2;1;1;1;2755;;4;18;11;1;10;13;4;5;18;19;7;8;
*p10:07;;;;;;;10.45.22;2;1;1;1;2763;;4;18;11;1;10;13;4;5;18;19;7;8;
aT;;;;;;;10.45.22;2;1;1;1;2774;;4;18;11;1;10;13;4;5;18;19;7;8;
*04SQ-~~~66;;;;;;;10.46.28;2;1;1;1;2840;;4;18;11;1;10;13;4;5;18;19;7;8;
a15RQ+~~~66~~~~2;;;;;;;10.46.28;2;1;1;1;2840;;4;18;11;1;10;13;4;5;18;19;7;8;
a04ET+K2F~2;;;;;;;10.46.28;2;1;1;1;2842;;4;18;11;1;10;13;4;5;18;19;7;8;
a19AT#W4~42~H1S;s;r;;;;;10.46.35;2;1;1;1;2843;;4;18;11;1;10;13;4;5;18;19;7;8;
*01BT=~~~~2~~1;s;;;;;;10.46.35;2;1;1;1;2843;;4;18;11;1;10;13;4;5;18;19;7;8;
ap10:08;;;;;;;10.46.40;2;1;1;1;2848;;4;18;11;1;10;13;4;5;18;19;7;8;
az6;;;;;;;10.46.40;2;1;6;1;2852;;4;18;11;1;10;13;5;18;19;7;8;4;
a05SQ-~~~56;;;;;;;10.46.49;2;1;6;1;2861;;4;18;11;1;10;13;5;18;19;7;8;4;
*12RQ#~~~56;;;;;;;10.46.49;2;1;6;1;2861;;4;18;11;1;10;13;5;18;19;7;8;4;
*04EQ+K1C;;;;;;;10.46.49;2;1;6;1;2863;;4;18;11;1;10;13;5;18;19;7;8;4;
*11AQ#J1~35~H1;s;r;;;;;10.46.56;2;1;6;1;2864;;4;18;11;1;10;13;5;18;19;7;8;4;
a$$&H=;s;;;;;;10.46.56;2;1;6;1;2864;;4;18;11;1;10;13;5;18;19;7;8;4;
*p11:08;;;;;;;10.47.05;2;1;6;1;2869;;4;18;11;1;10;13;5;18;19;7;8;4;
*z6;;;;;;;10.47.05;2;6;6;1;2877;;18;11;1;10;13;4;5;18;19;7;8;4;
*18SQ#~~~15;p;;;;;;10.47.13;2;6;6;1;2885;;18;11;1;10;13;4;5;18;19;7;8;4;
a07RQ=~~~15;p;;;;;;10.47.13;2;6;6;1;2885;;18;11;1;10;13;4;5;18;19;7;8;4;
*p12:08;;;;;;;10.47.23;2;6;6;1;2891;;18;11;1;10;13;4;5;18;19;7;8;4;
*18SQ#~~~15;p;;;;;;10.47.34;2;6;6;1;2906;;18;11;1;10;13;4;5;18;19;7;8;4;
a07RQ=~~~15;p;;;;;;10.47.34;2;6;6;1;2906;;18;11;1;10;13;4;5;18;19;7;8;4;
*p13:08;;;;;;;10.47.40;2;6;6;1;2912;;18;11;1;10;13;4;5;18;19;7;8;4;
*18SQ#~~~15;p;;;;;;10.48.13;2;6;6;1;2945;;18;11;1;10;13;4;5;18;19;7;8;4;
a15RQ=~~~15;p;;;;;;10.48.13;2;6;6;1;2945;;18;11;1;10;13;4;5;18;19;7;8;4;
*p14:08;;;;;;;10.48.19;2;6;6;1;2951;;18;11;1;10;13;4;5;18;19;7;8;4;
aT;;;;;;;10.48.19;2;6;6;1;2951;;18;11;1;10;13;4;5;18;19;7;8;4;
*18SQ#~~~15;p;;;;;;10.49.30;2;6;6;1;3022;;18;11;1;10;13;4;5;18;19;7;8;4;
a07RQ=~~~15;p;;;;;;10.49.30;2;6;6;1;3022;;18;11;1;10;13;4;5;18;19;7;8;4;
*p15:08;;;;;;;10.49.41;2;6;6;1;3028;;18;11;1;10;13;4;5;18;19;7;8;4;
*18SQ/~~~15;;;;;;;10.49.51;2;6;6;1;3044;;18;11;1;10;13;4;5;18;19;7;8;4;
a07RQ/~~~15;;;;;;;10.49.51;2;6;6;1;3044;;18;11;1;10;13;4;5;18;19;7;8;4;
*01AO#V2~24~H;p;p;;;;;10.49.58;2;6;6;1;3048;;18;11;1;10;13;4;5;18;19;7;8;4;
a$$&H=;p;;;;;;10.49.58;2;6;6;1;3048;;18;11;1;10;13;4;5;18;19;7;8;4;
*p16:08;;;;;;;10.50.03;2;6;6;1;3053;;18;11;1;10;13;4;5;18;19;7;8;4;
ac07:16;;;;;;;10.50.03;2;6;6;1;3055;;18;11;1;10;13;4;5;18;19;16;8;4;
*18SQ+~~~16;;;;;;;10.50.22;2;6;6;1;3073;;18;11;1;10;13;4;5;18;19;16;8;4;
a15RQ-~~~16;;;;;;;10.50.22;2;6;6;1;3073;;18;11;1;10;13;4;5;18;19;16;8;4;
a04EH+KEB~~~2;;;;;;;10.50.22;2;6;6;1;3073;;18;11;1;10;13;4;5;18;19;16;8;4;
a19AH#G2~24~H2F;s;r;;;;;10.50.29;2;6;6;1;3076;;18;11;1;10;13;4;5;18;19;16;8;4;
*11BH=~~~~4~~2;s;;;;;;10.50.29;2;6;6;1;3076;;18;11;1;10;13;4;5;18;19;16;8;4;
ap16:09;;;;;;;10.50.32;2;6;6;1;3083;;18;11;1;10;13;4;5;18;19;16;8;4;
az5;;;;;;;10.50.32;2;6;5;1;3084;;18;11;1;10;13;4;18;19;16;8;4;5;
a18SM-~~~66;;;;;;;10.50.50;2;6;5;1;3103;;18;11;1;10;13;4;18;19;16;8;4;5;
*12RM#~~~66;;;;;;;10.50.50;2;6;5;1;3103;;18;11;1;10;13;4;18;19;16;8;4;5;
*04EQ+K1C;;;;;;;10.50.50;2;6;5;1;3105;;18;11;1;10;13;4;18;19;16;8;4;5;
*11AQ=J1~33~H1N;p;r;;;;;10.50.55;2;6;5;1;3106;;18;11;1;10;13;4;18;19;16;8;4;5;
a$$&H#;p;;;;;;10.50.55;2;6;5;1;3106;;18;11;1;10;13;4;18;19;16;8;4;5;
ap16:10;;;;;;;10.51.01;2;6;5;1;3111;;18;11;1;10;13;4;18;19;16;8;4;5;
a18SM-~~~55;;;;;;;10.51.14;2;6;5;1;3127;;18;11;1;10;13;4;18;19;16;8;4;5;
*12RM#~~~55~O;;;;;;;10.51.14;2;6;5;1;3127;;18;11;1;10;13;4;18;19;16;8;4;5;
*04ET+K1B;;;;;;;10.51.14;2;6;5;1;3129;;18;11;1;10;13;4;18;19;16;8;4;5;
*01AT#W2~24~H2F;s;r;;;;;10.51.20;2;6;5;1;3130;;18;11;1;10;13;4;18;19;16;8;4;5;
a16BT=~~~~4~~2;s;;;;;;10.51.20;2;6;5;1;3130;;18;11;1;10;13;4;18;19;16;8;4;5;
*p17:10;;;;;;;10.51.26;2;6;5;1;3135;;18;11;1;10;13;4;18;19;16;8;4;5;
*z5;;;;;;;10.51.26;2;5;5;1;3138;;11;1;10;13;4;18;18;19;16;8;4;5;
*11SM!~~~55;;;;;;;10.51.39;2;5;5;1;3151;;11;1;10;13;4;18;18;19;16;8;4;5;
a05RM!~~~55;;;;;;;10.51.39;2;5;5;1;3151;;11;1;10;13;4;18;18;19;16;8;4;5;
a04EH+K8F~~~2;;;;;;;10.51.39;2;5;5;1;3151;;11;1;10;13;4;18;18;19;16;8;4;5;
a16AH=G4~41~H2S;p;r;;;;;10.51.45;2;5;5;1;3154;;11;1;10;13;4;18;18;19;16;8;4;5;
*$$&H#;p;;;;;;10.51.45;2;5;5;1;3154;;11;1;10;13;4;18;18;19;16;8;4;5;
*p18:10;;;;;;;10.51.48;2;5;5;1;3160;;11;1;10;13;4;18;18;19;16;8;4;5;
ac16:07;;;;;;;10.51.48;2;5;5;1;3160;;11;1;10;13;4;18;18;19;7;8;4;5;
*11SM!~~~56;;;;;;;10.52.06;2;5;5;1;3178;;11;1;10;13;4;18;18;19;7;8;4;5;
a05RM!~~~56~~~~2;;;;;;;10.52.06;2;5;5;1;3178;;11;1;10;13;4;18;18;19;7;8;4;5;
a04ET+K8F~~~2;;;;;;;10.52.06;2;5;5;1;3178;;11;1;10;13;4;18;18;19;7;8;4;5;
a07AT=W4~42~T2I;p;r;;;;;10.52.11;2;5;5;1;3181;;11;1;10;13;4;18;18;19;7;8;4;5;
*$$&H#;p;;;;;;10.52.11;2;5;5;1;3181;;11;1;10;13;4;18;18;19;7;8;4;5;
*p19:10;;;;;;;10.52.19;2;5;5;1;3188;;11;1;10;13;4;18;18;19;7;8;4;5;
*11SM-~~~56;;;;;;;10.52.34;2;5;5;1;3207;;11;1;10;13;4;18;18;19;7;8;4;5;
a05RM#~~~56~~~~3;;;;;;;10.52.34;2;5;5;1;3207;;11;1;10;13;4;18;18;19;7;8;4;5;
a04ET+K1B~3;;;;;;;10.52.34;2;5;5;1;3209;;11;1;10;13;4;18;18;19;7;8;4;5;
a19AT=W2~25~H2S;p;r;;;;;10.52.41;2;5;5;1;3210;;11;1;10;13;4;18;18;19;7;8;4;5;
*$$&H#;p;;;;;;10.52.41;2;5;5;1;3210;;11;1;10;13;4;18;18;19;7;8;4;5;
*p20:10;;;;;;;10.52.46;2;5;5;1;3215;;11;1;10;13;4;18;18;19;7;8;4;5;
ac19:13;;;;;;;10.52.46;2;5;5;1;3218;;11;1;10;13;4;18;18;13;7;8;4;5;
*11SM-~~~56;;;;;;;10.53.00;2;5;5;1;3233;;11;1;10;13;4;18;18;13;7;8;4;5;
a05RM+~~~56~~~~3;;;;;;;10.53.00;2;5;5;1;3233;;11;1;10;13;4;18;18;13;7;8;4;5;
a04ET+K2B~3;;;;;;;10.53.00;2;5;5;1;3235;;11;1;10;13;4;18;18;13;7;8;4;5;
a13AT=W2~24~H2N;p;r;;;;;10.53.06;2;5;5;1;3236;;11;1;10;13;4;18;18;13;7;8;4;5;
*$$&H#;p;;;;;;10.53.06;2;5;5;1;3236;;11;1;10;13;4;18;18;13;7;8;4;5;
*p21:10;;;;;;;10.53.12;2;5;5;1;3241;;11;1;10;13;4;18;18;13;7;8;4;5;
*c13:08;;;;;;;10.53.12;2;5;5;1;3244;;11;1;10;8;4;18;18;13;7;8;4;5;
*11SM=~~~56;s;;;;;;10.53.35;2;5;5;1;3267;;11;1;10;8;4;18;18;13;7;8;4;5;
a$$&H#;s;;;;;;10.53.35;2;5;5;1;3267;;11;1;10;8;4;18;18;13;7;8;4;5;
ap21:11;;;;;;;10.53.40;2;5;5;1;3272;;11;1;10;8;4;18;18;13;7;8;4;5;
az4;;;;;;;10.53.40;2;5;4;1;3272;;11;1;10;8;4;18;13;7;8;4;5;18;
a13SQ-~~~16;;;;;;;10.53.56;2;5;4;1;3288;;11;1;10;8;4;18;13;7;8;4;5;18;
*12RQ+~~~16~~~~31;;;;;;;10.53.56;2;5;4;1;3288;;11;1;10;8;4;18;13;7;8;4;5;18;
*04EQ+K1C;;;;;;;10.53.56;2;5;4;1;3290;;11;1;10;8;4;18;13;7;8;4;5;18;
*08AQ#J1~35~H1;s;r;;;;;10.53.56;2;5;4;1;3291;;11;1;10;8;4;18;13;7;8;4;5;18;
a10DQ=~~~35;s;;;;;;10.53.56;2;5;4;1;3291;;11;1;10;8;4;18;13;7;8;4;5;18;
*p22:11;;;;;;;10.54.13;2;5;4;1;3296;;11;1;10;8;4;18;13;7;8;4;5;18;
*z4;;;;;;;10.54.13;2;4;4;1;3305;;1;10;8;4;18;11;13;7;8;4;5;18;
*01SQ+~~~16;;;;;;;10.54.20;2;4;4;1;3313;;1;10;8;4;18;11;13;7;8;4;5;18;
a10RQ-~~~16;;;;;;;10.54.20;2;4;4;1;3313;;1;10;8;4;18;11;13;7;8;4;5;18;
a04EH+KEB~~~2;;;;;;;10.54.20;2;4;4;1;3313;;1;10;8;4;18;11;13;7;8;4;5;18;
a13AH+G9~94~H2;;r;;;;;10.54.27;2;4;4;1;3316;;1;10;8;4;18;11;13;7;8;4;5;18;
*08BH-~~~~4~~2;;;;;;;10.54.27;2;4;4;1;3316;;1;10;8;4;18;11;13;7;8;4;5;18;
*04DH/;;;;;;;10.54.27;2;4;4;1;3316;;1;10;8;4;18;11;13;7;8;4;5;18;
a05FH+;;;;;;;10.54.31;2;4;4;1;3319;;1;10;8;4;18;11;13;7;8;4;5;18;
a04AO+JJ~38~T1;;s;;;;;10.54.34;2;4;4;1;3321;;1;10;8;4;18;11;13;7;8;4;5;18;
*15DO-~~~38;;;;;;;10.54.34;2;4;4;1;3321;;1;10;8;4;18;11;13;7;8;4;5;18;
a07AT/W4~42~H2;p;s;;;;;10.54.37;2;4;4;1;3325;;1;10;8;4;18;11;13;7;8;4;5;18;
*04BT#~~~~2~~2;p;;;;;;10.54.37;2;4;4;1;3325;;1;10;8;4;18;11;13;7;8;4;5;18;
*p23:11;;;;;;;10.54.50;2;4;4;1;3331;;1;10;8;4;18;11;13;7;8;4;5;18;
*01SQ#~~~15;p;;;;;;10.55.03;2;4;4;1;3354;;1;10;8;4;18;11;13;7;8;4;5;18;
a07RQ=~~~15;p;;;;;;10.55.03;2;4;4;1;3354;;1;10;8;4;18;11;13;7;8;4;5;18;
*p24:11;;;;;;;10.55.09;2;4;4;1;3362;;1;10;8;4;18;11;13;7;8;4;5;18;
*01SQ/~~~16;;;;;;;10.55.31;2;4;4;1;3383;;1;10;8;4;18;11;13;7;8;4;5;18;
a10RQ/~~~16;;;;;;;10.55.31;2;4;4;1;3383;;1;10;8;4;18;11;13;7;8;4;5;18;
*01FH+;;;;;;;10.55.39;2;4;4;1;3385;;1;10;8;4;18;11;13;7;8;4;5;18;
a08AQ-J1~36~T1;;s;;;;;10.55.40;2;4;4;1;3388;;1;10;8;4;18;11;13;7;8;4;5;18;
*13DQ+~~~36;;;;;;;10.55.40;2;4;4;1;3388;;1;10;8;4;18;11;13;7;8;4;5;18;
a07AT#W4~42~H2S;s;s;;;;;10.55.45;2;4;4;1;3391;;1;10;8;4;18;11;13;7;8;4;5;18;
*04BT=~~~~2~~2;s;;;;;;10.55.45;2;4;4;1;3391;;1;10;8;4;18;11;13;7;8;4;5;18;
ap24:12;;;;;;;10.56.18;2;4;4;1;3399;;1;10;8;4;18;11;13;7;8;4;5;18;
az3;;;;;;;10.56.18;2;4;3;1;3430;;1;10;8;4;18;11;7;8;4;5;18;13;
a07SQ-~~~15;;;;;;;10.56.36;2;4;3;1;3448;;1;10;8;4;18;11;7;8;4;5;18;13;
*10RQ+~~~15~~~~32;;;;;;;10.56.36;2;4;3;1;3448;;1;10;8;4;18;11;7;8;4;5;18;13;
*04EQ+K1C;;;;;;;10.56.36;2;4;3;1;3450;;1;10;8;4;18;11;7;8;4;5;18;13;
*08AQ=J4~33~H1N;p;r;;;;;10.56.43;2;4;3;1;3451;;1;10;8;4;18;11;7;8;4;5;18;13;
a$$&H#;p;;;;;;10.56.43;2;4;3;1;3451;;1;10;8;4;18;11;7;8;4;5;18;13;
ap24:13;;;;;;;10.56.48;2;4;3;1;3456;;1;10;8;4;18;11;7;8;4;5;18;13;
a07SQ!~~~11;;;;;;;10.56.58;2;4;3;1;3469;;1;10;8;4;18;11;7;8;4;5;18;13;
*12RQ!~~~11~~~~42;;;;;;;10.56.58;2;4;3;1;3469;;1;10;8;4;18;11;7;8;4;5;18;13;
*04ET+K8F;;;;;;;10.56.58;2;4;3;1;3469;;1;10;8;4;18;11;7;8;4;5;18;13;
*10AT#W4~42~H2S;s;r;;;;;10.57.05;2;4;3;1;3472;;1;10;8;4;18;11;7;8;4;5;18;13;
a08BT=~~~~2~~2;s;;;;;;10.57.05;2;4;3;1;3472;;1;10;8;4;18;11;7;8;4;5;18;13;
*p25:13;;;;;;;10.57.13;2;4;3;1;3478;;1;10;8;4;18;11;7;8;4;5;18;13;
**2set;;;;;;;10.57.13;3;4;3;1;3485;;;;;;;;;;;;;;
aP04>LUp;;;;;;;10.57.13;3;4;3;1;3485;;4;7;11;1;18;13;5;18;19;7;8;4;
az6>LUp;;;;;;;10.57.13;3;4;6;1;3485;;4;7;11;1;18;13;5;18;19;7;8;4;
*P04>LUp;;;;;;;10.57.13;3;4;6;1;3485;;4;7;11;1;18;13;5;18;19;7;8;4;
*z1>LUp;;;;;;;10.57.13;3;1;6;1;3485;;4;7;11;1;18;13;5;18;19;7;8;4;
*04SQ!~~~61;;;;;;;11.00.32;3;1;6;1;3684;;4;7;11;1;18;13;5;18;19;7;8;4;
a05RQ!~~~61~~~~3;;;;;;;11.00.32;3;1;6;1;3684;;4;7;11;1;18;13;5;18;19;7;8;4;
a04ET+K8B~~~2;;;;;;;11.00.32;3;1;6;1;3684;;4;7;11;1;18;13;5;18;19;7;8;4;
a19AT#W2~24~H2F;s;r;;;;;11.00.39;3;1;6;1;3687;;4;7;11;1;18;13;5;18;19;7;8;4;
*07BT=~~~~4~~2;s;;;;;;11.00.39;3;1;6;1;3687;;4;7;11;1;18;13;5;18;19;7;8;4;
ap00:01;;;;;;;11.00.46;3;1;6;1;3693;;4;7;11;1;18;13;5;18;19;7;8;4;
az5;;;;;;;11.00.46;3;1;5;1;3698;;4;7;11;1;18;13;18;19;7;8;4;5;
a18SM-~~~56;;;;;;;11.00.59;3;1;5;1;3711;;4;7;11;1;18;13;18;19;7;8;4;5;
*12RM+~~~56~~~~22;;;;;;;11.00.59;3;1;5;1;3711;;4;7;11;1;18;13;18;19;7;8;4;5;
*04ET+K9B;;;;;;;11.00.59;3;1;5;1;3711;;4;7;11;1;18;13;18;19;7;8;4;5;
*07AT#W2~24~H2S;s;r;;;;;11.01.06;3;1;5;1;3714;;4;7;11;1;18;13;18;19;7;8;4;5;
a07BT=~~~~4~~2;s;;;;;;11.01.06;3;1;5;1;3714;;4;7;11;1;18;13;18;19;7;8;4;5;
*p01:01;;;;;;;11.01.14;3;1;5;1;3719;;4;7;11;1;18;13;18;19;7;8;4;5;
*z6;;;;;;;11.01.14;3;6;5;1;3726;;7;11;1;18;13;4;18;19;7;8;4;5;
*07SQ!~~~11;;;;;;;11.01.28;3;6;5;1;3741;;7;11;1;18;13;4;18;19;7;8;4;5;
a15RQ!~~~11~~~~2;;;;;;;11.01.28;3;6;5;1;3741;;7;11;1;18;13;4;18;19;7;8;4;5;
a04EQ+K8C~2;;;;;;;11.01.28;3;6;5;1;3743;;7;11;1;18;13;4;18;19;7;8;4;5;
a08AQ/J2~33~T2;p;r;;;;;11.01.35;3;6;5;1;3744;;7;11;1;18;13;4;18;19;7;8;4;5;
*11BQ#~~~~3~~2;p;;;;;;11.01.35;3;6;5;1;3744;;7;11;1;18;13;4;18;19;7;8;4;5;
*p02:01;;;;;;;11.01.45;3;6;5;1;3750;;7;11;1;18;13;4;18;19;7;8;4;5;
*07SQ-~~~16;;;;;;;11.01.54;3;6;5;1;3766;;7;11;1;18;13;4;18;19;7;8;4;5;
a05RQ+~~~16~~~~3;;;;;;;11.01.54;3;6;5;1;3766;;7;11;1;18;13;4;18;19;7;8;4;5;
a04ET+K1F~3;;;;;;;11.01.54;3;6;5;1;3768;;7;11;1;18;13;4;18;19;7;8;4;5;
a07AT=W4~41~H2S;p;r;;;;;11.02.02;3;6;5;1;3769;;7;11;1;18;13;4;18;19;7;8;4;5;
*$$&H#;p;;;;;;11.02.02;3;6;5;1;3769;;7;11;1;18;13;4;18;19;7;8;4;5;
*p03:01;;;;;;;11.02.08;3;6;5;1;3775;;7;11;1;18;13;4;18;19;7;8;4;5;
*07SQ=~~~~~~~~N;s;;;;;;11.02.25;3;6;5;1;3798;;7;11;1;18;13;4;18;19;7;8;4;5;
a$$&H#;s;;;;;;11.02.25;3;6;5;1;3798;;7;11;1;18;13;4;18;19;7;8;4;5;
ap03:02;;;;;;;11.02.31;3;6;5;1;3804;;7;11;1;18;13;4;18;19;7;8;4;5;
az4;;;;;;;11.02.31;3;6;4;1;3803;;7;11;1;18;13;4;19;7;8;4;5;18;
a19SQ-~~~11;;;;;;;11.02.44;3;6;4;1;3816;;7;11;1;18;13;4;19;7;8;4;5;18;
*07RQ+~~~11~~~~31;;;;;;;11.02.44;3;6;4;1;3816;;7;11;1;18;13;4;19;7;8;4;5;18;
*04ET+K1B;;;;;;;11.02.44;3;6;4;1;3818;;7;11;1;18;13;4;19;7;8;4;5;18;
*01AT#W2~24~H2S;s;r;;;;;11.02.53;3;6;4;1;3819;;7;11;1;18;13;4;19;7;8;4;5;18;
a07BT=~~~~4~~2;s;;;;;;11.02.53;3;6;4;1;3819;;7;11;1;18;13;4;19;7;8;4;5;18;
*p04:02;;;;;;;11.03.00;3;6;4;1;3825;;7;11;1;18;13;4;19;7;8;4;5;18;
*z5;;;;;;;11.03.00;3;5;4;1;3832;;11;1;18;13;4;7;19;7;8;4;5;18;
*11SM-~~~55;;;;;;;11.03.06;3;5;4;1;3839;;11;1;18;13;4;7;19;7;8;4;5;18;
a05RM+~~~55~~~~3;;;;;;;11.03.06;3;5;4;1;3839;;11;1;18;13;4;7;19;7;8;4;5;18;
a04EQ+K1C~3;;;;;;;11.03.06;3;5;4;1;3841;;11;1;18;13;4;7;19;7;8;4;5;18;
a08AQ#J4~35~H1;s;r;;;;;11.03.12;3;5;4;1;3842;;11;1;18;13;4;7;19;7;8;4;5;18;
*$$&H=;s;;;;;;11.03.12;3;5;4;1;3842;;11;1;18;13;4;7;19;7;8;4;5;18;
ap04:03;;;;;;;11.03.20;3;5;4;1;3847;;11;1;18;13;4;7;19;7;8;4;5;18;
az3;;;;;;;11.03.20;3;5;3;1;3852;;11;1;18;13;4;7;7;8;4;5;18;19;
a07SQ!~~~11;;;;;;;11.03.30;3;5;3;1;3862;;11;1;18;13;4;7;7;8;4;5;18;19;
*12RQ!~~~11~~~~32;;;;;;;11.03.30;3;5;3;1;3862;;11;1;18;13;4;7;7;8;4;5;18;19;
*04ET+K8B;;;;;;;11.03.30;3;5;3;1;3864;;11;1;18;13;4;7;7;8;4;5;18;19;
*01AT#W2~25~H2S;s;r;;;;;11.03.36;3;5;3;1;3865;;11;1;18;13;4;7;7;8;4;5;18;19;
a$$&H=;s;;;;;;11.03.36;3;5;3;1;3865;;11;1;18;13;4;7;7;8;4;5;18;19;
*p05:03;;;;;;;11.03.49;3;5;3;1;3870;;11;1;18;13;4;7;7;8;4;5;18;19;
*z4;;;;;;;11.03.49;3;4;3;1;3881;;1;18;13;4;7;11;7;8;4;5;18;19;
*01SQ=~~~~~~~~N;s;;;;;;11.03.55;3;4;3;1;3887;;1;18;13;4;7;11;7;8;4;5;18;19;
a$$&H#;s;;;;;;11.03.55;3;4;3;1;3887;;1;18;13;4;7;11;7;8;4;5;18;19;
ap05:04;;;;;;;11.04.01;3;4;3;1;3893;;1;18;13;4;7;11;7;8;4;5;18;19;
az2;;;;;;;11.04.01;3;4;2;1;3893;;1;18;13;4;7;11;8;4;5;18;19;7;
a08SQ+~~~16;;;;;;;11.04.16;3;4;2;1;3908;;1;18;13;4;7;11;8;4;5;18;19;7;
*07RQ-~~~16;;;;;;;11.04.16;3;4;2;1;3908;;1;18;13;4;7;11;8;4;5;18;19;7;
*04ET+KEF;;;;;;;11.04.16;3;4;2;1;3908;;1;18;13;4;7;11;8;4;5;18;19;7;
*18AT-W4~42~H2;;r;;;;;11.04.23;3;4;2;1;3911;;1;18;13;4;7;11;8;4;5;18;19;7;
a18BT+~~~~2~~2;;;;;;;11.04.23;3;4;2;1;3911;;1;18;13;4;7;11;8;4;5;18;19;7;
a05DH+;;;;;;;11.04.23;3;4;2;1;3911;;1;18;13;4;7;11;8;4;5;18;19;7;
a07EH+~~F;;;;;;;11.04.29;3;4;2;1;3911;;1;18;13;4;7;11;8;4;5;18;19;7;
a05AH/G4~42~H2;s;p;;;;;11.04.29;3;4;2;1;3914;;1;18;13;4;7;11;8;4;5;18;19;7;
*04BH#~~~~2~~2;s;;;;;;11.04.29;3;4;2;1;3914;;1;18;13;4;7;11;8;4;5;18;19;7;
*p06:04;;;;;;;11.04.39;3;4;2;1;3924;;1;18;13;4;7;11;8;4;5;18;19;7;
*z3;;;;;;;11.04.39;3;3;2;1;3931;;18;13;4;7;11;1;8;4;5;18;19;7;
*18SQ=~~~~~~~~N;s;;;;;;11.04.49;3;3;2;1;3942;;18;13;4;7;11;1;8;4;5;18;19;7;
a$$&H#;s;;;;;;11.04.49;3;3;2;1;3942;;18;13;4;7;11;1;8;4;5;18;19;7;
ap06:05;;;;;;;11.04.54;3;3;2;1;3947;;18;13;4;7;11;1;8;4;5;18;19;7;
az1;;;;;;;11.04.54;3;3;1;1;3946;;18;13;4;7;11;1;4;5;18;19;7;8;
a04SQ-~~~15;;;;;;;11.05.08;3;3;1;1;3958;;18;13;4;7;11;1;4;5;18;19;7;8;
*07RQ+~~~15~~~~41;;;;;;;11.05.08;3;3;1;1;3958;;18;13;4;7;11;1;4;5;18;19;7;8;
*04EQ+K1C;;;;;;;11.05.08;3;3;1;1;3960;;18;13;4;7;11;1;4;5;18;19;7;8;
*13AQ+J1~36~H1;;r;;;;;11.05.14;3;3;1;1;3961;;18;13;4;7;11;1;4;5;18;19;7;8;
a07DQ-~~~36;;;;;;;11.05.14;3;3;1;1;3961;;18;13;4;7;11;1;4;5;18;19;7;8;
a05AH-G4~46~H2;;p;;;;;11.05.17;3;3;1;1;3964;;18;13;4;7;11;1;4;5;18;19;7;8;
*18DH+~~~46;;;;;;;11.05.17;3;3;1;1;3964;;18;13;4;7;11;1;4;5;18;19;7;8;
*07AT-W4~48~T2~1;;s;;;;;11.05.21;3;3;1;1;3969;;18;13;4;7;11;1;4;5;18;19;7;8;
a15DT+~~~48;;;;;;;11.05.21;3;3;1;1;3969;;18;13;4;7;11;1;4;5;18;19;7;8;
a07EH+~~B;;;;;;;11.05.25;3;3;1;1;3969;;18;13;4;7;11;1;4;5;18;19;7;8;
a19AH#G2~21~H2;p;p;;;;;11.05.25;3;3;1;1;3972;;18;13;4;7;11;1;4;5;18;19;7;8;
*$$&H=;p;;;;;;11.05.25;3;3;1;1;3972;;18;13;4;7;11;1;4;5;18;19;7;8;
ap06:06;;;;;;;11.05.39;3;3;1;1;3977;;18;13;4;7;11;1;4;5;18;19;7;8;
a04SQ-~~~15;;;;;;;11.05.41;3;3;1;1;3993;;18;13;4;7;11;1;4;5;18;19;7;8;
*07RQ+~~~15~~~~32;;;;;;;11.05.41;3;3;1;1;3993;;18;13;4;7;11;1;4;5;18;19;7;8;
*04ET+K1B;;;;;;;11.05.41;3;3;1;1;3995;;18;13;4;7;11;1;4;5;18;19;7;8;
*01AT#Y9~95~H2;s;r;;;;;11.05.47;3;3;1;1;3996;;18;13;4;7;11;1;4;5;18;19;7;8;
a15DT=~~~95;s;;;;;;11.05.47;3;3;1;1;3996;;18;13;4;7;11;1;4;5;18;19;7;8;
*p07:06;;;;;;;11.05.55;3;3;1;1;4001;;18;13;4;7;11;1;4;5;18;19;7;8;
*z2;;;;;;;11.05.55;3;2;1;1;4007;;13;4;7;11;1;18;4;5;18;19;7;8;
*c11:03;;;;;;;11.05.55;3;2;1;1;4007;;13;4;7;3;1;18;4;5;18;19;7;8;
*13SM=~~~55;s;;;;;;11.06.11;3;2;1;1;4023;;13;4;7;3;1;18;4;5;18;19;7;8;
a$$&H#;s;;;;;;11.06.11;3;2;1;1;4023;;13;4;7;3;1;18;4;5;18;19;7;8;
ap07:07;;;;;;;11.06.16;3;2;1;1;4029;;13;4;7;3;1;18;4;5;18;19;7;8;
az6;;;;;;;11.06.16;3;2;6;1;4028;;13;4;7;3;1;18;5;18;19;7;8;4;
a05SQ=~~~55;s;;;;;;11.06.30;3;2;6;1;4042;;13;4;7;3;1;18;5;18;19;7;8;4;
*$$&H#;s;;;;;;11.06.30;3;2;6;1;4042;;13;4;7;3;1;18;5;18;19;7;8;4;
*p08:07;;;;;;;11.06.36;3;2;6;1;4049;;13;4;7;3;1;18;5;18;19;7;8;4;
*z1;;;;;;;11.06.36;3;1;6;1;4048;;4;7;3;1;18;13;5;18;19;7;8;4;
*04SM-~~~55;;;;;;;11.06.49;3;1;6;1;4061;;4;7;3;1;18;13;5;18;19;7;8;4;
a15RM+~~~55~~~~3;;;;;;;11.06.49;3;1;6;1;4061;;4;7;3;1;18;13;5;18;19;7;8;4;
a04EQ+K1C~3;;;;;;;11.06.49;3;1;6;1;4063;;4;7;3;1;18;13;5;18;19;7;8;4;
a18AQ#J4~33~H1S;s;r;;;;;11.06.55;3;1;6;1;4064;;4;7;3;1;18;13;5;18;19;7;8;4;
*03BQ=~~~~3~~1;s;;;;;;11.06.55;3;1;6;1;4064;;4;7;3;1;18;13;5;18;19;7;8;4;
ap08:08;;;;;;;11.07.01;3;1;6;1;4069;;4;7;3;1;18;13;5;18;19;7;8;4;
az5;;;;;;;11.07.01;3;1;5;1;4073;;4;7;3;1;18;13;18;19;7;8;4;5;
a18SM-~~~65;;;;;;;11.07.14;3;1;5;1;4086;;4;7;3;1;18;13;18;19;7;8;4;5;
*18RM+~~~65~~~~41;;;;;;;11.07.14;3;1;5;1;4086;;4;7;3;1;18;13;18;19;7;8;4;5;
*04EQ+KFC;;;;;;;11.07.14;3;1;5;1;4088;;4;7;3;1;18;13;18;19;7;8;4;5;
*03AQ-J3~35~H1;;r;;;;;11.07.21;3;1;5;1;4089;;4;7;3;1;18;13;18;19;7;8;4;5;
a18DQ+~~~35;;;;;;;11.07.21;3;1;5;1;4089;;4;7;3;1;18;13;18;19;7;8;4;5;
a07AH+G4~42~T2;;p;;;;;11.07.24;3;1;5;1;4092;;4;7;3;1;18;13;18;19;7;8;4;5;
*03BH-~~~~2~~2;;;;;;;11.07.24;3;1;5;1;4092;;4;7;3;1;18;13;18;19;7;8;4;5;
a08AQ+J1~33~H1;;p;;;;;11.07.27;3;1;5;1;4095;;4;7;3;1;18;13;18;19;7;8;4;5;
*03BQ-~~~~3~~1;;;;;;;11.07.27;3;1;5;1;4095;;4;7;3;1;18;13;18;19;7;8;4;5;
a08AO-V3~33~T1;;p;;;;;11.07.27;3;1;5;1;4095;;4;7;3;1;18;13;18;19;7;8;4;5;
*01DO+~~~33;;;;;;;11.07.27;3;1;5;1;4095;;4;7;3;1;18;13;18;19;7;8;4;5;
*07AT=W2~24~H2I2;p;s;;;;;11.07.33;3;1;5;1;4101;;4;7;3;1;18;13;18;19;7;8;4;5;
a$$&H#;p;;;;;;11.07.33;3;1;5;1;4101;;4;7;3;1;18;13;18;19;7;8;4;5;
ap08:09;;;;;;;11.07.52;3;1;5;1;4106;;4;7;3;1;18;13;18;19;7;8;4;5;
a18SM/~~~65;;;;;;;11.07.56;3;1;5;1;4128;;4;7;3;1;18;13;18;19;7;8;4;5;
*18RM/~~~65;;;;;;;11.07.56;3;1;5;1;4128;;4;7;3;1;18;13;18;19;7;8;4;5;
a19AO=V2~25~H~S;s;p;;;;;11.08.05;3;1;5;1;4130;;4;7;3;1;18;13;18;19;7;8;4;5;
*$$&H#;s;;;;;;11.08.05;3;1;5;1;4130;;4;7;3;1;18;13;18;19;7;8;4;5;
*p09:09;;;;;;;11.08.14;3;1;5;1;4135;;4;7;3;1;18;13;18;19;7;8;4;5;
*z6;;;;;;;11.08.14;3;6;5;1;4146;;7;3;1;18;13;4;18;19;7;8;4;5;
*07SQ#~~~18;p;;;;;;11.08.20;3;6;5;1;4152;;7;3;1;18;13;4;18;19;7;8;4;5;
a05RQ=~~~18;p;;;;;;11.08.20;3;6;5;1;4152;;7;3;1;18;13;4;18;19;7;8;4;5;
*p10:09;;;;;;;11.08.26;3;6;5;1;4158;;7;3;1;18;13;4;18;19;7;8;4;5;
*07SQ!~~~11;;;;;;;11.08.52;3;6;5;1;4184;;7;3;1;18;13;4;18;19;7;8;4;5;
a15RQ!~~~11~~~~4;;;;;;;11.08.52;3;6;5;1;4184;;7;3;1;18;13;4;18;19;7;8;4;5;
a04EQ+KFC~4;;;;;;;11.08.52;3;6;5;1;4184;;7;3;1;18;13;4;18;19;7;8;4;5;
a08AQ-J3~33~H1N;;r;;;;;11.08.59;3;6;5;1;4187;;7;3;1;18;13;4;18;19;7;8;4;5;
*18DQ+~~~33;;;;;;;11.08.59;3;6;5;1;4187;;7;3;1;18;13;4;18;19;7;8;4;5;
*18AT#W4~42~T2F2;p;p;;;;;11.09.03;3;6;5;1;4193;;7;3;1;18;13;4;18;19;7;8;4;5;
a19BT=~~~~2~~2;p;;;;;;11.09.03;3;6;5;1;4193;;7;3;1;18;13;4;18;19;7;8;4;5;
*p11:09;;;;;;;11.09.16;3;6;5;1;4198;;7;3;1;18;13;4;18;19;7;8;4;5;
*07SQ-~~~16;;;;;;;11.09.26;3;6;5;1;4218;;7;3;1;18;13;4;18;19;7;8;4;5;
a05RQ#~~~16;;;;;;;11.09.26;3;6;5;1;4218;;7;3;1;18;13;4;18;19;7;8;4;5;
a04ET+K1B~3;;;;;;;11.09.26;3;6;5;1;4220;;7;3;1;18;13;4;18;19;7;8;4;5;
a19AT-W2~24~H2;;r;;;;;11.09.34;3;6;5;1;4221;;7;3;1;18;13;4;18;19;7;8;4;5;
*03BT+~~~~4~~2;;;;;;;11.09.34;3;6;5;1;4221;;7;3;1;18;13;4;18;19;7;8;4;5;
*07EH+~~B;;;;;;;11.09.38;3;6;5;1;4221;;7;3;1;18;13;4;18;19;7;8;4;5;
*01AH#G2~24~H3S4;p;p;;;;;11.09.38;3;6;5;1;4229;;7;3;1;18;13;4;18;19;7;8;4;5;
a08BH=~~~~4~~3;p;;;;;;11.09.38;3;6;5;1;4229;;7;3;1;18;13;4;18;19;7;8;4;5;
*p12:09;;;;;;;11.10.27;3;6;5;1;4234;;7;3;1;18;13;4;18;19;7;8;4;5;
*07SQ+~~~16;;;;;;;11.10.33;3;6;5;1;4285;;7;3;1;18;13;4;18;19;7;8;4;5;
a05RQ-~~~16;;;;;;;11.10.33;3;6;5;1;4285;;7;3;1;18;13;4;18;19;7;8;4;5;
a04EH+KEF~~~2;;;;;;;11.10.33;3;6;5;1;4285;;7;3;1;18;13;4;18;19;7;8;4;5;
a07AH#G4~45~H2;s;r;;;;;11.10.42;3;6;5;1;4288;;7;3;1;18;13;4;18;19;7;8;4;5;
*07DH=~~~45;s;;;;;;11.10.42;3;6;5;1;4288;;7;3;1;18;13;4;18;19;7;8;4;5;
ap12:10;;;;;;;11.10.46;3;6;5;1;4295;;7;3;1;18;13;4;18;19;7;8;4;5;
az4;;;;;;;11.10.46;3;6;4;1;4298;;7;3;1;18;13;4;19;7;8;4;5;18;
a19SQ=~~~15;s;;;;;;11.11.02;3;6;4;1;4314;;7;3;1;18;13;4;19;7;8;4;5;18;
*$$&H#;s;;;;;;11.11.02;3;6;4;1;4314;;7;3;1;18;13;4;19;7;8;4;5;18;
*p13:10;;;;;;;11.11.09;3;6;4;1;4321;;7;3;1;18;13;4;19;7;8;4;5;18;
*z5;;;;;;;11.11.09;3;5;4;1;4321;;3;1;18;13;4;7;19;7;8;4;5;18;
*03SQ-~~~16;;;;;;;11.11.25;3;5;4;1;4337;;3;1;18;13;4;7;19;7;8;4;5;18;
a05RQ+~~~16~~~~2;;;;;;;11.11.25;3;5;4;1;4337;;3;1;18;13;4;7;19;7;8;4;5;18;
a04ET+K3B~~~2;;;;;;;11.11.25;3;5;4;1;4337;;3;1;18;13;4;7;19;7;8;4;5;18;
a19AT#Y9~94~H2S;s;r;;;;;11.11.31;3;5;4;1;4340;;3;1;18;13;4;7;19;7;8;4;5;18;
*18BT=~~~~4~~2;s;;;;;;11.11.31;3;5;4;1;4340;;3;1;18;13;4;7;19;7;8;4;5;18;
ap13:11;;;;;;;11.11.44;3;5;4;1;4345;;3;1;18;13;4;7;19;7;8;4;5;18;
az3;;;;;;;11.11.44;3;5;3;1;4356;;3;1;18;13;4;7;7;8;4;5;18;19;
a07SQ-~~~11;;;;;;;11.11.54;3;5;3;1;4366;;3;1;18;13;4;7;7;8;4;5;18;19;
*12RQ+~~~11~~~~22;;;;;;;11.11.54;3;5;3;1;4366;;3;1;18;13;4;7;7;8;4;5;18;19;
*04ET+KBF;;;;;;;11.11.54;3;5;3;1;4368;;3;1;18;13;4;7;7;8;4;5;18;19;
*18AT-W4~42~H2;;r;;;;;11.12.00;3;5;3;1;4369;;3;1;18;13;4;7;7;8;4;5;18;19;
a04BT+~~~~2~~2;;;;;;;11.12.00;3;5;3;1;4369;;3;1;18;13;4;7;7;8;4;5;18;19;
a19DH!;;;;;;;11.12.00;3;5;3;1;4369;;3;1;18;13;4;7;7;8;4;5;18;19;
a05AH#G4~42~H2S;p;p;;;;;11.12.07;3;5;3;1;4372;;3;1;18;13;4;7;7;8;4;5;18;19;
*01BH=~~~~2~~2;p;;;;;;11.12.07;3;5;3;1;4372;;3;1;18;13;4;7;7;8;4;5;18;19;
ap13:12;;;;;;;11.12.19;3;5;3;1;4380;;3;1;18;13;4;7;7;8;4;5;18;19;
a07SQ!~~~16B;;;;;;;11.12.25;3;5;3;1;4397;;3;1;18;13;4;7;7;8;4;5;18;19;
*07RQ!~~~16B~~~32;;;;;;;11.12.25;3;5;3;1;4397;;3;1;18;13;4;7;7;8;4;5;18;19;
*04ET+KCB;;;;;;;11.12.25;3;5;3;1;4399;;3;1;18;13;4;7;7;8;4;5;18;19;
*01AT#W2~24~H2S;s;r;;;;;11.12.31;3;5;3;1;4400;;3;1;18;13;4;7;7;8;4;5;18;19;
a05BT=~~~~4~~2;s;;;;;;11.12.31;3;5;3;1;4400;;3;1;18;13;4;7;7;8;4;5;18;19;
*p14:12;;;;;;;11.12.38;3;5;3;1;4406;;3;1;18;13;4;7;7;8;4;5;18;19;
*z4;;;;;;;11.12.38;3;4;3;1;4410;;1;18;13;4;7;3;7;8;4;5;18;19;
*01SQ!~~~16;;;;;;;11.12.52;3;4;3;1;4425;;1;18;13;4;7;3;7;8;4;5;18;19;
a15RQ!~~~16~~~~2;;;;;;;11.12.52;3;4;3;1;4425;;1;18;13;4;7;3;7;8;4;5;18;19;
a04EQ+K9C~2;;;;;;;11.12.52;3;4;3;1;4427;;1;18;13;4;7;3;7;8;4;5;18;19;
a08AQ+J2~33~T1;;r;;;;;11.12.58;3;4;3;1;4428;;1;18;13;4;7;3;7;8;4;5;18;19;
*13BQ-~~~~3~~1;;;;;;;11.12.58;3;4;3;1;4428;;1;18;13;4;7;3;7;8;4;5;18;19;
a19AT#Y9~96~H2;s;s;;;;;11.12.58;3;4;3;1;4431;;1;18;13;4;7;3;7;8;4;5;18;19;
*$$&H=;s;;;;;;11.12.58;3;4;3;1;4431;;1;18;13;4;7;3;7;8;4;5;18;19;
ap14:13;;;;;;;11.13.22;3;4;3;1;4437;;1;18;13;4;7;3;7;8;4;5;18;19;
az2;;;;;;;11.13.23;3;4;2;1;4455;;1;18;13;4;7;3;8;4;5;18;19;7;
a08SQ!~~~15;;;;;;;11.13.25;3;4;2;1;4457;;1;18;13;4;7;3;8;4;5;18;19;7;
*18RQ!~~~15~~~~32;;;;;;;11.13.25;3;4;2;1;4457;;1;18;13;4;7;3;8;4;5;18;19;7;
*04ET+K8B;;;;;;;11.13.25;3;4;2;1;4457;;1;18;13;4;7;3;8;4;5;18;19;7;
*01AT#Y9~94~H2S;s;r;;;;;11.13.33;3;4;2;1;4460;;1;18;13;4;7;3;8;4;5;18;19;7;
a05BT=~~~~4~~2;s;;;;;;11.13.33;3;4;2;1;4460;;1;18;13;4;7;3;8;4;5;18;19;7;
*p15:13;;;;;;;11.13.42;3;4;2;1;4466;;1;18;13;4;7;3;8;4;5;18;19;7;
*z3;;;;;;;11.13.42;3;3;2;1;4474;;18;13;4;7;3;1;8;4;5;18;19;7;
*18SQ!~~~17A;;;;;;;11.13.50;3;3;2;1;4482;;18;13;4;7;3;1;8;4;5;18;19;7;
a07RQ!~~~17A~~~4;;;;;;;11.13.50;3;3;2;1;4482;;18;13;4;7;3;1;8;4;5;18;19;7;
a04ET+KFF~4;;;;;;;11.13.50;3;3;2;1;4484;;18;13;4;7;3;1;8;4;5;18;19;7;
a05AT-W4~42~T2;;r;;;;;11.13.57;3;3;2;1;4485;;18;13;4;7;3;1;8;4;5;18;19;7;
*01DT+~~~42;;;;;;;11.13.57;3;3;2;1;4485;;18;13;4;7;3;1;8;4;5;18;19;7;
*07AT#W4~45~H2~1;p;p;;;;;11.14.01;3;3;2;1;4491;;18;13;4;7;3;1;8;4;5;18;19;7;
a$$&H=;p;;;;;;11.14.01;3;3;2;1;4491;;18;13;4;7;3;1;8;4;5;18;19;7;
*p16:13;;;;;;;11.14.07;3;3;2;1;4496;;18;13;4;7;3;1;8;4;5;18;19;7;
*18SQ=~~~15;s;;;;;;11.14.17;3;3;2;1;4509;;18;13;4;7;3;1;8;4;5;18;19;7;
a$$&H#;s;;;;;;11.14.17;3;3;2;1;4509;;18;13;4;7;3;1;8;4;5;18;19;7;
ap16:14;;;;;;;11.14.24;3;3;2;1;4516;;18;13;4;7;3;1;8;4;5;18;19;7;
az1;;;;;;;11.14.24;3;3;1;1;4516;;18;13;4;7;3;1;4;5;18;19;7;8;
a04SQ-~~~15B;;;;;;;11.14.37;3;3;1;1;4529;;18;13;4;7;3;1;4;5;18;19;7;8;
*12RQ+~~~15B~~~32;;;;;;;11.14.37;3;3;1;1;4529;;18;13;4;7;3;1;4;5;18;19;7;8;
*04ET+K1F;;;;;;;11.14.37;3;3;1;1;4531;;18;13;4;7;3;1;4;5;18;19;7;8;
*07AT-W4~42~H1;;r;;;;;11.14.44;3;3;1;1;4532;;18;13;4;7;3;1;4;5;18;19;7;8;
a19BT+~~~~2~~1;;;;;;;11.14.44;3;3;1;1;4532;;18;13;4;7;3;1;4;5;18;19;7;8;
a07DH+;;;;;;;11.14.44;3;3;1;1;4532;;18;13;4;7;3;1;4;5;18;19;7;8;
a18AQ#J1~38~H1;p;p;;;;;11.14.49;3;3;1;1;4535;;18;13;4;7;3;1;4;5;18;19;7;8;
*12DQ=~~~38;p;;;;;;11.14.49;3;3;1;1;4535;;18;13;4;7;3;1;4;5;18;19;7;8;
ap16:15;;;;;;;11.15.05;3;3;1;1;4542;;18;13;4;7;3;1;4;5;18;19;7;8;
a04SQ-~~~16;;;;;;;11.15.07;3;3;1;1;4559;;18;13;4;7;3;1;4;5;18;19;7;8;
*12RQ+~~~16~~~~41;;;;;;;11.15.07;3;3;1;1;4559;;18;13;4;7;3;1;4;5;18;19;7;8;
*04ET+KFF;;;;;;;11.15.07;3;3;1;1;4561;;18;13;4;7;3;1;4;5;18;19;7;8;
*07AT#W4~45~H2;s;r;;;;;11.15.13;3;3;1;1;4562;;18;13;4;7;3;1;4;5;18;19;7;8;
a07DT=~~~45;s;;;;;;11.15.13;3;3;1;1;4562;;18;13;4;7;3;1;4;5;18;19;7;8;
*p17:15;;;;;;;11.15.20;3;3;1;1;4568;;18;13;4;7;3;1;4;5;18;19;7;8;
*z2;;;;;;;11.15.20;3;2;1;1;4572;;13;4;7;3;1;18;4;5;18;19;7;8;
*13SM-~~~56;;;;;;;11.15.32;3;2;1;1;4585;;13;4;7;3;1;18;4;5;18;19;7;8;
a07RM+~~~56~~~~2;;;;;;;11.15.32;3;2;1;1;4585;;13;4;7;3;1;18;4;5;18;19;7;8;
a04ET+K1F~2;;;;;;;11.15.32;3;2;1;1;4587;;13;4;7;3;1;18;4;5;18;19;7;8;
a19AT+W4~42~H2;;r;;;;;11.15.41;3;2;1;1;4588;;13;4;7;3;1;18;4;5;18;19;7;8;
*04BT-~~~~2~~2;;;;;;;11.15.41;3;2;1;1;4588;;13;4;7;3;1;18;4;5;18;19;7;8;
a15EH+~~F;;;;;;;11.15.43;3;2;1;1;4588;;13;4;7;3;1;18;4;5;18;19;7;8;
a19AH-G4~46~H2;;s;;;;;11.15.43;3;2;1;1;4591;;13;4;7;3;1;18;4;5;18;19;7;8;
*18DH+~~~46;;;;;;;11.15.43;3;2;1;1;4591;;13;4;7;3;1;18;4;5;18;19;7;8;
*07AT=W4~45~H2S2;s;p;;;;;11.15.49;3;2;1;1;4598;;13;4;7;3;1;18;4;5;18;19;7;8;
a$$&H#;s;;;;;;11.15.49;3;2;1;1;4598;;13;4;7;3;1;18;4;5;18;19;7;8;
ap17:16;;;;;;;11.16.29;3;2;1;1;4603;;13;4;7;3;1;18;4;5;18;19;7;8;
az6;;;;;;;11.16.29;3;2;6;1;4641;;13;4;7;3;1;18;5;18;19;7;8;4;
a05SQ!~~~56;;;;;;;11.16.35;3;2;6;1;4647;;13;4;7;3;1;18;5;18;19;7;8;4;
*18RQ!~~~56~~~~32;;;;;;;11.16.35;3;2;6;1;4647;;13;4;7;3;1;18;5;18;19;7;8;4;
*04ET+K8B;;;;;;;11.16.35;3;2;6;1;4647;;13;4;7;3;1;18;5;18;19;7;8;4;
*01AT#Y9~97~H2;s;r;;;;;11.16.42;3;2;6;1;4650;;13;4;7;3;1;18;5;18;19;7;8;4;
a05DT=~~~97;s;;;;;;11.16.42;3;2;6;1;4650;;13;4;7;3;1;18;5;18;19;7;8;4;
*p18:16;;;;;;;11.16.53;3;2;6;1;4658;;13;4;7;3;1;18;5;18;19;7;8;4;
*z1;;;;;;;11.16.53;3;1;6;1;4665;;4;7;3;1;18;13;5;18;19;7;8;4;
*04SQ-~~~65;;;;;;;11.17.06;3;1;6;1;4678;;4;7;3;1;18;13;5;18;19;7;8;4;
a07RQ+~~~65~~~~2;;;;;;;11.17.06;3;1;6;1;4678;;4;7;3;1;18;13;5;18;19;7;8;4;
a04ET+KBF~2;;;;;;;11.17.06;3;1;6;1;4680;;4;7;3;1;18;13;5;18;19;7;8;4;
a07AT/W4~42~H2;p;r;;;;;11.17.13;3;1;6;1;4681;;4;7;3;1;18;13;5;18;19;7;8;4;
*01BT#~~~~2~~2;p;;;;;;11.17.13;3;1;6;1;4681;;4;7;3;1;18;13;5;18;19;7;8;4;
*p19:16;;;;;;;11.17.23;3;1;6;1;4687;;4;7;3;1;18;13;5;18;19;7;8;4;
*04SQ-~~~66;;;;;;;11.17.32;3;1;6;1;4704;;4;7;3;1;18;13;5;18;19;7;8;4;
a15RQ#~~~66~~~~3;;;;;;;11.17.32;3;1;6;1;4704;;4;7;3;1;18;13;5;18;19;7;8;4;
a04ET+K3B~~~2;;;;;;;11.17.32;3;1;6;1;4704;;4;7;3;1;18;13;5;18;19;7;8;4;
a19AT#W2~24~H2S;s;r;;;;;11.17.39;3;1;6;1;4707;;4;7;3;1;18;13;5;18;19;7;8;4;
*03BT=~~~~4~~2;s;;;;;;11.17.39;3;1;6;1;4707;;4;7;3;1;18;13;5;18;19;7;8;4;
ap19:17;;;;;;;11.17.51;3;1;6;1;4713;;4;7;3;1;18;13;5;18;19;7;8;4;
az5;;;;;;;11.17.51;3;1;5;1;4723;;4;7;3;1;18;13;18;19;7;8;4;5;
a18SM-~~~66;;;;;;;11.18.00;3;1;5;1;4735;;4;7;3;1;18;13;18;19;7;8;4;5;
*12RM+~~~66~O~~22;;;;;;;11.18.00;3;1;5;1;4735;;4;7;3;1;18;13;18;19;7;8;4;5;
*04EQ+K1C;;;;;;;11.18.00;3;1;5;1;4737;;4;7;3;1;18;13;18;19;7;8;4;5;
*03AQ#J1~35~H1;s;r;;;;;11.18.10;3;1;5;1;4738;;4;7;3;1;18;13;18;19;7;8;4;5;
a05DQ=~~~35;s;;;;;;11.18.10;3;1;5;1;4738;;4;7;3;1;18;13;18;19;7;8;4;5;
*p20:17;;;;;;;11.18.17;3;1;5;1;4744;;4;7;3;1;18;13;18;19;7;8;4;5;
*z6;;;;;;;11.18.17;3;6;5;1;4749;;7;3;1;18;13;4;18;19;7;8;4;5;
*07SQ!~~~16;;;;;;;11.18.41;3;6;5;1;4773;;7;3;1;18;13;4;18;19;7;8;4;5;
a05RQ!~~~16~~~~2;;;;;;;11.18.41;3;6;5;1;4773;;7;3;1;18;13;4;18;19;7;8;4;5;
a04EH+KBF~~~2;;;;;;;11.18.41;3;6;5;1;4773;;7;3;1;18;13;4;18;19;7;8;4;5;
a07AH+G4~45~H2;;r;;;;;11.18.50;3;6;5;1;4776;;7;3;1;18;13;4;18;19;7;8;4;5;
*15DH-~~~45;;;;;;;11.18.50;3;6;5;1;4776;;7;3;1;18;13;4;18;19;7;8;4;5;
*18AH-G4~41~P1~4;;p;;;;;11.18.53;3;6;5;1;4783;;7;3;1;18;13;4;18;19;7;8;4;5;
a15DH+~~~41;;;;;;;11.18.53;3;6;5;1;4783;;7;3;1;18;13;4;18;19;7;8;4;5;
a07AH-G4~42~H1;;s;;;;;11.18.58;3;6;5;1;4786;;7;3;1;18;13;4;18;19;7;8;4;5;
*03BH+~~~~2~~1;;;;;;;11.18.58;3;6;5;1;4786;;7;3;1;18;13;4;18;19;7;8;4;5;
*18AO#V4~46~H;p;p;;;;;11.19.02;3;6;5;1;4789;;7;3;1;18;13;4;18;19;7;8;4;5;
a$$&H=;p;;;;;;11.19.02;3;6;5;1;4789;;7;3;1;18;13;4;18;19;7;8;4;5;
*p21:17;;;;;;;11.19.29;3;6;5;1;4794;;7;3;1;18;13;4;18;19;7;8;4;5;
aT;;;;;;;11.19.29;3;6;5;1;4821;;7;3;1;18;13;4;18;19;7;8;4;5;
*07SQ!~~~16;;;;;;;11.20.21;3;6;5;1;4874;;7;3;1;18;13;4;18;19;7;8;4;5;
a05RQ!~~~16~~~~4;;;;;;;11.20.21;3;6;5;1;4874;;7;3;1;18;13;4;18;19;7;8;4;5;
a04ET+K7F~~~2;;;;;;;11.20.21;3;6;5;1;4874;;7;3;1;18;13;4;18;19;7;8;4;5;
a07AT#W4~42~H2S;s;r;;;;;11.20.30;3;6;5;1;4877;;7;3;1;18;13;4;18;19;7;8;4;5;
*01BT=~~~~2~~2;s;;;;;;11.20.30;3;6;5;1;4877;;7;3;1;18;13;4;18;19;7;8;4;5;
ap21:18;;;;;;;11.20.34;3;6;5;1;4884;;7;3;1;18;13;4;18;19;7;8;4;5;
az4;;;;;;;11.20.34;3;6;4;1;4886;;7;3;1;18;13;4;19;7;8;4;5;18;
a19SQ-~~~15;;;;;;;11.20.52;3;6;4;1;4904;;7;3;1;18;13;4;19;7;8;4;5;18;
*18RQ#~~~15;;;;;;;11.20.52;3;6;4;1;4904;;7;3;1;18;13;4;19;7;8;4;5;18;
*04EQ+K1C;;;;;;;11.20.52;3;6;4;1;4904;;7;3;1;18;13;4;19;7;8;4;5;18;
*03AQ-J1~37~H1;;r;;;;;11.20.52;3;6;4;1;4908;;7;3;1;18;13;4;19;7;8;4;5;18;
a15DQ+~~~37;;;;;;;11.20.52;3;6;4;1;4909;;7;3;1;18;13;4;19;7;8;4;5;18;
a19EH+~~F;;;;;;;11.21.02;3;6;4;1;4908;;7;3;1;18;13;4;19;7;8;4;5;18;
a07AH-G4~42~H2;;p;;;;;11.21.02;3;6;4;1;4911;;7;3;1;18;13;4;19;7;8;4;5;18;
*01BH+~~~~2~~2;;;;;;;11.21.02;3;6;4;1;4911;;7;3;1;18;13;4;19;7;8;4;5;18;
a18DH+;;;;;;;11.21.02;3;6;4;1;4911;;7;3;1;18;13;4;19;7;8;4;5;18;
*18AT=W4~42~T1A3;p;s;;;;;11.21.06;3;6;4;1;4916;;7;3;1;18;13;4;19;7;8;4;5;18;
a$$&H#;p;;;;;;11.21.06;3;6;4;1;4916;;7;3;1;18;13;4;19;7;8;4;5;18;
ap21:19;;;;;;;11.21.23;3;6;4;1;4921;;7;3;1;18;13;4;19;7;8;4;5;18;
a19SQ=~~~~~~~~N;s;;;;;;11.22.23;3;6;4;1;4996;;7;3;1;18;13;4;19;7;8;4;5;18;
*$$&H#;s;;;;;;11.22.23;3;6;4;1;4996;;7;3;1;18;13;4;19;7;8;4;5;18;
*p22:19;;;;;;;11.22.27;3;6;4;1;4999;;7;3;1;18;13;4;19;7;8;4;5;18;
*z5;;;;;;;11.22.27;3;5;4;1;4999;;3;1;18;13;4;7;19;7;8;4;5;18;
*03SQ=~~~15;s;;;;;;11.22.45;3;5;4;1;5018;;3;1;18;13;4;7;19;7;8;4;5;18;
a$$&H#;s;;;;;;11.22.45;3;5;4;1;5018;;3;1;18;13;4;7;19;7;8;4;5;18;
ap22:20;;;;;;;11.22.51;3;5;4;1;5024;;3;1;18;13;4;7;19;7;8;4;5;18;
az3;;;;;;;11.22.51;3;5;3;1;5025;;3;1;18;13;4;7;7;8;4;5;18;19;
a07SQ!~~~16;;;;;;;11.23.04;3;5;3;1;5037;;3;1;18;13;4;7;7;8;4;5;18;19;
*07RQ!~~~16~~~~41;;;;;;;11.23.04;3;5;3;1;5038;;3;1;18;13;4;7;7;8;4;5;18;19;
*04ET+KCF;;;;;;;11.23.04;3;5;3;1;5038;;3;1;18;13;4;7;7;8;4;5;18;19;
*18AT-W4~44~H2;;r;;;;;11.23.11;3;5;3;1;5041;;3;1;18;13;4;7;7;8;4;5;18;19;
a05DT+~~~44;;;;;;;11.23.11;3;5;3;1;5042;;3;1;18;13;4;7;7;8;4;5;18;19;
a04AO=JJ~33~T1I;s;p;;;;;11.23.15;3;5;3;1;5044;;3;1;18;13;4;7;7;8;4;5;18;19;
*$$&H#;s;;;;;;11.23.15;3;5;3;1;5044;;3;1;18;13;4;7;7;8;4;5;18;19;
*p23:20;;;;;;;11.24.05;3;5;3;1;5047;;3;1;18;13;4;7;7;8;4;5;18;19;
*z4;;;;;;;11.24.05;3;4;3;1;5112;;1;18;13;4;7;3;7;8;4;5;18;19;
*01SQ+~~~16;;;;;;;11.24.27;3;4;3;1;5120;;1;18;13;4;7;3;7;8;4;5;18;19;
a15RQ-~~~16;;;;;;;11.24.27;3;4;3;1;5121;;1;18;13;4;7;3;7;8;4;5;18;19;
*04FH+;;;;;;;11.24.36;3;4;3;1;5124;;1;18;13;4;7;3;7;8;4;5;18;19;
*13EH+~~F;;;;;;;11.24.39;3;4;3;1;5127;;1;18;13;4;7;3;7;8;4;5;18;19;
*18AH-G4~49~P2~4;;p;;;;;11.24.39;3;4;3;1;5130;;1;18;13;4;7;3;7;8;4;5;18;19;
a19DH+~~~49;;;;;;;11.24.39;3;4;3;1;5130;;1;18;13;4;7;3;7;8;4;5;18;19;
a07EH+~~F;;;;;;;11.24.43;3;4;3;1;5132;;1;18;13;4;7;3;7;8;4;5;18;19;
a05AH#G4~42~H2S;s;s;;;;;11.24.43;3;4;3;1;5133;;1;18;13;4;7;3;7;8;4;5;18;19;
*04BH=~~~~2~~2;s;;;;;;11.24.43;3;4;3;1;5134;;1;18;13;4;7;3;7;8;4;5;18;19;
ap23:21;;;;;;;11.25.01;3;4;3;1;5136;;1;18;13;4;7;3;7;8;4;5;18;19;
az2;;;;;;;11.25.01;3;4;2;1;5168;;1;18;13;4;7;3;8;4;5;18;19;7;
a08SQ-~~~19;;;;;;;11.25.09;3;4;2;1;5161;;1;18;13;4;7;3;8;4;5;18;19;7;
*12RQ+~~~19~~~~31;;;;;;;11.25.09;3;4;2;1;5161;;1;18;13;4;7;3;8;4;5;18;19;7;
*04ET+K1B;;;;;;;11.25.09;3;4;2;1;5161;;1;18;13;4;7;3;8;4;5;18;19;7;
*01AT#Y9~99~H1;s;r;;;;;11.25.18;3;4;2;1;5166;;1;18;13;4;7;3;8;4;5;18;19;7;
a19DT=~~~99;s;;;;;;11.25.18;3;4;2;1;5166;;1;18;13;4;7;3;8;4;5;18;19;7;
*p24:21;;;;;;;11.25.27;3;4;2;1;5170;;1;18;13;4;7;3;8;4;5;18;19;7;
*z3;;;;;;;11.25.27;3;3;2;1;5194;;18;13;4;7;3;1;8;4;5;18;19;7;
*c01:09;;;;;;;11.25.27;3;3;2;1;5194;;18;13;4;7;3;9;8;4;5;18;19;7;
*c04:17;;;;;;;11.25.27;3;3;2;1;5194;;18;13;17;7;3;9;8;4;5;18;19;7;
*P9;;;;;;;11.25.27;3;3;2;1;5194;;18;13;17;7;3;9;8;4;5;18;19;7;
*z6;;;;;;;11.25.27;3;6;2;1;5194;;18;13;17;7;3;9;8;4;5;18;19;7;
*18SQ!~~~15;;;;;;;11.25.46;3;6;2;1;5199;;18;13;17;7;3;9;8;4;5;18;19;7;
a05RQ!~~~15~~~~4;;;;;;;11.25.46;3;6;2;1;5199;;18;13;17;7;3;9;8;4;5;18;19;7;
a04ET+KFF~4;;;;;;;11.25.46;3;6;2;1;5200;;18;13;17;7;3;9;8;4;5;18;19;7;
a05AT#W4~42~H1S;s;r;;;;;11.25.54;3;6;2;1;5203;;18;13;17;7;3;9;8;4;5;18;19;7;
*07BT=~~~~2~~1;s;;;;;;11.25.54;3;6;2;1;5203;;18;13;17;7;3;9;8;4;5;18;19;7;
ap24:22;;;;;;;11.26.07;3;6;2;1;5207;;18;13;17;7;3;9;8;4;5;18;19;7;
az1;;;;;;;11.26.07;3;6;1;1;5234;;18;13;17;7;3;9;4;5;18;19;7;8;
*c17:04;;;;;;;11.26.07;3;6;1;1;5234;;18;13;4;7;3;9;4;5;18;19;7;8;
*c09:01;;;;;;;11.26.07;3;6;1;1;5234;;18;13;4;7;3;1;4;5;18;19;7;8;
*P4;;;;;;;11.26.07;3;6;1;1;5234;;18;13;4;7;3;1;4;5;18;19;7;8;
*z3;;;;;;;11.26.07;3;3;1;1;5234;;18;13;4;7;3;1;4;5;18;19;7;8;
*T;;;;;;;11.26.07;3;3;1;1;5234;;18;13;4;7;3;1;4;5;18;19;7;8;
a04SQ-~~~16;;;;;;;11.27.18;3;3;1;1;5289;;18;13;4;7;3;1;4;5;18;19;7;8;
*18RQ+~~~16~~~~32;;;;;;;11.27.18;3;3;1;1;5289;;18;13;4;7;3;1;4;5;18;19;7;8;
*04ET+K1B;;;;;;;11.27.18;3;3;1;1;5290;;18;13;4;7;3;1;4;5;18;19;7;8;
*01AT/Y9~94~H2;p;r;;;;;11.27.18;3;3;1;1;5293;;18;13;4;7;3;1;4;5;18;19;7;8;
a05BT#~~~~4~~2;p;;;;;;11.27.18;3;3;1;1;5293;;18;13;4;7;3;1;4;5;18;19;7;8;
ap24:23;;;;;;;11.28.08;3;3;1;1;5298;;18;13;4;7;3;1;4;5;18;19;7;8;
a04SQ-~~~16;;;;;;;11.28.13;3;3;1;1;5346;;18;13;4;7;3;1;4;5;18;19;7;8;
*12RQ+~~~16~~~~32;;;;;;;11.28.13;3;3;1;1;5346;;18;13;4;7;3;1;4;5;18;19;7;8;
*04ET+K1B;;;;;;;11.28.13;3;3;1;1;5348;;18;13;4;7;3;1;4;5;18;19;7;8;
*01AT#Y9~96~H2;s;r;;;;;11.28.20;3;3;1;1;5349;;18;13;4;7;3;1;4;5;18;19;7;8;
a04DT=~~~96;s;;;;;;11.28.20;3;3;1;1;5350;;18;13;4;7;3;1;4;5;18;19;7;8;
*p25:23;;;;;;;11.28.28;3;3;1;1;5355;;18;13;4;7;3;1;4;5;18;19;7;8;
**3set;;;;;;;11.28.28;4;3;1;1;5357;;;;;;;;;;;;;;
