*P16>LUp;;;;;;;;1;6;3;;;;22;4;6;11;12;16;13;4;18;11;1;10;
*z6>LUp;;;;;;;;1;6;3;;;;22;4;6;11;12;16;13;4;18;11;1;10;
aP04>LUp;;;;;;;;1;6;3;;;;22;4;6;11;12;16;13;4;18;11;1;10;
az2>LUp;;;;;;;;1;6;2;;;;22;4;6;11;12;16;13;4;18;11;1;10;
a13SM/~~~56B;;;;;;;20.33.08;1;6;2;1;338;;22;4;6;11;12;16;13;4;18;11;1;10;
*08RM/~~~56BL;;;;;;;20.33.08;1;6;2;1;339;;22;4;6;11;12;16;13;4;18;11;1;10;
a11FH#;;;;;;;20.33.16;1;6;2;1;345;;22;4;6;11;12;16;13;4;18;11;1;10;
a11AQ#J4~37~H1X1;p;p;;;;;20.33.17;1;6;2;1;347;;22;4;6;11;12;16;13;4;18;11;1;10;
*08DQ=~~~37~E~E;p;;;;;;20.33.17;1;6;2;1;348;;22;4;6;11;12;16;13;4;18;11;1;10;
ap00:01;;;;;;;20.33.23;1;6;2;1;352;;22;4;6;11;12;16;13;4;18;11;1;10;
a13SM-~~~55;;;;;;;20.33.44;1;6;2;1;370;;22;4;6;11;12;16;13;4;18;11;1;10;
*11RM+~~~55~~~~41;;;;;;;20.33.44;1;6;2;1;370;;22;4;6;11;12;16;13;4;18;11;1;10;
*16ET+KFF;;;;;;;20.33.44;1;6;2;1;371;;22;4;6;11;12;16;13;4;18;11;1;10;
*11AT#W4~42~H1I;s;r;;;;;20.33.50;1;6;2;1;375;;22;4;6;11;12;16;13;4;18;11;1;10;
a04BT=~~~~2~A1I;s;;;;;;20.33.50;1;6;2;1;375;;22;4;6;11;12;16;13;4;18;11;1;10;
*p01:01;;;;;;;20.33.56;1;6;2;1;379;;22;4;6;11;12;16;13;4;18;11;1;10;
*z5;;;;;;;20.33.56;1;5;2;1;385;;4;6;11;12;16;22;13;4;18;11;1;10;
*04SM-~~~51;;;;;;;20.34.03;1;5;2;1;393;;4;6;11;12;16;22;13;4;18;11;1;10;
a12RM#~~~51~O;;;;;;;20.34.03;1;5;2;1;393;;4;6;11;12;16;22;13;4;18;11;1;10;
a04EQ+K2C;;;;;;;20.34.03;1;5;2;1;394;;4;6;11;12;16;22;13;4;18;11;1;10;
a11AQ#J2~37~H1X;s;r;;;;;20.34.07;1;5;2;1;396;;4;6;11;12;16;22;13;4;18;11;1;10;
*04DQ=~~~37~S;s;;;;;;20.34.07;1;5;2;1;397;;4;6;11;12;16;22;13;4;18;11;1;10;
ap01:02;;;;;;;20.34.10;1;5;2;1;399;;4;6;11;12;16;22;13;4;18;11;1;10;
az1;;;;;;;20.34.10;1;5;1;1;399;;4;6;11;12;16;22;4;18;11;1;10;13;
a04SQ-~~~55;;;;;;;20.34.27;1;5;1;1;416;;4;6;11;12;16;22;4;18;11;1;10;13;
*11RQ+~~~55~~~~32;;;;;;;20.34.27;1;5;1;1;416;;4;6;11;12;16;22;4;18;11;1;10;13;
*16ET+K2B;;;;;;;20.34.27;1;5;1;1;417;;4;6;11;12;16;22;4;18;11;1;10;13;
*06AT#W2~24~H2S;s;r;;;;;20.34.31;1;5;1;1;420;;4;6;11;12;16;22;4;18;11;1;10;13;
a11BT=~~~~4~A2S;s;;;;;;20.34.31;1;5;1;1;421;;4;6;11;12;16;22;4;18;11;1;10;13;
*p02:02;;;;;;;20.34.36;1;5;1;1;424;;4;6;11;12;16;22;4;18;11;1;10;13;
*z4;;;;;;;20.34.36;1;4;1;1;425;;6;11;12;16;22;4;4;18;11;1;10;13;
*06SQ=~~~66~~~O;s;;;;;;20.34.53;1;4;1;1;442;;6;11;12;16;22;4;4;18;11;1;10;13;
a$$&H#;s;;;;;;20.34.53;1;4;1;1;442;;6;11;12;16;22;4;4;18;11;1;10;13;
ap02:03;;;;;;;20.34.56;1;4;1;1;446;;6;11;12;16;22;4;4;18;11;1;10;13;
az6;;;;;;;20.34.56;1;4;6;1;445;;6;11;12;16;22;4;18;11;1;10;13;4;
a18SQ=~~~15~~~O;s;;;;;;20.35.12;1;4;6;1;461;;6;11;12;16;22;4;18;11;1;10;13;4;
*$$&H#;s;;;;;;20.35.12;1;4;6;1;461;;6;11;12;16;22;4;18;11;1;10;13;4;
*p03:03;;;;;;;20.35.17;1;4;6;1;466;;6;11;12;16;22;4;18;11;1;10;13;4;
*z3;;;;;;;20.35.17;1;3;6;1;466;;11;12;16;22;4;6;18;11;1;10;13;4;
*11SQ-~~~56;;;;;;;20.35.41;1;3;6;1;490;;11;12;16;22;4;6;18;11;1;10;13;4;
a12RQ#~~~56;;;;;;;20.35.41;1;3;6;1;490;;11;12;16;22;4;6;18;11;1;10;13;4;
a04ET+K1B;;;;;;;20.35.41;1;3;6;1;490;;11;12;16;22;4;6;18;11;1;10;13;4;
a01AT+W2~22~H1;;r;;;;;20.35.44;1;3;6;1;494;;11;12;16;22;4;6;18;11;1;10;13;4;
*16DT/~~~22~S;;;;;;;20.35.44;1;3;6;1;495;;11;12;16;22;4;6;18;11;1;10;13;4;
a12FH#;;;;;;;20.35.49;1;3;6;1;501;;11;12;16;22;4;6;18;11;1;10;13;4;
a11AQ#J4~33~H1S1;s;s;;;;;20.35.53;1;3;6;1;502;;11;12;16;22;4;6;18;11;1;10;13;4;
*12BQ=~~~~3~T1S;s;;;;;;20.35.53;1;3;6;1;503;;11;12;16;22;4;6;18;11;1;10;13;4;
ap03:04;;;;;;;20.35.56;1;3;6;1;505;;11;12;16;22;4;6;18;11;1;10;13;4;
az5;;;;;;;20.35.56;1;3;5;1;505;;11;12;16;22;4;6;11;1;10;13;4;18;
a11SM-~~~57;;;;;;;20.36.11;1;3;5;1;520;;11;12;16;22;4;6;11;1;10;13;4;18;
*22RM+~~~57~~~~21;;;;;;;20.36.11;1;3;5;1;520;;11;12;16;22;4;6;11;1;10;13;4;18;
*16ET+KBP;;;;;;;20.36.11;1;3;5;1;520;;11;12;16;22;4;6;11;1;10;13;4;18;
*11AT#Y8~86~H0X;s;r;;;;;20.36.20;1;3;5;1;524;;11;12;16;22;4;6;11;1;10;13;4;18;
a18DT=~~~86~S;s;;;;;;20.36.20;1;3;5;1;524;;11;12;16;22;4;6;11;1;10;13;4;18;
*p04:04;;;;;;;20.36.24;1;3;5;1;527;;11;12;16;22;4;6;11;1;10;13;4;18;
*z2;;;;;;;20.36.24;1;2;5;1;533;;12;16;22;4;6;11;11;1;10;13;4;18;
*12SQ=~~~11~~~O;s;;;;;;20.36.32;1;2;5;1;540;;12;16;22;4;6;11;11;1;10;13;4;18;
a$$&H#;s;;;;;;20.36.32;1;2;5;1;540;;12;16;22;4;6;11;11;1;10;13;4;18;
ap04:05;;;;;;;20.36.35;1;2;5;1;545;;12;16;22;4;6;11;11;1;10;13;4;18;
az4;;;;;;;20.36.35;1;2;4;1;544;;12;16;22;4;6;11;1;10;13;4;18;11;
a01SQ/~~~16;;;;;;;20.36.50;1;2;4;1;559;;12;16;22;4;6;11;1;10;13;4;18;11;
*11RQ/~~~16;;;;;;;20.36.50;1;2;4;1;559;;12;16;22;4;6;11;1;10;13;4;18;11;
a10FH#;;;;;;;20.36.54;1;2;4;1;563;;12;16;22;4;6;11;1;10;13;4;18;11;
a01AT#Y9~91~H1X1;p;p;;;;;20.36.56;1;2;4;1;564;;12;16;22;4;6;11;1;10;13;4;18;11;
*11DT=~~~91~S;p;;;;;;20.36.56;1;2;4;1;565;;12;16;22;4;6;11;1;10;13;4;18;11;
ap04:06;;;;;;;20.37.04;1;2;4;1;568;;12;16;22;4;6;11;1;10;13;4;18;11;
a01SQ=~~~16~~~O;s;;;;;;20.37.22;1;2;4;1;592;;12;16;22;4;6;11;1;10;13;4;18;11;
*$$&H#;s;;;;;;20.37.22;1;2;4;1;592;;12;16;22;4;6;11;1;10;13;4;18;11;
*p05:06;;;;;;;20.37.26;1;2;4;1;597;;12;16;22;4;6;11;1;10;13;4;18;11;
*z1;;;;;;;20.37.26;1;1;4;1;595;;16;22;4;6;11;12;1;10;13;4;18;11;
*16SQ-~~~16;;;;;;;20.37.40;1;1;4;1;609;;16;22;4;6;11;12;1;10;13;4;18;11;
a18RQ+~~~16~~~~41;;;;;;;20.37.40;1;1;4;1;610;;16;22;4;6;11;12;1;10;13;4;18;11;
a04ET+K1F;;;;;;;20.37.40;1;1;4;1;610;;16;22;4;6;11;12;1;10;13;4;18;11;
a10AT#W4~46~H0X;s;r;;;;;20.37.40;1;1;4;1;613;;16;22;4;6;11;12;1;10;13;4;18;11;
*11DT=~~~46;s;;;;;;20.37.40;1;1;4;1;613;;16;22;4;6;11;12;1;10;13;4;18;11;
ap05:07;;;;;;;20.38.01;1;1;4;1;617;;16;22;4;6;11;12;1;10;13;4;18;11;
az3;;;;;;;20.38.01;1;1;3;1;630;;16;22;4;6;11;12;10;13;4;18;11;1;
a10SM-~~~11;;;;;;;20.38.02;1;1;3;1;631;;16;22;4;6;11;12;10;13;4;18;11;1;
*22RM+~~~11~~~~32;;;;;;;20.38.02;1;1;3;1;632;;16;22;4;6;11;12;10;13;4;18;11;1;
*16ET+K1P;;;;;;;20.38.02;1;1;3;1;632;;16;22;4;6;11;12;10;13;4;18;11;1;
*11AT=Y8~8~~H1N;p;r;;;;;20.38.12;1;1;3;1;635;;16;22;4;6;11;12;10;13;4;18;11;1;
a$$&H#;p;;;;;;20.38.12;1;1;3;1;635;;16;22;4;6;11;12;10;13;4;18;11;1;
ap05:08;;;;;;;20.38.16;1;1;3;1;639;;16;22;4;6;11;12;10;13;4;18;11;1;
a10SM-~~~11;;;;;;;20.38.23;1;1;3;1;652;;16;22;4;6;11;12;10;13;4;18;11;1;
*22RM+~~~11~O~~32;;;;;;;20.38.23;1;1;3;1;653;;16;22;4;6;11;12;10;13;4;18;11;1;
*16EQ+K1C;;;;;;;20.38.23;1;1;3;1;653;;16;22;4;6;11;12;10;13;4;18;11;1;
*04AQ-J1~38~T1;;r;;;;;20.38.27;1;1;3;1;656;;16;22;4;6;11;12;10;13;4;18;11;1;
a01DQ+~~~38~E;;;;;;;20.38.27;1;1;3;1;657;;16;22;4;6;11;12;10;13;4;18;11;1;
a18AT#W4~42~P2F3;p;p;;;;;20.38.31;1;1;3;1;660;;16;22;4;6;11;12;10;13;4;18;11;1;
*04BT=~~~~2~A2F;p;;;;;;20.38.31;1;1;3;1;660;;16;22;4;6;11;12;10;13;4;18;11;1;
ap05:09;;;;;;;20.38.34;1;1;3;1;663;;16;22;4;6;11;12;10;13;4;18;11;1;
a10SM+~~~11;;;;;;;20.38.52;1;1;3;1;680;;16;22;4;6;11;12;10;13;4;18;11;1;
*22RM-~~~11;;;;;;;20.38.52;1;1;3;1;680;;16;22;4;6;11;12;10;13;4;18;11;1;
*06EH+~~F~2;;;;;;;20.38.55;1;1;3;1;683;;16;22;4;6;11;12;10;13;4;18;11;1;
*22AH-G4~42~H3C;;r;;;;;20.38.56;1;1;3;1;685;;16;22;4;6;11;12;10;13;4;18;11;1;
a13BH+~~~~2~A3;;;;;;;20.38.56;1;1;3;1;686;;16;22;4;6;11;12;10;13;4;18;11;1;
a10DH+~~~21~B;;;;;;;20.38.56;1;1;3;1;687;;16;22;4;6;11;12;10;13;4;18;11;1;
a01AT#Y9~91~H2O2;p;p;;;;;20.39.00;1;1;3;1;689;;16;22;4;6;11;12;10;13;4;18;11;1;
*04BT=~~~~4~~2O;p;;;;;;20.39.00;1;1;3;1;689;;16;22;4;6;11;12;10;13;4;18;11;1;
ap05:10;;;;;;;20.39.11;1;1;3;1;692;;16;22;4;6;11;12;10;13;4;18;11;1;
*T;;;;;;;20.39.11;1;1;3;1;700;;16;22;4;6;11;12;10;13;4;18;11;1;
a10SM!~~~11;;;;;;;20.40.30;1;1;3;1;779;;16;22;4;6;11;12;10;13;4;18;11;1;
*22RM!~~~11~O~~31;;;;;;;20.40.30;1;1;3;1;780;;16;22;4;6;11;12;10;13;4;18;11;1;
*16ET+KCB;;;;;;;20.40.30;1;1;3;1;780;;16;22;4;6;11;12;10;13;4;18;11;1;
*22AT#W2~24~H2S;s;r;;;;;20.40.34;1;1;3;1;783;;16;22;4;6;11;12;10;13;4;18;11;1;
a18BT=~~~~4~A2S;s;;;;;;20.40.34;1;1;3;1;784;;16;22;4;6;11;12;10;13;4;18;11;1;
*p06:10;;;;;;;20.40.39;1;1;3;1;787;;16;22;4;6;11;12;10;13;4;18;11;1;
*z6;;;;;;;20.40.39;1;6;3;1;788;;22;4;6;11;12;16;10;13;4;18;11;1;
*22SQ-~~~11;;;;;;;20.40.51;1;6;3;1;800;;22;4;6;11;12;16;10;13;4;18;11;1;
a10RQ+~~~11~~~~41;;;;;;;20.40.51;1;6;3;1;800;;22;4;6;11;12;16;10;13;4;18;11;1;
a04EQ+KFC;;;;;;;20.40.51;1;6;3;1;801;;22;4;6;11;12;16;10;13;4;18;11;1;
a13AQ#J4~36~H1X;s;r;;;;;20.40.56;1;6;3;1;805;;22;4;6;11;12;16;10;13;4;18;11;1;
*08DQ=~~~36~S;s;;;;;;20.40.56;1;6;3;1;805;;22;4;6;11;12;16;10;13;4;18;11;1;
ap06:11;;;;;;;20.41.02;1;6;3;1;808;;22;4;6;11;12;16;10;13;4;18;11;1;
az2;;;;;;;20.41.02;1;6;2;1;811;;22;4;6;11;12;16;13;4;18;11;1;10;
a13SM-~~~56C;;;;;;;20.41.18;1;6;2;1;827;;22;4;6;11;12;16;13;4;18;11;1;10;
*08RM+~~~56C~~~42;;;;;;;20.41.18;1;6;2;1;827;;22;4;6;11;12;16;13;4;18;11;1;10;
*16ET+KFB;;;;;;;20.41.18;1;6;2;1;828;;22;4;6;11;12;16;13;4;18;11;1;10;
*06AT/W2~24~H2A;p;r;;;;;20.41.22;1;6;2;1;830;;22;4;6;11;12;16;13;4;18;11;1;10;
a18BT#~~~~4~A2A;p;;;;;;20.41.22;1;6;2;1;831;;22;4;6;11;12;16;13;4;18;11;1;10;
ap06:12;;;;;;;20.41.32;1;6;2;1;834;;22;4;6;11;12;16;13;4;18;11;1;10;
a13SM-~~~56;;;;;;;20.41.45;1;6;2;1;854;;22;4;6;11;12;16;13;4;18;11;1;10;
*08RM+~~~56~~~~32;;;;;;;20.41.45;1;6;2;1;854;;22;4;6;11;12;16;13;4;18;11;1;10;
*16EQ+K8C;;;;;;;20.41.45;1;6;2;1;855;;22;4;6;11;12;16;13;4;18;11;1;10;
*04AQ#J1~35~H1X;s;r;;;;;20.41.49;1;6;2;1;858;;22;4;6;11;12;16;13;4;18;11;1;10;
a10DQ=~~~35~S;s;;;;;;20.41.49;1;6;2;1;858;;22;4;6;11;12;16;13;4;18;11;1;10;
*p07:12;;;;;;;20.41.54;1;6;2;1;860;;22;4;6;11;12;16;13;4;18;11;1;10;
*z5;;;;;;;20.41.54;1;5;2;1;863;;4;6;11;12;16;22;13;4;18;11;1;10;
*04SM-~~~51;;;;;;;20.42.06;1;5;2;1;875;;4;6;11;12;16;22;13;4;18;11;1;10;
a12RM+~~~51~O~~32;;;;;;;20.42.06;1;5;2;1;875;;4;6;11;12;16;22;13;4;18;11;1;10;
a04ET+K2F;;;;;;;20.42.06;1;5;2;1;875;;4;6;11;12;16;22;13;4;18;11;1;10;
a18AT+W4~42~H2C;;r;;;;;20.42.11;1;5;2;1;880;;4;6;11;12;16;22;13;4;18;11;1;10;
*06BT-~~~~2~A2;;;;;;;20.42.11;1;5;2;1;880;;4;6;11;12;16;22;13;4;18;11;1;10;
a12FH+;;;;;;;20.42.11;1;5;2;1;881;;4;6;11;12;16;22;13;4;18;11;1;10;
a18AT/W4~42~H2A2;p;s;;;;;20.42.15;1;5;2;1;884;;4;6;11;12;16;22;13;4;18;11;1;10;
*06BT#~~~~2~A2A;p;;;;;;20.42.15;1;5;2;1;884;;4;6;11;12;16;22;13;4;18;11;1;10;
*p08:12;;;;;;;20.42.19;1;5;2;1;887;;4;6;11;12;16;22;13;4;18;11;1;10;
*04SM+~~~51;;;;;;;20.42.33;1;5;2;1;903;;4;6;11;12;16;22;13;4;18;11;1;10;
a12RM-~~~51~M;;;;;;;20.42.33;1;5;2;1;903;;4;6;11;12;16;22;13;4;18;11;1;10;
a18EH+~~B~1;;;;;;;20.42.37;1;5;2;1;906;;4;6;11;12;16;22;13;4;18;11;1;10;
a04AH#G2~22~H2X;s;r;;;;;20.42.39;1;5;2;1;907;;4;6;11;12;16;22;13;4;18;11;1;10;
*04DH=~~~22~S;s;;;;;;20.42.39;1;5;2;1;908;;4;6;11;12;16;22;13;4;18;11;1;10;
ap08:13;;;;;;;20.42.44;1;5;2;1;911;;4;6;11;12;16;22;13;4;18;11;1;10;
az1;;;;;;;20.42.44;1;5;1;1;913;;4;6;11;12;16;22;4;18;11;1;10;13;
a04SQ-~~~61;;;;;;;20.42.59;1;5;1;1;929;;4;6;11;12;16;22;4;18;11;1;10;13;
*08RQ+~~~61~~~~42;;;;;;;20.42.59;1;5;1;1;929;;4;6;11;12;16;22;4;18;11;1;10;13;
*16ET+K8B;;;;;;;20.42.59;1;5;1;1;929;;4;6;11;12;16;22;4;18;11;1;10;13;
*06AT-W2~24~H2C;;r;;;;;20.43.05;1;5;1;1;933;;4;6;11;12;16;22;4;18;11;1;10;13;
a11BT+~~~~4~A2;;;;;;;20.43.05;1;5;1;1;934;;4;6;11;12;16;22;4;18;11;1;10;13;
a04DT+~~~22~B;;;;;;;20.43.05;1;5;1;1;935;;4;6;11;12;16;22;4;18;11;1;10;13;
a10EH+~~B~2;;;;;;;20.43.05;1;5;1;1;937;;4;6;11;12;16;22;4;18;11;1;10;13;
a01AH-G2~24~T3~4;;p;;;;;20.43.09;1;5;1;1;939;;4;6;11;12;16;22;4;18;11;1;10;13;
*08DH+~~~24~E;;;;;;;20.43.09;1;5;1;1;938;;4;6;11;12;16;22;4;18;11;1;10;13;
*11AT-W4~41~T2~2;;s;;;;;20.43.12;1;5;1;1;942;;4;6;11;12;16;22;4;18;11;1;10;13;
a10DT+~~~41~E;;;;;;;20.43.12;1;5;1;1;942;;4;6;11;12;16;22;4;18;11;1;10;13;
a10AT#Y8~83~H4F2;p;p;;;;;20.43.18;1;5;1;1;945;;4;6;11;12;16;22;4;18;11;1;10;13;
*12BT=~~~~3~A4F;p;;;;;;20.43.18;1;5;1;1;946;;4;6;11;12;16;22;4;18;11;1;10;13;
ap08:14;;;;;;;20.43.21;1;5;1;1;949;;4;6;11;12;16;22;4;18;11;1;10;13;
a04SQ-~~~56;;;;;;;20.43.57;1;5;1;1;986;;4;6;11;12;16;22;4;18;11;1;10;13;
*22RQ+~~~56~~~~21;;;;;;;20.43.57;1;5;1;1;986;;4;6;11;12;16;22;4;18;11;1;10;13;
*16ET+K1B;;;;;;;20.43.57;1;5;1;1;987;;4;6;11;12;16;22;4;18;11;1;10;13;
*06AT-W2~25~H2;;r;;;;;20.44.01;1;5;1;1;991;;4;6;11;12;16;22;4;18;11;1;10;13;
a15DT+~~~25~S;;;;;;;20.44.01;1;5;1;1;991;;4;6;11;12;16;22;4;18;11;1;10;13;
a11EH+~~B~2;;;;;;;20.44.04;1;5;1;1;994;;4;6;11;12;16;22;4;18;11;1;10;13;
a01AH#G2~24~H2O4;p;p;;;;;20.44.06;1;5;1;1;995;;4;6;11;12;16;22;4;18;11;1;10;13;
*12BH=~~~~4~A2O;p;;;;;;20.44.06;1;5;1;1;995;;4;6;11;12;16;22;4;18;11;1;10;13;
ap08:15;;;;;;;20.44.11;1;5;1;1;998;;4;6;11;12;16;22;4;18;11;1;10;13;
a04SQ+~~~56C;;;;;;;20.44.31;1;5;1;1;1021;;4;6;11;12;16;22;4;18;11;1;10;13;
*22RQ-~~~56C;;;;;;;20.44.31;1;5;1;1;1021;;4;6;11;12;16;22;4;18;11;1;10;13;
*11AH/G4~42~H3A;p;r;;;;;20.44.35;1;5;1;1;1026;;4;6;11;12;16;22;4;18;11;1;10;13;
a11BH#~~~~2~A3A;p;;;;;;20.44.35;1;5;1;1;1026;;4;6;11;12;16;22;4;18;11;1;10;13;
ap08:16;;;;;;;20.44.41;1;5;1;1;1029;;4;6;11;12;16;22;4;18;11;1;10;13;
*T;;;;;;;20.44.41;1;5;1;1;1030;;4;6;11;12;16;22;4;18;11;1;10;13;
a04SQ+~~~56;;;;;;;20.45.52;1;5;1;1;1101;;4;6;11;12;16;22;4;18;11;1;10;13;
*22RQ-~~~56;;;;;;;20.45.52;1;5;1;1;1101;;4;6;11;12;16;22;4;18;11;1;10;13;
*11AT#W4~47~H2X;s;r;;;;;20.45.56;1;5;1;1;1106;;4;6;11;12;16;22;4;18;11;1;10;13;
a15DT=~~~47~S;s;;;;;;20.45.56;1;5;1;1;1106;;4;6;11;12;16;22;4;18;11;1;10;13;
*p09:16;;;;;;;20.46.00;1;5;1;1;1108;;4;6;11;12;16;22;4;18;11;1;10;13;
*z4;;;;;;;20.46.00;1;4;1;1;1109;;6;11;12;16;22;4;4;18;11;1;10;13;
*c16:03;;;;;;;20.46.00;1;4;1;1;1109;;6;11;12;3;22;4;4;18;11;1;10;13;
*c06:09;;;;;;;20.46.00;1;4;1;1;1109;;9;11;12;3;22;4;4;18;11;1;10;13;
*P9;;;;;;;20.46.00;1;4;1;1;1109;;9;11;12;3;22;4;4;18;11;1;10;13;
*z1;;;;;;;20.46.00;1;1;1;1;1109;;9;11;12;3;22;4;4;18;11;1;10;13;
*09SQ-~~~61;;;;;;;20.46.41;1;1;1;1;1149;;9;11;12;3;22;4;4;18;11;1;10;13;
a18RQ+~~~61~~~~32;;;;;;;20.46.41;1;1;1;1;1149;;9;11;12;3;22;4;4;18;11;1;10;13;
a10EH/K2F;;;;;;;20.46.49;1;1;1;1;1154;;9;11;12;3;22;4;4;18;11;1;10;13;
a01AT/W4~42~H1A;p;r;;;;;20.46.58;1;1;1;1;1155;;9;11;12;3;22;4;4;18;11;1;10;13;
*03BT#~~~~2~A1A;p;;;;;;20.46.58;1;1;1;1;1155;;9;11;12;3;22;4;4;18;11;1;10;13;
*p10:16;;;;;;;20.47.03;1;1;1;1;1158;;9;11;12;3;22;4;4;18;11;1;10;13;
*09SQ-~~~66A;;;;;;;20.47.05;1;1;1;1;1175;;9;11;12;3;22;4;4;18;11;1;10;13;
a12RQ#~~~66A;;;;;;;20.47.05;1;1;1;1;1175;;9;11;12;3;22;4;4;18;11;1;10;13;
a04ET+K2B;;;;;;;20.47.05;1;1;1;1;1175;;9;11;12;3;22;4;4;18;11;1;10;13;
a18AT#W2~24~H1A;s;r;;;;;20.47.10;1;1;1;1;1179;;9;11;12;3;22;4;4;18;11;1;10;13;
*11BT=~~~~4~A1;s;;;;;;20.47.10;1;1;1;1;1180;;9;11;12;3;22;4;4;18;11;1;10;13;
ap10:17;;;;;;;20.47.15;1;1;1;1;1182;;9;11;12;3;22;4;4;18;11;1;10;13;
az6;;;;;;;20.47.15;1;1;6;1;1184;;9;11;12;3;22;4;18;11;1;10;13;4;
a18SQ-~~~18D;;;;;;;20.47.34;1;1;6;1;1202;;9;11;12;3;22;4;18;11;1;10;13;4;
*08RQ+~~~18D~~~32;;;;;;;20.47.34;1;1;6;1;1202;;9;11;12;3;22;4;18;11;1;10;13;4;
*09ET+K8B;;;;;;;20.47.34;1;1;6;1;1202;;9;11;12;3;22;4;18;11;1;10;13;4;
*11AT/W2~24~H2C;p;r;;;;;20.47.38;1;1;6;1;1207;;9;11;12;3;22;4;18;11;1;10;13;4;
a10BT#~~~~4~A2;p;;;;;;20.47.38;1;1;6;1;1207;;9;11;12;3;22;4;18;11;1;10;13;4;
ap10:18;;;;;;;20.47.50;1;1;6;1;1210;;9;11;12;3;22;4;18;11;1;10;13;4;
*c11:14;;;;;;;20.47.50;1;1;6;1;1219;;9;14;12;3;22;4;18;11;1;10;13;4;
a18SQ-~~~11;;;;;;;20.48.11;1;1;6;1;1241;;9;14;12;3;22;4;18;11;1;10;13;4;
*14RQ#~~~11;;;;;;;20.48.11;1;1;6;1;1241;;9;14;12;3;22;4;18;11;1;10;13;4;
*09EQ+K1C;;;;;;;20.48.11;1;1;6;1;1241;;9;14;12;3;22;4;18;11;1;10;13;4;
*12AQ#J1~35~H1X;s;r;;;;;20.48.18;1;1;6;1;1245;;9;14;12;3;22;4;18;11;1;10;13;4;
a18DQ=~~~35~S;s;;;;;;20.48.18;1;1;6;1;1245;;9;14;12;3;22;4;18;11;1;10;13;4;
*p11:18;;;;;;;20.48.21;1;1;6;1;1247;;9;14;12;3;22;4;18;11;1;10;13;4;
*z6;;;;;;;20.48.21;1;6;6;1;1250;;14;12;3;22;4;9;18;11;1;10;13;4;
*14SQ-~~~66;;;;;;;20.48.37;1;6;6;1;1266;;14;12;3;22;4;9;18;11;1;10;13;4;
a12RQ+~~~66~~~~21;;;;;;;20.48.37;1;6;6;1;1266;;14;12;3;22;4;9;18;11;1;10;13;4;
a04EQ+K1C;;;;;;;20.48.37;1;6;6;1;1266;;14;12;3;22;4;9;18;11;1;10;13;4;
a11AQ#J1~37~H4X;s;r;;;;;20.48.42;1;6;6;1;1271;;14;12;3;22;4;9;18;11;1;10;13;4;
*08DQ=~~~37~S;s;;;;;;20.48.42;1;6;6;1;1272;;14;12;3;22;4;9;18;11;1;10;13;4;
ap11:19;;;;;;;20.48.45;1;6;6;1;1273;;14;12;3;22;4;9;18;11;1;10;13;4;
az5;;;;;;;20.48.45;1;6;5;1;1274;;14;12;3;22;4;9;11;1;10;13;4;18;
ac11:09;;;;;;;20.48.45;1;6;5;1;1274;;14;12;3;22;4;9;9;1;10;13;4;18;
a09SM!~~~19;;;;;;;20.49.23;1;6;5;1;1312;;14;12;3;22;4;9;9;1;10;13;4;18;
*14RM!~~~19~W~~22;;;;;;;20.49.23;1;6;5;1;1312;;14;12;3;22;4;9;9;1;10;13;4;18;
*09ET+K9B;;;;;;;20.49.23;1;6;5;1;1312;;14;12;3;22;4;9;9;1;10;13;4;18;
*03AT#W2~25~H2X;s;r;;;;;20.49.28;1;6;5;1;1317;;14;12;3;22;4;9;9;1;10;13;4;18;
a18DT=~~~25~S;s;;;;;;20.49.28;1;6;5;1;1317;;14;12;3;22;4;9;9;1;10;13;4;18;
*p12:19;;;;;;;20.49.32;1;6;5;1;1322;;14;12;3;22;4;9;9;1;10;13;4;18;
*z5;;;;;;;20.49.32;1;5;5;1;1321;;12;3;22;4;9;14;9;1;10;13;4;18;
ac09:11;;;;;;;20.49.32;1;5;5;1;1321;;12;3;22;4;9;14;11;1;10;13;4;18;
*12SQ!~~~15;;;;;;;20.49.55;1;5;5;1;1345;;12;3;22;4;9;14;11;1;10;13;4;18;
a10RQ!~~~15~~~~42;;;;;;;20.49.55;1;5;5;1;1345;;12;3;22;4;9;14;11;1;10;13;4;18;
a04ET+K8B;;;;;;;20.49.55;1;5;5;1;1345;;12;3;22;4;9;14;11;1;10;13;4;18;
a01AT#W2~29~H1X;s;r;;;;;20.50.00;1;5;5;1;1349;;12;3;22;4;9;14;11;1;10;13;4;18;
*09DT=~~~29~S;s;;;;;;20.50.00;1;5;5;1;1349;;12;3;22;4;9;14;11;1;10;13;4;18;
ap12:20;;;;;;;20.50.05;1;5;5;1;1354;;12;3;22;4;9;14;11;1;10;13;4;18;
az4;;;;;;;20.50.05;1;5;4;1;1354;;12;3;22;4;9;14;1;10;13;4;18;11;
a01SQ#~~~11;p;;;;;;20.50.24;1;5;4;1;1374;;12;3;22;4;9;14;1;10;13;4;18;11;
*14RQ=~~~11CR;p;;;;;;20.50.24;1;5;4;1;1374;;12;3;22;4;9;14;1;10;13;4;18;11;
ap12:21;;;;;;;20.50.34;1;5;4;1;1380;;12;3;22;4;9;14;1;10;13;4;18;11;
a01SQ-~~~16B;;;;;;;20.50.58;1;5;4;1;1407;;12;3;22;4;9;14;1;10;13;4;18;11;
*08RQ+~~~16B~~~32;;;;;;;20.50.58;1;5;4;1;1407;;12;3;22;4;9;14;1;10;13;4;18;11;
*09EQ+K1C;;;;;;;20.50.58;1;5;4;1;1407;;12;3;22;4;9;14;1;10;13;4;18;11;
*04AQ#J4~38~T2X;s;r;;;;;20.51.03;1;5;4;1;1412;;12;3;22;4;9;14;1;10;13;4;18;11;
a01DQ=~~~38~E~E;s;;;;;;20.51.03;1;5;4;1;1412;;12;3;22;4;9;14;1;10;13;4;18;11;
*p13:21;;;;;;;20.51.09;1;5;4;1;1416;;12;3;22;4;9;14;1;10;13;4;18;11;
*z4;;;;;;;20.51.09;1;4;4;1;1418;;3;22;4;9;14;12;1;10;13;4;18;11;
*c09:06;;;;;;;20.51.09;1;4;4;1;1418;;3;22;4;6;14;12;1;10;13;4;18;11;
*c03:16;;;;;;;20.51.09;1;4;4;1;1418;;16;22;4;6;14;12;1;10;13;4;18;11;
*P16;;;;;;;20.51.09;1;4;4;1;1418;;16;22;4;6;14;12;1;10;13;4;18;11;
*z1;;;;;;;20.51.09;1;1;4;1;1418;;16;22;4;6;14;12;1;10;13;4;18;11;
*16SM-~~~16;;;;;;;20.51.32;1;1;4;1;1440;;16;22;4;6;14;12;1;10;13;4;18;11;
a18RM+~~~16~~~~32;;;;;;;20.51.32;1;1;4;1;1440;;16;22;4;6;14;12;1;10;13;4;18;11;
a04EQ+K8C;;;;;;;20.51.32;1;1;4;1;1440;;16;22;4;6;14;12;1;10;13;4;18;11;
a13AQ/J4~33~H1T;p;r;;;;;20.51.35;1;1;4;1;1444;;16;22;4;6;14;12;1;10;13;4;18;11;
*04BQ#~~~~3~T1T;p;;;;;;20.51.35;1;1;4;1;1444;;16;22;4;6;14;12;1;10;13;4;18;11;
*p14:21;;;;;;;20.51.39;1;1;4;1;1449;;16;22;4;6;14;12;1;10;13;4;18;11;
*16SM-~~~16;;;;;;;20.51.52;1;1;4;1;1461;;16;22;4;6;14;12;1;10;13;4;18;11;
a18RM+~~~16~~~~31;;;;;;;20.51.52;1;1;4;1;1461;;16;22;4;6;14;12;1;10;13;4;18;11;
a04ET+K1F;;;;;;;20.51.52;1;1;4;1;1461;;16;22;4;6;14;12;1;10;13;4;18;11;
a10AT-W4~45~H2C;;r;;;;;20.51.56;1;1;4;1;1465;;16;22;4;6;14;12;1;10;13;4;18;11;
*14DT+~~~45~B;;;;;;;20.51.56;1;1;4;1;1465;;16;22;4;6;14;12;1;10;13;4;18;11;
*04EH+~~~~4;;;;;;;20.51.58;1;1;4;1;1466;;16;22;4;6;14;12;1;10;13;4;18;11;
*22AH-G4~46~H2C4;;p;;;;;20.51.58;1;1;4;1;1467;;16;22;4;6;14;12;1;10;13;4;18;11;
a18DH+~~~46~B;;;;;;;20.51.58;1;1;4;1;1468;;16;22;4;6;14;12;1;10;13;4;18;11;
a10AT/W4~4~~H1~2;p;s;;;;;20.52.02;1;1;4;1;1471;;16;22;4;6;14;12;1;10;13;4;18;11;
*06BT#~~~~2~A1;p;;;;;;20.52.02;1;1;4;1;1471;;16;22;4;6;14;12;1;10;13;4;18;11;
*p15:21;;;;;;;20.52.06;1;1;4;1;1473;;16;22;4;6;14;12;1;10;13;4;18;11;
aT;;;;;;;20.52.06;1;1;4;1;1475;;16;22;4;6;14;12;1;10;13;4;18;11;
*16SM-~~~16;;;;;;;20.53.38;1;1;4;1;1567;;16;22;4;6;14;12;1;10;13;4;18;11;
a18RM+~~~16~~~~21;;;;;;;20.53.38;1;1;4;1;1567;;16;22;4;6;14;12;1;10;13;4;18;11;
a04ET+K1B;;;;;;;20.53.38;1;1;4;1;1567;;16;22;4;6;14;12;1;10;13;4;18;11;
a01AT+Y9~99~H1;;r;;;;;20.53.42;1;1;4;1;1571;;16;22;4;6;14;12;1;10;13;4;18;11;
*16DT/~~~99~S;;;;;;;20.53.42;1;1;4;1;1571;;16;22;4;6;14;12;1;10;13;4;18;11;
a10FH#;;;;;;;20.53.48;1;1;4;1;1575;;16;22;4;6;14;12;1;10;13;4;18;11;
a01AT-Y9~94~H1C1;;s;;;;;20.53.50;1;1;4;1;1579;;16;22;4;6;14;12;1;10;13;4;18;11;
*22BT+~~~~4~A1;;;;;;;20.53.50;1;1;4;1;1579;;16;22;4;6;14;12;1;10;13;4;18;11;
a12EH+~~F~4;;;;;;;20.53.52;1;1;4;1;1581;;16;22;4;6;14;12;1;10;13;4;18;11;
a10AH#G4~45~P3F4;s;s;;;;;20.53.55;1;1;4;1;1582;;16;22;4;6;14;12;1;10;13;4;18;11;
*14DH=~~~45~S;s;;;;;;20.53.55;1;1;4;1;1583;;16;22;4;6;14;12;1;10;13;4;18;11;
ap15:22;;;;;;;20.54.00;1;1;4;1;1585;;16;22;4;6;14;12;1;10;13;4;18;11;
az3;;;;;;;20.54.00;1;1;3;1;1589;;16;22;4;6;14;12;10;13;4;18;11;1;
ac18:07;;;;;;;20.54.00;1;1;3;1;1589;;16;22;4;6;14;12;10;13;4;7;11;1;
a10SM!~~~19;;;;;;;20.54.16;1;1;3;1;1605;;16;22;4;6;14;12;10;13;4;7;11;1;
*22RM!~~~19~O~~32;;;;;;;20.54.16;1;1;3;1;1605;;16;22;4;6;14;12;10;13;4;7;11;1;
*16EH+K8F;;;;;;;20.54.16;1;1;3;1;1605;;16;22;4;6;14;12;10;13;4;7;11;1;
*06AH#G4~42~H2F;s;r;;;;;20.54.20;1;1;3;1;1609;;16;22;4;6;14;12;10;13;4;7;11;1;
a04BH=~~~~2~A2F;s;;;;;;20.54.20;1;1;3;1;1609;;16;22;4;6;14;12;10;13;4;7;11;1;
*p16:22;;;;;;;20.54.24;1;1;3;1;1612;;16;22;4;6;14;12;10;13;4;7;11;1;
*z6;;;;;;;20.54.24;1;6;3;1;1613;;22;4;6;14;12;16;10;13;4;7;11;1;
*22SQ!~~~11;;;;;;;20.54.42;1;6;3;1;1632;;22;4;6;14;12;16;10;13;4;7;11;1;
a10RQ!~~~11~~~~21;;;;;;;20.54.42;1;6;3;1;1632;;22;4;6;14;12;16;10;13;4;7;11;1;
a04ET+KBB;;;;;;;20.54.42;1;6;3;1;1632;;22;4;6;14;12;16;10;13;4;7;11;1;
a01AT+Y9~98~T2;;r;;;;;20.54.47;1;6;3;1;1636;;22;4;6;14;12;16;10;13;4;7;11;1;
*16DT/~~~98~E;;;;;;;20.54.47;1;6;3;1;1636;;22;4;6;14;12;16;10;13;4;7;11;1;
a12FH#;;;;;;;20.54.52;1;6;3;1;1642;;22;4;6;14;12;16;10;13;4;7;11;1;
a10AT#Y8~86~H4X1;s;s;;;;;20.54.56;1;6;3;1;1644;;22;4;6;14;12;16;10;13;4;7;11;1;
*08DT=~~~86~S;s;;;;;;20.54.56;1;6;3;1;1644;;22;4;6;14;12;16;10;13;4;7;11;1;
ap16:23;;;;;;;20.54.59;1;6;3;1;1647;;22;4;6;14;12;16;10;13;4;7;11;1;
az2;;;;;;;20.54.59;1;6;2;1;1648;;22;4;6;14;12;16;13;4;7;11;1;10;
ac13:03;;;;;;;20.54.59;1;6;2;1;1648;;22;4;6;14;12;16;3;4;7;11;1;10;
a03SQ+~~~16~~~N;;;;;;;20.55.27;1;6;2;1;1676;;22;4;6;14;12;16;3;4;7;11;1;10;
*08RQ-~~~16~W;;;;;;;20.55.27;1;6;2;1;1676;;22;4;6;14;12;16;3;4;7;11;1;10;
*14AH#G4~45~H2S;s;r;;;;;20.55.32;1;6;2;1;1682;;22;4;6;14;12;16;3;4;7;11;1;10;
a04BH=~~~~2~~2S;s;;;;;;20.55.32;1;6;2;1;1682;;22;4;6;14;12;16;3;4;7;11;1;10;
*p17:23;;;;;;;20.55.36;1;6;2;1;1684;;22;4;6;14;12;16;3;4;7;11;1;10;
*z5;;;;;;;20.56.00;1;5;2;1;1709;;4;6;14;12;16;22;3;4;7;11;1;10;
*04SM/~~~51;;;;;;;20.56.11;1;5;2;1;1721;;4;6;14;12;16;22;3;4;7;11;1;10;
a12RM/~~~51~M;;;;;;;20.56.11;1;5;2;1;1721;;4;6;14;12;16;22;3;4;7;11;1;10;
a04AO=JJ~3~~T1I;p;r;;;;;20.56.11;1;5;2;1;1724;;4;6;14;12;16;22;3;4;7;11;1;10;
*$$&H#;p;;;;;;20.56.11;1;5;2;1;1724;;4;6;14;12;16;22;3;4;7;11;1;10;
*p18:23;;;;;;;20.56.22;1;5;2;1;1729;;4;6;14;12;16;22;3;4;7;11;1;10;
*04SM-~~~51;;;;;;;20.56.34;1;5;2;1;1744;;4;6;14;12;16;22;3;4;7;11;1;10;
a12RM#~~~51~O;;;;;;;20.56.34;1;5;2;1;1744;;4;6;14;12;16;22;3;4;7;11;1;10;
a04EQ+K2C;;;;;;;20.56.34;1;5;2;1;1744;;4;6;14;12;16;22;3;4;7;11;1;10;
a11AQ#J2~36~H1X;s;r;;;;;20.56.38;1;5;2;1;1748;;4;6;14;12;16;22;3;4;7;11;1;10;
*22DQ=~~~36~S;s;;;;;;20.56.38;1;5;2;1;1748;;4;6;14;12;16;22;3;4;7;11;1;10;
ap18:24;;;;;;;20.56.42;1;5;2;1;1753;;4;6;14;12;16;22;3;4;7;11;1;10;
az1;;;;;;;20.56.42;1;5;1;1;1751;;4;6;14;12;16;22;4;7;11;1;10;3;
a04SQ+~~~56;;;;;;;20.56.59;1;5;1;1;1769;;4;6;14;12;16;22;4;7;11;1;10;3;
*22RQ-~~~56~M;;;;;;;20.56.59;1;5;1;1;1769;;4;6;14;12;16;22;4;7;11;1;10;3;
*06AH#G2~24~H3O;s;r;;;;;20.57.04;1;5;1;1;1773;;4;6;14;12;16;22;4;7;11;1;10;3;
a11BH=~~~~4~A3O;s;;;;;;20.57.04;1;5;1;1;1773;;4;6;14;12;16;22;4;7;11;1;10;3;
*p19:24;;;;;;;20.57.08;1;5;1;1;1778;;4;6;14;12;16;22;4;7;11;1;10;3;
*z4;;;;;;;20.57.08;1;4;1;1;1777;;6;14;12;16;22;4;4;7;11;1;10;3;
*06SQ-~~~16;;;;;;;20.57.24;1;4;1;1;1793;;6;14;12;16;22;4;4;7;11;1;10;3;
a12RQ+~~~16~~~~21;;;;;;;20.57.24;1;4;1;1;1793;;6;14;12;16;22;4;4;7;11;1;10;3;
a04ET+K1F;;;;;;;20.57.24;1;4;1;1;1793;;6;14;12;16;22;4;4;7;11;1;10;3;
a01AT/W4~42~H1A;p;r;;;;;20.57.28;1;4;1;1;1798;;6;14;12;16;22;4;4;7;11;1;10;3;
*16BT#~~~~2~A1A;p;;;;;;20.57.28;1;4;1;1;1798;;6;14;12;16;22;4;4;7;11;1;10;3;
*p20:24;;;;;;;20.57.31;1;4;1;1;1803;;6;14;12;16;22;4;4;7;11;1;10;3;
aT;;;;;;;20.57.31;1;4;1;1;1800;;6;14;12;16;22;4;4;7;11;1;10;3;
*06SM+~~~16D;;;;;;;20.58.44;1;4;1;1;1873;;6;14;12;16;22;4;4;7;11;1;10;3;
a10RM-~~~16DL;;;;;;;20.58.44;1;4;1;1;1873;;6;14;12;16;22;4;4;7;11;1;10;3;
a12EH+~~F~4;;;;;;;20.58.49;1;4;1;1;1877;;6;14;12;16;22;4;4;7;11;1;10;3;
a01AH#G4~4~~H3S;s;r;;;;;20.58.50;1;4;1;1;1879;;6;14;12;16;22;4;4;7;11;1;10;3;
*12BH=~~~~2~A3S;s;;;;;;20.58.50;1;4;1;1;1879;;6;14;12;16;22;4;4;7;11;1;10;3;
ap20:25;;;;;;;20.58.56;1;4;1;1;1882;;6;14;12;16;22;4;4;7;11;1;10;3;
**1set;;;;;;;20.58.56;2;4;1;1;1885;;;;;;;;;;;;;;
*P16>LUp;;;;;;;20.58.56;2;4;1;1;1885;;16;22;4;6;11;12;13;4;18;11;1;10;
*z1>LUp;;;;;;;20.58.56;2;1;1;1;1885;;16;22;4;6;11;12;13;4;18;11;1;10;
aP04>LUp;;;;;;;20.58.56;2;1;1;1;1885;;16;22;4;6;11;12;13;4;18;11;1;10;
az2>LUp;;;;;;;20.58.56;2;1;2;1;1885;;16;22;4;6;11;12;13;4;18;11;1;10;
*16SM-~~~15;;;;;;;21.02.35;2;1;2;1;2104;;16;22;4;6;11;12;13;4;18;11;1;10;
a18RM+~~~15~O~~21;;;;;;;21.02.35;2;1;2;1;2104;;16;22;4;6;11;12;13;4;18;11;1;10;
a04ET+K2P;;;;;;;21.02.35;2;1;2;1;2104;;16;22;4;6;11;12;13;4;18;11;1;10;
a10AT+Y8~86CH1;;r;;;;;21.02.40;2;1;2;1;2107;;16;22;4;6;11;12;13;4;18;11;1;10;
*08DT/~~~86CS;;;;;;;21.02.40;2;1;2;1;2107;;16;22;4;6;11;12;13;4;18;11;1;10;
a01FH#;;;;;;;21.02.40;2;1;2;1;2111;;16;22;4;6;11;12;13;4;18;11;1;10;
a11AQ#J1~37~H1X1;s;s;;;;;21.02.44;2;1;2;1;2114;;16;22;4;6;11;12;13;4;18;11;1;10;
*08DQ=~~~37~S;s;;;;;;21.02.44;2;1;2;1;2114;;16;22;4;6;11;12;13;4;18;11;1;10;
ap00:01;;;;;;;21.02.48;2;1;2;1;2119;;16;22;4;6;11;12;13;4;18;11;1;10;
az1;;;;;;;21.02.48;2;1;1;1;2117;;16;22;4;6;11;12;4;18;11;1;10;13;
a04SQ/~~~58;;;;;;;21.03.04;2;1;1;1;2133;;16;22;4;6;11;12;4;18;11;1;10;13;
*16RQ/~~~58~W;;;;;;;21.03.04;2;1;1;1;2133;;16;22;4;6;11;12;4;18;11;1;10;13;
a01FH#;;;;;;;21.03.04;2;1;1;1;2139;;16;22;4;6;11;12;4;18;11;1;10;13;
a01AT-W2~25~H1~1;;p;;;;;21.03.11;2;1;1;1;2141;;16;22;4;6;11;12;4;18;11;1;10;13;
*08DT+~~~25~S;;;;;;;21.03.11;2;1;1;1;2141;;16;22;4;6;11;12;4;18;11;1;10;13;
*22EH=;p;;;;;;21.03.11;2;1;1;1;2143;;16;22;4;6;11;12;4;18;11;1;10;13;
a$$&H#;p;;;;;;21.03.11;2;1;1;1;2143;;16;22;4;6;11;12;4;18;11;1;10;13;
ap00:02;;;;;;;21.03.28;2;1;1;1;2146;;16;22;4;6;11;12;4;18;11;1;10;13;
a04SQ-~~~66;;;;;;;21.03.50;2;1;1;1;2179;;16;22;4;6;11;12;4;18;11;1;10;13;
*08RQ#~~~66A;;;;;;;21.03.50;2;1;1;1;2179;;16;22;4;6;11;12;4;18;11;1;10;13;
*16EQ+K1C;;;;;;;21.03.50;2;1;1;1;2179;;16;22;4;6;11;12;4;18;11;1;10;13;
*04AQ#J1~37~H1X;s;r;;;;;21.03.54;2;1;1;1;2183;;16;22;4;6;11;12;4;18;11;1;10;13;
a15DQ=~~~37~S;s;;;;;;21.03.54;2;1;1;1;2183;;16;22;4;6;11;12;4;18;11;1;10;13;
*p01:02;;;;;;;21.04.00;2;1;1;1;2188;;16;22;4;6;11;12;4;18;11;1;10;13;
*z6;;;;;;;21.04.00;2;6;1;1;2189;;22;4;6;11;12;16;4;18;11;1;10;13;
*22SQ-~~~15;;;;;;;21.04.13;2;6;1;1;2203;;22;4;6;11;12;16;4;18;11;1;10;13;
a10RQ+~~~15~~~~32;;;;;;;21.04.13;2;6;1;1;2203;;22;4;6;11;12;16;4;18;11;1;10;13;
a04EQ+K1C;;;;;;;21.04.13;2;6;1;1;2203;;22;4;6;11;12;16;4;18;11;1;10;13;
a11AQ=J4~37~H1S;p;r;;;;;21.04.19;2;6;1;1;2207;;22;4;6;11;12;16;4;18;11;1;10;13;
*$$&H#;p;;;;;;21.04.19;2;6;1;1;2207;;22;4;6;11;12;16;4;18;11;1;10;13;
*p02:02;;;;;;;21.04.23;2;6;1;1;2212;;22;4;6;11;12;16;4;18;11;1;10;13;
*22SQ-~~~11;;;;;;;21.04.39;2;6;1;1;2228;;22;4;6;11;12;16;4;18;11;1;10;13;
a18RQ+~~~11~~~~32;;;;;;;21.04.39;2;6;1;1;2228;;22;4;6;11;12;16;4;18;11;1;10;13;
a04ET+K8F;;;;;;;21.04.39;2;6;1;1;2228;;22;4;6;11;12;16;4;18;11;1;10;13;
a01AT-W4~49~T2;;r;;;;;21.04.44;2;6;1;1;2233;;22;4;6;11;12;16;4;18;11;1;10;13;
*16DT+~~~49~E;;;;;;;21.04.44;2;6;1;1;2233;;22;4;6;11;12;16;4;18;11;1;10;13;
*22EH+~~F~4;;;;;;;21.04.47;2;6;1;1;2236;;22;4;6;11;12;16;4;18;11;1;10;13;
*11AH/G4~42~H2A4;s;p;;;;;21.04.48;2;6;1;1;2238;;22;4;6;11;12;16;4;18;11;1;10;13;
a11BH#~~~~2~A2A;s;;;;;;21.04.48;2;6;1;1;2238;;22;4;6;11;12;16;4;18;11;1;10;13;
ap02:03;;;;;;;21.04.52;2;6;1;1;2243;;22;4;6;11;12;16;4;18;11;1;10;13;
az6;;;;;;;21.04.52;2;6;6;1;2241;;22;4;6;11;12;16;18;11;1;10;13;4;
a18SQ-~~~15B;;;;;;;21.05.11;2;6;6;1;2261;;22;4;6;11;12;16;18;11;1;10;13;4;
*08RQ#~~~15BL;;;;;;;21.05.11;2;6;6;1;2261;;22;4;6;11;12;16;18;11;1;10;13;4;
*16EQ+K1C;;;;;;;21.05.11;2;6;6;1;2261;;22;4;6;11;12;16;18;11;1;10;13;4;
*04AQ#J1~35AH1X;s;r;;;;;21.05.15;2;6;6;1;2265;;22;4;6;11;12;16;18;11;1;10;13;4;
a18DQ=~~~35AS;s;;;;;;21.05.15;2;6;6;1;2265;;22;4;6;11;12;16;18;11;1;10;13;4;
*p03:03;;;;;;;21.05.19;2;6;6;1;2270;;22;4;6;11;12;16;18;11;1;10;13;4;
*z5;;;;;;;21.05.19;2;5;6;1;2268;;4;6;11;12;16;22;18;11;1;10;13;4;
*04SM!~~~55;;;;;;;21.05.35;2;5;6;1;2284;;4;6;11;12;16;22;18;11;1;10;13;4;
a10RM!~~~55~~~~41;;;;;;;21.05.35;2;5;6;1;2284;;4;6;11;12;16;22;18;11;1;10;13;4;
a04EQ+KFC;;;;;;;21.05.35;2;5;6;1;2284;;4;6;11;12;16;22;18;11;1;10;13;4;
a11AQ+J4~36~H1;;r;;;;;21.05.43;2;5;6;1;2289;;4;6;11;12;16;22;18;11;1;10;13;4;
*22DQ-~~~36~S;;;;;;;21.05.43;2;5;6;1;2289;;4;6;11;12;16;22;18;11;1;10;13;4;
*04EH/~~~~4;;;;;;;21.05.49;2;5;6;1;2291;;4;6;11;12;16;22;18;11;1;10;13;4;
a01AO#V2~24~H1S;s;s;;;;;21.05.49;2;5;6;1;2292;;4;6;11;12;16;22;18;11;1;10;13;4;
*11BO=~~~~4~A1;s;;;;;;21.05.49;2;5;6;1;2293;;4;6;11;12;16;22;18;11;1;10;13;4;
ap03:04;;;;;;;21.06.00;2;5;6;1;2297;;4;6;11;12;16;22;18;11;1;10;13;4;
az5;;;;;;;21.06.00;2;5;5;1;2309;;4;6;11;12;16;22;11;1;10;13;4;18;
a11SM+~~~55;;;;;;;21.06.01;2;5;5;1;2310;;4;6;11;12;16;22;11;1;10;13;4;18;
*22RM-~~~55;;;;;;;21.06.01;2;5;5;1;2310;;4;6;11;12;16;22;11;1;10;13;4;18;
*11AT#W4~42~H2S;s;r;;;;;21.06.04;2;5;5;1;2314;;4;6;11;12;16;22;11;1;10;13;4;18;
a01BT=~~~~2~A2S;s;;;;;;21.06.04;2;5;5;1;2314;;4;6;11;12;16;22;11;1;10;13;4;18;
*p04:04;;;;;;;21.06.09;2;5;5;1;2319;;4;6;11;12;16;22;11;1;10;13;4;18;
*z4;;;;;;;21.06.09;2;4;5;1;2318;;6;11;12;16;22;4;11;1;10;13;4;18;
*06SQ=~~~15~~~O;s;;;;;;21.06.26;2;4;5;1;2335;;6;11;12;16;22;4;11;1;10;13;4;18;
a$$&H#;s;;;;;;21.06.26;2;4;5;1;2335;;6;11;12;16;22;4;11;1;10;13;4;18;
ap04:05;;;;;;;21.06.28;2;4;5;1;2339;;6;11;12;16;22;4;11;1;10;13;4;18;
az4;;;;;;;21.06.28;2;4;4;1;2337;;6;11;12;16;22;4;1;10;13;4;18;11;
a01SQ#~~~18~~~N;p;;;;;;21.06.46;2;4;4;1;2355;;6;11;12;16;22;4;1;10;13;4;18;11;
*12RQ=~~~18~W;p;;;;;;21.06.46;2;4;4;1;2355;;6;11;12;16;22;4;1;10;13;4;18;11;
ap04:06;;;;;;;21.06.52;2;4;4;1;2359;;6;11;12;16;22;4;1;10;13;4;18;11;
a01SQ!~~~11;;;;;;;21.07.34;2;4;4;1;2404;;6;11;12;16;22;4;1;10;13;4;18;11;
*08RQ!~~~11~~~~42;;;;;;;21.07.34;2;4;4;1;2404;;6;11;12;16;22;4;1;10;13;4;18;11;
*16ET+K7F;;;;;;;21.07.34;2;4;4;1;2404;;6;11;12;16;22;4;1;10;13;4;18;11;
*11AT-W4~45~H2;;r;;;;;21.07.40;2;4;4;1;2409;;6;11;12;16;22;4;1;10;13;4;18;11;
a18DT+~~~45~S;;;;;;;21.07.40;2;4;4;1;2409;;6;11;12;16;22;4;1;10;13;4;18;11;
a15EH+~~B~9;;;;;;;21.07.42;2;4;4;1;2411;;6;11;12;16;22;4;1;10;13;4;18;11;
a01AH#G9~94~H3S4;p;p;;;;;21.07.44;2;4;4;1;2414;;6;11;12;16;22;4;1;10;13;4;18;11;
*12BH=~~~~4~A3S;p;;;;;;21.07.44;2;4;4;1;2414;;6;11;12;16;22;4;1;10;13;4;18;11;
ap04:07;;;;;;;21.07.51;2;4;4;1;2419;;6;11;12;16;22;4;1;10;13;4;18;11;
a01SQ=~~~1~~~~N;s;;;;;;21.08.18;2;4;4;1;2448;;6;11;12;16;22;4;1;10;13;4;18;11;
*$$&H#;s;;;;;;21.08.18;2;4;4;1;2448;;6;11;12;16;22;4;1;10;13;4;18;11;
*p05:07;;;;;;;21.08.21;2;4;4;1;2452;;6;11;12;16;22;4;1;10;13;4;18;11;
*z3;;;;;;;21.08.21;2;3;4;1;2450;;11;12;16;22;4;6;1;10;13;4;18;11;
*11SQ+~~~54~~~N;;;;;;;21.08.44;2;3;4;1;2474;;11;12;16;22;4;6;1;10;13;4;18;11;
a13RQ-~~~54~W;;;;;;;21.08.44;2;3;4;1;2474;;11;12;16;22;4;6;1;10;13;4;18;11;
a10EH+~~~~9;;;;;;;21.08.44;2;3;4;1;2477;;11;12;16;22;4;6;1;10;13;4;18;11;
a01AH=G9~9~~H3N;p;r;;;;;21.08.50;2;3;4;1;2479;;11;12;16;22;4;6;1;10;13;4;18;11;
*$$&H#;p;;;;;;21.08.50;2;3;4;1;2479;;11;12;16;22;4;6;1;10;13;4;18;11;
*p06:07;;;;;;;21.08.53;2;3;4;1;2484;;11;12;16;22;4;6;1;10;13;4;18;11;
*11SQ=~~~51A~~O;s;;;;;;21.09.17;2;3;4;1;2506;;11;12;16;22;4;6;1;10;13;4;18;11;
a$$&H#;s;;;;;;21.09.17;2;3;4;1;2506;;11;12;16;22;4;6;1;10;13;4;18;11;
ap06:08;;;;;;;21.09.21;2;3;4;1;2510;;11;12;16;22;4;6;1;10;13;4;18;11;
az3;;;;;;;21.09.21;2;3;3;1;2510;;11;12;16;22;4;6;10;13;4;18;11;1;
a10SM-~~~11;;;;;;;21.09.33;2;3;3;1;2523;;11;12;16;22;4;6;10;13;4;18;11;1;
*08RM#~~~11;;;;;;;21.09.33;2;3;3;1;2523;;11;12;16;22;4;6;10;13;4;18;11;1;
*16EQ+K1C;;;;;;;21.09.33;2;3;3;1;2523;;11;12;16;22;4;6;10;13;4;18;11;1;
*12AQ#J4~37~H1X;s;r;;;;;21.09.37;2;3;3;1;2527;;11;12;16;22;4;6;10;13;4;18;11;1;
a15DQ=~~~37;s;;;;;;21.09.37;2;3;3;1;2527;;11;12;16;22;4;6;10;13;4;18;11;1;
*p07:08;;;;;;;21.09.45;2;3;3;1;2532;;11;12;16;22;4;6;10;13;4;18;11;1;
*z2;;;;;;;21.09.45;2;2;3;1;2534;;12;16;22;4;6;11;10;13;4;18;11;1;
*12SQ!~~~16;;;;;;;21.09.57;2;2;3;1;2546;;12;16;22;4;6;11;10;13;4;18;11;1;
a12RQ!~~~16~~~~32;;;;;;;21.09.57;2;2;3;1;2546;;12;16;22;4;6;11;10;13;4;18;11;1;
a04EQ+K8C;;;;;;;21.09.57;2;2;3;1;2546;;12;16;22;4;6;11;10;13;4;18;11;1;
a13AQ-J2~37~H1;;r;;;;;21.10.01;2;2;3;1;2550;;12;16;22;4;6;11;10;13;4;18;11;1;
*12DQ+~~~37~S;;;;;;;21.10.01;2;2;3;1;2551;;12;16;22;4;6;11;10;13;4;18;11;1;
*11EH/~~~~4;;;;;;;21.10.05;2;2;3;1;2552;;12;16;22;4;6;11;10;13;4;18;11;1;
a13FH#;;;;;;;21.10.07;2;2;3;1;2555;;12;16;22;4;6;11;10;13;4;18;11;1;
a13AQ#J4~33~H1O1;s;s;;;;;21.10.12;2;2;3;1;2557;;12;16;22;4;6;11;10;13;4;18;11;1;
*04BQ=~~~~3~T1O;s;;;;;;21.10.12;2;2;3;1;2557;;12;16;22;4;6;11;10;13;4;18;11;1;
ap07:09;;;;;;;21.10.18;2;2;3;1;2562;;12;16;22;4;6;11;10;13;4;18;11;1;
az2;;;;;;;21.10.18;2;2;2;1;2567;;12;16;22;4;6;11;13;4;18;11;1;10;
a13SM!~~~56;;;;;;;21.10.29;2;2;2;1;2578;;12;16;22;4;6;11;13;4;18;11;1;10;
*11RM!~~~56~~~~41;;;;;;;21.10.29;2;2;2;1;2578;;12;16;22;4;6;11;13;4;18;11;1;10;
*16EQ+KFC;;;;;;;21.10.29;2;2;2;1;2578;;12;16;22;4;6;11;13;4;18;11;1;10;
*04AQ+J3~36~H1;;r;;;;;21.10.33;2;2;2;1;2582;;12;16;22;4;6;11;13;4;18;11;1;10;
a10DQ/~~~36~S;;;;;;;21.10.33;2;2;2;1;2583;;12;16;22;4;6;11;13;4;18;11;1;10;
*08FH#;;;;;;;21.10.36;2;2;2;1;2585;;12;16;22;4;6;11;13;4;18;11;1;10;
*04AQ-J4~31~H1~1;;s;;;;;21.10.37;2;2;2;1;2586;;12;16;22;4;6;11;13;4;18;11;1;10;
a01DQ+~~~31~S;;;;;;;21.10.37;2;2;2;1;2587;;12;16;22;4;6;11;13;4;18;11;1;10;
a18AT-W4~42~H2C2;;p;;;;;21.10.40;2;2;2;1;2589;;12;16;22;4;6;11;13;4;18;11;1;10;
*16BT+~~~~2~A2;;;;;;;21.10.40;2;2;2;1;2590;;12;16;22;4;6;11;13;4;18;11;1;10;
*06DT+~~~41~B;;;;;;;21.10.40;2;2;2;1;2591;;12;16;22;4;6;11;13;4;18;11;1;10;
*22AT#W4~41DH2X1;s;s;;;;;21.10.45;2;2;2;1;2593;;12;16;22;4;6;11;13;4;18;11;1;10;
a01DT=~~~41DS;s;;;;;;21.10.45;2;2;2;1;2593;;12;16;22;4;6;11;13;4;18;11;1;10;
*p08:09;;;;;;;21.10.49;2;2;2;1;2598;;12;16;22;4;6;11;13;4;18;11;1;10;
*z1;;;;;;;21.10.49;2;1;2;1;2598;;16;22;4;6;11;12;13;4;18;11;1;10;
*16SQ-~~~16;;;;;;;21.11.06;2;1;2;1;2615;;16;22;4;6;11;12;13;4;18;11;1;10;
a12RQ#~~~16;;;;;;;21.11.06;2;1;2;1;2615;;16;22;4;6;11;12;13;4;18;11;1;10;
a04ET+K2F;;;;;;;21.11.06;2;1;2;1;2615;;16;22;4;6;11;12;13;4;18;11;1;10;
a18AT#W4~41CT1X;s;r;;;;;21.11.10;2;1;2;1;2618;;16;22;4;6;11;12;13;4;18;11;1;10;
*11DT=~~~41CE~E;s;;;;;;21.11.10;2;1;2;1;2618;;16;22;4;6;11;12;13;4;18;11;1;10;
ap08:10;;;;;;;21.11.16;2;1;2;1;2623;;16;22;4;6;11;12;13;4;18;11;1;10;
az1;;;;;;;21.11.16;2;1;1;1;2625;;16;22;4;6;11;12;4;18;11;1;10;13;
a04SQ#~~~56A;p;;;;;;21.11.33;2;1;1;1;2642;;16;22;4;6;11;12;4;18;11;1;10;13;
*08RQ=~~~56AR;p;;;;;;21.11.33;2;1;1;1;2642;;16;22;4;6;11;12;4;18;11;1;10;13;
ap08:11;;;;;;;21.11.40;2;1;1;1;2646;;16;22;4;6;11;12;4;18;11;1;10;13;
*T;;;;;;;21.11.40;2;1;1;1;2649;;16;22;4;6;11;12;4;18;11;1;10;13;
a04SQ+~~~51;;;;;;;21.12.54;2;1;1;1;2723;;16;22;4;6;11;12;4;18;11;1;10;13;
*22RQ-~~~51;;;;;;;21.12.54;2;1;1;1;2723;;16;22;4;6;11;12;4;18;11;1;10;13;
*06AH-G4~42~H2C;;r;;;;;21.12.58;2;1;1;1;2728;;16;22;4;6;11;12;4;18;11;1;10;13;
a11BH+~~~~2~A2;;;;;;;21.12.58;2;1;1;1;2728;;16;22;4;6;11;12;4;18;11;1;10;13;
a10FH#;;;;;;;21.13.03;2;1;1;1;2733;;16;22;4;6;11;12;4;18;11;1;10;13;
a01AT#W2~22~H1X1;p;p;;;;;21.13.06;2;1;1;1;2735;;16;22;4;6;11;12;4;18;11;1;10;13;
*16DT=~~~22~S;p;;;;;;21.13.06;2;1;1;1;2735;;16;22;4;6;11;12;4;18;11;1;10;13;
ap08:12;;;;;;;21.13.11;2;1;1;1;2740;;16;22;4;6;11;12;4;18;11;1;10;13;
a04SQ-~~~56;;;;;;;21.13.26;2;1;1;1;2756;;16;22;4;6;11;12;4;18;11;1;10;13;
*08RQ#~~~56;;;;;;;21.13.26;2;1;1;1;2756;;16;22;4;6;11;12;4;18;11;1;10;13;
*16EQ+K1C;;;;;;;21.13.26;2;1;1;1;2756;;16;22;4;6;11;12;4;18;11;1;10;13;
*04AQ#J1~33~H1S;s;r;;;;;21.13.30;2;1;1;1;2760;;16;22;4;6;11;12;4;18;11;1;10;13;
a11BQ=~~~~3~T1S;s;;;;;;21.13.30;2;1;1;1;2760;;16;22;4;6;11;12;4;18;11;1;10;13;
*p09:12;;;;;;;21.13.33;2;1;1;1;2765;;16;22;4;6;11;12;4;18;11;1;10;13;
*z6;;;;;;;21.13.33;2;6;1;1;2762;;22;4;6;11;12;16;4;18;11;1;10;13;
*22SQ#~~~15D;p;;;;;;21.13.50;2;6;1;1;2779;;22;4;6;11;12;16;4;18;11;1;10;13;
a10RQ=~~~15DL;p;;;;;;21.13.50;2;6;1;1;2779;;22;4;6;11;12;16;4;18;11;1;10;13;
*p10:12;;;;;;;21.13.56;2;6;1;1;2783;;22;4;6;11;12;16;4;18;11;1;10;13;
*22SQ-~~~16;;;;;;;21.14.14;2;6;1;1;2804;;22;4;6;11;12;16;4;18;11;1;10;13;
a12RQ+~~~16~~~~21;;;;;;;21.14.14;2;6;1;1;2804;;22;4;6;11;12;16;4;18;11;1;10;13;
a04EQ+K1C;;;;;;;21.14.14;2;6;1;1;2804;;22;4;6;11;12;16;4;18;11;1;10;13;
a11AQ-J4~33~H2;;r;;;;;21.14.19;2;6;1;1;2808;;22;4;6;11;12;16;4;18;11;1;10;13;
*11BQ+~~~~3~T2;;;;;;;21.14.19;2;6;1;1;2808;;22;4;6;11;12;16;4;18;11;1;10;13;
a11DQ+~~~3~~C;;;;;;;21.14.19;2;6;1;1;2808;;22;4;6;11;12;16;4;18;11;1;10;13;
a01AT-W4~42~T2~2;;s;;;;;21.14.22;2;6;1;1;2811;;22;4;6;11;12;16;4;18;11;1;10;13;
*16DT+~~~42~E;;;;;;;21.14.22;2;6;1;1;2812;;22;4;6;11;12;16;4;18;11;1;10;13;
*08EH+~~B~2;;;;;;;21.14.22;2;6;1;1;2813;;22;4;6;11;12;16;4;18;11;1;10;13;
*06AH-G2~2~~H2C4;;p;;;;;21.14.27;2;6;1;1;2815;;22;4;6;11;12;16;4;18;11;1;10;13;
a11BH+~~~~4~A2;;;;;;;21.14.27;2;6;1;1;2815;;22;4;6;11;12;16;4;18;11;1;10;13;
a12DH+~~~21~B;;;;;;;21.14.27;2;6;1;1;2815;;22;4;6;11;12;16;4;18;11;1;10;13;
a01AT-W4~42~T2~2;;s;;;;;21.14.29;2;6;1;1;2818;;22;4;6;11;12;16;4;18;11;1;10;13;
*16DT+~~~42~E;;;;;;;21.14.29;2;6;1;1;2818;;22;4;6;11;12;16;4;18;11;1;10;13;
*22EH+~~F~4;;;;;;;21.14.29;2;6;1;1;2821;;22;4;6;11;12;16;4;18;11;1;10;13;
*11AH#G4~45~H2X4;p;p;;;;;21.14.32;2;6;1;1;2822;;22;4;6;11;12;16;4;18;11;1;10;13;
a10DH=~~~45~S;p;;;;;;21.14.32;2;6;1;1;2823;;22;4;6;11;12;16;4;18;11;1;10;13;
*p11:12;;;;;;;21.14.37;2;6;1;1;2827;;22;4;6;11;12;16;4;18;11;1;10;13;
*22SQ+~~~16;;;;;;;21.14.56;2;6;1;1;2845;;22;4;6;11;12;16;4;18;11;1;10;13;
a12RQ-~~~16~M;;;;;;;21.14.56;2;6;1;1;2845;;22;4;6;11;12;16;4;18;11;1;10;13;
a18AT#W2~24~H2S;s;r;;;;;21.15.02;2;6;1;1;2851;;22;4;6;11;12;16;4;18;11;1;10;13;
*11BT=~~~~4~A2S;s;;;;;;21.15.02;2;6;1;1;2851;;22;4;6;11;12;16;4;18;11;1;10;13;
ap11:13;;;;;;;21.15.08;2;6;1;1;2856;;22;4;6;11;12;16;4;18;11;1;10;13;
az6;;;;;;;21.15.08;2;6;6;1;2857;;22;4;6;11;12;16;18;11;1;10;13;4;
a18SQ!~~~15;;;;;;;21.15.23;2;6;6;1;2872;;22;4;6;11;12;16;18;11;1;10;13;4;
*11RQ!~~~15~~~~22;;;;;;;21.15.23;2;6;6;1;2872;;22;4;6;11;12;16;18;11;1;10;13;4;
*11AT/W4~42~H2A;p;r;;;;;21.15.27;2;6;6;1;2877;;22;4;6;11;12;16;18;11;1;10;13;4;
a11BT#~~~~2~A2A;p;;;;;;21.15.27;2;6;6;1;2877;;22;4;6;11;12;16;18;11;1;10;13;4;
ap11:14;;;;;;;21.15.31;2;6;6;1;2882;;22;4;6;11;12;16;18;11;1;10;13;4;
a18SQ+~~~15;;;;;;;21.16.15;2;6;6;1;2925;;22;4;6;11;12;16;18;11;1;10;13;4;
*11RQ-~~~15~M;;;;;;;21.16.15;2;6;6;1;2925;;22;4;6;11;12;16;18;11;1;10;13;4;
*11AH/G4~42~H2A;p;r;;;;;21.16.19;2;6;6;1;2930;;22;4;6;11;12;16;18;11;1;10;13;4;
a11BH#~~~~2~A2A;p;;;;;;21.16.19;2;6;6;1;2930;;22;4;6;11;12;16;18;11;1;10;13;4;
ap11:15;;;;;;;21.16.23;2;6;6;1;2935;;22;4;6;11;12;16;18;11;1;10;13;4;
*c11:14;;;;;;;21.16.23;2;6;6;1;2932;;22;4;6;14;12;16;18;11;1;10;13;4;
a18SQ!~~~16;;;;;;;21.16.51;2;6;6;1;2960;;22;4;6;14;12;16;18;11;1;10;13;4;
*08RQ!~~~16~~~~32;;;;;;;21.16.51;2;6;6;1;2960;;22;4;6;14;12;16;18;11;1;10;13;4;
*16ET+K8B;;;;;;;21.16.51;2;6;6;1;2960;;22;4;6;14;12;16;18;11;1;10;13;4;
*06AT#W2~21~H2X;s;r;;;;;21.16.55;2;6;6;1;2965;;22;4;6;14;12;16;18;11;1;10;13;4;
a04DT=~~~21~S;s;;;;;;21.16.55;2;6;6;1;2965;;22;4;6;14;12;16;18;11;1;10;13;4;
*p12:15;;;;;;;21.16.59;2;6;6;1;2970;;22;4;6;14;12;16;18;11;1;10;13;4;
*z5;;;;;;;21.16.59;2;5;6;1;2968;;4;6;14;12;16;22;18;11;1;10;13;4;
*04SM-~~~55;;;;;;;21.17.13;2;5;6;1;2983;;4;6;14;12;16;22;18;11;1;10;13;4;
a10RM#~~~55~O;;;;;;;21.17.13;2;5;6;1;2983;;4;6;14;12;16;22;18;11;1;10;13;4;
a04EQ+K1C;;;;;;;21.17.13;2;5;6;1;2983;;4;6;14;12;16;22;18;11;1;10;13;4;
a11AQ#J4~31~H1X;s;r;;;;;21.17.18;2;5;6;1;2987;;4;6;14;12;16;22;18;11;1;10;13;4;
*16DQ=~~~31;s;;;;;;21.17.18;2;5;6;1;2987;;4;6;14;12;16;22;18;11;1;10;13;4;
ap12:16;;;;;;;21.17.20;2;5;6;1;2992;;4;6;14;12;16;22;18;11;1;10;13;4;
az5;;;;;;;21.17.20;2;5;5;1;2989;;4;6;14;12;16;22;11;1;10;13;4;18;
a11SM!~~~55;;;;;;;21.17.36;2;5;5;1;3006;;4;6;14;12;16;22;11;1;10;13;4;18;
*14RM!~~~55~~~~32;;;;;;;21.17.36;2;5;5;1;3006;;4;6;14;12;16;22;11;1;10;13;4;18;
*16ET+K8B;;;;;;;21.17.36;2;5;5;1;3006;;4;6;14;12;16;22;11;1;10;13;4;18;
*06AT-W2~24~H2C;;r;;;;;21.17.41;2;5;5;1;3011;;4;6;14;12;16;22;11;1;10;13;4;18;
a10BT+~~~~4~A2;;;;;;;21.17.41;2;5;5;1;3012;;4;6;14;12;16;22;11;1;10;13;4;18;
a04DH+~~~23~B;;;;;;;21.17.44;2;5;5;1;3012;;4;6;14;12;16;22;11;1;10;13;4;18;
a18EH+~~F~4;;;;;;;21.17.47;2;5;5;1;3014;;4;6;14;12;16;22;11;1;10;13;4;18;
a10AH-G4~4~~H2~4;;p;;;;;21.17.50;2;5;5;1;3015;;4;6;14;12;16;22;11;1;10;13;4;18;
*06BH+~~~~2~A2;;;;;;;21.17.50;2;5;5;1;3016;;4;6;14;12;16;22;11;1;10;13;4;18;
a11DH+~~~~4~C;;;;;;;21.17.50;2;5;5;1;3016;;4;6;14;12;16;22;11;1;10;13;4;18;
a13AQ-J4~39~H1~1;;p;;;;;21.17.52;2;5;5;1;3018;;4;6;14;12;16;22;11;1;10;13;4;18;
*16DQ+~~~39~S;;;;;;;21.17.52;2;5;5;1;3018;;4;6;14;12;16;22;11;1;10;13;4;18;
*08EH+~~~~9;;;;;;;21.17.55;2;5;5;1;3020;;4;6;14;12;16;22;11;1;10;13;4;18;
*06AH-G2~21~H2C4;;s;;;;;21.17.55;2;5;5;1;3022;;4;6;14;12;16;22;11;1;10;13;4;18;
a18DH+~~~21~S;;;;;;;21.17.55;2;5;5;1;3022;;4;6;14;12;16;22;11;1;10;13;4;18;
a10AH-G4~46~T2~3;;p;;;;;21.17.58;2;5;5;1;3026;;4;6;14;12;16;22;11;1;10;13;4;18;
*22DH+~~~46~E;;;;;;;21.17.58;2;5;5;1;3026;;4;6;14;12;16;22;11;1;10;13;4;18;
*14AT/W4~42~H2A2;p;s;;;;;21.18.02;2;5;5;1;3030;;4;6;14;12;16;22;11;1;10;13;4;18;
a01BT#~~~~2~A2A;p;;;;;;21.18.02;2;5;5;1;3030;;4;6;14;12;16;22;11;1;10;13;4;18;
ap12:17;;;;;;;21.18.07;2;5;5;1;3035;;4;6;14;12;16;22;11;1;10;13;4;18;
*T;;;;;;;21.18.07;2;5;5;1;3036;;4;6;14;12;16;22;11;1;10;13;4;18;
a11SM#~~~55;p;;;;;;21.19.25;2;5;5;1;3115;;4;6;14;12;16;22;11;1;10;13;4;18;
*14RM=~~~55~O;p;;;;;;21.19.25;2;5;5;1;3115;;4;6;14;12;16;22;11;1;10;13;4;18;
ap12:18;;;;;;;21.19.31;2;5;5;1;3119;;4;6;14;12;16;22;11;1;10;13;4;18;
a11SM!~~~55;;;;;;;21.19.48;2;5;5;1;3138;;4;6;14;12;16;22;11;1;10;13;4;18;
*14RM!~~~55~~~~32;;;;;;;21.19.48;2;5;5;1;3138;;4;6;14;12;16;22;11;1;10;13;4;18;
*16ET+K7F;;;;;;;21.19.48;2;5;5;1;3138;;4;6;14;12;16;22;11;1;10;13;4;18;
*14AT#W4~4~~H2S;s;r;;;;;21.19.48;2;5;5;1;3142;;4;6;14;12;16;22;11;1;10;13;4;18;
a01BT=~~~~2~A2S;s;;;;;;21.19.48;2;5;5;1;3142;;4;6;14;12;16;22;11;1;10;13;4;18;
*p13:18;;;;;;;21.19.55;2;5;5;1;3147;;4;6;14;12;16;22;11;1;10;13;4;18;
*z4;;;;;;;21.19.55;2;4;5;1;3144;;6;14;12;16;22;4;11;1;10;13;4;18;
*c06:09;;;;;;;21.19.55;2;4;5;1;3144;;9;14;12;16;22;4;11;1;10;13;4;18;
*c16:03;;;;;;;21.19.55;2;4;5;1;3144;;9;14;12;3;22;4;11;1;10;13;4;18;
*P9;;;;;;;21.19.55;2;4;5;1;3144;;9;14;12;3;22;4;11;1;10;13;4;18;
*z1;;;;;;;21.19.55;2;1;5;1;3144;;9;14;12;3;22;4;11;1;10;13;4;18;
*09SQ-~~~66;;;;;;;21.20.55;2;1;5;1;3204;;9;14;12;3;22;4;11;1;10;13;4;18;
a12RQ#~~~66;;;;;;;21.20.55;2;1;5;1;3204;;9;14;12;3;22;4;11;1;10;13;4;18;
a04ET+K2F;;;;;;;21.20.55;2;1;5;1;3204;;9;14;12;3;22;4;11;1;10;13;4;18;
a10AT=W4~41~H1S;p;r;;;;;21.21.00;2;1;5;1;3209;;9;14;12;3;22;4;11;1;10;13;4;18;
*$$&H#;p;;;;;;21.21.00;2;1;5;1;3209;;9;14;12;3;22;4;11;1;10;13;4;18;
*p14:18;;;;;;;21.21.03;2;1;5;1;3214;;9;14;12;3;22;4;11;1;10;13;4;18;
*09SQ!~~~66;;;;;;;21.21.26;2;1;5;1;3236;;9;14;12;3;22;4;11;1;10;13;4;18;
a18RQ!~~~66~~~~22;;;;;;;21.21.26;2;1;5;1;3236;;9;14;12;3;22;4;11;1;10;13;4;18;
a04ET+K9F;;;;;;;21.21.26;2;1;5;1;3236;;9;14;12;3;22;4;11;1;10;13;4;18;
a10AT#W4~47~H1X;s;r;;;;;21.21.31;2;1;5;1;3240;;9;14;12;3;22;4;11;1;10;13;4;18;
*08DT=~~~47~S;s;;;;;;21.21.31;2;1;5;1;3240;;9;14;12;3;22;4;11;1;10;13;4;18;
ap14:19;;;;;;;21.21.36;2;1;5;1;3243;;9;14;12;3;22;4;11;1;10;13;4;18;
az4;;;;;;;21.21.36;2;1;4;1;3245;;9;14;12;3;22;4;1;10;13;4;18;11;
a01SQ!~~~16;;;;;;;21.21.51;2;1;4;1;3260;;9;14;12;3;22;4;1;10;13;4;18;11;
*08RQ!~~~16~~~~21;;;;;;;21.21.51;2;1;4;1;3260;;9;14;12;3;22;4;1;10;13;4;18;11;
*09ET+KBB;;;;;;;21.21.51;2;1;4;1;3260;;9;14;12;3;22;4;1;10;13;4;18;11;
*14AT-W2~26~H2;;r;;;;;21.21.56;2;1;4;1;3265;;9;14;12;3;22;4;1;10;13;4;18;11;
a18DT+~~~26~S;;;;;;;21.21.56;2;1;4;1;3265;;9;14;12;3;22;4;1;10;13;4;18;11;
a01EH+~~F~4;;;;;;;21.21.59;2;1;4;1;3267;;9;14;12;3;22;4;1;10;13;4;18;11;
a10AH+G4~42~T2C4;;p;;;;;21.21.59;2;1;4;1;3268;;9;14;12;3;22;4;1;10;13;4;18;11;
*12BH-~~~~2~A2;;;;;;;21.21.59;2;1;4;1;3268;;9;14;12;3;22;4;1;10;13;4;18;11;
a15DH+~~~4~~C;;;;;;;21.21.59;2;1;4;1;3268;;9;14;12;3;22;4;1;10;13;4;18;11;
a01AT#Y9~91~H1X1;p;p;;;;;21.22.03;2;1;4;1;3272;;9;14;12;3;22;4;1;10;13;4;18;11;
*22DT=~~~91~S;p;;;;;;21.22.03;2;1;4;1;3272;;9;14;12;3;22;4;1;10;13;4;18;11;
ap14:20;;;;;;;21.22.08;2;1;4;1;3277;;9;14;12;3;22;4;1;10;13;4;18;11;
a01SQ/~~~16;;;;;;;21.23.07;2;1;4;1;3337;;9;14;12;3;22;4;1;10;13;4;18;11;
*08RQ/~~~16~W;;;;;;;21.23.07;2;1;4;1;3337;;9;14;12;3;22;4;1;10;13;4;18;11;
a13FH#;;;;;;;21.23.07;2;1;4;1;3340;;9;14;12;3;22;4;1;10;13;4;18;11;
a13AQ#J2~38~T2X1;p;p;;;;;21.23.13;2;1;4;1;3342;;9;14;12;3;22;4;1;10;13;4;18;11;
*08DQ=~~~38~E~E;p;;;;;;21.23.13;2;1;4;1;3342;;9;14;12;3;22;4;1;10;13;4;18;11;
ap14:21;;;;;;;21.23.20;2;1;4;1;3347;;9;14;12;3;22;4;1;10;13;4;18;11;
a01SQ-~~~16;;;;;;;21.23.53;2;1;4;1;3382;;9;14;12;3;22;4;1;10;13;4;18;11;
*08RQ+~~~16~~~~32;;;;;;;21.23.53;2;1;4;1;3382;;9;14;12;3;22;4;1;10;13;4;18;11;
*09EQ+K1C;;;;;;;21.23.53;2;1;4;1;3382;;9;14;12;3;22;4;1;10;13;4;18;11;
*12AQ#J1~33~H2O;s;r;;;;;21.23.56;2;1;4;1;3386;;9;14;12;3;22;4;1;10;13;4;18;11;
a13BQ=~~~~3~T2O;s;;;;;;21.23.56;2;1;4;1;3386;;9;14;12;3;22;4;1;10;13;4;18;11;
*p15:21;;;;;;;21.24.03;2;1;4;1;3391;;9;14;12;3;22;4;1;10;13;4;18;11;
*z6;;;;;;;21.24.03;2;6;4;1;3392;;14;12;3;22;4;9;1;10;13;4;18;11;
*14SQ-~~~66B;;;;;;;21.24.24;2;6;4;1;3413;;14;12;3;22;4;9;1;10;13;4;18;11;
a12RQ+~~~66B~~~41;;;;;;;21.24.24;2;6;4;1;3413;;14;12;3;22;4;9;1;10;13;4;18;11;
a04EQ+KFC;;;;;;;21.24.24;2;6;4;1;3413;;14;12;3;22;4;9;1;10;13;4;18;11;
a13AQ#J4~31~H2X;s;r;;;;;21.24.28;2;6;4;1;3416;;14;12;3;22;4;9;1;10;13;4;18;11;
*09DQ=~~~31~S;s;;;;;;21.24.28;2;6;4;1;3416;;14;12;3;22;4;9;1;10;13;4;18;11;
ap15:22;;;;;;;21.24.34;2;6;4;1;3421;;14;12;3;22;4;9;1;10;13;4;18;11;
az3;;;;;;;21.24.34;2;6;3;1;3423;;14;12;3;22;4;9;10;13;4;18;11;1;
a10SM-~~~11;;;;;;;21.24.47;2;6;3;1;3437;;14;12;3;22;4;9;10;13;4;18;11;1;
*14RM#~~~11;;;;;;;21.24.47;2;6;3;1;3437;;14;12;3;22;4;9;10;13;4;18;11;1;
*09ET+K3B;;;;;;;21.24.47;2;6;3;1;3437;;14;12;3;22;4;9;10;13;4;18;11;1;
*03AT#W2~26DH4X;s;r;;;;;21.24.51;2;6;3;1;3441;;14;12;3;22;4;9;10;13;4;18;11;1;
a10DT=~~~26DS;s;;;;;;21.24.51;2;6;3;1;3441;;14;12;3;22;4;9;10;13;4;18;11;1;
*p16:22;;;;;;;21.24.55;2;6;3;1;3446;;14;12;3;22;4;9;10;13;4;18;11;1;
*z5;;;;;;;21.24.55;2;5;3;1;3444;;12;3;22;4;9;14;10;13;4;18;11;1;
*12SQ!~~~11;;;;;;;21.25.09;2;5;3;1;3459;;12;3;22;4;9;14;10;13;4;18;11;1;
a10RQ!~~~11~~~~32;;;;;;;21.25.09;2;5;3;1;3459;;12;3;22;4;9;14;10;13;4;18;11;1;
a04ET+K8F;;;;;;;21.25.09;2;5;3;1;3459;;12;3;22;4;9;14;10;13;4;18;11;1;
a18AT#W4~47~H2X;s;r;;;;;21.25.15;2;5;3;1;3464;;12;3;22;4;9;14;10;13;4;18;11;1;
*12DT=~~~47~S;s;;;;;;21.25.15;2;5;3;1;3464;;12;3;22;4;9;14;10;13;4;18;11;1;
ap16:23;;;;;;;21.25.19;2;5;3;1;3469;;12;3;22;4;9;14;10;13;4;18;11;1;
az2;;;;;;;21.25.19;2;5;2;1;3468;;12;3;22;4;9;14;13;4;18;11;1;10;
ac13:03;;;;;;;21.25.19;2;5;2;1;3468;;12;3;22;4;9;14;3;4;18;11;1;10;
a03SQ!~~~13;;;;;;;21.25.53;2;5;2;1;3492;;12;3;22;4;9;14;3;4;18;11;1;10;
*04RQ!~~~13~W~~21;;;;;;;21.25.53;2;5;2;1;3493;;12;3;22;4;9;14;3;4;18;11;1;10;
*09EH+KBF;;;;;;;21.25.53;2;5;2;1;3498;;12;3;22;4;9;14;3;4;18;11;1;10;
*22AH#G4~41~H2X;s;r;;;;;21.25.57;2;5;2;1;3499;;12;3;22;4;9;14;3;4;18;11;1;10;
a01DH=~~~41~S;s;;;;;;21.25.57;2;5;2;1;3500;;12;3;22;4;9;14;3;4;18;11;1;10;
*p17:23;;;;;;;21.26.02;2;5;2;1;3504;;12;3;22;4;9;14;3;4;18;11;1;10;
*z4;;;;;;;21.26.02;2;4;2;1;3511;;3;22;4;9;14;12;3;4;18;11;1;10;
ac03:13;;;;;;;21.26.02;2;4;2;1;3511;;3;22;4;9;14;12;13;4;18;11;1;10;
*c09:06;;;;;;;21.26.02;2;4;2;1;3511;;3;22;4;6;14;12;13;4;18;11;1;10;
*c03:16;;;;;;;21.26.02;2;4;2;1;3511;;16;22;4;6;14;12;13;4;18;11;1;10;
*P16;;;;;;;21.26.02;2;4;2;1;3511;;16;22;4;6;14;12;13;4;18;11;1;10;
*z1;;;;;;;21.26.02;2;1;2;1;3511;;16;22;4;6;14;12;13;4;18;11;1;10;
*16SM=~~~15~~~O;s;;;;;;21.26.32;2;1;2;1;3541;;16;22;4;6;14;12;13;4;18;11;1;10;
a$$&H#;s;;;;;;21.26.32;2;1;2;1;3541;;16;22;4;6;14;12;13;4;18;11;1;10;
ap17:24;;;;;;;21.26.35;2;1;2;1;3545;;16;22;4;6;14;12;13;4;18;11;1;10;
az1;;;;;;;21.26.35;2;1;1;1;3544;;16;22;4;6;14;12;4;18;11;1;10;13;
ac18:07;;;;;;;21.26.35;2;1;1;1;3544;;16;22;4;6;14;12;4;7;11;1;10;13;
a04SQ=~~~6~~~~N;s;;;;;;21.27.01;2;1;1;1;3570;;16;22;4;6;14;12;4;7;11;1;10;13;
*$$&H#;s;;;;;;21.27.01;2;1;1;1;3570;;16;22;4;6;14;12;4;7;11;1;10;13;
*p18:24;;;;;;;21.27.04;2;1;1;1;3574;;16;22;4;6;14;12;4;7;11;1;10;13;
*z6;;;;;;;21.27.04;2;6;1;1;3573;;22;4;6;14;12;16;4;7;11;1;10;13;
aT;;;;;;;21.27.04;2;6;1;1;3573;;22;4;6;14;12;16;4;7;11;1;10;13;
*22SQ#~~~15B;p;;;;;;21.28.30;2;6;1;1;3659;;22;4;6;14;12;16;4;7;11;1;10;13;
a10RQ=~~~15BR;p;;;;;;21.28.30;2;6;1;1;3659;;22;4;6;14;12;16;4;7;11;1;10;13;
*p19:24;;;;;;;21.28.36;2;6;1;1;3665;;22;4;6;14;12;16;4;7;11;1;10;13;
*22SQ=~~~16;s;;;;;;21.28.53;2;6;1;1;3682;;22;4;6;14;12;16;4;7;11;1;10;13;
a$$&H#;s;;;;;;21.28.53;2;6;1;1;3682;;22;4;6;14;12;16;4;7;11;1;10;13;
ap19:25;;;;;;;21.29.00;2;6;1;1;3688;;22;4;6;14;12;16;4;7;11;1;10;13;
**2set;;;;;;;21.29.00;3;6;1;1;3689;;;;;;;;;;;;;;
*P16>LUp;;;;;;;21.29.00;3;6;1;1;3689;;12;16;22;4;6;11;13;4;18;11;1;10;
*z2>LUp;;;;;;;21.29.00;3;2;1;1;3689;;12;16;22;4;6;11;13;4;18;11;1;10;
aP04>LUp;;;;;;;21.29.00;3;2;1;1;3689;;12;16;22;4;6;11;13;4;18;11;1;10;
az2>LUp;;;;;;;21.29.00;3;2;2;1;3689;;12;16;22;4;6;11;13;4;18;11;1;10;
a13SM+~~~55;;;;;;;21.32.52;3;2;2;1;3922;;12;16;22;4;6;11;13;4;18;11;1;10;
*11RM-~~~55~O;;;;;;;21.32.52;3;2;2;1;3922;;12;16;22;4;6;11;13;4;18;11;1;10;
*22AH#G4~47~H3X;s;r;;;;;21.32.57;3;2;2;1;3928;;12;16;22;4;6;11;13;4;18;11;1;10;
a10DH=~~~47~S;s;;;;;;21.32.57;3;2;2;1;3928;;12;16;22;4;6;11;13;4;18;11;1;10;
*p01:00;;;;;;;21.33.02;3;2;2;1;3933;;12;16;22;4;6;11;13;4;18;11;1;10;
*z1;;;;;;;21.33.02;3;1;2;1;3931;;16;22;4;6;11;12;13;4;18;11;1;10;
*16SQ/~~~11;;;;;;;21.33.17;3;1;2;1;3946;;16;22;4;6;11;12;13;4;18;11;1;10;
a12RQ/~~~11~M;;;;;;;21.33.17;3;1;2;1;3946;;16;22;4;6;11;12;13;4;18;11;1;10;
*22FH#;;;;;;;21.33.17;3;1;2;1;3950;;16;22;4;6;11;12;13;4;18;11;1;10;
*04AQ#J4~33~H1F1;p;p;;;;;21.33.22;3;1;2;1;3952;;16;22;4;6;11;12;13;4;18;11;1;10;
a11BQ=~~~~3~T1F;p;;;;;;21.33.22;3;1;2;1;3952;;16;22;4;6;11;12;13;4;18;11;1;10;
*p02:00;;;;;;;21.33.26;3;1;2;1;3957;;16;22;4;6;11;12;13;4;18;11;1;10;
*16SQ=~~~16~~~O;s;;;;;;21.33.41;3;1;2;1;3969;;16;22;4;6;11;12;13;4;18;11;1;10;
a$$&H#;s;;;;;;21.33.41;3;1;2;1;3969;;16;22;4;6;11;12;13;4;18;11;1;10;
ap02:01;;;;;;;21.33.43;3;1;2;1;3974;;16;22;4;6;11;12;13;4;18;11;1;10;
az1;;;;;;;21.33.43;3;1;1;1;3972;;16;22;4;6;11;12;4;18;11;1;10;13;
a04SQ-~~~61;;;;;;;21.33.59;3;1;1;1;3989;;16;22;4;6;11;12;4;18;11;1;10;13;
*22RQ+~~~61~~~~41;;;;;;;21.33.59;3;1;1;1;3989;;16;22;4;6;11;12;4;18;11;1;10;13;
*16EQ+K1C;;;;;;;21.33.59;3;1;1;1;3989;;16;22;4;6;11;12;4;18;11;1;10;13;
*04AQ-J1~33~H1;;r;;;;;21.34.03;3;1;1;1;3993;;16;22;4;6;11;12;4;18;11;1;10;13;
a11BQ+~~~~3~T1;;;;;;;21.34.03;3;1;1;1;3993;;16;22;4;6;11;12;4;18;11;1;10;13;
a10EH+~~B~2;;;;;;;21.34.06;3;1;1;1;3995;;16;22;4;6;11;12;4;18;11;1;10;13;
a01AH+G2~21~H2~4;;p;;;;;21.34.07;3;1;1;1;3996;;16;22;4;6;11;12;4;18;11;1;10;13;
*08DH/~~~21;;;;;;;21.34.07;3;1;1;1;3996;;16;22;4;6;11;12;4;18;11;1;10;13;
a11FH#;;;;;;;21.34.12;3;1;1;1;4001;;16;22;4;6;11;12;4;18;11;1;10;13;
a01AT-W2~21~H2~1;;p;;;;;21.34.14;3;1;1;1;4004;;16;22;4;6;11;12;4;18;11;1;10;13;
a10EH=;s;;;;;;21.35.21;3;1;1;1;4004;;16;22;4;6;11;12;4;18;11;1;10;13;
*$$&H#;s;;;;;;21.35.21;3;1;1;1;4004;;16;22;4;6;11;12;4;18;11;1;10;13;
*p03:01;;;;;;;21.34.21;3;1;1;1;4009;;16;22;4;6;11;12;4;18;11;1;10;13;
*z6;;;;;;;21.35.22;3;6;1;1;4071;;22;4;6;11;12;16;4;18;11;1;10;13;
*22SQ+~~~11;;;;;;;21.35.32;3;6;1;1;4082;;22;4;6;11;12;16;4;18;11;1;10;13;
a18RQ-~~~11~M;;;;;;;21.35.32;3;6;1;1;4082;;22;4;6;11;12;16;4;18;11;1;10;13;
a01AT#W4~42~H1A;s;r;;;;;21.35.37;3;6;1;1;4087;;22;4;6;11;12;16;4;18;11;1;10;13;
*06BT=~~~~2~A1A;s;;;;;;21.35.37;3;6;1;1;4087;;22;4;6;11;12;16;4;18;11;1;10;13;
ap03:02;;;;;;;21.35.47;3;6;1;1;4092;;22;4;6;11;12;16;4;18;11;1;10;13;
az6;;;;;;;21.35.47;3;6;6;1;4096;;22;4;6;11;12;16;18;11;1;10;13;4;
a18SQ-~~~16C;;;;;;;21.36.22;3;6;6;1;4133;;22;4;6;11;12;16;18;11;1;10;13;4;
*08RQ#~~~16C;;;;;;;21.36.22;3;6;6;1;4133;;22;4;6;11;12;16;18;11;1;10;13;4;
*16EQ+K3C;;;;;;;21.36.22;3;6;6;1;4133;;22;4;6;11;12;16;18;11;1;10;13;4;
*04AQ#J3~33~H2S;s;r;;;;;21.36.27;3;6;6;1;4136;;22;4;6;11;12;16;18;11;1;10;13;4;
a11BQ=~~~~3~T2S;s;;;;;;21.36.27;3;6;6;1;4137;;22;4;6;11;12;16;18;11;1;10;13;4;
*p04:02;;;;;;;21.36.32;3;6;6;1;4141;;22;4;6;11;12;16;18;11;1;10;13;4;
*z5;;;;;;;21.36.32;3;5;6;1;4141;;4;6;11;12;16;22;18;11;1;10;13;4;
*04SM#~~~56;p;;;;;;21.36.47;3;5;6;1;4156;;4;6;11;12;16;22;18;11;1;10;13;4;
a12RM=~~~56~M;p;;;;;;21.36.47;3;5;6;1;4156;;4;6;11;12;16;22;18;11;1;10;13;4;
*p05:02;;;;;;;21.36.57;3;5;6;1;4164;;4;6;11;12;16;22;18;11;1;10;13;4;
*04SM-~~~55;;;;;;;21.37.52;3;5;6;1;4222;;4;6;11;12;16;22;18;11;1;10;13;4;
a10RM+~~~55~O~~31;;;;;;;21.37.52;3;5;6;1;4222;;4;6;11;12;16;22;18;11;1;10;13;4;
a04EQ+K1C;;;;;;;21.37.52;3;5;6;1;4222;;4;6;11;12;16;22;18;11;1;10;13;4;
a11AQ#J4~37~H1X;s;r;;;;;21.37.57;3;5;6;1;4226;;4;6;11;12;16;22;18;11;1;10;13;4;
*04DQ=~~~37~S;s;;;;;;21.37.57;3;5;6;1;4226;;4;6;11;12;16;22;18;11;1;10;13;4;
ap05:03;;;;;;;21.38.00;3;5;6;1;4226;;4;6;11;12;16;22;18;11;1;10;13;4;
az5;;;;;;;21.38.00;3;5;5;1;4229;;4;6;11;12;16;22;11;1;10;13;4;18;
a11SM-~~~57;;;;;;;21.38.14;3;5;5;1;4244;;4;6;11;12;16;22;11;1;10;13;4;18;
*11RM#~~~57;;;;;;;21.38.14;3;5;5;1;4244;;4;6;11;12;16;22;11;1;10;13;4;18;
*16EQ+K1C;;;;;;;21.38.14;3;5;5;1;4244;;4;6;11;12;16;22;11;1;10;13;4;18;
*12AQ#J1~36~H1F;s;r;;;;;21.38.19;3;5;5;1;4247;;4;6;11;12;16;22;11;1;10;13;4;18;
a18DQ=~~~36~S;s;;;;;;21.38.19;3;5;5;1;4247;;4;6;11;12;16;22;11;1;10;13;4;18;
*p06:03;;;;;;;21.38.22;3;5;5;1;4252;;4;6;11;12;16;22;11;1;10;13;4;18;
*z4;;;;;;;21.38.22;3;4;5;1;4251;;6;11;12;16;22;4;11;1;10;13;4;18;
*06SQ+~~~13~~~N;;;;;;;21.38.35;3;4;5;1;4264;;6;11;12;16;22;4;11;1;10;13;4;18;
a04RM-~~~13~W;;;;;;;21.38.35;3;4;5;1;4264;;6;11;12;16;22;4;11;1;10;13;4;18;
a18ET+~~F~4;;;;;;;21.38.35;3;4;5;1;4268;;6;11;12;16;22;4;11;1;10;13;4;18;
a10AT#W4~46BH2F;s;r;;;;;21.38.40;3;4;5;1;4269;;6;11;12;16;22;4;11;1;10;13;4;18;
*22DT=~~~46B;s;;;;;;21.38.40;3;4;5;1;4269;;6;11;12;16;22;4;11;1;10;13;4;18;
ap06:04;;;;;;;21.38.46;3;4;5;1;4274;;6;11;12;16;22;4;11;1;10;13;4;18;
az4;;;;;;;21.38.46;3;4;4;1;4275;;6;11;12;16;22;4;1;10;13;4;18;11;
a01SQ!~~~16;;;;;;;21.39.02;3;4;4;1;4291;;6;11;12;16;22;4;1;10;13;4;18;11;
*22RQ!~~~16~~~~32;;;;;;;21.39.02;3;4;4;1;4291;;6;11;12;16;22;4;1;10;13;4;18;11;
*16ET+K8F;;;;;;;21.39.02;3;4;4;1;4291;;6;11;12;16;22;4;1;10;13;4;18;11;
*11AT-W4~47~H2;;r;;;;;21.39.05;3;4;4;1;4296;;6;11;12;16;22;4;1;10;13;4;18;11;
a15DT+~~~47~S;;;;;;;21.39.05;3;4;4;1;4296;;6;11;12;16;22;4;1;10;13;4;18;11;
a01AT-Y9~94~H2C3;;p;;;;;21.39.10;3;4;4;1;4299;;6;11;12;16;22;4;1;10;13;4;18;11;
*11BT+~~~~4~A2;;;;;;;21.39.10;3;4;4;1;4299;;6;11;12;16;22;4;1;10;13;4;18;11;
a13DT+~~~9~~C;;;;;;;21.39.10;3;4;4;1;4299;;6;11;12;16;22;4;1;10;13;4;18;11;
a10AT#W4~41~H1F2;p;p;;;;;21.39.12;3;4;4;1;4302;;6;11;12;16;22;4;1;10;13;4;18;11;
*16BT=~~~~2~A1F;p;;;;;;21.39.12;3;4;4;1;4302;;6;11;12;16;22;4;1;10;13;4;18;11;
*06DT=~~~41~B;;;;;;;21.39.17;3;4;4;1;4303;;6;11;12;16;22;4;1;10;13;4;18;11;
ap06:05;;;;;;;21.39.20;3;4;4;1;4307;;6;11;12;16;22;4;1;10;13;4;18;11;
a01SQ=~~~15A~~O;s;;;;;;21.39.45;3;4;4;1;4334;;6;11;12;16;22;4;1;10;13;4;18;11;
*$$&H#;s;;;;;;21.39.45;3;4;4;1;4334;;6;11;12;16;22;4;1;10;13;4;18;11;
*p07:05;;;;;;;21.39.48;3;4;4;1;4338;;6;11;12;16;22;4;1;10;13;4;18;11;
*z3;;;;;;;21.39.48;3;3;4;1;4337;;11;12;16;22;4;6;1;10;13;4;18;11;
*11SQ+~~~56D;;;;;;;21.40.13;3;3;4;1;4362;;11;12;16;22;4;6;1;10;13;4;18;11;
a18RQ-~~~56D;;;;;;;21.40.13;3;3;4;1;4362;;11;12;16;22;4;6;1;10;13;4;18;11;
a10AH#G4~47~H2X;s;r;;;;;21.40.17;3;3;4;1;4367;;11;12;16;22;4;6;1;10;13;4;18;11;
*08DH=~~~47~S;s;;;;;;21.40.17;3;3;4;1;4368;;11;12;16;22;4;6;1;10;13;4;18;11;
ap07:06;;;;;;;21.40.24;3;3;4;1;4372;;11;12;16;22;4;6;1;10;13;4;18;11;
az3;;;;;;;21.40.24;3;3;3;1;4373;;11;12;16;22;4;6;10;13;4;18;11;1;
a10SM!~~~11;;;;;;;21.40.39;3;3;3;1;4388;;11;12;16;22;4;6;10;13;4;18;11;1;
*11RM!~~~11~~~~42;;;;;;;21.40.39;3;3;3;1;4388;;11;12;16;22;4;6;10;13;4;18;11;1;
*16ET+K7B;;;;;;;21.40.39;3;3;3;1;4388;;11;12;16;22;4;6;10;13;4;18;11;1;
*06AT#Y9~94~H2O;s;r;;;;;21.40.44;3;3;3;1;4393;;11;12;16;22;4;6;10;13;4;18;11;1;
a18BT=~~~~4~A2O;s;;;;;;21.40.44;3;3;3;1;4393;;11;12;16;22;4;6;10;13;4;18;11;1;
*p08:06;;;;;;;21.40.53;3;3;3;1;4398;;11;12;16;22;4;6;10;13;4;18;11;1;
*z2;;;;;;;21.40.53;3;2;3;1;4402;;12;16;22;4;6;11;10;13;4;18;11;1;
*12SM-~~~11;;;;;;;21.41.03;3;2;3;1;4413;;12;16;22;4;6;11;10;13;4;18;11;1;
a10RM+~~~11~~~~21;;;;;;;21.41.03;3;2;3;1;4413;;12;16;22;4;6;11;10;13;4;18;11;1;
a04EO+K1S;;;;;;;21.41.03;3;2;3;1;4413;;12;16;22;4;6;11;10;13;4;18;11;1;
a04AO-JJ~38~T1C;;r;;;;;21.41.08;3;2;3;1;4414;;12;16;22;4;6;11;10;13;4;18;11;1;
*12DO+~~~38~E;;;;;;;21.41.08;3;2;3;1;4416;;12;16;22;4;6;11;10;13;4;18;11;1;
*04AO-V3~33~T1C;;p;;;;;21.41.10;3;2;3;1;4418;;12;16;22;4;6;11;10;13;4;18;11;1;
a13BO+~~~~3~A1;;;;;;;21.41.10;3;2;3;1;4418;;12;16;22;4;6;11;10;13;4;18;11;1;
*12DH+~~~3~~C;;;;;;;21.41.10;3;2;3;1;4418;;12;16;22;4;6;11;10;13;4;18;11;1;
*06AT#Y9~94~H2S1;p;p;;;;;21.41.13;3;2;3;1;4421;;12;16;22;4;6;11;10;13;4;18;11;1;
a18BT=~~~~4~A2S;p;;;;;;21.41.13;3;2;3;1;4421;;12;16;22;4;6;11;10;13;4;18;11;1;
*p09:06;;;;;;;21.41.19;3;2;3;1;4426;;12;16;22;4;6;11;10;13;4;18;11;1;
*12SM+~~~11;;;;;;;21.41.29;3;2;3;1;4440;;12;16;22;4;6;11;10;13;4;18;11;1;
a10RM-~~~11~O;;;;;;;21.41.29;3;2;3;1;4440;;12;16;22;4;6;11;10;13;4;18;11;1;
a01AT#Y9~91~H3X;s;r;;;;;21.41.34;3;2;3;1;4444;;12;16;22;4;6;11;10;13;4;18;11;1;
*06DT=~~~91~S;s;;;;;;21.41.34;3;2;3;1;4444;;12;16;22;4;6;11;10;13;4;18;11;1;
ap09:07;;;;;;;21.41.39;3;2;3;1;4449;;12;16;22;4;6;11;10;13;4;18;11;1;
az2;;;;;;;21.41.39;3;2;2;1;4448;;12;16;22;4;6;11;13;4;18;11;1;10;
a13SM-~~~56;;;;;;;21.41.55;3;2;2;1;4464;;12;16;22;4;6;11;13;4;18;11;1;10;
*11RM+~~~56~~~~32;;;;;;;21.41.55;3;2;2;1;4464;;12;16;22;4;6;11;13;4;18;11;1;10;
*16ET+K2F;;;;;;;21.41.55;3;2;2;1;4464;;12;16;22;4;6;11;13;4;18;11;1;10;
*22AT-W4~49~H2;;r;;;;;21.41.59;3;2;2;1;4469;;12;16;22;4;6;11;13;4;18;11;1;10;
a01DT+~~~49~B;;;;;;;21.41.59;3;2;2;1;4469;;12;16;22;4;6;11;13;4;18;11;1;10;
a18AT/W4~42~H2A2;s;p;;;;;21.42.04;3;2;2;1;4473;;12;16;22;4;6;11;13;4;18;11;1;10;
*04BT#~~~~2~A2A;s;;;;;;21.42.04;3;2;2;1;4473;;12;16;22;4;6;11;13;4;18;11;1;10;
*p10:07;;;;;;;21.42.08;3;2;2;1;4478;;12;16;22;4;6;11;13;4;18;11;1;10;
*z1;;;;;;;21.42.08;3;1;2;1;4477;;16;22;4;6;11;12;13;4;18;11;1;10;
*16SM-~~~16;;;;;;;21.42.23;3;1;2;1;4493;;16;22;4;6;11;12;13;4;18;11;1;10;
a10RM#~~~16;;;;;;;21.42.23;3;1;2;1;4493;;16;22;4;6;11;12;13;4;18;11;1;10;
a04EQ+K2C;;;;;;;21.42.23;3;1;2;1;4493;;16;22;4;6;11;12;13;4;18;11;1;10;
a11AQ#J2~35~H1X;s;r;;;;;21.42.23;3;1;2;1;4496;;16;22;4;6;11;12;13;4;18;11;1;10;
*08DQ=~~~35~S;s;;;;;;21.42.23;3;1;2;1;4497;;16;22;4;6;11;12;13;4;18;11;1;10;
ap10:08;;;;;;;21.42.34;3;1;2;1;4501;;16;22;4;6;11;12;13;4;18;11;1;10;
az1;;;;;;;21.42.34;3;1;1;1;4503;;16;22;4;6;11;12;4;18;11;1;10;13;
a04SQ+~~~61;;;;;;;21.42.48;3;1;1;1;4518;;16;22;4;6;11;12;4;18;11;1;10;13;
*22RQ-~~~61;;;;;;;21.42.48;3;1;1;1;4518;;16;22;4;6;11;12;4;18;11;1;10;13;
*06EH/~~~~8;;;;;;;21.42.53;3;1;1;1;4522;;16;22;4;6;11;12;4;18;11;1;10;13;
a15FH#;;;;;;;21.42.57;3;1;1;1;4526;;16;22;4;6;11;12;4;18;11;1;10;13;
a01AT#W2~24~H2S1;p;p;;;;;21.42.58;3;1;1;1;4528;;16;22;4;6;11;12;4;18;11;1;10;13;
*06BT=~~~~4~A2S;p;;;;;;21.42.58;3;1;1;1;4528;;16;22;4;6;11;12;4;18;11;1;10;13;
ap10:09;;;;;;;21.43.03;3;1;1;1;4533;;16;22;4;6;11;12;4;18;11;1;10;13;
a04SQ+~~~61D;;;;;;;21.43.23;3;1;1;1;4553;;16;22;4;6;11;12;4;18;11;1;10;13;
*22RQ-~~~61D;;;;;;;21.43.23;3;1;1;1;4553;;16;22;4;6;11;12;4;18;11;1;10;13;
*06AT-W2~27~H2;;r;;;;;21.43.28;3;1;1;1;4558;;16;22;4;6;11;12;4;18;11;1;10;13;
a15DT+~~~27~S;;;;;;;21.43.28;3;1;1;1;4558;;16;22;4;6;11;12;4;18;11;1;10;13;
a18AT#W4~49~H1X2;p;p;;;;;21.43.33;3;1;1;1;4562;;16;22;4;6;11;12;4;18;11;1;10;13;
*16DT=~~~49~S;p;;;;;;21.43.33;3;1;1;1;4562;;16;22;4;6;11;12;4;18;11;1;10;13;
ap10:10;;;;;;;21.43.38;3;1;1;1;4567;;16;22;4;6;11;12;4;18;11;1;10;13;
a04SQ=~~~5~~~~N;s;;;;;;21.43.58;3;1;1;1;4588;;16;22;4;6;11;12;4;18;11;1;10;13;
*$$&H#;s;;;;;;21.43.58;3;1;1;1;4588;;16;22;4;6;11;12;4;18;11;1;10;13;
*p11:10;;;;;;;21.44.02;3;1;1;1;4592;;16;22;4;6;11;12;4;18;11;1;10;13;
*z6;;;;;;;21.44.02;3;6;1;1;4591;;22;4;6;11;12;16;4;18;11;1;10;13;
*22SQ+~~~11;;;;;;;21.44.18;3;6;1;1;4608;;22;4;6;11;12;16;4;18;11;1;10;13;
a18RQ-~~~11;;;;;;;21.44.18;3;6;1;1;4608;;22;4;6;11;12;16;4;18;11;1;10;13;
a18AT-W2~25~H2;;r;;;;;21.44.24;3;6;1;1;4612;;22;4;6;11;12;16;4;18;11;1;10;13;
*08DT+~~~25~S;;;;;;;21.44.24;3;6;1;1;4613;;22;4;6;11;12;16;4;18;11;1;10;13;
*11AH=G4~4~~P2N3;s;p;;;;;21.44.26;3;6;1;1;4617;;22;4;6;11;12;16;4;18;11;1;10;13;
a$$&H#;s;;;;;;21.44.26;3;6;1;1;4617;;22;4;6;11;12;16;4;18;11;1;10;13;
ap11:11;;;;;;;21.44.30;3;6;1;1;4622;;22;4;6;11;12;16;4;18;11;1;10;13;
az6;;;;;;;21.44.30;3;6;6;1;4619;;22;4;6;11;12;16;18;11;1;10;13;4;
a18SQ=~~~1~~~~N;s;;;;;;21.44.51;3;6;6;1;4642;;22;4;6;11;12;16;18;11;1;10;13;4;
*$$&H#;s;;;;;;21.44.51;3;6;6;1;4642;;22;4;6;11;12;16;18;11;1;10;13;4;
*p12:11;;;;;;;21.44.56;3;6;6;1;4646;;22;4;6;11;12;16;18;11;1;10;13;4;
*z5;;;;;;;21.44.56;3;5;6;1;4645;;4;6;11;12;16;22;18;11;1;10;13;4;
*04SM!~~~56;;;;;;;21.45.13;3;5;6;1;4662;;4;6;11;12;16;22;18;11;1;10;13;4;
a12RM!~~~56~O~~21;;;;;;;21.45.13;3;5;6;1;4662;;4;6;11;12;16;22;18;11;1;10;13;4;
a04EQ+KBC;;;;;;;21.45.13;3;5;6;1;4662;;4;6;11;12;16;22;18;11;1;10;13;4;
a11AQ#J4~36~H1X;s;r;;;;;21.45.19;3;5;6;1;4667;;4;6;11;12;16;22;18;11;1;10;13;4;
*12DQ=~~~36~S;s;;;;;;21.45.19;3;5;6;1;4667;;4;6;11;12;16;22;18;11;1;10;13;4;
ap12:12;;;;;;;21.45.21;3;5;6;1;4672;;4;6;11;12;16;22;18;11;1;10;13;4;
az5;;;;;;;21.45.21;3;5;5;1;4670;;4;6;11;12;16;22;11;1;10;13;4;18;
a11SM-~~~55;;;;;;;21.45.35;3;5;5;1;4684;;4;6;11;12;16;22;11;1;10;13;4;18;
*11RM#~~~55~O;;;;;;;21.45.35;3;5;5;1;4684;;4;6;11;12;16;22;11;1;10;13;4;18;
*16EQ+K1C;;;;;;;21.45.35;3;5;5;1;4684;;4;6;11;12;16;22;11;1;10;13;4;18;
*12AQ#J1~35~H1X;s;r;;;;;21.45.39;3;5;5;1;4689;;4;6;11;12;16;22;11;1;10;13;4;18;
a11DQ=~~~35~S;s;;;;;;21.45.39;3;5;5;1;4689;;4;6;11;12;16;22;11;1;10;13;4;18;
*p13:12;;;;;;;21.45.42;3;5;5;1;4694;;4;6;11;12;16;22;11;1;10;13;4;18;
*z4;;;;;;;21.45.42;3;4;5;1;4691;;6;11;12;16;22;4;11;1;10;13;4;18;
*06SM-~~~16;;;;;;;21.45.59;3;4;5;1;4709;;6;11;12;16;22;4;11;1;10;13;4;18;
a18RM#~~~16;;;;;;;21.45.59;3;4;5;1;4709;;6;11;12;16;22;4;11;1;10;13;4;18;
a04EQ+K1C;;;;;;;21.45.59;3;4;5;1;4709;;6;11;12;16;22;4;11;1;10;13;4;18;
a13AQ-J4~37~H1C;;r;;;;;21.46.05;3;4;5;1;4713;;6;11;12;16;22;4;11;1;10;13;4;18;
*08DQ+~~~37~E;;;;;;;21.46.05;3;4;5;1;4713;;6;11;12;16;22;4;11;1;10;13;4;18;
*12AQ-J1~33~H2C1;;p;;;;;21.46.07;3;4;5;1;4716;;6;11;12;16;22;4;11;1;10;13;4;18;
a13BQ+~~~~3~T2;;;;;;;21.46.07;3;4;5;1;4716;;6;11;12;16;22;4;11;1;10;13;4;18;
*11AT+W4~42~H1C2;;p;;;;;21.46.11;3;4;5;1;4719;;6;11;12;16;22;4;11;1;10;13;4;18;
a01BT-~~~~2~A1;;;;;;;21.46.11;3;4;5;1;4720;;6;11;12;16;22;4;11;1;10;13;4;18;
*16AO=JJ~3~~T1I2;s;p;;;;;21.46.20;3;4;5;1;4720;;6;11;12;16;22;4;11;1;10;13;4;18;
a$$&H#;s;;;;;;21.46.20;3;4;5;1;4720;;6;11;12;16;22;4;11;1;10;13;4;18;
ap13:13;;;;;;;21.46.33;3;4;5;1;4725;;6;11;12;16;22;4;11;1;10;13;4;18;
az4;;;;;;;21.46.34;3;4;4;1;4743;;6;11;12;16;22;4;1;10;13;4;18;11;
a01SQ-~~~16;;;;;;;21.47.04;3;4;4;1;4773;;6;11;12;16;22;4;1;10;13;4;18;11;
*22RQ+~~~16~~~~21;;;;;;;21.47.04;3;4;4;1;4773;;6;11;12;16;22;4;1;10;13;4;18;11;
*16ET+K1F;;;;;;;21.47.04;3;4;4;1;4773;;6;11;12;16;22;4;1;10;13;4;18;11;
*11AT#W4~45~H4X;s;r;;;;;21.47.08;3;4;4;1;4777;;6;11;12;16;22;4;1;10;13;4;18;11;
a15DT=~~~45~S;s;;;;;;21.47.08;3;4;4;1;4778;;6;11;12;16;22;4;1;10;13;4;18;11;
*p14:13;;;;;;;21.47.17;3;4;4;1;4782;;6;11;12;16;22;4;1;10;13;4;18;11;
*z3;;;;;;;21.47.17;3;3;4;1;4786;;11;12;16;22;4;6;1;10;13;4;18;11;
*11SQ=~~~16~~~O;s;;;;;;21.47.36;3;3;4;1;4805;;11;12;16;22;4;6;1;10;13;4;18;11;
a$$&H#;s;;;;;;21.47.36;3;3;4;1;4805;;11;12;16;22;4;6;1;10;13;4;18;11;
ap14:14;;;;;;;21.47.40;3;3;4;1;4810;;11;12;16;22;4;6;1;10;13;4;18;11;
az3;;;;;;;21.47.40;3;3;3;1;4809;;11;12;16;22;4;6;10;13;4;18;11;1;
a10SM-~~~19C;;;;;;;21.47.52;3;3;3;1;4822;;11;12;16;22;4;6;10;13;4;18;11;1;
*08RM+~~~19C~~~41;;;;;;;21.47.52;3;3;3;1;4822;;11;12;16;22;4;6;10;13;4;18;11;1;
*16ET+K1F;;;;;;;21.47.52;3;3;3;1;4822;;11;12;16;22;4;6;10;13;4;18;11;1;
*22AT#W4~47~H1X;s;r;;;;;21.47.57;3;3;3;1;4826;;11;12;16;22;4;6;10;13;4;18;11;1;
a15DT=~~~47~S;s;;;;;;21.47.57;3;3;3;1;4826;;11;12;16;22;4;6;10;13;4;18;11;1;
*p15:14;;;;;;;21.48.01;3;3;3;1;4831;;11;12;16;22;4;6;10;13;4;18;11;1;
*z2;;;;;;;21.48.01;3;2;3;1;4830;;12;16;22;4;6;11;10;13;4;18;11;1;
*12SM-~~~12;;;;;;;21.48.16;3;2;3;1;4846;;12;16;22;4;6;11;10;13;4;18;11;1;
a10RM+~~~12~~~~21;;;;;;;21.48.16;3;2;3;1;4846;;12;16;22;4;6;11;10;13;4;18;11;1;
a04EQ+K1C;;;;;;;21.48.16;3;2;3;1;4846;;12;16;22;4;6;11;10;13;4;18;11;1;
a13AQ#J4~39~H1X;s;r;;;;;21.48.21;3;2;3;1;4850;;12;16;22;4;6;11;10;13;4;18;11;1;
*06DQ=~~~39;s;;;;;;21.48.21;3;2;3;1;4850;;12;16;22;4;6;11;10;13;4;18;11;1;
ap15:15;;;;;;;21.48.26;3;2;3;1;4855;;12;16;22;4;6;11;10;13;4;18;11;1;
az2;;;;;;;21.48.26;3;2;2;1;4855;;12;16;22;4;6;11;13;4;18;11;1;10;
a13SM!~~~57;;;;;;;21.48.39;3;2;2;1;4869;;12;16;22;4;6;11;13;4;18;11;1;10;
*22RM!~~~57~O~~32;;;;;;;21.48.39;3;2;2;1;4869;;12;16;22;4;6;11;13;4;18;11;1;10;
*16ET+K8F;;;;;;;21.48.39;3;2;2;1;4869;;12;16;22;4;6;11;13;4;18;11;1;10;
*22AT#W4~42~H2O;s;r;;;;;21.48.43;3;2;2;1;4873;;12;16;22;4;6;11;13;4;18;11;1;10;
a11BT=~~~~2~A2O;s;;;;;;21.48.43;3;2;2;1;4873;;12;16;22;4;6;11;13;4;18;11;1;10;
*p16:15;;;;;;;21.48.48;3;2;2;1;4878;;12;16;22;4;6;11;13;4;18;11;1;10;
*z1;;;;;;;21.48.48;3;1;2;1;4877;;16;22;4;6;11;12;13;4;18;11;1;10;
*16SM-~~~15;;;;;;;21.49.01;3;1;2;1;4890;;16;22;4;6;11;12;13;4;18;11;1;10;
a18RM#~~~15;;;;;;;21.49.01;3;1;2;1;4890;;16;22;4;6;11;12;13;4;18;11;1;10;
a04EQ+K2C;;;;;;;21.49.01;3;1;2;1;4890;;16;22;4;6;11;12;13;4;18;11;1;10;
a11AQ#J2~37~H1X;s;r;;;;;21.49.04;3;1;2;1;4894;;16;22;4;6;11;12;13;4;18;11;1;10;
*08DQ=~~~37~S;s;;;;;;21.49.04;3;1;2;1;4894;;16;22;4;6;11;12;13;4;18;11;1;10;
ap16:16;;;;;;;21.49.10;3;1;2;1;4899;;16;22;4;6;11;12;13;4;18;11;1;10;
az1;;;;;;;21.49.10;3;1;1;1;4899;;16;22;4;6;11;12;4;18;11;1;10;13;
a04SQ-~~~61;;;;;;;21.49.27;3;1;1;1;4916;;16;22;4;6;11;12;4;18;11;1;10;13;
*22RQ#~~~61;;;;;;;21.49.27;3;1;1;1;4916;;16;22;4;6;11;12;4;18;11;1;10;13;
*16EQ+K1C;;;;;;;21.49.27;3;1;1;1;4916;;16;22;4;6;11;12;4;18;11;1;10;13;
*04AQ-J1~36~T1;;r;;;;;21.49.30;3;1;1;1;4919;;16;22;4;6;11;12;4;18;11;1;10;13;
a10DQ+~~~36~E;;;;;;;21.49.30;3;1;1;1;4919;;16;22;4;6;11;12;4;18;11;1;10;13;
a11AQ/J4~33~H1T1;s;p;;;;;21.49.37;3;1;1;1;4923;;16;22;4;6;11;12;4;18;11;1;10;13;
*04BQ#~~~~3~T1T;s;;;;;;21.49.37;3;1;1;1;4923;;16;22;4;6;11;12;4;18;11;1;10;13;
*p17:16;;;;;;;21.49.40;3;1;1;1;4928;;16;22;4;6;11;12;4;18;11;1;10;13;
*z6;;;;;;;21.49.40;3;6;1;1;4929;;22;4;6;11;12;16;4;18;11;1;10;13;
*22SQ#~~~11;p;;;;;;21.50.11;3;6;1;1;4961;;22;4;6;11;12;16;4;18;11;1;10;13;
a12RQ=~~~11~R;p;;;;;;21.50.11;3;6;1;1;4961;;22;4;6;11;12;16;4;18;11;1;10;13;
*p18:16;;;;;;;21.50.15;3;6;1;1;4965;;22;4;6;11;12;16;4;18;11;1;10;13;
*22SQ-~~~16;;;;;;;21.50.32;3;6;1;1;4982;;22;4;6;11;12;16;4;18;11;1;10;13;
a12RQ#~~~16;;;;;;;21.50.32;3;6;1;1;4982;;22;4;6;11;12;16;4;18;11;1;10;13;
a04ET+K1F;;;;;;;21.50.32;3;6;1;1;4982;;22;4;6;11;12;16;4;18;11;1;10;13;
a01AT#W4~47~H1X;s;r;;;;;21.50.37;3;6;1;1;4986;;22;4;6;11;12;16;4;18;11;1;10;13;
*08DT=~~~47~S;s;;;;;;21.50.37;3;6;1;1;4986;;22;4;6;11;12;16;4;18;11;1;10;13;
ap18:17;;;;;;;21.50.41;3;6;1;1;4991;;22;4;6;11;12;16;4;18;11;1;10;13;
az6;;;;;;;21.50.41;3;6;6;1;4990;;22;4;6;11;12;16;18;11;1;10;13;4;
a18SQ-~~~16C;;;;;;;21.50.58;3;6;6;1;5008;;22;4;6;11;12;16;18;11;1;10;13;4;
*08RQ+~~~16C~~~32;;;;;;;21.50.58;3;6;6;1;5008;;22;4;6;11;12;16;18;11;1;10;13;4;
*16ET+K8F;;;;;;;21.50.58;3;6;6;1;5008;;22;4;6;11;12;16;18;11;1;10;13;4;
*11AT-W4~42~H2C;;r;;;;;21.51.02;3;6;6;1;5012;;22;4;6;11;12;16;18;11;1;10;13;4;
a11BT+~~~~2~A2;;;;;;;21.51.02;3;6;6;1;5013;;22;4;6;11;12;16;18;11;1;10;13;4;
a15DT+~~~47~B;;;;;;;21.51.04;3;6;6;1;5013;;22;4;6;11;12;16;18;11;1;10;13;4;
a01AT#W2~29~H1X1;p;p;;;;;21.51.07;3;6;6;1;5016;;22;4;6;11;12;16;18;11;1;10;13;4;
*16DT=~~~29~S;p;;;;;;21.51.07;3;6;6;1;5017;;22;4;6;11;12;16;18;11;1;10;13;4;
ap18:18;;;;;;;21.51.13;3;6;6;1;5021;;22;4;6;11;12;16;18;11;1;10;13;4;
a18SQ!~~~16;;;;;;;21.51.31;3;6;6;1;5041;;22;4;6;11;12;16;18;11;1;10;13;4;
*08RQ!~~~16~~~~41;;;;;;;21.51.31;3;6;6;1;5041;;22;4;6;11;12;16;18;11;1;10;13;4;
*16ET+KFF;;;;;;;21.51.31;3;6;6;1;5041;;22;4;6;11;12;16;18;11;1;10;13;4;
*11AT/W4~42~H2A;p;r;;;;;21.51.36;3;6;6;1;5046;;22;4;6;11;12;16;18;11;1;10;13;4;
a01BT#~~~~2~A2A;p;;;;;;21.51.36;3;6;6;1;5046;;22;4;6;11;12;16;18;11;1;10;13;4;
ap18:19;;;;;;;21.51.41;3;6;6;1;5051;;22;4;6;11;12;16;18;11;1;10;13;4;
*T;;;;;;;21.51.41;3;6;6;1;5050;;22;4;6;11;12;16;18;11;1;10;13;4;
a18SQ!~~~15;;;;;;;21.52.58;3;6;6;1;5118;;22;4;6;11;12;16;18;11;1;10;13;4;
*11RQ!~~~15~~~~41;;;;;;;21.52.58;3;6;6;1;5119;;22;4;6;11;12;16;18;11;1;10;13;4;
*16EQ+KFC;;;;;;;21.52.58;3;6;6;1;5119;;22;4;6;11;12;16;18;11;1;10;13;4;
*04AQ/J3~33~H1T;p;r;;;;;21.53.01;3;6;6;1;5123;;22;4;6;11;12;16;18;11;1;10;13;4;
a11BQ#~~~~3~T1T;p;;;;;;21.53.01;3;6;6;1;5123;;22;4;6;11;12;16;18;11;1;10;13;4;
ap18:20;;;;;;;21.53.07;3;6;6;1;5128;;22;4;6;11;12;16;18;11;1;10;13;4;
a18SQ/~~~11;;;;;;;21.53.20;3;6;6;1;5150;;22;4;6;11;12;16;18;11;1;10;13;4;
*22RQ/~~~11~L;;;;;;;21.53.20;3;6;6;1;5150;;22;4;6;11;12;16;18;11;1;10;13;4;
a10FH#;;;;;;;21.53.26;3;6;6;1;5156;;22;4;6;11;12;16;18;11;1;10;13;4;
a01AT#W2~27~T2X1;p;p;;;;;21.53.28;3;6;6;1;5158;;22;4;6;11;12;16;18;11;1;10;13;4;
*08DT=~~~27~E~E;p;;;;;;21.53.28;3;6;6;1;5158;;22;4;6;11;12;16;18;11;1;10;13;4;
ap18:21;;;;;;;21.53.34;3;6;6;1;5163;;22;4;6;11;12;16;18;11;1;10;13;4;
*T;;;;;;;21.53.34;3;6;6;1;5163;;22;4;6;11;12;16;18;11;1;10;13;4;
*c11:14;;;;;;;21.53.34;3;6;6;1;5163;;22;4;6;14;12;16;18;11;1;10;13;4;
a18SQ=~~~15~~~O;s;;;;;;21.54.55;3;6;6;1;5239;;22;4;6;14;12;16;18;11;1;10;13;4;
*$$&H#;s;;;;;;21.54.55;3;6;6;1;5239;;22;4;6;14;12;16;18;11;1;10;13;4;
*p19:21;;;;;;;21.54.57;3;6;6;1;5244;;22;4;6;14;12;16;18;11;1;10;13;4;
*z5;;;;;;;21.54.57;3;5;6;1;5246;;4;6;14;12;16;22;18;11;1;10;13;4;
*04SM-~~~55;;;;;;;21.55.08;3;5;6;1;5259;;4;6;14;12;16;22;18;11;1;10;13;4;
a10RM#~~~55;;;;;;;21.55.08;3;5;6;1;5259;;4;6;14;12;16;22;18;11;1;10;13;4;
a04ET+K1B;;;;;;;21.55.08;3;5;6;1;5259;;4;6;14;12;16;22;18;11;1;10;13;4;
a01AT-W2~25~H1;;r;;;;;21.55.15;3;5;6;1;5263;;4;6;14;12;16;22;18;11;1;10;13;4;
*04DT+~~~25~S;;;;;;;21.55.15;3;5;6;1;5263;;4;6;14;12;16;22;18;11;1;10;13;4;
*22EH+~~F~4;;;;;;;21.55.17;3;5;6;1;5265;;4;6;14;12;16;22;18;11;1;10;13;4;
*14AH-G4~46~P2~4;;p;;;;;21.55.17;3;5;6;1;5265;;4;6;14;12;16;22;18;11;1;10;13;4;
a18DH+~~~46~S;;;;;;;21.55.17;3;5;6;1;5266;;4;6;14;12;16;22;18;11;1;10;13;4;
a10AH#G4~42~H3O3;s;s;;;;;21.55.20;3;5;6;1;5270;;4;6;14;12;16;22;18;11;1;10;13;4;
*06BH=~~~~2~A3O;s;;;;;;21.55.20;3;5;6;1;5270;;4;6;14;12;16;22;18;11;1;10;13;4;
ap19:22;;;;;;;21.55.30;3;5;6;1;5275;;4;6;14;12;16;22;18;11;1;10;13;4;
az5;;;;;;;21.55.30;3;5;5;1;5279;;4;6;14;12;16;22;11;1;10;13;4;18;
ac11:03;;;;;;;21.55.30;3;5;5;1;5279;;4;6;14;12;16;22;3;1;10;13;4;18;
a03SQ!~~~66;;;;;;;21.55.58;3;5;5;1;5307;;4;6;14;12;16;22;3;1;10;13;4;18;
*22RQ!~~~66~~~~32;;;;;;;21.55.58;3;5;5;1;5307;;4;6;14;12;16;22;3;1;10;13;4;18;
*16ET+K8F;;;;;;;21.55.58;3;5;5;1;5307;;4;6;14;12;16;22;3;1;10;13;4;18;
*14AT#W4~47~H2X;s;r;;;;;21.56.02;3;5;5;1;5312;;4;6;14;12;16;22;3;1;10;13;4;18;
a03DT=~~~47~S;s;;;;;;21.56.02;3;5;5;1;5312;;4;6;14;12;16;22;3;1;10;13;4;18;
*p20:22;;;;;;;21.56.06;3;5;5;1;5317;;4;6;14;12;16;22;3;1;10;13;4;18;
*z4;;;;;;;21.56.06;3;4;5;1;5315;;6;14;12;16;22;4;3;1;10;13;4;18;
*c06:09;;;;;;;21.56.06;3;4;5;1;5315;;9;14;12;16;22;4;3;1;10;13;4;18;
*c16:03;;;;;;;21.56.06;3;4;5;1;5315;;9;14;12;3;22;4;3;1;10;13;4;18;
*P9;;;;;;;21.56.06;3;4;5;1;5315;;9;14;12;3;22;4;3;1;10;13;4;18;
*z1;;;;;;;21.56.06;3;1;5;1;5315;;9;14;12;3;22;4;3;1;10;13;4;18;
ac03:11;;;;;;;21.56.06;3;1;5;1;5315;;9;14;12;3;22;4;11;1;10;13;4;18;
*09SQ-~~~56;;;;;;;21.56.40;3;1;5;1;5350;;9;14;12;3;22;4;11;1;10;13;4;18;
a12RQ+~~~56~~~~21;;;;;;;21.56.40;3;1;5;1;5350;;9;14;12;3;22;4;11;1;10;13;4;18;
a04ET+KBB;;;;;;;21.56.40;3;1;5;1;5350;;9;14;12;3;22;4;11;1;10;13;4;18;
a01AT#W2~29~H1X;s;r;;;;;21.56.45;3;1;5;1;5353;;9;14;12;3;22;4;11;1;10;13;4;18;
*09DT=~~~29~S;s;;;;;;21.56.45;3;1;5;1;5353;;9;14;12;3;22;4;11;1;10;13;4;18;
ap20:23;;;;;;;21.56.49;3;1;5;1;5358;;9;14;12;3;22;4;11;1;10;13;4;18;
az4;;;;;;;21.56.49;3;1;4;1;5358;;9;14;12;3;22;4;1;10;13;4;18;11;
a01SQ-~~~16;;;;;;;21.57.15;3;1;4;1;5377;;9;14;12;3;22;4;1;10;13;4;18;11;
*08RQ+~~~16~~~~32;;;;;;;21.57.15;3;1;4;1;5378;;9;14;12;3;22;4;1;10;13;4;18;11;
*09ET+K2B;;;;;;;21.57.15;3;1;4;1;5378;;9;14;12;3;22;4;1;10;13;4;18;11;
*14AT#W2~21~H2X;s;r;;;;;21.57.22;3;1;4;1;5382;;9;14;12;3;22;4;1;10;13;4;18;11;
a01DT=~~~21~S;s;;;;;;21.57.22;3;1;4;1;5382;;9;14;12;3;22;4;1;10;13;4;18;11;
*p21:23;;;;;;;21.57.27;3;1;4;1;5387;;9;14;12;3;22;4;1;10;13;4;18;11;
*z6;;;;;;;21.57.27;3;6;4;1;5396;;14;12;3;22;4;9;1;10;13;4;18;11;
*14SQ-~~~66;;;;;;;21.57.38;3;6;4;1;5407;;14;12;3;22;4;9;1;10;13;4;18;11;
a18RQ+~~~66~~~~32;;;;;;;21.57.38;3;6;4;1;5407;;14;12;3;22;4;9;1;10;13;4;18;11;
a04ET+K1F~~~~~~';;;;;;;21.57.38;3;6;4;1;5407;;14;12;3;22;4;9;1;10;13;4;18;11;
a10AT/W4~42~H2A;p;r;;;;;21.57.43;3;6;4;1;5412;;14;12;3;22;4;9;1;10;13;4;18;11;
*03BT#~~~~2~A2A;p;;;;;;21.57.43;3;6;4;1;5412;;14;12;3;22;4;9;1;10;13;4;18;11;
*p22:23;;;;;;;21.57.48;3;6;4;1;5417;;14;12;3;22;4;9;1;10;13;4;18;11;
aT;;;;;;;21.57.48;3;6;4;1;5417;;14;12;3;22;4;9;1;10;13;4;18;11;
*14SQ=~~~55~~~O;s;;;;;;21.59.11;3;6;4;1;5500;;14;12;3;22;4;9;1;10;13;4;18;11;
a$$&H#;s;;;;;;21.59.11;3;6;4;1;5500;;14;12;3;22;4;9;1;10;13;4;18;11;
ap22:24;;;;;;;21.59.15;3;6;4;1;5506;;14;12;3;22;4;9;1;10;13;4;18;11;
az3;;;;;;;21.59.15;3;6;3;1;5504;;14;12;3;22;4;9;10;13;4;18;11;1;
ac18:07;;;;;;;21.59.15;3;6;3;1;5504;;14;12;3;22;4;9;10;13;4;7;11;1;
a10SM-~~~11;;;;;;;21.59.34;3;6;3;1;5524;;14;12;3;22;4;9;10;13;4;7;11;1;
*14RM#~~~11;;;;;;;21.59.34;3;6;3;1;5525;;14;12;3;22;4;9;10;13;4;7;11;1;
*09ET+K3B;;;;;;;21.59.34;3;6;3;1;5525;;14;12;3;22;4;9;10;13;4;7;11;1;
*03AT=W2~21~H2O;p;r;;;;;21.59.38;3;6;3;1;5528;;14;12;3;22;4;9;10;13;4;7;11;1;
a$$&H#;p;;;;;;21.59.38;3;6;3;1;5528;;14;12;3;22;4;9;10;13;4;7;11;1;
ap22:25;;;;;;;21.59.52;3;6;3;1;5533;;14;12;3;22;4;9;10;13;4;7;11;1;
**3set;;;;;;;21.59.52;4;6;3;1;5532;;;;;;;;;;;;;;
