*P01>LUp;;;;;;;;1;1;1;;;;1;13;12;5;8;2;9;18;2;16;13;10;
*z1>LUp;;;;;;;;1;1;1;;;;1;13;12;5;8;2;9;18;2;16;13;10;
aP10>LUp;;;;;;;;1;1;1;;;;1;13;12;5;8;2;9;18;2;16;13;10;
az6>LUp;;;;;;;;1;1;6;;;;1;13;12;5;8;2;9;18;2;16;13;10;
*01SQ+~~~55;;;;;;;16.00.46;1;1;6;1;155;;1;13;12;5;8;2;9;18;2;16;13;10;
a16RQ-~~~55;;;;;;;16.00.46;1;1;6;1;155;;1;13;12;5;8;2;9;18;2;16;13;10;
a16AH=G4~45~H2O;p;r;;;;;16.00.53;1;1;6;1;158;;1;13;12;5;8;2;9;18;2;16;13;10;
*$$&H#;p;;;;;;16.00.53;1;1;6;1;158;;1;13;12;5;8;2;9;18;2;16;13;10;
*p01:00;;;;;;;16.00.54;1;1;6;1;161;;1;13;12;5;8;2;9;18;2;16;13;10;
*01SQ=~~~56~~~N;s;;;;;;16.01.14;1;1;6;1;183;;1;13;12;5;8;2;9;18;2;16;13;10;
a$$&H#;s;;;;;;16.01.14;1;1;6;1;183;;1;13;12;5;8;2;9;18;2;16;13;10;
ap01:01;;;;;;;16.01.20;1;1;6;1;188;;1;13;12;5;8;2;9;18;2;16;13;10;
az5;;;;;;;16.01.20;1;1;5;1;187;;1;13;12;5;8;2;18;2;16;13;10;9;
a18SM!~~~56;;;;;;;16.01.36;1;1;5;1;205;;1;13;12;5;8;2;18;2;16;13;10;9;
*10RM!~~~56~~~~32;;;;;;;16.01.36;1;1;5;1;205;;1;13;12;5;8;2;18;2;16;13;10;9;
*01ET+K8F;;;;;;;16.01.36;1;1;5;1;205;;1;13;12;5;8;2;18;2;16;13;10;9;
*05AT#W4~47~H1;s;r;;;;;16.01.41;1;1;5;1;208;;1;13;12;5;8;2;18;2;16;13;10;9;
a18DT=~~~47;s;;;;;;16.01.41;1;1;5;1;208;;1;13;12;5;8;2;18;2;16;13;10;9;
*p02:01;;;;;;;16.01.45;1;1;5;1;211;;1;13;12;5;8;2;18;2;16;13;10;9;
*z6;;;;;;;16.01.45;1;6;5;1;212;;13;12;5;8;2;1;18;2;16;13;10;9;
*13SQ=~~~51~~~N;s;;;;;;16.02.00;1;6;5;1;228;;13;12;5;8;2;1;18;2;16;13;10;9;
a$$&H#;s;;;;;;16.02.00;1;6;5;1;228;;13;12;5;8;2;1;18;2;16;13;10;9;
ap02:02;;;;;;;16.02.03;1;6;5;1;232;;13;12;5;8;2;1;18;2;16;13;10;9;
az4;;;;;;;16.02.03;1;6;4;1;231;;13;12;5;8;2;1;2;16;13;10;9;18;
a02SQ-~~~65;;;;;;;16.02.23;1;6;4;1;251;;13;12;5;8;2;1;2;16;13;10;9;18;
*08RQ+~~~65~~~~41;;;;;;;16.02.23;1;6;4;1;251;;13;12;5;8;2;1;2;16;13;10;9;18;
*01ET+K1F;;;;;;;16.02.23;1;6;4;1;251;;13;12;5;8;2;1;2;16;13;10;9;18;
*08AT#W4~47~H1;s;r;;;;;16.02.30;1;6;4;1;254;;13;12;5;8;2;1;2;16;13;10;9;18;
a11DT=~~~47;s;;;;;;16.02.30;1;6;4;1;254;;13;12;5;8;2;1;2;16;13;10;9;18;
*p03:02;;;;;;;16.02.33;1;6;4;1;260;;13;12;5;8;2;1;2;16;13;10;9;18;
*z5;;;;;;;16.02.33;1;5;4;1;260;;12;5;8;2;1;13;2;16;13;10;9;18;
*12SM-~~~55;;;;;;;16.02.57;1;5;4;1;284;;12;5;8;2;1;13;2;16;13;10;9;18;
a16RM+~~~55~~~~32;;;;;;;16.02.57;1;5;4;1;284;;12;5;8;2;1;13;2;16;13;10;9;18;
a10ET+K1P;;;;;;;16.02.57;1;5;4;1;284;;12;5;8;2;1;13;2;16;13;10;9;18;
a09AT#Y8~86~H3F;s;r;;;;;16.03.03;1;5;4;1;287;;12;5;8;2;1;13;2;16;13;10;9;18;
*02BT=~~~~3~~3F;s;;;;;;16.03.03;1;5;4;1;287;;12;5;8;2;1;13;2;16;13;10;9;18;
ap03:03;;;;;;;16.03.06;1;5;4;1;291;;12;5;8;2;1;13;2;16;13;10;9;18;
az3;;;;;;;16.03.06;1;5;3;1;294;;12;5;8;2;1;13;16;13;10;9;18;2;
a16SQ/~~~66;;;;;;;16.03.27;1;5;3;1;315;;12;5;8;2;1;13;16;13;10;9;18;2;
*13RQ/~~~66;;;;;;;16.03.27;1;5;3;1;315;;12;5;8;2;1;13;16;13;10;9;18;2;
a16AT-Y8~86~H2;;p;;;;;16.03.39;1;5;3;1;327;;12;5;8;2;1;13;16;13;10;9;18;2;
*13DT+~~~86;;;;;;;16.03.39;1;5;3;1;327;;12;5;8;2;1;13;16;13;10;9;18;2;
*05AH+G2~24~T2;;s;;;;;16.03.43;1;5;3;1;331;;12;5;8;2;1;13;16;13;10;9;18;2;
a13BH-~~~~4~~2;;;;;;;16.03.43;1;5;3;1;331;;12;5;8;2;1;13;16;13;10;9;18;2;
*08AT#W4~47~H;s;s;;;;;16.03.48;1;5;3;1;336;;12;5;8;2;1;13;16;13;10;9;18;2;
a11DT=~~~47;s;;;;;;16.03.48;1;5;3;1;336;;12;5;8;2;1;13;16;13;10;9;18;2;
*p04:03;;;;;;;16.03.50;1;5;3;1;339;;12;5;8;2;1;13;16;13;10;9;18;2;
*z4;;;;;;;16.03.50;1;4;3;1;338;;5;8;2;1;13;12;16;13;10;9;18;2;
*05SQ-~~~16;;;;;;;16.04.13;1;4;3;1;361;;5;8;2;1;13;12;16;13;10;9;18;2;
a11RQ+~~~16~~~~33;;;;;;;16.04.13;1;4;3;1;361;;5;8;2;1;13;12;16;13;10;9;18;2;
a10EQ+K3C;;;;;;;16.04.13;1;4;3;1;362;;5;8;2;1;13;12;16;13;10;9;18;2;
a13AQ#J3~31~H2;s;r;;;;;16.04.19;1;4;3;1;364;;5;8;2;1;13;12;16;13;10;9;18;2;
*$$&H=;s;;;;;;16.04.19;1;4;3;1;364;;5;8;2;1;13;12;16;13;10;9;18;2;
ap04:04;;;;;;;16.04.21;1;4;3;1;368;;5;8;2;1;13;12;16;13;10;9;18;2;
az2;;;;;;;16.04.21;1;4;2;1;369;;5;8;2;1;13;12;13;10;9;18;2;16;
a13SM-~~~55;;;;;;;16.04.37;1;4;2;1;386;;5;8;2;1;13;12;13;10;9;18;2;16;
*08RM#~~~55;;;;;;;16.04.37;1;4;2;1;386;;5;8;2;1;13;12;13;10;9;18;2;16;
*01EQ+K2C;;;;;;;16.04.37;1;4;2;1;386;;5;8;2;1;13;12;13;10;9;18;2;16;
*02AQ=J2~31~H1O;p;r;;;;;16.04.43;1;4;2;1;389;;5;8;2;1;13;12;13;10;9;18;2;16;
a$$&H#;p;;;;;;16.04.43;1;4;2;1;389;;5;8;2;1;13;12;13;10;9;18;2;16;
ap04:05;;;;;;;16.04.46;1;4;2;1;392;;5;8;2;1;13;12;13;10;9;18;2;16;
a13SM-~~~55;;;;;;;16.05.00;1;4;2;1;408;;5;8;2;1;13;12;13;10;9;18;2;16;
*08RM+~~~55~~~~41;;;;;;;16.05.00;1;4;2;1;408;;5;8;2;1;13;12;13;10;9;18;2;16;
*01ET+KFF;;;;;;;16.05.00;1;4;2;1;408;;5;8;2;1;13;12;13;10;9;18;2;16;
*08AT-W4~46~H2;;r;;;;;16.05.05;1;4;2;1;411;;5;8;2;1;13;12;13;10;9;18;2;16;
a16DT+~~~46;;;;;;;16.05.05;1;4;2;1;411;;5;8;2;1;13;12;13;10;9;18;2;16;
a09AH-G4~41~P0;;p;;;;;16.05.09;1;4;2;1;414;;5;8;2;1;13;12;13;10;9;18;2;16;
*05DH+~~~41;;;;;;;16.05.09;1;4;2;1;414;;5;8;2;1;13;12;13;10;9;18;2;16;
*05AT-Y9~96~H0;;s;;;;;16.05.13;1;4;2;1;417;;5;8;2;1;13;12;13;10;9;18;2;16;
a16DT+~~~96;;;;;;;16.05.13;1;4;2;1;417;;5;8;2;1;13;12;13;10;9;18;2;16;
a09AH=G4~4~~H1N;s;p;;;;;16.05.16;1;4;2;1;421;;5;8;2;1;13;12;13;10;9;18;2;16;
*$$&H#;s;;;;;;16.05.16;1;4;2;1;421;;5;8;2;1;13;12;13;10;9;18;2;16;
*p05:05;;;;;;;16.05.19;1;4;2;1;426;;5;8;2;1;13;12;13;10;9;18;2;16;
*z3;;;;;;;16.05.19;1;3;2;1;426;;8;2;1;13;12;5;13;10;9;18;2;16;
*08SQ-~~~16;;;;;;;16.05.38;1;3;2;1;446;;8;2;1;13;12;5;13;10;9;18;2;16;
a16RQ#~~~16~~~~33;;;;;;;16.05.38;1;3;2;1;446;;8;2;1;13;12;5;13;10;9;18;2;16;
a10EQ+K1C;;;;;;;16.05.38;1;3;2;1;446;;8;2;1;13;12;5;13;10;9;18;2;16;
a18AQ#J4~39~H1;s;r;;;;;16.05.44;1;3;2;1;453;;8;2;1;13;12;5;13;10;9;18;2;16;
*$$&H=;s;;;;;;16.05.44;1;3;2;1;453;;8;2;1;13;12;5;13;10;9;18;2;16;
ap05:06;;;;;;;16.05.48;1;3;2;1;456;;8;2;1;13;12;5;13;10;9;18;2;16;
az1;;;;;;;16.05.48;1;3;1;1;455;;8;2;1;13;12;5;10;9;18;2;16;13;
a10SM!~~~65;;;;;;;16.06.01;1;3;1;1;468;;8;2;1;13;12;5;10;9;18;2;16;13;
*13RM!~~~65~~~~42;;;;;;;16.06.01;1;3;1;1;468;;8;2;1;13;12;5;10;9;18;2;16;13;
*01ET+K7F;;;;;;;16.06.01;1;3;1;1;468;;8;2;1;13;12;5;10;9;18;2;16;13;
*13AT+W4~47~H2;;r;;;;;16.06.05;1;3;1;1;471;;8;2;1;13;12;5;10;9;18;2;16;13;
a11DT-~~~47;;;;;;;16.06.05;1;3;1;1;471;;8;2;1;13;12;5;10;9;18;2;16;13;
*05AT=Y9~95~H0O;p;s;;;;;16.06.11;1;3;1;1;474;;8;2;1;13;12;5;10;9;18;2;16;13;
a$$&H#;p;;;;;;16.06.11;1;3;1;1;474;;8;2;1;13;12;5;10;9;18;2;16;13;
ap05:07;;;;;;;16.06.16;1;3;1;1;480;;8;2;1;13;12;5;10;9;18;2;16;13;
a10SM-~~~15;;;;;;;16.07.29;1;3;1;1;557;;8;2;1;13;12;5;10;9;18;2;16;13;
*13RM+~~~15~~~~21;;;;;;;16.07.29;1;3;1;1;557;;8;2;1;13;12;5;10;9;18;2;16;13;
*01ET+K1B;;;;;;;16.07.29;1;3;1;1;557;;8;2;1;13;12;5;10;9;18;2;16;13;
*05AT#Y9~91~H0;s;r;;;;;16.07.33;1;3;1;1;560;;8;2;1;13;12;5;10;9;18;2;16;13;
a$$&H=;s;;;;;;16.07.33;1;3;1;1;560;;8;2;1;13;12;5;10;9;18;2;16;13;
*p06:07;;;;;;;16.07.36;1;3;1;1;564;;8;2;1;13;12;5;10;9;18;2;16;13;
*z2;;;;;;;16.07.36;1;2;1;1;563;;2;1;13;12;5;8;10;9;18;2;16;13;
*02SQ+~~~11;;;;;;;16.07.56;1;2;1;1;585;;2;1;13;12;5;8;10;9;18;2;16;13;
a09RQ-~~~11;;;;;;;16.07.56;1;2;1;1;585;;2;1;13;12;5;8;10;9;18;2;16;13;
a02AH-G4~46~H2;;r;;;;;16.08.02;1;2;1;1;588;;2;1;13;12;5;8;10;9;18;2;16;13;
*01BH+~~~~2~~2;;;;;;;16.08.02;1;2;1;1;588;;2;1;13;12;5;8;10;9;18;2;16;13;
*08DH+;;;;;;;16.08.04;1;2;1;1;588;;2;1;13;12;5;8;10;9;18;2;16;13;
*05AT-Y9~96~H0;;p;;;;;16.08.07;1;2;1;1;591;;2;1;13;12;5;8;10;9;18;2;16;13;
a16DT+~~~96;;;;;;;16.08.07;1;2;1;1;591;;2;1;13;12;5;8;10;9;18;2;16;13;
a02AH#G4~45~H2S;s;s;;;;;16.08.11;1;2;1;1;594;;2;1;13;12;5;8;10;9;18;2;16;13;
*12BH=~~~~2~~2S;s;;;;;;16.08.11;1;2;1;1;594;;2;1;13;12;5;8;10;9;18;2;16;13;
ap06:08;;;;;;;16.08.14;1;2;1;1;602;;2;1;13;12;5;8;10;9;18;2;16;13;
az6;;;;;;;16.08.14;1;2;6;1;602;;2;1;13;12;5;8;9;18;2;16;13;10;
a09SQ=~~~66~~~O;s;;;;;;16.08.37;1;2;6;1;625;;2;1;13;12;5;8;9;18;2;16;13;10;
*$$&H#;s;;;;;;16.08.37;1;2;6;1;625;;2;1;13;12;5;8;9;18;2;16;13;10;
*p07:08;;;;;;;16.08.42;1;2;6;1;631;;2;1;13;12;5;8;9;18;2;16;13;10;
*z1;;;;;;;16.08.42;1;1;6;1;630;;1;13;12;5;8;2;9;18;2;16;13;10;
*01SM+~~~12;;;;;;;16.08.59;1;1;6;1;647;;1;13;12;5;8;2;9;18;2;16;13;10;
a10RM-~~~12;;;;;;;16.08.59;1;1;6;1;647;;1;13;12;5;8;2;9;18;2;16;13;10;
a02AH#G2~26~H2F;s;r;;;;;16.09.06;1;1;6;1;654;;1;13;12;5;8;2;9;18;2;16;13;10;
*12BH=~~~~4~~2F;s;;;;;;16.09.06;1;1;6;1;654;;1;13;12;5;8;2;9;18;2;16;13;10;
ap07:09;;;;;;;16.09.10;1;1;6;1;659;;1;13;12;5;8;2;9;18;2;16;13;10;
az5;;;;;;;16.09.10;1;1;5;1;658;;1;13;12;5;8;2;18;2;16;13;10;9;
a18SM/~~~55;;;;;;;16.09.34;1;1;5;1;682;;1;13;12;5;8;2;18;2;16;13;10;9;
*08RM/~~~55;;;;;;;16.09.34;1;1;5;1;682;;1;13;12;5;8;2;18;2;16;13;10;9;
a13AO#V3~3~~H;p;p;;;;;16.09.41;1;1;5;1;684;;1;13;12;5;8;2;18;2;16;13;10;9;
*$$&H=;p;;;;;;16.09.41;1;1;5;1;684;;1;13;12;5;8;2;18;2;16;13;10;9;
ap07:10;;;;;;;16.09.42;1;1;5;1;690;;1;13;12;5;8;2;18;2;16;13;10;9;
a18SM!~~~55;;;;;;;16.09.59;1;1;5;1;707;;1;13;12;5;8;2;18;2;16;13;10;9;
*08RM!~~~55~~~~32;;;;;;;16.09.59;1;1;5;1;707;;1;13;12;5;8;2;18;2;16;13;10;9;
*01ET+K8F;;;;;;;16.09.59;1;1;5;1;707;;1;13;12;5;8;2;18;2;16;13;10;9;
*05AT#W4~45~H2O;s;r;;;;;16.10.04;1;1;5;1;712;;1;13;12;5;8;2;18;2;16;13;10;9;
a13BT=~~~~2~~2O;s;;;;;;16.10.04;1;1;5;1;712;;1;13;12;5;8;2;18;2;16;13;10;9;
*p08:10;;;;;;;16.10.08;1;1;5;1;716;;1;13;12;5;8;2;18;2;16;13;10;9;
*z6;;;;;;;16.10.08;1;6;5;1;715;;13;12;5;8;2;1;18;2;16;13;10;9;
*13SQ#~~~56;p;;;;;;16.10.19;1;6;5;1;728;;13;12;5;8;2;1;18;2;16;13;10;9;
a09RQ=~~~56~M;p;;;;;;16.10.19;1;6;5;1;728;;13;12;5;8;2;1;18;2;16;13;10;9;
*p09:10;;;;;;;16.10.26;1;6;5;1;732;;13;12;5;8;2;1;18;2;16;13;10;9;
*13SQ!~~~56;;;;;;;16.10.37;1;6;5;1;745;;13;12;5;8;2;1;18;2;16;13;10;9;
a09RQ!~~~56~~~~22;;;;;;;16.10.37;1;6;5;1;745;;13;12;5;8;2;1;18;2;16;13;10;9;
a10EQ+K8C;;;;;;;16.10.37;1;6;5;1;745;;13;12;5;8;2;1;18;2;16;13;10;9;
a13AQ/J1~36~H1;p;r;;;;;16.10.44;1;6;5;1;748;;13;12;5;8;2;1;18;2;16;13;10;9;
*12BQ#~~~~3~~1;p;;;;;;16.10.44;1;6;5;1;748;;13;12;5;8;2;1;18;2;16;13;10;9;
*p10:10;;;;;;;16.10.56;1;6;5;1;752;;13;12;5;8;2;1;18;2;16;13;10;9;
*13SQ/~~~56;;;;;;;16.10.59;1;6;5;1;767;;13;12;5;8;2;1;18;2;16;13;10;9;
a09RQ/~~~56;;;;;;;16.10.59;1;6;5;1;767;;13;12;5;8;2;1;18;2;16;13;10;9;
*12AO#V3~3~~H;p;p;;;;;16.11.05;1;6;5;1;769;;13;12;5;8;2;1;18;2;16;13;10;9;
a$$&H=;p;;;;;;16.11.05;1;6;5;1;769;;13;12;5;8;2;1;18;2;16;13;10;9;
*p11:10;;;;;;;16.11.06;1;6;5;1;773;;13;12;5;8;2;1;18;2;16;13;10;9;
*13SQ#~~~51~~~N;p;;;;;;16.11.19;1;6;5;1;787;;13;12;5;8;2;1;18;2;16;13;10;9;
a11RQ=~~~51~W;p;;;;;;16.11.19;1;6;5;1;787;;13;12;5;8;2;1;18;2;16;13;10;9;
*p12:10;;;;;;;16.11.27;1;6;5;1;792;;13;12;5;8;2;1;18;2;16;13;10;9;
aT;;;;;;;16.11.27;1;6;5;1;794;;13;12;5;8;2;1;18;2;16;13;10;9;
*13SQ-~~~51;;;;;;;16.12.51;1;6;5;1;880;;13;12;5;8;2;1;18;2;16;13;10;9;
a11RQ+~~~51~~~~33;;;;;;;16.12.51;1;6;5;1;880;;13;12;5;8;2;1;18;2;16;13;10;9;
a10ET+K8F;;;;;;;16.12.51;1;6;5;1;880;;13;12;5;8;2;1;18;2;16;13;10;9;
a16AT-W4~42~T2;;r;;;;;16.12.57;1;6;5;1;883;;13;12;5;8;2;1;18;2;16;13;10;9;
*01DT+~~~42;;;;;;;16.12.57;1;6;5;1;883;;13;12;5;8;2;1;18;2;16;13;10;9;
*05AH#G2~26~H2;p;p;;;;;16.12.59;1;6;5;1;886;;13;12;5;8;2;1;18;2;16;13;10;9;
a09DH=~~~26;p;;;;;;16.12.59;1;6;5;1;886;;13;12;5;8;2;1;18;2;16;13;10;9;
*p13:10;;;;;;;16.13.08;1;6;5;1;891;;13;12;5;8;2;1;18;2;16;13;10;9;
*13SQ=~~~56~~~O;s;;;;;;16.13.17;1;6;5;1;905;;13;12;5;8;2;1;18;2;16;13;10;9;
a$$&H#;s;;;;;;16.13.17;1;6;5;1;905;;13;12;5;8;2;1;18;2;16;13;10;9;
ap13:11;;;;;;;16.13.21;1;6;5;1;911;;13;12;5;8;2;1;18;2;16;13;10;9;
az4;;;;;;;16.13.21;1;6;4;1;909;;13;12;5;8;2;1;2;16;13;10;9;18;
a02SQ-~~~66;;;;;;;16.13.38;1;6;4;1;927;;13;12;5;8;2;1;2;16;13;10;9;18;
*10RQ+~~~66~~~~41;;;;;;;16.13.38;1;6;4;1;927;;13;12;5;8;2;1;2;16;13;10;9;18;
*01ET+K8F;;;;;;;16.13.38;1;6;4;1;927;;13;12;5;8;2;1;2;16;13;10;9;18;
*08AT=W4~46~H2O;p;r;;;;;16.13.44;1;6;4;1;930;;13;12;5;8;2;1;2;16;13;10;9;18;
a$$&H#;p;;;;;;16.13.44;1;6;4;1;930;;13;12;5;8;2;1;2;16;13;10;9;18;
ap13:12;;;;;;;16.13.48;1;6;4;1;934;;13;12;5;8;2;1;2;16;13;10;9;18;
a02SQ=~~~66~~~O;s;;;;;;16.14.04;1;6;4;1;952;;13;12;5;8;2;1;2;16;13;10;9;18;
*$$&H#;s;;;;;;16.14.04;1;6;4;1;952;;13;12;5;8;2;1;2;16;13;10;9;18;
*p14:12;;;;;;;16.14.08;1;6;4;1;957;;13;12;5;8;2;1;2;16;13;10;9;18;
*z5;;;;;;;16.14.08;1;5;4;1;956;;12;5;8;2;1;13;2;16;13;10;9;18;
*12SM-~~~55;;;;;;;16.14.28;1;5;4;1;976;;12;5;8;2;1;13;2;16;13;10;9;18;
a16RM+~~~55~~~~34;;;;;;;16.14.28;1;5;4;1;976;;12;5;8;2;1;13;2;16;13;10;9;18;
a10ET+KFF;;;;;;;16.14.28;1;5;4;1;976;;12;5;8;2;1;13;2;16;13;10;9;18;
a16AT-W4~42~T2;;r;;;;;16.14.34;1;5;4;1;979;;12;5;8;2;1;13;2;16;13;10;9;18;
*02DT+~~~42;;;;;;;16.14.34;1;5;4;1;979;;12;5;8;2;1;13;2;16;13;10;9;18;
*05AH-G2~26~H2;;p;;;;;16.14.37;1;5;4;1;982;;12;5;8;2;1;13;2;16;13;10;9;18;
a09DH+~~~26;;;;;;;16.14.37;1;5;4;1;982;;12;5;8;2;1;13;2;16;13;10;9;18;
a16AH-G4~42~T2;;s;;;;;16.14.41;1;5;4;1;985;;12;5;8;2;1;13;2;16;13;10;9;18;
*01DH+~~~42;;;;;;;16.14.41;1;5;4;1;985;;12;5;8;2;1;13;2;16;13;10;9;18;
*05AH#G2~26~H2O;p;p;;;;;16.14.44;1;5;4;1;989;;12;5;8;2;1;13;2;16;13;10;9;18;
a13BH=~~~~4~~2O;p;;;;;;16.14.44;1;5;4;1;989;;12;5;8;2;1;13;2;16;13;10;9;18;
*p15:12;;;;;;;16.15.01;1;5;4;1;995;;12;5;8;2;1;13;2;16;13;10;9;18;
*12SM-~~~55;;;;;;;16.15.47;1;5;4;1;1056;;12;5;8;2;1;13;2;16;13;10;9;18;
a16RM+~~~55~~~~33;;;;;;;16.15.47;1;5;4;1;1056;;12;5;8;2;1;13;2;16;13;10;9;18;
a10EQ+KCC;;;;;;;16.15.47;1;5;4;1;1056;;12;5;8;2;1;13;2;16;13;10;9;18;
a13AQ#J1~37~H1;s;r;;;;;16.15.52;1;5;4;1;1059;;12;5;8;2;1;13;2;16;13;10;9;18;
*13DQ=~~~37;s;;;;;;16.15.52;1;5;4;1;1059;;12;5;8;2;1;13;2;16;13;10;9;18;
ap15:13;;;;;;;16.15.55;1;5;4;1;1063;;12;5;8;2;1;13;2;16;13;10;9;18;
az3;;;;;;;16.15.56;1;5;3;1;1063;;12;5;8;2;1;13;16;13;10;9;18;2;
a16SQ/~~~65;;;;;;;16.16.15;1;5;3;1;1083;;12;5;8;2;1;13;16;13;10;9;18;2;
*08RQ/~~~65;;;;;;;16.16.15;1;5;3;1;1083;;12;5;8;2;1;13;16;13;10;9;18;2;
a13AQ-J1~35~H1;;p;;;;;16.16.22;1;5;3;1;1086;;12;5;8;2;1;13;16;13;10;9;18;2;
*10DQ+~~~35;;;;;;;16.16.22;1;5;3;1;1086;;12;5;8;2;1;13;16;13;10;9;18;2;
*05AT-W2~26~H;;s;;;;;16.16.25;1;5;3;1;1089;;12;5;8;2;1;13;16;13;10;9;18;2;
a13BT+~~~~4;;;;;;;16.16.25;1;5;3;1;1089;;12;5;8;2;1;13;16;13;10;9;18;2;
a16DH+;;;;;;;16.16.25;1;5;3;1;1089;;12;5;8;2;1;13;16;13;10;9;18;2;
a02AT/Y9~91~H2;s;p;;;;;16.16.29;1;5;3;1;1092;;12;5;8;2;1;13;16;13;10;9;18;2;
*02BT#~~~~4~~2;s;;;;;;16.16.29;1;5;3;1;1092;;12;5;8;2;1;13;16;13;10;9;18;2;
*p16:13;;;;;;;16.16.36;1;5;3;1;1098;;12;5;8;2;1;13;16;13;10;9;18;2;
*z4;;;;;;;16.16.36;1;4;3;1;1103;;5;8;2;1;13;12;16;13;10;9;18;2;
*05SQ-~~~11;;;;;;;16.16.53;1;4;3;1;1121;;5;8;2;1;13;12;16;13;10;9;18;2;
a16RQ+~~~11~~~~32;;;;;;;16.16.53;1;4;3;1;1121;;5;8;2;1;13;12;16;13;10;9;18;2;
a10EQ+K3C;;;;;;;16.16.53;1;4;3;1;1121;;5;8;2;1;13;12;16;13;10;9;18;2;
a13AQ#J3~36~H1F;s;r;;;;;16.16.58;1;4;3;1;1126;;5;8;2;1;13;12;16;13;10;9;18;2;
*08BQ=~~~~3~~1F;s;;;;;;16.16.58;1;4;3;1;1126;;5;8;2;1;13;12;16;13;10;9;18;2;
ap16:14;;;;;;;16.17.02;1;4;3;1;1131;;5;8;2;1;13;12;16;13;10;9;18;2;
az2;;;;;;;16.17.02;1;4;2;1;1130;;5;8;2;1;13;12;13;10;9;18;2;16;
a13SM-~~~56;;;;;;;16.17.19;1;4;2;1;1147;;5;8;2;1;13;12;13;10;9;18;2;16;
*13RM#~~~56;;;;;;;16.17.19;1;4;2;1;1147;;5;8;2;1;13;12;13;10;9;18;2;16;
*01EQ+K3C;;;;;;;16.17.19;1;4;2;1;1147;;5;8;2;1;13;12;13;10;9;18;2;16;
*02AQ#J3~36~H1;s;r;;;;;16.17.24;1;4;2;1;1152;;5;8;2;1;13;12;13;10;9;18;2;16;
a16DQ=~~~36;s;;;;;;16.17.24;1;4;2;1;1152;;5;8;2;1;13;12;13;10;9;18;2;16;
*p17:14;;;;;;;16.17.29;1;4;2;1;1158;;5;8;2;1;13;12;13;10;9;18;2;16;
*z3;;;;;;;16.17.30;1;3;2;1;1157;;8;2;1;13;12;5;13;10;9;18;2;16;
*08SM-~~~16;;;;;;;16.17.43;1;3;2;1;1171;;8;2;1;13;12;5;13;10;9;18;2;16;
a16RM#~~~16~~~~33;;;;;;;16.17.43;1;3;2;1;1171;;8;2;1;13;12;5;13;10;9;18;2;16;
a10EQ+K1C;;;;;;;16.17.43;1;3;2;1;1171;;8;2;1;13;12;5;13;10;9;18;2;16;
a18AQ-J4~35~H2;;r;;;;;16.17.48;1;3;2;1;1174;;8;2;1;13;12;5;13;10;9;18;2;16;
*10DQ+~~~35;;;;;;;16.17.48;1;3;2;1;1174;;8;2;1;13;12;5;13;10;9;18;2;16;
*05AH-G9~92~T2;;p;;;;;16.17.51;1;3;2;1;1177;;8;2;1;13;12;5;13;10;9;18;2;16;
a10DH+~~~92;;;;;;;16.17.51;1;3;2;1;1177;;8;2;1;13;12;5;13;10;9;18;2;16;
a02AH=G9~91~H2O;p;s;;;;;16.17.56;1;3;2;1;1180;;8;2;1;13;12;5;13;10;9;18;2;16;
*$$&H#;p;;;;;;16.17.56;1;3;2;1;1180;;8;2;1;13;12;5;13;10;9;18;2;16;
*p18:14;;;;;;;16.18.01;1;3;2;1;1184;;8;2;1;13;12;5;13;10;9;18;2;16;
*08SM-~~~16;;;;;;;16.18.59;1;3;2;1;1247;;8;2;1;13;12;5;13;10;9;18;2;16;
a16RM+~~~16~~~~33;;;;;;;16.18.59;1;3;2;1;1247;;8;2;1;13;12;5;13;10;9;18;2;16;
a10ET+K1F;;;;;;;16.18.59;1;3;2;1;1247;;8;2;1;13;12;5;13;10;9;18;2;16;
a09AT#W4~47~H2;s;r;;;;;16.19.05;1;3;2;1;1250;;8;2;1;13;12;5;13;10;9;18;2;16;
*10DT=~~~47;s;;;;;;16.19.05;1;3;2;1;1250;;8;2;1;13;12;5;13;10;9;18;2;16;
ap18:15;;;;;;;16.19.09;1;3;2;1;1254;;8;2;1;13;12;5;13;10;9;18;2;16;
az1;;;;;;;16.19.09;1;3;1;1;1256;;8;2;1;13;12;5;10;9;18;2;16;13;
a10SM-~~~17;;;;;;;16.19.20;1;3;1;1;1267;;8;2;1;13;12;5;10;9;18;2;16;13;
*13RM#~~~17~O;;;;;;;16.19.20;1;3;1;1;1267;;8;2;1;13;12;5;10;9;18;2;16;13;
*01ET+K3B;;;;;;;16.19.20;1;3;1;1;1267;;8;2;1;13;12;5;10;9;18;2;16;13;
*05AT#Y9~95~H0;s;r;;;;;16.19.24;1;3;1;1;1270;;8;2;1;13;12;5;10;9;18;2;16;13;
a$$&H=;s;;;;;;16.19.24;1;3;1;1;1270;;8;2;1;13;12;5;10;9;18;2;16;13;
*p19:15;;;;;;;16.19.27;1;3;1;1;1274;;8;2;1;13;12;5;10;9;18;2;16;13;
*z2;;;;;;;16.19.27;1;2;1;1;1276;;2;1;13;12;5;8;10;9;18;2;16;13;
*02SQ!~~~16;;;;;;;16.19.42;1;2;1;1;1291;;2;1;13;12;5;8;10;9;18;2;16;13;
a11RQ!~~~16~~~~22;;;;;;;16.19.42;1;2;1;1;1291;;2;1;13;12;5;8;10;9;18;2;16;13;
a10ET+KBB;;;;;;;16.19.42;1;2;1;1;1291;;2;1;13;12;5;8;10;9;18;2;16;13;
a09AT-W2~22~H2;;r;;;;;16.19.48;1;2;1;1;1294;;2;1;13;12;5;8;10;9;18;2;16;13;
*01DT+~~~22;;;;;;;16.19.48;1;2;1;1;1294;;2;1;13;12;5;8;10;9;18;2;16;13;
*05AH-G9~91~H2;;p;;;;;16.19.50;1;2;1;1;1297;;2;1;13;12;5;8;10;9;18;2;16;13;
a10DH+~~~91;;;;;;;16.19.50;1;2;1;1;1297;;2;1;13;12;5;8;10;9;18;2;16;13;
a09AH#G2~25~H2S;s;s;;;;;16.19.56;1;2;1;1;1300;;2;1;13;12;5;8;10;9;18;2;16;13;
*13BH=~~~~4~~2S;s;;;;;;16.19.56;1;2;1;1;1300;;2;1;13;12;5;8;10;9;18;2;16;13;
ap19:16;;;;;;;16.19.59;1;2;1;1;1306;;2;1;13;12;5;8;10;9;18;2;16;13;
az6;;;;;;;16.19.59;1;2;6;1;1307;;2;1;13;12;5;8;9;18;2;16;13;10;
a09SQ!~~~16;;;;;;;16.20.18;1;2;6;1;1325;;2;1;13;12;5;8;9;18;2;16;13;10;
*08RQ!~~~16~~~~21;;;;;;;16.20.18;1;2;6;1;1325;;2;1;13;12;5;8;9;18;2;16;13;10;
*01ET+KBB;;;;;;;16.20.18;1;2;6;1;1327;;2;1;13;12;5;8;9;18;2;16;13;10;
*05AT-Y9~91~H0;;r;;;;;16.20.22;1;2;6;1;1328;;2;1;13;12;5;8;9;18;2;16;13;10;
a10DT+~~~91;;;;;;;16.20.22;1;2;6;1;1328;;2;1;13;12;5;8;9;18;2;16;13;10;
a02AH-G2~21~H2;;p;;;;;16.20.26;1;2;6;1;1331;;2;1;13;12;5;8;9;18;2;16;13;10;
*12BH+~~~~4~~2;;;;;;;16.20.26;1;2;6;1;1331;;2;1;13;12;5;8;9;18;2;16;13;10;
*01DH+;;;;;;;16.20.26;1;2;6;1;1331;;2;1;13;12;5;8;9;18;2;16;13;10;
*05AH+G9~96~H1;;s;;;;;16.20.31;1;2;6;1;1334;;2;1;13;12;5;8;9;18;2;16;13;10;
a16BH-~~~~4~~1;;;;;;;16.20.31;1;2;6;1;1334;;2;1;13;12;5;8;9;18;2;16;13;10;
*12AQ/J3~36~H1;p;s;;;;;16.20.37;1;2;6;1;1338;;2;1;13;12;5;8;9;18;2;16;13;10;
a16BQ#~~~~3~~1;p;;;;;;16.20.37;1;2;6;1;1338;;2;1;13;12;5;8;9;18;2;16;13;10;
ap19:17;;;;;;;16.20.40;1;2;6;1;1345;;2;1;13;12;5;8;9;18;2;16;13;10;
a09SQ#~~~65;p;;;;;;16.20.58;1;2;6;1;1367;;2;1;13;12;5;8;9;18;2;16;13;10;
*13RQ=~~~65~L;p;;;;;;16.20.58;1;2;6;1;1367;;2;1;13;12;5;8;9;18;2;16;13;10;
ap19:18;;;;;;;16.21.06;1;2;6;1;1373;;2;1;13;12;5;8;9;18;2;16;13;10;
*T;;;;;;;16.21.06;1;2;6;1;1373;;2;1;13;12;5;8;9;18;2;16;13;10;
a09SQ#~~~65;p;;;;;;16.22.19;1;2;6;1;1447;;2;1;13;12;5;8;9;18;2;16;13;10;
*13RQ=~~~65~L;p;;;;;;16.22.19;1;2;6;1;1447;;2;1;13;12;5;8;9;18;2;16;13;10;
ap19:19;;;;;;;16.22.27;1;2;6;1;1451;;2;1;13;12;5;8;9;18;2;16;13;10;
a09SQ-~~~15;;;;;;;16.23.09;1;2;6;1;1497;;2;1;13;12;5;8;9;18;2;16;13;10;
*13RQ#~~~15;;;;;;;16.23.09;1;2;6;1;1497;;2;1;13;12;5;8;9;18;2;16;13;10;
*01ET+K1B;;;;;;;16.23.09;1;2;6;1;1497;;2;1;13;12;5;8;9;18;2;16;13;10;
*05AT#Y9~95~H0;s;r;;;;;16.23.15;1;2;6;1;1500;;2;1;13;12;5;8;9;18;2;16;13;10;
a11DT=~~~95;s;;;;;;16.23.15;1;2;6;1;1500;;2;1;13;12;5;8;9;18;2;16;13;10;
*p20:19;;;;;;;16.23.20;1;2;6;1;1504;;2;1;13;12;5;8;9;18;2;16;13;10;
*z1;;;;;;;16.23.20;1;1;6;1;1508;;1;13;12;5;8;2;9;18;2;16;13;10;
ac09:04;;;;;;;16.23.20;1;1;6;1;1508;;1;13;12;5;8;2;4;18;2;16;13;10;
*01SM!~~~55;;;;;;;16.23.46;1;1;6;1;1535;;1;13;12;5;8;2;4;18;2;16;13;10;
a16RM!~~~55~~~~32;;;;;;;16.23.46;1;1;6;1;1535;;1;13;12;5;8;2;4;18;2;16;13;10;
a10ET+K8F;;;;;;;16.23.46;1;1;6;1;1535;;1;13;12;5;8;2;4;18;2;16;13;10;
a16AT#W4~46~H2O;s;r;;;;;16.23.54;1;1;6;1;1538;;1;13;12;5;8;2;4;18;2;16;13;10;
*12BT=~~~~2~~2O;s;;;;;;16.23.54;1;1;6;1;1538;;1;13;12;5;8;2;4;18;2;16;13;10;
ap20:20;;;;;;;16.24.05;1;1;6;1;1542;;1;13;12;5;8;2;4;18;2;16;13;10;
az5;;;;;;;16.24.05;1;1;5;1;1553;;1;13;12;5;8;2;18;2;16;13;10;4;
a18SM-~~~51;;;;;;;16.24.14;1;1;5;1;1562;;1;13;12;5;8;2;18;2;16;13;10;4;
*13RM#~~~51~O;;;;;;;16.24.14;1;1;5;1;1562;;1;13;12;5;8;2;18;2;16;13;10;4;
*01EQ+K1C;;;;;;;16.24.14;1;1;5;1;1562;;1;13;12;5;8;2;18;2;16;13;10;4;
*12AQ#J1~36~H1;s;r;;;;;16.24.19;1;1;5;1;1565;;1;13;12;5;8;2;18;2;16;13;10;4;
a04DQ=~~~36;s;;;;;;16.24.19;1;1;5;1;1565;;1;13;12;5;8;2;18;2;16;13;10;4;
*p21:20;;;;;;;16.24.23;1;1;5;1;1569;;1;13;12;5;8;2;18;2;16;13;10;4;
*z6;;;;;;;16.24.23;1;6;5;1;1570;;13;12;5;8;2;1;18;2;16;13;10;4;
*13SQ-~~~51;;;;;;;16.24.33;1;6;5;1;1582;;13;12;5;8;2;1;18;2;16;13;10;4;
a11RQ#~~~51~~~~32;;;;;;;16.24.33;1;6;5;1;1582;;13;12;5;8;2;1;18;2;16;13;10;4;
a10ET+K1B;;;;;;;16.24.33;1;6;5;1;1582;;13;12;5;8;2;1;18;2;16;13;10;4;
a02AT#W2~21~H2S;s;r;;;;;16.24.38;1;6;5;1;1585;;13;12;5;8;2;1;18;2;16;13;10;4;
*12BT=~~~~4~~2S;s;;;;;;16.24.38;1;6;5;1;1585;;13;12;5;8;2;1;18;2;16;13;10;4;
ap21:21;;;;;;;16.24.41;1;6;5;1;1589;;13;12;5;8;2;1;18;2;16;13;10;4;
az4;;;;;;;16.24.41;1;6;4;1;1589;;13;12;5;8;2;1;2;16;13;10;4;18;
a02SQ+~~~66;;;;;;;16.24.57;1;6;4;1;1606;;13;12;5;8;2;1;2;16;13;10;4;18;
*10RQ-~~~66;;;;;;;16.24.57;1;6;4;1;1606;;13;12;5;8;2;1;2;16;13;10;4;18;
*08AH-G4~45~H2;;r;;;;;16.25.04;1;6;4;1;1609;;13;12;5;8;2;1;2;16;13;10;4;18;
a13BH+~~~~2~~2;;;;;;;16.25.04;1;6;4;1;1609;;13;12;5;8;2;1;2;16;13;10;4;18;
a16DH+;;;;;;;16.25.04;1;6;4;1;1609;;13;12;5;8;2;1;2;16;13;10;4;18;
a02AT-Y9~95~H2;;p;;;;;16.25.08;1;6;4;1;1612;;13;12;5;8;2;1;2;16;13;10;4;18;
*10DT+~~~95;;;;;;;16.25.08;1;6;4;1;1612;;13;12;5;8;2;1;2;16;13;10;4;18;
*05EH/~~~~4;;;;;;;16.25.08;1;6;4;1;1612;;13;12;5;8;2;1;2;16;13;10;4;18;
a13AO#V2~2~~H;p;p;;;;;16.25.15;1;6;4;1;1615;;13;12;5;8;2;1;2;16;13;10;4;18;
*$$&H=;p;;;;;;16.25.15;1;6;4;1;1615;;13;12;5;8;2;1;2;16;13;10;4;18;
ap21:22;;;;;;;16.25.21;1;6;4;1;1621;;13;12;5;8;2;1;2;16;13;10;4;18;
a02SQ+~~~66;;;;;;;16.25.34;1;6;4;1;1642;;13;12;5;8;2;1;2;16;13;10;4;18;
*13RQ-~~~66;;;;;;;16.25.34;1;6;4;1;1642;;13;12;5;8;2;1;2;16;13;10;4;18;
*08AH-G4~45~H2;;r;;;;;16.25.40;1;6;4;1;1645;;13;12;5;8;2;1;2;16;13;10;4;18;
a04DH+~~~45;;;;;;;16.25.40;1;6;4;1;1645;;13;12;5;8;2;1;2;16;13;10;4;18;
a02AH-G9~91~H2;;p;;;;;16.25.42;1;6;4;1;1648;;13;12;5;8;2;1;2;16;13;10;4;18;
*01DH+~~~91;;;;;;;16.25.42;1;6;4;1;1648;;13;12;5;8;2;1;2;16;13;10;4;18;
*05AH-G2~21~H2;;s;;;;;16.25.46;1;6;4;1;1651;;13;12;5;8;2;1;2;16;13;10;4;18;
a02DH+~~~21;;;;;;;16.25.46;1;6;4;1;1651;;13;12;5;8;2;1;2;16;13;10;4;18;
a16AT-W4~45~H2;;p;;;;;16.25.50;1;6;4;1;1655;;13;12;5;8;2;1;2;16;13;10;4;18;
*12BT+~~~~2~~2;;;;;;;16.25.50;1;6;4;1;1655;;13;12;5;8;2;1;2;16;13;10;4;18;
*13DH+;;;;;;;16.25.53;1;6;4;1;1655;;13;12;5;8;2;1;2;16;13;10;4;18;
*08AH-G4~45~H2;;s;;;;;16.25.55;1;6;4;1;1658;;13;12;5;8;2;1;2;16;13;10;4;18;
a13BH+~~~~2~~2;;;;;;;16.25.55;1;6;4;1;1658;;13;12;5;8;2;1;2;16;13;10;4;18;
a02DH+;;;;;;;16.25.55;1;6;4;1;1658;;13;12;5;8;2;1;2;16;13;10;4;18;
a16AT-W4~42~T2;;p;;;;;16.25.58;1;6;4;1;1661;;13;12;5;8;2;1;2;16;13;10;4;18;
*01DT+~~~42;;;;;;;16.25.58;1;6;4;1;1661;;13;12;5;8;2;1;2;16;13;10;4;18;
*05AH=G2~21~H2;p;s;;;;;16.26.09;1;6;4;1;1664;;13;12;5;8;2;1;2;16;13;10;4;18;
a$$&H#;p;;;;;;16.26.09;1;6;4;1;1664;;13;12;5;8;2;1;2;16;13;10;4;18;
ap21:23;;;;;;;16.26.19;1;6;4;1;1672;;13;12;5;8;2;1;2;16;13;10;4;18;
a02SQ+~~~65;;;;;;;16.27.08;1;6;4;1;1737;;13;12;5;8;2;1;2;16;13;10;4;18;
*08RQ-~~~65;;;;;;;16.27.08;1;6;4;1;1737;;13;12;5;8;2;1;2;16;13;10;4;18;
*08AT#W4~46~H2;s;r;;;;;16.27.15;1;6;4;1;1740;;13;12;5;8;2;1;2;16;13;10;4;18;
a11DT=~~~46;s;;;;;;16.27.15;1;6;4;1;1740;;13;12;5;8;2;1;2;16;13;10;4;18;
*p22:23;;;;;;;16.27.17;1;6;4;1;1744;;13;12;5;8;2;1;2;16;13;10;4;18;
*z5;;;;;;;16.27.17;1;5;4;1;1744;;12;5;8;2;1;13;2;16;13;10;4;18;
*c12:07;;;;;;;16.27.17;1;5;4;1;1744;;7;5;8;2;1;13;2;16;13;10;4;18;
aT;;;;;;;16.27.17;1;5;4;1;1744;;7;5;8;2;1;13;2;16;13;10;4;18;
*07SQ+~~~11;;;;;;;16.28.49;1;5;4;1;1837;;7;5;8;2;1;13;2;16;13;10;4;18;
a11RQ-~~~11;;;;;;;16.28.49;1;5;4;1;1837;;7;5;8;2;1;13;2;16;13;10;4;18;
a16AH-G4~45~H2;;r;;;;;16.28.54;1;5;4;1;1840;;7;5;8;2;1;13;2;16;13;10;4;18;
*13DH+~~~45;;;;;;;16.28.54;1;5;4;1;1840;;7;5;8;2;1;13;2;16;13;10;4;18;
*05AH-G2~26~H2;;p;;;;;16.28.57;1;5;4;1;1843;;7;5;8;2;1;13;2;16;13;10;4;18;
a13BH+~~~~4~~2;;;;;;;16.28.57;1;5;4;1;1843;;7;5;8;2;1;13;2;16;13;10;4;18;
a11DH+;;;;;;;16.28.57;1;5;4;1;1843;;7;5;8;2;1;13;2;16;13;10;4;18;
a13AQ#J2~36~H0N;s;s;;;;;16.29.10;1;5;4;1;1846;;7;5;8;2;1;13;2;16;13;10;4;18;
*$$&H=;s;;;;;;16.29.10;1;5;4;1;1846;;7;5;8;2;1;13;2;16;13;10;4;18;
ap22:24;;;;;;;16.29.12;1;5;4;1;1850;;7;5;8;2;1;13;2;16;13;10;4;18;
az3;;;;;;;16.29.13;1;5;3;1;1860;;7;5;8;2;1;13;16;13;10;4;18;2;
ac10:06;;;;;;;16.29.13;1;5;3;1;1860;;7;5;8;2;1;13;16;13;6;4;18;2;
ac02:05;;;;;;;16.29.13;1;5;3;1;1860;;7;5;8;2;1;13;16;13;6;4;18;5;
aP5;;;;;;;16.29.13;1;5;3;1;1860;;7;5;8;2;1;13;16;13;6;4;18;5;
az6;;;;;;;16.29.13;1;5;6;1;1860;;7;5;8;2;1;13;16;13;6;4;18;5;
*c07:12;;;;;;;16.29.13;1;5;6;1;1860;;12;5;8;2;1;13;16;13;6;4;18;5;
*T;;;;;;;16.29.13;1;5;6;1;1860;;12;5;8;2;1;13;16;13;6;4;18;5;
a16SQ!~~~65;;;;;;;16.30.54;1;5;6;1;1962;;12;5;8;2;1;13;16;13;6;4;18;5;
*08RQ!~~~65~~~~32;;;;;;;16.30.54;1;5;6;1;1962;;12;5;8;2;1;13;16;13;6;4;18;5;
*01EQ+K8C;;;;;;;16.30.54;1;5;6;1;1962;;12;5;8;2;1;13;16;13;6;4;18;5;
*02AQ#J2~31~H1;s;r;;;;;16.31.00;1;5;6;1;1965;;12;5;8;2;1;13;16;13;6;4;18;5;
a05DQ=~~~31;s;;;;;;16.31.00;1;5;6;1;1965;;12;5;8;2;1;13;16;13;6;4;18;5;
*p23:24;;;;;;;16.31.03;1;5;6;1;1970;;12;5;8;2;1;13;16;13;6;4;18;5;
*z4;;;;;;;16.31.03;1;4;6;1;1971;;5;8;2;1;13;12;16;13;6;4;18;5;
ac05:02;;;;;;;16.31.03;1;4;6;1;1971;;5;8;2;1;13;12;16;13;6;4;18;2;
ac06:10;;;;;;;16.31.03;1;4;6;1;1971;;5;8;2;1;13;12;16;13;10;4;18;2;
aP10;;;;;;;16.31.03;1;4;6;1;1971;;5;8;2;1;13;12;16;13;10;4;18;2;
az3;;;;;;;16.31.03;1;4;3;1;1971;;5;8;2;1;13;12;16;13;10;4;18;2;
*05SQ=~~~16~~~O;s;;;;;;16.31.34;1;4;3;1;2003;;5;8;2;1;13;12;16;13;10;4;18;2;
a$$&H#;s;;;;;;16.31.34;1;4;3;1;2003;;5;8;2;1;13;12;16;13;10;4;18;2;
ap23:25;;;;;;;16.31.40;1;4;3;1;2008;;5;8;2;1;13;12;16;13;10;4;18;2;
**1set;;;;;;;16.31.40;2;4;3;1;2008;;;;;;;;;;;;;;
*P01>LUp;;;;;;;16.31.40;2;4;3;1;2008;;13;12;5;8;2;1;9;18;2;16;13;10;
*z6>LUp;;;;;;;16.31.40;2;6;3;1;2008;;13;12;5;8;2;1;9;18;2;16;13;10;
aP10>LUp;;;;;;;16.31.40;2;6;3;1;2008;;13;12;5;8;2;1;9;18;2;16;13;10;
az6>LUp;;;;;;;16.31.40;2;6;6;1;2008;;13;12;5;8;2;1;9;18;2;16;13;10;
a09SQ-~~~16;;;;;;;16.35.52;2;6;6;1;2260;;13;12;5;8;2;1;9;18;2;16;13;10;
*10RQ+~~~16~~~~21;;;;;;;16.35.52;2;6;6;1;2260;;13;12;5;8;2;1;9;18;2;16;13;10;
*01EQ+K1C;;;;;;;16.35.52;2;6;6;1;2260;;13;12;5;8;2;1;9;18;2;16;13;10;
*12AQ!J4~31~H1;;r;;;;;16.36.00;2;6;6;1;2263;;13;12;5;8;2;1;9;18;2;16;13;10;
a18BQ/~~~~3~~1;s;;;;;;16.36.00;2;6;6;1;2263;;13;12;5;8;2;1;9;18;2;16;13;10;
*$$&H#;s;;;;;;16.36.00;2;6;6;1;2263;;13;12;5;8;2;1;9;18;2;16;13;10;
*p01:00;;;;;;;16.36.08;2;6;6;1;2268;;13;12;5;8;2;1;9;18;2;16;13;10;
*z5;;;;;;;16.36.08;2;5;6;1;2276;;12;5;8;2;1;13;9;18;2;16;13;10;
*12SM-~~~56;;;;;;;16.36.23;2;5;6;1;2292;;12;5;8;2;1;13;9;18;2;16;13;10;
a11RM#~~~56~~~~33;;;;;;;16.36.23;2;5;6;1;2292;;12;5;8;2;1;13;9;18;2;16;13;10;
a10EQ+K3C;;;;;;;16.36.23;2;5;6;1;2292;;12;5;8;2;1;13;9;18;2;16;13;10;
a18AQ#J3~36~H2;s;r;;;;;16.36.29;2;5;6;1;2295;;12;5;8;2;1;13;9;18;2;16;13;10;
*$$&H=;s;;;;;;16.36.29;2;5;6;1;2295;;12;5;8;2;1;13;9;18;2;16;13;10;
ap01:01;;;;;;;16.36.34;2;5;6;1;2299;;12;5;8;2;1;13;9;18;2;16;13;10;
az5;;;;;;;16.36.34;2;5;5;1;2302;;12;5;8;2;1;13;18;2;16;13;10;9;
a18SM/~~~58D;;;;;;;16.36.52;2;5;5;1;2320;;12;5;8;2;1;13;18;2;16;13;10;9;
*13RM/~~~58D;;;;;;;16.36.52;2;5;5;1;2320;;12;5;8;2;1;13;18;2;16;13;10;9;
a02AO#V2~2~~H;p;p;;;;;16.36.58;2;5;5;1;2322;;12;5;8;2;1;13;18;2;16;13;10;9;
*$$&H=;p;;;;;;16.36.58;2;5;5;1;2322;;12;5;8;2;1;13;18;2;16;13;10;9;
ap01:02;;;;;;;16.37.00;2;5;5;1;2325;;12;5;8;2;1;13;18;2;16;13;10;9;
a18SM-~~~56;;;;;;;16.37.17;2;5;5;1;2345;;12;5;8;2;1;13;18;2;16;13;10;9;
*13RM#~~~56;;;;;;;16.37.17;2;5;5;1;2345;;12;5;8;2;1;13;18;2;16;13;10;9;
*01ET+K2B;;;;;;;16.37.17;2;5;5;1;2345;;12;5;8;2;1;13;18;2;16;13;10;9;
*05AT+W2~25~H1;;r;;;;;16.37.22;2;5;5;1;2348;;12;5;8;2;1;13;18;2;16;13;10;9;
a18DT-~~~25;;;;;;;16.37.22;2;5;5;1;2348;;12;5;8;2;1;13;18;2;16;13;10;9;
*05AT#W2~26~H1S;s;s;;;;;16.37.26;2;5;5;1;2351;;12;5;8;2;1;13;18;2;16;13;10;9;
a16BT=~~~~4~~1S;s;;;;;;16.37.26;2;5;5;1;2351;;12;5;8;2;1;13;18;2;16;13;10;9;
*p02:02;;;;;;;16.37.32;2;5;5;1;2356;;12;5;8;2;1;13;18;2;16;13;10;9;
*z4;;;;;;;16.37.32;2;4;5;1;2360;;5;8;2;1;13;12;18;2;16;13;10;9;
*05SQ-~~~16;;;;;;;16.37.49;2;4;5;1;2377;;5;8;2;1;13;12;18;2;16;13;10;9;
a09RQ#~~~16~~~~33;;;;;;;16.37.49;2;4;5;1;2377;;5;8;2;1;13;12;18;2;16;13;10;9;
a10EQ+K1C;;;;;;;16.37.49;2;4;5;1;2377;;5;8;2;1;13;12;18;2;16;13;10;9;
a13AQ#J4~37~H1;s;r;;;;;16.37.54;2;4;5;1;2382;;5;8;2;1;13;12;18;2;16;13;10;9;
*$$&H=;s;;;;;;16.37.54;2;4;5;1;2382;;5;8;2;1;13;12;18;2;16;13;10;9;
ap02:03;;;;;;;16.37.57;2;4;5;1;2384;;5;8;2;1;13;12;18;2;16;13;10;9;
az4;;;;;;;16.37.57;2;4;4;1;2385;;5;8;2;1;13;12;2;16;13;10;9;18;
a02SQ!~~~66;;;;;;;16.38.13;2;4;4;1;2400;;5;8;2;1;13;12;2;16;13;10;9;18;
*13RQ!~~~66~~~~22;;;;;;;16.38.13;2;4;4;1;2400;;5;8;2;1;13;12;2;16;13;10;9;18;
*01ET+K9B;;;;;;;16.38.13;2;4;4;1;2400;;5;8;2;1;13;12;2;16;13;10;9;18;
*05AT-Y9~91~H0;;r;;;;;16.38.18;2;4;4;1;2406;;5;8;2;1;13;12;2;16;13;10;9;18;
a02DT+~~~91;;;;;;;16.38.18;2;4;4;1;2406;;5;8;2;1;13;12;2;16;13;10;9;18;
a02AH=G9~9~~H2N;s;p;;;;;16.38.20;2;4;4;1;2408;;5;8;2;1;13;12;2;16;13;10;9;18;
*$$&H#;s;;;;;;16.38.20;2;4;4;1;2408;;5;8;2;1;13;12;2;16;13;10;9;18;
*p03:03;;;;;;;16.38.22;2;4;4;1;2411;;5;8;2;1;13;12;2;16;13;10;9;18;
*z3;;;;;;;16.38.22;2;3;4;1;2410;;8;2;1;13;12;5;2;16;13;10;9;18;
*08SQ!~~~11;;;;;;;16.38.45;2;3;4;1;2433;;8;2;1;13;12;5;2;16;13;10;9;18;
a11RQ!~~~11~~~~21;;;;;;;16.38.45;2;3;4;1;2433;;8;2;1;13;12;5;2;16;13;10;9;18;
a10ET+KBB;;;;;;;16.38.45;2;3;4;1;2433;;8;2;1;13;12;5;2;16;13;10;9;18;
a02AT#Y9~96~H2;s;r;;;;;16.38.51;2;3;4;1;2439;;8;2;1;13;12;5;2;16;13;10;9;18;
*$$&H=;s;;;;;;16.38.51;2;3;4;1;2439;;8;2;1;13;12;5;2;16;13;10;9;18;
ap03:04;;;;;;;16.38.57;2;3;4;1;2442;;8;2;1;13;12;5;2;16;13;10;9;18;
az3;;;;;;;16.38.57;2;3;3;1;2445;;8;2;1;13;12;5;16;13;10;9;18;2;
a16SQ+~~~66;;;;;;;16.39.13;2;3;3;1;2461;;8;2;1;13;12;5;16;13;10;9;18;2;
*10RQ-~~~66;;;;;;;16.39.13;2;3;3;1;2461;;8;2;1;13;12;5;16;13;10;9;18;2;
*05AH#G9~91~H0;s;r;;;;;16.39.19;2;3;3;1;2467;;8;2;1;13;12;5;16;13;10;9;18;2;
a02DH=~~~91;s;;;;;;16.39.19;2;3;3;1;2467;;8;2;1;13;12;5;16;13;10;9;18;2;
*p04:04;;;;;;;16.39.29;2;3;3;1;2477;;8;2;1;13;12;5;16;13;10;9;18;2;
*z2;;;;;;;16.39.29;2;2;3;1;2476;;2;1;13;12;5;8;16;13;10;9;18;2;
*02SQ=~~~15~~~O;s;;;;;;16.39.59;2;2;3;1;2506;;2;1;13;12;5;8;16;13;10;9;18;2;
a$$&H#;s;;;;;;16.39.59;2;2;3;1;2506;;2;1;13;12;5;8;16;13;10;9;18;2;
ap04:05;;;;;;;16.40.03;2;2;3;1;2510;;2;1;13;12;5;8;16;13;10;9;18;2;
az2;;;;;;;16.40.03;2;2;2;1;2511;;2;1;13;12;5;8;13;10;9;18;2;16;
a13SM-~~~56;;;;;;;16.40.21;2;2;2;1;2529;;2;1;13;12;5;8;13;10;9;18;2;16;
*08RM+~~~56~~~~32;;;;;;;16.40.21;2;2;2;1;2529;;2;1;13;12;5;8;13;10;9;18;2;16;
*01ET+K1B;;;;;;;16.40.21;2;2;2;1;2529;;2;1;13;12;5;8;13;10;9;18;2;16;
*05AT=Y9~96~H0Z;p;r;;;;;16.40.27;2;2;2;1;2532;;2;1;13;12;5;8;13;10;9;18;2;16;
a$$&H#;p;;;;;;16.40.27;2;2;2;1;2532;;2;1;13;12;5;8;13;10;9;18;2;16;
ap04:06;;;;;;;16.40.43;2;2;2;1;2538;;2;1;13;12;5;8;13;10;9;18;2;16;
a13SM=~~~55~~~N;s;;;;;;16.41.02;2;2;2;1;2569;;2;1;13;12;5;8;13;10;9;18;2;16;
*$$&H#;s;;;;;;16.41.02;2;2;2;1;2569;;2;1;13;12;5;8;13;10;9;18;2;16;
*p05:06;;;;;;;16.41.06;2;2;2;1;2575;;2;1;13;12;5;8;13;10;9;18;2;16;
*z1;;;;;;;16.41.06;2;1;2;1;2573;;1;13;12;5;8;2;13;10;9;18;2;16;
*01SQ-~~~56;;;;;;;16.41.24;2;1;2;1;2593;;1;13;12;5;8;2;13;10;9;18;2;16;
a16RQ#~~~56~~~~33;;;;;;;16.41.24;2;1;2;1;2593;;1;13;12;5;8;2;13;10;9;18;2;16;
a10EQ+K2C;;;;;;;16.41.24;2;1;2;1;2593;;1;13;12;5;8;2;13;10;9;18;2;16;
a18AQ#J2~35~H1;s;r;;;;;16.41.30;2;1;2;1;2598;;1;13;12;5;8;2;13;10;9;18;2;16;
*$$&H=;s;;;;;;16.41.30;2;1;2;1;2598;;1;13;12;5;8;2;13;10;9;18;2;16;
ap05:07;;;;;;;16.41.33;2;1;2;1;2600;;1;13;12;5;8;2;13;10;9;18;2;16;
az1;;;;;;;16.41.33;2;1;1;1;2601;;1;13;12;5;8;2;10;9;18;2;16;13;
a10SM-~~~51;;;;;;;16.41.48;2;1;1;1;2616;;1;13;12;5;8;2;10;9;18;2;16;13;
*13RM+~~~51~O~~32;;;;;;;16.41.48;2;1;1;1;2616;;1;13;12;5;8;2;10;9;18;2;16;13;
*01ET+K1F;;;;;;;16.41.48;2;1;1;1;2616;;1;13;12;5;8;2;10;9;18;2;16;13;
*05AT/W4~46~H2;p;r;;;;;16.41.55;2;1;1;1;2619;;1;13;12;5;8;2;10;9;18;2;16;13;
a02BT#~~~~2~~2;p;;;;;;16.41.55;2;1;1;1;2619;;1;13;12;5;8;2;10;9;18;2;16;13;
ap05:08;;;;;;;16.41.58;2;1;1;1;2625;;1;13;12;5;8;2;10;9;18;2;16;13;
a10SM+~~~59;;;;;;;16.42.14;2;1;1;1;2642;;1;13;12;5;8;2;10;9;18;2;16;13;
*13RM-~~~59;;;;;;;16.42.14;2;1;1;1;2642;;1;13;12;5;8;2;10;9;18;2;16;13;
*13AH+G2~24~T2;;r;;;;;16.42.19;2;1;1;1;2647;;1;13;12;5;8;2;10;9;18;2;16;13;
a11DH-~~~24;;;;;;;16.42.19;2;1;1;1;2647;;1;13;12;5;8;2;10;9;18;2;16;13;
*13AT-W2~29~H2;;s;;;;;16.42.25;2;1;1;1;2653;;1;13;12;5;8;2;10;9;18;2;16;13;
a02DT+~~~29;;;;;;;16.42.25;2;1;1;1;2653;;1;13;12;5;8;2;10;9;18;2;16;13;
*13AT+W2~24~T2;;s;;;;;16.42.32;2;1;1;1;2660;;1;13;12;5;8;2;10;9;18;2;16;13;
a11DT-~~~24;;;;;;;16.42.32;2;1;1;1;2660;;1;13;12;5;8;2;10;9;18;2;16;13;
*12AQ-J4~31~H1;;s;;;;;16.42.37;2;1;1;1;2665;;1;13;12;5;8;2;10;9;18;2;16;13;
a18BQ+~~~~3~~1;;;;;;;16.42.37;2;1;1;1;2665;;1;13;12;5;8;2;10;9;18;2;16;13;
a02AH+G2~24~T2;;p;;;;;16.42.42;2;1;1;1;2670;;1;13;12;5;8;2;10;9;18;2;16;13;
*12BH-~~~~4~~2;;;;;;;16.42.42;2;1;1;1;2670;;1;13;12;5;8;2;10;9;18;2;16;13;
a18DH+;;;;;;;16.42.42;2;1;1;1;2670;;1;13;12;5;8;2;10;9;18;2;16;13;
a09AH-G4~45~H2;;p;;;;;16.42.46;2;1;1;1;2671;;1;13;12;5;8;2;10;9;18;2;16;13;
*12BH+~~~~2~~2;;;;;;;16.42.46;2;1;1;1;2671;;1;13;12;5;8;2;10;9;18;2;16;13;
*05DH+;;;;;;;16.42.46;2;1;1;1;2671;;1;13;12;5;8;2;10;9;18;2;16;13;
*05AT#W4~47~H1;s;s;;;;;16.42.49;2;1;1;1;2675;;1;13;12;5;8;2;10;9;18;2;16;13;
a11DT=~~~47;s;;;;;;16.42.49;2;1;1;1;2675;;1;13;12;5;8;2;10;9;18;2;16;13;
*p06:08;;;;;;;16.42.56;2;1;1;1;2681;;1;13;12;5;8;2;10;9;18;2;16;13;
*z6;;;;;;;16.42.56;2;6;1;1;2684;;13;12;5;8;2;1;10;9;18;2;16;13;
*13SQ+~~~61;;;;;;;16.43.15;2;6;1;1;2703;;13;12;5;8;2;1;10;9;18;2;16;13;
a10RQ-~~~61;;;;;;;16.43.15;2;6;1;1;2703;;13;12;5;8;2;1;10;9;18;2;16;13;
a02AH-G4~46~H2;;r;;;;;16.43.21;2;6;1;1;2706;;13;12;5;8;2;1;10;9;18;2;16;13;
*12BH+~~~~2~~2;;;;;;;16.43.21;2;6;1;1;2706;;13;12;5;8;2;1;10;9;18;2;16;13;
*13DH+;;;;;;;16.43.23;2;6;1;1;2706;;13;12;5;8;2;1;10;9;18;2;16;13;
*10EH-~~~~4;;;;;;;16.43.26;2;6;1;1;2708;;13;12;5;8;2;1;10;9;18;2;16;13;
a02AT-W4~45~T1;;s;;;;;16.43.29;2;6;1;1;2709;;13;12;5;8;2;1;10;9;18;2;16;13;
*10DT+~~~45;;;;;;;16.43.29;2;6;1;1;2709;;13;12;5;8;2;1;10;9;18;2;16;13;
*05AT#W2~25~H2;p;p;;;;;16.43.33;2;6;1;1;2712;;13;12;5;8;2;1;10;9;18;2;16;13;
a11DT=~~~25;p;;;;;;16.43.33;2;6;1;1;2712;;13;12;5;8;2;1;10;9;18;2;16;13;
*p07:08;;;;;;;16.43.36;2;6;1;1;2722;;13;12;5;8;2;1;10;9;18;2;16;13;
*13SQ-~~~61;;;;;;;16.43.51;2;6;1;1;2739;;13;12;5;8;2;1;10;9;18;2;16;13;
a09RQ+~~~61~~~~33;;;;;;;16.43.51;2;6;1;1;2739;;13;12;5;8;2;1;10;9;18;2;16;13;
a10EQ+K1C;;;;;;;16.43.51;2;6;1;1;2741;;13;12;5;8;2;1;10;9;18;2;16;13;
a18AQ=J1~37~H1S;p;r;;;;;16.44.00;2;6;1;1;2742;;13;12;5;8;2;1;10;9;18;2;16;13;
*$$&H#;p;;;;;;16.44.00;2;6;1;1;2742;;13;12;5;8;2;1;10;9;18;2;16;13;
*p08:08;;;;;;;16.44.03;2;6;1;1;2748;;13;12;5;8;2;1;10;9;18;2;16;13;
*13SQ-~~~65;;;;;;;16.44.23;2;6;1;1;2759;;13;12;5;8;2;1;10;9;18;2;16;13;
a09RQ+~~~65;;;;;;;16.44.23;2;6;1;1;2759;;13;12;5;8;2;1;10;9;18;2;16;13;
a10ET+K2B;;;;;;;16.44.23;2;6;1;1;2759;;13;12;5;8;2;1;10;9;18;2;16;13;
a09AT#W2~21~H2;s;r;;;;;16.44.26;2;6;1;1;2762;;13;12;5;8;2;1;10;9;18;2;16;13;
*$$&H=;s;;;;;;16.44.26;2;6;1;1;2762;;13;12;5;8;2;1;10;9;18;2;16;13;
ap08:09;;;;;;;16.44.28;2;6;1;1;2766;;13;12;5;8;2;1;10;9;18;2;16;13;
az6;;;;;;;16.44.28;2;6;6;1;2776;;13;12;5;8;2;1;9;18;2;16;13;10;
a09SQ+~~~15;;;;;;;16.44.37;2;6;6;1;2784;;13;12;5;8;2;1;9;18;2;16;13;10;
*08RQ-~~~15;;;;;;;16.44.37;2;6;6;1;2784;;13;12;5;8;2;1;9;18;2;16;13;10;
*05AH-G2~21~H2;;r;;;;;16.44.43;2;6;6;1;2791;;13;12;5;8;2;1;9;18;2;16;13;10;
a18BH+~~~~4~~2;;;;;;;16.44.43;2;6;6;1;2791;;13;12;5;8;2;1;9;18;2;16;13;10;
a11FH=;s;;;;;;16.44.51;2;6;6;1;2798;;13;12;5;8;2;1;9;18;2;16;13;10;
*$$&H#;s;;;;;;16.44.51;2;6;6;1;2798;;13;12;5;8;2;1;9;18;2;16;13;10;
*p09:09;;;;;;;16.44.53;2;6;6;1;2798;;13;12;5;8;2;1;9;18;2;16;13;10;
*z5;;;;;;;16.44.53;2;5;6;1;2800;;12;5;8;2;1;13;9;18;2;16;13;10;
*12SM+~~~51;;;;;;;16.46.12;2;5;6;1;2880;;12;5;8;2;1;13;9;18;2;16;13;10;
a09RM-~~~51;;;;;;;16.46.12;2;5;6;1;2880;;12;5;8;2;1;13;9;18;2;16;13;10;
a16AH-G4~47~H2;;r;;;;;16.46.19;2;5;6;1;2883;;12;5;8;2;1;13;9;18;2;16;13;10;
*12DH+~~~47;;;;;;;16.46.19;2;5;6;1;2883;;12;5;8;2;1;13;9;18;2;16;13;10;
*05AT#W2~21~H2;p;p;;;;;16.46.23;2;5;6;1;2886;;12;5;8;2;1;13;9;18;2;16;13;10;
a$$&H=;p;;;;;;16.46.23;2;5;6;1;2886;;12;5;8;2;1;13;9;18;2;16;13;10;
*p10:09;;;;;;;16.46.28;2;5;6;1;2891;;12;5;8;2;1;13;9;18;2;16;13;10;
*12SM/~~~56;;;;;;;16.46.44;2;5;6;1;2912;;12;5;8;2;1;13;9;18;2;16;13;10;
a16RM/~~~56;;;;;;;16.46.44;2;5;6;1;2912;;12;5;8;2;1;13;9;18;2;16;13;10;
*05AT#W2~25~H2S;p;p;;;;;16.46.55;2;5;6;1;2915;;12;5;8;2;1;13;9;18;2;16;13;10;
a16BT=~~~~4~~2S;p;;;;;;16.46.55;2;5;6;1;2915;;12;5;8;2;1;13;9;18;2;16;13;10;
*p11:09;;;;;;;16.46.58;2;5;6;1;2924;;12;5;8;2;1;13;9;18;2;16;13;10;
*12SM-~~~55;;;;;;;16.47.21;2;5;6;1;2949;;12;5;8;2;1;13;9;18;2;16;13;10;
a16RM#~~~55~~~~33;;;;;;;16.47.21;2;5;6;1;2949;;12;5;8;2;1;13;9;18;2;16;13;10;
a10EQ+K1C;;;;;;;16.47.21;2;5;6;1;2949;;12;5;8;2;1;13;9;18;2;16;13;10;
a18AQ#J2~37~H1;s;r;;;;;16.47.28;2;5;6;1;2956;;12;5;8;2;1;13;9;18;2;16;13;10;
*12DQ=~~~37;s;;;;;;16.47.28;2;5;6;1;2956;;12;5;8;2;1;13;9;18;2;16;13;10;
ap11:10;;;;;;;16.47.32;2;5;6;1;2957;;12;5;8;2;1;13;9;18;2;16;13;10;
az5;;;;;;;16.47.32;2;5;5;1;2960;;12;5;8;2;1;13;18;2;16;13;10;9;
a18SM=~~~55~~~N;s;;;;;;16.47.53;2;5;5;1;2980;;12;5;8;2;1;13;18;2;16;13;10;9;
*$$&H#;s;;;;;;16.47.53;2;5;5;1;2980;;12;5;8;2;1;13;18;2;16;13;10;9;
*p12:10;;;;;;;16.47.56;2;5;5;1;2984;;12;5;8;2;1;13;18;2;16;13;10;9;
*z4;;;;;;;16.47.56;2;4;5;1;2984;;5;8;2;1;13;12;18;2;16;13;10;9;
*05SQ+~~~11;;;;;;;16.48.15;2;4;5;1;3002;;5;8;2;1;13;12;18;2;16;13;10;9;
a11RQ-~~~11;;;;;;;16.48.15;2;4;5;1;3002;;5;8;2;1;13;12;18;2;16;13;10;9;
a16AH#G4~45~H2S;s;r;;;;;16.48.21;2;4;5;1;3009;;5;8;2;1;13;12;18;2;16;13;10;9;
*02BH=~~~~2~~2S;s;;;;;;16.48.21;2;4;5;1;3009;;5;8;2;1;13;12;18;2;16;13;10;9;
ap12:11;;;;;;;16.48.24;2;4;5;1;3011;;5;8;2;1;13;12;18;2;16;13;10;9;
az4;;;;;;;16.48.24;2;4;4;1;3012;;5;8;2;1;13;12;2;16;13;10;9;18;
a02SQ=~~~66~~~N;s;;;;;;16.48.42;2;4;4;1;3029;;5;8;2;1;13;12;2;16;13;10;9;18;
*$$&H#;s;;;;;;16.48.42;2;4;4;1;3029;;5;8;2;1;13;12;2;16;13;10;9;18;
*p13:11;;;;;;;16.48.46;2;4;4;1;3034;;5;8;2;1;13;12;2;16;13;10;9;18;
*z3;;;;;;;16.48.46;2;3;4;1;3033;;8;2;1;13;12;5;2;16;13;10;9;18;
*08SM+~~~16;;;;;;;16.49.01;2;3;4;1;3048;;8;2;1;13;12;5;2;16;13;10;9;18;
a11RM-~~~16;;;;;;;16.49.01;2;3;4;1;3048;;8;2;1;13;12;5;2;16;13;10;9;18;
a02AH-G9~92~H2;;r;;;;;16.49.07;2;3;4;1;3051;;8;2;1;13;12;5;2;16;13;10;9;18;
*05DH+~~~92;;;;;;;16.49.07;2;3;4;1;3051;;8;2;1;13;12;5;2;16;13;10;9;18;
*01AO+JJ~31~T1;;p;;;;;16.49.10;2;3;4;1;3053;;8;2;1;13;12;5;2;16;13;10;9;18;
a02DO-~~~31;;;;;;;16.49.10;2;3;4;1;3053;;8;2;1;13;12;5;2;16;13;10;9;18;
*05AT#Y9~91~H2S;p;p;;;;;16.49.18;2;3;4;1;3056;;8;2;1;13;12;5;2;16;13;10;9;18;
a13BT=~~~~4~~2S;p;;;;;;16.49.18;2;3;4;1;3056;;8;2;1;13;12;5;2;16;13;10;9;18;
*p14:11;;;;;;;16.49.20;2;3;4;1;3067;;8;2;1;13;12;5;2;16;13;10;9;18;
aT;;;;;;;16.49.20;2;3;4;1;3068;;8;2;1;13;12;5;2;16;13;10;9;18;
*08SM-~~~16;;;;;;;16.50.49;2;3;4;1;3157;;8;2;1;13;12;5;2;16;13;10;9;18;
a11RM#~~~16~~~~33;;;;;;;16.50.49;2;3;4;1;3157;;8;2;1;13;12;5;2;16;13;10;9;18;
a10ET+K2F;;;;;;;16.50.49;2;3;4;1;3157;;8;2;1;13;12;5;2;16;13;10;9;18;
a16AT-W4~45~H2;;r;;;;;16.50.55;2;3;4;1;3162;;8;2;1;13;12;5;2;16;13;10;9;18;
*02BT+~~~~2~~2;;;;;;;16.50.55;2;3;4;1;3162;;8;2;1;13;12;5;2;16;13;10;9;18;
*10DH+;;;;;;;16.50.57;2;3;4;1;3164;;8;2;1;13;12;5;2;16;13;10;9;18;
*13AH-G4~41~H1;;p;;;;;16.50.58;2;3;4;1;3165;;8;2;1;13;12;5;2;16;13;10;9;18;
a02DH+~~~41;;;;;;;16.50.58;2;3;4;1;3165;;8;2;1;13;12;5;2;16;13;10;9;18;
a09AT-Y8~82~T1;;s;;;;;16.51.03;2;3;4;1;3171;;8;2;1;13;12;5;2;16;13;10;9;18;
*01DT+~~~82;;;;;;;16.51.03;2;3;4;1;3171;;8;2;1;13;12;5;2;16;13;10;9;18;
*13AH=G4~44~P2S;s;p;;;;;16.51.06;2;3;4;1;3174;;8;2;1;13;12;5;2;16;13;10;9;18;
a$$&H#;s;;;;;;16.51.06;2;3;4;1;3174;;8;2;1;13;12;5;2;16;13;10;9;18;
ap14:12;;;;;;;16.51.08;2;3;4;1;3176;;8;2;1;13;12;5;2;16;13;10;9;18;
az3;;;;;;;16.51.08;2;3;3;1;3175;;8;2;1;13;12;5;16;13;10;9;18;2;
a16SQ-~~~16;;;;;;;16.51.32;2;3;3;1;3199;;8;2;1;13;12;5;16;13;10;9;18;2;
*10RQ#~~~16;;;;;;;16.51.32;2;3;3;1;3199;;8;2;1;13;12;5;16;13;10;9;18;2;
*01ET+K1F;;;;;;;16.51.32;2;3;3;1;3199;;8;2;1;13;12;5;16;13;10;9;18;2;
*13AT#W4~46~H2;s;r;;;;;16.51.38;2;3;3;1;3205;;8;2;1;13;12;5;16;13;10;9;18;2;
a$$&H=;s;;;;;;16.51.38;2;3;3;1;3205;;8;2;1;13;12;5;16;13;10;9;18;2;
*p15:12;;;;;;;16.51.39;2;3;3;1;3208;;8;2;1;13;12;5;16;13;10;9;18;2;
*z2;;;;;;;16.51.39;2;2;3;1;3207;;2;1;13;12;5;8;16;13;10;9;18;2;
*02SQ!~~~16;;;;;;;16.51.57;2;2;3;1;3225;;2;1;13;12;5;8;16;13;10;9;18;2;
a11RQ!~~~16~~~~21;;;;;;;16.51.57;2;2;3;1;3225;;2;1;13;12;5;8;16;13;10;9;18;2;
a10EQ+KBC;;;;;;;16.51.57;2;2;3;1;3225;;2;1;13;12;5;8;16;13;10;9;18;2;
a13AQ#J3~36~H1O;s;r;;;;;16.52.03;2;2;3;1;3231;;2;1;13;12;5;8;16;13;10;9;18;2;
*13BQ=~~~~3~~1O;s;;;;;;16.52.03;2;2;3;1;3231;;2;1;13;12;5;8;16;13;10;9;18;2;
ap15:13;;;;;;;16.52.12;2;2;3;1;3232;;2;1;13;12;5;8;16;13;10;9;18;2;
az2;;;;;;;16.52.13;2;2;2;1;3240;;2;1;13;12;5;8;13;10;9;18;2;16;
a13SM!~~~56;;;;;;;16.52.21;2;2;2;1;3249;;2;1;13;12;5;8;13;10;9;18;2;16;
*08RM!~~~56~~~~22;;;;;;;16.52.21;2;2;2;1;3249;;2;1;13;12;5;8;13;10;9;18;2;16;
*01ET+K8F;;;;;;;16.52.21;2;2;2;1;3249;;2;1;13;12;5;8;13;10;9;18;2;16;
*13AT#W4~41~H2S;s;r;;;;;16.52.26;2;2;2;1;3252;;2;1;13;12;5;8;13;10;9;18;2;16;
a10BT=~~~~2~~2S;s;;;;;;16.52.26;2;2;2;1;3252;;2;1;13;12;5;8;13;10;9;18;2;16;
*p16:13;;;;;;;16.52.30;2;2;2;1;3256;;2;1;13;12;5;8;13;10;9;18;2;16;
*z1;;;;;;;16.52.30;2;1;2;1;3257;;1;13;12;5;8;2;13;10;9;18;2;16;
*01SQ+~~~51;;;;;;;16.52.48;2;1;2;1;3276;;1;13;12;5;8;2;13;10;9;18;2;16;
a11RQ-~~~51;;;;;;;16.52.48;2;1;2;1;3276;;1;13;12;5;8;2;13;10;9;18;2;16;
a09AH+G4~45~H2;;r;;;;;16.52.55;2;1;2;1;3279;;1;13;12;5;8;2;13;10;9;18;2;16;
*01DH-~~~45;;;;;;;16.52.55;2;1;2;1;3279;;1;13;12;5;8;2;13;10;9;18;2;16;
*13AH-G4~41~H2;;p;;;;;16.52.57;2;1;2;1;3282;;1;13;12;5;8;2;13;10;9;18;2;16;
a02DH+~~~41;;;;;;;16.52.57;2;1;2;1;3282;;1;13;12;5;8;2;13;10;9;18;2;16;
a09AH+G4~43~T2;;s;;;;;16.53.00;2;1;2;1;3285;;1;13;12;5;8;2;13;10;9;18;2;16;
*13DH-~~~43;;;;;;;16.53.00;2;1;2;1;3285;;1;13;12;5;8;2;13;10;9;18;2;16;
a09AT=W4~45~H1O;p;s;;;;;16.53.10;2;1;2;1;3289;;1;13;12;5;8;2;13;10;9;18;2;16;
*$$&H#;p;;;;;;16.53.10;2;1;2;1;3289;;1;13;12;5;8;2;13;10;9;18;2;16;
*p17:13;;;;;;;16.53.11;2;1;2;1;3298;;1;13;12;5;8;2;13;10;9;18;2;16;
*01SQ+~~~56;;;;;;;16.53.35;2;1;2;1;3323;;1;13;12;5;8;2;13;10;9;18;2;16;
a16RQ-~~~56;;;;;;;16.53.35;2;1;2;1;3323;;1;13;12;5;8;2;13;10;9;18;2;16;
a09AT-W4~41~H2;;r;;;;;16.53.41;2;1;2;1;3326;;1;13;12;5;8;2;13;10;9;18;2;16;
*05BT+~~~~2~~2;;;;;;;16.53.41;2;1;2;1;3326;;1;13;12;5;8;2;13;10;9;18;2;16;
a11DH-;;;;;;;16.53.41;2;1;2;1;3326;;1;13;12;5;8;2;13;10;9;18;2;16;
*05AT#W2~25~H2;p;p;;;;;16.53.49;2;1;2;1;3329;;1;13;12;5;8;2;13;10;9;18;2;16;
a$$&H=;p;;;;;;16.53.49;2;1;2;1;3329;;1;13;12;5;8;2;13;10;9;18;2;16;
*p18:13;;;;;;;16.54.12;2;1;2;1;3338;;1;13;12;5;8;2;13;10;9;18;2;16;
*01SM-~~~56;;;;;;;16.54.59;2;1;2;1;3406;;1;13;12;5;8;2;13;10;9;18;2;16;
a16RM#~~~56~~~~33;;;;;;;16.54.59;2;1;2;1;3406;;1;13;12;5;8;2;13;10;9;18;2;16;
a10EQ+K1C;;;;;;;16.54.59;2;1;2;1;3406;;1;13;12;5;8;2;13;10;9;18;2;16;
a18AQ#J1~35~H2S;s;r;;;;;16.55.05;2;1;2;1;3413;;1;13;12;5;8;2;13;10;9;18;2;16;
*13BQ=~~~~3~~2S;s;;;;;;16.55.05;2;1;2;1;3413;;1;13;12;5;8;2;13;10;9;18;2;16;
ap18:14;;;;;;;16.55.08;2;1;2;1;3417;;1;13;12;5;8;2;13;10;9;18;2;16;
az1;;;;;;;16.55.08;2;1;1;1;3416;;1;13;12;5;8;2;10;9;18;2;16;13;
a10SM+~~~11;;;;;;;16.55.21;2;1;1;1;3429;;1;13;12;5;8;2;10;9;18;2;16;13;
*10RM-~~~11~O;;;;;;;16.55.21;2;1;1;1;3429;;1;13;12;5;8;2;10;9;18;2;16;13;
*05AH-G4~46~H2;;r;;;;;16.55.27;2;1;1;1;3435;;1;13;12;5;8;2;10;9;18;2;16;13;
a02BH+~~~~2~~2;;;;;;;16.55.27;2;1;1;1;3435;;1;13;12;5;8;2;10;9;18;2;16;13;
a16DH+;;;;;;;16.55.27;2;1;1;1;3435;;1;13;12;5;8;2;10;9;18;2;16;13;
a02AT-W2~26~H2;;p;;;;;16.55.29;2;1;1;1;3437;;1;13;12;5;8;2;10;9;18;2;16;13;
*08DT+~~~26;;;;;;;16.55.29;2;1;1;1;3437;;1;13;12;5;8;2;10;9;18;2;16;13;
*05AH#G4~46~H2S;s;s;;;;;16.55.34;2;1;1;1;3442;;1;13;12;5;8;2;10;9;18;2;16;13;
a18BH=~~~~2~~2S;s;;;;;;16.55.34;2;1;1;1;3442;;1;13;12;5;8;2;10;9;18;2;16;13;
*p19:14;;;;;;;16.55.37;2;1;1;1;3446;;1;13;12;5;8;2;10;9;18;2;16;13;
*z6;;;;;;;16.55.37;2;6;1;1;3445;;13;12;5;8;2;1;10;9;18;2;16;13;
*13SQ!~~~61;;;;;;;16.55.51;2;6;1;1;3459;;13;12;5;8;2;1;10;9;18;2;16;13;
a09RQ!~~~61~~~~34;;;;;;;16.55.51;2;6;1;1;3459;;13;12;5;8;2;1;10;9;18;2;16;13;
a10EQ+K8C;;;;;;;16.55.51;2;6;1;1;3459;;13;12;5;8;2;1;10;9;18;2;16;13;
a18AQ#J2~36~H2;s;r;;;;;16.55.58;2;6;1;1;3466;;13;12;5;8;2;1;10;9;18;2;16;13;
*13DQ=~~~36;s;;;;;;16.55.58;2;6;1;1;3466;;13;12;5;8;2;1;10;9;18;2;16;13;
ap19:15;;;;;;;16.56.01;2;6;1;1;3468;;13;12;5;8;2;1;10;9;18;2;16;13;
az6;;;;;;;16.56.01;2;6;6;1;3469;;13;12;5;8;2;1;9;18;2;16;13;10;
a09SQ=~~~16~~~O;s;;;;;;16.56.17;2;6;6;1;3485;;13;12;5;8;2;1;9;18;2;16;13;10;
*$$&H#;s;;;;;;16.56.17;2;6;6;1;3485;;13;12;5;8;2;1;9;18;2;16;13;10;
*p20:15;;;;;;;16.56.23;2;6;6;1;3489;;13;12;5;8;2;1;9;18;2;16;13;10;
*z5;;;;;;;16.56.23;2;5;6;1;3490;;12;5;8;2;1;13;9;18;2;16;13;10;
*c12:03;;;;;;;16.56.23;2;5;6;1;3490;;3;5;8;2;1;13;9;18;2;16;13;10;
*03SQ-~~~15;;;;;;;16.56.43;2;5;6;1;3511;;3;5;8;2;1;13;9;18;2;16;13;10;
a16RQ#~~~15~~~~33;;;;;;;16.56.43;2;5;6;1;3511;;3;5;8;2;1;13;9;18;2;16;13;10;
a10EQ+K3C;;;;;;;16.56.43;2;5;6;1;3511;;3;5;8;2;1;13;9;18;2;16;13;10;
a18AQ-J3~35~H1;;r;;;;;16.56.50;2;5;6;1;3514;;3;5;8;2;1;13;9;18;2;16;13;10;
*03DQ+~~~35;;;;;;;16.56.50;2;5;6;1;3514;;3;5;8;2;1;13;9;18;2;16;13;10;
*05AH#G2~26~H2O;p;p;;;;;16.56.54;2;5;6;1;3517;;3;5;8;2;1;13;9;18;2;16;13;10;
a18BH=~~~~4~~2O;p;;;;;;16.56.54;2;5;6;1;3517;;3;5;8;2;1;13;9;18;2;16;13;10;
*p21:15;;;;;;;16.56.58;2;5;6;1;3522;;3;5;8;2;1;13;9;18;2;16;13;10;
aT;;;;;;;16.56.58;2;5;6;1;3526;;3;5;8;2;1;13;9;18;2;16;13;10;
*03SQ#~~~16~~~N;p;;;;;;16.58.13;2;5;6;1;3601;;3;5;8;2;1;13;9;18;2;16;13;10;
a09RQ=~~~16;p;;;;;;16.58.13;2;5;6;1;3601;;3;5;8;2;1;13;9;18;2;16;13;10;
*p22:15;;;;;;;16.58.22;2;5;6;1;3607;;3;5;8;2;1;13;9;18;2;16;13;10;
*03SQ!~~~16;;;;;;;16.58.38;2;5;6;1;3626;;3;5;8;2;1;13;9;18;2;16;13;10;
a11RQ!~~~16~~~~22;;;;;;;16.58.38;2;5;6;1;3626;;3;5;8;2;1;13;9;18;2;16;13;10;
a10ET+KBB;;;;;;;16.58.38;2;5;6;1;3626;;3;5;8;2;1;13;9;18;2;16;13;10;
a02AT#W2~21~H2F;s;r;;;;;16.58.44;2;5;6;1;3629;;3;5;8;2;1;13;9;18;2;16;13;10;
*02BT=~~~~4~~2F;s;;;;;;16.58.44;2;5;6;1;3629;;3;5;8;2;1;13;9;18;2;16;13;10;
ap22:16;;;;;;;16.58.49;2;5;6;1;3633;;3;5;8;2;1;13;9;18;2;16;13;10;
az5;;;;;;;16.58.49;2;5;5;1;3636;;3;5;8;2;1;13;18;2;16;13;10;9;
*c03:12;;;;;;;16.58.49;2;5;5;1;3636;;12;5;8;2;1;13;18;2;16;13;10;9;
a18SM!~~~55;;;;;;;16.59.04;2;5;5;1;3652;;12;5;8;2;1;13;18;2;16;13;10;9;
*08RM!~~~55~~~~41;;;;;;;16.59.04;2;5;5;1;3652;;12;5;8;2;1;13;18;2;16;13;10;9;
*01EQ+KFC;;;;;;;16.59.04;2;5;5;1;3652;;12;5;8;2;1;13;18;2;16;13;10;9;
*02AQ/J4~31~H2;p;r;;;;;16.59.13;2;5;5;1;3655;;12;5;8;2;1;13;18;2;16;13;10;9;
a02BQ#~~~~3~~2;p;;;;;;16.59.13;2;5;5;1;3655;;12;5;8;2;1;13;18;2;16;13;10;9;
ap22:17;;;;;;;16.59.23;2;5;5;1;3659;;12;5;8;2;1;13;18;2;16;13;10;9;
a18SM-~~~58D;;;;;;;16.59.29;2;5;5;1;3676;;12;5;8;2;1;13;18;2;16;13;10;9;
*13RM#~~~58D;;;;;;;16.59.29;2;5;5;1;3676;;12;5;8;2;1;13;18;2;16;13;10;9;
*01ET+K2B;;;;;;;16.59.29;2;5;5;1;3676;;12;5;8;2;1;13;18;2;16;13;10;9;
*05AT-W2~22~H1;;r;;;;;16.59.33;2;5;5;1;3679;;12;5;8;2;1;13;18;2;16;13;10;9;
a02DT+~~~22;;;;;;;16.59.33;2;5;5;1;3679;;12;5;8;2;1;13;18;2;16;13;10;9;
a02AH#G2~21~H2;p;p;;;;;16.59.38;2;5;5;1;3682;;12;5;8;2;1;13;18;2;16;13;10;9;
*01DH=~~~21;p;;;;;;16.59.38;2;5;5;1;3682;;12;5;8;2;1;13;18;2;16;13;10;9;
ap22:18;;;;;;;16.59.40;2;5;5;1;3687;;12;5;8;2;1;13;18;2;16;13;10;9;
a18SM+~~~56;;;;;;;17.00.00;2;5;5;1;3708;;12;5;8;2;1;13;18;2;16;13;10;9;
*13RM-~~~56;;;;;;;17.00.00;2;5;5;1;3708;;12;5;8;2;1;13;18;2;16;13;10;9;
*08EH-~~~~2;;;;;;;17.00.00;2;5;5;1;3708;;12;5;8;2;1;13;18;2;16;13;10;9;
a02AT#W2~25~H;p;p;;;;;17.00.09;2;5;5;1;3711;;12;5;8;2;1;13;18;2;16;13;10;9;
*10DT=~~~25;p;;;;;;17.00.09;2;5;5;1;3711;;12;5;8;2;1;13;18;2;16;13;10;9;
ap22:19;;;;;;;17.00.11;2;5;5;1;3719;;12;5;8;2;1;13;18;2;16;13;10;9;
*T;;;;;;;17.00.11;2;5;5;1;3719;;12;5;8;2;1;13;18;2;16;13;10;9;
a18SM-~~~57;;;;;;;17.01.26;2;5;5;1;3795;;12;5;8;2;1;13;18;2;16;13;10;9;
*08RM+~~~57~O~~41;;;;;;;17.01.26;2;5;5;1;3795;;12;5;8;2;1;13;18;2;16;13;10;9;
*01EQ+KFC;;;;;;;17.01.26;2;5;5;1;3795;;12;5;8;2;1;13;18;2;16;13;10;9;
*02AQ#J4~31~H2S;s;r;;;;;17.01.32;2;5;5;1;3798;;12;5;8;2;1;13;18;2;16;13;10;9;
a02BQ=~~~~3~~2S;s;;;;;;17.01.32;2;5;5;1;3799;;12;5;8;2;1;13;18;2;16;13;10;9;
*p23:19;;;;;;;17.01.35;2;5;5;1;3802;;12;5;8;2;1;13;18;2;16;13;10;9;
*z4;;;;;;;17.01.35;2;4;5;1;3802;;5;8;2;1;13;12;18;2;16;13;10;9;
*c01:07;;;;;;;17.01.35;2;4;5;1;3802;;5;8;2;7;13;12;18;2;16;13;10;9;
*P5;;;;;;;17.01.35;2;4;5;1;3802;;5;8;2;7;13;12;18;2;16;13;10;9;
*z1;;;;;;;17.01.35;2;1;5;1;3802;;5;8;2;7;13;12;18;2;16;13;10;9;
*05SQ=~~~16~~~N;s;;;;;;17.01.59;2;1;5;1;3828;;5;8;2;7;13;12;18;2;16;13;10;9;
a$$&H#;s;;;;;;17.01.59;2;1;5;1;3828;;5;8;2;7;13;12;18;2;16;13;10;9;
ap23:20;;;;;;;17.02.03;2;1;5;1;3833;;5;8;2;7;13;12;18;2;16;13;10;9;
az4;;;;;;;17.02.03;2;1;4;1;3831;;5;8;2;7;13;12;2;16;13;10;9;18;
*c05:09;;;;;;;17.02.03;2;1;4;1;3831;;9;8;2;7;13;12;2;16;13;10;9;18;
*P9;;;;;;;17.02.03;2;1;4;1;3831;;9;8;2;7;13;12;2;16;13;10;9;18;
*z1;;;;;;;17.02.03;2;1;4;1;3831;;9;8;2;7;13;12;2;16;13;10;9;18;
a02SQ+~~~66;;;;;;;17.02.24;2;1;4;1;3851;;9;8;2;7;13;12;2;16;13;10;9;18;
*10RQ-~~~66;;;;;;;17.02.24;2;1;4;1;3851;;9;8;2;7;13;12;2;16;13;10;9;18;
*07AH=G4~47~H2S;p;r;;;;;17.02.31;2;1;4;1;3854;;9;8;2;7;13;12;2;16;13;10;9;18;
a$$&H#;p;;;;;;17.02.31;2;1;4;1;3854;;9;8;2;7;13;12;2;16;13;10;9;18;
ap23:21;;;;;;;17.02.33;2;1;4;1;3860;;9;8;2;7;13;12;2;16;13;10;9;18;
a02SQ+~~~65;;;;;;;17.02.52;2;1;4;1;3879;;9;8;2;7;13;12;2;16;13;10;9;18;
*13RQ-~~~65;;;;;;;17.02.52;2;1;4;1;3879;;9;8;2;7;13;12;2;16;13;10;9;18;
*07AH-G4~46~H2;;r;;;;;17.02.58;2;1;4;1;3882;;9;8;2;7;13;12;2;16;13;10;9;18;
a11DH+~~~46;;;;;;;17.02.58;2;1;4;1;3882;;9;8;2;7;13;12;2;16;13;10;9;18;
a02AH#G9~91~H2;p;p;;;;;17.03.03;2;1;4;1;3885;;9;8;2;7;13;12;2;16;13;10;9;18;
*09DH=~~~91;p;;;;;;17.03.03;2;1;4;1;3885;;9;8;2;7;13;12;2;16;13;10;9;18;
ap23:22;;;;;;;17.03.05;2;1;4;1;3893;;9;8;2;7;13;12;2;16;13;10;9;18;
a02SQ=~~~65~~~O;s;;;;;;17.04.12;2;1;4;1;3960;;9;8;2;7;13;12;2;16;13;10;9;18;
*$$&H#;s;;;;;;17.04.12;2;1;4;1;3960;;9;8;2;7;13;12;2;16;13;10;9;18;
*p24:22;;;;;;;17.04.17;2;1;4;1;3966;;9;8;2;7;13;12;2;16;13;10;9;18;
*z6;;;;;;;17.04.17;2;6;4;1;3965;;8;2;7;13;12;9;2;16;13;10;9;18;
*08SM/~~~16;;;;;;;17.05.06;2;6;4;1;4014;;8;2;7;13;12;9;2;16;13;10;9;18;
a11RM/~~~16;;;;;;;17.05.06;2;6;4;1;4014;;8;2;7;13;12;9;2;16;13;10;9;18;
*13AT/W2~26~H1;s;p;;;;;17.05.15;2;6;4;1;4022;;8;2;7;13;12;9;2;16;13;10;9;18;
a16BT#~~~~4~~1;s;;;;;;17.05.15;2;6;4;1;4022;;8;2;7;13;12;9;2;16;13;10;9;18;
ap24:23;;;;;;;17.05.21;2;6;4;1;4029;;8;2;7;13;12;9;2;16;13;10;9;18;
az3;;;;;;;17.05.21;2;6;3;1;4028;;8;2;7;13;12;9;16;13;10;9;18;2;
ac10:06;;;;;;;17.05.21;2;6;3;1;4028;;8;2;7;13;12;9;16;13;6;9;18;2;
ac02:05;;;;;;;17.05.21;2;6;3;1;4028;;8;2;7;13;12;9;16;13;6;9;18;5;
aP5;;;;;;;17.05.21;2;6;3;1;4028;;8;2;7;13;12;9;16;13;6;9;18;5;
az6;;;;;;;17.05.21;2;6;6;1;4028;;8;2;7;13;12;9;16;13;6;9;18;5;
a16SM-~~~17;;;;;;;17.06.02;2;6;6;1;4067;;8;2;7;13;12;9;16;13;6;9;18;5;
*13RM+~~~17~O~~32;;;;;;;17.06.02;2;6;6;1;4067;;8;2;7;13;12;9;16;13;6;9;18;5;
*09EQ+K2C;;;;;;;17.06.02;2;6;6;1;4069;;8;2;7;13;12;9;16;13;6;9;18;5;
*02AQ#J2~36~H1;s;r;;;;;17.06.05;2;6;6;1;4070;;8;2;7;13;12;9;16;13;6;9;18;5;
a16DQ=~~~36;s;;;;;;17.06.05;2;6;6;1;4070;;8;2;7;13;12;9;16;13;6;9;18;5;
*p25:23;;;;;;;17.06.11;2;6;6;1;4077;;8;2;7;13;12;9;16;13;6;9;18;5;
**2set;;;;;;;17.06.11;3;6;6;1;4079;;;;;;;;;;;;;;
*P01>LUp;;;;;;;17.06.11;3;6;6;1;4079;;1;13;12;5;8;2;9;18;2;16;13;10;
*z1>LUp;;;;;;;17.06.11;3;1;6;1;4079;;1;13;12;5;8;2;9;18;2;16;13;10;
aP10>LUp;;;;;;;17.06.11;3;1;6;1;4079;;1;13;12;5;8;2;9;18;2;16;13;10;
az6>LUp;;;;;;;17.06.11;3;1;6;1;4079;;1;13;12;5;8;2;9;18;2;16;13;10;
*01SQ-~~~56;;;;;;;17.10.04;3;1;6;1;4311;;1;13;12;5;8;2;9;18;2;16;13;10;
a11RQ#~~~56~~~~33;;;;;;;17.10.04;3;1;6;1;4311;;1;13;12;5;8;2;9;18;2;16;13;10;
a10ET+K3F;;;;;;;17.10.04;3;1;6;1;4311;;1;13;12;5;8;2;9;18;2;16;13;10;
a16AT-W4~46~H2;;r;;;;;17.10.08;3;1;6;1;4316;;1;13;12;5;8;2;9;18;2;16;13;10;
*12BT+~~~~2~~2;;;;;;;17.10.08;3;1;6;1;4316;;1;13;12;5;8;2;9;18;2;16;13;10;
a02AO#V2~2~~H;s;s;;;;;17.10.17;3;1;6;1;4325;;1;13;12;5;8;2;9;18;2;16;13;10;
*$$&H=;s;;;;;;17.10.17;3;1;6;1;4325;;1;13;12;5;8;2;9;18;2;16;13;10;
ap00:01;;;;;;;17.10.22;3;1;6;1;4319;;1;13;12;5;8;2;9;18;2;16;13;10;
az5;;;;;;;17.10.22;3;1;5;1;4330;;1;13;12;5;8;2;18;2;16;13;10;9;
a18SM+~~~51C;;;;;;;17.10.30;3;1;5;1;4338;;1;13;12;5;8;2;18;2;16;13;10;9;
*10RM-~~~51C;;;;;;;17.10.30;3;1;5;1;4338;;1;13;12;5;8;2;18;2;16;13;10;9;
*05AH+G4~46~H2;;r;;;;;17.10.36;3;1;5;1;4343;;1;13;12;5;8;2;18;2;16;13;10;9;
a18DH-~~~46;;;;;;;17.10.36;3;1;5;1;4343;;1;13;12;5;8;2;18;2;16;13;10;9;
*08AT+Y8~81~H0;;s;;;;;17.10.44;3;1;5;1;4352;;1;13;12;5;8;2;18;2;16;13;10;9;
a10DT-~~~81;;;;;;;17.10.44;3;1;5;1;4352;;1;13;12;5;8;2;18;2;16;13;10;9;
*13AT#W2~29~H1;s;s;;;;;17.10.54;3;1;5;1;4362;;1;13;12;5;8;2;18;2;16;13;10;9;
a$$&H=;s;;;;;;17.10.54;3;1;5;1;4362;;1;13;12;5;8;2;18;2;16;13;10;9;
*p01:01;;;;;;;17.10.58;3;1;5;1;4366;;1;13;12;5;8;2;18;2;16;13;10;9;
*z6;;;;;;;17.10.58;3;6;5;1;4365;;13;12;5;8;2;1;18;2;16;13;10;9;
*13SQ-~~~51;;;;;;;17.11.11;3;6;5;1;4378;;13;12;5;8;2;1;18;2;16;13;10;9;
a11RQ#~~~51~~~~33;;;;;;;17.11.11;3;6;5;1;4378;;13;12;5;8;2;1;18;2;16;13;10;9;
a10EQ+K2C;;;;;;;17.11.11;3;6;5;1;4378;;13;12;5;8;2;1;18;2;16;13;10;9;
a13AQ+J2~36~H2;;r;;;;;17.11.16;3;6;5;1;4381;;13;12;5;8;2;1;18;2;16;13;10;9;
*12BQ-~~~~3~~2;;;;;;;17.11.16;3;6;5;1;4381;;13;12;5;8;2;1;18;2;16;13;10;9;
*12DH-;;;;;;;17.11.16;3;6;5;1;4381;;13;12;5;8;2;1;18;2;16;13;10;9;
a02AT=W2~22~H2S;p;s;;;;;17.11.22;3;6;5;1;4384;;13;12;5;8;2;1;18;2;16;13;10;9;
*$$&H#;p;;;;;;17.11.22;3;6;5;1;4384;;13;12;5;8;2;1;18;2;16;13;10;9;
*p02:01;;;;;;;17.11.28;3;6;5;1;4392;;13;12;5;8;2;1;18;2;16;13;10;9;
*13SQ!~~~56;;;;;;;17.11.44;3;6;5;1;4412;;13;12;5;8;2;1;18;2;16;13;10;9;
a09RQ!~~~56~~~~33;;;;;;;17.11.44;3;6;5;1;4412;;13;12;5;8;2;1;18;2;16;13;10;9;
a10ET+K2F;;;;;;;17.11.44;3;6;5;1;4412;;13;12;5;8;2;1;18;2;16;13;10;9;
a16AT+W4~46~H2;;r;;;;;17.11.49;3;6;5;1;4415;;13;12;5;8;2;1;18;2;16;13;10;9;
*05BT-~~~~2~~2;;;;;;;17.11.49;3;6;5;1;4415;;13;12;5;8;2;1;18;2;16;13;10;9;
a09DH+;;;;;;;17.11.49;3;6;5;1;4415;;13;12;5;8;2;1;18;2;16;13;10;9;
a16AT-W4~42~T2;;s;;;;;17.11.52;3;6;5;1;4418;;13;12;5;8;2;1;18;2;16;13;10;9;
*01DT+~~~42;;;;;;;17.11.52;3;6;5;1;4418;;13;12;5;8;2;1;18;2;16;13;10;9;
*05AH-G2~26~H3;;p;;;;;17.11.54;3;6;5;1;4421;;13;12;5;8;2;1;18;2;16;13;10;9;
a16BH+~~~~4~~3;;;;;;;17.11.54;3;6;5;1;4421;;13;12;5;8;2;1;18;2;16;13;10;9;
a11DH+;;;;;;;17.11.54;3;6;5;1;4421;;13;12;5;8;2;1;18;2;16;13;10;9;
a16AT/W4~46~H1;p;s;;;;;17.12.01;3;6;5;1;4425;;13;12;5;8;2;1;18;2;16;13;10;9;
*12BT#~~~~2~~1;p;;;;;;17.12.01;3;6;5;1;4425;;13;12;5;8;2;1;18;2;16;13;10;9;
*p03:01;;;;;;;17.12.04;3;6;5;1;4431;;13;12;5;8;2;1;18;2;16;13;10;9;
*13SQ=~~~61~~~N;s;;;;;;17.12.21;3;6;5;1;4448;;13;12;5;8;2;1;18;2;16;13;10;9;
a$$&H#;s;;;;;;17.12.21;3;6;5;1;4448;;13;12;5;8;2;1;18;2;16;13;10;9;
ap03:02;;;;;;;17.12.23;3;6;5;1;4451;;13;12;5;8;2;1;18;2;16;13;10;9;
az4;;;;;;;17.12.23;3;6;4;1;4451;;13;12;5;8;2;1;2;16;13;10;9;18;
a02SQ/~~~68;;;;;;;17.12.41;3;6;4;1;4469;;13;12;5;8;2;1;2;16;13;10;9;18;
*13RQ/~~~68;;;;;;;17.12.41;3;6;4;1;4469;;13;12;5;8;2;1;2;16;13;10;9;18;
a13AQ-J1~35~H2;;p;;;;;17.12.51;3;6;4;1;4479;;13;12;5;8;2;1;2;16;13;10;9;18;
*10DQ+~~~35;;;;;;;17.12.51;3;6;4;1;4479;;13;12;5;8;2;1;2;16;13;10;9;18;
*05AH-G2~24~T2;;s;;;;;17.12.54;3;6;4;1;4482;;13;12;5;8;2;1;2;16;13;10;9;18;
a10DH+~~~24;;;;;;;17.12.54;3;6;4;1;4482;;13;12;5;8;2;1;2;16;13;10;9;18;
a16AH=G4~45~H2S;s;p;;;;;17.12.58;3;6;4;1;4486;;13;12;5;8;2;1;2;16;13;10;9;18;
*$$&H#;s;;;;;;17.12.58;3;6;4;1;4486;;13;12;5;8;2;1;2;16;13;10;9;18;
*p04:02;;;;;;;17.13.02;3;6;4;1;4490;;13;12;5;8;2;1;2;16;13;10;9;18;
*z5;;;;;;;17.13.02;3;5;4;1;4489;;12;5;8;2;1;13;2;16;13;10;9;18;
*12SM-~~~56;;;;;;;17.13.24;3;5;4;1;4511;;12;5;8;2;1;13;2;16;13;10;9;18;
a09RM#~~~56~~~~32;;;;;;;17.13.24;3;5;4;1;4511;;12;5;8;2;1;13;2;16;13;10;9;18;
a10EQ+K1C;;;;;;;17.13.24;3;5;4;1;4513;;12;5;8;2;1;13;2;16;13;10;9;18;
a13AQ=J1~3~~H2N;p;r;;;;;17.13.29;3;5;4;1;4514;;12;5;8;2;1;13;2;16;13;10;9;18;
*$$&H#;p;;;;;;17.13.29;3;5;4;1;4514;;12;5;8;2;1;13;2;16;13;10;9;18;
*p05:02;;;;;;;17.13.33;3;5;4;1;4520;;12;5;8;2;1;13;2;16;13;10;9;18;
*12SM-~~~55;;;;;;;17.13.48;3;5;4;1;4536;;12;5;8;2;1;13;2;16;13;10;9;18;
a16RM+~~~55~~~~32;;;;;;;17.13.48;3;5;4;1;4536;;12;5;8;2;1;13;2;16;13;10;9;18;
a10EQ+K2C;;;;;;;17.13.48;3;5;4;1;4536;;12;5;8;2;1;13;2;16;13;10;9;18;
a13AQ-J2~36~H1;;r;;;;;17.13.53;3;5;4;1;4539;;12;5;8;2;1;13;2;16;13;10;9;18;
*02BQ+~~~~3~~1;;;;;;;17.13.53;3;5;4;1;4539;;12;5;8;2;1;13;2;16;13;10;9;18;
*05DH+;;;;;;;17.13.55;3;5;4;1;4539;;12;5;8;2;1;13;2;16;13;10;9;18;
*08AH#G4~41~H2;p;p;;;;;17.13.57;3;5;4;1;4542;;12;5;8;2;1;13;2;16;13;10;9;18;
a$$&H=;p;;;;;;17.13.57;3;5;4;1;4542;;12;5;8;2;1;13;2;16;13;10;9;18;
*p06:02;;;;;;;17.13.59;3;5;4;1;4548;;12;5;8;2;1;13;2;16;13;10;9;18;
aT;;;;;;;17.13.59;3;5;4;1;4547;;12;5;8;2;1;13;2;16;13;10;9;18;
*12SM-~~~56;;;;;;;17.15.20;3;5;4;1;4628;;12;5;8;2;1;13;2;16;13;10;9;18;
a09RM#~~~56~~~~33;;;;;;;17.15.20;3;5;4;1;4628;;12;5;8;2;1;13;2;16;13;10;9;18;
a10ET+K3B;;;;;;;17.15.20;3;5;4;1;4628;;12;5;8;2;1;13;2;16;13;10;9;18;
a02AT#Y9~91~H2F;s;r;;;;;17.15.20;3;5;4;1;4628;;12;5;8;2;1;13;2;16;13;10;9;18;
*02BT=~~~~4~~2F;s;;;;;;17.15.20;3;5;4;1;4628;;12;5;8;2;1;13;2;16;13;10;9;18;
ap06:03;;;;;;;17.15.30;3;5;4;1;4635;;12;5;8;2;1;13;2;16;13;10;9;18;
az3;;;;;;;17.15.30;3;5;3;1;4638;;12;5;8;2;1;13;16;13;10;9;18;2;
a16SQ!~~~66B;;;;;;;17.15.52;3;5;3;1;4660;;12;5;8;2;1;13;16;13;10;9;18;2;
*13RQ!~~~66BW~~32;;;;;;;17.15.52;3;5;3;1;4660;;12;5;8;2;1;13;16;13;10;9;18;2;
*08AT#W4~41~H2;s;r;;;;;17.15.52;3;5;3;1;4660;;12;5;8;2;1;13;16;13;10;9;18;2;
a02DT=~~~41;s;;;;;;17.15.52;3;5;3;1;4660;;12;5;8;2;1;13;16;13;10;9;18;2;
*p07:03;;;;;;;17.16.03;3;5;3;1;4670;;12;5;8;2;1;13;16;13;10;9;18;2;
*z4;;;;;;;17.16.03;3;4;3;1;4671;;5;8;2;1;13;12;16;13;10;9;18;2;
*05SQ+~~~16;;;;;;;17.16.21;3;4;3;1;4688;;5;8;2;1;13;12;16;13;10;9;18;2;
a11RQ-~~~16;;;;;;;17.16.21;3;4;3;1;4688;;5;8;2;1;13;12;16;13;10;9;18;2;
a02AH/G9~91~H2;p;r;;;;;17.16.27;3;4;3;1;4691;;5;8;2;1;13;12;16;13;10;9;18;2;
*02BH#~~~~4~~2;p;;;;;;17.16.27;3;4;3;1;4691;;5;8;2;1;13;12;16;13;10;9;18;2;
*p08:03;;;;;;;17.16.29;3;4;3;1;4697;;5;8;2;1;13;12;16;13;10;9;18;2;
*05SQ+~~~11;;;;;;;17.16.51;3;4;3;1;4718;;5;8;2;1;13;12;16;13;10;9;18;2;
a16RQ-~~~11;;;;;;;17.16.51;3;4;3;1;4718;;5;8;2;1;13;12;16;13;10;9;18;2;
a09AH-G4~46~H2;;r;;;;;17.16.57;3;4;3;1;4721;;5;8;2;1;13;12;16;13;10;9;18;2;
*01BH+~~~~2~~2;;;;;;;17.16.57;3;4;3;1;4721;;5;8;2;1;13;12;16;13;10;9;18;2;
*13DH+~~~46;;;;;;;17.16.57;3;4;3;1;4721;;5;8;2;1;13;12;16;13;10;9;18;2;
*08AT-W4~48~T2;;p;;;;;17.16.59;3;4;3;1;4724;;5;8;2;1;13;12;16;13;10;9;18;2;
a11DT+~~~48;;;;;;;17.16.59;3;4;3;1;4724;;5;8;2;1;13;12;16;13;10;9;18;2;
a09AH/G4~45~H2;p;s;;;;;17.17.03;3;4;3;1;4727;;5;8;2;1;13;12;16;13;10;9;18;2;
*02BH#~~~~2~~2;p;;;;;;17.17.03;3;4;3;1;4727;;5;8;2;1;13;12;16;13;10;9;18;2;
*p09:03;;;;;;;17.17.07;3;4;3;1;4734;;5;8;2;1;13;12;16;13;10;9;18;2;
*05SQ#~~~11;p;;;;;;17.17.42;3;4;3;1;4770;;5;8;2;1;13;12;16;13;10;9;18;2;
a16RQ=~~~11~M;p;;;;;;17.17.42;3;4;3;1;4770;;5;8;2;1;13;12;16;13;10;9;18;2;
*p10:03;;;;;;;17.17.48;3;4;3;1;4776;;5;8;2;1;13;12;16;13;10;9;18;2;
*05SQ=~~~16~~~O;s;;;;;;17.18.11;3;4;3;1;4799;;5;8;2;1;13;12;16;13;10;9;18;2;
a$$&H#;s;;;;;;17.18.11;3;4;3;1;4799;;5;8;2;1;13;12;16;13;10;9;18;2;
ap10:04;;;;;;;17.18.22;3;4;3;1;4802;;5;8;2;1;13;12;16;13;10;9;18;2;
az2;;;;;;;17.18.22;3;4;2;1;4810;;5;8;2;1;13;12;13;10;9;18;2;16;
a13SM!~~~55;;;;;;;17.18.33;3;4;2;1;4819;;5;8;2;1;13;12;13;10;9;18;2;16;
*08RM!~~~55~~~~32;;;;;;;17.18.33;3;4;2;1;4820;;5;8;2;1;13;12;13;10;9;18;2;16;
*01ET+K8B;;;;;;;17.18.33;3;4;2;1;4820;;5;8;2;1;13;12;13;10;9;18;2;16;
*05AT#Y9~99~H0;s;r;;;;;17.18.41;3;4;2;1;4827;;5;8;2;1;13;12;13;10;9;18;2;16;
a$$&H=;s;;;;;;17.18.41;3;4;2;1;4827;;5;8;2;1;13;12;13;10;9;18;2;16;
*p11:04;;;;;;;17.18.43;3;4;2;1;4828;;5;8;2;1;13;12;13;10;9;18;2;16;
*z3;;;;;;;17.18.43;3;3;2;1;4831;;8;2;1;13;12;5;13;10;9;18;2;16;
*08SQ!~~~16;;;;;;;17.19.40;3;3;2;1;4888;;8;2;1;13;12;5;13;10;9;18;2;16;
a16RQ!~~~16~~~~33;;;;;;;17.19.40;3;3;2;1;4888;;8;2;1;13;12;5;13;10;9;18;2;16;
a10ET+K1F;;;;;;;17.19.40;3;3;2;1;4888;;8;2;1;13;12;5;13;10;9;18;2;16;
a09AT-W4~41~H2;;r;;;;;17.19.46;3;3;2;1;4894;;8;2;1;13;12;5;13;10;9;18;2;16;
*01BT+~~~~2~~2;;;;;;;17.19.46;3;3;2;1;4894;;8;2;1;13;12;5;13;10;9;18;2;16;
*05DH+;;;;;;;17.19.48;3;3;2;1;4895;;8;2;1;13;12;5;13;10;9;18;2;16;
*13AT-W4~44~H2;;p;;;;;17.19.49;3;3;2;1;4897;;8;2;1;13;12;5;13;10;9;18;2;16;
a09DT+~~~44;;;;;;;17.19.49;3;3;2;1;4897;;8;2;1;13;12;5;13;10;9;18;2;16;
a09AT#W4~46~H2;s;s;;;;;17.19.58;3;3;2;1;4906;;8;2;1;13;12;5;13;10;9;18;2;16;
*08DT=~~~46;s;;;;;;17.19.58;3;3;2;1;4906;;8;2;1;13;12;5;13;10;9;18;2;16;
ap11:05;;;;;;;17.20.02;3;3;2;1;4907;;8;2;1;13;12;5;13;10;9;18;2;16;
az1;;;;;;;17.20.03;3;3;1;1;4910;;8;2;1;13;12;5;10;9;18;2;16;13;
a10SM-~~~19D;;;;;;;17.20.42;3;3;1;1;4949;;8;2;1;13;12;5;10;9;18;2;16;13;
*08RM+~~~19D~~~32;;;;;;;17.20.42;3;3;1;1;4949;;8;2;1;13;12;5;10;9;18;2;16;13;
*01EQ+K2C;;;;;;;17.20.42;3;3;1;1;4951;;8;2;1;13;12;5;10;9;18;2;16;13;
*02AQ=J2~39~H1S;p;r;;;;;17.20.48;3;3;1;1;4952;;8;2;1;13;12;5;10;9;18;2;16;13;
a$$&H#;p;;;;;;17.20.48;3;3;1;1;4952;;8;2;1;13;12;5;10;9;18;2;16;13;
ap11:06;;;;;;;17.20.52;3;3;1;1;4958;;8;2;1;13;12;5;10;9;18;2;16;13;
a10SM-~~~16;;;;;;;17.21.02;3;3;1;1;4967;;8;2;1;13;12;5;10;9;18;2;16;13;
*08RM#~~~16;;;;;;;17.21.02;3;3;1;1;4967;;8;2;1;13;12;5;10;9;18;2;16;13;
*01EQ+K2C;;;;;;;17.21.02;3;3;1;1;4968;;8;2;1;13;12;5;10;9;18;2;16;13;
*02AQ#J2~31~H1;s;r;;;;;17.21.05;3;3;1;1;4970;;8;2;1;13;12;5;10;9;18;2;16;13;
a$$&H=;s;;;;;;17.21.05;3;3;1;1;4970;;8;2;1;13;12;5;10;9;18;2;16;13;
*p12:06;;;;;;;17.21.07;3;3;1;1;4973;;8;2;1;13;12;5;10;9;18;2;16;13;
*z2;;;;;;;17.21.07;3;2;1;1;4974;;2;1;13;12;5;8;10;9;18;2;16;13;
*02SQ#~~~15;p;;;;;;17.21.24;3;2;1;1;4992;;2;1;13;12;5;8;10;9;18;2;16;13;
a16RQ=~~~15~L;p;;;;;;17.21.24;3;2;1;1;4992;;2;1;13;12;5;8;10;9;18;2;16;13;
*p13:06;;;;;;;17.21.30;3;2;1;1;4998;;2;1;13;12;5;8;10;9;18;2;16;13;
*02SQ=~~~15~~~N;s;;;;;;17.21.45;3;2;1;1;5013;;2;1;13;12;5;8;10;9;18;2;16;13;
a$$&H#;s;;;;;;17.21.45;3;2;1;1;5013;;2;1;13;12;5;8;10;9;18;2;16;13;
ap13:07;;;;;;;17.21.49;3;2;1;1;5018;;2;1;13;12;5;8;10;9;18;2;16;13;
az6;;;;;;;17.21.49;3;2;6;1;5017;;2;1;13;12;5;8;9;18;2;16;13;10;
a09SQ+~~~66;;;;;;;17.22.07;3;2;6;1;5035;;2;1;13;12;5;8;9;18;2;16;13;10;
*08RQ-~~~66;;;;;;;17.22.07;3;2;6;1;5035;;2;1;13;12;5;8;9;18;2;16;13;10;
*05AH#G9~91~H1;s;r;;;;;17.22.13;3;2;6;1;5041;;2;1;13;12;5;8;9;18;2;16;13;10;
a10DH=~~~91;s;;;;;;17.22.13;3;2;6;1;5041;;2;1;13;12;5;8;9;18;2;16;13;10;
*p14:07;;;;;;;17.22.16;3;2;6;1;5045;;2;1;13;12;5;8;9;18;2;16;13;10;
*z1;;;;;;;17.22.16;3;1;6;1;5044;;1;13;12;5;8;2;9;18;2;16;13;10;
*01SQ+~~~56;;;;;;;17.22.53;3;1;6;1;5082;;1;13;12;5;8;2;9;18;2;16;13;10;
a11RQ-~~~56;;;;;;;17.22.53;3;1;6;1;5082;;1;13;12;5;8;2;9;18;2;16;13;10;
a16AH-G4~45~H2;;r;;;;;17.23.00;3;1;6;1;5085;;1;13;12;5;8;2;9;18;2;16;13;10;
*10DH+~~~45;;;;;;;17.23.00;3;1;6;1;5085;;1;13;12;5;8;2;9;18;2;16;13;10;
*13AT#W4~42~H2S;p;p;;;;;17.23.02;3;1;6;1;5088;;1;13;12;5;8;2;9;18;2;16;13;10;
a02BT=~~~~2~~2S;p;;;;;;17.23.02;3;1;6;1;5088;;1;13;12;5;8;2;9;18;2;16;13;10;
*p15:07;;;;;;;17.23.12;3;1;6;1;5094;;1;13;12;5;8;2;9;18;2;16;13;10;
*01SM!~~~51;;;;;;;17.24.50;3;1;6;1;5198;;1;13;12;5;8;2;9;18;2;16;13;10;
a09RM!~~~51~~~~22;;;;;;;17.24.50;3;1;6;1;5198;;1;13;12;5;8;2;9;18;2;16;13;10;
a10ET+KBB;;;;;;;17.24.50;3;1;6;1;5198;;1;13;12;5;8;2;9;18;2;16;13;10;
a02AT#W2~21~H2F;s;r;;;;;17.24.56;3;1;6;1;5201;;1;13;12;5;8;2;9;18;2;16;13;10;
*12BT=~~~~4~~2F;s;;;;;;17.24.56;3;1;6;1;5201;;1;13;12;5;8;2;9;18;2;16;13;10;
ap15:08;;;;;;;17.24.59;3;1;6;1;5205;;1;13;12;5;8;2;9;18;2;16;13;10;
az5;;;;;;;17.24.59;3;1;5;1;5206;;1;13;12;5;8;2;18;2;16;13;10;9;
a18SM!~~~51;;;;;;;17.25.18;3;1;5;1;5226;;1;13;12;5;8;2;18;2;16;13;10;9;
*13RM!~~~51~~~~21;;;;;;;17.25.18;3;1;5;1;5226;;1;13;12;5;8;2;18;2;16;13;10;9;
*01EQ+KBC;;;;;;;17.25.18;3;1;5;1;5226;;1;13;12;5;8;2;18;2;16;13;10;9;
*12AQ#J1~35~H1;s;r;;;;;17.25.22;3;1;5;1;5229;;1;13;12;5;8;2;18;2;16;13;10;9;
a18DQ=~~~35;s;;;;;;17.25.22;3;1;5;1;5229;;1;13;12;5;8;2;18;2;16;13;10;9;
*p16:08;;;;;;;17.25.25;3;1;5;1;5232;;1;13;12;5;8;2;18;2;16;13;10;9;
*z6;;;;;;;17.25.25;3;6;5;1;5233;;13;12;5;8;2;1;18;2;16;13;10;9;
*13SQ=~~~56~~~O;s;;;;;;17.25.40;3;6;5;1;5248;;13;12;5;8;2;1;18;2;16;13;10;9;
a$$&H#;s;;;;;;17.25.40;3;6;5;1;5248;;13;12;5;8;2;1;18;2;16;13;10;9;
ap16:09;;;;;;;17.25.44;3;6;5;1;5253;;13;12;5;8;2;1;18;2;16;13;10;9;
az4;;;;;;;17.25.44;3;6;4;1;5252;;13;12;5;8;2;1;2;16;13;10;9;18;
ac02:05;;;;;;;17.25.44;3;6;4;1;5252;;13;12;5;8;2;1;5;16;13;10;9;18;
ac10:06;;;;;;;17.25.44;3;6;4;1;5252;;13;12;5;8;2;1;5;16;13;6;9;18;
aP5;;;;;;;17.25.44;3;6;4;1;5252;;13;12;5;8;2;1;5;16;13;6;9;18;
az1;;;;;;;17.25.44;3;6;1;1;5252;;13;12;5;8;2;1;5;16;13;6;9;18;
a05SM/~~~15;;;;;;;17.26.12;3;6;1;1;5279;;13;12;5;8;2;1;5;16;13;6;9;18;
*08RM/~~~15~O;;;;;;;17.26.12;3;6;1;1;5279;;13;12;5;8;2;1;5;16;13;6;9;18;
a13AO#V3~3~~H;p;p;;;;;17.26.20;3;6;1;1;5281;;13;12;5;8;2;1;5;16;13;6;9;18;
*$$&H=;p;;;;;;17.26.20;3;6;1;1;5281;;13;12;5;8;2;1;5;16;13;6;9;18;
ap16:10;;;;;;;17.26.21;3;6;1;1;5287;;13;12;5;8;2;1;5;16;13;6;9;18;
a05SM-~~~15;;;;;;;17.26.33;3;6;1;1;5301;;13;12;5;8;2;1;5;16;13;6;9;18;
*08RM#~~~15;;;;;;;17.26.33;3;6;1;1;5301;;13;12;5;8;2;1;5;16;13;6;9;18;
*01ET+K1P;;;;;;;17.26.33;3;6;1;1;5301;;13;12;5;8;2;1;5;16;13;6;9;18;
*13AT+Y8~81~H2;;r;;;;;17.26.39;3;6;1;1;5307;;13;12;5;8;2;1;5;16;13;6;9;18;
a06BT-~~~~3~~2;;;;;;;17.26.39;3;6;1;1;5307;;13;12;5;8;2;1;5;16;13;6;9;18;
*13DH+;;;;;;;17.26.39;3;6;1;1;5307;;13;12;5;8;2;1;5;16;13;6;9;18;
*08AH+G4~43~T2;;s;;;;;17.26.42;3;6;1;1;5310;;13;12;5;8;2;1;5;16;13;6;9;18;
a13BH-~~~~2~~2;;;;;;;17.26.42;3;6;1;1;5310;;13;12;5;8;2;1;5;16;13;6;9;18;
*12DH+;;;;;;;17.26.42;3;6;1;1;5310;;13;12;5;8;2;1;5;16;13;6;9;18;
*05AH+G2~26~H2;;s;;;;;17.26.46;3;6;1;1;5314;;13;12;5;8;2;1;5;16;13;6;9;18;
a13BH-~~~~4~~2;;;;;;;17.26.46;3;6;1;1;5314;;13;12;5;8;2;1;5;16;13;6;9;18;
*13DH+;;;;;;;17.26.46;3;6;1;1;5314;;13;12;5;8;2;1;5;16;13;6;9;18;
*05AH#G2~25~H2S;s;s;;;;;17.26.49;3;6;1;1;5317;;13;12;5;8;2;1;5;16;13;6;9;18;
a16BH=~~~~4~~2S;s;;;;;;17.26.49;3;6;1;1;5317;;13;12;5;8;2;1;5;16;13;6;9;18;
*p17:10;;;;;;;17.26.52;3;6;1;1;5321;;13;12;5;8;2;1;5;16;13;6;9;18;
*z5;;;;;;;17.26.52;3;5;1;1;5320;;12;5;8;2;1;13;5;16;13;6;9;18;
*12SM!~~~61;;;;;;;17.27.13;3;5;1;1;5341;;12;5;8;2;1;13;5;16;13;6;9;18;
a16RM!~~~61~~~~22;;;;;;;17.27.13;3;5;1;1;5341;;12;5;8;2;1;13;5;16;13;6;9;18;
a05ET+KBF;;;;;;;17.27.13;3;5;1;1;5341;;12;5;8;2;1;13;5;16;13;6;9;18;
a06AT-W4~46~H2;;r;;;;;17.27.19;3;5;1;1;5344;;12;5;8;2;1;13;5;16;13;6;9;18;
*12DT+~~~46;;;;;;;17.27.19;3;5;1;1;5344;;12;5;8;2;1;13;5;16;13;6;9;18;
*08AH#G4~41~H3O;p;p;;;;;17.27.24;3;5;1;1;5347;;12;5;8;2;1;13;5;16;13;6;9;18;
a16BH=~~~~2~~3O;p;;;;;;17.27.24;3;5;1;1;5347;;12;5;8;2;1;13;5;16;13;6;9;18;
*p18:10;;;;;;;17.27.28;3;5;1;1;5353;;12;5;8;2;1;13;5;16;13;6;9;18;
*12SM-~~~66;;;;;;;17.27.45;3;5;1;1;5374;;12;5;8;2;1;13;5;16;13;6;9;18;
a11RM+~~~66~~~~32;;;;;;;17.27.45;3;5;1;1;5374;;12;5;8;2;1;13;5;16;13;6;9;18;
a05EQ+K1C;;;;;;;17.27.45;3;5;1;1;5374;;12;5;8;2;1;13;5;16;13;6;9;18;
a13AQ-J1~36~H2;;r;;;;;17.27.51;3;5;1;1;5377;;12;5;8;2;1;13;5;16;13;6;9;18;
*13DQ+~~~36;;;;;;;17.27.51;3;5;1;1;5377;;12;5;8;2;1;13;5;16;13;6;9;18;
*05AH#G2~26~H2O;p;p;;;;;17.27.55;3;5;1;1;5380;;12;5;8;2;1;13;5;16;13;6;9;18;
a13BH=~~~~4~~2O;p;;;;;;17.27.55;3;5;1;1;5380;;12;5;8;2;1;13;5;16;13;6;9;18;
*p19:10;;;;;;;17.27.57;3;5;1;1;5384;;12;5;8;2;1;13;5;16;13;6;9;18;
aT;;;;;;;17.27.57;3;5;1;1;5385;;12;5;8;2;1;13;5;16;13;6;9;18;
*12SM-~~~61;;;;;;;17.29.17;3;5;1;1;5465;;12;5;8;2;1;13;5;16;13;6;9;18;
a11RM#~~~61~~~~32;;;;;;;17.29.17;3;5;1;1;5465;;12;5;8;2;1;13;5;16;13;6;9;18;
a05EQ+K1C;;;;;;;17.29.17;3;5;1;1;5465;;12;5;8;2;1;13;5;16;13;6;9;18;
a13AQ#J4~31~H1;s;r;;;;;17.29.22;3;5;1;1;5470;;12;5;8;2;1;13;5;16;13;6;9;18;
*$$&H=;s;;;;;;17.29.22;3;5;1;1;5470;;12;5;8;2;1;13;5;16;13;6;9;18;
ap19:11;;;;;;;17.29.25;3;5;1;1;5474;;12;5;8;2;1;13;5;16;13;6;9;18;
az6;;;;;;;17.29.25;3;5;6;1;5473;;12;5;8;2;1;13;16;13;6;9;18;5;
*c13:03;;;;;;;17.29.25;3;5;6;1;5473;;12;5;8;2;1;3;16;13;6;9;18;5;
a16SQ+~~~66;;;;;;;17.29.58;3;5;6;1;5505;;12;5;8;2;1;3;16;13;6;9;18;5;
*03RQ-~~~66;;;;;;;17.29.58;3;5;6;1;5505;;12;5;8;2;1;3;16;13;6;9;18;5;
*05AH#G2~26~H1;s;r;;;;;17.30.02;3;5;6;1;5508;;12;5;8;2;1;3;16;13;6;9;18;5;
a16DH=~~~26;s;;;;;;17.30.02;3;5;6;1;5508;;12;5;8;2;1;3;16;13;6;9;18;5;
*p20:11;;;;;;;17.30.07;3;5;6;1;5514;;12;5;8;2;1;3;16;13;6;9;18;5;
*z4;;;;;;;17.30.07;3;4;6;1;5515;;5;8;2;1;3;12;16;13;6;9;18;5;
*c01:06;;;;;;;17.30.07;3;4;6;1;5515;;5;8;2;6;3;12;16;13;6;9;18;5;
*P5;;;;;;;17.30.07;3;4;6;1;5515;;5;8;2;6;3;12;16;13;6;9;18;5;
*z1;;;;;;;17.30.07;3;1;6;1;5515;;5;8;2;6;3;12;16;13;6;9;18;5;
*05SQ-~~~16;;;;;;;17.30.34;3;1;6;1;5542;;5;8;2;6;3;12;16;13;6;9;18;5;
a11RQ+~~~16~~~~21;;;;;;;17.30.34;3;1;6;1;5542;;5;8;2;6;3;12;16;13;6;9;18;5;
a05ET+KBF;;;;;;;17.30.34;3;1;6;1;5542;;5;8;2;6;3;12;16;13;6;9;18;5;
a09AT=W4~41~H2S;p;r;;;;;17.30.40;3;1;6;1;5545;;5;8;2;6;3;12;16;13;6;9;18;5;
*$$&H#;p;;;;;;17.30.40;3;1;6;1;5545;;5;8;2;6;3;12;16;13;6;9;18;5;
*p21:11;;;;;;;17.30.43;3;1;6;1;5549;;5;8;2;6;3;12;16;13;6;9;18;5;
ac09:07;;;;;;;17.30.43;3;1;6;1;5551;;5;8;2;6;3;12;16;13;6;7;18;5;
*05SQ-~~~16;;;;;;;17.31.07;3;1;6;1;5576;;5;8;2;6;3;12;16;13;6;7;18;5;
a11RQ#~~~16~~~~33;;;;;;;17.31.07;3;1;6;1;5576;;5;8;2;6;3;12;16;13;6;7;18;5;
a05ET+K1P;;;;;;;17.31.07;3;1;6;1;5576;;5;8;2;6;3;12;16;13;6;7;18;5;
a16AT=Y8~8~~H1Z;p;r;;;;;17.31.14;3;1;6;1;5579;;5;8;2;6;3;12;16;13;6;7;18;5;
*$$&H#;p;;;;;;17.31.14;3;1;6;1;5579;;5;8;2;6;3;12;16;13;6;7;18;5;
*p22:11;;;;;;;17.31.16;3;1;6;1;5583;;5;8;2;6;3;12;16;13;6;7;18;5;
*05SQ=~~~16~~~O;s;;;;;;17.31.38;3;1;6;1;5606;;5;8;2;6;3;12;16;13;6;7;18;5;
a$$&H#;s;;;;;;17.31.38;3;1;6;1;5606;;5;8;2;6;3;12;16;13;6;7;18;5;
ap22:12;;;;;;;17.31.43;3;1;6;1;5612;;5;8;2;6;3;12;16;13;6;7;18;5;
az5;;;;;;;17.31.43;3;1;5;1;5611;;5;8;2;6;3;12;13;6;7;18;5;16;
*c05:09;;;;;;;17.31.43;3;1;5;1;5611;;9;8;2;6;3;12;13;6;7;18;5;16;
*P9;;;;;;;17.31.43;3;1;5;1;5611;;9;8;2;6;3;12;13;6;7;18;5;16;
*z1;;;;;;;17.31.43;3;1;5;1;5611;;9;8;2;6;3;12;13;6;7;18;5;16;
a13SM/~~~56;;;;;;;17.32.04;3;1;5;1;5631;;9;8;2;6;3;12;13;6;7;18;5;16;
*03RM/~~~56;;;;;;;17.32.04;3;1;5;1;5631;;9;8;2;6;3;12;13;6;7;18;5;16;
a06AT/W2~21~H1;s;p;;;;;17.32.11;3;1;5;1;5638;;9;8;2;6;3;12;13;6;7;18;5;16;
*06BT#~~~~4~~1;s;;;;;;17.32.11;3;1;5;1;5638;;9;8;2;6;3;12;13;6;7;18;5;16;
*p23:12;;;;;;;17.32.13;3;1;5;1;5640;;9;8;2;6;3;12;13;6;7;18;5;16;
*z6;;;;;;;17.32.13;3;6;5;1;5641;;8;2;6;3;12;9;13;6;7;18;5;16;
*08SQ!~~~16;;;;;;;17.32.35;3;6;5;1;5663;;8;2;6;3;12;9;13;6;7;18;5;16;
a16RQ!~~~16~~~~22;;;;;;;17.32.35;3;6;5;1;5663;;8;2;6;3;12;9;13;6;7;18;5;16;
a05ET+KBF;;;;;;;17.32.35;3;6;5;1;5663;;8;2;6;3;12;9;13;6;7;18;5;16;
a07AT+W4~45~H2;;r;;;;;17.32.41;3;6;5;1;5669;;8;2;6;3;12;9;13;6;7;18;5;16;
*02BT-~~~~2~~2;;;;;;;17.32.41;3;6;5;1;5669;;8;2;6;3;12;9;13;6;7;18;5;16;
a05DH+;;;;;;;17.32.41;3;6;5;1;5669;;8;2;6;3;12;9;13;6;7;18;5;16;
a06AH-G2~26~H2;;s;;;;;17.32.46;3;6;5;1;5673;;8;2;6;3;12;9;13;6;7;18;5;16;
*02BH+~~~~4~~2;;;;;;;17.32.46;3;6;5;1;5673;;8;2;6;3;12;9;13;6;7;18;5;16;
*08DH+;;;;;;;17.32.47;3;6;5;1;5675;;8;2;6;3;12;9;13;6;7;18;5;16;
*03AH-G4~45~H2;;p;;;;;17.32.50;3;6;5;1;5677;;8;2;6;3;12;9;13;6;7;18;5;16;
a11DH+~~~45;;;;;;;17.32.50;3;6;5;1;5677;;8;2;6;3;12;9;13;6;7;18;5;16;
a05EH-~~~~8;;;;;;;17.32.55;3;6;5;1;5682;;8;2;6;3;12;9;13;6;7;18;5;16;
*06AH=G2~2~~H2N;s;p;;;;;17.32.57;3;6;5;1;5684;;8;2;6;3;12;9;13;6;7;18;5;16;
a$$&H#;s;;;;;;17.32.57;3;6;5;1;5684;;8;2;6;3;12;9;13;6;7;18;5;16;
ap23:13;;;;;;;17.33.00;3;6;5;1;5689;;8;2;6;3;12;9;13;6;7;18;5;16;
az4;;;;;;;17.33.00;3;6;4;1;5688;;8;2;6;3;12;9;6;7;18;5;16;13;
ac06:10;;;;;;;17.33.00;3;6;4;1;5688;;8;2;6;3;12;9;10;7;18;5;16;13;
ac05:02;;;;;;;17.33.00;3;6;4;1;5688;;8;2;6;3;12;9;10;7;18;2;16;13;
aP10;;;;;;;17.33.00;3;6;4;1;5688;;8;2;6;3;12;9;10;7;18;2;16;13;
az1;;;;;;;17.33.00;3;6;1;1;5688;;8;2;6;3;12;9;10;7;18;2;16;13;
a10SM-~~~17;;;;;;;17.33.30;3;6;1;1;5719;;8;2;6;3;12;9;10;7;18;2;16;13;
*03RM+~~~17~~~~32;;;;;;;17.33.30;3;6;1;1;5719;;8;2;6;3;12;9;10;7;18;2;16;13;
*09EQ+K1C;;;;;;;17.33.30;3;6;1;1;5719;;8;2;6;3;12;9;10;7;18;2;16;13;
*02AQ#J4~35~H2;s;r;;;;;17.33.36;3;6;1;1;5724;;8;2;6;3;12;9;10;7;18;2;16;13;
a11DQ=~~~35;s;;;;;;17.33.36;3;6;1;1;5724;;8;2;6;3;12;9;10;7;18;2;16;13;
*p24:13;;;;;;;17.33.38;3;6;1;1;5727;;8;2;6;3;12;9;10;7;18;2;16;13;
*z5;;;;;;;17.33.38;3;5;1;1;5726;;2;6;3;12;9;8;10;7;18;2;16;13;
*02SQ=~~~11~~~O;s;;;;;;17.33.57;3;5;1;1;5744;;2;6;3;12;9;8;10;7;18;2;16;13;
a$$&H#;s;;;;;;17.33.57;3;5;1;1;5744;;2;6;3;12;9;8;10;7;18;2;16;13;
ap24:14;;;;;;;17.34.01;3;5;1;1;5749;;2;6;3;12;9;8;10;7;18;2;16;13;
az6;;;;;;;17.34.01;3;5;6;1;5748;;2;6;3;12;9;8;7;18;2;16;13;10;
a07SM=~~~16~~~O;s;;;;;;17.34.12;3;5;6;1;5760;;2;6;3;12;9;8;7;18;2;16;13;10;
*$$&H#;s;;;;;;17.34.12;3;5;6;1;5760;;2;6;3;12;9;8;7;18;2;16;13;10;
*p25:14;;;;;;;17.34.16;3;5;6;1;5764;;2;6;3;12;9;8;7;18;2;16;13;10;
**3set;;;;;;;17.34.16;4;5;6;1;5764;;;;;;;;;;;;;;
*P01>LUp;;;;;;;17.34.16;4;5;6;1;5764;;13;12;5;8;2;1;16;13;10;9;18;2;
*z6>LUp;;;;;;;17.34.16;4;6;6;1;5764;;13;12;5;8;2;1;16;13;10;9;18;2;
aP10>LUp;;;;;;;17.34.16;4;6;6;1;5764;;13;12;5;8;2;1;16;13;10;9;18;2;
az3>LUp;;;;;;;17.34.16;4;6;3;1;5764;;13;12;5;8;2;1;16;13;10;9;18;2;
a16SQ!~~~66;;;;;;;17.38.49;4;6;3;1;6036;;13;12;5;8;2;1;16;13;10;9;18;2;
*10RQ!~~~66~~~~21;;;;;;;17.38.49;4;6;3;1;6036;;13;12;5;8;2;1;16;13;10;9;18;2;
*01ET+KBB;;;;;;;17.38.49;4;6;3;1;6036;;13;12;5;8;2;1;16;13;10;9;18;2;
*05AT-W2~21~H2;;r;;;;;17.38.54;4;6;3;1;6039;;13;12;5;8;2;1;16;13;10;9;18;2;
a13BT+~~~~4~~2;;;;;;;17.38.54;4;6;3;1;6039;;13;12;5;8;2;1;16;13;10;9;18;2;
a11DH+;;;;;;;17.38.54;4;6;3;1;6039;;13;12;5;8;2;1;16;13;10;9;18;2;
a13AQ-J2~36~H1;;p;;;;;17.38.58;4;6;3;1;6042;;13;12;5;8;2;1;16;13;10;9;18;2;
*13DQ+~~~36;;;;;;;17.38.58;4;6;3;1;6042;;13;12;5;8;2;1;16;13;10;9;18;2;
*08AH=G4~46~H2O;p;s;;;;;17.39.03;4;6;3;1;6045;;13;12;5;8;2;1;16;13;10;9;18;2;
a$$&H#;p;;;;;;17.39.03;4;6;3;1;6045;;13;12;5;8;2;1;16;13;10;9;18;2;
ap00:01;;;;;;;17.39.06;4;6;3;1;6051;;13;12;5;8;2;1;16;13;10;9;18;2;
a16SQ-~~~61;;;;;;;17.39.29;4;6;3;1;6077;;13;12;5;8;2;1;16;13;10;9;18;2;
*13RQ+~~~61~~~~41;;;;;;;17.39.29;4;6;3;1;6077;;13;12;5;8;2;1;16;13;10;9;18;2;
*01EQ+KFC;;;;;;;17.39.29;4;6;3;1;6079;;13;12;5;8;2;1;16;13;10;9;18;2;
*12AQ=J4~31~H1S;p;r;;;;;17.39.35;4;6;3;1;6080;;13;12;5;8;2;1;16;13;10;9;18;2;
a$$&H#;p;;;;;;17.39.35;4;6;3;1;6080;;13;12;5;8;2;1;16;13;10;9;18;2;
ap00:02;;;;;;;17.39.38;4;6;3;1;6083;;13;12;5;8;2;1;16;13;10;9;18;2;
a16SQ-~~~66;;;;;;;17.39.56;4;6;3;1;6103;;13;12;5;8;2;1;16;13;10;9;18;2;
*10RQ+~~~66~~~~32;;;;;;;17.39.56;4;6;3;1;6103;;13;12;5;8;2;1;16;13;10;9;18;2;
*01ET+K1B;;;;;;;17.39.56;4;6;3;1;6103;;13;12;5;8;2;1;16;13;10;9;18;2;
*05AT#W2~26~H2O;s;r;;;;;17.40.02;4;6;3;1;6109;;13;12;5;8;2;1;16;13;10;9;18;2;
a13BT=~~~~4~~2O;s;;;;;;17.40.02;4;6;3;1;6109;;13;12;5;8;2;1;16;13;10;9;18;2;
*p01:02;;;;;;;17.40.05;4;6;3;1;6113;;13;12;5;8;2;1;16;13;10;9;18;2;
*z5;;;;;;;17.40.05;4;5;3;1;6112;;12;5;8;2;1;13;16;13;10;9;18;2;
*12SM+~~~51;;;;;;;17.40.24;4;5;3;1;6132;;12;5;8;2;1;13;16;13;10;9;18;2;
a16RM-~~~51;;;;;;;17.40.24;4;5;3;1;6132;;12;5;8;2;1;13;16;13;10;9;18;2;
a09AH-G4~46~H2;;r;;;;;17.40.31;4;5;3;1;6138;;12;5;8;2;1;13;16;13;10;9;18;2;
*13DH+~~~46;;;;;;;17.40.31;4;5;3;1;6139;;12;5;8;2;1;13;16;13;10;9;18;2;
*08AT-W4~47~H2;;p;;;;;17.40.34;4;5;3;1;6142;;12;5;8;2;1;13;16;13;10;9;18;2;
a11DT+~~~47;;;;;;;17.40.34;4;5;3;1;6142;;12;5;8;2;1;13;16;13;10;9;18;2;
a09AH=G4~42~T2Z;p;s;;;;;17.40.40;4;5;3;1;6147;;12;5;8;2;1;13;16;13;10;9;18;2;
*$$&H#;p;;;;;;17.40.40;4;5;3;1;6147;;12;5;8;2;1;13;16;13;10;9;18;2;
*p02:02;;;;;;;17.40.43;4;5;3;1;6152;;12;5;8;2;1;13;16;13;10;9;18;2;
*12SM=~~~51~~~O;s;;;;;;17.41.02;4;5;3;1;6171;;12;5;8;2;1;13;16;13;10;9;18;2;
a$$&H#;s;;;;;;17.41.02;4;5;3;1;6171;;12;5;8;2;1;13;16;13;10;9;18;2;
ap02:03;;;;;;;17.41.10;4;5;3;1;6175;;12;5;8;2;1;13;16;13;10;9;18;2;
az2;;;;;;;17.41.10;4;5;2;1;6178;;12;5;8;2;1;13;13;10;9;18;2;16;
a13SM-~~~56;;;;;;;17.41.22;4;5;2;1;6191;;12;5;8;2;1;13;13;10;9;18;2;16;
*13RM+~~~56~~~~21;;;;;;;17.41.22;4;5;2;1;6191;;12;5;8;2;1;13;13;10;9;18;2;16;
*01EQ+K2C;;;;;;;17.41.22;4;5;2;1;6191;;12;5;8;2;1;13;13;10;9;18;2;16;
*02AQ#J2~36~H1;s;r;;;;;17.41.29;4;5;2;1;6194;;12;5;8;2;1;13;13;10;9;18;2;16;
a$$&H=;s;;;;;;17.41.29;4;5;2;1;6194;;12;5;8;2;1;13;13;10;9;18;2;16;
*p03:03;;;;;;;17.41.33;4;5;2;1;6198;;12;5;8;2;1;13;13;10;9;18;2;16;
*z4;;;;;;;17.41.33;4;4;2;1;6200;;5;8;2;1;13;12;13;10;9;18;2;16;
*05SQ-~~~16;;;;;;;17.41.51;4;4;2;1;6220;;5;8;2;1;13;12;13;10;9;18;2;16;
a16RQ+~~~16~~~~32;;;;;;;17.41.51;4;4;2;1;6220;;5;8;2;1;13;12;13;10;9;18;2;16;
a10ET+K1F;;;;;;;17.41.51;4;4;2;1;6220;;5;8;2;1;13;12;13;10;9;18;2;16;
a09AT-W4~42~T2;;r;;;;;17.41.57;4;4;2;1;6223;;5;8;2;1;13;12;13;10;9;18;2;16;
*05DT+~~~42;;;;;;;17.41.57;4;4;2;1;6223;;5;8;2;1;13;12;13;10;9;18;2;16;
*01AH#G2~21~H0;p;p;;;;;17.42.02;4;4;2;1;6225;;5;8;2;1;13;12;13;10;9;18;2;16;
a$$&H=;p;;;;;;17.42.02;4;4;2;1;6225;;5;8;2;1;13;12;13;10;9;18;2;16;
*p04:03;;;;;;;17.42.04;4;4;2;1;6230;;5;8;2;1;13;12;13;10;9;18;2;16;
*05SQ=~~~16~~~N;s;;;;;;17.42.29;4;4;2;1;6258;;5;8;2;1;13;12;13;10;9;18;2;16;
a$$&H#;s;;;;;;17.42.29;4;4;2;1;6258;;5;8;2;1;13;12;13;10;9;18;2;16;
ap04:04;;;;;;;17.42.33;4;4;2;1;6262;;5;8;2;1;13;12;13;10;9;18;2;16;
az1;;;;;;;17.42.33;4;4;1;1;6261;;5;8;2;1;13;12;10;9;18;2;16;13;
a10SM!~~~15;;;;;;;17.42.47;4;4;1;1;6274;;5;8;2;1;13;12;10;9;18;2;16;13;
*08RM!~~~15~~~~32;;;;;;;17.42.47;4;4;1;1;6274;;5;8;2;1;13;12;10;9;18;2;16;13;
*01ET+K8B;;;;;;;17.42.47;4;4;1;1;6274;;5;8;2;1;13;12;10;9;18;2;16;13;
*05AT#Y9~96~H2;s;r;;;;;17.42.52;4;4;1;1;6277;;5;8;2;1;13;12;10;9;18;2;16;13;
a16DT=~~~96;s;;;;;;17.42.52;4;4;1;1;6277;;5;8;2;1;13;12;10;9;18;2;16;13;
*p05:04;;;;;;;17.42.57;4;4;1;1;6282;;5;8;2;1;13;12;10;9;18;2;16;13;
*z3;;;;;;;17.42.57;4;3;1;1;6285;;8;2;1;13;12;5;10;9;18;2;16;13;
*08SQ!~~~16;;;;;;;17.43.14;4;3;1;1;6303;;8;2;1;13;12;5;10;9;18;2;16;13;
a11RQ!~~~16~~~~21;;;;;;;17.43.14;4;3;1;1;6303;;8;2;1;13;12;5;10;9;18;2;16;13;
a10ET+KBF;;;;;;;17.43.14;4;3;1;1;6303;;8;2;1;13;12;5;10;9;18;2;16;13;
a02AT+W4~42~T2;;r;;;;;17.43.19;4;3;1;1;6306;;8;2;1;13;12;5;10;9;18;2;16;13;
*01BT-~~~~2~~2;;;;;;;17.43.19;4;3;1;1;6306;;8;2;1;13;12;5;10;9;18;2;16;13;
a02AT#W4~46~H2;s;s;;;;;17.43.21;4;3;1;1;6309;;8;2;1;13;12;5;10;9;18;2;16;13;
*$$&H=;s;;;;;;17.43.21;4;3;1;1;6309;;8;2;1;13;12;5;10;9;18;2;16;13;
ap05:05;;;;;;;17.43.24;4;3;1;1;6313;;8;2;1;13;12;5;10;9;18;2;16;13;
az6;;;;;;;17.43.24;4;3;6;1;6312;;8;2;1;13;12;5;9;18;2;16;13;10;
a09SQ-~~~16;;;;;;;17.43.48;4;3;6;1;6337;;8;2;1;13;12;5;9;18;2;16;13;10;
*10RQ+~~~16~~~~21;;;;;;;17.43.48;4;3;6;1;6337;;8;2;1;13;12;5;9;18;2;16;13;10;
*01ET+K1P;;;;;;;17.43.48;4;3;6;1;6337;;8;2;1;13;12;5;9;18;2;16;13;10;
*08AT#Y8~85~H1;s;r;;;;;17.43.56;4;3;6;1;6340;;8;2;1;13;12;5;9;18;2;16;13;10;
a09DT=~~~85;s;;;;;;17.43.56;4;3;6;1;6340;;8;2;1;13;12;5;9;18;2;16;13;10;
*p06:05;;;;;;;17.43.59;4;3;6;1;6345;;8;2;1;13;12;5;9;18;2;16;13;10;
*z2;;;;;;;17.43.59;4;2;6;1;6347;;2;1;13;12;5;8;9;18;2;16;13;10;
*02SQ-~~~16;;;;;;;17.44.18;4;2;6;1;6367;;2;1;13;12;5;8;9;18;2;16;13;10;
a11RQ#~~~16~~~~33;;;;;;;17.44.18;4;2;6;1;6367;;2;1;13;12;5;8;9;18;2;16;13;10;
a10EQ+K1C;;;;;;;17.44.18;4;2;6;1;6367;;2;1;13;12;5;8;9;18;2;16;13;10;
a18AQ+J4~36~H1;;r;;;;;17.44.24;4;2;6;1;6370;;2;1;13;12;5;8;9;18;2;16;13;10;
*12BQ-~~~~3~~1;;;;;;;17.44.24;4;2;6;1;6370;;2;1;13;12;5;8;9;18;2;16;13;10;
a16AT-W4~42~T2;;s;;;;;17.44.28;4;2;6;1;6373;;2;1;13;12;5;8;9;18;2;16;13;10;
*05DT+~~~42;;;;;;;17.44.28;4;2;6;1;6373;;2;1;13;12;5;8;9;18;2;16;13;10;
*13AH+G4~42~T2;;p;;;;;17.44.31;4;2;6;1;6376;;2;1;13;12;5;8;9;18;2;16;13;10;
a02BH-~~~~2~~2;;;;;;;17.44.31;4;2;6;1;6376;;2;1;13;12;5;8;9;18;2;16;13;10;
*13DH+;;;;;;;17.44.31;4;2;6;1;6376;;2;1;13;12;5;8;9;18;2;16;13;10;
*05AT#Y9~91~H2;p;p;;;;;17.44.34;4;2;6;1;6380;;2;1;13;12;5;8;9;18;2;16;13;10;
a$$&H=;p;;;;;;17.44.34;4;2;6;1;6380;;2;1;13;12;5;8;9;18;2;16;13;10;
*p07:05;;;;;;;17.44.37;4;2;6;1;6384;;2;1;13;12;5;8;9;18;2;16;13;10;
*02SQ!~~~11;;;;;;;17.45.12;4;2;6;1;6422;;2;1;13;12;5;8;9;18;2;16;13;10;
a09RQ!~~~11~~~~41;;;;;;;17.45.12;4;2;6;1;6422;;2;1;13;12;5;8;9;18;2;16;13;10;
a10ET+KFB;;;;;;;17.45.12;4;2;6;1;6422;;2;1;13;12;5;8;9;18;2;16;13;10;
a02AT-W2~26~H2;;r;;;;;17.45.18;4;2;6;1;6425;;2;1;13;12;5;8;9;18;2;16;13;10;
*08DT+~~~26;;;;;;;17.45.18;4;2;6;1;6425;;2;1;13;12;5;8;9;18;2;16;13;10;
*13AH/G4~44~T2;s;p;;;;;17.45.21;4;2;6;1;6428;;2;1;13;12;5;8;9;18;2;16;13;10;
a18BH#~~~~2~~2;s;;;;;;17.45.21;4;2;6;1;6428;;2;1;13;12;5;8;9;18;2;16;13;10;
ap07:06;;;;;;;17.45.32;4;2;6;1;6432;;2;1;13;12;5;8;9;18;2;16;13;10;
az5;;;;;;;17.45.32;4;2;5;1;6440;;2;1;13;12;5;8;18;2;16;13;10;9;
a18SM-~~~55;;;;;;;17.45.46;4;2;5;1;6453;;2;1;13;12;5;8;18;2;16;13;10;9;
*13RM+~~~55~~~~21;;;;;;;17.45.46;4;2;5;1;6453;;2;1;13;12;5;8;18;2;16;13;10;9;
*01ET+K1F;;;;;;;17.45.46;4;2;5;1;6453;;2;1;13;12;5;8;18;2;16;13;10;9;
*13AT+W4~43~T2;;r;;;;;17.45.50;4;2;5;1;6456;;2;1;13;12;5;8;18;2;16;13;10;9;
a13BT-~~~~2~~2;;;;;;;17.45.50;4;2;5;1;6456;;2;1;13;12;5;8;18;2;16;13;10;9;
*05AT/Y9~91~H2;p;s;;;;;17.45.58;4;2;5;1;6459;;2;1;13;12;5;8;18;2;16;13;10;9;
a13BT#~~~~4~~2;p;;;;;;17.45.58;4;2;5;1;6459;;2;1;13;12;5;8;18;2;16;13;10;9;
ap07:07;;;;;;;17.46.01;4;2;5;1;6467;;2;1;13;12;5;8;18;2;16;13;10;9;
a18SM-~~~55;;;;;;;17.46.21;4;2;5;1;6489;;2;1;13;12;5;8;18;2;16;13;10;9;
*13RM+~~~55~~~~32;;;;;;;17.46.21;4;2;5;1;6489;;2;1;13;12;5;8;18;2;16;13;10;9;
*01EQ+K1C;;;;;;;17.46.21;4;2;5;1;6489;;2;1;13;12;5;8;18;2;16;13;10;9;
*12AQ-J1~33~T1;;r;;;;;17.46.27;4;2;5;1;6495;;2;1;13;12;5;8;18;2;16;13;10;9;
a13BQ+~~~~3~~1;;;;;;;17.46.27;4;2;5;1;6495;;2;1;13;12;5;8;18;2;16;13;10;9;
a09EH-~~~~4;;;;;;;17.46.34;4;2;5;1;6495;;2;1;13;12;5;8;18;2;16;13;10;9;
*13AT#W4~46~H2;s;s;;;;;17.46.34;4;2;5;1;6503;;2;1;13;12;5;8;18;2;16;13;10;9;
a$$&H=;s;;;;;;17.46.34;4;2;5;1;6503;;2;1;13;12;5;8;18;2;16;13;10;9;
*p08:07;;;;;;;17.46.36;4;2;5;1;6505;;2;1;13;12;5;8;18;2;16;13;10;9;
*z1;;;;;;;17.46.36;4;1;5;1;6504;;1;13;12;5;8;2;18;2;16;13;10;9;
*01SQ-~~~56;;;;;;;17.47.14;4;1;5;1;6541;;1;13;12;5;8;2;18;2;16;13;10;9;
a09RQ+~~~56~~~~34;;;;;;;17.47.14;4;1;5;1;6541;;1;13;12;5;8;2;18;2;16;13;10;9;
a10EQ+KFC;;;;;;;17.47.14;4;1;5;1;6541;;1;13;12;5;8;2;18;2;16;13;10;9;
a13AQ-J4~31~H2;;r;;;;;17.47.21;4;1;5;1;6544;;1;13;12;5;8;2;18;2;16;13;10;9;
*05BQ+~~~~3~~2;;;;;;;17.47.21;4;1;5;1;6544;;1;13;12;5;8;2;18;2;16;13;10;9;
*05DH+;;;;;;;17.47.21;4;1;5;1;6544;;1;13;12;5;8;2;18;2;16;13;10;9;
*05AT#W2~21~H2O;p;p;;;;;17.47.23;4;1;5;1;6547;;1;13;12;5;8;2;18;2;16;13;10;9;
a13BT=~~~~4~~2O;p;;;;;;17.47.23;4;1;5;1;6547;;1;13;12;5;8;2;18;2;16;13;10;9;
*p09:07;;;;;;;17.47.27;4;1;5;1;6554;;1;13;12;5;8;2;18;2;16;13;10;9;
*01SQ!~~~55;;;;;;;17.48.12;4;1;5;1;6600;;1;13;12;5;8;2;18;2;16;13;10;9;
a16RQ!~~~55~~~~32;;;;;;;17.48.12;4;1;5;1;6600;;1;13;12;5;8;2;18;2;16;13;10;9;
a10ET+K8F;;;;;;;17.48.12;4;1;5;1;6600;;1;13;12;5;8;2;18;2;16;13;10;9;
a16AT#W4~41~H2;s;r;;;;;17.48.18;4;1;5;1;6603;;1;13;12;5;8;2;18;2;16;13;10;9;
*01DT=~~~41;s;;;;;;17.48.18;4;1;5;1;6603;;1;13;12;5;8;2;18;2;16;13;10;9;
ap09:08;;;;;;;17.48.21;4;1;5;1;6608;;1;13;12;5;8;2;18;2;16;13;10;9;
az4;;;;;;;17.48.21;4;1;4;1;6609;;1;13;12;5;8;2;2;16;13;10;9;18;
a02SQ+~~~66;;;;;;;17.48.38;4;1;4;1;6627;;1;13;12;5;8;2;2;16;13;10;9;18;
*10RQ-~~~66;;;;;;;17.48.38;4;1;4;1;6627;;1;13;12;5;8;2;2;16;13;10;9;18;
*05AH-G4~46~H2;;r;;;;;17.48.42;4;1;4;1;6630;;1;13;12;5;8;2;2;16;13;10;9;18;
a11DH+~~~46;;;;;;;17.48.42;4;1;4;1;6630;;1;13;12;5;8;2;2;16;13;10;9;18;
a16AT+W4~46~H2;;p;;;;;17.48.47;4;1;4;1;6633;;1;13;12;5;8;2;2;16;13;10;9;18;
*10DT-~~~46;;;;;;;17.48.47;4;1;4;1;6633;;1;13;12;5;8;2;2;16;13;10;9;18;
a02AT+Y9~96~H2;;p;;;;;17.48.54;4;1;4;1;6636;;1;13;12;5;8;2;2;16;13;10;9;18;
*10DT-~~~96;;;;;;;17.48.54;4;1;4;1;6636;;1;13;12;5;8;2;2;16;13;10;9;18;
a16AT+W4~42~T2;;p;;;;;17.49.04;4;1;4;1;6640;;1;13;12;5;8;2;2;16;13;10;9;18;
*12DT-~~~42;;;;;;;17.49.04;4;1;4;1;6640;;1;13;12;5;8;2;2;16;13;10;9;18;
a13AQ#J1~34~T2;p;p;;;;;17.49.08;4;1;4;1;6643;;1;13;12;5;8;2;2;16;13;10;9;18;
*$$&H=;p;;;;;;17.49.08;4;1;4;1;6643;;1;13;12;5;8;2;2;16;13;10;9;18;
ap09:09;;;;;;;17.49.13;4;1;4;1;6657;;1;13;12;5;8;2;2;16;13;10;9;18;
a02SQ=~~~66~~~O;s;;;;;;17.49.50;4;1;4;1;6699;;1;13;12;5;8;2;2;16;13;10;9;18;
*$$&H#;s;;;;;;17.49.50;4;1;4;1;6699;;1;13;12;5;8;2;2;16;13;10;9;18;
*p10:09;;;;;;;17.49.54;4;1;4;1;6702;;1;13;12;5;8;2;2;16;13;10;9;18;
*z6;;;;;;;17.49.54;4;6;4;1;6702;;13;12;5;8;2;1;2;16;13;10;9;18;
*13SQ-~~~66;;;;;;;17.50.07;4;6;4;1;6715;;13;12;5;8;2;1;2;16;13;10;9;18;
a09RQ+~~~66~~~~32;;;;;;;17.50.07;4;6;4;1;6715;;13;12;5;8;2;1;2;16;13;10;9;18;
a10ET+K1F;;;;;;;17.50.07;4;6;4;1;6715;;13;12;5;8;2;1;2;16;13;10;9;18;
a16AT#W4~46~H2S;s;r;;;;;17.50.13;4;6;4;1;6718;;13;12;5;8;2;1;2;16;13;10;9;18;
*12BT=~~~~2~~2S;s;;;;;;17.50.13;4;6;4;1;6718;;13;12;5;8;2;1;2;16;13;10;9;18;
ap10:10;;;;;;;17.50.17;4;6;4;1;6722;;13;12;5;8;2;1;2;16;13;10;9;18;
az3;;;;;;;17.50.17;4;6;3;1;6724;;13;12;5;8;2;1;16;13;10;9;18;2;
a16SQ!~~~66;;;;;;;17.50.43;4;6;3;1;6751;;13;12;5;8;2;1;16;13;10;9;18;2;
*10RQ!~~~66~~~~41;;;;;;;17.50.43;4;6;3;1;6751;;13;12;5;8;2;1;16;13;10;9;18;2;
*01ET+KFF;;;;;;;17.50.43;4;6;3;1;6751;;13;12;5;8;2;1;16;13;10;9;18;2;
*08AT#W4~47~H2;s;r;;;;;17.50.48;4;6;3;1;6754;;13;12;5;8;2;1;16;13;10;9;18;2;
a09DT=~~~47;s;;;;;;17.50.48;4;6;3;1;6754;;13;12;5;8;2;1;16;13;10;9;18;2;
*p11:10;;;;;;;17.50.51;4;6;3;1;6758;;13;12;5;8;2;1;16;13;10;9;18;2;
*z5;;;;;;;17.50.51;4;5;3;1;6759;;12;5;8;2;1;13;16;13;10;9;18;2;
*12SM!~~~51;;;;;;;17.51.10;4;5;3;1;6778;;12;5;8;2;1;13;16;13;10;9;18;2;
a16RM!~~~51~~~~33;;;;;;;17.51.10;4;5;3;1;6778;;12;5;8;2;1;13;16;13;10;9;18;2;
a10ET+K8F;;;;;;;17.51.10;4;5;3;1;6778;;12;5;8;2;1;13;16;13;10;9;18;2;
a09AT#W4~45~H2S;s;r;;;;;17.51.16;4;5;3;1;6784;;12;5;8;2;1;13;16;13;10;9;18;2;
*02BT=~~~~2~~2S;s;;;;;;17.51.16;4;5;3;1;6784;;12;5;8;2;1;13;16;13;10;9;18;2;
ap11:11;;;;;;;17.51.20;4;5;3;1;6789;;12;5;8;2;1;13;16;13;10;9;18;2;
az2;;;;;;;17.51.20;4;5;2;1;6788;;12;5;8;2;1;13;13;10;9;18;2;16;
a13SM/~~~56;;;;;;;17.51.38;4;5;2;1;6806;;12;5;8;2;1;13;13;10;9;18;2;16;
*13RM/~~~56;;;;;;;17.51.38;4;5;2;1;6806;;12;5;8;2;1;13;13;10;9;18;2;16;
a18AQ/J4~31~H2;s;p;;;;;17.51.48;4;5;2;1;6809;;12;5;8;2;1;13;13;10;9;18;2;16;
*02BQ#~~~~3~~2;s;;;;;;17.51.48;4;5;2;1;6809;;12;5;8;2;1;13;13;10;9;18;2;16;
*p12:11;;;;;;;17.51.51;4;5;2;1;6818;;12;5;8;2;1;13;13;10;9;18;2;16;
*z4;;;;;;;17.51.51;4;4;2;1;6819;;5;8;2;1;13;12;13;10;9;18;2;16;
*05SQ-~~~16;;;;;;;17.52.15;4;4;2;1;6843;;5;8;2;1;13;12;13;10;9;18;2;16;
a16RQ+~~~16~~~~41;;;;;;;17.52.15;4;4;2;1;6843;;5;8;2;1;13;12;13;10;9;18;2;16;
a10ET+KFF;;;;;;;17.52.15;4;4;2;1;6843;;5;8;2;1;13;12;13;10;9;18;2;16;
a09AT#W4~46~H2;s;r;;;;;17.52.21;4;4;2;1;6846;;5;8;2;1;13;12;13;10;9;18;2;16;
*13DT=~~~46;s;;;;;;17.52.21;4;4;2;1;6846;;5;8;2;1;13;12;13;10;9;18;2;16;
ap12:12;;;;;;;17.52.33;4;4;2;1;6850;;5;8;2;1;13;12;13;10;9;18;2;16;
az1;;;;;;;17.52.33;4;4;1;1;6860;;5;8;2;1;13;12;10;9;18;2;16;13;
a10SM=~~~14~~~N;s;;;;;;17.52.38;4;4;1;1;6866;;5;8;2;1;13;12;10;9;18;2;16;13;
*$$&H#;s;;;;;;17.52.38;4;4;1;1;6866;;5;8;2;1;13;12;10;9;18;2;16;13;
*p13:12;;;;;;;17.52.41;4;4;1;1;6869;;5;8;2;1;13;12;10;9;18;2;16;13;
*z3;;;;;;;17.52.41;4;3;1;1;6869;;8;2;1;13;12;5;10;9;18;2;16;13;
*08SM!~~~11;;;;;;;17.52.57;4;3;1;1;6974;;8;2;1;13;12;5;10;9;18;2;16;13;
a11RM!~~~11~~~~22;;;;;;;17.52.57;4;3;1;1;6975;;8;2;1;13;12;5;10;9;18;2;16;13;
a10EH+K9B;;;;;;;17.52.57;4;3;1;1;6975;;8;2;1;13;12;5;10;9;18;2;16;13;
a09AH#G2~26~H2;s;r;;;;;17.53.04;4;3;1;1;6979;;8;2;1;13;12;5;10;9;18;2;16;13;
*05DH=~~~26;s;;;;;;17.53.04;4;3;1;1;6979;;8;2;1;13;12;5;10;9;18;2;16;13;
ap13:13;;;;;;;17.53.22;4;3;1;1;6983;;8;2;1;13;12;5;10;9;18;2;16;13;
az6;;;;;;;17.53.22;4;3;6;1;6910;;8;2;1;13;12;5;9;18;2;16;13;10;
a09SQ-~~~15;;;;;;;17.54.59;4;3;6;1;7007;;8;2;1;13;12;5;9;18;2;16;13;10;
*13RQ+~~~15~~~~41;;;;;;;17.54.59;4;3;6;1;7007;;8;2;1;13;12;5;9;18;2;16;13;10;
*01EO+K1S;;;;;;;17.54.59;4;3;6;1;7007;;8;2;1;13;12;5;9;18;2;16;13;10;
*01AO+JJ~38~T0;;r;;;;;17.55.06;4;3;6;1;7009;;8;2;1;13;12;5;9;18;2;16;13;10;
a10DO-~~~38;;;;;;;17.55.06;4;3;6;1;7009;;8;2;1;13;12;5;9;18;2;16;13;10;
*05AT=Y9~91~H0S;p;s;;;;;17.55.13;4;3;6;1;7012;;8;2;1;13;12;5;9;18;2;16;13;10;
a$$&H#;p;;;;;;17.55.13;4;3;6;1;7012;;8;2;1;13;12;5;9;18;2;16;13;10;
ap13:14;;;;;;;17.55.18;4;3;6;1;7022;;8;2;1;13;12;5;9;18;2;16;13;10;
a09SQ=~~~66~~~O;s;;;;;;17.55.36;4;3;6;1;7045;;8;2;1;13;12;5;9;18;2;16;13;10;
*$$&H#;s;;;;;;17.55.36;4;3;6;1;7045;;8;2;1;13;12;5;9;18;2;16;13;10;
*p14:14;;;;;;;17.55.41;4;3;6;1;7050;;8;2;1;13;12;5;9;18;2;16;13;10;
*z2;;;;;;;17.55.41;4;2;6;1;7049;;2;1;13;12;5;8;9;18;2;16;13;10;
*02SQ#~~~16;p;;;;;;17.55.59;4;2;6;1;7066;;2;1;13;12;5;8;9;18;2;16;13;10;
a09RQ=~~~16~R;p;;;;;;17.55.59;4;2;6;1;7066;;2;1;13;12;5;8;9;18;2;16;13;10;
*p15:14;;;;;;;17.56.07;4;2;6;1;7072;;2;1;13;12;5;8;9;18;2;16;13;10;
*02SQ-~~~11;;;;;;;17.56.26;4;2;6;1;7094;;2;1;13;12;5;8;9;18;2;16;13;10;
a09RQ+~~~11~~~~33;;;;;;;17.56.26;4;2;6;1;7094;;2;1;13;12;5;8;9;18;2;16;13;10;
a10ET+K3F;;;;;;;17.56.26;4;2;6;1;7094;;2;1;13;12;5;8;9;18;2;16;13;10;
a16AT/W4~46~H2;p;r;;;;;17.56.32;4;2;6;1;7097;;2;1;13;12;5;8;9;18;2;16;13;10;
*01BT#~~~~2~~2;p;;;;;;17.56.32;4;2;6;1;7097;;2;1;13;12;5;8;9;18;2;16;13;10;
*p16:14;;;;;;;17.56.40;4;2;6;1;7103;;2;1;13;12;5;8;9;18;2;16;13;10;
aT;;;;;;;17.56.40;4;2;6;1;7108;;2;1;13;12;5;8;9;18;2;16;13;10;
*02SQ!~~~11;;;;;;;17.58.08;4;2;6;1;7196;;2;1;13;12;5;8;9;18;2;16;13;10;
a09RQ!~~~11~~~~42;;;;;;;17.58.08;4;2;6;1;7196;;2;1;13;12;5;8;9;18;2;16;13;10;
a10EH+K7B;;;;;;;17.58.08;4;2;6;1;7196;;2;1;13;12;5;8;9;18;2;16;13;10;
a02AH+G2~21~H2;;r;;;;;17.58.13;4;2;6;1;7200;;2;1;13;12;5;8;9;18;2;16;13;10;
*12BH-~~~~4~~2;;;;;;;17.58.13;4;2;6;1;7200;;2;1;13;12;5;8;9;18;2;16;13;10;
a11DH+;;;;;;;17.58.13;4;2;6;1;7200;;2;1;13;12;5;8;9;18;2;16;13;10;
a16AH#G4~45~H2S;s;s;;;;;17.58.16;4;2;6;1;7203;;2;1;13;12;5;8;9;18;2;16;13;10;
*12BH=~~~~2~~2S;s;;;;;;17.58.16;4;2;6;1;7203;;2;1;13;12;5;8;9;18;2;16;13;10;
ap16:15;;;;;;;17.58.26;4;2;6;1;7208;;2;1;13;12;5;8;9;18;2;16;13;10;
az5;;;;;;;17.58.26;4;2;5;1;7213;;2;1;13;12;5;8;18;2;16;13;10;9;
a18SM!~~~56;;;;;;;17.58.42;4;2;5;1;7229;;2;1;13;12;5;8;18;2;16;13;10;9;
*08RM!~~~56~~~~22;;;;;;;17.58.42;4;2;5;1;7229;;2;1;13;12;5;8;18;2;16;13;10;9;
*01ET+KBF;;;;;;;17.58.42;4;2;5;1;7229;;2;1;13;12;5;8;18;2;16;13;10;9;
*13AT+W4~45~H2;;r;;;;;17.58.47;4;2;5;1;7234;;2;1;13;12;5;8;18;2;16;13;10;9;
a13BT-~~~~2~~2;;;;;;;17.58.47;4;2;5;1;7234;;2;1;13;12;5;8;18;2;16;13;10;9;
*08DH+;;;;;;;17.58.49;4;2;5;1;7236;;2;1;13;12;5;8;18;2;16;13;10;9;
*13AH#G4~41~H2;s;s;;;;;17.58.52;4;2;5;1;7239;;2;1;13;12;5;8;18;2;16;13;10;9;
a$$&H=;s;;;;;;17.58.52;4;2;5;1;7239;;2;1;13;12;5;8;18;2;16;13;10;9;
*p17:15;;;;;;;17.58.54;4;2;5;1;7242;;2;1;13;12;5;8;18;2;16;13;10;9;
*z1;;;;;;;17.58.54;4;1;5;1;7241;;1;13;12;5;8;2;18;2;16;13;10;9;
*01SM-~~~55;;;;;;;17.59.10;4;1;5;1;7258;;1;13;12;5;8;2;18;2;16;13;10;9;
a16RM+~~~55~~~~32;;;;;;;17.59.10;4;1;5;1;7258;;1;13;12;5;8;2;18;2;16;13;10;9;
a10ET+K1B;;;;;;;17.59.10;4;1;5;1;7258;;1;13;12;5;8;2;18;2;16;13;10;9;
a02AT#W2~26~H1S;s;r;;;;;17.59.15;4;1;5;1;7262;;1;13;12;5;8;2;18;2;16;13;10;9;
*13BT=~~~~4~~1S;s;;;;;;17.59.15;4;1;5;1;7262;;1;13;12;5;8;2;18;2;16;13;10;9;
ap17:16;;;;;;;17.59.18;4;1;5;1;7267;;1;13;12;5;8;2;18;2;16;13;10;9;
az4;;;;;;;17.59.18;4;1;4;1;7266;;1;13;12;5;8;2;2;16;13;10;9;18;
a02SQ=~~~66~~~O;s;;;;;;17.59.33;4;1;4;1;7281;;1;13;12;5;8;2;2;16;13;10;9;18;
*$$&H#;s;;;;;;17.59.33;4;1;4;1;7281;;1;13;12;5;8;2;2;16;13;10;9;18;
*p18:16;;;;;;;17.59.37;4;1;4;1;7286;;1;13;12;5;8;2;2;16;13;10;9;18;
*z6;;;;;;;17.59.37;4;6;4;1;7285;;13;12;5;8;2;1;2;16;13;10;9;18;
*13SQ!~~~56;;;;;;;17.59.50;4;6;4;1;7297;;13;12;5;8;2;1;2;16;13;10;9;18;
a09RQ!~~~56~~~~21;;;;;;;17.59.50;4;6;4;1;7297;;13;12;5;8;2;1;2;16;13;10;9;18;
a10ET+KBB;;;;;;;17.59.50;4;6;4;1;7297;;13;12;5;8;2;1;2;16;13;10;9;18;
a02AT-Y9~91~H2;;r;;;;;17.59.56;4;6;4;1;7300;;13;12;5;8;2;1;2;16;13;10;9;18;
*01DT+~~~91;;;;;;;17.59.56;4;6;4;1;7300;;13;12;5;8;2;1;2;16;13;10;9;18;
*05AH#G2~26~H2;p;p;;;;;18.00.00;4;6;4;1;7303;;13;12;5;8;2;1;2;16;13;10;9;18;
a$$&H=;p;;;;;;18.00.00;4;6;4;1;7303;;13;12;5;8;2;1;2;16;13;10;9;18;
*p19:16;;;;;;;18.00.01;4;6;4;1;7310;;13;12;5;8;2;1;2;16;13;10;9;18;
aT;;;;;;;18.00.01;4;6;4;1;7309;;13;12;5;8;2;1;2;16;13;10;9;18;
*13SQ-~~~55;;;;;;;18.01.13;4;6;4;1;7381;;13;12;5;8;2;1;2;16;13;10;9;18;
a16RQ+~~~55~~~~32;;;;;;;18.01.13;4;6;4;1;7381;;13;12;5;8;2;1;2;16;13;10;9;18;
a10EQ+K1C;;;;;;;18.01.13;4;6;4;1;7381;;13;12;5;8;2;1;2;16;13;10;9;18;
a13AQ+J4~31~H2;;r;;;;;18.01.18;4;6;4;1;7384;;13;12;5;8;2;1;2;16;13;10;9;18;
*12BQ-~~~~3~~2;;;;;;;18.01.18;4;6;4;1;7384;;13;12;5;8;2;1;2;16;13;10;9;18;
*12AO#V3~3~~H;p;p;;;;;18.01.23;4;6;4;1;7387;;13;12;5;8;2;1;2;16;13;10;9;18;
a$$&H=;p;;;;;;18.01.23;4;6;4;1;7387;;13;12;5;8;2;1;2;16;13;10;9;18;
*p20:16;;;;;;;18.01.24;4;6;4;1;7391;;13;12;5;8;2;1;2;16;13;10;9;18;
*13SQ-~~~56;;;;;;;18.01.38;4;6;4;1;7407;;13;12;5;8;2;1;2;16;13;10;9;18;
a09RQ+~~~56~~~~21;;;;;;;18.01.38;4;6;4;1;7407;;13;12;5;8;2;1;2;16;13;10;9;18;
a10ET+K2F;;;;;;;18.01.38;4;6;4;1;7407;;13;12;5;8;2;1;2;16;13;10;9;18;
a16AT=W4~45~H2O;p;r;;;;;18.01.44;4;6;4;1;7410;;13;12;5;8;2;1;2;16;13;10;9;18;
*$$&H#;p;;;;;;18.01.44;4;6;4;1;7410;;13;12;5;8;2;1;2;16;13;10;9;18;
*p21:16;;;;;;;18.01.47;4;6;4;1;7416;;13;12;5;8;2;1;2;16;13;10;9;18;
*13SQ-~~~56;;;;;;;18.02.41;4;6;4;1;7469;;13;12;5;8;2;1;2;16;13;10;9;18;
a16RQ+~~~56~~~~34;;;;;;;18.02.41;4;6;4;1;7469;;13;12;5;8;2;1;2;16;13;10;9;18;
a10ET+KFB;;;;;;;18.02.41;4;6;4;1;7469;;13;12;5;8;2;1;2;16;13;10;9;18;
a02AT#Y9~91~H2;s;r;;;;;18.02.48;4;6;4;1;7476;;13;12;5;8;2;1;2;16;13;10;9;18;
*13DT=~~~91;s;;;;;;18.02.48;4;6;4;1;7476;;13;12;5;8;2;1;2;16;13;10;9;18;
ap21:17;;;;;;;18.02.50;4;6;4;1;7476;;13;12;5;8;2;1;2;16;13;10;9;18;
az3;;;;;;;18.02.50;4;6;3;1;7478;;13;12;5;8;2;1;16;13;10;9;18;2;
ac10:06;;;;;;;18.02.50;4;6;3;1;7478;;13;12;5;8;2;1;16;13;6;9;18;2;
ac02:05;;;;;;;18.02.50;4;6;3;1;7478;;13;12;5;8;2;1;16;13;6;9;18;5;
aP5;;;;;;;18.02.50;4;6;3;1;7478;;13;12;5;8;2;1;16;13;6;9;18;5;
az6;;;;;;;18.02.50;4;6;6;1;7478;;13;12;5;8;2;1;16;13;6;9;18;5;
a16SQ-~~~66;;;;;;;18.03.23;4;6;6;1;7511;;13;12;5;8;2;1;16;13;6;9;18;5;
*10RQ#~~~66;;;;;;;18.03.23;4;6;6;1;7511;;13;12;5;8;2;1;16;13;6;9;18;5;
*01EQ+K1C;;;;;;;18.03.23;4;6;6;1;7511;;13;12;5;8;2;1;16;13;6;9;18;5;
*12AQ#J1~36~H1S;s;r;;;;;18.03.29;4;6;6;1;7514;;13;12;5;8;2;1;16;13;6;9;18;5;
a13BQ=~~~~3~~1S;s;;;;;;18.03.29;4;6;6;1;7514;;13;12;5;8;2;1;16;13;6;9;18;5;
*p22:17;;;;;;;18.03.32;4;6;6;1;7518;;13;12;5;8;2;1;16;13;6;9;18;5;
*z5;;;;;;;18.03.32;4;5;6;1;7519;;12;5;8;2;1;13;16;13;6;9;18;5;
*c12:03;;;;;;;18.03.32;4;5;6;1;7519;;3;5;8;2;1;13;16;13;6;9;18;5;
ac06:10;;;;;;;18.03.32;4;5;6;1;7519;;3;5;8;2;1;13;16;13;10;9;18;5;
ac05:02;;;;;;;18.03.32;4;5;6;1;7519;;3;5;8;2;1;13;16;13;10;9;18;2;
aP10;;;;;;;18.03.32;4;5;6;1;7519;;3;5;8;2;1;13;16;13;10;9;18;2;
az3;;;;;;;18.03.32;4;5;3;1;7519;;3;5;8;2;1;13;16;13;10;9;18;2;
*03SQ/~~~11;;;;;;;18.04.01;4;5;3;1;7549;;3;5;8;2;1;13;16;13;10;9;18;2;
a16RQ/~~~11;;;;;;;18.04.01;4;5;3;1;7549;;3;5;8;2;1;13;16;13;10;9;18;2;
a10EH=~~~~~~~~Z;p;;;;;;18.04.10;4;5;3;1;7549;;3;5;8;2;1;13;16;13;10;9;18;2;
*$$&H#;p;;;;;;18.04.10;4;5;3;1;7549;;3;5;8;2;1;13;16;13;10;9;18;2;
*p23:17;;;;;;;18.04.13;4;5;3;1;7557;;3;5;8;2;1;13;16;13;10;9;18;2;
ac09:07;;;;;;;18.04.13;4;5;3;1;7561;;3;5;8;2;1;13;16;13;10;7;18;2;
*03SQ!~~~16;;;;;;;18.04.32;4;5;3;1;7580;;3;5;8;2;1;13;16;13;10;7;18;2;
a11RQ!~~~16~~~~22;;;;;;;18.04.32;4;5;3;1;7580;;3;5;8;2;1;13;16;13;10;7;18;2;
a10ET+K9B;;;;;;;18.04.32;4;5;3;1;7580;;3;5;8;2;1;13;16;13;10;7;18;2;
a02AT#Y9~96~H2;s;r;;;;;18.04.38;4;5;3;1;7583;;3;5;8;2;1;13;16;13;10;7;18;2;
*$$&H=;s;;;;;;18.04.38;4;5;3;1;7583;;3;5;8;2;1;13;16;13;10;7;18;2;
ap23:18;;;;;;;18.04.40;4;5;3;1;7588;;3;5;8;2;1;13;16;13;10;7;18;2;
az2;;;;;;;18.04.40;4;5;2;1;7587;;3;5;8;2;1;13;13;10;7;18;2;16;
*c03:12;;;;;;;18.04.40;4;5;2;1;7587;;12;5;8;2;1;13;13;10;7;18;2;16;
a13SM-~~~58D;;;;;;;18.05.02;4;5;2;1;7610;;12;5;8;2;1;13;13;10;7;18;2;16;
*13RM#~~~58DO;;;;;;;18.05.02;4;5;2;1;7610;;12;5;8;2;1;13;13;10;7;18;2;16;
*01ET+K1F;;;;;;;18.05.02;4;5;2;1;7610;;12;5;8;2;1;13;13;10;7;18;2;16;
*08AT#W4~41~H2;s;r;;;;;18.05.07;4;5;2;1;7613;;12;5;8;2;1;13;13;10;7;18;2;16;
a02DT=~~~41;s;;;;;;18.05.07;4;5;2;1;7613;;12;5;8;2;1;13;13;10;7;18;2;16;
*p24:18;;;;;;;18.05.08;4;5;2;1;7617;;12;5;8;2;1;13;13;10;7;18;2;16;
*z4;;;;;;;18.05.08;4;4;2;1;7616;;5;8;2;1;13;12;13;10;7;18;2;16;
*c01:06;;;;;;;18.05.08;4;4;2;1;7616;;5;8;2;6;13;12;13;10;7;18;2;16;
*P5;;;;;;;18.05.08;4;4;2;1;7616;;5;8;2;6;13;12;13;10;7;18;2;16;
*z1;;;;;;;18.05.08;4;1;2;1;7616;;5;8;2;6;13;12;13;10;7;18;2;16;
*05SQ=~~~16~~~N;s;;;;;;18.05.35;4;1;2;1;7644;;5;8;2;6;13;12;13;10;7;18;2;16;
a$$&H#;s;;;;;;18.05.35;4;1;2;1;7644;;5;8;2;6;13;12;13;10;7;18;2;16;
ap24:19;;;;;;;18.05.39;4;1;2;1;7648;;5;8;2;6;13;12;13;10;7;18;2;16;
az1;;;;;;;18.05.39;4;1;1;1;7646;;5;8;2;6;13;12;10;7;18;2;16;13;
*c05:09;;;;;;;18.05.39;4;1;1;1;7646;;9;8;2;6;13;12;10;7;18;2;16;13;
*P9;;;;;;;18.05.39;4;1;1;1;7646;;9;8;2;6;13;12;10;7;18;2;16;13;
*z1;;;;;;;18.05.39;4;1;1;1;7646;;9;8;2;6;13;12;10;7;18;2;16;13;
a10SM#~~~15;p;;;;;;18.06.09;4;1;1;1;7679;;9;8;2;6;13;12;10;7;18;2;16;13;
*13RM=~~~15;p;;;;;;18.06.09;4;1;1;1;7679;;9;8;2;6;13;12;10;7;18;2;16;13;
ap24:20;;;;;;;18.06.10;4;1;1;1;7682;;9;8;2;6;13;12;10;7;18;2;16;13;
a10SM-~~~19;;;;;;;18.06.11;4;1;1;1;7679;;9;8;2;6;13;12;10;7;18;2;16;13;
*08RM+~~~19~~~~32;;;;;;;18.06.11;4;1;1;1;7679;;9;8;2;6;13;12;10;7;18;2;16;13;
*09EQ+K8C;;;;;;;18.06.11;4;1;1;1;7679;;9;8;2;6;13;12;10;7;18;2;16;13;
*02AQ-J4~35~H1;;r;;;;;18.06.17;4;1;1;1;7683;;9;8;2;6;13;12;10;7;18;2;16;13;
a18BQ+~~~~3~~1;;;;;;;18.06.17;4;1;1;1;7683;;9;8;2;6;13;12;10;7;18;2;16;13;
a11DH+;;;;;;;18.06.17;4;1;1;1;7684;;9;8;2;6;13;12;10;7;18;2;16;13;
a02AT-W2~26~H2;;p;;;;;18.06.19;4;1;1;1;7687;;9;8;2;6;13;12;10;7;18;2;16;13;
*06BT+~~~~4~~2;;;;;;;18.06.19;4;1;1;1;7687;;9;8;2;6;13;12;10;7;18;2;16;13;
*09DH+;;;;;;;18.06.19;4;1;1;1;7687;;9;8;2;6;13;12;10;7;18;2;16;13;
*06AH#G4~46~H2F;s;s;;;;;18.06.22;4;1;1;1;7691;;9;8;2;6;13;12;10;7;18;2;16;13;
a18BH=~~~~2~~2F;s;;;;;;18.06.22;4;1;1;1;7691;;9;8;2;6;13;12;10;7;18;2;16;13;
*p25:20;;;;;;;18.06.28;4;1;1;1;7694;;9;8;2;6;13;12;10;7;18;2;16;13;
**4set;;;;;;;18.06.28;5;1;1;1;7696;;;;;;;;;;;;;;
