*P10>LUp;;;;;;;;1;6;4;;;;9;18;2;16;13;10;13;5;10;12;9;3;
*z6>LUp;;;;;;;;1;6;4;;;;9;18;2;16;13;10;13;5;10;12;9;3;
aP05>LUp;;;;;;;;1;6;4;;;;9;18;2;16;13;10;13;5;10;12;9;3;
az2>LUp;;;;;;;;1;6;2;;;;9;18;2;16;13;10;13;5;10;12;9;3;
*09SQ-~~~16;;;;;;;13.01.02;1;6;2;1;173;;9;18;2;16;13;10;13;5;10;12;9;3;
a10RQ+~~~16;;;;;;;13.01.02;1;6;2;1;173;;9;18;2;16;13;10;13;5;10;12;9;3;
a05ET+K2P;;;;;;;13.01.02;1;6;2;1;175;;9;18;2;16;13;10;13;5;10;12;9;3;
a09AT#Y8~86~H2;s;r;;;;;13.01.07;1;6;2;1;176;;9;18;2;16;13;10;13;5;10;12;9;3;
*$$&H=;s;;;;;;13.01.07;1;6;2;1;176;;9;18;2;16;13;10;13;5;10;12;9;3;
ap00:01;;;;;;;13.01.19;1;6;2;1;181;;9;18;2;16;13;10;13;5;10;12;9;3;
az1;;;;;;;13.01.19;1;6;1;1;190;;9;18;2;16;13;10;5;10;12;9;3;13;
a05SM=~~~11~~~N;s;;;;;;13.01.24;1;6;1;1;195;;9;18;2;16;13;10;5;10;12;9;3;13;
*$$&H#;s;;;;;;13.01.24;1;6;1;1;195;;9;18;2;16;13;10;5;10;12;9;3;13;
*p01:01;;;;;;;13.01.32;1;6;1;1;203;;9;18;2;16;13;10;5;10;12;9;3;13;
*z5;;;;;;;13.01.32;1;5;1;1;203;;18;2;16;13;10;9;5;10;12;9;3;13;
*18SM-~~~56;;;;;;;13.01.45;1;5;1;1;216;;18;2;16;13;10;9;5;10;12;9;3;13;
a03RM#~~~56;;;;;;;13.01.45;1;5;1;1;216;;18;2;16;13;10;9;5;10;12;9;3;13;
a05EQ+K1C;;;;;;;13.01.45;1;5;1;1;218;;18;2;16;13;10;9;5;10;12;9;3;13;
a12AQ#J4~31~H2S;s;r;;;;;13.01.51;1;5;1;1;219;;18;2;16;13;10;9;5;10;12;9;3;13;
*13BQ=~~~~3~~2S;s;;;;;;13.01.51;1;5;1;1;219;;18;2;16;13;10;9;5;10;12;9;3;13;
ap01:02;;;;;;;13.01.55;1;5;1;1;224;;18;2;16;13;10;9;5;10;12;9;3;13;
az6;;;;;;;13.01.55;1;5;6;1;226;;18;2;16;13;10;9;10;12;9;3;13;5;
a10SQ-~~~66;;;;;;;13.02.07;1;5;6;1;238;;18;2;16;13;10;9;10;12;9;3;13;5;
*09RQ+~~~66;;;;;;;13.02.07;1;5;6;1;238;;18;2;16;13;10;9;10;12;9;3;13;5;
*10EQ+K1C;;;;;;;13.02.07;1;5;6;1;240;;18;2;16;13;10;9;10;12;9;3;13;5;
*13AQ#J4~31~H1S;s;r;;;;;13.02.16;1;5;6;1;241;;18;2;16;13;10;9;10;12;9;3;13;5;
a12BQ=~~~~3~~1S;s;;;;;;13.02.16;1;5;6;1;241;;18;2;16;13;10;9;10;12;9;3;13;5;
*p02:02;;;;;;;13.02.24;1;5;6;1;246;;18;2;16;13;10;9;10;12;9;3;13;5;
*z4;;;;;;;13.02.24;1;4;6;1;255;;2;16;13;10;9;18;10;12;9;3;13;5;
*02SQ-~~~65;;;;;;;13.02.39;1;4;6;1;270;;2;16;13;10;9;18;10;12;9;3;13;5;
a03RQ#~~~65~~~~33;;;;;;;13.02.39;1;4;6;1;270;;2;16;13;10;9;18;10;12;9;3;13;5;
a05ET+K1F;;;;;;;13.02.39;1;4;6;1;272;;2;16;13;10;9;18;10;12;9;3;13;5;
a03AT#W4~46~H2;s;r;;;;;13.02.45;1;4;6;1;273;;2;16;13;10;9;18;10;12;9;3;13;5;
*09DT=~~~46;s;;;;;;13.02.45;1;4;6;1;273;;2;16;13;10;9;18;10;12;9;3;13;5;
ap02:03;;;;;;;13.02.50;1;4;6;1;278;;2;16;13;10;9;18;10;12;9;3;13;5;
az5;;;;;;;13.02.50;1;4;5;1;281;;2;16;13;10;9;18;12;9;3;13;5;10;
a12SQ-~~~51;;;;;;;13.03.04;1;4;5;1;295;;2;16;13;10;9;18;12;9;3;13;5;10;
*11RQ+~~~51~~~~32;;;;;;;13.03.04;1;4;5;1;295;;2;16;13;10;9;18;12;9;3;13;5;10;
*10EQ+K1C;;;;;;;13.03.04;1;4;5;1;297;;2;16;13;10;9;18;12;9;3;13;5;10;
*13AQ#J1~35~H2F;s;r;;;;;13.03.09;1;4;5;1;298;;2;16;13;10;9;18;12;9;3;13;5;10;
a03BQ=~~~~3~~2F;s;;;;;;13.03.09;1;4;5;1;298;;2;16;13;10;9;18;12;9;3;13;5;10;
*p03:03;;;;;;;13.03.13;1;4;5;1;303;;2;16;13;10;9;18;12;9;3;13;5;10;
*z3;;;;;;;13.03.13;1;3;5;1;304;;16;13;10;9;18;2;12;9;3;13;5;10;
*16SQ-~~~66;;;;;;;13.03.36;1;3;5;1;327;;16;13;10;9;18;2;12;9;3;13;5;10;
a10RQ+~~~66~~~~33;;;;;;;13.03.36;1;3;5;1;327;;16;13;10;9;18;2;12;9;3;13;5;10;
a05ET+K1F;;;;;;;13.03.36;1;3;5;1;329;;16;13;10;9;18;2;12;9;3;13;5;10;
a03AT+W4~46~H2;;r;;;;;13.03.42;1;3;5;1;330;;16;13;10;9;18;2;12;9;3;13;5;10;
*16DT-~~~46;;;;;;;13.03.42;1;3;5;1;330;;16;13;10;9;18;2;12;9;3;13;5;10;
a09AT#W1~49~H1;s;s;;;;;13.03.48;1;3;5;1;333;;16;13;10;9;18;2;12;9;3;13;5;10;
*$$&H=;s;;;;;;13.03.48;1;3;5;1;333;;16;13;10;9;18;2;12;9;3;13;5;10;
ap03:04;;;;;;;13.03.51;1;3;5;1;343;;16;13;10;9;18;2;12;9;3;13;5;10;
az4;;;;;;;13.03.51;1;3;4;1;342;;16;13;10;9;18;2;9;3;13;5;10;12;
a09SQ-~~~16;;;;;;;13.04.08;1;3;4;1;359;;16;13;10;9;18;2;9;3;13;5;10;12;
*11RQ+~~~16~~~~32;;;;;;;13.04.08;1;3;4;1;359;;16;13;10;9;18;2;9;3;13;5;10;12;
*10ET+K1F;;;;;;;13.04.08;1;3;4;1;361;;16;13;10;9;18;2;9;3;13;5;10;12;
*09AT/W4~45~H2;p;r;;;;;13.04.14;1;3;4;1;362;;16;13;10;9;18;2;9;3;13;5;10;12;
a13BT#~~~~2~~2;p;;;;;;13.04.14;1;3;4;1;362;;16;13;10;9;18;2;9;3;13;5;10;12;
ap03:05;;;;;;;13.04.18;1;3;4;1;368;;16;13;10;9;18;2;9;3;13;5;10;12;
a09SQ-~~~11;;;;;;;13.04.37;1;3;4;1;388;;16;13;10;9;18;2;9;3;13;5;10;12;
*16RQ#~~~11~~~~33;;;;;;;13.04.37;1;3;4;1;388;;16;13;10;9;18;2;9;3;13;5;10;12;
*10EQ+K1C;;;;;;;13.04.37;1;3;4;1;390;;16;13;10;9;18;2;9;3;13;5;10;12;
*13AQ/J4~35~H1;p;r;;;;;13.04.43;1;3;4;1;391;;16;13;10;9;18;2;9;3;13;5;10;12;
a13BQ#~~~~3~~1;p;;;;;;13.04.43;1;3;4;1;391;;16;13;10;9;18;2;9;3;13;5;10;12;
ap03:06;;;;;;;13.04.46;1;3;4;1;397;;16;13;10;9;18;2;9;3;13;5;10;12;
a09SQ=~~~15~~~O;s;;;;;;13.05.02;1;3;4;1;413;;16;13;10;9;18;2;9;3;13;5;10;12;
*$$&H#;s;;;;;;13.05.02;1;3;4;1;413;;16;13;10;9;18;2;9;3;13;5;10;12;
*p04:06;;;;;;;13.05.08;1;3;4;1;420;;16;13;10;9;18;2;9;3;13;5;10;12;
*z2;;;;;;;13.05.08;1;2;4;1;419;;13;10;9;18;2;16;9;3;13;5;10;12;
*13SM#~~~55;p;;;;;;13.05.24;1;2;4;1;435;;13;10;9;18;2;16;9;3;13;5;10;12;
a03RM=~~~55~O;p;;;;;;13.05.24;1;2;4;1;435;;13;10;9;18;2;16;9;3;13;5;10;12;
*p05:06;;;;;;;13.05.29;1;2;4;1;440;;13;10;9;18;2;16;9;3;13;5;10;12;
*13SM+~~~55;;;;;;;13.05.47;1;2;4;1;458;;13;10;9;18;2;16;9;3;13;5;10;12;
a03RM-~~~55;;;;;;;13.05.47;1;2;4;1;458;;13;10;9;18;2;16;9;3;13;5;10;12;
a03AT+W4~41~H1;;r;;;;;13.05.53;1;2;4;1;461;;13;10;9;18;2;16;9;3;13;5;10;12;
*18BT-~~~~2~~1;;;;;;;13.05.53;1;2;4;1;461;;13;10;9;18;2;16;9;3;13;5;10;12;
a05AO-JJ~31~H0;;s;;;;;13.05.57;1;2;4;1;463;;13;10;9;18;2;16;9;3;13;5;10;12;
*02DO+~~~31;;;;;;;13.05.57;1;2;4;1;463;;13;10;9;18;2;16;9;3;13;5;10;12;
*02AH=G9~91~H~O;s;p;;;;;13.06.01;1;2;4;1;466;;13;10;9;18;2;16;9;3;13;5;10;12;
a$$&H#;s;;;;;;13.06.01;1;2;4;1;466;;13;10;9;18;2;16;9;3;13;5;10;12;
ap05:07;;;;;;;13.06.11;1;2;4;1;471;;13;10;9;18;2;16;9;3;13;5;10;12;
az3;;;;;;;13.06.11;1;2;3;1;482;;13;10;9;18;2;16;3;13;5;10;12;9;
a03SQ-~~~11;;;;;;;13.06.20;1;2;3;1;491;;13;10;9;18;2;16;3;13;5;10;12;9;
*11RQ#~~~11~~~~32;;;;;;;13.06.20;1;2;3;1;491;;13;10;9;18;2;16;3;13;5;10;12;9;
*10ET+K1P;;;;;;;13.06.20;1;2;3;1;493;;13;10;9;18;2;16;3;13;5;10;12;9;
*16AT-Y8~86~H1;;r;;;;;13.06.26;1;2;3;1;494;;13;10;9;18;2;16;3;13;5;10;12;9;
a03DT+~~~86;;;;;;;13.06.26;1;2;3;1;494;;13;10;9;18;2;16;3;13;5;10;12;9;
a09AH-G9~91~H1;;p;;;;;13.06.29;1;2;3;1;497;;13;10;9;18;2;16;3;13;5;10;12;9;
*02DH+~~~91;;;;;;;13.06.29;1;2;3;1;497;;13;10;9;18;2;16;3;13;5;10;12;9;
*02AT+Y9~95~H2;;s;;;;;13.06.32;1;2;3;1;500;;13;10;9;18;2;16;3;13;5;10;12;9;
a18DT-~~~95;;;;;;;13.06.32;1;2;3;1;500;;13;10;9;18;2;16;3;13;5;10;12;9;
*18AQ-J1~35~H;;s;;;;;13.06.37;1;2;3;1;504;;13;10;9;18;2;16;3;13;5;10;12;9;
a18DQ+~~~35;;;;;;;13.06.37;1;2;3;1;504;;13;10;9;18;2;16;3;13;5;10;12;9;
a10AH#G4~41~H2O;p;p;;;;;13.06.40;1;2;3;1;507;;13;10;9;18;2;16;3;13;5;10;12;9;
*18BH=~~~~2~~2O;p;;;;;;13.06.40;1;2;3;1;507;;13;10;9;18;2;16;3;13;5;10;12;9;
ap05:08;;;;;;;13.06.43;1;2;3;1;512;;13;10;9;18;2;16;3;13;5;10;12;9;
a03SQ-~~~16;;;;;;;13.07.01;1;2;3;1;532;;13;10;9;18;2;16;3;13;5;10;12;9;
*16RQ#~~~16~~~~33;;;;;;;13.07.01;1;2;3;1;532;;13;10;9;18;2;16;3;13;5;10;12;9;
*10EQ+K1C;;;;;;;13.07.01;1;2;3;1;534;;13;10;9;18;2;16;3;13;5;10;12;9;
*18AQ#J1~35~H2F;s;r;;;;;13.07.07;1;2;3;1;535;;13;10;9;18;2;16;3;13;5;10;12;9;
a10BQ=~~~~3~~2F;s;;;;;;13.07.07;1;2;3;1;535;;13;10;9;18;2;16;3;13;5;10;12;9;
*p06:08;;;;;;;13.07.11;1;2;3;1;540;;13;10;9;18;2;16;3;13;5;10;12;9;
*z1;;;;;;;13.07.11;1;1;3;1;542;;10;9;18;2;16;13;3;13;5;10;12;9;
*10SM+~~~11;;;;;;;13.07.25;1;1;3;1;556;;10;9;18;2;16;13;3;13;5;10;12;9;
a03RM-~~~11;;;;;;;13.07.25;1;1;3;1;556;;10;9;18;2;16;13;3;13;5;10;12;9;
a10AH-G4~45~H2;;r;;;;;13.07.31;1;1;3;1;559;;10;9;18;2;16;13;3;13;5;10;12;9;
*11DH+~~~45;;;;;;;13.07.31;1;1;3;1;559;;10;9;18;2;16;13;3;13;5;10;12;9;
*02AT#W2~26~H2O;p;p;;;;;13.07.34;1;1;3;1;562;;10;9;18;2;16;13;3;13;5;10;12;9;
a10BT=~~~~4~~2O;p;;;;;;13.07.34;1;1;3;1;562;;10;9;18;2;16;13;3;13;5;10;12;9;
*p07:08;;;;;;;13.07.37;1;1;3;1;567;;10;9;18;2;16;13;3;13;5;10;12;9;
*10SM-~~~16;;;;;;;13.07.52;1;1;3;1;583;;10;9;18;2;16;13;3;13;5;10;12;9;
a18RM#~~~16~~~~33;;;;;;;13.07.52;1;1;3;1;583;;10;9;18;2;16;13;3;13;5;10;12;9;
a05EQ+K1C;;;;;;;13.07.52;1;1;3;1;585;;10;9;18;2;16;13;3;13;5;10;12;9;
a13AQ#J4~31~H2F;s;r;;;;;13.07.57;1;1;3;1;586;;10;9;18;2;16;13;3;13;5;10;12;9;
*02BQ=~~~~3~~2F;s;;;;;;13.07.57;1;1;3;1;586;;10;9;18;2;16;13;3;13;5;10;12;9;
ap07:09;;;;;;;13.08.00;1;1;3;1;591;;10;9;18;2;16;13;3;13;5;10;12;9;
az2;;;;;;;13.08.00;1;1;2;1;591;;10;9;18;2;16;13;13;5;10;12;9;3;
a13SM+~~~51;;;;;;;13.08.17;1;1;2;1;608;;10;9;18;2;16;13;13;5;10;12;9;3;
*09RM-~~~51;;;;;;;13.08.17;1;1;2;1;608;;10;9;18;2;16;13;13;5;10;12;9;3;
*02AH#G4~46~H2F;s;r;;;;;13.08.26;1;1;2;1;611;;10;9;18;2;16;13;13;5;10;12;9;3;
a05BH=~~~~2~~2F;s;;;;;;13.08.26;1;1;2;1;611;;10;9;18;2;16;13;13;5;10;12;9;3;
*p08:09;;;;;;;13.08.29;1;1;2;1;616;;10;9;18;2;16;13;13;5;10;12;9;3;
*z6;;;;;;;13.08.29;1;6;2;1;620;;9;18;2;16;13;10;13;5;10;12;9;3;
*09SQ-~~~15;;;;;;;13.08.43;1;6;2;1;634;;9;18;2;16;13;10;13;5;10;12;9;3;
a10RQ#~~~15~~~~33;;;;;;;13.08.43;1;6;2;1;634;;9;18;2;16;13;10;13;5;10;12;9;3;
a05ET+K1B;;;;;;;13.08.43;1;6;2;1;636;;9;18;2;16;13;10;13;5;10;12;9;3;
a09AT-Y9~96~H1;;r;;;;;13.08.50;1;6;2;1;637;;9;18;2;16;13;10;13;5;10;12;9;3;
*09DT+~~~96;;;;;;;13.08.50;1;6;2;1;637;;9;18;2;16;13;10;13;5;10;12;9;3;
*16AH-G4~41~T2;;p;;;;;13.08.54;1;6;2;1;640;;9;18;2;16;13;10;13;5;10;12;9;3;
a09DH+~~~41;;;;;;;13.08.54;1;6;2;1;640;;9;18;2;16;13;10;13;5;10;12;9;3;
a10AT#W4~47~H2;s;s;;;;;13.08.57;1;6;2;1;643;;9;18;2;16;13;10;13;5;10;12;9;3;
*$$&H=;s;;;;;;13.08.57;1;6;2;1;643;;9;18;2;16;13;10;13;5;10;12;9;3;
ap08:10;;;;;;;13.09.08;1;6;2;1;648;;9;18;2;16;13;10;13;5;10;12;9;3;
az1;;;;;;;13.09.08;1;6;1;1;659;;9;18;2;16;13;10;5;10;12;9;3;13;
a05SM+~~~11;;;;;;;13.09.16;1;6;1;1;667;;9;18;2;16;13;10;5;10;12;9;3;13;
*09RM-~~~11;;;;;;;13.09.16;1;6;1;1;667;;9;18;2;16;13;10;5;10;12;9;3;13;
*02AH+G2~21~H2;;r;;;;;13.09.23;1;6;1;1;670;;9;18;2;16;13;10;5;10;12;9;3;13;
a12BH-~~~~4~~2;;;;;;;13.09.23;1;6;1;1;670;;9;18;2;16;13;10;5;10;12;9;3;13;
*11DH+;;;;;;;13.09.23;1;6;1;1;670;;9;18;2;16;13;10;5;10;12;9;3;13;
*02AT#W2~28~T2;s;s;;;;;13.09.27;1;6;1;1;673;;9;18;2;16;13;10;5;10;12;9;3;13;
a$$&H=;s;;;;;;13.09.27;1;6;1;1;673;;9;18;2;16;13;10;5;10;12;9;3;13;
*p09:10;;;;;;;13.09.31;1;6;1;1;678;;9;18;2;16;13;10;5;10;12;9;3;13;
*z5;;;;;;;13.09.31;1;5;1;1;682;;18;2;16;13;10;9;5;10;12;9;3;13;
*18SM!~~~55;;;;;;;13.09.48;1;5;1;1;699;;18;2;16;13;10;9;5;10;12;9;3;13;
a03RM!~~~55~~~~41;;;;;;;13.09.48;1;5;1;1;699;;18;2;16;13;10;9;5;10;12;9;3;13;
a05ET+KFB;;;;;;;13.09.48;1;5;1;1;701;;18;2;16;13;10;9;5;10;12;9;3;13;
a10AT-W2~21~H2;;r;;;;;13.09.56;1;5;1;1;702;;18;2;16;13;10;9;5;10;12;9;3;13;
*13BT+~~~~4~~2;;;;;;;13.09.56;1;5;1;1;702;;18;2;16;13;10;9;5;10;12;9;3;13;
*09DH+;;;;;;;13.09.58;1;5;1;1;702;;18;2;16;13;10;9;5;10;12;9;3;13;
*02AT#W2~29~H1;p;p;;;;;13.10.00;1;5;1;1;705;;18;2;16;13;10;9;5;10;12;9;3;13;
a05DT=~~~29;p;;;;;;13.10.00;1;5;1;1;705;;18;2;16;13;10;9;5;10;12;9;3;13;
*p10:10;;;;;;;13.10.06;1;5;1;1;711;;18;2;16;13;10;9;5;10;12;9;3;13;
*18SM+~~~55;;;;;;;13.10.25;1;5;1;1;736;;18;2;16;13;10;9;5;10;12;9;3;13;
a03RM-~~~55;;;;;;;13.10.25;1;5;1;1;736;;18;2;16;13;10;9;5;10;12;9;3;13;
a10AH+G2~24~T2;;r;;;;;13.10.31;1;5;1;1;739;;18;2;16;13;10;9;5;10;12;9;3;13;
*13BH-~~~~4~~2;;;;;;;13.10.31;1;5;1;1;739;;18;2;16;13;10;9;5;10;12;9;3;13;
a10DH+;;;;;;;13.10.31;1;5;1;1;739;;18;2;16;13;10;9;5;10;12;9;3;13;
a09AH#G4~41~H2;s;s;;;;;13.10.34;1;5;1;1;742;;18;2;16;13;10;9;5;10;12;9;3;13;
*$$&H=;s;;;;;;13.10.34;1;5;1;1;742;;18;2;16;13;10;9;5;10;12;9;3;13;
ap10:11;;;;;;;13.10.45;1;5;1;1;747;;18;2;16;13;10;9;5;10;12;9;3;13;
az6;;;;;;;13.10.45;1;5;6;1;756;;18;2;16;13;10;9;10;12;9;3;13;5;
a10SQ-~~~65;;;;;;;13.10.55;1;5;6;1;766;;18;2;16;13;10;9;10;12;9;3;13;5;
*16RQ+~~~65~~~~33;;;;;;;13.10.55;1;5;6;1;766;;18;2;16;13;10;9;10;12;9;3;13;5;
*10EQ+K1C;;;;;;;13.10.55;1;5;6;1;768;;18;2;16;13;10;9;10;12;9;3;13;5;
*13AQ#J4~31~H1;s;r;;;;;13.10.59;1;5;6;1;769;;18;2;16;13;10;9;10;12;9;3;13;5;
a$$&H=;s;;;;;;13.10.59;1;5;6;1;769;;18;2;16;13;10;9;10;12;9;3;13;5;
*p11:11;;;;;;;13.11.03;1;5;6;1;774;;18;2;16;13;10;9;10;12;9;3;13;5;
*z4;;;;;;;13.11.03;1;4;6;1;774;;2;16;13;10;9;18;10;12;9;3;13;5;
*02SQ-~~~65;;;;;;;13.11.19;1;4;6;1;790;;2;16;13;10;9;18;10;12;9;3;13;5;
a03RQ+~~~65~~~~41;;;;;;;13.11.19;1;4;6;1;790;;2;16;13;10;9;18;10;12;9;3;13;5;
a05ET+KFB;;;;;;;13.11.19;1;4;6;1;792;;2;16;13;10;9;18;10;12;9;3;13;5;
a09AT#W2~21~H1;s;r;;;;;13.11.26;1;4;6;1;793;;2;16;13;10;9;18;10;12;9;3;13;5;
*$$&H=;s;;;;;;13.11.26;1;4;6;1;793;;2;16;13;10;9;18;10;12;9;3;13;5;
ap11:12;;;;;;;13.11.29;1;4;6;1;798;;2;16;13;10;9;18;10;12;9;3;13;5;
az5;;;;;;;13.11.29;1;4;5;1;800;;2;16;13;10;9;18;12;9;3;13;5;10;
a12SQ-~~~51;;;;;;;13.11.45;1;4;5;1;816;;2;16;13;10;9;18;12;9;3;13;5;10;
*11RQ+~~~51~~~~34;;;;;;;13.11.45;1;4;5;1;816;;2;16;13;10;9;18;12;9;3;13;5;10;
*10ET+KFB;;;;;;;13.11.45;1;4;5;1;818;;2;16;13;10;9;18;12;9;3;13;5;10;
*02AT#Y9~96~H2O;s;r;;;;;13.11.54;1;4;5;1;819;;2;16;13;10;9;18;12;9;3;13;5;10;
a13BT=~~~~4~~2O;s;;;;;;13.11.54;1;4;5;1;819;;2;16;13;10;9;18;12;9;3;13;5;10;
*p12:12;;;;;;;13.11.57;1;4;5;1;824;;2;16;13;10;9;18;12;9;3;13;5;10;
*z3;;;;;;;13.11.57;1;3;5;1;828;;16;13;10;9;18;2;12;9;3;13;5;10;
*16SQ-~~~66;;;;;;;13.12.18;1;3;5;1;849;;16;13;10;9;18;2;12;9;3;13;5;10;
a10RQ#~~~66~~~~32;;;;;;;13.12.18;1;3;5;1;849;;16;13;10;9;18;2;12;9;3;13;5;10;
a05ET+K1F;;;;;;;13.12.18;1;3;5;1;851;;16;13;10;9;18;2;12;9;3;13;5;10;
a03AT-W4~42~T2;;r;;;;;13.12.25;1;3;5;1;852;;16;13;10;9;18;2;12;9;3;13;5;10;
*02DT+~~~42;;;;;;;13.12.25;1;3;5;1;852;;16;13;10;9;18;2;12;9;3;13;5;10;
*09AH=G4~41~H0S;s;p;;;;;13.12.28;1;3;5;1;855;;16;13;10;9;18;2;12;9;3;13;5;10;
a$$&H#;s;;;;;;13.12.28;1;3;5;1;855;;16;13;10;9;18;2;12;9;3;13;5;10;
ap12:13;;;;;;;13.12.31;1;3;5;1;860;;16;13;10;9;18;2;12;9;3;13;5;10;
az4;;;;;;;13.12.31;1;3;4;1;862;;16;13;10;9;18;2;9;3;13;5;10;12;
a09SQ-~~~16;;;;;;;13.12.46;1;3;4;1;877;;16;13;10;9;18;2;9;3;13;5;10;12;
*11RQ+~~~16~~~~33;;;;;;;13.12.46;1;3;4;1;877;;16;13;10;9;18;2;9;3;13;5;10;12;
*10ET+K3P;;;;;;;13.12.46;1;3;4;1;879;;16;13;10;9;18;2;9;3;13;5;10;12;
*16AT-Y8~85~H2;;r;;;;;13.12.52;1;3;4;1;880;;16;13;10;9;18;2;9;3;13;5;10;12;
a18DT+~~~85;;;;;;;13.12.52;1;3;4;1;880;;16;13;10;9;18;2;9;3;13;5;10;12;
a03AH-G4~41~H2;;p;;;;;13.12.56;1;3;4;1;883;;16;13;10;9;18;2;9;3;13;5;10;12;
*10BH+~~~~2~~2;;;;;;;13.12.56;1;3;4;1;883;;16;13;10;9;18;2;9;3;13;5;10;12;
*09AH#G4~45~H2S;s;s;;;;;13.12.59;1;3;4;1;886;;16;13;10;9;18;2;9;3;13;5;10;12;
a13BH=~~~~2~~2S;s;;;;;;13.12.59;1;3;4;1;886;;16;13;10;9;18;2;9;3;13;5;10;12;
*p13:13;;;;;;;13.13.03;1;3;4;1;891;;16;13;10;9;18;2;9;3;13;5;10;12;
*z2;;;;;;;13.13.03;1;2;4;1;894;;13;10;9;18;2;16;9;3;13;5;10;12;
*13SM-~~~55;;;;;;;13.13.23;1;2;4;1;914;;13;10;9;18;2;16;9;3;13;5;10;12;
a03RM#~~~55;;;;;;;13.13.23;1;2;4;1;914;;13;10;9;18;2;16;9;3;13;5;10;12;
a05ET+K1B;;;;;;;13.13.23;1;2;4;1;916;;13;10;9;18;2;16;9;3;13;5;10;12;
a09AT#Y9~91~H1;s;r;;;;;13.13.30;1;2;4;1;917;;13;10;9;18;2;16;9;3;13;5;10;12;
*$$&H=;s;;;;;;13.13.30;1;2;4;1;917;;13;10;9;18;2;16;9;3;13;5;10;12;
ap13:14;;;;;;;13.13.38;1;2;4;1;922;;13;10;9;18;2;16;9;3;13;5;10;12;
az3;;;;;;;13.13.39;1;2;3;1;930;;13;10;9;18;2;16;3;13;5;10;12;9;
a03SQ!~~~11;;;;;;;13.13.50;1;2;3;1;941;;13;10;9;18;2;16;3;13;5;10;12;9;
*11RQ!~~~11~~~~21;;;;;;;13.13.50;1;2;3;1;941;;13;10;9;18;2;16;3;13;5;10;12;9;
*10ET+KBP;;;;;;;13.13.50;1;2;3;1;943;;13;10;9;18;2;16;3;13;5;10;12;9;
*16AT#Y8~85~H1;s;r;;;;;13.13.57;1;2;3;1;944;;13;10;9;18;2;16;3;13;5;10;12;9;
a$$&H=;s;;;;;;13.13.57;1;2;3;1;944;;13;10;9;18;2;16;3;13;5;10;12;9;
*p14:14;;;;;;;13.14.02;1;2;3;1;949;;13;10;9;18;2;16;3;13;5;10;12;9;
*z1;;;;;;;13.14.02;1;1;3;1;953;;10;9;18;2;16;13;3;13;5;10;12;9;
*10SM-~~~11;;;;;;;13.14.13;1;1;3;1;964;;10;9;18;2;16;13;3;13;5;10;12;9;
a03RM+~~~11~~~~32;;;;;;;13.14.13;1;1;3;1;964;;10;9;18;2;16;13;3;13;5;10;12;9;
a05EQ+K1C;;;;;;;13.14.13;1;1;3;1;966;;10;9;18;2;16;13;3;13;5;10;12;9;
a13AQ#J4~31~H1;s;r;;;;;13.14.18;1;1;3;1;967;;10;9;18;2;16;13;3;13;5;10;12;9;
*$$&H=;s;;;;;;13.14.18;1;1;3;1;967;;10;9;18;2;16;13;3;13;5;10;12;9;
ap14:15;;;;;;;13.14.21;1;1;3;1;972;;10;9;18;2;16;13;3;13;5;10;12;9;
az2;;;;;;;13.14.21;1;1;2;1;972;;10;9;18;2;16;13;13;5;10;12;9;3;
a13SM-~~~55;;;;;;;13.14.38;1;1;2;1;989;;10;9;18;2;16;13;13;5;10;12;9;3;
*16RM+~~~55~~~~32;;;;;;;13.14.38;1;1;2;1;989;;10;9;18;2;16;13;13;5;10;12;9;3;
*10EQ+K2C;;;;;;;13.14.38;1;1;2;1;991;;10;9;18;2;16;13;13;5;10;12;9;3;
*18AQ#J2~31~H2F;s;r;;;;;13.14.45;1;1;2;1;992;;10;9;18;2;16;13;13;5;10;12;9;3;
a12BQ=~~~~3~~2F;s;;;;;;13.14.45;1;1;2;1;992;;10;9;18;2;16;13;13;5;10;12;9;3;
*p15:15;;;;;;;13.14.49;1;1;2;1;997;;10;9;18;2;16;13;13;5;10;12;9;3;
*z6;;;;;;;13.14.49;1;6;2;1;1000;;9;18;2;16;13;10;13;5;10;12;9;3;
*09SQ#~~~15~~~~CHECK;p;;;;;;13.15.08;1;6;2;1;1019;;9;18;2;16;13;10;13;5;10;12;9;3;
a10RQ=~~~15~L;p;;;;;;13.15.08;1;6;2;1;1019;;9;18;2;16;13;10;13;5;10;12;9;3;
*p16:15;;;;;;;13.15.19;1;6;2;1;1024;;9;18;2;16;13;10;13;5;10;12;9;3;
*09SQ+~~~11;;;;;;;13.16.16;1;6;2;1;1087;;9;18;2;16;13;10;13;5;10;12;9;3;
a18RQ-~~~11;;;;;;;13.16.16;1;6;2;1;1087;;9;18;2;16;13;10;13;5;10;12;9;3;
a10AH#G4~46~H2O;s;r;;;;;13.16.23;1;6;2;1;1090;;9;18;2;16;13;10;13;5;10;12;9;3;
*18BH=~~~~2~~2O;s;;;;;;13.16.23;1;6;2;1;1090;;9;18;2;16;13;10;13;5;10;12;9;3;
ap16:16;;;;;;;13.16.27;1;6;2;1;1095;;9;18;2;16;13;10;13;5;10;12;9;3;
az1;;;;;;;13.16.27;1;6;1;1;1098;;9;18;2;16;13;10;5;10;12;9;3;13;
a05SM+~~~11;;;;;;;13.16.43;1;6;1;1;1114;;9;18;2;16;13;10;5;10;12;9;3;13;
*09RM-~~~11;;;;;;;13.16.43;1;6;1;1;1114;;9;18;2;16;13;10;5;10;12;9;3;13;
*02AH#G2~29~H2;s;r;;;;;13.16.49;1;6;1;1;1117;;9;18;2;16;13;10;5;10;12;9;3;13;
a$$&H=;s;;;;;;13.16.49;1;6;1;1;1117;;9;18;2;16;13;10;5;10;12;9;3;13;
*p17:16;;;;;;;13.16.51;1;6;1;1;1122;;9;18;2;16;13;10;5;10;12;9;3;13;
*z5;;;;;;;13.16.51;1;5;1;1;1122;;18;2;16;13;10;9;5;10;12;9;3;13;
*c09:04;;;;;;;13.16.51;1;5;1;1;1122;;18;2;16;13;10;4;5;10;12;9;3;13;
*18SM+~~~56;;;;;;;13.17.18;1;5;1;1;1149;;18;2;16;13;10;4;5;10;12;9;3;13;
a03RM-~~~56;;;;;;;13.17.18;1;5;1;1;1149;;18;2;16;13;10;4;5;10;12;9;3;13;
a09AH+G4~46~H2;;r;;;;;13.17.25;1;5;1;1;1152;;18;2;16;13;10;4;5;10;12;9;3;13;
*04DH-~~~46;;;;;;;13.17.25;1;5;1;1;1152;;18;2;16;13;10;4;5;10;12;9;3;13;
a10AT#W2~25~H2;s;s;;;;;13.17.31;1;5;1;1;1155;;18;2;16;13;10;4;5;10;12;9;3;13;
*$$&H=;s;;;;;;13.17.31;1;5;1;1;1155;;18;2;16;13;10;4;5;10;12;9;3;13;
ap17:17;;;;;;;13.17.34;1;5;1;1;1164;;18;2;16;13;10;4;5;10;12;9;3;13;
az6;;;;;;;13.17.34;1;5;6;1;1165;;18;2;16;13;10;4;10;12;9;3;13;5;
a10SQ-~~~65;;;;;;;13.17.56;1;5;6;1;1187;;18;2;16;13;10;4;10;12;9;3;13;5;
*16RQ#~~~65~~~~33;;;;;;;13.17.56;1;5;6;1;1187;;18;2;16;13;10;4;10;12;9;3;13;5;
*10ET+K1F;;;;;;;13.17.56;1;5;6;1;1189;;18;2;16;13;10;4;10;12;9;3;13;5;
*16AT#W4~41~H2S;s;r;;;;;13.18.01;1;5;6;1;1190;;18;2;16;13;10;4;10;12;9;3;13;5;
a09BT=~~~~2~~2S;s;;;;;;13.18.01;1;5;6;1;1190;;18;2;16;13;10;4;10;12;9;3;13;5;
*p18:17;;;;;;;13.18.05;1;5;6;1;1195;;18;2;16;13;10;4;10;12;9;3;13;5;
*z4;;;;;;;13.18.05;1;4;6;1;1196;;2;16;13;10;4;18;10;12;9;3;13;5;
*02SQ#~~~61;p;;;;;;13.18.25;1;4;6;1;1216;;2;16;13;10;4;18;10;12;9;3;13;5;
a10RQ=~~~61~L;p;;;;;;13.18.25;1;4;6;1;1216;;2;16;13;10;4;18;10;12;9;3;13;5;
*p19:17;;;;;;;13.18.32;1;4;6;1;1221;;2;16;13;10;4;18;10;12;9;3;13;5;
aT;;;;;;;13.18.32;1;4;6;1;1223;;2;16;13;10;4;18;10;12;9;3;13;5;
*02SQ!~~~66;;;;;;;13.19.57;1;4;6;1;1308;;2;16;13;10;4;18;10;12;9;3;13;5;
a18RQ!~~~66;;;;;;;13.19.57;1;4;6;1;1308;;2;16;13;10;4;18;10;12;9;3;13;5;
a05ET+KEF;;;;;;;13.19.57;1;4;6;1;1310;;2;16;13;10;4;18;10;12;9;3;13;5;
a03AT-W4~46~H2;;r;;;;;13.20.03;1;4;6;1;1311;;2;16;13;10;4;18;10;12;9;3;13;5;
*13BT+~~~~2~~2;;;;;;;13.20.03;1;4;6;1;1311;;2;16;13;10;4;18;10;12;9;3;13;5;
*16AT#W4~47~H2;p;p;;;;;13.20.06;1;4;6;1;1314;;2;16;13;10;4;18;10;12;9;3;13;5;
a18DT=~~~47;p;;;;;;13.20.06;1;4;6;1;1314;;2;16;13;10;4;18;10;12;9;3;13;5;
*p20:17;;;;;;;13.20.10;1;4;6;1;1319;;2;16;13;10;4;18;10;12;9;3;13;5;
*02SQ=~~~65~~~L;s;;;;;;13.20.38;1;4;6;1;1349;;2;16;13;10;4;18;10;12;9;3;13;5;
a$$&H#;s;;;;;;13.20.38;1;4;6;1;1349;;2;16;13;10;4;18;10;12;9;3;13;5;
ap20:18;;;;;;;13.20.44;1;4;6;1;1355;;2;16;13;10;4;18;10;12;9;3;13;5;
az5;;;;;;;13.20.44;1;4;5;1;1355;;2;16;13;10;4;18;12;9;3;13;5;10;
a12SQ!~~~56;;;;;;;13.21.00;1;4;5;1;1371;;2;16;13;10;4;18;12;9;3;13;5;10;
*04RQ!~~~56~~~~32;;;;;;;13.21.00;1;4;5;1;1371;;2;16;13;10;4;18;12;9;3;13;5;10;
*10ET+K8B;;;;;;;13.21.00;1;4;5;1;1373;;2;16;13;10;4;18;12;9;3;13;5;10;
*02AT#Y9~91~H2;s;r;;;;;13.21.07;1;4;5;1;1374;;2;16;13;10;4;18;12;9;3;13;5;10;
a05DT=~~~91;s;;;;;;13.21.07;1;4;5;1;1374;;2;16;13;10;4;18;12;9;3;13;5;10;
*p21:18;;;;;;;13.21.12;1;4;5;1;1379;;2;16;13;10;4;18;12;9;3;13;5;10;
*z3;;;;;;;13.21.12;1;3;5;1;1383;;16;13;10;4;18;2;12;9;3;13;5;10;
*c04:09;;;;;;;13.21.12;1;3;5;1;1383;;16;13;10;9;18;2;12;9;3;13;5;10;
*c10:06;;;;;;;13.21.12;1;3;5;1;1383;;16;13;6;9;18;2;12;9;3;13;5;10;
*c02:05;;;;;;;13.21.12;1;3;5;1;1383;;16;13;6;9;18;5;12;9;3;13;5;10;
*P5;;;;;;;13.21.12;1;3;5;1;1383;;16;13;6;9;18;5;12;9;3;13;5;10;
*z6;;;;;;;13.21.12;1;6;5;1;1383;;16;13;6;9;18;5;12;9;3;13;5;10;
*16SQ!~~~65;;;;;;;13.22.00;1;6;5;1;1431;;16;13;6;9;18;5;12;9;3;13;5;10;
a03RQ!~~~65~~~~21;;;;;;;13.22.00;1;6;5;1;1431;;16;13;6;9;18;5;12;9;3;13;5;10;
a05ET+KBB;;;;;;;13.22.00;1;6;5;1;1433;;16;13;6;9;18;5;12;9;3;13;5;10;
a09AT#W2~21~H1;s;r;;;;;13.22.06;1;6;5;1;1434;;16;13;6;9;18;5;12;9;3;13;5;10;
*16DT=~~~21;s;;;;;;13.22.06;1;6;5;1;1434;;16;13;6;9;18;5;12;9;3;13;5;10;
ap21:19;;;;;;;13.22.09;1;6;5;1;1439;;16;13;6;9;18;5;12;9;3;13;5;10;
az4;;;;;;;13.22.09;1;6;4;1;1440;;16;13;6;9;18;5;9;3;13;5;10;12;
*c06:10;;;;;;;13.22.09;1;6;4;1;1440;;16;13;10;9;18;5;9;3;13;5;10;12;
*c05:02;;;;;;;13.22.09;1;6;4;1;1440;;16;13;10;9;18;2;9;3;13;5;10;12;
*P10;;;;;;;13.22.09;1;6;4;1;1440;;16;13;10;9;18;2;9;3;13;5;10;12;
*z3;;;;;;;13.22.09;1;3;4;1;1440;;16;13;10;9;18;2;9;3;13;5;10;12;
ac03:01;;;;;;;13.22.09;1;3;4;1;1440;;16;13;10;9;18;2;9;1;13;5;10;12;
ac09:02;;;;;;;13.22.09;1;3;4;1;1440;;16;13;10;9;18;2;2;1;13;5;10;12;
ac05:16;;;;;;;13.22.09;1;3;4;1;1440;;16;13;10;9;18;2;2;1;13;16;10;12;
aP2;;;;;;;13.22.09;1;3;4;1;1440;;16;13;10;9;18;2;2;1;13;16;10;12;
az1;;;;;;;13.22.09;1;3;1;1;1440;;16;13;10;9;18;2;2;1;13;16;10;12;
*T;;;;;;;13.22.09;1;3;1;1;1440;;16;13;10;9;18;2;2;1;13;16;10;12;
a02SM/~~~16;;;;;;;13.24.20;1;3;1;1;1571;;16;13;10;9;18;2;2;1;13;16;10;12;
*11RM/~~~16;;;;;;;13.24.20;1;3;1;1;1571;;16;13;10;9;18;2;2;1;13;16;10;12;
a16AT-W2~21~H1;;p;;;;;13.24.29;1;3;1;1;1574;;16;13;10;9;18;2;2;1;13;16;10;12;
*09BT+~~~~4~~1;;;;;;;13.24.29;1;3;1;1;1574;;16;13;10;9;18;2;2;1;13;16;10;12;
*10DH+;;;;;;;13.24.32;1;3;1;1;1574;;16;13;10;9;18;2;2;1;13;16;10;12;
*02AH#G9~91~H2;s;s;;;;;13.24.33;1;3;1;1;1577;;16;13;10;9;18;2;2;1;13;16;10;12;
a$$&H=;s;;;;;;13.24.33;1;3;1;1;1577;;16;13;10;9;18;2;2;1;13;16;10;12;
*p22:19;;;;;;;13.24.37;1;3;1;1;1587;;16;13;10;9;18;2;2;1;13;16;10;12;
*z2;;;;;;;13.24.37;1;2;1;1;1588;;13;10;9;18;2;16;2;1;13;16;10;12;
*13SM+~~~51;;;;;;;13.24.55;1;2;1;1;1606;;13;10;9;18;2;16;2;1;13;16;10;12;
a18RM-~~~51;;;;;;;13.24.55;1;2;1;1;1606;;13;10;9;18;2;16;2;1;13;16;10;12;
a16AH#G4~42~H2S;s;r;;;;;13.25.01;1;2;1;1;1609;;13;10;9;18;2;16;2;1;13;16;10;12;
*02DH=~~~~2;s;;;;;;13.25.01;1;2;1;1;1609;;13;10;9;18;2;16;2;1;13;16;10;12;
ap22:20;;;;;;;13.25.06;1;2;1;1;1615;;13;10;9;18;2;16;2;1;13;16;10;12;
az6;;;;;;;13.25.07;1;2;6;1;1618;;13;10;9;18;2;16;1;13;16;10;12;2;
ac01:03;;;;;;;13.25.07;1;2;6;1;1618;;13;10;9;18;2;16;3;13;16;10;12;2;
a03SM!~~~16;;;;;;;13.25.47;1;2;6;1;1658;;13;10;9;18;2;16;3;13;16;10;12;2;
*16RM!~~~16~~~~22;;;;;;;13.25.47;1;2;6;1;1658;;13;10;9;18;2;16;3;13;16;10;12;2;
*10ET+KBF;;;;;;;13.25.47;1;2;6;1;1660;;13;10;9;18;2;16;3;13;16;10;12;2;
*09AT#W4~47~H;s;r;;;;;13.25.52;1;2;6;1;1661;;13;10;9;18;2;16;3;13;16;10;12;2;
a03DT=~~~47;s;;;;;;13.25.52;1;2;6;1;1661;;13;10;9;18;2;16;3;13;16;10;12;2;
*p23:20;;;;;;;13.25.56;1;2;6;1;1666;;13;10;9;18;2;16;3;13;16;10;12;2;
*z1;;;;;;;13.25.56;1;1;6;1;1667;;10;9;18;2;16;13;3;13;16;10;12;2;
*10SM-~~~18;;;;;;;13.26.33;1;1;6;1;1704;;10;9;18;2;16;13;3;13;16;10;12;2;
a03RM#~~~18~~~~33;;;;;;;13.26.45;1;1;6;1;1704;;10;9;18;2;16;13;3;13;16;10;12;2;
a02ET+K1F;;;;;;;13.26.45;1;1;6;1;1706;;10;9;18;2;16;13;3;13;16;10;12;2;
a10AT-W4~45~H2;;r;;;;;13.26.38;1;1;6;1;1707;;10;9;18;2;16;13;3;13;16;10;12;2;
*18BT+~~~~2~~2;;;;;;;13.26.38;1;1;6;1;1707;;10;9;18;2;16;13;3;13;16;10;12;2;
*16EH=~~~~~~~~U;s;;;;;;13.26.43;1;1;6;1;1707;;10;9;18;2;16;13;3;13;16;10;12;2;
a$$&H#;s;;;;;;13.26.43;1;1;6;1;1707;;10;9;18;2;16;13;3;13;16;10;12;2;
ap23:21;;;;;;;13.26.45;1;1;6;1;1712;;10;9;18;2;16;13;3;13;16;10;12;2;
*T;;;;;;;13.26.45;1;1;6;1;1716;;10;9;18;2;16;13;3;13;16;10;12;2;
az5;;;;;;;13.26.45;1;1;5;1;1716;;10;9;18;2;16;13;13;16;10;12;2;3;
a13SM-~~~56;;;;;;;13.27.55;1;1;5;1;1786;;10;9;18;2;16;13;13;16;10;12;2;3;
*11RM#~~~56~~~~33;;;;;;;13.27.55;1;1;5;1;1786;;10;9;18;2;16;13;13;16;10;12;2;3;
*10EQ+K1C;;;;;;;13.27.55;1;1;5;1;1788;;10;9;18;2;16;13;13;16;10;12;2;3;
*18AQ#J4~31~H1S;s;r;;;;;13.28.01;1;1;5;1;1789;;10;9;18;2;16;13;13;16;10;12;2;3;
a12BQ=~~~~3~~1S;s;;;;;;13.28.01;1;1;5;1;1789;;10;9;18;2;16;13;13;16;10;12;2;3;
*p24:21;;;;;;;13.28.05;1;1;5;1;1794;;10;9;18;2;16;13;13;16;10;12;2;3;
*z6;;;;;;;13.28.05;1;6;5;1;1796;;9;18;2;16;13;10;13;16;10;12;2;3;
*09SQ=~~~11~~~O;s;;;;;;13.28.22;1;6;5;1;1813;;9;18;2;16;13;10;13;16;10;12;2;3;
a$$&H#;s;;;;;;13.28.22;1;6;5;1;1813;;9;18;2;16;13;10;13;16;10;12;2;3;
ap24:22;;;;;;;13.28.27;1;6;5;1;1818;;9;18;2;16;13;10;13;16;10;12;2;3;
az5;;;;;;;13.28.27;1;6;5;1;1818;;9;18;2;16;13;10;13;16;10;12;2;3;
ac16:05;;;;;;;13.28.27;1;6;5;1;1818;;9;18;2;16;13;10;13;5;10;12;2;3;
ac02:09;;;;;;;13.28.27;1;6;5;1;1818;;9;18;2;16;13;10;13;5;10;12;9;3;
aP5;;;;;;;13.28.27;1;6;5;1;1818;;9;18;2;16;13;10;13;5;10;12;9;3;
az1;;;;;;;13.28.27;1;6;1;1;1818;;9;18;2;16;13;10;5;10;12;9;3;13;
a05SM!~~~11;;;;;;;13.28.56;1;6;1;1;1844;;9;18;2;16;13;10;5;10;12;9;3;13;
*09RM!~~~11~~~~21;;;;;;;13.28.56;1;6;1;1;1844;;9;18;2;16;13;10;5;10;12;9;3;13;
*10EQ+KBC;;;;;;;13.28.56;1;6;1;1;1844;;9;18;2;16;13;10;5;10;12;9;3;13;
*18AQ+J3~36~H2;;r;;;;;13.29.02;1;6;1;1;1847;;9;18;2;16;13;10;5;10;12;9;3;13;
a18DQ-~~~36;;;;;;;13.29.02;1;6;1;1;1847;;9;18;2;16;13;10;5;10;12;9;3;13;
*02AT#W2~21~H2F;s;s;;;;;13.29.04;1;6;1;1;1850;;9;18;2;16;13;10;5;10;12;9;3;13;
a12BT=~~~~4~~2F;s;;;;;;13.29.04;1;6;1;1;1850;;9;18;2;16;13;10;5;10;12;9;3;13;
*p25:22;;;;;;;13.29.08;1;6;1;1;1855;;9;18;2;16;13;10;5;10;12;9;3;13;
**1set;;;;;;;13.29.08;2;6;1;1;1859;;;;;;;;;;;;;;
*P10>LUp;;;;;;;13.29.08;2;6;1;1;1859;;9;18;2;16;13;10;5;10;12;9;3;13;
*z6>LUp;;;;;;;13.29.08;2;6;1;1;1859;;9;18;2;16;13;10;5;10;12;9;3;13;
aP05>LUp;;;;;;;13.29.08;2;6;1;1;1859;;9;18;2;16;13;10;5;10;12;9;3;13;
az1>LUp;;;;;;;13.29.08;2;6;1;1;1859;;9;18;2;16;13;10;5;10;12;9;3;13;
a05SM=~~~11~~~N;s;;;;;;13.33.35;2;6;1;1;2126;;9;18;2;16;13;10;5;10;12;9;3;13;
*$$&H#;s;;;;;;13.33.35;2;6;1;1;2126;;9;18;2;16;13;10;5;10;12;9;3;13;
*p01:00;;;;;;;13.33.43;2;6;1;1;2129;;9;18;2;16;13;10;5;10;12;9;3;13;
*z5;;;;;;;13.33.43;2;5;1;1;2134;;18;2;16;13;10;9;5;10;12;9;3;13;
*18SM#~~~56;p;;;;;;13.33.56;2;5;1;1;2147;;18;2;16;13;10;9;5;10;12;9;3;13;
a03RM=~~~56~R;p;;;;;;13.33.56;2;5;1;1;2147;;18;2;16;13;10;9;5;10;12;9;3;13;
*p02:00;;;;;;;13.34.04;2;5;1;1;2152;;18;2;16;13;10;9;5;10;12;9;3;13;
*18SM-~~~55;;;;;;;13.34.25;2;5;1;1;2176;;18;2;16;13;10;9;5;10;12;9;3;13;
a03RM#~~~55~~~~33;;;;;;;13.34.25;2;5;1;1;2176;;18;2;16;13;10;9;5;10;12;9;3;13;
a05ET+K1B;;;;;;;13.34.25;2;5;1;1;2178;;18;2;16;13;10;9;5;10;12;9;3;13;
a10AT/W2~26~H2;p;r;;;;;13.34.32;2;5;1;1;2179;;18;2;16;13;10;9;5;10;12;9;3;13;
*16BT#~~~~4~~2;p;;;;;;13.34.32;2;5;1;1;2179;;18;2;16;13;10;9;5;10;12;9;3;13;
*p03:00;;;;;;;13.34.34;2;5;1;1;2184;;18;2;16;13;10;9;5;10;12;9;3;13;
*18SM!~~~55;;;;;;;13.34.54;2;5;1;1;2205;;18;2;16;13;10;9;5;10;12;9;3;13;
a03RM!~~~55~~~~33;;;;;;;13.34.54;2;5;1;1;2205;;18;2;16;13;10;9;5;10;12;9;3;13;
a05ET+K2F;;;;;;;13.34.54;2;5;1;1;2207;;18;2;16;13;10;9;5;10;12;9;3;13;
a09AT#W4~45~H2;s;r;;;;;13.35.01;2;5;1;1;2208;;18;2;16;13;10;9;5;10;12;9;3;13;
*$$&H=;s;;;;;;13.35.01;2;5;1;1;2208;;18;2;16;13;10;9;5;10;12;9;3;13;
ap03:01;;;;;;;13.35.02;2;5;1;1;2213;;18;2;16;13;10;9;5;10;12;9;3;13;
az6;;;;;;;13.35.02;2;5;6;1;2213;;18;2;16;13;10;9;10;12;9;3;13;5;
a10SQ-~~~61;;;;;;;13.35.22;2;5;6;1;2233;;18;2;16;13;10;9;10;12;9;3;13;5;
*11RQ#~~~61~~~~33;;;;;;;13.35.22;2;5;6;1;2233;;18;2;16;13;10;9;10;12;9;3;13;5;
*10ET+K1F;;;;;;;13.35.22;2;5;6;1;2235;;18;2;16;13;10;9;10;12;9;3;13;5;
*16AT#W4~45~H2S;s;r;;;;;13.35.29;2;5;6;1;2236;;18;2;16;13;10;9;10;12;9;3;13;5;
a12BT=~~~~2~~2S;s;;;;;;13.35.29;2;5;6;1;2236;;18;2;16;13;10;9;10;12;9;3;13;5;
*p04:01;;;;;;;13.35.35;2;5;6;1;2241;;18;2;16;13;10;9;10;12;9;3;13;5;
*z4;;;;;;;13.35.35;2;4;6;1;2246;;2;16;13;10;9;18;10;12;9;3;13;5;
*02SQ-~~~66;;;;;;;13.35.49;2;4;6;1;2260;;2;16;13;10;9;18;10;12;9;3;13;5;
a18RQ+~~~66~~~~33;;;;;;;13.35.49;2;4;6;1;2260;;2;16;13;10;9;18;10;12;9;3;13;5;
a05EQ+K1C;;;;;;;13.35.49;2;4;6;1;2262;;2;16;13;10;9;18;10;12;9;3;13;5;
a12AQ#J1~35~H1;s;r;;;;;13.35.55;2;4;6;1;2263;;2;16;13;10;9;18;10;12;9;3;13;5;
*$$&H=;s;;;;;;13.35.55;2;4;6;1;2263;;2;16;13;10;9;18;10;12;9;3;13;5;
ap04:02;;;;;;;13.36.00;2;4;6;1;2268;;2;16;13;10;9;18;10;12;9;3;13;5;
az5;;;;;;;13.36.00;2;4;5;1;2271;;2;16;13;10;9;18;12;9;3;13;5;10;
a12SQ-~~~56;;;;;;;13.36.16;2;4;5;1;2287;;2;16;13;10;9;18;12;9;3;13;5;10;
*09RQ+~~~56~~~~33;;;;;;;13.36.16;2;4;5;1;2287;;2;16;13;10;9;18;12;9;3;13;5;10;
*10EQ+K1C;;;;;;;13.36.16;2;4;5;1;2289;;2;16;13;10;9;18;12;9;3;13;5;10;
*13AQ#J4~35~H1;s;r;;;;;13.36.22;2;4;5;1;2290;;2;16;13;10;9;18;12;9;3;13;5;10;
a$$&H=;s;;;;;;13.36.22;2;4;5;1;2290;;2;16;13;10;9;18;12;9;3;13;5;10;
*p05:02;;;;;;;13.36.37;2;4;5;1;2295;;2;16;13;10;9;18;12;9;3;13;5;10;
*z3;;;;;;;13.36.37;2;3;5;1;2308;;16;13;10;9;18;2;12;9;3;13;5;10;
*16SQ+~~~65;;;;;;;13.36.47;2;3;5;1;2318;;16;13;10;9;18;2;12;9;3;13;5;10;
a03RQ-~~~65;;;;;;;13.36.47;2;3;5;1;2318;;16;13;10;9;18;2;12;9;3;13;5;10;
a09AH=G2~21~H~O;p;r;;;;;13.36.53;2;3;5;1;2321;;16;13;10;9;18;2;12;9;3;13;5;10;
*$$&H#;p;;;;;;13.36.53;2;3;5;1;2321;;16;13;10;9;18;2;12;9;3;13;5;10;
*p06:02;;;;;;;13.36.55;2;3;5;1;2326;;16;13;10;9;18;2;12;9;3;13;5;10;
aT;;;;;;;13.37.25;2;3;5;1;2356;;16;13;10;9;18;2;12;9;3;13;5;10;
*16SQ-~~~61;;;;;;;13.38.04;2;3;5;1;2395;;16;13;10;9;18;2;12;9;3;13;5;10;
a18RQ#~~~61;;;;;;;13.38.04;2;3;5;1;2395;;16;13;10;9;18;2;12;9;3;13;5;10;
a05EQ+K1C;;;;;;;13.38.04;2;3;5;1;2397;;16;13;10;9;18;2;12;9;3;13;5;10;
a13AQ#J1~35~H;s;r;;;;;13.38.11;2;3;5;1;2398;;16;13;10;9;18;2;12;9;3;13;5;10;
*$$&H=;s;;;;;;13.38.11;2;3;5;1;2398;;16;13;10;9;18;2;12;9;3;13;5;10;
ap06:03;;;;;;;13.38.18;2;3;5;1;2403;;16;13;10;9;18;2;12;9;3;13;5;10;
az4;;;;;;;13.38.18;2;3;4;1;2409;;16;13;10;9;18;2;9;3;13;5;10;12;
a09SQ=~~~15~~~N;s;;;;;;13.38.31;2;3;4;1;2422;;16;13;10;9;18;2;9;3;13;5;10;12;
*$$&H#;s;;;;;;13.38.31;2;3;4;1;2422;;16;13;10;9;18;2;9;3;13;5;10;12;
*p07:03;;;;;;;13.38.43;2;3;4;1;2424;;16;13;10;9;18;2;9;3;13;5;10;12;
*z2;;;;;;;13.38.43;2;2;4;1;2434;;13;10;9;18;2;16;9;3;13;5;10;12;
*13SM=~~~55~~~O;s;;;;;;13.38.48;2;2;4;1;2439;;13;10;9;18;2;16;9;3;13;5;10;12;
a$$&H#;s;;;;;;13.38.48;2;2;4;1;2439;;13;10;9;18;2;16;9;3;13;5;10;12;
ap07:04;;;;;;;13.38.53;2;2;4;1;2444;;13;10;9;18;2;16;9;3;13;5;10;12;
az3;;;;;;;13.38.53;2;2;3;1;2444;;13;10;9;18;2;16;3;13;5;10;12;9;
a03SM+~~~15;;;;;;;13.39.07;2;2;3;1;2458;;13;10;9;18;2;16;3;13;5;10;12;9;
*09RM-~~~15;;;;;;;13.39.07;2;2;3;1;2458;;13;10;9;18;2;16;3;13;5;10;12;9;
*02AH#G9~91~H2;s;r;;;;;13.39.12;2;2;3;1;2461;;13;10;9;18;2;16;3;13;5;10;12;9;
a09DH=~~~91;s;;;;;;13.39.12;2;2;3;1;2461;;13;10;9;18;2;16;3;13;5;10;12;9;
*p08:04;;;;;;;13.39.21;2;2;3;1;2466;;13;10;9;18;2;16;3;13;5;10;12;9;
*z1;;;;;;;13.39.21;2;1;3;1;2472;;10;9;18;2;16;13;3;13;5;10;12;9;
*10SM+~~~11;;;;;;;13.39.33;2;1;3;1;2484;;10;9;18;2;16;13;3;13;5;10;12;9;
a03RM-~~~11;;;;;;;13.39.33;2;1;3;1;2484;;10;9;18;2;16;13;3;13;5;10;12;9;
a10AH-G4~45~H2;;r;;;;;13.39.38;2;1;3;1;2487;;10;9;18;2;16;13;3;13;5;10;12;9;
*11DH+~~~45;;;;;;;13.39.38;2;1;3;1;2487;;10;9;18;2;16;13;3;13;5;10;12;9;
*10EH=~~~~~~~~Z;s;;;;;;13.39.44;2;1;3;1;2487;;10;9;18;2;16;13;3;13;5;10;12;9;
a$$&H#;s;;;;;;13.39.44;2;1;3;1;2487;;10;9;18;2;16;13;3;13;5;10;12;9;
ap08:05;;;;;;;13.39.46;2;1;3;1;2496;;10;9;18;2;16;13;3;13;5;10;12;9;
az2;;;;;;;13.39.46;2;1;2;1;2497;;10;9;18;2;16;13;13;5;10;12;9;3;
a13SM+~~~51;;;;;;;13.40.04;2;1;2;1;2515;;10;9;18;2;16;13;13;5;10;12;9;3;
*09RM-~~~51;;;;;;;13.40.04;2;1;2;1;2515;;10;9;18;2;16;13;13;5;10;12;9;3;
*09AH#G2~21~H2O;s;r;;;;;13.40.10;2;1;2;1;2518;;10;9;18;2;16;13;13;5;10;12;9;3;
a12BH=~~~~4~~2O;s;;;;;;13.40.10;2;1;2;1;2518;;10;9;18;2;16;13;13;5;10;12;9;3;
*p09:05;;;;;;;13.40.13;2;1;2;1;2523;;10;9;18;2;16;13;13;5;10;12;9;3;
*z6;;;;;;;13.40.13;2;6;2;1;2524;;9;18;2;16;13;10;13;5;10;12;9;3;
*09SQ!~~~16;;;;;;;13.40.33;2;6;2;1;2544;;9;18;2;16;13;10;13;5;10;12;9;3;
a03RQ!~~~16~~~~33;;;;;;;13.40.33;2;6;2;1;2544;;9;18;2;16;13;10;13;5;10;12;9;3;
a05ET+K2F;;;;;;;13.40.33;2;6;2;1;2544;;9;18;2;16;13;10;13;5;10;12;9;3;
a10AT+W4~46~H3;;r;;;;;13.40.40;2;6;2;1;2547;;9;18;2;16;13;10;13;5;10;12;9;3;
*18BT-~~~~2~~3;;;;;;;13.40.40;2;6;2;1;2547;;9;18;2;16;13;10;13;5;10;12;9;3;
a09AT!Y9~95~H2;;s;;;;;13.40.44;2;6;2;1;2550;;9;18;2;16;13;10;13;5;10;12;9;3;
*18BT/~~~~4~~2;s;;;;;;13.40.44;2;6;2;1;2550;;9;18;2;16;13;10;13;5;10;12;9;3;
a$$&H#;s;;;;;;13.40.44;2;6;2;1;2550;;9;18;2;16;13;10;13;5;10;12;9;3;
ap09:06;;;;;;;13.40.49;2;6;2;1;2555;;9;18;2;16;13;10;13;5;10;12;9;3;
az1;;;;;;;13.40.49;2;6;1;1;2560;;9;18;2;16;13;10;5;10;12;9;3;13;
a05SM!~~~16;;;;;;;13.41.04;2;6;1;1;2575;;9;18;2;16;13;10;5;10;12;9;3;13;
*11RM!~~~16~~~~22;;;;;;;13.41.04;2;6;1;1;2575;;9;18;2;16;13;10;5;10;12;9;3;13;
*10ET+K9F;;;;;;;13.41.04;2;6;1;1;2575;;9;18;2;16;13;10;5;10;12;9;3;13;
*16AT-W4~42~T2;;r;;;;;13.41.09;2;6;1;1;2578;;9;18;2;16;13;10;5;10;12;9;3;13;
a10DT+~~~42;;;;;;;13.41.09;2;6;1;1;2578;;9;18;2;16;13;10;5;10;12;9;3;13;
a09AH+G2~23~T2;;p;;;;;13.41.13;2;6;1;1;2581;;9;18;2;16;13;10;5;10;12;9;3;13;
*11DH-~~~23;;;;;;;13.41.13;2;6;1;1;2581;;9;18;2;16;13;10;5;10;12;9;3;13;
a09AT#W2~25~H1;p;p;;;;;13.41.21;2;6;1;1;2584;;9;18;2;16;13;10;5;10;12;9;3;13;
*$$&H=;p;;;;;;13.41.21;2;6;1;1;2584;;9;18;2;16;13;10;5;10;12;9;3;13;
ap09:07;;;;;;;13.41.23;2;6;1;1;2592;;9;18;2;16;13;10;5;10;12;9;3;13;
*T;;;;;;;13.41.23;2;6;1;1;2594;;9;18;2;16;13;10;5;10;12;9;3;13;
a05SM+~~~15;;;;;;;13.42.41;2;6;1;1;2672;;9;18;2;16;13;10;5;10;12;9;3;13;
*16RM-~~~15;;;;;;;13.42.41;2;6;1;1;2672;;9;18;2;16;13;10;5;10;12;9;3;13;
*16AH-G4~45~H2;;r;;;;;13.42.47;2;6;1;1;2675;;9;18;2;16;13;10;5;10;12;9;3;13;
a12BH+~~~~2~~2;;;;;;;13.42.47;2;6;1;1;2675;;9;18;2;16;13;10;5;10;12;9;3;13;
a09AH-G2~21~H3;;p;;;;;13.42.53;2;6;1;1;2678;;9;18;2;16;13;10;5;10;12;9;3;13;
*02BH+~~~~4~~3;;;;;;;13.42.53;2;6;1;1;2678;;9;18;2;16;13;10;5;10;12;9;3;13;
*10DH+;;;;;;;13.42.56;2;6;1;1;2678;;9;18;2;16;13;10;5;10;12;9;3;13;
*16AH-G4~45~H2;;s;;;;;13.42.58;2;6;1;1;2681;;9;18;2;16;13;10;5;10;12;9;3;13;
a12BH+~~~~2~~2;;;;;;;13.42.58;2;6;1;1;2681;;9;18;2;16;13;10;5;10;12;9;3;13;
a18DH+;;;;;;;13.43.01;2;6;1;1;2681;;9;18;2;16;13;10;5;10;12;9;3;13;
a10AT=W4~41~H2O;s;p;;;;;13.43.03;2;6;1;1;2685;;9;18;2;16;13;10;5;10;12;9;3;13;
*$$&H#;s;;;;;;13.43.03;2;6;1;1;2685;;9;18;2;16;13;10;5;10;12;9;3;13;
*p10:07;;;;;;;13.43.07;2;6;1;1;2696;;9;18;2;16;13;10;5;10;12;9;3;13;
*z5;;;;;;;13.43.07;2;5;1;1;2698;;18;2;16;13;10;9;5;10;12;9;3;13;
*18SM-~~~55;;;;;;;13.43.29;2;5;1;1;2720;;18;2;16;13;10;9;5;10;12;9;3;13;
a03RM+~~~55~~~~32;;;;;;;13.43.29;2;5;1;1;2720;;18;2;16;13;10;9;5;10;12;9;3;13;
a05ET+K2B;;;;;;;13.43.29;2;5;1;1;2720;;18;2;16;13;10;9;5;10;12;9;3;13;
a10AT-W2~24~T2;;r;;;;;13.43.35;2;5;1;1;2723;;18;2;16;13;10;9;5;10;12;9;3;13;
*18DT+~~~24;;;;;;;13.43.35;2;5;1;1;2723;;18;2;16;13;10;9;5;10;12;9;3;13;
*02AT-W2~23~T2;;p;;;;;13.43.39;2;5;1;1;2726;;18;2;16;13;10;9;5;10;12;9;3;13;
a10DT+~~~23;;;;;;;13.43.39;2;5;1;1;2726;;18;2;16;13;10;9;5;10;12;9;3;13;
a09AH-G4~41~H2;;s;;;;;13.43.44;2;5;1;1;2729;;18;2;16;13;10;9;5;10;12;9;3;13;
*10DH+~~~41;;;;;;;13.43.44;2;5;1;1;2729;;18;2;16;13;10;9;5;10;12;9;3;13;
*02AH=G2~29~H2S;s;p;;;;;13.43.45;2;5;1;1;2733;;18;2;16;13;10;9;5;10;12;9;3;13;
a$$&H#;s;;;;;;13.43.45;2;5;1;1;2733;;18;2;16;13;10;9;5;10;12;9;3;13;
ap10:08;;;;;;;13.43.49;2;5;1;1;2738;;18;2;16;13;10;9;5;10;12;9;3;13;
az6;;;;;;;13.43.49;2;5;6;1;2740;;18;2;16;13;10;9;10;12;9;3;13;5;
ac03:01;;;;;;;13.43.49;2;5;6;1;2740;;18;2;16;13;10;9;10;12;9;1;13;5;
a10SQ-~~~65;;;;;;;13.44.12;2;5;6;1;2763;;18;2;16;13;10;9;10;12;9;1;13;5;
*16RQ#~~~65~~~~33;;;;;;;13.44.12;2;5;6;1;2763;;18;2;16;13;10;9;10;12;9;1;13;5;
*10ET+K1B;;;;;;;13.44.12;2;5;6;1;2765;;18;2;16;13;10;9;10;12;9;1;13;5;
*02AT#W2~25~H2S;s;r;;;;;13.44.20;2;5;6;1;2766;;18;2;16;13;10;9;10;12;9;1;13;5;
a01BT=~~~~4~~2S;s;;;;;;13.44.20;2;5;6;1;2766;;18;2;16;13;10;9;10;12;9;1;13;5;
*p11:08;;;;;;;13.44.24;2;5;6;1;2771;;18;2;16;13;10;9;10;12;9;1;13;5;
*z4;;;;;;;13.44.24;2;4;6;1;2775;;2;16;13;10;9;18;10;12;9;1;13;5;
*02SQ+~~~66;;;;;;;13.44.41;2;4;6;1;2792;;2;16;13;10;9;18;10;12;9;1;13;5;
a18RQ-~~~66;;;;;;;13.44.41;2;4;6;1;2792;;2;16;13;10;9;18;10;12;9;1;13;5;
a01AH-G4~46~H2;;r;;;;;13.44.48;2;4;6;1;2795;;2;16;13;10;9;18;10;12;9;1;13;5;
*13BH+~~~~2~~2;;;;;;;13.44.48;2;4;6;1;2795;;2;16;13;10;9;18;10;12;9;1;13;5;
*13AQ#J3~31~H1;p;p;;;;;13.44.51;2;4;6;1;2798;;2;16;13;10;9;18;10;12;9;1;13;5;
a$$&H=;p;;;;;;13.44.51;2;4;6;1;2798;;2;16;13;10;9;18;10;12;9;1;13;5;
*p12:08;;;;;;;13.44.54;2;4;6;1;2803;;2;16;13;10;9;18;10;12;9;1;13;5;
*02SQ=~~~65~~~O;s;;;;;;13.45.14;2;4;6;1;2825;;2;16;13;10;9;18;10;12;9;1;13;5;
a$$&H#;s;;;;;;13.45.14;2;4;6;1;2825;;2;16;13;10;9;18;10;12;9;1;13;5;
ap12:09;;;;;;;13.45.20;2;4;6;1;2831;;2;16;13;10;9;18;10;12;9;1;13;5;
az5;;;;;;;13.45.20;2;4;5;1;2831;;2;16;13;10;9;18;12;9;1;13;5;10;
a12SQ+~~~56;;;;;;;13.45.58;2;4;5;1;2869;;2;16;13;10;9;18;12;9;1;13;5;10;
*09RQ-~~~56;;;;;;;13.45.58;2;4;5;1;2869;;2;16;13;10;9;18;12;9;1;13;5;10;
*16AT-W4~47~T2;;r;;;;;13.46.03;2;4;5;1;2872;;2;16;13;10;9;18;12;9;1;13;5;10;
a01DT+~~~47;;;;;;;13.46.03;2;4;5;1;2872;;2;16;13;10;9;18;12;9;1;13;5;10;
a09AH-G2~22~H2;;p;;;;;13.46.06;2;4;5;1;2875;;2;16;13;10;9;18;12;9;1;13;5;10;
*10DH+~~~22;;;;;;;13.46.06;2;4;5;1;2875;;2;16;13;10;9;18;12;9;1;13;5;10;
*02AH-G9~96~H3;;s;;;;;13.46.09;2;4;5;1;2878;;2;16;13;10;9;18;12;9;1;13;5;10;
a01BH+~~~~4~~3;;;;;;;13.46.09;2;4;5;1;2878;;2;16;13;10;9;18;12;9;1;13;5;10;
a12DH+;;;;;;;13.46.09;2;4;5;1;2878;;2;16;13;10;9;18;12;9;1;13;5;10;
a13AH-G3~33~T0;;p;;;;;13.46.14;2;4;5;1;2882;;2;16;13;10;9;18;12;9;1;13;5;10;
*13DH+~~~33;;;;;;;13.46.14;2;4;5;1;2882;;2;16;13;10;9;18;12;9;1;13;5;10;
*13AH+G3~33~T0;;s;;;;;13.46.17;2;4;5;1;2885;;2;16;13;10;9;18;12;9;1;13;5;10;
a05DH-~~~33;;;;;;;13.46.17;2;4;5;1;2885;;2;16;13;10;9;18;12;9;1;13;5;10;
*13AO#V3~3~~H;s;s;;;;;13.46.19;2;4;5;1;2888;;2;16;13;10;9;18;12;9;1;13;5;10;
a$$&H=;s;;;;;;13.46.19;2;4;5;1;2888;;2;16;13;10;9;18;12;9;1;13;5;10;
*p13:09;;;;;;;13.46.23;2;4;5;1;2893;;2;16;13;10;9;18;12;9;1;13;5;10;
*z3;;;;;;;13.46.23;2;3;5;1;2894;;16;13;10;9;18;2;12;9;1;13;5;10;
*16SQ-~~~16;;;;;;;13.47.06;2;3;5;1;2927;;16;13;10;9;18;2;12;9;1;13;5;10;
a10RQ+~~~16~~~~21;;;;;;;13.47.06;2;3;5;1;2928;;16;13;10;9;18;2;12;9;1;13;5;10;
a05ET+KBF;;;;;;;13.47.06;2;3;5;1;2928;;16;13;10;9;18;2;12;9;1;13;5;10;
a01AT#W4~45~H2;s;r;;;;;13.47.02;2;3;5;1;2932;;16;13;10;9;18;2;12;9;1;13;5;10;
*13BT=~~~~2~~2;s;;;;;;13.47.02;2;3;5;1;2932;;16;13;10;9;18;2;12;9;1;13;5;10;
ap13:10;;;;;;;13.47.06;2;3;5;1;2935;;16;13;10;9;18;2;12;9;1;13;5;10;
az4;;;;;;;13.47.39;2;3;4;1;2970;;16;13;10;9;18;2;9;1;13;5;10;12;
a09SQ!~~~15;;;;;;;13.47.46;2;3;4;1;2977;;16;13;10;9;18;2;9;1;13;5;10;12;
*09RQ!~~~15~~~~33;;;;;;;13.47.46;2;3;4;1;2977;;16;13;10;9;18;2;9;1;13;5;10;12;
*10EQ+K1C;;;;;;;13.47.46;2;3;4;1;2977;;16;13;10;9;18;2;9;1;13;5;10;12;
*13AQ-J1~35~H1;;r;;;;;13.47.51;2;3;4;1;2980;;16;13;10;9;18;2;9;1;13;5;10;12;
a18DQ+~~~35;;;;;;;13.47.51;2;3;4;1;2980;;16;13;10;9;18;2;9;1;13;5;10;12;
a09AH-G9~95~H1;;p;;;;;13.47.54;2;3;4;1;2983;;16;13;10;9;18;2;9;1;13;5;10;12;
*11DH+~~~95;;;;;;;13.47.54;2;3;4;1;2983;;16;13;10;9;18;2;9;1;13;5;10;12;
*13AQ-J2~33~T1;;s;;;;;13.47.57;2;3;4;1;2986;;16;13;10;9;18;2;9;1;13;5;10;12;
a05DQ+~~~33;;;;;;;13.47.57;2;3;4;1;2986;;16;13;10;9;18;2;9;1;13;5;10;12;
a01AH-G4~45~H3;;p;;;;;13.48.02;2;3;4;1;2990;;16;13;10;9;18;2;9;1;13;5;10;12;
*09BH+~~~~2~~3;;;;;;;13.48.02;2;3;4;1;2990;;16;13;10;9;18;2;9;1;13;5;10;12;
*16AT/Y8~86~H1;p;s;;;;;13.48.06;2;3;4;1;2993;;16;13;10;9;18;2;9;1;13;5;10;12;
a13BT#~~~~3~~1;p;;;;;;13.48.06;2;3;4;1;2993;;16;13;10;9;18;2;9;1;13;5;10;12;
ap13:11;;;;;;;13.48.11;2;3;4;1;2998;;16;13;10;9;18;2;9;1;13;5;10;12;
a09SQ!~~~11;;;;;;;13.48.30;2;3;4;1;3021;;16;13;10;9;18;2;9;1;13;5;10;12;
*16RQ!~~~11;;;;;;;13.48.30;2;3;4;1;3021;;16;13;10;9;18;2;9;1;13;5;10;12;
*10EQ+K1C;;;;;;;13.48.30;2;3;4;1;3021;;16;13;10;9;18;2;9;1;13;5;10;12;
*13AQ-J4~31~H2;;r;;;;;13.48.30;2;3;4;1;3024;;16;13;10;9;18;2;9;1;13;5;10;12;
a13BQ+~~~~3~~2;;;;;;;13.48.30;2;3;4;1;3024;;16;13;10;9;18;2;9;1;13;5;10;12;
a05DH-;;;;;;;13.48.30;2;3;4;1;3024;;16;13;10;9;18;2;9;1;13;5;10;12;
*09AT#W4~45~H2;s;s;;;;;13.48.40;2;3;4;1;3030;;16;13;10;9;18;2;9;1;13;5;10;12;
a18DT=~~~45;s;;;;;;13.48.40;2;3;4;1;3030;;16;13;10;9;18;2;9;1;13;5;10;12;
*p14:11;;;;;;;13.48.55;2;3;4;1;3035;;16;13;10;9;18;2;9;1;13;5;10;12;
*z2;;;;;;;13.48.55;2;2;4;1;3046;;13;10;9;18;2;16;9;1;13;5;10;12;
*13SM-~~~56;;;;;;;13.49.04;2;2;4;1;3055;;13;10;9;18;2;16;9;1;13;5;10;12;
a10RM+~~~56~~~~32;;;;;;;13.49.04;2;2;4;1;3055;;13;10;9;18;2;16;9;1;13;5;10;12;
a05ET+K1B;;;;;;;13.49.04;2;2;4;1;3055;;13;10;9;18;2;16;9;1;13;5;10;12;
a09AT-Y9~96~H0;;r;;;;;13.49.10;2;2;4;1;3058;;13;10;9;18;2;16;9;1;13;5;10;12;
*16DT+~~~96;;;;;;;13.49.10;2;2;4;1;3058;;13;10;9;18;2;16;9;1;13;5;10;12;
*02AH/G9~91~H2;s;p;;;;;13.49.14;2;2;4;1;3061;;13;10;9;18;2;16;9;1;13;5;10;12;
a13BH#~~~~4~~2;s;;;;;;13.49.14;2;2;4;1;3061;;13;10;9;18;2;16;9;1;13;5;10;12;
ap14:12;;;;;;;13.49.18;2;2;4;1;3066;;13;10;9;18;2;16;9;1;13;5;10;12;
az3;;;;;;;13.49.18;2;2;3;1;3069;;13;10;9;18;2;16;1;13;5;10;12;9;
a01SQ!~~~16;;;;;;;13.49.42;2;2;3;1;3093;;13;10;9;18;2;16;1;13;5;10;12;9;
*16RQ!~~~16;;;;;;;13.49.42;2;2;3;1;3093;;13;10;9;18;2;16;1;13;5;10;12;9;
*10ET+K8B;;;;;;;13.49.42;2;2;3;1;3093;;13;10;9;18;2;16;1;13;5;10;12;9;
*02AT#Y9~96~H2;s;r;;;;;13.49.48;2;2;3;1;3096;;13;10;9;18;2;16;1;13;5;10;12;9;
a01DT=~~~96;s;;;;;;13.49.48;2;2;3;1;3096;;13;10;9;18;2;16;1;13;5;10;12;9;
*p15:12;;;;;;;13.49.53;2;2;3;1;3101;;13;10;9;18;2;16;1;13;5;10;12;9;
*z1;;;;;;;13.49.53;2;1;3;1;3104;;10;9;18;2;16;13;1;13;5;10;12;9;
*10SM-~~~15;;;;;;;13.50.10;2;1;3;1;3119;;10;9;18;2;16;13;1;13;5;10;12;9;
a10RM+~~~15~~~~32;;;;;;;13.50.10;2;1;3;1;3120;;10;9;18;2;16;13;1;13;5;10;12;9;
a05ET+K1F;;;;;;;13.50.10;2;1;3;1;3120;;10;9;18;2;16;13;1;13;5;10;12;9;
a10AT/W4~41~H1;p;r;;;;;13.50.16;2;1;3;1;3122;;10;9;18;2;16;13;1;13;5;10;12;9;
*02BT#~~~~2~~1;p;;;;;;13.50.16;2;1;3;1;3122;;10;9;18;2;16;13;1;13;5;10;12;9;
*p16:12;;;;;;;13.50.31;2;1;3;1;3127;;10;9;18;2;16;13;1;13;5;10;12;9;
*10SM-~~~15;;;;;;;13.50.31;2;1;3;1;3185;;10;9;18;2;16;13;1;13;5;10;12;9;
a10RM+~~~15~~~~33;;;;;;;13.50.31;2;1;3;1;3185;;10;9;18;2;16;13;1;13;5;10;12;9;
a05ET+KEF;;;;;;;13.50.31;2;1;3;1;3185;;10;9;18;2;16;13;1;13;5;10;12;9;
a10AT#W4~42~T2S;s;r;;;;;13.51.22;2;1;3;1;3188;;10;9;18;2;16;13;1;13;5;10;12;9;
*18BT=~~~~2~~2S;s;;;;;;13.51.22;2;1;3;1;3188;;10;9;18;2;16;13;1;13;5;10;12;9;
ap16:13;;;;;;;13.51.27;2;1;3;1;3193;;10;9;18;2;16;13;1;13;5;10;12;9;
az2;;;;;;;13.51.27;2;1;2;1;3198;;10;9;18;2;16;13;13;5;10;12;9;1;
ac12:17;;;;;;;13.51.27;2;1;2;1;3198;;10;9;18;2;16;13;13;5;10;17;9;1;
a13SM-~~~55;;;;;;;13.51.42;2;1;2;1;3213;;10;9;18;2;16;13;13;5;10;17;9;1;
*16RM+~~~55~~~~22;;;;;;;13.51.42;2;1;2;1;3213;;10;9;18;2;16;13;13;5;10;17;9;1;
*10ET+K8F;;;;;;;13.51.42;2;1;2;1;3215;;10;9;18;2;16;13;13;5;10;17;9;1;
*02AT#W4~45~H2;s;r;;;;;13.51.49;2;1;2;1;3216;;10;9;18;2;16;13;13;5;10;17;9;1;
a$$&H=;s;;;;;;13.51.49;2;1;2;1;3216;;10;9;18;2;16;13;13;5;10;17;9;1;
*p17:13;;;;;;;13.51.53;2;1;2;1;3221;;10;9;18;2;16;13;13;5;10;17;9;1;
*z6;;;;;;;13.51.53;2;6;2;1;3224;;9;18;2;16;13;10;13;5;10;17;9;1;
*09SQ=~~~15~~~O;s;;;;;;13.52.09;2;6;2;1;3240;;9;18;2;16;13;10;13;5;10;17;9;1;
a$$&H#;s;;;;;;13.52.09;2;6;2;1;3240;;9;18;2;16;13;10;13;5;10;17;9;1;
ap17:14;;;;;;;13.52.13;2;6;2;1;3244;;9;18;2;16;13;10;13;5;10;17;9;1;
az1;;;;;;;13.52.13;2;6;1;1;3244;;9;18;2;16;13;10;5;10;17;9;1;13;
*c09:04;;;;;;;13.52.13;2;6;1;1;3244;;4;18;2;16;13;10;5;10;17;9;1;13;
a05SM+~~~15;;;;;;;13.52.39;2;6;1;1;3270;;4;18;2;16;13;10;5;10;17;9;1;13;
*11RM-~~~15;;;;;;;13.52.39;2;6;1;1;3270;;4;18;2;16;13;10;5;10;17;9;1;13;
*02AH-G2~21~H2;;r;;;;;13.52.43;2;6;1;1;3273;;4;18;2;16;13;10;5;10;17;9;1;13;
a05DH+~~~21;;;;;;;13.52.43;2;6;1;1;3273;;4;18;2;16;13;10;5;10;17;9;1;13;
a10AH-G4~42~T;;p;;;;;13.52.48;2;6;1;1;3276;;4;18;2;16;13;10;5;10;17;9;1;13;
*10DH+~~~42;;;;;;;13.52.48;2;6;1;1;3276;;4;18;2;16;13;10;5;10;17;9;1;13;
*02AH#G2~21~H2S;s;s;;;;;13.52.52;2;6;1;1;3279;;4;18;2;16;13;10;5;10;17;9;1;13;
a17BH=~~~~4~~2S;s;;;;;;13.52.52;2;6;1;1;3279;;4;18;2;16;13;10;5;10;17;9;1;13;
*p18:14;;;;;;;13.52.56;2;6;1;1;3287;;4;18;2;16;13;10;5;10;17;9;1;13;
*z5;;;;;;;13.52.56;2;5;1;1;3287;;18;2;16;13;10;4;5;10;17;9;1;13;
*18SM-~~~51;;;;;;;13.52.56;2;5;1;1;3309;;18;2;16;13;10;4;5;10;17;9;1;13;
a10RM+~~~51~~~~21;;;;;;;13.52.56;2;5;1;1;3309;;18;2;16;13;10;4;5;10;17;9;1;13;
a05ET+K1B;;;;;;;13.52.56;2;5;1;1;3309;;18;2;16;13;10;4;5;10;17;9;1;13;
a10AT-W2~21~H2;;r;;;;;13.53.24;2;5;1;1;3312;;18;2;16;13;10;4;5;10;17;9;1;13;
*10DT+~~~21;;;;;;;13.53.24;2;5;1;1;3312;;18;2;16;13;10;4;5;10;17;9;1;13;
*16AH-G4~46~H1;;p;;;;;13.53.27;2;5;1;1;3315;;18;2;16;13;10;4;5;10;17;9;1;13;
a18DH+~~~46;;;;;;;13.53.27;2;5;1;1;3315;;18;2;16;13;10;4;5;10;17;9;1;13;
a01AT#Y8~86~H1;s;s;;;;;13.53.30;2;5;1;1;3318;;18;2;16;13;10;4;5;10;17;9;1;13;
*13BT=~~~~3~~1;s;;;;;;13.53.30;2;5;1;1;3318;;18;2;16;13;10;4;5;10;17;9;1;13;
ap18:15;;;;;;;13.53.34;2;5;1;1;3323;;18;2;16;13;10;4;5;10;17;9;1;13;
az6;;;;;;;13.53.34;2;5;6;1;3325;;18;2;16;13;10;4;10;17;9;1;13;5;
a10SQ-~~~61;;;;;;;13.53.51;2;5;6;1;3342;;18;2;16;13;10;4;10;17;9;1;13;5;
*11RQ#~~~61~~~~33;;;;;;;13.53.51;2;5;6;1;3342;;18;2;16;13;10;4;10;17;9;1;13;5;
*10EQ+K1C;;;;;;;13.53.51;2;5;6;1;3344;;18;2;16;13;10;4;10;17;9;1;13;5;
*13AQ#J1~35~H1;s;r;;;;;13.53.56;2;5;6;1;3345;;18;2;16;13;10;4;10;17;9;1;13;5;
a$$&H=;s;;;;;;13.53.56;2;5;6;1;3345;;18;2;16;13;10;4;10;17;9;1;13;5;
*p19:15;;;;;;;13.54.01;2;5;6;1;3350;;18;2;16;13;10;4;10;17;9;1;13;5;
*z4;;;;;;;13.54.02;2;4;6;1;3353;;2;16;13;10;4;18;10;17;9;1;13;5;
*02SQ=~~~66~~~N;s;;;;;;13.54.18;2;4;6;1;3369;;2;16;13;10;4;18;10;17;9;1;13;5;
a$$&H#;s;;;;;;13.54.18;2;4;6;1;3369;;2;16;13;10;4;18;10;17;9;1;13;5;
ap19:16;;;;;;;13.54.24;2;4;6;1;3375;;2;16;13;10;4;18;10;17;9;1;13;5;
az5;;;;;;;13.54.24;2;4;5;1;3375;;2;16;13;10;4;18;17;9;1;13;5;10;
a17SM-~~~55;;;;;;;13.54.39;2;4;5;1;3390;;2;16;13;10;4;18;17;9;1;13;5;10;
*16RM#~~~55;;;;;;;13.54.39;2;4;5;1;3390;;2;16;13;10;4;18;17;9;1;13;5;10;
*10EQ+K1C;;;;;;;13.54.39;2;4;5;1;3392;;2;16;13;10;4;18;17;9;1;13;5;10;
*13AQ-J1~35~H2;;r;;;;;13.54.44;2;4;5;1;3393;;2;16;13;10;4;18;17;9;1;13;5;10;
a17DQ+~~~35;;;;;;;13.54.44;2;4;5;1;3393;;2;16;13;10;4;18;17;9;1;13;5;10;
a01AH+G4~46~H3;;p;;;;;13.54.48;2;4;5;1;3396;;2;16;13;10;4;18;17;9;1;13;5;10;
*13BH-~~~~2~~3;;;;;;;13.54.48;2;4;5;1;3396;;2;16;13;10;4;18;17;9;1;13;5;10;
a09AT#W2~29~H1;p;p;;;;;13.54.51;2;4;5;1;3399;;2;16;13;10;4;18;17;9;1;13;5;10;
*$$&H=;p;;;;;;13.54.51;2;4;5;1;3399;;2;16;13;10;4;18;17;9;1;13;5;10;
ap19:17;;;;;;;13.54.55;2;4;5;1;3404;;2;16;13;10;4;18;17;9;1;13;5;10;
a17SM+~~~55;;;;;;;13.55.14;2;4;5;1;3425;;2;16;13;10;4;18;17;9;1;13;5;10;
*04RM-~~~55;;;;;;;13.55.14;2;4;5;1;3425;;2;16;13;10;4;18;17;9;1;13;5;10;
*16AH/G4~45~H2;p;r;;;;;13.55.19;2;4;5;1;3428;;2;16;13;10;4;18;17;9;1;13;5;10;
a13BH#~~~~2~~2;p;;;;;;13.55.19;2;4;5;1;3428;;2;16;13;10;4;18;17;9;1;13;5;10;
ap19:18;;;;;;;13.55.21;2;4;5;1;3433;;2;16;13;10;4;18;17;9;1;13;5;10;
a17SM-~~~56;;;;;;;13.55.42;2;4;5;1;3453;;2;16;13;10;4;18;17;9;1;13;5;10;
*04RM+~~~56;;;;;;;13.55.42;2;4;5;1;3453;;2;16;13;10;4;18;17;9;1;13;5;10;
*10ET+K1B;;;;;;;13.55.42;2;4;5;1;3453;;2;16;13;10;4;18;17;9;1;13;5;10;
*02AT-Y9~95~H2;;r;;;;;13.55.47;2;4;5;1;3456;;2;16;13;10;4;18;17;9;1;13;5;10;
a17DT+~~~95;;;;;;;13.55.47;2;4;5;1;3456;;2;16;13;10;4;18;17;9;1;13;5;10;
a09AH-G2~21~H2;;p;;;;;13.55.50;2;4;5;1;3459;;2;16;13;10;4;18;17;9;1;13;5;10;
*13BH+~~~~4~~2;;;;;;;13.55.50;2;4;5;1;3459;;2;16;13;10;4;18;17;9;1;13;5;10;
*11DH+;;;;;;;13.55.52;2;4;5;1;3459;;2;16;13;10;4;18;17;9;1;13;5;10;
*13AQ-J2~31~T2;;s;;;;;13.55.54;2;4;5;1;3462;;2;16;13;10;4;18;17;9;1;13;5;10;
a09BQ+~~~~3~~2;;;;;;;13.55.54;2;4;5;1;3462;;2;16;13;10;4;18;17;9;1;13;5;10;
a01AH#G4~46~H2O;p;p;;;;;13.55.58;2;4;5;1;3466;;2;16;13;10;4;18;17;9;1;13;5;10;
*13BH=~~~~2~~2O;p;;;;;;13.55.58;2;4;5;1;3466;;2;16;13;10;4;18;17;9;1;13;5;10;
ap19:19;;;;;;;13.56.35;2;4;5;1;3471;;2;16;13;10;4;18;17;9;1;13;5;10;
*T;;;;;;;13.56.35;2;4;5;1;3506;;2;16;13;10;4;18;17;9;1;13;5;10;
a17SM-~~~56;;;;;;;13.57.53;2;4;5;1;3584;;2;16;13;10;4;18;17;9;1;13;5;10;
*04RM#~~~56~~~~33;;;;;;;13.57.53;2;4;5;1;3584;;2;16;13;10;4;18;17;9;1;13;5;10;
*10ET+K1B;;;;;;;13.57.53;2;4;5;1;3584;;2;16;13;10;4;18;17;9;1;13;5;10;
*02AT=Y9~95~H2A;p;r;;;;;13.57.59;2;4;5;1;3587;;2;16;13;10;4;18;17;9;1;13;5;10;
a$$&H#;p;;;;;;13.57.59;2;4;5;1;3587;;2;16;13;10;4;18;17;9;1;13;5;10;
ap19:20;;;;;;;13.58.11;2;4;5;1;3592;;2;16;13;10;4;18;17;9;1;13;5;10;
a17SM!~~~55;;;;;;;13.58.21;2;4;5;1;3612;;2;16;13;10;4;18;17;9;1;13;5;10;
*04RM!~~~55~~~~41;;;;;;;13.58.21;2;4;5;1;3612;;2;16;13;10;4;18;17;9;1;13;5;10;
*10ET+KFF;;;;;;;13.58.21;2;4;5;1;3614;;2;16;13;10;4;18;17;9;1;13;5;10;
*16AT+W4~45~H2;;r;;;;;13.58.27;2;4;5;1;3615;;2;16;13;10;4;18;17;9;1;13;5;10;
a13BT-~~~~2~~2;;;;;;;13.58.27;2;4;5;1;3615;;2;16;13;10;4;18;17;9;1;13;5;10;
*02DH+;;;;;;;13.58.30;2;4;5;1;3615;;2;16;13;10;4;18;17;9;1;13;5;10;
*16AT+W4~42~T2;;s;;;;;13.58.31;2;4;5;1;3618;;2;16;13;10;4;18;17;9;1;13;5;10;
a09BT-~~~~2~~2;;;;;;;13.58.31;2;4;5;1;3618;;2;16;13;10;4;18;17;9;1;13;5;10;
*02AT+Y9~91~H2;;s;;;;;13.58.34;2;4;5;1;3621;;2;16;13;10;4;18;17;9;1;13;5;10;
a05DT-~~~91;;;;;;;13.58.34;2;4;5;1;3621;;2;16;13;10;4;18;17;9;1;13;5;10;
*16AO#V4~4~~H;s;s;;;;;13.58.39;2;4;5;1;3625;;2;16;13;10;4;18;17;9;1;13;5;10;
a$$&H=;s;;;;;;13.58.39;2;4;5;1;3625;;2;16;13;10;4;18;17;9;1;13;5;10;
*p20:20;;;;;;;13.58.41;2;4;5;1;3630;;2;16;13;10;4;18;17;9;1;13;5;10;
*z3;;;;;;;13.58.41;2;3;5;1;3632;;16;13;10;4;18;2;17;9;1;13;5;10;
*c04:09;;;;;;;13.58.41;2;3;5;1;3632;;16;13;10;9;18;2;17;9;1;13;5;10;
*c10:06;;;;;;;13.58.41;2;3;5;1;3632;;16;13;6;9;18;2;17;9;1;13;5;10;
*c02:05;;;;;;;13.58.41;2;3;5;1;3632;;16;13;6;9;18;5;17;9;1;13;5;10;
*P5;;;;;;;13.58.41;2;3;5;1;3632;;16;13;6;9;18;5;17;9;1;13;5;10;
*z6;;;;;;;13.58.41;2;6;5;1;3632;;16;13;6;9;18;5;17;9;1;13;5;10;
*16SQ-~~~66;;;;;;;13.59.36;2;6;5;1;3687;;16;13;6;9;18;5;17;9;1;13;5;10;
a10RQ+~~~66~~~~34;;;;;;;13.59.36;2;6;5;1;3687;;16;13;6;9;18;5;17;9;1;13;5;10;
a05ET+K3F;;;;;;;13.59.36;2;6;5;1;3687;;16;13;6;9;18;5;17;9;1;13;5;10;
a01AT-W4~41~H2;;r;;;;;13.59.41;2;6;5;1;3690;;16;13;6;9;18;5;17;9;1;13;5;10;
*06BT+~~~~2~~2;;;;;;;13.59.41;2;6;5;1;3690;;16;13;6;9;18;5;17;9;1;13;5;10;
*09AH#G4~41~H2S;p;p;;;;;13.59.45;2;6;5;1;3693;;16;13;6;9;18;5;17;9;1;13;5;10;
a09BH=~~~~2~~2S;p;;;;;;13.59.45;2;6;5;1;3693;;16;13;6;9;18;5;17;9;1;13;5;10;
*p21:20;;;;;;;13.59.52;2;6;5;1;3698;;16;13;6;9;18;5;17;9;1;13;5;10;
*16SQ-~~~66;;;;;;;14.00.11;2;6;5;1;3722;;16;13;6;9;18;5;17;9;1;13;5;10;
a10RQ#~~~66~~~~33;;;;;;;14.00.11;2;6;5;1;3722;;16;13;6;9;18;5;17;9;1;13;5;10;
a05EQ+K1C;;;;;;;14.00.11;2;6;5;1;3724;;16;13;6;9;18;5;17;9;1;13;5;10;
a13AQ-J1~33~H2;;r;;;;;14.00.17;2;6;5;1;3725;;16;13;6;9;18;5;17;9;1;13;5;10;
*16DQ+~~~~3;;;;;;;14.00.17;2;6;5;1;3725;;16;13;6;9;18;5;17;9;1;13;5;10;
*09AH-G4~42~T2;;p;;;;;14.00.20;2;6;5;1;3728;;16;13;6;9;18;5;17;9;1;13;5;10;
a05DH+~~~42;;;;;;;14.00.20;2;6;5;1;3728;;16;13;6;9;18;5;17;9;1;13;5;10;
a09AH#G2~26~H3S;s;s;;;;;14.00.23;2;6;5;1;3731;;16;13;6;9;18;5;17;9;1;13;5;10;
*13BH=~~~~4~~3S;s;;;;;;14.00.23;2;6;5;1;3731;;16;13;6;9;18;5;17;9;1;13;5;10;
ap21:21;;;;;;;14.00.29;2;6;5;1;3736;;16;13;6;9;18;5;17;9;1;13;5;10;
az4;;;;;;;14.00.29;2;6;4;1;3740;;16;13;6;9;18;5;9;1;13;5;10;17;
ac05:16;;;;;;;14.00.29;2;6;4;1;3740;;16;13;6;9;18;5;9;1;13;16;10;17;
ac09:02;;;;;;;14.00.29;2;6;4;1;3740;;16;13;6;9;18;5;2;1;13;16;10;17;
aP2;;;;;;;14.00.29;2;6;4;1;3740;;16;13;6;9;18;5;2;1;13;16;10;17;
az1;;;;;;;14.00.29;2;6;1;1;3740;;16;13;6;9;18;5;2;1;13;16;10;17;
*c06:10;;;;;;;14.00.29;2;6;1;1;3740;;16;13;10;9;18;5;2;1;13;16;10;17;
*c05:02;;;;;;;14.00.29;2;6;1;1;3740;;16;13;10;9;18;2;2;1;13;16;10;17;
*P10;;;;;;;14.00.29;2;6;1;1;3740;;16;13;10;9;18;2;2;1;13;16;10;17;
*z3;;;;;;;14.00.29;2;3;1;1;3740;;16;13;10;9;18;2;2;1;13;16;10;17;
a02SM-~~~11;;;;;;;14.01.18;2;3;1;1;3789;;16;13;10;9;18;2;2;1;13;16;10;17;
*16RM#~~~11;;;;;;;14.01.18;2;3;1;1;3789;;16;13;10;9;18;2;2;1;13;16;10;17;
*10EQ+K3C;;;;;;;14.01.18;2;3;1;1;3791;;16;13;10;9;18;2;2;1;13;16;10;17;
*13AQ#J3~31~H1;s;r;;;;;14.01.24;2;3;1;1;3792;;16;13;10;9;18;2;2;1;13;16;10;17;
a$$&H=;s;;;;;;14.01.24;2;3;1;1;3792;;16;13;10;9;18;2;2;1;13;16;10;17;
*p22:21;;;;;;;14.01.31;2;3;1;1;3797;;16;13;10;9;18;2;2;1;13;16;10;17;
*z2;;;;;;;14.01.31;2;2;1;1;3802;;13;10;9;18;2;16;2;1;13;16;10;17;
*13SM-~~~55;;;;;;;14.01.45;2;2;1;1;3816;;13;10;9;18;2;16;2;1;13;16;10;17;
a10RM+~~~55~~~~21;;;;;;;14.01.45;2;2;1;1;3816;;13;10;9;18;2;16;2;1;13;16;10;17;
a02ET+KBB;;;;;;;14.01.45;2;2;1;1;3818;;13;10;9;18;2;16;2;1;13;16;10;17;
a01AT#W2~25~H2S;s;r;;;;;14.01.50;2;2;1;1;3819;;13;10;9;18;2;16;2;1;13;16;10;17;
*10BT=~~~~4~~2S;s;;;;;;14.01.50;2;2;1;1;3819;;13;10;9;18;2;16;2;1;13;16;10;17;
ap22:22;;;;;;;14.01.54;2;2;1;1;3824;;13;10;9;18;2;16;2;1;13;16;10;17;
az6;;;;;;;14.01.54;2;2;6;1;3825;;13;10;9;18;2;16;1;13;16;10;17;2;
a01SQ=~~~16~~~N;s;;;;;;14.02.15;2;2;6;1;3846;;13;10;9;18;2;16;1;13;16;10;17;2;
*$$&H#;s;;;;;;14.02.15;2;2;6;1;3846;;13;10;9;18;2;16;1;13;16;10;17;2;
*p23:22;;;;;;;14.02.18;2;2;6;1;3849;;13;10;9;18;2;16;1;13;16;10;17;2;
*z1;;;;;;;14.02.18;2;1;6;1;3849;;10;9;18;2;16;13;1;13;16;10;17;2;
*10SM-~~~15;;;;;;;14.02.35;2;1;6;1;3866;;10;9;18;2;16;13;1;13;16;10;17;2;
a10RM#~~~15~~~~33;;;;;;;14.02.35;2;1;6;1;3866;;10;9;18;2;16;13;1;13;16;10;17;2;
a02ET+K1B;;;;;;;14.02.35;2;1;6;1;3868;;10;9;18;2;16;13;1;13;16;10;17;2;
a16AT#W2~25~H1;s;r;;;;;14.02.40;2;1;6;1;3869;;10;9;18;2;16;13;1;13;16;10;17;2;
*11DT=~~~25;s;;;;;;14.02.40;2;1;6;1;3869;;10;9;18;2;16;13;1;13;16;10;17;2;
ap23:23;;;;;;;14.02.44;2;1;6;1;3874;;10;9;18;2;16;13;1;13;16;10;17;2;
az5;;;;;;;14.02.44;2;1;5;1;3875;;10;9;18;2;16;13;13;16;10;17;2;1;
a13SM-~~~56;;;;;;;14.03.02;2;1;5;1;3893;;10;9;18;2;16;13;13;16;10;17;2;1;
*16RM#~~~56~~~~33;;;;;;;14.03.02;2;1;5;1;3893;;10;9;18;2;16;13;13;16;10;17;2;1;
*10EQ+K1C;;;;;;;14.03.02;2;1;5;1;3895;;10;9;18;2;16;13;13;16;10;17;2;1;
*18AQ=J4~31~H1S;p;r;;;;;14.03.13;2;1;5;1;3896;;10;9;18;2;16;13;13;16;10;17;2;1;
a$$&H#;p;;;;;;14.03.13;2;1;5;1;3896;;10;9;18;2;16;13;13;16;10;17;2;1;
ap23:24;;;;;;;14.03.18;2;1;5;1;3901;;10;9;18;2;16;13;13;16;10;17;2;1;
a13SM-~~~55;;;;;;;14.05.05;2;1;5;1;4016;;10;9;18;2;16;13;13;16;10;17;2;1;
*16RM#~~~55~~~~33;;;;;;;14.05.05;2;1;5;1;4016;;10;9;18;2;16;13;13;16;10;17;2;1;
*10ET+K1F;;;;;;;14.05.05;2;1;5;1;4018;;10;9;18;2;16;13;13;16;10;17;2;1;
*02AT/W4~41~H2;p;r;;;;;14.05.13;2;1;5;1;4019;;10;9;18;2;16;13;13;16;10;17;2;1;
a16BT#~~~~2~~2;p;;;;;;14.05.13;2;1;5;1;4019;;10;9;18;2;16;13;13;16;10;17;2;1;
ap23:25;;;;;;;14.05.17;2;1;5;1;4024;;10;9;18;2;16;13;13;16;10;17;2;1;
**2set;;;;;;;14.05.17;3;1;5;1;4028;;;;;;;;;;;;;;
*P10>LUp;;;;;;;14.05.17;3;1;5;1;4028;;9;18;2;16;13;10;17;2;1;13;9;10;
*z6>LUp;;;;;;;14.05.17;3;6;5;1;4028;;9;18;2;16;13;10;17;2;1;13;9;10;
aP02>LUp;;;;;;;14.05.17;3;6;5;1;4028;;9;18;2;16;13;10;17;2;1;13;9;10;
az2>LUp;;;;;;;14.05.17;3;6;2;1;4028;;9;18;2;16;13;10;17;2;1;13;9;10;
ac02:05;;;;;;;14.05.17;3;6;2;1;4028;;9;18;2;16;13;10;17;5;1;13;9;10;
aP5;;;;;;;14.05.17;3;6;2;1;4028;;9;18;2;16;13;10;17;5;1;13;9;10;
az2;;;;;;;14.05.17;3;6;2;1;4028;;9;18;2;16;13;10;17;5;1;13;9;10;
*09SQ-~~~15;;;;;;;14.10.38;3;6;2;1;4349;;9;18;2;16;13;10;17;5;1;13;9;10;
a01RQ+~~~15~~~~32;;;;;;;14.10.38;3;6;2;1;4349;;9;18;2;16;13;10;17;5;1;13;9;10;
a05ET+K1F;;;;;;;14.10.38;3;6;2;1;4351;;9;18;2;16;13;10;17;5;1;13;9;10;
a01AT#W4~41~H2S;s;r;;;;;14.10.44;3;6;2;1;4352;;9;18;2;16;13;10;17;5;1;13;9;10;
*02BT=~~~~2~~2S;s;;;;;;14.10.44;3;6;2;1;4352;;9;18;2;16;13;10;17;5;1;13;9;10;
ap00:01;;;;;;;14.10.48;3;6;2;1;4357;;9;18;2;16;13;10;17;5;1;13;9;10;
az1;;;;;;;14.10.48;3;6;1;1;4359;;9;18;2;16;13;10;5;1;13;9;10;17;
a05SM/~~~16;;;;;;;14.11.02;3;6;1;1;4373;;9;18;2;16;13;10;5;1;13;9;10;17;
*11RM/~~~16~M;;;;;;;14.11.02;3;6;1;1;4373;;9;18;2;16;13;10;5;1;13;9;10;17;
a09AT-W2~22~H2;;p;;;;;14.11.09;3;6;1;1;4376;;9;18;2;16;13;10;5;1;13;9;10;17;
*02DT+~~~22;;;;;;;14.11.09;3;6;1;1;4376;;9;18;2;16;13;10;5;1;13;9;10;17;
*02AT+W2~27~T1;;s;;;;;14.11.12;3;6;1;1;4379;;9;18;2;16;13;10;5;1;13;9;10;17;
a18DT-~~~27;;;;;;;14.11.12;3;6;1;1;4379;;9;18;2;16;13;10;5;1;13;9;10;17;
a05EH=~~~~~~~~Z;s;;;;;;14.11.19;3;6;1;1;4379;;9;18;2;16;13;10;5;1;13;9;10;17;
*$$&H#;s;;;;;;14.11.19;3;6;1;1;4379;;9;18;2;16;13;10;5;1;13;9;10;17;
*p01:01;;;;;;;14.11.21;3;6;1;1;4389;;9;18;2;16;13;10;5;1;13;9;10;17;
*z5;;;;;;;14.11.21;3;5;1;1;4392;;18;2;16;13;10;9;5;1;13;9;10;17;
*18SM-~~~55;;;;;;;14.11.38;3;5;1;1;4409;;18;2;16;13;10;9;5;1;13;9;10;17;
a10RM+~~~55~~~~33;;;;;;;14.11.38;3;5;1;1;4409;;18;2;16;13;10;9;5;1;13;9;10;17;
a05EQ+K1C;;;;;;;14.11.38;3;5;1;1;4411;;18;2;16;13;10;9;5;1;13;9;10;17;
a13AQ=J4~31~H1S;p;r;;;;;14.11.46;3;5;1;1;4412;;18;2;16;13;10;9;5;1;13;9;10;17;
*$$&H#;p;;;;;;14.11.46;3;5;1;1;4412;;18;2;16;13;10;9;5;1;13;9;10;17;
*p02:01;;;;;;;14.11.52;3;5;1;1;4417;;18;2;16;13;10;9;5;1;13;9;10;17;
*18SM+~~~55;;;;;;;14.12.04;3;5;1;1;4435;;18;2;16;13;10;9;5;1;13;9;10;17;
a10RM-~~~55;;;;;;;14.12.04;3;5;1;1;4435;;18;2;16;13;10;9;5;1;13;9;10;17;
a09AH-G4~42~T3;;r;;;;;14.12.09;3;5;1;1;4438;;18;2;16;13;10;9;5;1;13;9;10;17;
*10DH+~~~~2;;;;;;;14.12.09;3;5;1;1;4438;;18;2;16;13;10;9;5;1;13;9;10;17;
*02AH+G2~21~H2;;p;;;;;14.12.14;3;5;1;1;4441;;18;2;16;13;10;9;5;1;13;9;10;17;
a13BH-~~~~4~~2;;;;;;;14.12.14;3;5;1;1;4441;;18;2;16;13;10;9;5;1;13;9;10;17;
*16DH+;;;;;;;14.12.17;3;5;1;1;4441;;18;2;16;13;10;9;5;1;13;9;10;17;
*13AQ+J4~31~H1;;p;;;;;14.12.19;3;5;1;1;4444;;18;2;16;13;10;9;5;1;13;9;10;17;
a05DQ-~~~31;;;;;;;14.12.19;3;5;1;1;4444;;18;2;16;13;10;9;5;1;13;9;10;17;
*13AQ-J2~36~H1;;p;;;;;14.12.26;3;5;1;1;4448;;18;2;16;13;10;9;5;1;13;9;10;17;
a13BQ+~~~~3~~1;;;;;;;14.12.26;3;5;1;1;4448;;18;2;16;13;10;9;5;1;13;9;10;17;
*09DH+;;;;;;;14.12.28;3;5;1;1;4448;;18;2;16;13;10;9;5;1;13;9;10;17;
a01AT#W2~25~H1;s;s;;;;;14.12.29;3;5;1;1;4451;;18;2;16;13;10;9;5;1;13;9;10;17;
*18DT=~~~25;s;;;;;;14.12.29;3;5;1;1;4451;;18;2;16;13;10;9;5;1;13;9;10;17;
ap02:02;;;;;;;14.12.33;3;5;1;1;4462;;18;2;16;13;10;9;5;1;13;9;10;17;
az6;;;;;;;14.12.33;3;5;6;1;4464;;18;2;16;13;10;9;1;13;9;10;17;5;
a01SQ=~~~66~~~N;s;;;;;;14.12.53;3;5;6;1;4484;;18;2;16;13;10;9;1;13;9;10;17;5;
*$$&H#;s;;;;;;14.12.53;3;5;6;1;4484;;18;2;16;13;10;9;1;13;9;10;17;5;
*p03:02;;;;;;;14.12.58;3;5;6;1;4489;;18;2;16;13;10;9;1;13;9;10;17;5;
*z4;;;;;;;14.12.58;3;4;6;1;4489;;2;16;13;10;9;18;1;13;9;10;17;5;
*02SQ!~~~61;;;;;;;14.13.15;3;4;6;1;4506;;2;16;13;10;9;18;1;13;9;10;17;5;
a01RQ!~~~61~~~~33;;;;;;;14.13.15;3;4;6;1;4506;;2;16;13;10;9;18;1;13;9;10;17;5;
a05ET+K1F;;;;;;;14.13.15;3;4;6;1;4506;;2;16;13;10;9;18;1;13;9;10;17;5;
a10AT-W4~41~H2;;r;;;;;14.13.23;3;4;6;1;4509;;2;16;13;10;9;18;1;13;9;10;17;5;
*02DT+~~~41;;;;;;;14.13.23;3;4;6;1;4509;;2;16;13;10;9;18;1;13;9;10;17;5;
*09AH=G8~86~H2O;s;p;;;;;14.13.25;3;4;6;1;4512;;2;16;13;10;9;18;1;13;9;10;17;5;
a$$&H#;s;;;;;;14.13.25;3;4;6;1;4512;;2;16;13;10;9;18;1;13;9;10;17;5;
ap03:03;;;;;;;14.13.34;3;4;6;1;4517;;2;16;13;10;9;18;1;13;9;10;17;5;
az5;;;;;;;14.13.34;3;4;5;1;4525;;2;16;13;10;9;18;13;9;10;17;5;1;
a13SM+~~~56;;;;;;;14.14.17;3;4;5;1;4568;;2;16;13;10;9;18;13;9;10;17;5;1;
*09RM-~~~56;;;;;;;14.14.17;3;4;5;1;4568;;2;16;13;10;9;18;13;9;10;17;5;1;
*02AH/G9~91~H2;p;r;;;;;14.14.23;3;4;5;1;4571;;2;16;13;10;9;18;13;9;10;17;5;1;
a17BH#~~~~4~~2;p;;;;;;14.14.23;3;4;5;1;4571;;2;16;13;10;9;18;13;9;10;17;5;1;
ap03:04;;;;;;;14.14.27;3;4;5;1;4576;;2;16;13;10;9;18;13;9;10;17;5;1;
a13SM+~~~55;;;;;;;14.14.45;3;4;5;1;4596;;2;16;13;10;9;18;13;9;10;17;5;1;
*09RM-~~~55;;;;;;;14.14.45;3;4;5;1;4596;;2;16;13;10;9;18;13;9;10;17;5;1;
*16AH-G4~45~H2;;r;;;;;14.14.50;3;4;5;1;4599;;2;16;13;10;9;18;13;9;10;17;5;1;
a13DH+~~~45;;;;;;;14.14.50;3;4;5;1;4599;;2;16;13;10;9;18;13;9;10;17;5;1;
a10AT/W4~45~H2;s;p;;;;;14.14.54;3;4;5;1;4602;;2;16;13;10;9;18;13;9;10;17;5;1;
*13BT#~~~~2~~2;s;;;;;;14.14.54;3;4;5;1;4602;;2;16;13;10;9;18;13;9;10;17;5;1;
*p04:04;;;;;;;14.14.57;3;4;5;1;4607;;2;16;13;10;9;18;13;9;10;17;5;1;
*z3;;;;;;;14.14.57;3;3;5;1;4608;;16;13;10;9;18;2;13;9;10;17;5;1;
*16SQ-~~~61;;;;;;;14.15.28;3;3;5;1;4639;;16;13;10;9;18;2;13;9;10;17;5;1;
a18RQ#~~~61~~~~32;;;;;;;14.15.28;3;3;5;1;4639;;16;13;10;9;18;2;13;9;10;17;5;1;
a05EQ+K1C;;;;;;;14.15.28;3;3;5;1;4641;;16;13;10;9;18;2;13;9;10;17;5;1;
a17AQ#J4~36~H1;s;r;;;;;14.15.34;3;3;5;1;4642;;16;13;10;9;18;2;13;9;10;17;5;1;
*16DQ=~~~36;s;;;;;;14.15.34;3;3;5;1;4642;;16;13;10;9;18;2;13;9;10;17;5;1;
ap04:05;;;;;;;14.15.47;3;3;5;1;4647;;16;13;10;9;18;2;13;9;10;17;5;1;
az4;;;;;;;14.15.47;3;3;4;1;4658;;16;13;10;9;18;2;9;10;17;5;1;13;
a09SQ=~~~11~~~R;s;;;;;;14.15.53;3;3;4;1;4664;;16;13;10;9;18;2;9;10;17;5;1;13;
*$$&H#;s;;;;;;14.15.53;3;3;4;1;4664;;16;13;10;9;18;2;9;10;17;5;1;13;
*p05:05;;;;;;;14.15.57;3;3;4;1;4668;;16;13;10;9;18;2;9;10;17;5;1;13;
*z2;;;;;;;14.15.57;3;2;4;1;4668;;13;10;9;18;2;16;9;10;17;5;1;13;
*13SM+~~~55;;;;;;;14.16.12;3;2;4;1;4683;;13;10;9;18;2;16;9;10;17;5;1;13;
a10RM-~~~55;;;;;;;14.16.12;3;2;4;1;4683;;13;10;9;18;2;16;9;10;17;5;1;13;
a09AH#G9~91~H0;s;r;;;;;14.16.19;3;2;4;1;4686;;13;10;9;18;2;16;9;10;17;5;1;13;
*02DH=~~~91;s;;;;;;14.16.19;3;2;4;1;4686;;13;10;9;18;2;16;9;10;17;5;1;13;
ap05:06;;;;;;;14.16.25;3;2;4;1;4691;;13;10;9;18;2;16;9;10;17;5;1;13;
az3;;;;;;;14.16.25;3;2;3;1;4696;;13;10;9;18;2;16;10;17;5;1;13;9;
a10SQ-~~~66;;;;;;;14.16.57;3;2;3;1;4728;;13;10;9;18;2;16;10;17;5;1;13;9;
*16RQ#~~~66~~~~33;;;;;;;14.16.57;3;2;3;1;4728;;13;10;9;18;2;16;10;17;5;1;13;9;
*10EQ+K1C;;;;;;;14.16.57;3;2;3;1;4730;;13;10;9;18;2;16;10;17;5;1;13;9;
*18AQ#J1~35~H1;s;r;;;;;14.17.04;3;2;3;1;4731;;13;10;9;18;2;16;10;17;5;1;13;9;
a$$&H=;s;;;;;;14.17.04;3;2;3;1;4731;;13;10;9;18;2;16;10;17;5;1;13;9;
*p06:06;;;;;;;14.17.08;3;2;3;1;4736;;13;10;9;18;2;16;10;17;5;1;13;9;
*z1;;;;;;;14.17.08;3;1;3;1;4739;;10;9;18;2;16;13;10;17;5;1;13;9;
*10SM-~~~11;;;;;;;14.17.21;3;1;3;1;4752;;10;9;18;2;16;13;10;17;5;1;13;9;
a10RM#~~~11~~~~32;;;;;;;14.17.21;3;1;3;1;4752;;10;9;18;2;16;13;10;17;5;1;13;9;
a05ET+K1B;;;;;;;14.17.21;3;1;3;1;4754;;10;9;18;2;16;13;10;17;5;1;13;9;
a09AT=Y9~95~H0O;p;r;;;;;14.17.26;3;1;3;1;4755;;10;9;18;2;16;13;10;17;5;1;13;9;
*$$&H#;p;;;;;;14.17.26;3;1;3;1;4755;;10;9;18;2;16;13;10;17;5;1;13;9;
*p07:06;;;;;;;14.17.30;3;1;3;1;4760;;10;9;18;2;16;13;10;17;5;1;13;9;
*10SM-~~~16;;;;;;;14.17.42;3;1;3;1;4773;;10;9;18;2;16;13;10;17;5;1;13;9;
a10RM#~~~16~~~~33;;;;;;;14.17.42;3;1;3;1;4773;;10;9;18;2;16;13;10;17;5;1;13;9;
a05ET+K1F;;;;;;;14.17.42;3;1;3;1;4775;;10;9;18;2;16;13;10;17;5;1;13;9;
a01AT#W4~45~H2;s;r;;;;;14.17.50;3;1;3;1;4776;;10;9;18;2;16;13;10;17;5;1;13;9;
*$$&H=;s;;;;;;14.17.50;3;1;3;1;4776;;10;9;18;2;16;13;10;17;5;1;13;9;
ap07:07;;;;;;;14.17.57;3;1;3;1;4781;;10;9;18;2;16;13;10;17;5;1;13;9;
az2;;;;;;;14.17.57;3;1;2;1;4788;;10;9;18;2;16;13;17;5;1;13;9;10;
a17SM+~~~55;;;;;;;14.18.10;3;1;2;1;4801;;10;9;18;2;16;13;17;5;1;13;9;10;
*16RM-~~~55;;;;;;;14.18.10;3;1;2;1;4801;;10;9;18;2;16;13;17;5;1;13;9;10;
*02AH#G4~46~H2O;s;r;;;;;14.18.17;3;1;2;1;4804;;10;9;18;2;16;13;17;5;1;13;9;10;
a13BH=~~~~2~~2O;s;;;;;;14.18.17;3;1;2;1;4804;;10;9;18;2;16;13;17;5;1;13;9;10;
*p08:07;;;;;;;14.18.24;3;1;2;1;4809;;10;9;18;2;16;13;17;5;1;13;9;10;
*z6;;;;;;;14.18.24;3;6;2;1;4815;;9;18;2;16;13;10;17;5;1;13;9;10;
*09SQ!~~~15;;;;;;;14.18.38;3;6;2;1;4829;;9;18;2;16;13;10;17;5;1;13;9;10;
a01RQ!~~~15~~~~33;;;;;;;14.18.38;3;6;2;1;4829;;9;18;2;16;13;10;17;5;1;13;9;10;
a05EQ+K1C;;;;;;;14.18.38;3;6;2;1;4829;;9;18;2;16;13;10;17;5;1;13;9;10;
a13AQ=J4~3~~H2N;p;r;;;;;14.18.46;3;6;2;1;4832;;9;18;2;16;13;10;17;5;1;13;9;10;
*$$&H#;p;;;;;;14.18.46;3;6;2;1;4832;;9;18;2;16;13;10;17;5;1;13;9;10;
*p09:07;;;;;;;14.18.54;3;6;2;1;4837;;9;18;2;16;13;10;17;5;1;13;9;10;
*09SQ=~~~16~~~O;s;;;;;;14.19.06;3;6;2;1;4857;;9;18;2;16;13;10;17;5;1;13;9;10;
a$$&H#;s;;;;;;14.19.06;3;6;2;1;4857;;9;18;2;16;13;10;17;5;1;13;9;10;
ap09:08;;;;;;;14.19.10;3;6;2;1;4861;;9;18;2;16;13;10;17;5;1;13;9;10;
az1;;;;;;;14.19.10;3;6;1;1;4861;;9;18;2;16;13;10;5;1;13;9;10;17;
a05SM=~~~16~~~O;s;;;;;;14.19.25;3;6;1;1;4876;;9;18;2;16;13;10;5;1;13;9;10;17;
*$$&H#;s;;;;;;14.19.25;3;6;1;1;4876;;9;18;2;16;13;10;5;1;13;9;10;17;
*p10:08;;;;;;;14.19.31;3;6;1;1;4882;;9;18;2;16;13;10;5;1;13;9;10;17;
*z5;;;;;;;14.19.31;3;5;1;1;4882;;18;2;16;13;10;9;5;1;13;9;10;17;
*18SM-~~~51;;;;;;;14.19.52;3;5;1;1;4903;;18;2;16;13;10;9;5;1;13;9;10;17;
a01RM#~~~51~~~~33;;;;;;;14.19.52;3;5;1;1;4903;;18;2;16;13;10;9;5;1;13;9;10;17;
a05EQ+K1C;;;;;;;14.19.52;3;5;1;1;4905;;18;2;16;13;10;9;5;1;13;9;10;17;
a13AQ-J4~36~H2;;r;;;;;14.19.58;3;5;1;1;4906;;18;2;16;13;10;9;5;1;13;9;10;17;
*13BQ+~~~~3~~2;;;;;;;14.19.58;3;5;1;1;4906;;18;2;16;13;10;9;5;1;13;9;10;17;
a09DH+;;;;;;;14.19.58;3;5;1;1;4906;;18;2;16;13;10;9;5;1;13;9;10;17;
a01AH-G2~26~H2;;s;;;;;14.20.01;3;5;1;1;4909;;18;2;16;13;10;9;5;1;13;9;10;17;
*09DH+~~~26;;;;;;;14.20.01;3;5;1;1;4909;;18;2;16;13;10;9;5;1;13;9;10;17;
*02AH-G2~21~T2;;p;;;;;14.20.03;3;5;1;1;4912;;18;2;16;13;10;9;5;1;13;9;10;17;
a05DH+~~~21;;;;;;;14.20.03;3;5;1;1;4912;;18;2;16;13;10;9;5;1;13;9;10;17;
a09EH-~~C~2;;;;;;;14.20.09;3;5;1;1;4915;;18;2;16;13;10;9;5;1;13;9;10;17;
*13AQ#J3~31~H1;p;p;;;;;14.20.13;3;5;1;1;4916;;18;2;16;13;10;9;5;1;13;9;10;17;
a05DQ=~~~31;p;;;;;;14.20.13;3;5;1;1;4916;;18;2;16;13;10;9;5;1;13;9;10;17;
*p11:08;;;;;;;14.20.15;3;5;1;1;4926;;18;2;16;13;10;9;5;1;13;9;10;17;
*18SM+~~~56;;;;;;;14.20.45;3;5;1;1;4956;;18;2;16;13;10;9;5;1;13;9;10;17;
a10RM-~~~56;;;;;;;14.20.45;3;5;1;1;4956;;18;2;16;13;10;9;5;1;13;9;10;17;
a05EH=~~~~~~~~Z;p;;;;;;14.20.56;3;5;1;1;4956;;18;2;16;13;10;9;5;1;13;9;10;17;
*$$&H#;p;;;;;;14.20.56;3;5;1;1;4956;;18;2;16;13;10;9;5;1;13;9;10;17;
*p12:08;;;;;;;14.20.58;3;5;1;1;4961;;18;2;16;13;10;9;5;1;13;9;10;17;
*18SM-~~~55;;;;;;;14.21.13;3;5;1;1;4984;;18;2;16;13;10;9;5;1;13;9;10;17;
a10RM+~~~55~~~~32;;;;;;;14.21.13;3;5;1;1;4984;;18;2;16;13;10;9;5;1;13;9;10;17;
a05ET+K1B;;;;;;;14.21.13;3;5;1;1;4986;;18;2;16;13;10;9;5;1;13;9;10;17;
a01AT/W2~26~H2;p;r;;;;;14.21.20;3;5;1;1;4987;;18;2;16;13;10;9;5;1;13;9;10;17;
*16BT#~~~~4~~2;p;;;;;;14.21.20;3;5;1;1;4987;;18;2;16;13;10;9;5;1;13;9;10;17;
*p13:08;;;;;;;14.21.24;3;5;1;1;4992;;18;2;16;13;10;9;5;1;13;9;10;17;
aT;;;;;;;14.21.24;3;5;1;1;4995;;18;2;16;13;10;9;5;1;13;9;10;17;
*18SM+~~~51;;;;;;;14.22.42;3;5;1;1;5073;;18;2;16;13;10;9;5;1;13;9;10;17;
a01RM-~~~51;;;;;;;14.22.42;3;5;1;1;5073;;18;2;16;13;10;9;5;1;13;9;10;17;
a09AH-G4~45~H2;;r;;;;;14.22.48;3;5;1;1;5076;;18;2;16;13;10;9;5;1;13;9;10;17;
*18DH+~~~45;;;;;;;14.22.48;3;5;1;1;5076;;18;2;16;13;10;9;5;1;13;9;10;17;
*16AT#W4~47~H2;p;p;;;;;14.22.51;3;5;1;1;5079;;18;2;16;13;10;9;5;1;13;9;10;17;
a18DT=~~~47;p;;;;;;14.22.51;3;5;1;1;5079;;18;2;16;13;10;9;5;1;13;9;10;17;
*p14:08;;;;;;;14.22.55;3;5;1;1;5084;;18;2;16;13;10;9;5;1;13;9;10;17;
*18SM#~~~55;p;;;;;;14.23.23;3;5;1;1;5114;;18;2;16;13;10;9;5;1;13;9;10;17;
a10RM=~~~55~O;p;;;;;;14.23.23;3;5;1;1;5114;;18;2;16;13;10;9;5;1;13;9;10;17;
*p15:08;;;;;;;14.23.28;3;5;1;1;5119;;18;2;16;13;10;9;5;1;13;9;10;17;
*18SM-~~~55;;;;;;;14.23.52;3;5;1;1;5143;;18;2;16;13;10;9;5;1;13;9;10;17;
a10RM+~~~55~~~~32;;;;;;;14.23.52;3;5;1;1;5143;;18;2;16;13;10;9;5;1;13;9;10;17;
a05ET+K1F;;;;;;;14.23.52;3;5;1;1;5143;;18;2;16;13;10;9;5;1;13;9;10;17;
a09AT#W4~41~H2O;s;r;;;;;14.23.57;3;5;1;1;5146;;18;2;16;13;10;9;5;1;13;9;10;17;
*02BT=~~~~2~~2O;s;;;;;;14.23.57;3;5;1;1;5146;;18;2;16;13;10;9;5;1;13;9;10;17;
ap15:09;;;;;;;14.24.06;3;5;1;1;5151;;18;2;16;13;10;9;5;1;13;9;10;17;
az6;;;;;;;14.24.06;3;5;6;1;5157;;18;2;16;13;10;9;1;13;9;10;17;5;
a01SM-~~~66;;;;;;;14.24.42;3;5;6;1;5193;;18;2;16;13;10;9;1;13;9;10;17;5;
*09RM+~~~66~~~~21;;;;;;;14.24.42;3;5;6;1;5193;;18;2;16;13;10;9;1;13;9;10;17;5;
*10ET+K2B;;;;;;;14.24.42;3;5;6;1;5195;;18;2;16;13;10;9;1;13;9;10;17;5;
*02AT#W2~21~H1;s;r;;;;;14.24.47;3;5;6;1;5196;;18;2;16;13;10;9;1;13;9;10;17;5;
a$$&H=;s;;;;;;14.24.47;3;5;6;1;5196;;18;2;16;13;10;9;1;13;9;10;17;5;
*p16:09;;;;;;;14.24.56;3;5;6;1;5201;;18;2;16;13;10;9;1;13;9;10;17;5;
*z4;;;;;;;14.24.56;3;4;6;1;5207;;2;16;13;10;9;18;1;13;9;10;17;5;
ac10:03;;;;;;;14.24.56;3;4;6;1;5207;;2;16;13;10;9;18;1;13;9;3;17;5;
*02SQ+~~~63~~~N;;;;;;;14.25.12;3;4;6;1;5223;;2;16;13;10;9;18;1;13;9;3;17;5;
a05RQ-~~~63;;;;;;;14.25.12;3;4;6;1;5223;;2;16;13;10;9;18;1;13;9;3;17;5;
a03AH=G4~46~H2I;p;r;;;;;14.25.19;3;4;6;1;5226;;2;16;13;10;9;18;1;13;9;3;17;5;
*$$&H#;p;;;;;;14.25.19;3;4;6;1;5226;;2;16;13;10;9;18;1;13;9;3;17;5;
*p17:09;;;;;;;14.25.24;3;4;6;1;5231;;2;16;13;10;9;18;1;13;9;3;17;5;
*02SQ-~~~65;;;;;;;14.25.52;3;4;6;1;5263;;2;16;13;10;9;18;1;13;9;3;17;5;
a03RQ+~~~65~~~~34;;;;;;;14.25.52;3;4;6;1;5263;;2;16;13;10;9;18;1;13;9;3;17;5;
a05ET+K3B;;;;;;;14.25.52;3;4;6;1;5263;;2;16;13;10;9;18;1;13;9;3;17;5;
a09AT-W2~23~T2;;r;;;;;14.25.56;3;4;6;1;5266;;2;16;13;10;9;18;1;13;9;3;17;5;
*10DT+~~~23;;;;;;;14.25.56;3;4;6;1;5266;;2;16;13;10;9;18;1;13;9;3;17;5;
*16AH+G4~42~T2;;p;;;;;14.26.00;3;4;6;1;5269;;2;16;13;10;9;18;1;13;9;3;17;5;
a09BH-~~~~2~~2;;;;;;;14.26.00;3;4;6;1;5269;;2;16;13;10;9;18;1;13;9;3;17;5;
*09DH+;;;;;;;14.26.03;3;4;6;1;5269;;2;16;13;10;9;18;1;13;9;3;17;5;
*16AT-W4~45~H2;;p;;;;;14.26.05;3;4;6;1;5272;;2;16;13;10;9;18;1;13;9;3;17;5;
a09BT+~~~~2~~2;;;;;;;14.26.05;3;4;6;1;5272;;2;16;13;10;9;18;1;13;9;3;17;5;
a05DH+;;;;;;;14.26.07;3;4;6;1;5272;;2;16;13;10;9;18;1;13;9;3;17;5;
a09AH=G2~25~H2O;p;s;;;;;14.26.09;3;4;6;1;5276;;2;16;13;10;9;18;1;13;9;3;17;5;
*$$&H#;p;;;;;;14.26.09;3;4;6;1;5276;;2;16;13;10;9;18;1;13;9;3;17;5;
*p18:09;;;;;;;14.26.13;3;4;6;1;5281;;2;16;13;10;9;18;1;13;9;3;17;5;
*02SQ!~~~65;;;;;;;14.27.05;3;4;6;1;5336;;2;16;13;10;9;18;1;13;9;3;17;5;
a03RQ!~~~65;;;;;;;14.27.05;3;4;6;1;5336;;2;16;13;10;9;18;1;13;9;3;17;5;
a05ET+K3B;;;;;;;14.27.05;3;4;6;1;5336;;2;16;13;10;9;18;1;13;9;3;17;5;
a09AT-W2~26~H2;;r;;;;;14.27.11;3;4;6;1;5339;;2;16;13;10;9;18;1;13;9;3;17;5;
*16BT+~~~~4~~2;;;;;;;14.27.11;3;4;6;1;5339;;2;16;13;10;9;18;1;13;9;3;17;5;
*16AH#G4~45~H2O;p;p;;;;;14.27.14;3;4;6;1;5342;;2;16;13;10;9;18;1;13;9;3;17;5;
a13BH=~~~~2~~2O;p;;;;;;14.27.14;3;4;6;1;5342;;2;16;13;10;9;18;1;13;9;3;17;5;
*p19:09;;;;;;;14.27.18;3;4;6;1;5350;;2;16;13;10;9;18;1;13;9;3;17;5;
aT;;;;;;;14.27.18;3;4;6;1;5349;;2;16;13;10;9;18;1;13;9;3;17;5;
ac05:02;;;;;;;14.27.18;3;4;6;1;5349;;2;16;13;10;9;18;1;13;9;3;17;2;
ac09:16;;;;;;;14.27.18;3;4;6;1;5349;;2;16;13;10;9;18;1;13;16;3;17;2;
aP2;;;;;;;14.27.18;3;4;6;1;5349;;2;16;13;10;9;18;1;13;16;3;17;2;
az6;;;;;;;14.27.18;3;4;6;1;5349;;2;16;13;10;9;18;1;13;16;3;17;2;
*02SQ/~~~65;;;;;;;14.28.58;3;4;6;1;5449;;2;16;13;10;9;18;1;13;16;3;17;2;
a03RQ/~~~65~M;;;;;;;14.28.58;3;4;6;1;5449;;2;16;13;10;9;18;1;13;16;3;17;2;
*13AO#V3~3~~H;p;p;;;;;14.29.05;3;4;6;1;5451;;2;16;13;10;9;18;1;13;16;3;17;2;
a$$&H=;p;;;;;;14.29.05;3;4;6;1;5451;;2;16;13;10;9;18;1;13;16;3;17;2;
*p20:09;;;;;;;14.29.07;3;4;6;1;5456;;2;16;13;10;9;18;1;13;16;3;17;2;
*02SQ=~~~61~~~N;s;;;;;;14.29.29;3;4;6;1;5480;;2;16;13;10;9;18;1;13;16;3;17;2;
a$$&H#;s;;;;;;14.29.29;3;4;6;1;5480;;2;16;13;10;9;18;1;13;16;3;17;2;
ap20:10;;;;;;;14.29.32;3;4;6;1;5483;;2;16;13;10;9;18;1;13;16;3;17;2;
az5;;;;;;;14.29.32;3;4;5;1;5483;;2;16;13;10;9;18;13;16;3;17;2;1;
a13SM+~~~56;;;;;;;14.29.51;3;4;5;1;5502;;2;16;13;10;9;18;13;16;3;17;2;1;
*09RM-~~~56;;;;;;;14.29.51;3;4;5;1;5502;;2;16;13;10;9;18;13;16;3;17;2;1;
*16AH#G4~45~H2O;s;r;;;;;14.29.56;3;4;5;1;5505;;2;16;13;10;9;18;13;16;3;17;2;1;
a17BH=~~~~2~~2O;s;;;;;;14.29.56;3;4;5;1;5505;;2;16;13;10;9;18;13;16;3;17;2;1;
*p21:10;;;;;;;14.30.00;3;4;5;1;5510;;2;16;13;10;9;18;13;16;3;17;2;1;
*z3;;;;;;;14.30.00;3;3;5;1;5511;;16;13;10;9;18;2;13;16;3;17;2;1;
*c10:06;;;;;;;14.30.00;3;3;5;1;5511;;16;13;6;9;18;2;13;16;3;17;2;1;
*c02:05;;;;;;;14.30.00;3;3;5;1;5511;;16;13;6;9;18;5;13;16;3;17;2;1;
*P5;;;;;;;14.30.00;3;3;5;1;5511;;16;13;6;9;18;5;13;16;3;17;2;1;
*z6;;;;;;;14.30.00;3;6;5;1;5511;;16;13;6;9;18;5;13;16;3;17;2;1;
*16SQ=~~~15~~~N;s;;;;;;14.30.39;3;6;5;1;5550;;16;13;6;9;18;5;13;16;3;17;2;1;
a$$&H#;s;;;;;;14.30.39;3;6;5;1;5550;;16;13;6;9;18;5;13;16;3;17;2;1;
ap21:11;;;;;;;14.30.41;3;6;5;1;5550;;16;13;6;9;18;5;13;16;3;17;2;1;
az4;;;;;;;14.30.41;3;6;4;1;5552;;16;13;6;9;18;5;16;3;17;2;1;13;
a16SQ#~~~11;p;;;;;;14.30.52;3;6;4;1;5563;;16;13;6;9;18;5;16;3;17;2;1;13;
*16RQ=~~~11;p;;;;;;14.30.52;3;6;4;1;5563;;16;13;6;9;18;5;16;3;17;2;1;13;
ap21:12;;;;;;;14.30.58;3;6;4;1;5568;;16;13;6;9;18;5;16;3;17;2;1;13;
a16SQ=~~~15~~~O;s;;;;;;14.31.10;3;6;4;1;5581;;16;13;6;9;18;5;16;3;17;2;1;13;
*$$&H#;s;;;;;;14.31.10;3;6;4;1;5581;;16;13;6;9;18;5;16;3;17;2;1;13;
*p22:12;;;;;;;14.31.15;3;6;4;1;5586;;16;13;6;9;18;5;16;3;17;2;1;13;
*z5;;;;;;;14.31.15;3;5;4;1;5586;;13;6;9;18;5;16;16;3;17;2;1;13;
*13SM-~~~55;;;;;;;14.31.29;3;5;4;1;5600;;13;6;9;18;5;16;16;3;17;2;1;13;
a03RM#~~~55~~~~33;;;;;;;14.31.29;3;5;4;1;5600;;13;6;9;18;5;16;16;3;17;2;1;13;
a02EQ+K2C;;;;;;;14.31.29;3;5;4;1;5602;;13;6;9;18;5;16;16;3;17;2;1;13;
a17AQ/J2~31~H2;p;r;;;;;14.31.35;3;5;4;1;5603;;13;6;9;18;5;16;16;3;17;2;1;13;
*18BQ#~~~~3~~2;p;;;;;;14.31.35;3;5;4;1;5603;;13;6;9;18;5;16;16;3;17;2;1;13;
*p23:12;;;;;;;14.31.39;3;5;4;1;5608;;13;6;9;18;5;16;16;3;17;2;1;13;
*13SM-~~~55;;;;;;;14.31.54;3;5;4;1;5625;;13;6;9;18;5;16;16;3;17;2;1;13;
a03RM#~~~55~~~~33;;;;;;;14.31.54;3;5;4;1;5625;;13;6;9;18;5;16;16;3;17;2;1;13;
a02ET+K3B;;;;;;;14.31.54;3;5;4;1;5627;;13;6;9;18;5;16;16;3;17;2;1;13;
a16AT#Y9~91~H2;s;r;;;;;14.32.01;3;5;4;1;5628;;13;6;9;18;5;16;16;3;17;2;1;13;
*$$&H=;s;;;;;;14.32.01;3;5;4;1;5628;;13;6;9;18;5;16;16;3;17;2;1;13;
ap23:13;;;;;;;14.32.04;3;5;4;1;5633;;13;6;9;18;5;16;16;3;17;2;1;13;
az3;;;;;;;14.32.04;3;5;3;1;5635;;13;6;9;18;5;16;3;17;2;1;13;16;
a03SM+~~~15;;;;;;;14.32.16;3;5;3;1;5647;;13;6;9;18;5;16;3;17;2;1;13;16;
*16RM-~~~15;;;;;;;14.32.16;3;5;3;1;5647;;13;6;9;18;5;16;3;17;2;1;13;16;
*09AH=G4~45~H2O;p;r;;;;;14.32.22;3;5;3;1;5650;;13;6;9;18;5;16;3;17;2;1;13;16;
a$$&H#;p;;;;;;14.32.22;3;5;3;1;5650;;13;6;9;18;5;16;3;17;2;1;13;16;
ap23:14;;;;;;;14.32.25;3;5;3;1;5655;;13;6;9;18;5;16;3;17;2;1;13;16;
a03SM-~~~15;;;;;;;14.32.37;3;5;3;1;5668;;13;6;9;18;5;16;3;17;2;1;13;16;
*09RM+~~~15~~~~32;;;;;;;14.32.37;3;5;3;1;5668;;13;6;9;18;5;16;3;17;2;1;13;16;
*05EQ+K1C;;;;;;;14.32.37;3;5;3;1;5670;;13;6;9;18;5;16;3;17;2;1;13;16;
*18AQ#J1~35~H1;s;r;;;;;14.32.41;3;5;3;1;5671;;13;6;9;18;5;16;3;17;2;1;13;16;
a$$&H=;s;;;;;;14.32.41;3;5;3;1;5671;;13;6;9;18;5;16;3;17;2;1;13;16;
*p24:14;;;;;;;14.32.42;3;5;3;1;5676;;13;6;9;18;5;16;3;17;2;1;13;16;
*z4;;;;;;;14.32.42;3;4;3;1;5673;;6;9;18;5;16;13;3;17;2;1;13;16;
*c06:10;;;;;;;14.32.42;3;4;3;1;5673;;10;9;18;5;16;13;3;17;2;1;13;16;
*c05:02;;;;;;;14.32.42;3;4;3;1;5673;;10;9;18;2;16;13;3;17;2;1;13;16;
*P10;;;;;;;14.32.42;3;4;3;1;5673;;10;9;18;2;16;13;3;17;2;1;13;16;
*z1;;;;;;;14.32.42;3;1;3;1;5673;;10;9;18;2;16;13;3;17;2;1;13;16;
*10SM-~~~16;;;;;;;14.33.10;3;1;3;1;5701;;10;9;18;2;16;13;3;17;2;1;13;16;
a03RM#~~~16~~~~32;;;;;;;14.33.10;3;1;3;1;5701;;10;9;18;2;16;13;3;17;2;1;13;16;
a02EQ+K1C;;;;;;;14.33.10;3;1;3;1;5703;;10;9;18;2;16;13;3;17;2;1;13;16;
a17AQ/J4~36~H1;p;r;;;;;14.33.16;3;1;3;1;5704;;10;9;18;2;16;13;3;17;2;1;13;16;
*18BQ#~~~~3~~1;p;;;;;;14.33.16;3;1;3;1;5704;;10;9;18;2;16;13;3;17;2;1;13;16;
*p25:14;;;;;;;14.33.22;3;1;3;1;5709;;10;9;18;2;16;13;3;17;2;1;13;16;
**3set;;;;;;;14.33.22;4;1;3;1;5713;;;;;;;;;;;;;;
*P10>LUp;;;;;;;14.33.22;4;1;3;1;5713;;9;18;2;16;13;10;1;17;9;3;13;5;
*z6>LUp;;;;;;;14.33.22;4;6;3;1;5713;;9;18;2;16;13;10;1;17;9;3;13;5;
aP05>LUp;;;;;;;14.33.22;4;6;3;1;5713;;9;18;2;16;13;10;1;17;9;3;13;5;
az6>LUp;;;;;;;14.33.22;4;6;6;1;5713;;9;18;2;16;13;10;1;17;9;3;13;5;
a01SM+~~~15;;;;;;;14.37.21;4;6;6;1;5952;;9;18;2;16;13;10;1;17;9;3;13;5;
*16RM-~~~15;;;;;;;14.37.21;4;6;6;1;5952;;9;18;2;16;13;10;1;17;9;3;13;5;
*11EH-~~~~4;;;;;;;14.37.27;4;6;6;1;5954;;9;18;2;16;13;10;1;17;9;3;13;5;
a03AO#V4~4~~H;p;p;;;;;14.37.30;4;6;6;1;5955;;9;18;2;16;13;10;1;17;9;3;13;5;
*$$&H=;p;;;;;;14.37.30;4;6;6;1;5955;;9;18;2;16;13;10;1;17;9;3;13;5;
ap00:01;;;;;;;14.37.31;4;6;6;1;5960;;9;18;2;16;13;10;1;17;9;3;13;5;
a01SM!~~~15;;;;;;;14.37.44;4;6;6;1;5975;;9;18;2;16;13;10;1;17;9;3;13;5;
*16RM!~~~15~~~~22;;;;;;;14.37.44;4;6;6;1;5975;;9;18;2;16;13;10;1;17;9;3;13;5;
*10ET+K9B;;;;;;;14.37.44;4;6;6;1;5977;;9;18;2;16;13;10;1;17;9;3;13;5;
*02AT#W2~21~H2S;s;r;;;;;14.37.51;4;6;6;1;5978;;9;18;2;16;13;10;1;17;9;3;13;5;
a17BT=~~~~4~~2S;s;;;;;;14.37.51;4;6;6;1;5978;;9;18;2;16;13;10;1;17;9;3;13;5;
*p01:01;;;;;;;14.37.54;4;6;6;1;5983;;9;18;2;16;13;10;1;17;9;3;13;5;
*z5;;;;;;;14.37.54;4;5;6;1;5985;;18;2;16;13;10;9;1;17;9;3;13;5;
*18SM-~~~55;;;;;;;14.38.11;4;5;6;1;6002;;18;2;16;13;10;9;1;17;9;3;13;5;
a03RM+~~~55~~~~32;;;;;;;14.38.11;4;5;6;1;6002;;18;2;16;13;10;9;1;17;9;3;13;5;
a05ET+K1B;;;;;;;14.38.11;4;5;6;1;6004;;18;2;16;13;10;9;1;17;9;3;13;5;
a09AT-W2~25~H2;;r;;;;;14.38.16;4;5;6;1;6005;;18;2;16;13;10;9;1;17;9;3;13;5;
*18DT+~~~25;;;;;;;14.38.16;4;5;6;1;6005;;18;2;16;13;10;9;1;17;9;3;13;5;
*16AT#W4~41~H2;p;p;;;;;14.38.19;4;5;6;1;6008;;18;2;16;13;10;9;1;17;9;3;13;5;
a$$&H=;p;;;;;;14.38.19;4;5;6;1;6008;;18;2;16;13;10;9;1;17;9;3;13;5;
*p02:01;;;;;;;14.38.22;4;5;6;1;6013;;18;2;16;13;10;9;1;17;9;3;13;5;
*18SM!~~~55;;;;;;;14.38.41;4;5;6;1;6032;;18;2;16;13;10;9;1;17;9;3;13;5;
a03RM!~~~55~~~~22;;;;;;;14.38.41;4;5;6;1;6032;;18;2;16;13;10;9;1;17;9;3;13;5;
a05ET+KBF;;;;;;;14.38.41;4;5;6;1;6034;;18;2;16;13;10;9;1;17;9;3;13;5;
a03AT-W4~41~H2;;r;;;;;14.38.47;4;5;6;1;6035;;18;2;16;13;10;9;1;17;9;3;13;5;
*10DT+~~~41;;;;;;;14.38.47;4;5;6;1;6035;;18;2;16;13;10;9;1;17;9;3;13;5;
*02AH#G2~21~H2O;p;p;;;;;14.38.49;4;5;6;1;6038;;18;2;16;13;10;9;1;17;9;3;13;5;
a17BH=~~~~4~~2O;p;;;;;;14.38.49;4;5;6;1;6038;;18;2;16;13;10;9;1;17;9;3;13;5;
*p03:01;;;;;;;14.38.58;4;5;6;1;6043;;18;2;16;13;10;9;1;17;9;3;13;5;
*18SM-~~~55;;;;;;;14.39.13;4;5;6;1;6064;;18;2;16;13;10;9;1;17;9;3;13;5;
a03RM+~~~55~~~~21;;;;;;;14.39.13;4;5;6;1;6064;;18;2;16;13;10;9;1;17;9;3;13;5;
a05ET+K1B;;;;;;;14.39.13;4;5;6;1;6064;;18;2;16;13;10;9;1;17;9;3;13;5;
a09AT-W2~26~H1;;r;;;;;14.39.18;4;5;6;1;6067;;18;2;16;13;10;9;1;17;9;3;13;5;
*09DT+~~~26;;;;;;;14.39.18;4;5;6;1;6067;;18;2;16;13;10;9;1;17;9;3;13;5;
*16AH-G4~46~T2;;p;;;;;14.39.22;4;5;6;1;6070;;18;2;16;13;10;9;1;17;9;3;13;5;
a18DH+~~~46;;;;;;;14.39.22;4;5;6;1;6070;;18;2;16;13;10;9;1;17;9;3;13;5;
a01AT/Y8~86~H2;p;s;;;;;14.39.27;4;5;6;1;6073;;18;2;16;13;10;9;1;17;9;3;13;5;
*13BT#~~~~3~~2;p;;;;;;14.39.27;4;5;6;1;6073;;18;2;16;13;10;9;1;17;9;3;13;5;
*p04:01;;;;;;;14.39.29;4;5;6;1;6079;;18;2;16;13;10;9;1;17;9;3;13;5;
*18SM!~~~56;;;;;;;14.40.45;4;5;6;1;6156;;18;2;16;13;10;9;1;17;9;3;13;5;
a18RM!~~~56~~~~22;;;;;;;14.40.45;4;5;6;1;6156;;18;2;16;13;10;9;1;17;9;3;13;5;
a05ET+KBF;;;;;;;14.40.45;4;5;6;1;6158;;18;2;16;13;10;9;1;17;9;3;13;5;
a03AT+W4~46~H2;;r;;;;;14.40.50;4;5;6;1;6159;;18;2;16;13;10;9;1;17;9;3;13;5;
*09DT-~~~46;;;;;;;14.40.50;4;5;6;1;6159;;18;2;16;13;10;9;1;17;9;3;13;5;
a17AQ/J4~35~H1;p;s;;;;;14.40.57;4;5;6;1;6162;;18;2;16;13;10;9;1;17;9;3;13;5;
*13BQ#~~~~3~~1;p;;;;;;14.40.57;4;5;6;1;6162;;18;2;16;13;10;9;1;17;9;3;13;5;
*p05:01;;;;;;;14.41.00;4;5;6;1;6169;;18;2;16;13;10;9;1;17;9;3;13;5;
ac17:15;;;;;;;14.41.00;4;5;6;1;6171;;18;2;16;13;10;9;1;15;9;3;13;5;
*18SM!~~~56;;;;;;;14.41.29;4;5;6;1;6200;;18;2;16;13;10;9;1;15;9;3;13;5;
a18RM!~~~56~~~~22;;;;;;;14.41.29;4;5;6;1;6200;;18;2;16;13;10;9;1;15;9;3;13;5;
a05ET+KBF;;;;;;;14.41.29;4;5;6;1;6202;;18;2;16;13;10;9;1;15;9;3;13;5;
a03AT+W4~46~H2;;r;;;;;14.41.34;4;5;6;1;6203;;18;2;16;13;10;9;1;15;9;3;13;5;
*02BT-~~~~2~~2;;;;;;;14.41.34;4;5;6;1;6203;;18;2;16;13;10;9;1;15;9;3;13;5;
a09AT#W2~21~H2S;s;s;;;;;14.41.37;4;5;6;1;6206;;18;2;16;13;10;9;1;15;9;3;13;5;
*13BT=~~~~4~~2S;s;;;;;;14.41.37;4;5;6;1;6206;;18;2;16;13;10;9;1;15;9;3;13;5;
ap05:02;;;;;;;14.41.39;4;5;6;1;6212;;18;2;16;13;10;9;1;15;9;3;13;5;
az5;;;;;;;14.41.39;4;5;5;1;6210;;18;2;16;13;10;9;15;9;3;13;5;1;
a15SQ=~~~15~~~N;s;;;;;;14.41.57;4;5;5;1;6228;;18;2;16;13;10;9;15;9;3;13;5;1;
*$$&H#;s;;;;;;14.41.57;4;5;5;1;6228;;18;2;16;13;10;9;15;9;3;13;5;1;
*p06:02;;;;;;;14.42.02;4;5;5;1;6233;;18;2;16;13;10;9;15;9;3;13;5;1;
*z4;;;;;;;14.42.02;4;4;5;1;6233;;2;16;13;10;9;18;15;9;3;13;5;1;
*02SQ-~~~65;;;;;;;14.42.19;4;4;5;1;6250;;2;16;13;10;9;18;15;9;3;13;5;1;
a13RQ+~~~65~~~~33;;;;;;;14.42.19;4;4;5;1;6250;;2;16;13;10;9;18;15;9;3;13;5;1;
a05ET+K1F;;;;;;;14.42.19;4;4;5;1;6252;;2;16;13;10;9;18;15;9;3;13;5;1;
a03AT-W4~46~H2;;r;;;;;14.42.25;4;4;5;1;6253;;2;16;13;10;9;18;15;9;3;13;5;1;
*11DT+~~~46;;;;;;;14.42.25;4;4;5;1;6253;;2;16;13;10;9;18;15;9;3;13;5;1;
*02AT#Y9~96~H2;p;p;;;;;14.42.28;4;4;5;1;6256;;2;16;13;10;9;18;15;9;3;13;5;1;
a18DT=~~~96;p;;;;;;14.42.28;4;4;5;1;6256;;2;16;13;10;9;18;15;9;3;13;5;1;
*p07:02;;;;;;;14.42.31;4;4;5;1;6261;;2;16;13;10;9;18;15;9;3;13;5;1;
*02SQ-~~~66;;;;;;;14.42.51;4;4;5;1;6282;;2;16;13;10;9;18;15;9;3;13;5;1;
a01RQ+~~~66;;;;;;;14.42.51;4;4;5;1;6282;;2;16;13;10;9;18;15;9;3;13;5;1;
a05ET+K1F;;;;;;;14.42.51;4;4;5;1;6282;;2;16;13;10;9;18;15;9;3;13;5;1;
a03AT-W4~4~~H2;;r;;;;;14.42.56;4;4;5;1;6285;;2;16;13;10;9;18;15;9;3;13;5;1;
*11DT+~~~4;;;;;;;14.42.56;4;4;5;1;6285;;2;16;13;10;9;18;15;9;3;13;5;1;
*02AH+G9~91~H2;;p;;;;;14.42.59;4;4;5;1;6288;;2;16;13;10;9;18;15;9;3;13;5;1;
a13BH-~~~~4~~2;;;;;;;14.42.59;4;4;5;1;6288;;2;16;13;10;9;18;15;9;3;13;5;1;
a18DH+;;;;;;;14.42.59;4;4;5;1;6288;;2;16;13;10;9;18;15;9;3;13;5;1;
a03AH+G4~45~H2;;s;;;;;14.43.06;4;4;5;1;6291;;2;16;13;10;9;18;15;9;3;13;5;1;
*13BH-~~~~2~~2;;;;;;;14.43.06;4;4;5;1;6291;;2;16;13;10;9;18;15;9;3;13;5;1;
a18DH+;;;;;;;14.43.06;4;4;5;1;6291;;2;16;13;10;9;18;15;9;3;13;5;1;
a13AH-G3~33~T1;;s;;;;;14.43.08;4;4;5;1;6295;;2;16;13;10;9;18;15;9;3;13;5;1;
*10DH+~~~33;;;;;;;14.43.08;4;4;5;1;6295;;2;16;13;10;9;18;15;9;3;13;5;1;
*02AH+G9~91~H2;;p;;;;;14.43.11;4;4;5;1;6298;;2;16;13;10;9;18;15;9;3;13;5;1;
a13BH-~~~~4~~2;;;;;;;14.43.11;4;4;5;1;6298;;2;16;13;10;9;18;15;9;3;13;5;1;
*16DH+;;;;;;;14.43.11;4;4;5;1;6298;;2;16;13;10;9;18;15;9;3;13;5;1;
*16AT#W4~42~T2;p;p;;;;;14.43.15;4;4;5;1;6301;;2;16;13;10;9;18;15;9;3;13;5;1;
a$$&H=;p;;;;;;14.43.15;4;4;5;1;6301;;2;16;13;10;9;18;15;9;3;13;5;1;
*p08:02;;;;;;;14.43.19;4;4;5;1;6309;;2;16;13;10;9;18;15;9;3;13;5;1;
*02SQ/~~~66;;;;;;;14.43.46;4;4;5;1;6337;;2;16;13;10;9;18;15;9;3;13;5;1;
a01RQ/~~~66;;;;;;;14.43.46;4;4;5;1;6337;;2;16;13;10;9;18;15;9;3;13;5;1;
*16AO#V4~4~~H;p;p;;;;;14.43.52;4;4;5;1;6339;;2;16;13;10;9;18;15;9;3;13;5;1;
a$$&H=;p;;;;;;14.43.52;4;4;5;1;6339;;2;16;13;10;9;18;15;9;3;13;5;1;
*p09:02;;;;;;;14.43.54;4;4;5;1;6345;;2;16;13;10;9;18;15;9;3;13;5;1;
*02SQ+~~~65;;;;;;;14.44.13;4;4;5;1;6364;;2;16;13;10;9;18;15;9;3;13;5;1;
a03RQ-~~~65;;;;;;;14.44.13;4;4;5;1;6364;;2;16;13;10;9;18;15;9;3;13;5;1;
a09AH-G2~21~H2;;r;;;;;14.44.20;4;4;5;1;6367;;2;16;13;10;9;18;15;9;3;13;5;1;
*10BH+~~~~4~~2;;;;;;;14.44.20;4;4;5;1;6367;;2;16;13;10;9;18;15;9;3;13;5;1;
*16AH-G4~46~H0;;p;;;;;14.44.24;4;4;5;1;6370;;2;16;13;10;9;18;15;9;3;13;5;1;
a18DH+~~~46;;;;;;;14.44.24;4;4;5;1;6370;;2;16;13;10;9;18;15;9;3;13;5;1;
a03AT-W4~46~H2;;s;;;;;14.44.27;4;4;5;1;6373;;2;16;13;10;9;18;15;9;3;13;5;1;
*11DT+~~~46;;;;;;;14.44.27;4;4;5;1;6373;;2;16;13;10;9;18;15;9;3;13;5;1;
a03AH=G4~47~H2S;p;s;;;;;14.44.31;4;4;5;1;6377;;2;16;13;10;9;18;15;9;3;13;5;1;
*$$&H#;p;;;;;;14.44.31;4;4;5;1;6377;;2;16;13;10;9;18;15;9;3;13;5;1;
*p10:02;;;;;;;14.44.34;4;4;5;1;6385;;2;16;13;10;9;18;15;9;3;13;5;1;
ac03:10;;;;;;;14.44.34;4;4;5;1;6385;;2;16;13;10;9;18;15;9;10;13;5;1;
*02SQ-~~~61;;;;;;;14.45.03;4;4;5;1;6414;;2;16;13;10;9;18;15;9;10;13;5;1;
a18RQ+~~~61~~~~33;;;;;;;14.45.03;4;4;5;1;6414;;2;16;13;10;9;18;15;9;10;13;5;1;
a05ET+K1F;;;;;;;14.45.03;4;4;5;1;6416;;2;16;13;10;9;18;15;9;10;13;5;1;
a10AT-W4~41~H2;;r;;;;;14.45.09;4;4;5;1;6417;;2;16;13;10;9;18;15;9;10;13;5;1;
*02DT+~~~41;;;;;;;14.45.09;4;4;5;1;6417;;2;16;13;10;9;18;15;9;10;13;5;1;
*16AH#G3~32~T;p;p;;;;;14.45.13;4;4;5;1;6420;;2;16;13;10;9;18;15;9;10;13;5;1;
a$$&H=;p;;;;;;14.45.13;4;4;5;1;6420;;2;16;13;10;9;18;15;9;10;13;5;1;
*p11:02;;;;;;;14.45.14;4;4;5;1;6426;;2;16;13;10;9;18;15;9;10;13;5;1;
*02SQ#~~~61;p;;;;;;14.45.33;4;4;5;1;6444;;2;16;13;10;9;18;15;9;10;13;5;1;
a18RQ=~~~61~R;p;;;;;;14.45.33;4;4;5;1;6444;;2;16;13;10;9;18;15;9;10;13;5;1;
*p12:02;;;;;;;14.45.40;4;4;5;1;6450;;2;16;13;10;9;18;15;9;10;13;5;1;
*02SQ+~~~61;;;;;;;14.45.57;4;4;5;1;6468;;2;16;13;10;9;18;15;9;10;13;5;1;
a18RQ-~~~61;;;;;;;14.45.57;4;4;5;1;6468;;2;16;13;10;9;18;15;9;10;13;5;1;
a10AH#G4~45~H1;s;r;;;;;14.46.03;4;4;5;1;6471;;2;16;13;10;9;18;15;9;10;13;5;1;
*09DH=~~~45;s;;;;;;14.46.03;4;4;5;1;6471;;2;16;13;10;9;18;15;9;10;13;5;1;
ap12:03;;;;;;;14.46.07;4;4;5;1;6476;;2;16;13;10;9;18;15;9;10;13;5;1;
az4;;;;;;;14.46.07;4;4;4;1;6478;;2;16;13;10;9;18;9;10;13;5;1;15;
ac05:16;;;;;;;14.46.07;4;4;4;1;6478;;2;16;13;10;9;18;9;10;13;16;1;15;
ac09:02;;;;;;;14.46.07;4;4;4;1;6478;;2;16;13;10;9;18;2;10;13;16;1;15;
aP2;;;;;;;14.46.07;4;4;4;1;6478;;2;16;13;10;9;18;2;10;13;16;1;15;
az1;;;;;;;14.46.07;4;4;1;1;6478;;2;16;13;10;9;18;2;10;13;16;1;15;
a02SM-~~~15;;;;;;;14.46.36;4;4;1;1;6507;;2;16;13;10;9;18;2;10;13;16;1;15;
*09RM+~~~15~~~~34;;;;;;;14.46.36;4;4;1;1;6507;;2;16;13;10;9;18;2;10;13;16;1;15;
*10ET+KCF;;;;;;;14.46.36;4;4;1;1;6509;;2;16;13;10;9;18;2;10;13;16;1;15;
*16AT/W4~41~H2;p;r;;;;;14.46.44;4;4;1;1;6510;;2;16;13;10;9;18;2;10;13;16;1;15;
a16BT#~~~~2~~2;p;;;;;;14.46.44;4;4;1;1;6510;;2;16;13;10;9;18;2;10;13;16;1;15;
ap12:04;;;;;;;14.46.47;4;4;1;1;6515;;2;16;13;10;9;18;2;10;13;16;1;15;
a02SM=~~~15~~~O;s;;;;;;14.46.58;4;4;1;1;6529;;2;16;13;10;9;18;2;10;13;16;1;15;
*$$&H#;s;;;;;;14.46.58;4;4;1;1;6529;;2;16;13;10;9;18;2;10;13;16;1;15;
*p13:04;;;;;;;14.47.07;4;4;1;1;6532;;2;16;13;10;9;18;2;10;13;16;1;15;
*z3;;;;;;;14.47.07;4;3;1;1;6538;;16;13;10;9;18;2;2;10;13;16;1;15;
*16SQ-~~~66;;;;;;;14.47.28;4;3;1;1;6559;;16;13;10;9;18;2;2;10;13;16;1;15;
a18RQ+~~~66~~~~33;;;;;;;14.47.28;4;3;1;1;6559;;16;13;10;9;18;2;2;10;13;16;1;15;
a02ET+K2B;;;;;;;14.47.28;4;3;1;1;6559;;16;13;10;9;18;2;2;10;13;16;1;15;
a10AT#W2~21~H1F;s;r;;;;;14.47.34;4;3;1;1;6562;;16;13;10;9;18;2;2;10;13;16;1;15;
*09BT=~~~~4~~1F;s;;;;;;14.47.34;4;3;1;1;6562;;16;13;10;9;18;2;2;10;13;16;1;15;
ap13:05;;;;;;;14.47.41;4;3;1;1;6567;;16;13;10;9;18;2;2;10;13;16;1;15;
az6;;;;;;;14.47.41;4;3;6;1;6572;;16;13;10;9;18;2;10;13;16;1;15;2;
a10SM-~~~65;;;;;;;14.47.51;4;3;6;1;6582;;16;13;10;9;18;2;10;13;16;1;15;2;
*09RM#~~~65~~~~33;;;;;;;14.47.51;4;3;6;1;6582;;16;13;10;9;18;2;10;13;16;1;15;2;
*10ET+K3F;;;;;;;14.47.51;4;3;6;1;6582;;16;13;10;9;18;2;10;13;16;1;15;2;
*09AT-W4~45~H2;;r;;;;;14.47.57;4;3;6;1;6585;;16;13;10;9;18;2;10;13;16;1;15;2;
a13BT+~~~~2~~2;;;;;;;14.47.57;4;3;6;1;6585;;16;13;10;9;18;2;10;13;16;1;15;2;
a10AH-G8~81~H0;;p;;;;;14.48.01;4;3;6;1;6588;;16;13;10;9;18;2;10;13;16;1;15;2;
*02DH+~~~71;;;;;;;14.48.01;4;3;6;1;6588;;16;13;10;9;18;2;10;13;16;1;15;2;
*09AH-G4~45~H2;;s;;;;;14.48.05;4;3;6;1;6591;;16;13;10;9;18;2;10;13;16;1;15;2;
a18DH+~~~45;;;;;;;14.48.05;4;3;6;1;6591;;16;13;10;9;18;2;10;13;16;1;15;2;
a16AT+W2~23~T2;;p;;;;;14.48.09;4;3;6;1;6595;;16;13;10;9;18;2;10;13;16;1;15;2;
*13BT-~~~~4~~2;;;;;;;14.48.09;4;3;6;1;6595;;16;13;10;9;18;2;10;13;16;1;15;2;
*09DH-;;;;;;;14.48.09;4;3;6;1;6595;;16;13;10;9;18;2;10;13;16;1;15;2;
a16AT#W2~25~H2O;p;p;;;;;14.48.14;4;3;6;1;6598;;16;13;10;9;18;2;10;13;16;1;15;2;
*09BT=~~~~4~~2O;p;;;;;;14.48.14;4;3;6;1;6598;;16;13;10;9;18;2;10;13;16;1;15;2;
ap13:06;;;;;;;14.48.20;4;3;6;1;6608;;16;13;10;9;18;2;10;13;16;1;15;2;
a10SM!~~~16;;;;;;;14.48.34;4;3;6;1;6625;;16;13;10;9;18;2;10;13;16;1;15;2;
*16RM!~~~16~~~~22;;;;;;;14.48.34;4;3;6;1;6625;;16;13;10;9;18;2;10;13;16;1;15;2;
*10ET+K9B;;;;;;;14.48.34;4;3;6;1;6627;;16;13;10;9;18;2;10;13;16;1;15;2;
*02AT#Y9~91~H2;s;r;;;;;14.48.40;4;3;6;1;6628;;16;13;10;9;18;2;10;13;16;1;15;2;
a10DT=~~~91;s;;;;;;14.48.40;4;3;6;1;6628;;16;13;10;9;18;2;10;13;16;1;15;2;
*p14:06;;;;;;;14.48.43;4;3;6;1;6634;;16;13;10;9;18;2;10;13;16;1;15;2;
*z2;;;;;;;14.48.43;4;2;6;1;6634;;13;10;9;18;2;16;10;13;16;1;15;2;
*13SM-~~~56;;;;;;;14.48.59;4;2;6;1;6650;;13;10;9;18;2;16;10;13;16;1;15;2;
a10RM+~~~56~~~~33;;;;;;;14.48.59;4;2;6;1;6650;;13;10;9;18;2;16;10;13;16;1;15;2;
a02ET+K1F;;;;;;;14.48.59;4;2;6;1;6652;;13;10;9;18;2;16;10;13;16;1;15;2;
a01AT#W4~46~H2;s;r;;;;;14.49.05;4;2;6;1;6653;;13;10;9;18;2;16;10;13;16;1;15;2;
*$$&H=;s;;;;;;14.49.05;4;2;6;1;6653;;13;10;9;18;2;16;10;13;16;1;15;2;
ap14:07;;;;;;;14.49.07;4;2;6;1;6659;;13;10;9;18;2;16;10;13;16;1;15;2;
az5;;;;;;;14.49.07;4;2;5;1;6658;;13;10;9;18;2;16;13;16;1;15;2;10;
a13SM!~~~56;;;;;;;14.49.24;4;2;5;1;6675;;13;10;9;18;2;16;13;16;1;15;2;10;
*16RM!~~~56~~~~22;;;;;;;14.49.24;4;2;5;1;6675;;13;10;9;18;2;16;13;16;1;15;2;10;
*10ET+K9B;;;;;;;14.49.24;4;2;5;1;6677;;13;10;9;18;2;16;13;16;1;15;2;10;
*02AT#Y9~96~H2;s;r;;;;;14.49.29;4;2;5;1;6678;;13;10;9;18;2;16;13;16;1;15;2;10;
a$$&H=;s;;;;;;14.49.29;4;2;5;1;6678;;13;10;9;18;2;16;13;16;1;15;2;10;
*p15:07;;;;;;;14.49.33;4;2;5;1;6684;;13;10;9;18;2;16;13;16;1;15;2;10;
*z1;;;;;;;14.49.33;4;1;5;1;6684;;10;9;18;2;16;13;13;16;1;15;2;10;
*10SM!~~~15;;;;;;;14.49.47;4;1;5;1;6698;;10;9;18;2;16;13;13;16;1;15;2;10;
a01RM!~~~15~~~~33;;;;;;;14.49.47;4;1;5;1;6698;;10;9;18;2;16;13;13;16;1;15;2;10;
a02ET+K2B;;;;;;;14.49.47;4;1;5;1;6700;;10;9;18;2;16;13;13;16;1;15;2;10;
a16AT#W2~25~H2;s;r;;;;;14.49.53;4;1;5;1;6701;;10;9;18;2;16;13;13;16;1;15;2;10;
*11DT=~~~25;s;;;;;;14.49.53;4;1;5;1;6701;;10;9;18;2;16;13;13;16;1;15;2;10;
ap15:08;;;;;;;14.49.56;4;1;5;1;6707;;10;9;18;2;16;13;13;16;1;15;2;10;
az4;;;;;;;14.49.56;4;1;4;1;6707;;10;9;18;2;16;13;16;1;15;2;10;13;
a16SQ!~~~11;;;;;;;14.50.12;4;1;4;1;6723;;10;9;18;2;16;13;16;1;15;2;10;13;
*11RQ!~~~11~~~~21;;;;;;;14.50.12;4;1;4;1;6723;;10;9;18;2;16;13;16;1;15;2;10;13;
*10ET+KBF;;;;;;;14.50.12;4;1;4;1;6725;;10;9;18;2;16;13;16;1;15;2;10;13;
*02AT#W4~45~H2S;s;r;;;;;14.50.18;4;1;4;1;6726;;10;9;18;2;16;13;16;1;15;2;10;13;
a15BT=~~~~2~~2S;s;;;;;;14.50.18;4;1;4;1;6726;;10;9;18;2;16;13;16;1;15;2;10;13;
*p16:08;;;;;;;14.50.20;4;1;4;1;6731;;10;9;18;2;16;13;16;1;15;2;10;13;
*z6;;;;;;;14.50.20;4;6;4;1;6731;;9;18;2;16;13;10;16;1;15;2;10;13;
*09SQ=~~~15~~~N;s;;;;;;14.50.38;4;6;4;1;6749;;9;18;2;16;13;10;16;1;15;2;10;13;
a$$&H#;s;;;;;;14.50.38;4;6;4;1;6749;;9;18;2;16;13;10;16;1;15;2;10;13;
ap16:09;;;;;;;14.50.44;4;6;4;1;6755;;9;18;2;16;13;10;16;1;15;2;10;13;
az3;;;;;;;14.50.44;4;6;3;1;6755;;9;18;2;16;13;10;1;15;2;10;13;16;
a01SM-~~~65;;;;;;;14.50.57;4;6;3;1;6768;;9;18;2;16;13;10;1;15;2;10;13;16;
*16RM#~~~65~~~~33;;;;;;;14.50.57;4;6;3;1;6768;;9;18;2;16;13;10;1;15;2;10;13;16;
*10EQ+K3C;;;;;;;14.50.57;4;6;3;1;6770;;9;18;2;16;13;10;1;15;2;10;13;16;
*18AQ#J3~36~H1;s;r;;;;;14.51.04;4;6;3;1;6771;;9;18;2;16;13;10;1;15;2;10;13;16;
a$$&H=;s;;;;;;14.51.04;4;6;3;1;6771;;9;18;2;16;13;10;1;15;2;10;13;16;
*p17:09;;;;;;;14.51.06;4;6;3;1;6776;;9;18;2;16;13;10;1;15;2;10;13;16;
*z5;;;;;;;14.51.06;4;5;3;1;6777;;18;2;16;13;10;9;1;15;2;10;13;16;
*18SM#~~~55~~~N;p;;;;;;14.51.22;4;5;3;1;6793;;18;2;16;13;10;9;1;15;2;10;13;16;
a10RM=~~~55~W;p;;;;;;14.51.22;4;5;3;1;6793;;18;2;16;13;10;9;1;15;2;10;13;16;
*p18:09;;;;;;;14.51.32;4;5;3;1;6798;;18;2;16;13;10;9;1;15;2;10;13;16;
*18SM-~~~55;;;;;;;14.51.47;4;5;3;1;6818;;18;2;16;13;10;9;1;15;2;10;13;16;
a18RM+~~~55~~~~21;;;;;;;14.51.47;4;5;3;1;6818;;18;2;16;13;10;9;1;15;2;10;13;16;
a02EQ+KBC;;;;;;;14.51.47;4;5;3;1;6820;;18;2;16;13;10;9;1;15;2;10;13;16;
a15AQ#J1~35~H1;s;r;;;;;14.51.53;4;5;3;1;6821;;18;2;16;13;10;9;1;15;2;10;13;16;
*$$&H=;s;;;;;;14.51.53;4;5;3;1;6821;;18;2;16;13;10;9;1;15;2;10;13;16;
ap18:10;;;;;;;14.51.56;4;5;3;1;6826;;18;2;16;13;10;9;1;15;2;10;13;16;
az2;;;;;;;14.51.56;4;5;2;1;6827;;18;2;16;13;10;9;15;2;10;13;16;1;
a15SM-~~~55;;;;;;;14.52.09;4;5;2;1;6840;;18;2;16;13;10;9;15;2;10;13;16;1;
*16RM#~~~55;;;;;;;14.52.09;4;5;2;1;6840;;18;2;16;13;10;9;15;2;10;13;16;1;
*10ET+K1F;;;;;;;14.52.09;4;5;2;1;6842;;18;2;16;13;10;9;15;2;10;13;16;1;
*16AT#W4~47~H2;s;r;;;;;14.52.16;4;5;2;1;6843;;18;2;16;13;10;9;15;2;10;13;16;1;
a15DT=~~~47;s;;;;;;14.52.16;4;5;2;1;6843;;18;2;16;13;10;9;15;2;10;13;16;1;
*p19:10;;;;;;;14.52.19;4;5;2;1;6848;;18;2;16;13;10;9;15;2;10;13;16;1;
*z4;;;;;;;14.52.19;4;4;2;1;6850;;2;16;13;10;9;18;15;2;10;13;16;1;
*02SQ-~~~66;;;;;;;14.52.36;4;4;2;1;6867;;2;16;13;10;9;18;15;2;10;13;16;1;
a01RQ#~~~66~~~~33;;;;;;;14.52.36;4;4;2;1;6867;;2;16;13;10;9;18;15;2;10;13;16;1;
a02ET+K1F;;;;;;;14.52.36;4;4;2;1;6869;;2;16;13;10;9;18;15;2;10;13;16;1;
a10AT#W4~47~H2;s;r;;;;;14.52.42;4;4;2;1;6870;;2;16;13;10;9;18;15;2;10;13;16;1;
*09DT=~~~47;s;;;;;;14.52.42;4;4;2;1;6870;;2;16;13;10;9;18;15;2;10;13;16;1;
ap19:11;;;;;;;14.52.54;4;4;2;1;6875;;2;16;13;10;9;18;15;2;10;13;16;1;
az1;;;;;;;14.52.54;4;4;1;1;6885;;2;16;13;10;9;18;2;10;13;16;1;15;
a02SM-~~~15;;;;;;;14.53.00;4;4;1;1;6891;;2;16;13;10;9;18;2;10;13;16;1;15;
*16RM#~~~15~~~~33;;;;;;;14.53.00;4;4;1;1;6891;;2;16;13;10;9;18;2;10;13;16;1;15;
*10ET+K3F;;;;;;;14.53.00;4;4;1;1;6893;;2;16;13;10;9;18;2;10;13;16;1;15;
*16AT#W4~42~T2;s;r;;;;;14.53.04;4;4;1;1;6894;;2;16;13;10;9;18;2;10;13;16;1;15;
a$$&H=;s;;;;;;14.53.04;4;4;1;1;6894;;2;16;13;10;9;18;2;10;13;16;1;15;
*p20:11;;;;;;;14.53.10;4;4;1;1;6899;;2;16;13;10;9;18;2;10;13;16;1;15;
*z3;;;;;;;14.53.10;4;3;1;1;6901;;16;13;10;9;18;2;2;10;13;16;1;15;
*c10:07;;;;;;;14.53.10;4;3;1;1;6901;;16;13;7;9;18;2;2;10;13;16;1;15;
*c02:05;;;;;;;14.53.10;4;3;1;1;6901;;16;13;7;9;18;5;2;10;13;16;1;15;
*P5;;;;;;;14.53.10;4;3;1;1;6901;;16;13;7;9;18;5;2;10;13;16;1;15;
*z6;;;;;;;14.53.10;4;6;1;1;6901;;16;13;7;9;18;5;2;10;13;16;1;15;
*16SQ=~~~66~~~O;s;;;;;;14.53.39;4;6;1;1;6930;;16;13;7;9;18;5;2;10;13;16;1;15;
a$$&H#;s;;;;;;14.53.39;4;6;1;1;6930;;16;13;7;9;18;5;2;10;13;16;1;15;
ap20:12;;;;;;;14.53.43;4;6;1;1;6934;;16;13;7;9;18;5;2;10;13;16;1;15;
az6;;;;;;;14.53.43;4;6;6;1;6934;;16;13;7;9;18;5;10;13;16;1;15;2;
a10SQ-~~~66;;;;;;;14.53.56;4;6;6;1;6947;;16;13;7;9;18;5;10;13;16;1;15;2;
*11RQ#~~~66~~~~32;;;;;;;14.53.56;4;6;6;1;6947;;16;13;7;9;18;5;10;13;16;1;15;2;
*05ET+K1F;;;;;;;14.53.56;4;6;6;1;6947;;16;13;7;9;18;5;10;13;16;1;15;2;
*09AT-W4~42~T1;;r;;;;;14.54.04;4;6;6;1;6950;;16;13;7;9;18;5;10;13;16;1;15;2;
a16BT+~~~~2~~1;;;;;;;14.54.04;4;6;6;1;6950;;16;13;7;9;18;5;10;13;16;1;15;2;
a13DH+;;;;;;;14.54.04;4;6;6;1;6950;;16;13;7;9;18;5;10;13;16;1;15;2;
a01AH+G4~45~H2;;p;;;;;14.54.07;4;6;6;1;6953;;16;13;7;9;18;5;10;13;16;1;15;2;
*13BH-~~~~2~~2;;;;;;;14.54.07;4;6;6;1;6953;;16;13;7;9;18;5;10;13;16;1;15;2;
a18DH+;;;;;;;14.54.07;4;6;6;1;6953;;16;13;7;9;18;5;10;13;16;1;15;2;
a13AQ+J1~36~H1;;p;;;;;14.54.10;4;6;6;1;6956;;16;13;7;9;18;5;10;13;16;1;15;2;
*13BQ-~~~~3~~1;;;;;;;14.54.10;4;6;6;1;6956;;16;13;7;9;18;5;10;13;16;1;15;2;
a01AH+G4~45~H2;;p;;;;;14.54.14;4;6;6;1;6960;;16;13;7;9;18;5;10;13;16;1;15;2;
*13BH-~~~~2~~2;;;;;;;14.54.14;4;6;6;1;6960;;16;13;7;9;18;5;10;13;16;1;15;2;
a16AT#W2~21~H2F;p;p;;;;;14.54.18;4;6;6;1;6963;;16;13;7;9;18;5;10;13;16;1;15;2;
*13BT=~~~~4~~2F;p;;;;;;14.54.18;4;6;6;1;6963;;16;13;7;9;18;5;10;13;16;1;15;2;
ap20:13;;;;;;;14.54.22;4;6;6;1;6971;;16;13;7;9;18;5;10;13;16;1;15;2;
a10SQ-~~~16;;;;;;;14.54.40;4;6;6;1;6991;;16;13;7;9;18;5;10;13;16;1;15;2;
*11RQ+~~~16~~~~21;;;;;;;14.54.40;4;6;6;1;6991;;16;13;7;9;18;5;10;13;16;1;15;2;
*05EQ+KBC;;;;;;;14.54.40;4;6;6;1;6993;;16;13;7;9;18;5;10;13;16;1;15;2;
*13AQ#J1~35~H2;s;r;;;;;14.54.44;4;6;6;1;6994;;16;13;7;9;18;5;10;13;16;1;15;2;
a$$&H=;s;;;;;;14.54.44;4;6;6;1;6994;;16;13;7;9;18;5;10;13;16;1;15;2;
*p21:13;;;;;;;14.54.47;4;6;6;1;6999;;16;13;7;9;18;5;10;13;16;1;15;2;
*z5;;;;;;;14.54.47;4;5;6;1;6998;;13;7;9;18;5;16;10;13;16;1;15;2;
*c18:06;;;;;;;14.54.47;4;5;6;1;6998;;13;7;9;6;5;16;10;13;16;1;15;2;
*13SM/~~~51;;;;;;;14.55.08;4;5;6;1;7019;;13;7;9;6;5;16;10;13;16;1;15;2;
a10RM/~~~51~R;;;;;;;14.55.08;4;5;6;1;7019;;13;7;9;6;5;16;10;13;16;1;15;2;
*06AO#V3~3~~H;p;p;;;;;14.55.15;4;5;6;1;7021;;13;7;9;6;5;16;10;13;16;1;15;2;
a$$&H=;p;;;;;;14.55.15;4;5;6;1;7021;;13;7;9;6;5;16;10;13;16;1;15;2;
*p22:13;;;;;;;14.55.16;4;5;6;1;7026;;13;7;9;6;5;16;10;13;16;1;15;2;
*13SM!~~~51;;;;;;;14.55.32;4;5;6;1;7043;;13;7;9;6;5;16;10;13;16;1;15;2;
a10RM!~~~51~~~~22;;;;;;;14.55.32;4;5;6;1;7043;;13;7;9;6;5;16;10;13;16;1;15;2;
a02ET+KBB;;;;;;;14.55.32;4;5;6;1;7045;;13;7;9;6;5;16;10;13;16;1;15;2;
a16AT#W2~25~H2;s;r;;;;;14.55.38;4;5;6;1;7046;;13;7;9;6;5;16;10;13;16;1;15;2;
*$$&H=;s;;;;;;14.55.38;4;5;6;1;7046;;13;7;9;6;5;16;10;13;16;1;15;2;
ap22:14;;;;;;;14.55.44;4;5;6;1;7051;;13;7;9;6;5;16;10;13;16;1;15;2;
az5;;;;;;;14.55.44;4;5;5;1;7055;;13;7;9;6;5;16;13;16;1;15;2;10;
a13SM+~~~55;;;;;;;14.55.58;4;5;5;1;7069;;13;7;9;6;5;16;13;16;1;15;2;10;
*09RM-~~~55;;;;;;;14.55.58;4;5;5;1;7069;;13;7;9;6;5;16;13;16;1;15;2;10;
*09AH#G4~45~H2F;s;r;;;;;14.56.03;4;5;5;1;7072;;13;7;9;6;5;16;13;16;1;15;2;10;
a15BH=~~~~2~~2F;s;;;;;;14.56.03;4;5;5;1;7072;;13;7;9;6;5;16;13;16;1;15;2;10;
*p23:14;;;;;;;14.56.06;4;5;5;1;7077;;13;7;9;6;5;16;13;16;1;15;2;10;
*z4;;;;;;;14.56.06;4;4;5;1;7077;;7;9;6;5;16;13;13;16;1;15;2;10;
*c07:10;;;;;;;14.56.06;4;4;5;1;7077;;10;9;6;5;16;13;13;16;1;15;2;10;
*c05:02;;;;;;;14.56.06;4;4;5;1;7077;;10;9;6;2;16;13;13;16;1;15;2;10;
*P10;;;;;;;14.56.06;4;4;5;1;7077;;10;9;6;2;16;13;13;16;1;15;2;10;
*z1;;;;;;;14.56.06;4;1;5;1;7077;;10;9;6;2;16;13;13;16;1;15;2;10;
*10SM-~~~15;;;;;;;14.56.32;4;1;5;1;7103;;10;9;6;2;16;13;13;16;1;15;2;10;
a10RM+~~~15~~~~32;;;;;;;14.56.32;4;1;5;1;7103;;10;9;6;2;16;13;13;16;1;15;2;10;
a02EQ+K2C;;;;;;;14.56.32;4;1;5;1;7105;;10;9;6;2;16;13;13;16;1;15;2;10;
a15AQ#J2~36~H1;s;r;;;;;14.56.37;4;1;5;1;7106;;10;9;6;2;16;13;13;16;1;15;2;10;
*$$&H=;s;;;;;;14.56.37;4;1;5;1;7106;;10;9;6;2;16;13;13;16;1;15;2;10;
ap23:15;;;;;;;14.56.39;4;1;5;1;7111;;10;9;6;2;16;13;13;16;1;15;2;10;
az4;;;;;;;14.56.39;4;1;4;1;7110;;10;9;6;2;16;13;16;1;15;2;10;13;
a16SQ+~~~12;;;;;;;14.56.53;4;1;4;1;7124;;10;9;6;2;16;13;16;1;15;2;10;13;
*10RQ-~~~12;;;;;;;14.56.53;4;1;4;1;7124;;10;9;6;2;16;13;16;1;15;2;10;13;
*02AH-G4~45~H2;;r;;;;;14.56.59;4;1;4;1;7127;;10;9;6;2;16;13;16;1;15;2;10;13;
a15BH+~~~~2~~2;;;;;;;14.56.59;4;1;4;1;7127;;10;9;6;2;16;13;16;1;15;2;10;13;
a15DH+;;;;;;;14.56.59;4;1;4;1;7127;;10;9;6;2;16;13;16;1;15;2;10;13;
a16AT-Y9~96~H2;;p;;;;;14.57.03;4;1;4;1;7130;;10;9;6;2;16;13;16;1;15;2;10;13;
*02BT+~~~~4~~2;;;;;;;14.57.03;4;1;4;1;7130;;10;9;6;2;16;13;16;1;15;2;10;13;
*02DH+;;;;;;;14.57.05;4;1;4;1;7130;;10;9;6;2;16;13;16;1;15;2;10;13;
*09AH-G2~23~T2;;s;;;;;14.57.08;4;1;4;1;7133;;10;9;6;2;16;13;16;1;15;2;10;13;
a15DH+~~~23;;;;;;;14.57.08;4;1;4;1;7133;;10;9;6;2;16;13;16;1;15;2;10;13;
a01AH-G4~45~H3;;p;;;;;14.57.11;4;1;4;1;7137;;10;9;6;2;16;13;16;1;15;2;10;13;
*11DH+~~~45;;;;;;;14.57.11;4;1;4;1;7137;;10;9;6;2;16;13;16;1;15;2;10;13;
*16AT=Y8~8~~H2N;p;s;;;;;14.57.14;4;1;4;1;7140;;10;9;6;2;16;13;16;1;15;2;10;13;
a$$&H#;p;;;;;;14.57.14;4;1;4;1;7140;;10;9;6;2;16;13;16;1;15;2;10;13;
ap23:16;;;;;;;14.57.16;4;1;4;1;7148;;10;9;6;2;16;13;16;1;15;2;10;13;
a16SQ/~~~11;;;;;;;14.57.30;4;1;4;1;7161;;10;9;6;2;16;13;16;1;15;2;10;13;
*09RQ/~~~11;;;;;;;14.57.30;4;1;4;1;7161;;10;9;6;2;16;13;16;1;15;2;10;13;
a01AO+V3~3~~H;;p;;;;;14.57.38;4;1;4;1;7163;;10;9;6;2;16;13;16;1;15;2;10;13;
*16DH-;;;;;;;14.57.38;4;1;4;1;7163;;10;9;6;2;16;13;16;1;15;2;10;13;
a15AQ#J1~36~H1;p;p;;;;;14.57.41;4;1;4;1;7166;;10;9;6;2;16;13;16;1;15;2;10;13;
*$$&H=;p;;;;;;14.57.41;4;1;4;1;7166;;10;9;6;2;16;13;16;1;15;2;10;13;
ap23:17;;;;;;;14.57.42;4;1;4;1;7171;;10;9;6;2;16;13;16;1;15;2;10;13;
*T;;;;;;;14.57.42;4;1;4;1;7173;;10;9;6;2;16;13;16;1;15;2;10;13;
a16SQ=~~~16~~~N;s;;;;;;14.58.49;4;1;4;1;7240;;10;9;6;2;16;13;16;1;15;2;10;13;
*$$&H#;s;;;;;;14.58.49;4;1;4;1;7240;;10;9;6;2;16;13;16;1;15;2;10;13;
*p24:17;;;;;;;14.58.54;4;1;4;1;7245;;10;9;6;2;16;13;16;1;15;2;10;13;
*z6;;;;;;;14.58.54;4;6;4;1;7245;;9;6;2;16;13;10;16;1;15;2;10;13;
*09SQ+~~~16;;;;;;;14.59.16;4;6;4;1;7267;;9;6;2;16;13;10;16;1;15;2;10;13;
a10RQ-~~~16;;;;;;;14.59.16;4;6;4;1;7267;;9;6;2;16;13;10;16;1;15;2;10;13;
a01AH-G4~43~T3;;r;;;;;14.59.22;4;6;4;1;7270;;9;6;2;16;13;10;16;1;15;2;10;13;
*10DH+~~~43;;;;;;;14.59.22;4;6;4;1;7270;;9;6;2;16;13;10;16;1;15;2;10;13;
*02AH#G2~25~H2O;p;p;;;;;14.59.26;4;6;4;1;7273;;9;6;2;16;13;10;16;1;15;2;10;13;
a01BH=~~~~4~~2O;p;;;;;;14.59.26;4;6;4;1;7273;;9;6;2;16;13;10;16;1;15;2;10;13;
*p25:17;;;;;;;14.59.31;4;6;4;1;7279;;9;6;2;16;13;10;16;1;15;2;10;13;
**4set;;;;;;;14.59.31;5;6;4;1;7282;;;;;;;;;;;;;;
