*P16>LUp;;;;;;;18.41.55;1;4;3;;;;16;14;17;6;11;4;5;18;19;7;8;4;
*z1>LUp;;;;;;;18.41.55;1;1;3;;;;16;14;17;6;11;4;5;18;19;7;8;4;
aP04>LUp;;;;;;;18.41.55;1;1;3;;;;16;14;17;6;11;4;5;18;19;7;8;4;
az6>LUp;;;;;;;18.41.55;1;1;6;;;;16;14;17;6;11;4;5;18;19;7;8;4;
*16SM-~~~18;;;;;;;18.41.55;1;1;6;1;109;;16;14;17;6;11;4;5;18;19;7;8;4;
a07RM+~~~18~~~~31;;;;;;;18.41.55;1;1;6;1;110;;16;14;17;6;11;4;5;18;19;7;8;4;
a04EQ+K1C;;;;;;;18.41.55;1;1;6;1;110;;16;14;17;6;11;4;5;18;19;7;8;4;
a18AQ+J1~33~H1C;;r;;;;;18.41.55;1;1;6;1;113;;16;14;17;6;11;4;5;18;19;7;8;4;
*17BQ-~~~~3~T1;;;;;;;18.41.55;1;1;6;1;113;;16;14;17;6;11;4;5;18;19;7;8;4;
a15EH+~~F~4;;;;;;;18.41.55;1;1;6;1;113;;16;14;17;6;11;4;5;18;19;7;8;4;
a07AH#G4~42~H2S;s;s;;;;;18.41.55;1;1;6;1;116;;16;14;17;6;11;4;5;18;19;7;8;4;
*06BH=~~~~2~A2S;s;;;;;;18.41.55;1;1;6;1;116;;16;14;17;6;11;4;5;18;19;7;8;4;
ap00:01;;;;;;;18.41.58;1;1;6;1;122;;16;14;17;6;11;4;5;18;19;7;8;4;
az5;;;;;;;18.41.58;1;1;5;1;123;;16;14;17;6;11;4;18;19;7;8;4;5;
a18SM!~~~56C;;;;;;;18.42.08;1;1;5;1;140;;16;14;17;6;11;4;18;19;7;8;4;5;
*08RM!~~~56C~~~22;;;;;;;18.42.08;1;1;5;1;140;;16;14;17;6;11;4;18;19;7;8;4;5;
*16ET+K9B;;;;;;;18.42.08;1;1;5;1;140;;16;14;17;6;11;4;18;19;7;8;4;5;
*14AT#W2~26CH2X;s;r;;;;;18.42.15;1;1;5;1;144;;16;14;17;6;11;4;18;19;7;8;4;5;
a04DT=~~~26CS;s;;;;;;18.42.15;1;1;5;1;145;;16;14;17;6;11;4;18;19;7;8;4;5;
*p01:01;;;;;;;18.42.20;1;1;5;1;147;;16;14;17;6;11;4;18;19;7;8;4;5;
*z6;;;;;;;18.42.20;1;6;5;1;148;;14;17;6;11;4;16;18;19;7;8;4;5;
*14SQ!~~~66;;;;;;;18.42.34;1;6;5;1;166;;14;17;6;11;4;16;18;19;7;8;4;5;
a05RQ!~~~66~~~~32;;;;;;;18.42.34;1;6;5;1;167;;14;17;6;11;4;16;18;19;7;8;4;5;
a04ET+K8B;;;;;;;18.42.34;1;6;5;1;167;;14;17;6;11;4;16;18;19;7;8;4;5;
a19AT+W2~24~H2C;;r;;;;;18.42.42;1;6;5;1;172;;14;17;6;11;4;16;18;19;7;8;4;5;
*11BT-~~~~4~A2;;;;;;;18.42.42;1;6;5;1;172;;14;17;6;11;4;16;18;19;7;8;4;5;
a08AT#W4~42~H2O;s;s;;;;;18.42.44;1;6;5;1;176;;14;17;6;11;4;16;18;19;7;8;4;5;
*06BT=~~~~2~A2O;s;;;;;;18.42.44;1;6;5;1;176;;14;17;6;11;4;16;18;19;7;8;4;5;
ap01:02;;;;;;;18.42.52;1;6;5;1;179;;14;17;6;11;4;16;18;19;7;8;4;5;
az4;;;;;;;18.42.52;1;6;4;1;180;;14;17;6;11;4;16;19;7;8;4;5;18;
a19SQ!~~~16;;;;;;;18.43.08;1;6;4;1;196;;14;17;6;11;4;16;19;7;8;4;5;18;
*14RQ!~~~16~~~~41;;;;;;;18.43.08;1;6;4;1;197;;14;17;6;11;4;16;19;7;8;4;5;18;
*16ET+KFF;;;;;;;18.43.08;1;6;4;1;198;;14;17;6;11;4;16;19;7;8;4;5;18;
*11AT+W4~46CH2;;r;;;;;18.43.11;1;6;4;1;203;;14;17;6;11;4;16;19;7;8;4;5;18;
a05DT/~~~46CS;;;;;;;18.43.11;1;6;4;1;204;;14;17;6;11;4;16;19;7;8;4;5;18;
*08FH#;;;;;;;18.43.11;1;6;4;1;206;;14;17;6;11;4;16;19;7;8;4;5;18;
*14AT-Y8~88~T4~1;;s;;;;;18.43.18;1;6;4;1;209;;14;17;6;11;4;16;19;7;8;4;5;18;
a05DT+~~~88~E;;;;;;;18.43.18;1;6;4;1;209;;14;17;6;11;4;16;19;7;8;4;5;18;
a19AH-G9~94~H2C;;p;;;;;18.43.22;1;6;4;1;213;;14;17;6;11;4;16;19;7;8;4;5;18;
*11BH+~~~~4~A2;;;;;;;18.43.22;1;6;4;1;213;;14;17;6;11;4;16;19;7;8;4;5;18;
a15DH+~~~9~~C;;;;;;;18.43.22;1;6;4;1;213;;14;17;6;11;4;16;19;7;8;4;5;18;
a08AH/G4~42~H2A;s;p;;;;;18.43.24;1;6;4;1;216;;14;17;6;11;4;16;19;7;8;4;5;18;
*06BH#~~~~2~A2A;s;;;;;;18.43.24;1;6;4;1;216;;14;17;6;11;4;16;19;7;8;4;5;18;
*p02:02;;;;;;;18.43.36;1;6;4;1;220;;14;17;6;11;4;16;19;7;8;4;5;18;
*z5;;;;;;;18.43.36;1;5;4;1;224;;17;6;11;4;16;14;19;7;8;4;5;18;
*17SM!~~~59;;;;;;;18.43.44;1;5;4;1;236;;17;6;11;4;16;14;19;7;8;4;5;18;
a15RM!~~~59~~~~22;;;;;;;18.43.44;1;5;4;1;237;;17;6;11;4;16;14;19;7;8;4;5;18;
a04ET+K9B;;;;;;;18.43.44;1;5;4;1;237;;17;6;11;4;16;14;19;7;8;4;5;18;
a19AT=Y9~95~H2O;p;r;;;;;18.43.51;1;5;4;1;242;;17;6;11;4;16;14;19;7;8;4;5;18;
*$$&H#;p;;;;;;18.43.51;1;5;4;1;242;;17;6;11;4;16;14;19;7;8;4;5;18;
*p03:02;;;;;;;18.43.53;1;5;4;1;245;;17;6;11;4;16;14;19;7;8;4;5;18;
*17SM-~~~59;;;;;;;18.44.07;1;5;4;1;259;;17;6;11;4;16;14;19;7;8;4;5;18;
a15RM+~~~59~~~~41;;;;;;;18.44.07;1;5;4;1;260;;17;6;11;4;16;14;19;7;8;4;5;18;
a04ET+K1F;;;;;;;18.44.07;1;5;4;1;261;;17;6;11;4;16;14;19;7;8;4;5;18;
a08AT-W4~42~T2C;;r;;;;;18.44.14;1;5;4;1;264;;17;6;11;4;16;14;19;7;8;4;5;18;
*06DT+~~~42~B;;;;;;;18.44.14;1;5;4;1;266;;17;6;11;4;16;14;19;7;8;4;5;18;
*11AH+G4~44~H2~4;;p;;;;;18.44.18;1;5;4;1;268;;17;6;11;4;16;14;19;7;8;4;5;18;
a07DH/~~~44~S;;;;;;;18.44.18;1;5;4;1;268;;17;6;11;4;16;14;19;7;8;4;5;18;
*14FH#;;;;;;;18.44.18;1;5;4;1;272;;17;6;11;4;16;14;19;7;8;4;5;18;
*04AQ#J1~36CH1X1;p;p;;;;;18.44.22;1;5;4;1;274;;17;6;11;4;16;14;19;7;8;4;5;18;
a05DQ=~~~36CS;p;;;;;;18.44.22;1;5;4;1;274;;17;6;11;4;16;14;19;7;8;4;5;18;
*p04:02;;;;;;;18.44.25;1;5;4;1;277;;17;6;11;4;16;14;19;7;8;4;5;18;
*17SM-~~~51;;;;;;;18.44.40;1;5;4;1;292;;17;6;11;4;16;14;19;7;8;4;5;18;
a15RM+~~~51~~~~21;;;;;;;18.44.40;1;5;4;1;293;;17;6;11;4;16;14;19;7;8;4;5;18;
a04ET+K1F;;;;;;;18.44.40;1;5;4;1;293;;17;6;11;4;16;14;19;7;8;4;5;18;
a07AT=W4~41~P1S;p;r;;;;;18.44.47;1;5;4;1;297;;17;6;11;4;16;14;19;7;8;4;5;18;
*$$&H#;p;;;;;;18.44.47;1;5;4;1;297;;17;6;11;4;16;14;19;7;8;4;5;18;
*p05:02;;;;;;;18.44.51;1;5;4;1;300;;17;6;11;4;16;14;19;7;8;4;5;18;
*17SM!~~~58;;;;;;;18.45.04;1;5;4;1;316;;17;6;11;4;16;14;19;7;8;4;5;18;
a05RM!~~~58~O~~41;;;;;;;18.45.04;1;5;4;1;317;;17;6;11;4;16;14;19;7;8;4;5;18;
a04EQ+KCC;;;;;;;18.45.04;1;5;4;1;317;;17;6;11;4;16;14;19;7;8;4;5;18;
a08AQ-J4~34~H2N;;r;;;;;18.45.09;1;5;4;1;319;;17;6;11;4;16;14;19;7;8;4;5;18;
*17DQ+~~~34~B;;;;;;;18.45.09;1;5;4;1;320;;17;6;11;4;16;14;19;7;8;4;5;18;
*11EH+~~B~2;;;;;;;18.45.14;1;5;4;1;321;;17;6;11;4;16;14;19;7;8;4;5;18;
*06AH=G2~2~~P2N4;s;p;;;;;18.45.14;1;5;4;1;323;;17;6;11;4;16;14;19;7;8;4;5;18;
a$$&H#;s;;;;;;18.45.14;1;5;4;1;323;;17;6;11;4;16;14;19;7;8;4;5;18;
ap05:03;;;;;;;18.45.21;1;5;4;1;326;;17;6;11;4;16;14;19;7;8;4;5;18;
az3;;;;;;;18.45.21;1;5;3;1;329;;17;6;11;4;16;14;7;8;4;5;18;19;
a07SQ!~~~15~~~N;;;;;;;18.45.32;1;5;3;1;343;;17;6;11;4;16;14;7;8;4;5;18;19;
*11RQ!~~~15~~~~32;;;;;;;18.45.32;1;5;3;1;343;;17;6;11;4;16;14;7;8;4;5;18;19;
*16ET+K8F;;;;;;;18.45.32;1;5;3;1;344;;17;6;11;4;16;14;7;8;4;5;18;19;
*11AT/W4~42~H2A;p;r;;;;;18.45.37;1;5;3;1;349;;17;6;11;4;16;14;7;8;4;5;18;19;
a08BT#~~~~2~A2A;p;;;;;;18.45.37;1;5;3;1;349;;17;6;11;4;16;14;7;8;4;5;18;19;
ap05:04;;;;;;;18.45.43;1;5;3;1;351;;17;6;11;4;16;14;7;8;4;5;18;19;
a07SQ=~~~1~~~~N;s;;;;;;18.46.00;1;5;3;1;372;;17;6;11;4;16;14;7;8;4;5;18;19;
*$$&H#;s;;;;;;18.46.00;1;5;3;1;372;;17;6;11;4;16;14;7;8;4;5;18;19;
*p06:04;;;;;;;18.46.03;1;5;3;1;378;;17;6;11;4;16;14;7;8;4;5;18;19;
*z4;;;;;;;18.46.03;1;4;3;1;371;;6;11;4;16;14;17;7;8;4;5;18;19;
*06SQ-~~~15;;;;;;;18.46.19;1;4;3;1;392;;6;11;4;16;14;17;7;8;4;5;18;19;
a05RQ+~~~15~~~~32;;;;;;;18.46.19;1;4;3;1;392;;6;11;4;16;14;17;7;8;4;5;18;19;
a04EQ+K2C;;;;;;;18.46.19;1;4;3;1;392;;6;11;4;16;14;17;7;8;4;5;18;19;
a08AQ#J2~33~H2F;s;r;;;;;18.46.25;1;4;3;1;396;;6;11;4;16;14;17;7;8;4;5;18;19;
*04BQ=~~~~3~T2F;s;;;;;;18.46.25;1;4;3;1;397;;6;11;4;16;14;17;7;8;4;5;18;19;
ap06:05;;;;;;;18.46.29;1;4;3;1;399;;6;11;4;16;14;17;7;8;4;5;18;19;
az2;;;;;;;18.46.29;1;4;2;1;397;;6;11;4;16;14;17;8;4;5;18;19;7;
a08SQ!~~~18~~~N;;;;;;;18.46.49;1;4;2;1;420;;6;11;4;16;14;17;8;4;5;18;19;7;
*14RQ!~~~18~W~~32;;;;;;;18.46.49;1;4;2;1;421;;6;11;4;16;14;17;8;4;5;18;19;7;
*16ET+K8B;;;;;;;18.46.49;1;4;2;1;421;;6;11;4;16;14;17;8;4;5;18;19;7;
*06AT#Y9~95~H2X;s;r;;;;;18.46.55;1;4;2;1;426;;6;11;4;16;14;17;8;4;5;18;19;7;
a08DT=~~~95~S;s;;;;;;18.46.55;1;4;2;1;427;;6;11;4;16;14;17;8;4;5;18;19;7;
*p07:05;;;;;;;18.47.03;1;4;2;1;429;;6;11;4;16;14;17;8;4;5;18;19;7;
*z3;;;;;;;18.47.03;1;3;2;1;431;;11;4;16;14;17;6;8;4;5;18;19;7;
*11SQ=~~~5~~~~N;s;;;;;;18.47.17;1;3;2;1;449;;11;4;16;14;17;6;8;4;5;18;19;7;
a$$&H#;s;;;;;;18.47.17;1;3;2;1;449;;11;4;16;14;17;6;8;4;5;18;19;7;
ap07:06;;;;;;;18.47.21;1;3;2;1;454;;11;4;16;14;17;6;8;4;5;18;19;7;
az1;;;;;;;18.47.21;1;3;1;1;449;;11;4;16;14;17;6;4;5;18;19;7;8;
a04SQ-~~~11;;;;;;;18.47.37;1;3;1;1;467;;11;4;16;14;17;6;4;5;18;19;7;8;
*11RQ#~~~11;;;;;;;18.47.37;1;3;1;1;467;;11;4;16;14;17;6;4;5;18;19;7;8;
*16ET+K2F;;;;;;;18.47.37;1;3;1;1;467;;11;4;16;14;17;6;4;5;18;19;7;8;
*14AT#W4~49~H0X;s;r;;;;;18.47.41;1;3;1;1;473;;11;4;16;14;17;6;4;5;18;19;7;8;
a04DT=~~~49~S;s;;;;;;18.47.41;1;3;1;1;473;;11;4;16;14;17;6;4;5;18;19;7;8;
*p08:06;;;;;;;18.47.45;1;3;1;1;476;;11;4;16;14;17;6;4;5;18;19;7;8;
*z2;;;;;;;18.47.45;1;2;1;1;473;;4;16;14;17;6;11;4;5;18;19;7;8;
*04SM!~~~56;;;;;;;18.48.01;1;2;1;1;494;;4;16;14;17;6;11;4;5;18;19;7;8;
a15RM!~~~56~~~~32;;;;;;;18.48.01;1;2;1;1;494;;4;16;14;17;6;11;4;5;18;19;7;8;
a04ET+K8F;;;;;;;18.48.01;1;2;1;1;496;;4;16;14;17;6;11;4;5;18;19;7;8;
a19AT-W4~41~T2;;r;;;;;18.48.08;1;2;1;1;498;;4;16;14;17;6;11;4;5;18;19;7;8;
*06DT+~~~41~E;;;;;;;18.48.08;1;2;1;1;499;;4;16;14;17;6;11;4;5;18;19;7;8;
*14AT=W4~45~H2O2;s;p;;;;;18.48.10;1;2;1;1;502;;4;16;14;17;6;11;4;5;18;19;7;8;
a$$&H#;s;;;;;;18.48.10;1;2;1;1;502;;4;16;14;17;6;11;4;5;18;19;7;8;
ap08:07;;;;;;;18.48.15;1;2;1;1;506;;4;16;14;17;6;11;4;5;18;19;7;8;
az6;;;;;;;18.48.15;1;2;6;1;503;;4;16;14;17;6;11;5;18;19;7;8;4;
a05SQ!~~~56;;;;;;;18.48.28;1;2;6;1;519;;4;16;14;17;6;11;5;18;19;7;8;4;
*14RQ!~~~56~~~~22;;;;;;;18.48.28;1;2;6;1;519;;4;16;14;17;6;11;5;18;19;7;8;4;
*16ET+K9B;;;;;;;18.48.28;1;2;6;1;520;;4;16;14;17;6;11;5;18;19;7;8;4;
*06AT#Y9~95~H2X;s;r;;;;;18.48.32;1;2;6;1;524;;4;16;14;17;6;11;5;18;19;7;8;4;
a15DT=~~~95~S;s;;;;;;18.48.32;1;2;6;1;524;;4;16;14;17;6;11;5;18;19;7;8;4;
*p09:07;;;;;;;18.48.37;1;2;6;1;529;;4;16;14;17;6;11;5;18;19;7;8;4;
*z1;;;;;;;18.48.37;1;1;6;1;525;;16;14;17;6;11;4;5;18;19;7;8;4;
*16SQ-~~~11;;;;;;;18.48.52;1;1;6;1;544;;16;14;17;6;11;4;5;18;19;7;8;4;
a05RQ#~~~11;;;;;;;18.48.52;1;1;6;1;544;;16;14;17;6;11;4;5;18;19;7;8;4;
a04ET+K1P;;;;;;;18.48.52;1;1;6;1;545;;16;14;17;6;11;4;5;18;19;7;8;4;
a05AT#Y8~89~H1N;s;r;;;;;18.48.57;1;1;6;1;548;;16;14;17;6;11;4;5;18;19;7;8;4;
*16DT=~~~89~S;s;;;;;;18.48.57;1;1;6;1;548;;16;14;17;6;11;4;5;18;19;7;8;4;
ap09:08;;;;;;;18.49.01;1;1;6;1;551;;16;14;17;6;11;4;5;18;19;7;8;4;
az5;;;;;;;18.49.01;1;1;5;1;552;;16;14;17;6;11;4;18;19;7;8;4;5;
a18SM!~~~56C;;;;;;;18.49.20;1;1;5;1;572;;16;14;17;6;11;4;18;19;7;8;4;5;
*08RM!~~~56CO~~41;;;;;;;18.49.20;1;1;5;1;572;;16;14;17;6;11;4;18;19;7;8;4;5;
*16ET+KFF;;;;;;;18.49.20;1;1;5;1;572;;16;14;17;6;11;4;18;19;7;8;4;5;
*06AT-W4~42~T2C;;r;;;;;18.49.26;1;1;5;1;577;;16;14;17;6;11;4;18;19;7;8;4;5;
a19BT+~~~~2~A2;;;;;;;18.49.26;1;1;5;1;577;;16;14;17;6;11;4;18;19;7;8;4;5;
a07EH+~~~~2;;;;;;;18.49.30;1;1;5;1;579;;16;14;17;6;11;4;18;19;7;8;4;5;
a19AH-G2~26AH2C;;p;;;;;18.49.30;1;1;5;1;581;;16;14;17;6;11;4;18;19;7;8;4;5;
*11DH+~~~26AB;;;;;;;18.49.30;1;1;5;1;581;;16;14;17;6;11;4;18;19;7;8;4;5;
*06AH-G4~43~T1~3;;s;;;;;18.49.32;1;1;5;1;584;;16;14;17;6;11;4;18;19;7;8;4;5;
a07DH+~~~43~E;;;;;;;18.49.32;1;1;5;1;586;;16;14;17;6;11;4;18;19;7;8;4;5;
a07AT-W4~46~P2;;p;;;;;18.49.39;1;1;5;1;589;;16;14;17;6;11;4;18;19;7;8;4;5;
*11DT+~~~46~E;;;;;;;18.49.39;1;1;5;1;589;;16;14;17;6;11;4;18;19;7;8;4;5;
*14AT=W2~21~H2O2;p;s;;;;;18.49.46;1;1;5;1;592;;16;14;17;6;11;4;18;19;7;8;4;5;
a$$&H#;p;;;;;;18.49.46;1;1;5;1;592;;16;14;17;6;11;4;18;19;7;8;4;5;
ap09:09;;;;;;;18.49.49;1;1;5;1;598;;16;14;17;6;11;4;18;19;7;8;4;5;
a18SM=~~~55~~~O;s;;;;;;18.50.09;1;1;5;1;620;;16;14;17;6;11;4;18;19;7;8;4;5;
*$$&H#;s;;;;;;18.50.09;1;1;5;1;620;;16;14;17;6;11;4;18;19;7;8;4;5;
*p10:09;;;;;;;18.50.11;1;1;5;1;624;;16;14;17;6;11;4;18;19;7;8;4;5;
*z6;;;;;;;18.50.11;1;6;5;1;622;;14;17;6;11;4;16;18;19;7;8;4;5;
*14SQ=~~~6~~~~N;s;;;;;;18.50.30;1;6;5;1;642;;14;17;6;11;4;16;18;19;7;8;4;5;
a$$&H#;s;;;;;;18.50.30;1;6;5;1;642;;14;17;6;11;4;16;18;19;7;8;4;5;
ap10:10;;;;;;;18.50.35;1;6;5;1;645;;14;17;6;11;4;16;18;19;7;8;4;5;
az4;;;;;;;18.50.35;1;6;4;1;646;;14;17;6;11;4;16;19;7;8;4;5;18;
a19SQ=~~~1~~~~N;s;;;;;;18.50.48;1;6;4;1;659;;14;17;6;11;4;16;19;7;8;4;5;18;
*$$&H#;s;;;;;;18.50.48;1;6;4;1;659;;14;17;6;11;4;16;19;7;8;4;5;18;
*p11:10;;;;;;;18.50.50;1;6;4;1;664;;14;17;6;11;4;16;19;7;8;4;5;18;
*z5;;;;;;;18.50.50;1;5;4;1;661;;17;6;11;4;16;14;19;7;8;4;5;18;
*17SM-~~~55;;;;;;;18.51.03;1;5;4;1;675;;17;6;11;4;16;14;19;7;8;4;5;18;
a05RM#~~~55;;;;;;;18.51.03;1;5;4;1;676;;17;6;11;4;16;14;19;7;8;4;5;18;
a04ET+K1F;;;;;;;18.51.03;1;5;4;1;676;;17;6;11;4;16;14;19;7;8;4;5;18;
a07AT-W4~42~H2C;;r;;;;;18.51.08;1;5;4;1;679;;17;6;11;4;16;14;19;7;8;4;5;18;
*06BT+~~~~2~A2;;;;;;;18.51.08;1;5;4;1;680;;17;6;11;4;16;14;19;7;8;4;5;18;
*04DT+~~~~4~C;;;;;;;18.51.08;1;5;4;1;680;;17;6;11;4;16;14;19;7;8;4;5;18;
a15EH+~~F~4;;;;;;;18.51.10;1;5;4;1;682;;17;6;11;4;16;14;19;7;8;4;5;18;
a07AH-G4~47~P3C;;s;;;;;18.51.12;1;5;4;1;684;;17;6;11;4;16;14;19;7;8;4;5;18;
*14DH+~~~47~B;;;;;;;18.51.12;1;5;4;1;684;;17;6;11;4;16;14;19;7;8;4;5;18;
*04AQ+J3~33~H1C1;;p;;;;;18.51.14;1;5;4;1;687;;17;6;11;4;16;14;19;7;8;4;5;18;
a08BQ-~~~~3~T1;;;;;;;18.51.14;1;5;4;1;687;;17;6;11;4;16;14;19;7;8;4;5;18;
*04AQ-J1~37~H1N1;;p;;;;;18.51.18;1;5;4;1;690;;17;6;11;4;16;14;19;7;8;4;5;18;
a15DQ+~~~37~S;;;;;;;18.51.18;1;5;4;1;691;;17;6;11;4;16;14;19;7;8;4;5;18;
a07AH/G4~42~H3A;p;s;;;;;18.51.21;1;5;4;1;694;;17;6;11;4;16;14;19;7;8;4;5;18;
*04BH#~~~~2~A3A;p;;;;;;18.51.21;1;5;4;1;694;;17;6;11;4;16;14;19;7;8;4;5;18;
*p12:10;;;;;;;18.51.25;1;5;4;1;699;;17;6;11;4;16;14;19;7;8;4;5;18;
*17SM-~~~51;;;;;;;18.51.43;1;5;4;1;715;;17;6;11;4;16;14;19;7;8;4;5;18;
a15RM+~~~51~~~~32;;;;;;;18.51.43;1;5;4;1;716;;17;6;11;4;16;14;19;7;8;4;5;18;
a04EQ+K1C;;;;;;;18.51.43;1;5;4;1;716;;17;6;11;4;16;14;19;7;8;4;5;18;
a08AQ-J4~33~H2;;r;;;;;18.51.47;1;5;4;1;719;;17;6;11;4;16;14;19;7;8;4;5;18;
*04BQ+~~~~3~~2;;;;;;;18.51.47;1;5;4;1;719;;17;6;11;4;16;14;19;7;8;4;5;18;
a08EH+~~F~4;;;;;;;18.51.50;1;5;4;1;720;;17;6;11;4;16;14;19;7;8;4;5;18;
a07AH+G4~42~H2C;;s;;;;;18.51.50;1;5;4;1;721;;17;6;11;4;16;14;19;7;8;4;5;18;
*06BH-~~~~2~A2;;;;;;;18.51.50;1;5;4;1;722;;17;6;11;4;16;14;19;7;8;4;5;18;
a19AT-Y9~9~~H;;s;;;;;18.51.54;1;5;4;1;726;;17;6;11;4;16;14;19;7;8;4;5;18;
*14DT+~~~~9;;;;;;;18.51.54;1;5;4;1;726;;17;6;11;4;16;14;19;7;8;4;5;18;
*04AH-G3~3~~H;;p;;;;;18.51.58;1;5;4;1;729;;17;6;11;4;16;14;19;7;8;4;5;18;
a07AT/W4~42~H2A;p;s;;;;;18.52.01;1;5;4;1;735;;17;6;11;4;16;14;19;7;8;4;5;18;
*06BT#~~~~2~A2A;p;;;;;;18.52.01;1;5;4;1;735;;17;6;11;4;16;14;19;7;8;4;5;18;
*p13:10;;;;;;;18.52.05;1;5;4;1;739;;17;6;11;4;16;14;19;7;8;4;5;18;
*17SM-~~~51;;;;;;;18.52.18;1;5;4;1;750;;17;6;11;4;16;14;19;7;8;4;5;18;
a15RM#~~~51;;;;;;;18.52.18;1;5;4;1;751;;17;6;11;4;16;14;19;7;8;4;5;18;
a04EQ+K2C;;;;;;;18.52.18;1;5;4;1;751;;17;6;11;4;16;14;19;7;8;4;5;18;
a08AQ-J2~37~H2;;r;;;;;18.52.23;1;5;4;1;754;;17;6;11;4;16;14;19;7;8;4;5;18;
*17DQ+~~~37~S;;;;;;;18.52.23;1;5;4;1;754;;17;6;11;4;16;14;19;7;8;4;5;18;
*11AT-W4~47~H1~2;;p;;;;;18.52.27;1;5;4;1;758;;17;6;11;4;16;14;19;7;8;4;5;18;
a15DT+~~~47~S;;;;;;;18.52.27;1;5;4;1;758;;17;6;11;4;16;14;19;7;8;4;5;18;
a07AH+G4~42~H2C;;s;;;;;18.52.30;1;5;4;1;761;;17;6;11;4;16;14;19;7;8;4;5;18;
*04BH-~~~~2~A2;;;;;;;18.52.30;1;5;4;1;762;;17;6;11;4;16;14;19;7;8;4;5;18;
a15EH+~~~~4;;;;;;;18.52.33;1;5;4;1;764;;17;6;11;4;16;14;19;7;8;4;5;18;
a07AH+G4~42~H;;s;;;;;18.52.34;1;5;4;1;765;;17;6;11;4;16;14;19;7;8;4;5;18;
*04BH!~~~~2;;;;;;;18.52.34;1;5;4;1;765;;17;6;11;4;16;14;19;7;8;4;5;18;
a19AT=Y9~95~H2O;p;s;;;;;18.52.38;1;5;4;1;768;;17;6;11;4;16;14;19;7;8;4;5;18;
*$$&H#;p;;;;;;18.52.38;1;5;4;1;768;;17;6;11;4;16;14;19;7;8;4;5;18;
*p14:10;;;;;;;18.52.41;1;5;4;1;771;;17;6;11;4;16;14;19;7;8;4;5;18;
*17SM-~~~51;;;;;;;18.52.57;1;5;4;1;790;;17;6;11;4;16;14;19;7;8;4;5;18;
a15RM+~~~51~~~~32;;;;;;;18.52.57;1;5;4;1;790;;17;6;11;4;16;14;19;7;8;4;5;18;
a04ET+K2F;;;;;;;18.52.57;1;5;4;1;790;;17;6;11;4;16;14;19;7;8;4;5;18;
a07AT-W4~41~H2C;;r;;;;;18.53.04;1;5;4;1;794;;17;6;11;4;16;14;19;7;8;4;5;18;
*06BT+~~~~2~A2;;;;;;;18.53.04;1;5;4;1;794;;17;6;11;4;16;14;19;7;8;4;5;18;
*16DT+~~~41~B;;;;;;;18.53.04;1;5;4;1;795;;17;6;11;4;16;14;19;7;8;4;5;18;
*14EH+~~F~4;;;;;;;18.53.07;1;5;4;1;798;;17;6;11;4;16;14;19;7;8;4;5;18;
*11AH#G4~42~H2S4;p;p;;;;;18.53.08;1;5;4;1;799;;17;6;11;4;16;14;19;7;8;4;5;18;
a08BH=~~~~2~A2S;p;;;;;;18.53.08;1;5;4;1;800;;17;6;11;4;16;14;19;7;8;4;5;18;
*p15:10;;;;;;;18.53.12;1;5;4;1;803;;17;6;11;4;16;14;19;7;8;4;5;18;
aT;;;;;;;18.53.12;1;5;4;1;803;;17;6;11;4;16;14;19;7;8;4;5;18;
*17SM/~~~58B;;;;;;;18.54.31;1;5;4;1;884;;17;6;11;4;16;14;19;7;8;4;5;18;
a15RM/~~~58BW;;;;;;;18.54.31;1;5;4;1;884;;17;6;11;4;16;14;19;7;8;4;5;18;
*04AO+V4~4~~H;;p;;;;;18.54.36;1;5;4;1;887;;17;6;11;4;16;14;19;7;8;4;5;18;
a05DO/~~~~4;;;;;;;18.54.36;1;5;4;1;887;;17;6;11;4;16;14;19;7;8;4;5;18;
a08EH=~~~~~~~~Z;p;;;;;;18.54.41;1;5;4;1;888;;17;6;11;4;16;14;19;7;8;4;5;18;
*$$&H#;p;;;;;;18.54.41;1;5;4;1;888;;17;6;11;4;16;14;19;7;8;4;5;18;
*p16:10;;;;;;;18.54.44;1;5;4;1;893;;17;6;11;4;16;14;19;7;8;4;5;18;
*17SM-~~~58B;;;;;;;18.54.54;1;5;4;1;907;;17;6;11;4;16;14;19;7;8;4;5;18;
a15RM+~~~58B~~~21;;;;;;;18.54.54;1;5;4;1;907;;17;6;11;4;16;14;19;7;8;4;5;18;
a04EQ+K1C;;;;;;;18.54.54;1;5;4;1;907;;17;6;11;4;16;14;19;7;8;4;5;18;
a08AQ+J4~35~H1;;r;;;;;18.54.59;1;5;4;1;911;;17;6;11;4;16;14;19;7;8;4;5;18;
*17DQ/~~~35~S;;;;;;;18.54.59;1;5;4;1;911;;17;6;11;4;16;14;19;7;8;4;5;18;
a15FH#;;;;;;;18.55.03;1;5;4;1;916;;17;6;11;4;16;14;19;7;8;4;5;18;
a19AT=Y9~95~H2S;p;s;;;;;18.55.09;1;5;4;1;919;;17;6;11;4;16;14;19;7;8;4;5;18;
*$$&H#;p;;;;;;18.55.09;1;5;4;1;919;;17;6;11;4;16;14;19;7;8;4;5;18;
*p17:10;;;;;;;18.55.12;1;5;4;1;923;;17;6;11;4;16;14;19;7;8;4;5;18;
*17SM+~~~58;;;;;;;18.55.24;1;5;4;1;937;;17;6;11;4;16;14;19;7;8;4;5;18;
a05RM-~~~58;;;;;;;18.55.24;1;5;4;1;938;;17;6;11;4;16;14;19;7;8;4;5;18;
a19EH+~~F~4;;;;;;;18.55.31;1;5;4;1;941;;17;6;11;4;16;14;19;7;8;4;5;18;
a07AH+G4~42~H2C;;r;;;;;18.55.32;1;5;4;1;943;;17;6;11;4;16;14;19;7;8;4;5;18;
*06BH-~~~~2~A2;;;;;;;18.55.32;1;5;4;1;943;;17;6;11;4;16;14;19;7;8;4;5;18;
a08AT#W4~42~H2S;s;s;;;;;18.55.36;1;5;4;1;946;;17;6;11;4;16;14;19;7;8;4;5;18;
*04BT=~~~~2~A2S;s;;;;;;18.55.36;1;5;4;1;946;;17;6;11;4;16;14;19;7;8;4;5;18;
ap17:11;;;;;;;18.55.41;1;5;4;1;949;;17;6;11;4;16;14;19;7;8;4;5;18;
az3;;;;;;;18.55.41;1;5;3;1;952;;17;6;11;4;16;14;7;8;4;5;18;19;
a07SM-~~~15;;;;;;;18.55.59;1;5;3;1;971;;17;6;11;4;16;14;7;8;4;5;18;19;
*11RM+~~~15~~~~41;;;;;;;18.55.59;1;5;3;1;971;;17;6;11;4;16;14;7;8;4;5;18;19;
*16ET+KFB;;;;;;;18.55.59;1;5;3;1;971;;17;6;11;4;16;14;7;8;4;5;18;19;
*06AT#W2~21~H2F;s;r;;;;;18.56.03;1;5;3;1;976;;17;6;11;4;16;14;7;8;4;5;18;19;
a08BT=~~~~4~A2F;s;;;;;;18.56.03;1;5;3;1;976;;17;6;11;4;16;14;7;8;4;5;18;19;
*p18:11;;;;;;;18.56.11;1;5;3;1;978;;17;6;11;4;16;14;7;8;4;5;18;19;
*z4;;;;;;;18.56.11;1;4;3;1;979;;6;11;4;16;14;17;7;8;4;5;18;19;
*c06:09;;;;;;;18.56.11;1;4;3;1;980;;9;11;4;16;14;17;7;8;4;5;18;19;
*c16:03;;;;;;;18.56.11;1;4;3;1;980;;9;11;4;3;14;17;7;8;4;5;18;19;
*P9;;;;;;;18.56.11;1;4;3;1;981;;9;11;4;3;14;17;7;8;4;5;18;19;
*z1;;;;;;;18.56.11;1;1;3;1;984;;9;11;4;3;14;17;7;8;4;5;18;19;
*09SQ-~~~61;;;;;;;18.56.11;1;1;3;1;1006;;9;11;4;3;14;17;7;8;4;5;18;19;
a07RQ+~~~61~~~~21;;;;;;;18.56.11;1;1;3;1;1006;;9;11;4;3;14;17;7;8;4;5;18;19;
a04EQ+K1C;;;;;;;18.56.11;1;1;3;1;1006;;9;11;4;3;14;17;7;8;4;5;18;19;
a08AQ#J4~36~H1X;s;r;;;;;18.57.02;1;1;3;1;1010;;9;11;4;3;14;17;7;8;4;5;18;19;
*08DQ=~~~36;s;;;;;;18.57.02;1;1;3;1;1010;;9;11;4;3;14;17;7;8;4;5;18;19;
ap18:12;;;;;;;18.57.04;1;1;3;1;1013;;9;11;4;3;14;17;7;8;4;5;18;19;
az2;;;;;;;18.57.04;1;1;2;1;1035;;9;11;4;3;14;17;8;4;5;18;19;7;
a08SQ!~~~16;;;;;;;18.57.05;1;1;2;1;1036;;9;11;4;3;14;17;8;4;5;18;19;7;
*14RQ!~~~16~~~~22;;;;;;;18.57.05;1;1;2;1;1036;;9;11;4;3;14;17;8;4;5;18;19;7;
*09ET+K8B;;;;;;;18.57.05;1;1;2;1;1036;;9;11;4;3;14;17;8;4;5;18;19;7;
*11AT#W2~25~H2X;s;r;;;;;18.57.08;1;1;2;1;1040;;9;11;4;3;14;17;8;4;5;18;19;7;
a08DT=~~~25~S;s;;;;;;18.57.08;1;1;2;1;1040;;9;11;4;3;14;17;8;4;5;18;19;7;
*p19:12;;;;;;;18.57.12;1;1;2;1;1043;;9;11;4;3;14;17;8;4;5;18;19;7;
*z6;;;;;;;18.57.12;1;6;2;1;1043;;11;4;3;14;17;9;8;4;5;18;19;7;
*11SQ-~~~55;;;;;;;18.57.33;1;6;2;1;1065;;11;4;3;14;17;9;8;4;5;18;19;7;
a05RQ+~~~55~~~~32;;;;;;;18.57.33;1;6;2;1;1065;;11;4;3;14;17;9;8;4;5;18;19;7;
a04EQ+K8C;;;;;;;18.57.33;1;6;2;1;1065;;11;4;3;14;17;9;8;4;5;18;19;7;
a18AQ-J2~38~H4C;;r;;;;;18.57.38;1;6;2;1;1069;;11;4;3;14;17;9;8;4;5;18;19;7;
*04BQ+~~~~3~A4;;;;;;;18.57.38;1;6;2;1;1069;;11;4;3;14;17;9;8;4;5;18;19;7;
*08DQ+~~~38~B;;;;;;;18.57.38;1;6;2;1;1070;;11;4;3;14;17;9;8;4;5;18;19;7;
*03AT#W2~25BH2X1;p;p;;;;;18.57.42;1;6;2;1;1073;;11;4;3;14;17;9;8;4;5;18;19;7;
a07DT=~~~25BS;p;;;;;;18.57.42;1;6;2;1;1074;;11;4;3;14;17;9;8;4;5;18;19;7;
*p20:12;;;;;;;18.57.47;1;6;2;1;1076;;11;4;3;14;17;9;8;4;5;18;19;7;
*11SQ#~~~58D~~N;p;;;;;;18.58.56;1;6;2;1;1148;;11;4;3;14;17;9;8;4;5;18;19;7;
a05RQ=~~~58DW;p;;;;;;18.58.56;1;6;2;1;1148;;11;4;3;14;17;9;8;4;5;18;19;7;
*p21:12;;;;;;;18.59.04;1;6;2;1;1153;;11;4;3;14;17;9;8;4;5;18;19;7;
*11SQ#~~~56B;p;;;;;;18.59.20;1;6;2;1;1171;;11;4;3;14;17;9;8;4;5;18;19;7;
a07RQ=~~~56BR;p;;;;;;18.59.20;1;6;2;1;1172;;11;4;3;14;17;9;8;4;5;18;19;7;
*p22:12;;;;;;;18.59.29;1;6;2;1;1178;;11;4;3;14;17;9;8;4;5;18;19;7;
ac07:16;;;;;;;18.59.29;1;6;2;1;1180;;11;4;3;14;17;9;8;4;5;18;19;16;
*11SQ!~~~56B;;;;;;;18.59.58;1;6;2;1;1210;;11;4;3;14;17;9;8;4;5;18;19;16;
a15RQ!~~~56B~~~41;;;;;;;18.59.58;1;6;2;1;1210;;11;4;3;14;17;9;8;4;5;18;19;16;
a04ET+KFF;;;;;;;18.59.58;1;6;2;1;1210;;11;4;3;14;17;9;8;4;5;18;19;16;
a05AT-W4~42~H2C;;r;;;;;19.00.03;1;6;2;1;1216;;11;4;3;14;17;9;8;4;5;18;19;16;
*04BT+~~~~2~A2;;;;;;;19.00.03;1;6;2;1;1216;;11;4;3;14;17;9;8;4;5;18;19;16;
*04EH+~~B~2;;;;;;;19.00.06;1;6;2;1;1217;;11;4;3;14;17;9;8;4;5;18;19;16;
*03AH-G2~24~H2C4;;p;;;;;19.00.06;1;6;2;1;1218;;11;4;3;14;17;9;8;4;5;18;19;16;
a05BH+~~~~4~A2;;;;;;;19.00.06;1;6;2;1;1219;;11;4;3;14;17;9;8;4;5;18;19;16;
a15EH+~~~~4;;;;;;;19.00.09;1;6;2;1;1220;;11;4;3;14;17;9;8;4;5;18;19;16;
a05AH#G4~42~H2S;s;s;;;;;19.00.10;1;6;2;1;1223;;11;4;3;14;17;9;8;4;5;18;19;16;
*04BH=~~~~2~A2S;s;;;;;;19.00.10;1;6;2;1;1224;;11;4;3;14;17;9;8;4;5;18;19;16;
ap22:13;;;;;;;19.00.15;1;6;2;1;1226;;11;4;3;14;17;9;8;4;5;18;19;16;
az1;;;;;;;19.00.15;1;6;1;1;1226;;11;4;3;14;17;9;4;5;18;19;16;8;
*c11:22;;;;;;;19.00.15;1;6;1;1;1226;;22;4;3;14;17;9;4;5;18;19;16;8;
a04SQ+~~~11;;;;;;;19.00.37;1;6;1;1;1249;;22;4;3;14;17;9;4;5;18;19;16;8;
*22RQ-~~~11~R;;;;;;;19.00.37;1;6;1;1;1249;;22;4;3;14;17;9;4;5;18;19;16;8;
*14AH#G4~46~H2X;s;r;;;;;19.00.44;1;6;1;1;1255;;22;4;3;14;17;9;4;5;18;19;16;8;
a16DH=~~~46~S;s;;;;;;19.00.44;1;6;1;1;1256;;22;4;3;14;17;9;4;5;18;19;16;8;
*p23:13;;;;;;;19.00.48;1;6;1;1;1258;;22;4;3;14;17;9;4;5;18;19;16;8;
*z5;;;;;;;19.00.48;1;5;1;1;1259;;4;3;14;17;9;22;4;5;18;19;16;8;
*04SM!~~~51C;;;;;;;19.01.01;1;5;1;1;1274;;4;3;14;17;9;22;4;5;18;19;16;8;
a15RM!~~~51C~~~32;;;;;;;19.01.01;1;5;1;1;1274;;4;3;14;17;9;22;4;5;18;19;16;8;
a04ET+K8F;;;;;;;19.01.01;1;5;1;1;1275;;4;3;14;17;9;22;4;5;18;19;16;8;
a19AT+W4~42~H4C;;r;;;;;19.01.07;1;5;1;1;1279;;4;3;14;17;9;22;4;5;18;19;16;8;
*03BT-~~~~2~A4;;;;;;;19.01.07;1;5;1;1;1279;;4;3;14;17;9;22;4;5;18;19;16;8;
a05DH+~~~4~~C;;;;;;;19.01.07;1;5;1;1;1280;;4;3;14;17;9;22;4;5;18;19;16;8;
a05AT-W2~24~H2C;;s;;;;;19.01.10;1;5;1;1;1283;;4;3;14;17;9;22;4;5;18;19;16;8;
*14BT+~~~~4~A2;;;;;;;19.01.10;1;5;1;1;1283;;4;3;14;17;9;22;4;5;18;19;16;8;
*03AT=W2~21~H1S2;s;p;;;;;19.01.13;1;5;1;1;1287;;4;3;14;17;9;22;4;5;18;19;16;8;
a$$&H#;s;;;;;;19.01.13;1;5;1;1;1287;;4;3;14;17;9;22;4;5;18;19;16;8;
ap23:14;;;;;;;19.01.20;1;5;1;1;1290;;4;3;14;17;9;22;4;5;18;19;16;8;
az6;;;;;;;19.01.20;1;5;6;1;1291;;4;3;14;17;9;22;5;18;19;16;8;4;
a05SQ-~~~15;;;;;;;19.01.31;1;5;6;1;1303;;4;3;14;17;9;22;5;18;19;16;8;4;
*14RQ+~~~15~~~~32;;;;;;;19.01.31;1;5;6;1;1304;;4;3;14;17;9;22;5;18;19;16;8;4;
*09ET+K1F;;;;;;;19.01.31;1;5;6;1;1304;;4;3;14;17;9;22;5;18;19;16;8;4;
*14AT-W4~41~P2;;r;;;;;19.01.36;1;5;6;1;1308;;4;3;14;17;9;22;5;18;19;16;8;4;
a04DT+~~~41~S;;;;;;;19.01.36;1;5;6;1;1308;;4;3;14;17;9;22;5;18;19;16;8;4;
a15EH+~~B~2;;;;;;;19.01.39;1;5;6;1;1311;;4;3;14;17;9;22;5;18;19;16;8;4;
a19AH-G2~27~P2;;p;;;;;19.01.41;1;5;6;1;1312;;4;3;14;17;9;22;5;18;19;16;8;4;
*08DH+~~~27~E;;;;;;;19.01.41;1;5;6;1;1313;;4;3;14;17;9;22;5;18;19;16;8;4;
*14AH-G4~46~H2~3;;s;;;;;19.01.45;1;5;6;1;1317;;4;3;14;17;9;22;5;18;19;16;8;4;
a05DH+~~~46~S;;;;;;;19.01.45;1;5;6;1;1317;;4;3;14;17;9;22;5;18;19;16;8;4;
a05AT#Y8~81~H3X;p;p;;;;;19.01.48;1;5;6;1;1320;;4;3;14;17;9;22;5;18;19;16;8;4;
*22DT=~~~81~S;p;;;;;;19.01.48;1;5;6;1;1320;;4;3;14;17;9;22;5;18;19;16;8;4;
ap23:15;;;;;;;19.01.51;1;5;6;1;1323;;4;3;14;17;9;22;5;18;19;16;8;4;
a05SQ=~~~16~~~O;s;;;;;;19.02.11;1;5;6;1;1343;;4;3;14;17;9;22;5;18;19;16;8;4;
*$$&H#;s;;;;;;19.02.11;1;5;6;1;1343;;4;3;14;17;9;22;5;18;19;16;8;4;
*p24:15;;;;;;;19.02.13;1;5;6;1;1347;;4;3;14;17;9;22;5;18;19;16;8;4;
*z4;;;;;;;19.02.13;1;4;6;1;1344;;3;14;17;9;22;4;5;18;19;16;8;4;
*c09:06;;;;;;;19.02.13;1;4;6;1;1344;;3;14;17;6;22;4;5;18;19;16;8;4;
*c03:16;;;;;;;19.02.13;1;4;6;1;1344;;16;14;17;6;22;4;5;18;19;16;8;4;
*P16;;;;;;;19.02.13;1;4;6;1;1344;;16;14;17;6;22;4;5;18;19;16;8;4;
*z1;;;;;;;19.02.13;1;1;6;1;1344;;16;14;17;6;22;4;5;18;19;16;8;4;
*16SQ!~~~15;;;;;;;19.02.40;1;1;6;1;1373;;16;14;17;6;22;4;5;18;19;16;8;4;
a16RQ!~~~15~~~~31;;;;;;;19.02.40;1;1;6;1;1373;;16;14;17;6;22;4;5;18;19;16;8;4;
a04EQ+KCC~~~1;;;;;;;19.02.40;1;1;6;1;1373;;16;14;17;6;22;4;5;18;19;16;8;4;
a19AQ#J4~31~H1X;s;r;;;;;19.02.46;1;1;6;1;1377;;16;14;17;6;22;4;5;18;19;16;8;4;
*16DQ=~~~31~S;s;;;;;;19.02.46;1;1;6;1;1377;;16;14;17;6;22;4;5;18;19;16;8;4;
ap24:16;;;;;;;19.02.50;1;1;6;1;1380;;16;14;17;6;22;4;5;18;19;16;8;4;
az5;;;;;;;19.02.50;1;1;5;1;1381;;16;14;17;6;22;4;18;19;16;8;4;5;
a18SM-~~~59;;;;;;;19.03.04;1;1;5;1;1397;;16;14;17;6;22;4;18;19;16;8;4;5;
*14RM+~~~59~O~~21;;;;;;;19.03.04;1;1;5;1;1397;;16;14;17;6;22;4;18;19;16;8;4;5;
*16EQ+K1C;;;;;;;19.03.04;1;1;5;1;1397;;16;14;17;6;22;4;18;19;16;8;4;5;
*17AQ#J4~39~H1X;s;r;;;;;19.03.10;1;1;5;1;1401;;16;14;17;6;22;4;18;19;16;8;4;5;
a04DQ=~~~39~S;s;;;;;;19.03.10;1;1;5;1;1401;;16;14;17;6;22;4;18;19;16;8;4;5;
*p25:16;;;;;;;19.03.13;1;1;5;1;1403;;16;14;17;6;22;4;18;19;16;8;4;5;
**1set;;;;;;;19.03.13;2;1;5;1;1405;;;;;;;;;;;;;;
*P16>LUp;;;;;;;19.03.13;2;1;5;1;1404;;4;16;14;17;6;11;4;5;18;19;7;8;
*z2>LUp;;;;;;;19.03.13;2;2;5;1;1404;;4;16;14;17;6;11;4;5;18;19;7;8;
aP04>LUp;;;;;;;19.03.13;2;2;5;1;1404;;4;16;14;17;6;11;4;5;18;19;7;8;
az1>LUp;;;;;;;19.03.13;2;2;1;1;1404;;4;16;14;17;6;11;4;5;18;19;7;8;
a04SQ-~~~15;;;;;;;19.06.37;2;2;1;1;1610;;4;16;14;17;6;11;4;5;18;19;7;8;
*14RQ#~~~15;;;;;;;19.06.37;2;2;1;1;1610;;4;16;14;17;6;11;4;5;18;19;7;8;
*16ET+K1P;;;;;;;19.06.37;2;2;1;1;1610;;4;16;14;17;6;11;4;5;18;19;7;8;
*11AT#Y8~86~H0X;s;r;;;;;19.06.42;2;2;1;1;1614;;4;16;14;17;6;11;4;5;18;19;7;8;
a07DT=~~~86~S;s;;;;;;19.06.42;2;2;1;1;1614;;4;16;14;17;6;11;4;5;18;19;7;8;
*p01:00;;;;;;;19.06.46;2;2;1;1;1617;;4;16;14;17;6;11;4;5;18;19;7;8;
*z1;;;;;;;19.06.47;2;1;1;1;1618;;16;14;17;6;11;4;4;5;18;19;7;8;
*16SQ-~~~15;;;;;;;19.06.59;2;1;1;1;1631;;16;14;17;6;11;4;4;5;18;19;7;8;
a07RQ+~~~15~~~~31;;;;;;;19.06.59;2;1;1;1;1631;;16;14;17;6;11;4;4;5;18;19;7;8;
a04ET+K1F;;;;;;;19.06.59;2;1;1;1;1631;;16;14;17;6;11;4;4;5;18;19;7;8;
a19AT+W4~42~H2C;;r;;;;;19.07.04;2;1;1;1;1636;;16;14;17;6;11;4;4;5;18;19;7;8;
*06BT-~~~~2~~2;;;;;;;19.07.04;2;1;1;1;1636;;16;14;17;6;11;4;4;5;18;19;7;8;
a05AO-V2~2~~H;;s;;;;;19.07.08;2;1;1;1;1637;;16;14;17;6;11;4;4;5;18;19;7;8;
*08DH+~~~38;;;;;;;19.07.08;2;1;1;1;1638;;16;14;17;6;11;4;4;5;18;19;7;8;
*17EH+~~B~2;;;;;;;19.07.14;2;1;1;1;1639;;16;14;17;6;11;4;4;5;18;19;7;8;
*06AH-G2~22~P2C4;;p;;;;;19.07.14;2;1;1;1;1641;;16;14;17;6;11;4;4;5;18;19;7;8;
a05DH+~~~22;;;;;;;19.07.14;2;1;1;1;1641;;16;14;17;6;11;4;4;5;18;19;7;8;
a05AT#W2~24~H2S;s;s;;;;;19.07.17;2;1;1;1;1644;;16;14;17;6;11;4;4;5;18;19;7;8;
*14BT=~~~~4~A2S;s;;;;;;19.07.17;2;1;1;1;1644;;16;14;17;6;11;4;4;5;18;19;7;8;
ap01:01;;;;;;;19.07.27;2;1;1;1;1647;;16;14;17;6;11;4;4;5;18;19;7;8;
az6;;;;;;;19.07.27;2;1;6;1;1658;;16;14;17;6;11;4;5;18;19;7;8;4;
a05SQ!~~~11C~~N;;;;;;;19.07.31;2;1;6;1;1663;;16;14;17;6;11;4;5;18;19;7;8;4;
*14RQ!~~~11C~~~32;;;;;;;19.07.31;2;1;6;1;1663;;16;14;17;6;11;4;5;18;19;7;8;4;
*16ET+K8F;;;;;;;19.07.31;2;1;6;1;1664;;16;14;17;6;11;4;5;18;19;7;8;4;
*06AT-W4~42~H2C;;r;;;;;19.07.35;2;1;6;1;1668;;16;14;17;6;11;4;5;18;19;7;8;4;
a18BT+~~~~2~A2;;;;;;;19.07.35;2;1;6;1;1668;;16;14;17;6;11;4;5;18;19;7;8;4;
a15DT+~~~45~B;;;;;;;19.07.35;2;1;6;1;1668;;16;14;17;6;11;4;5;18;19;7;8;4;
a18AQ#J4~37~H1X;p;p;;;;;19.07.35;2;1;6;1;1671;;16;14;17;6;11;4;5;18;19;7;8;4;
*11DQ=~~~37~S;p;;;;;;19.07.35;2;1;6;1;1671;;16;14;17;6;11;4;5;18;19;7;8;4;
ap01:02;;;;;;;19.07.45;2;1;6;1;1675;;16;14;17;6;11;4;5;18;19;7;8;4;
a05SQ!~~~11;;;;;;;19.07.58;2;1;6;1;1689;;16;14;17;6;11;4;5;18;19;7;8;4;
*14RQ!~~~11~~~~31;;;;;;;19.07.58;2;1;6;1;1689;;16;14;17;6;11;4;5;18;19;7;8;4;
*16ET+KCB~~~1;;;;;;;19.07.58;2;1;6;1;1690;;16;14;17;6;11;4;5;18;19;7;8;4;
*14AT#W2~25~H0X;s;r;;;;;19.08.04;2;1;6;1;1692;;16;14;17;6;11;4;5;18;19;7;8;4;
a05DT=~~~25~S;s;;;;;;19.08.04;2;1;6;1;1693;;16;14;17;6;11;4;5;18;19;7;8;4;
*p02:02;;;;;;;19.08.11;2;1;6;1;1697;;16;14;17;6;11;4;5;18;19;7;8;4;
*z6;;;;;;;19.08.11;2;6;6;1;1702;;14;17;6;11;4;16;5;18;19;7;8;4;
*14SQ!~~~66;;;;;;;19.08.40;2;6;6;1;1732;;14;17;6;11;4;16;5;18;19;7;8;4;
a15RQ!~~~66~~~~42;;;;;;;19.08.40;2;6;6;1;1732;;14;17;6;11;4;16;5;18;19;7;8;4;
a04ET+K7F;;;;;;;19.08.40;2;6;6;1;1733;;14;17;6;11;4;16;5;18;19;7;8;4;
a07AT#W4~45~H2X;s;r;;;;;19.08.46;2;6;6;1;1737;;14;17;6;11;4;16;5;18;19;7;8;4;
*14DT=~~~45~S;s;;;;;;19.08.46;2;6;6;1;1737;;14;17;6;11;4;16;5;18;19;7;8;4;
ap02:03;;;;;;;19.08.51;2;6;6;1;1740;;14;17;6;11;4;16;5;18;19;7;8;4;
az5;;;;;;;19.08.51;2;6;5;1;1742;;14;17;6;11;4;16;18;19;7;8;4;5;
a18SM-~~~57;;;;;;;19.09.06;2;6;5;1;1759;;14;17;6;11;4;16;18;19;7;8;4;5;
*11RM+~~~57~~~~41;;;;;;;19.09.06;2;6;5;1;1760;;14;17;6;11;4;16;18;19;7;8;4;5;
*16EQ+K1C;;;;;;;19.09.06;2;6;5;1;1760;;14;17;6;11;4;16;18;19;7;8;4;5;
*17AQ#J4~35~H1X;s;r;;;;;19.09.13;2;6;5;1;1763;;14;17;6;11;4;16;18;19;7;8;4;5;
a18DQ=~~~35~S;s;;;;;;19.09.13;2;6;5;1;1763;;14;17;6;11;4;16;18;19;7;8;4;5;
*p03:03;;;;;;;19.09.19;2;6;5;1;1766;;14;17;6;11;4;16;18;19;7;8;4;5;
*z5;;;;;;;19.09.19;2;5;5;1;1770;;17;6;11;4;16;14;18;19;7;8;4;5;
*17SM-~~~58;;;;;;;19.09.30;2;5;5;1;1783;;17;6;11;4;16;14;18;19;7;8;4;5;
a15RM+~~~58~~~~32;;;;;;;19.09.30;2;5;5;1;1783;;17;6;11;4;16;14;18;19;7;8;4;5;
a04ET+K1F;;;;;;;19.09.30;2;5;5;1;1783;;17;6;11;4;16;14;18;19;7;8;4;5;
a07AT#W4~46DH2X;s;r;;;;;19.09.36;2;5;5;1;1786;;17;6;11;4;16;14;18;19;7;8;4;5;
*14DT=~~~46DS;s;;;;;;19.09.36;2;5;5;1;1786;;17;6;11;4;16;14;18;19;7;8;4;5;
ap03:04;;;;;;;19.09.42;2;5;5;1;1791;;17;6;11;4;16;14;18;19;7;8;4;5;
az4;;;;;;;19.09.42;2;5;4;1;1793;;17;6;11;4;16;14;19;7;8;4;5;18;
a19SQ=~~~1~~~~N;s;;;;;;19.09.51;2;5;4;1;1804;;17;6;11;4;16;14;19;7;8;4;5;18;
*$$&H#;s;;;;;;19.09.51;2;5;4;1;1804;;17;6;11;4;16;14;19;7;8;4;5;18;
*p04:04;;;;;;;19.09.58;2;5;4;1;1811;;17;6;11;4;16;14;19;7;8;4;5;18;
*z4;;;;;;;19.09.58;2;4;4;1;1809;;6;11;4;16;14;17;19;7;8;4;5;18;
*06SQ-~~~16;;;;;;;19.10.08;2;4;4;1;1821;;6;11;4;16;14;17;19;7;8;4;5;18;
a05RQ#~~~16;;;;;;;19.10.08;2;4;4;1;1821;;6;11;4;16;14;17;19;7;8;4;5;18;
a04EQ+K2C;;;;;;;19.10.08;2;4;4;1;1822;;6;11;4;16;14;17;19;7;8;4;5;18;
a08AQ#J2~33~H2S;s;r;;;;;19.10.13;2;4;4;1;1825;;6;11;4;16;14;17;19;7;8;4;5;18;
*04BQ=~~~~3~A2S;s;;;;;;19.10.13;2;4;4;1;1825;;6;11;4;16;14;17;19;7;8;4;5;18;
ap04:05;;;;;;;19.10.23;2;4;4;1;1827;;6;11;4;16;14;17;19;7;8;4;5;18;
az3;;;;;;;19.10.23;2;4;3;1;1834;;6;11;4;16;14;17;7;8;4;5;18;19;
a07SM!~~~15;;;;;;;19.10.30;2;4;3;1;1842;;6;11;4;16;14;17;7;8;4;5;18;19;
*11RM!~~~15~O~~32;;;;;;;19.10.30;2;4;3;1;1842;;6;11;4;16;14;17;7;8;4;5;18;19;
*16EQ+K8C;;;;;;;19.10.30;2;4;3;1;1842;;6;11;4;16;14;17;7;8;4;5;18;19;
*04AQ#J2~39~T2X;s;r;;;;;19.10.35;2;4;3;1;1846;;6;11;4;16;14;17;7;8;4;5;18;19;
a19DQ=~~~39~E~E;s;;;;;;19.10.35;2;4;3;1;1846;;6;11;4;16;14;17;7;8;4;5;18;19;
*p05:05;;;;;;;19.10.41;2;4;3;1;1849;;6;11;4;16;14;17;7;8;4;5;18;19;
*z3;;;;;;;19.10.41;2;3;3;1;1852;;11;4;16;14;17;6;7;8;4;5;18;19;
*11SQ!~~~56;;;;;;;19.11.02;2;3;3;1;1874;;11;4;16;14;17;6;7;8;4;5;18;19;
a15RQ!~~~56~~~~32;;;;;;;19.11.02;2;3;3;1;1874;;11;4;16;14;17;6;7;8;4;5;18;19;
a04ET+K8F;;;;;;;19.11.02;2;3;3;1;1874;;11;4;16;14;17;6;7;8;4;5;18;19;
a05AT#W4~42~H2F;s;r;;;;;19.11.09;2;3;3;1;1879;;11;4;16;14;17;6;7;8;4;5;18;19;
*04BT=~~~~2~A2F;s;;;;;;19.11.09;2;3;3;1;1879;;11;4;16;14;17;6;7;8;4;5;18;19;
ap05:06;;;;;;;19.11.17;2;3;3;1;1882;;11;4;16;14;17;6;7;8;4;5;18;19;
az2;;;;;;;19.11.17;2;3;2;1;1888;;11;4;16;14;17;6;8;4;5;18;19;7;
a08SQ=~~~1~~~~N;s;;;;;;19.11.28;2;3;2;1;1900;;11;4;16;14;17;6;8;4;5;18;19;7;
*$$&H#;s;;;;;;19.11.28;2;3;2;1;1900;;11;4;16;14;17;6;8;4;5;18;19;7;
*p06:06;;;;;;;19.11.33;2;3;2;1;1905;;11;4;16;14;17;6;8;4;5;18;19;7;
*z2;;;;;;;19.11.33;2;2;2;1;1904;;4;16;14;17;6;11;8;4;5;18;19;7;
*04SM-~~~56;;;;;;;19.11.47;2;2;2;1;1920;;4;16;14;17;6;11;8;4;5;18;19;7;
a07RM+~~~56~~~~21;;;;;;;19.11.47;2;2;2;1;1920;;4;16;14;17;6;11;8;4;5;18;19;7;
a04EO+K1S;;;;;;;19.11.47;2;2;2;1;1920;;4;16;14;17;6;11;8;4;5;18;19;7;
a04AO#JJ~38~T0X;s;r;;;;;19.11.53;2;2;2;1;1922;;4;16;14;17;6;11;8;4;5;18;19;7;
*11DO=~~~38~E~E;s;;;;;;19.11.53;2;2;2;1;1923;;4;16;14;17;6;11;8;4;5;18;19;7;
ap06:07;;;;;;;19.11.57;2;2;2;1;1927;;4;16;14;17;6;11;8;4;5;18;19;7;
az1;;;;;;;19.11.57;2;2;1;1;1928;;4;16;14;17;6;11;4;5;18;19;7;8;
a04SM+~~~17;;;;;;;19.12.09;2;2;1;1;1943;;4;16;14;17;6;11;4;5;18;19;7;8;
*14RM-~~~17;;;;;;;19.12.09;2;2;1;1;1943;;4;16;14;17;6;11;4;5;18;19;7;8;
*06AH+G9~91~H2C;;r;;;;;19.12.16;2;2;1;1;1947;;4;16;14;17;6;11;4;5;18;19;7;8;
a04DH/~~~91~B;;;;;;;19.12.16;2;2;1;1;1948;;4;16;14;17;6;11;4;5;18;19;7;8;
*17FH!;;;;;;;19.12.21;2;2;1;1;1951;;4;16;14;17;6;11;4;5;18;19;7;8;
*14AT#W4~41DH2F2;s;s;;;;;19.12.22;2;2;1;1;1954;;4;16;14;17;6;11;4;5;18;19;7;8;
a19BT=~~~~2~A2F;s;;;;;;19.12.22;2;2;1;1;1954;;4;16;14;17;6;11;4;5;18;19;7;8;
*p07:07;;;;;;;19.12.27;2;2;1;1;1957;;4;16;14;17;6;11;4;5;18;19;7;8;
*z1;;;;;;;19.12.27;2;1;1;1;1958;;16;14;17;6;11;4;4;5;18;19;7;8;
*16SQ!~~~15;;;;;;;19.12.40;2;1;1;1;1972;;16;14;17;6;11;4;4;5;18;19;7;8;
a07RQ!~~~15~~~~41;;;;;;;19.12.40;2;1;1;1;1972;;16;14;17;6;11;4;4;5;18;19;7;8;
a04EQ+KFC;;;;;;;19.12.40;2;1;1;1;1972;;16;14;17;6;11;4;4;5;18;19;7;8;
a18AQ-J3~33~T1;;r;;;;;19.12.46;2;1;1;1;1977;;16;14;17;6;11;4;4;5;18;19;7;8;
*14DQ+~~~33~E;;;;;;;19.12.46;2;1;1;1;1977;;16;14;17;6;11;4;4;5;18;19;7;8;
*06AH+G2~23~T2~3;;p;;;;;19.12.50;2;1;1;1;1981;;16;14;17;6;11;4;4;5;18;19;7;8;
a04DH-~~~23;;;;;;;19.12.50;2;1;1;1;1982;;16;14;17;6;11;4;4;5;18;19;7;8;
a15EH+~~~~2;;;;;;;19.12.53;2;1;1;1;1984;;16;14;17;6;11;4;4;5;18;19;7;8;
a05AH=G2~21~H2O;p;s;;;;;19.12.53;2;1;1;1;1985;;16;14;17;6;11;4;4;5;18;19;7;8;
*$$&H#;p;;;;;;19.12.53;2;1;1;1;1985;;16;14;17;6;11;4;4;5;18;19;7;8;
*p08:07;;;;;;;19.12.57;2;1;1;1;1990;;16;14;17;6;11;4;4;5;18;19;7;8;
*16SM=~~~15~~~R;s;;;;;;19.13.08;2;1;1;1;2000;;16;14;17;6;11;4;4;5;18;19;7;8;
a$$&H#;s;;;;;;19.13.08;2;1;1;1;2000;;16;14;17;6;11;4;4;5;18;19;7;8;
ap08:08;;;;;;;19.13.12;2;1;1;1;2005;;16;14;17;6;11;4;4;5;18;19;7;8;
az6;;;;;;;19.13.12;2;1;6;1;2003;;16;14;17;6;11;4;5;18;19;7;8;4;
a05SQ!~~~51;;;;;;;19.13.25;2;1;6;1;2017;;16;14;17;6;11;4;5;18;19;7;8;4;
*14RQ!~~~51~~~~32;;;;;;;19.13.25;2;1;6;1;2017;;16;14;17;6;11;4;5;18;19;7;8;4;
*16ET+K9B;;;;;;;19.13.25;2;1;6;1;2017;;16;14;17;6;11;4;5;18;19;7;8;4;
*14AT#W2~25BH2X;s;r;;;;;19.13.30;2;1;6;1;2023;;16;14;17;6;11;4;5;18;19;7;8;4;
a05DT=~~~25BS;s;;;;;;19.13.30;2;1;6;1;2023;;16;14;17;6;11;4;5;18;19;7;8;4;
*p09:08;;;;;;;19.13.35;2;1;6;1;2025;;16;14;17;6;11;4;5;18;19;7;8;4;
*z6;;;;;;;19.13.35;2;6;6;1;2026;;14;17;6;11;4;16;5;18;19;7;8;4;
*14SQ#~~~56;p;;;;;;19.13.53;2;6;6;1;2045;;14;17;6;11;4;16;5;18;19;7;8;4;
a15RQ=~~~56~M;p;;;;;;19.13.53;2;6;6;1;2045;;14;17;6;11;4;16;5;18;19;7;8;4;
*p10:08;;;;;;;19.14.01;2;6;6;1;2050;;14;17;6;11;4;16;5;18;19;7;8;4;
*14SQ!~~~66;;;;;;;19.14.18;2;6;6;1;2070;;14;17;6;11;4;16;5;18;19;7;8;4;
a15RQ!~~~66~~~~41;;;;;;;19.14.18;2;6;6;1;2070;;14;17;6;11;4;16;5;18;19;7;8;4;
a04EQ+KFC;;;;;;;19.14.18;2;6;6;1;2070;;14;17;6;11;4;16;5;18;19;7;8;4;
a18AQ+J3~33~H2C;;r;;;;;19.14.24;2;6;6;1;2074;;14;17;6;11;4;16;5;18;19;7;8;4;
*17BQ-~~~~3~T2;;;;;;;19.14.24;2;6;6;1;2074;;14;17;6;11;4;16;5;18;19;7;8;4;
a19AT/W2~24~H2A;p;s;;;;;19.14.28;2;6;6;1;2078;;14;17;6;11;4;16;5;18;19;7;8;4;
*17BT#~~~~4~A2;p;;;;;;19.14.28;2;6;6;1;2078;;14;17;6;11;4;16;5;18;19;7;8;4;
*p11:08;;;;;;;19.14.31;2;6;6;1;2081;;14;17;6;11;4;16;5;18;19;7;8;4;
*14SQ#~~~65;p;;;;;;19.14.49;2;6;6;1;2101;;14;17;6;11;4;16;5;18;19;7;8;4;
a07RQ=~~~65~L;p;;;;;;19.14.49;2;6;6;1;2101;;14;17;6;11;4;16;5;18;19;7;8;4;
*p12:08;;;;;;;19.14.56;2;6;6;1;2106;;14;17;6;11;4;16;5;18;19;7;8;4;
aT;;;;;;;19.14.56;2;6;6;1;2107;;14;17;6;11;4;16;5;18;19;7;8;4;
*14SQ+~~~66;;;;;;;19.16.18;2;6;6;1;2190;;14;17;6;11;4;16;5;18;19;7;8;4;
a15RQ-~~~66;;;;;;;19.16.18;2;6;6;1;2191;;14;17;6;11;4;16;5;18;19;7;8;4;
a04EH/~~~~2;;;;;;;19.16.24;2;6;6;1;2195;;14;17;6;11;4;16;5;18;19;7;8;4;
*14FH+;;;;;;;19.16.26;2;6;6;1;2198;;14;17;6;11;4;16;5;18;19;7;8;4;
*11AT#W4~41DH2F1;p;p;;;;;19.16.28;2;6;6;1;2200;;14;17;6;11;4;16;5;18;19;7;8;4;
a19BT=~~~~2~A2F;p;;;;;;19.16.28;2;6;6;1;2200;;14;17;6;11;4;16;5;18;19;7;8;4;
*p13:08;;;;;;;19.16.32;2;6;6;1;2203;;14;17;6;11;4;16;5;18;19;7;8;4;
*14SQ-~~~51;;;;;;;19.16.52;2;6;6;1;2224;;14;17;6;11;4;16;5;18;19;7;8;4;
a05RQ#~~~51;;;;;;;19.16.52;2;6;6;1;2224;;14;17;6;11;4;16;5;18;19;7;8;4;
a04ET+K1B;;;;;;;19.16.52;2;6;6;1;2224;;14;17;6;11;4;16;5;18;19;7;8;4;
a19AT-W2~24~H2;;r;;;;;19.16.59;2;6;6;1;2229;;14;17;6;11;4;16;5;18;19;7;8;4;
*17BT+~~~~4~A2;;;;;;;19.16.59;2;6;6;1;2229;;14;17;6;11;4;16;5;18;19;7;8;4;
*06AT-W2~27~T2~1;;p;;;;;19.17.01;2;6;6;1;2234;;14;17;6;11;4;16;5;18;19;7;8;4;
a15DT+~~~27~E;;;;;;;19.17.01;2;6;6;1;2234;;14;17;6;11;4;16;5;18;19;7;8;4;
a07AT+W4~42~H2C;;s;;;;;19.17.06;2;6;6;1;2238;;14;17;6;11;4;16;5;18;19;7;8;4;
*06BT-~~~~2~A2;;;;;;;19.17.06;2;6;6;1;2238;;14;17;6;11;4;16;5;18;19;7;8;4;
a19AT-W2~21~H;;s;;;;;19.17.10;2;6;6;1;2241;;14;17;6;11;4;16;5;18;19;7;8;4;
*16DT+~~~21~S;;;;;;;19.17.10;2;6;6;1;2242;;14;17;6;11;4;16;5;18;19;7;8;4;
*08EH+~~B~2;;;;;;;19.17.10;2;6;6;1;2244;;14;17;6;11;4;16;5;18;19;7;8;4;
*06AH-G2~21~H3~4;;p;;;;;19.17.14;2;6;6;1;2246;;14;17;6;11;4;16;5;18;19;7;8;4;
a05DH+~~~21~S;;;;;;;19.17.14;2;6;6;1;2246;;14;17;6;11;4;16;5;18;19;7;8;4;
a07AH-G4~47~H2C;;s;;;;;19.17.18;2;6;6;1;2250;;14;17;6;11;4;16;5;18;19;7;8;4;
*17BH+~~~~2~A2;;;;;;;19.17.18;2;6;6;1;2250;;14;17;6;11;4;16;5;18;19;7;8;4;
*08DH+~~~47~B;;;;;;;19.17.18;2;6;6;1;2250;;14;17;6;11;4;16;5;18;19;7;8;4;
*11AT#W4~45~H2X2;p;p;;;;;19.17.21;2;6;6;1;2254;;14;17;6;11;4;16;5;18;19;7;8;4;
a05DT=~~~45~B;p;;;;;;19.17.21;2;6;6;1;2254;;14;17;6;11;4;16;5;18;19;7;8;4;
*p14:08;;;;;;;19.17.25;2;6;6;1;2257;;14;17;6;11;4;16;5;18;19;7;8;4;
ac07:16;;;;;;;19.17.25;2;6;6;1;2256;;14;17;6;11;4;16;5;18;19;16;8;4;
*14SQ=~~~51~~~O;s;;;;;;19.17.25;2;6;6;1;2290;;14;17;6;11;4;16;5;18;19;16;8;4;
a$$&H#;s;;;;;;19.17.25;2;6;6;1;2290;;14;17;6;11;4;16;5;18;19;16;8;4;
ap14:09;;;;;;;19.18.05;2;6;6;1;2295;;14;17;6;11;4;16;5;18;19;16;8;4;
az5;;;;;;;19.18.05;2;6;5;1;2296;;14;17;6;11;4;16;18;19;16;8;4;5;
a18SM-~~~57;;;;;;;19.18.22;2;6;5;1;2314;;14;17;6;11;4;16;18;19;16;8;4;5;
*11RM#~~~57;;;;;;;19.18.22;2;6;5;1;2314;;14;17;6;11;4;16;18;19;16;8;4;5;
*16ET+K1P;;;;;;;19.18.22;2;6;5;1;2314;;14;17;6;11;4;16;18;19;16;8;4;5;
*14AT#Y8~88~P0X;s;r;;;;;19.18.29;2;6;5;1;2319;;14;17;6;11;4;16;18;19;16;8;4;5;
a05DT=~~~88~E~E;s;;;;;;19.18.29;2;6;5;1;2320;;14;17;6;11;4;16;18;19;16;8;4;5;
*p15:09;;;;;;;19.18.32;2;6;5;1;2324;;14;17;6;11;4;16;18;19;16;8;4;5;
*z5;;;;;;;19.18.32;2;5;5;1;2323;;17;6;11;4;16;14;18;19;16;8;4;5;
*17SM-~~~59;;;;;;;19.18.46;2;5;5;1;2339;;17;6;11;4;16;14;18;19;16;8;4;5;
a15RM+~~~59~~~~32;;;;;;;19.18.46;2;5;5;1;2339;;17;6;11;4;16;14;18;19;16;8;4;5;
a04ET+K1F;;;;;;;19.18.46;2;5;5;1;2339;;17;6;11;4;16;14;18;19;16;8;4;5;
a16AT/W4~42~H2;p;r;;;;;19.18.52;2;5;5;1;2343;;17;6;11;4;16;14;18;19;16;8;4;5;
*04BT#~~~~2~~2;p;;;;;;19.18.52;2;5;5;1;2344;;17;6;11;4;16;14;18;19;16;8;4;5;
*p16:09;;;;;;;19.18.59;2;5;5;1;2350;;17;6;11;4;16;14;18;19;16;8;4;5;
ac19:13;;;;;;;19.18.59;2;5;5;1;2350;;17;6;11;4;16;14;18;13;16;8;4;5;
*17SM!~~~51;;;;;;;19.19.20;2;5;5;1;2372;;17;6;11;4;16;14;18;13;16;8;4;5;
a15RM!~~~51~O~~32;;;;;;;19.19.20;2;5;5;1;2372;;17;6;11;4;16;14;18;13;16;8;4;5;
a04ET/K8;;;;;;;19.19.20;2;5;5;1;2377;;17;6;11;4;16;14;18;13;16;8;4;5;
*06BH/~~~~~~A1A;s;;;;;;19.19.20;2;5;5;1;2378;;17;6;11;4;16;14;18;13;16;8;4;5;
a$$&H#;s;;;;;;19.19.20;2;5;5;1;2378;;17;6;11;4;16;14;18;13;16;8;4;5;
ap16:10;;;;;;;19.19.32;2;5;5;1;2380;;17;6;11;4;16;14;18;13;16;8;4;5;
az4;;;;;;;19.19.32;2;5;4;1;2383;;17;6;11;4;16;14;13;16;8;4;5;18;
a13SQ-~~~18B;;;;;;;19.19.58;2;5;4;1;2410;;17;6;11;4;16;14;13;16;8;4;5;18;
*14RQ+~~~18B~~~31;;;;;;;19.19.58;2;5;4;1;2410;;17;6;11;4;16;14;13;16;8;4;5;18;
*16EQ+K1C;;;;;;;19.19.58;2;5;4;1;2411;;17;6;11;4;16;14;13;16;8;4;5;18;
*04AQ#J4~35~H1X;s;r;;;;;19.20.02;2;5;4;1;2414;;17;6;11;4;16;14;13;16;8;4;5;18;
a15DQ=~~~35~S;s;;;;;;19.20.02;2;5;4;1;2414;;17;6;11;4;16;14;13;16;8;4;5;18;
*p17:10;;;;;;;19.20.06;2;5;4;1;2417;;17;6;11;4;16;14;13;16;8;4;5;18;
*z4;;;;;;;19.20.06;2;4;4;1;2417;;6;11;4;16;14;17;13;16;8;4;5;18;
*c16:03;;;;;;;19.20.06;2;4;4;1;2417;;6;11;4;3;14;17;13;16;8;4;5;18;
*c06:09;;;;;;;19.20.06;2;4;4;1;2417;;9;11;4;3;14;17;13;16;8;4;5;18;
*P9;;;;;;;19.20.06;2;4;4;1;2417;;9;11;4;3;14;17;13;16;8;4;5;18;
*z1;;;;;;;19.20.06;2;1;4;1;2417;;9;11;4;3;14;17;13;16;8;4;5;18;
*09SQ-~~~66B;;;;;;;19.20.33;2;1;4;1;2446;;9;11;4;3;14;17;13;16;8;4;5;18;
a15RQ#~~~66B;;;;;;;19.20.33;2;1;4;1;2446;;9;11;4;3;14;17;13;16;8;4;5;18;
a04EQ+K1C;;;;;;;19.20.33;2;1;4;1;2446;;9;11;4;3;14;17;13;16;8;4;5;18;
a08AQ#J4~33~H2F;s;r;;;;;19.20.39;2;1;4;1;2450;;9;11;4;3;14;17;13;16;8;4;5;18;
*04BQ=~~~~3~T2F;s;;;;;;19.20.39;2;1;4;1;2450;;9;11;4;3;14;17;13;16;8;4;5;18;
ap17:11;;;;;;;19.20.42;2;1;4;1;2453;;9;11;4;3;14;17;13;16;8;4;5;18;
az3;;;;;;;19.20.42;2;1;3;1;2453;;9;11;4;3;14;17;16;8;4;5;18;13;
a16SQ=~~~1~~~~N;s;;;;;;19.20.57;2;1;3;1;2469;;9;11;4;3;14;17;16;8;4;5;18;13;
*$$&H#;s;;;;;;19.20.57;2;1;3;1;2469;;9;11;4;3;14;17;16;8;4;5;18;13;
*p18:11;;;;;;;19.21.01;2;1;3;1;2473;;9;11;4;3;14;17;16;8;4;5;18;13;
*z6;;;;;;;19.21.01;2;6;3;1;2472;;11;4;3;14;17;9;16;8;4;5;18;13;
*11SQ+~~~56;;;;;;;19.21.19;2;6;3;1;2491;;11;4;3;14;17;9;16;8;4;5;18;13;
a15RQ-~~~56;;;;;;;19.21.19;2;6;3;1;2491;;11;4;3;14;17;9;16;8;4;5;18;13;
a05AH+G4~42~H2C;;r;;;;;19.21.24;2;6;3;1;2496;;11;4;3;14;17;9;16;8;4;5;18;13;
*03BH-~~~~2~A2;;;;;;;19.21.24;2;6;3;1;2497;;11;4;3;14;17;9;16;8;4;5;18;13;
*14AH-G4~42~H2C3;;p;;;;;19.21.27;2;6;3;1;2501;;11;4;3;14;17;9;16;8;4;5;18;13;
a08BH+~~~~2~A2;;;;;;;19.21.27;2;6;3;1;2501;;11;4;3;14;17;9;16;8;4;5;18;13;
a05DH+~~~44~B;;;;;;;19.21.30;2;6;3;1;2501;;11;4;3;14;17;9;16;8;4;5;18;13;
a16EH+~~~~4;;;;;;;19.21.32;2;6;3;1;2503;;11;4;3;14;17;9;16;8;4;5;18;13;
a05AH=G4~4~~H2I;p;s;;;;;19.21.32;2;6;3;1;2505;;11;4;3;14;17;9;16;8;4;5;18;13;
*$$&H#;p;;;;;;19.21.32;2;6;3;1;2505;;11;4;3;14;17;9;16;8;4;5;18;13;
*p19:11;;;;;;;19.21.40;2;6;3;1;2509;;11;4;3;14;17;9;16;8;4;5;18;13;
aT;;;;;;;19.21.40;2;6;3;1;2511;;11;4;3;14;17;9;16;8;4;5;18;13;
*11SQ!~~~51;;;;;;;19.22.41;2;6;3;1;2573;;11;4;3;14;17;9;16;8;4;5;18;13;
a16RQ!~~~51~~~~32;;;;;;;19.22.41;2;6;3;1;2574;;11;4;3;14;17;9;16;8;4;5;18;13;
a04ET+K8B;;;;;;;19.22.41;2;6;3;1;2574;;11;4;3;14;17;9;16;8;4;5;18;13;
a13AT#Y9~99~H2X;s;r;;;;;19.22.47;2;6;3;1;2578;;11;4;3;14;17;9;16;8;4;5;18;13;
*09DT=~~~99~S;s;;;;;;19.22.47;2;6;3;1;2579;;11;4;3;14;17;9;16;8;4;5;18;13;
ap19:12;;;;;;;19.22.51;2;6;3;1;2582;;11;4;3;14;17;9;16;8;4;5;18;13;
az2;;;;;;;19.22.51;2;6;2;1;2582;;11;4;3;14;17;9;8;4;5;18;13;16;
*c11:07;;;;;;;19.22.51;2;6;2;1;2582;;7;4;3;14;17;9;8;4;5;18;13;16;
a08SQ-~~~16~~~N;;;;;;;19.23.10;2;6;2;1;2601;;7;4;3;14;17;9;8;4;5;18;13;16;
*05RQ#~~~16~W;;;;;;;19.23.10;2;6;2;1;2601;;7;4;3;14;17;9;8;4;5;18;13;16;
*09EQ+K3C;;;;;;;19.23.10;2;6;2;1;2601;;7;4;3;14;17;9;8;4;5;18;13;16;
*04AQ#J3~33~H2S;s;r;;;;;19.23.13;2;6;2;1;2606;;7;4;3;14;17;9;8;4;5;18;13;16;
a05BQ=~~~~3~T2S;s;;;;;;19.23.13;2;6;2;1;2606;;7;4;3;14;17;9;8;4;5;18;13;16;
*p20:12;;;;;;;19.23.17;2;6;2;1;2608;;7;4;3;14;17;9;8;4;5;18;13;16;
*z5;;;;;;;19.23.17;2;5;2;1;2608;;4;3;14;17;9;7;8;4;5;18;13;16;
*04SM-~~~55B;;;;;;;19.23.32;2;5;2;1;2625;;4;3;14;17;9;7;8;4;5;18;13;16;
a16RM+~~~55B~~~21;;;;;;;19.23.32;2;5;2;1;2625;;4;3;14;17;9;7;8;4;5;18;13;16;
a04EQ+K1C;;;;;;;19.23.32;2;5;2;1;2625;;4;3;14;17;9;7;8;4;5;18;13;16;
a18AQ-J1~33~H2C;;r;;;;;19.23.37;2;5;2;1;2629;;4;3;14;17;9;7;8;4;5;18;13;16;
*14BQ+~~~~3~T2;;;;;;;19.23.37;2;5;2;1;2629;;4;3;14;17;9;7;8;4;5;18;13;16;
*04FH#;;;;;;;19.23.40;2;5;2;1;2631;;4;3;14;17;9;7;8;4;5;18;13;16;
*17AQ#J4~31~H1X1;p;p;;;;;19.23.44;2;5;2;1;2632;;4;3;14;17;9;7;8;4;5;18;13;16;
a04DQ=~~~31~S;p;;;;;;19.23.44;2;5;2;1;2633;;4;3;14;17;9;7;8;4;5;18;13;16;
*p21:12;;;;;;;19.23.51;2;5;2;1;2635;;4;3;14;17;9;7;8;4;5;18;13;16;
*04SM!~~~56;;;;;;;19.23.59;2;5;2;1;2651;;4;3;14;17;9;7;8;4;5;18;13;16;
a16RM!~~~56~~~~31;;;;;;;19.23.59;2;5;2;1;2651;;4;3;14;17;9;7;8;4;5;18;13;16;
a04EQ+KCC~~~1;;;;;;;19.23.59;2;5;2;1;2651;;4;3;14;17;9;7;8;4;5;18;13;16;
a18AQ-J4~32~T2;;r;;;;;19.24.07;2;5;2;1;2655;;4;3;14;17;9;7;8;4;5;18;13;16;
*03DQ+~~~32~E;;;;;;;19.24.07;2;5;2;1;2655;;4;3;14;17;9;7;8;4;5;18;13;16;
*03AH+G2~21~H2~4;;p;;;;;19.24.09;2;5;2;1;2659;;4;3;14;17;9;7;8;4;5;18;13;16;
a13DH/~~~21~S;;;;;;;19.24.09;2;5;2;1;2659;;4;3;14;17;9;7;8;4;5;18;13;16;
*04FH#;;;;;;;19.24.09;2;5;2;1;2661;;4;3;14;17;9;7;8;4;5;18;13;16;
*17AQ-J4~33~T1C1;;p;;;;;19.24.12;2;5;2;1;2662;;4;3;14;17;9;7;8;4;5;18;13;16;
a05DQ+~~~33~E;;;;;;;19.24.12;2;5;2;1;2662;;4;3;14;17;9;7;8;4;5;18;13;16;
a13AT+Y9~94~H2C;;s;;;;;19.24.15;2;5;2;1;2666;;4;3;14;17;9;7;8;4;5;18;13;16;
*14BT-~~~~4~A2;;;;;;;19.24.15;2;5;2;1;2666;;4;3;14;17;9;7;8;4;5;18;13;16;
a05AT#W4~47~H4X;s;s;;;;;19.24.18;2;5;2;1;2670;;4;3;14;17;9;7;8;4;5;18;13;16;
*04DT=~~~47~S;s;;;;;;19.24.18;2;5;2;1;2670;;4;3;14;17;9;7;8;4;5;18;13;16;
ap21:13;;;;;;;19.24.23;2;5;2;1;2672;;4;3;14;17;9;7;8;4;5;18;13;16;
az1;;;;;;;19.24.23;2;5;1;1;2674;;4;3;14;17;9;7;4;5;18;13;16;8;
a04SM!~~~18A;;;;;;;19.24.43;2;5;1;1;2695;;4;3;14;17;9;7;4;5;18;13;16;8;
*05RM!~~~18A~~~32;;;;;;;19.24.43;2;5;1;1;2695;;4;3;14;17;9;7;4;5;18;13;16;8;
*09ET+K8B;;;;;;;19.24.43;2;5;1;1;2695;;4;3;14;17;9;7;4;5;18;13;16;8;
*03AT-W2~21~H2;;r;;;;;19.24.49;2;5;1;1;2700;;4;3;14;17;9;7;4;5;18;13;16;8;
a04DT+~~~21~S;;;;;;;19.24.49;2;5;1;1;2700;;4;3;14;17;9;7;4;5;18;13;16;8;
a05AH#G4~42~T2X;p;p;;;;;19.24.52;2;5;1;1;2704;;4;3;14;17;9;7;4;5;18;13;16;8;
*09DH=~~~42~E~E;p;;;;;;19.24.52;2;5;1;1;2704;;4;3;14;17;9;7;4;5;18;13;16;8;
ap21:14;;;;;;;19.25.04;2;5;1;1;2709;;4;3;14;17;9;7;4;5;18;13;16;8;
a04SM-~~~18;;;;;;;19.25.15;2;5;1;1;2726;;4;3;14;17;9;7;4;5;18;13;16;8;
*07RM#~~~18;;;;;;;19.25.15;2;5;1;1;2726;;4;3;14;17;9;7;4;5;18;13;16;8;
*09ET+K1F;;;;;;;19.25.15;2;5;1;1;2726;;4;3;14;17;9;7;4;5;18;13;16;8;
*14AT=W4~41~H1S;p;r;;;;;19.25.19;2;5;1;1;2730;;4;3;14;17;9;7;4;5;18;13;16;8;
a$$&H#;p;;;;;;19.25.19;2;5;1;1;2730;;4;3;14;17;9;7;4;5;18;13;16;8;
ap21:15;;;;;;;19.25.21;2;5;1;1;2733;;4;3;14;17;9;7;4;5;18;13;16;8;
a04SQ=~~~16~~~O;s;;;;;;19.25.37;2;5;1;1;2750;;4;3;14;17;9;7;4;5;18;13;16;8;
*$$&H#;s;;;;;;19.25.37;2;5;1;1;2750;;4;3;14;17;9;7;4;5;18;13;16;8;
*p22:15;;;;;;;19.25.41;2;5;1;1;2755;;4;3;14;17;9;7;4;5;18;13;16;8;
*z4;;;;;;;19.25.41;2;4;1;1;2752;;3;14;17;9;7;4;4;5;18;13;16;8;
*c09:06;;;;;;;19.25.41;2;4;1;1;2752;;3;14;17;6;7;4;4;5;18;13;16;8;
*c03:16;;;;;;;19.25.41;2;4;1;1;2752;;16;14;17;6;7;4;4;5;18;13;16;8;
*P16;;;;;;;19.25.41;2;4;1;1;2752;;16;14;17;6;7;4;4;5;18;13;16;8;
*z1;;;;;;;19.25.41;2;1;1;1;2752;;16;14;17;6;7;4;4;5;18;13;16;8;
*16SQ+~~~16;;;;;;;19.26.11;2;1;1;1;2782;;16;14;17;6;7;4;4;5;18;13;16;8;
a15RQ-~~~16;;;;;;;19.26.11;2;1;1;1;2782;;16;14;17;6;7;4;4;5;18;13;16;8;
a05EH+~~F~4;;;;;;;19.26.14;2;1;1;1;2785;;16;14;17;6;7;4;4;5;18;13;16;8;
a13AH-G4~45~H2;;r;;;;;19.26.15;2;1;1;1;2787;;16;14;17;6;7;4;4;5;18;13;16;8;
*07DH+~~~45~S;;;;;;;19.26.15;2;1;1;1;2787;;16;14;17;6;7;4;4;5;18;13;16;8;
*07AT#Y8~8~~H1S2;p;p;;;;;19.26.15;2;1;1;1;2791;;16;14;17;6;7;4;4;5;18;13;16;8;
a18BT=~~~~3~A1S;p;;;;;;19.26.15;2;1;1;1;2791;;16;14;17;6;7;4;4;5;18;13;16;8;
*p23:15;;;;;;;19.26.23;2;1;1;1;2794;;16;14;17;6;7;4;4;5;18;13;16;8;
*16SQ-~~~15;;;;;;;19.26.36;2;1;1;1;2807;;16;14;17;6;7;4;4;5;18;13;16;8;
a16RQ+~~~15~~~~32;;;;;;;19.26.36;2;1;1;1;2807;;16;14;17;6;7;4;4;5;18;13;16;8;
a04EQ+K1C;;;;;;;19.26.36;2;1;1;1;2807;;16;14;17;6;7;4;4;5;18;13;16;8;
a18AQ-J4~39~H1;;r;;;;;19.26.43;2;1;1;1;2811;;16;14;17;6;7;4;4;5;18;13;16;8;
*16DQ+~~~39~S;;;;;;;19.26.43;2;1;1;1;2811;;16;14;17;6;7;4;4;5;18;13;16;8;
*06EH+~~F~4;;;;;;;19.26.47;2;1;1;1;2813;;16;14;17;6;7;4;4;5;18;13;16;8;
*14AH#G4~46~H3F4;p;p;;;;;19.26.47;2;1;1;1;2815;;16;14;17;6;7;4;4;5;18;13;16;8;
a15DH=~~~46~S;p;;;;;;19.26.47;2;1;1;1;2815;;16;14;17;6;7;4;4;5;18;13;16;8;
*p24:15;;;;;;;19.26.51;2;1;1;1;2818;;16;14;17;6;7;4;4;5;18;13;16;8;
*16SQ!~~~16;;;;;;;19.26.59;2;1;1;1;2831;;16;14;17;6;7;4;4;5;18;13;16;8;
a16RQ!~~~16~~~~41;;;;;;;19.26.59;2;1;1;1;2831;;16;14;17;6;7;4;4;5;18;13;16;8;
a04EQ+KCC~~~1;;;;;;;19.26.59;2;1;1;1;2831;;16;14;17;6;7;4;4;5;18;13;16;8;
a18AQ-J1~33~T2;;r;;;;;19.27.04;2;1;1;1;2834;;16;14;17;6;7;4;4;5;18;13;16;8;
*14DQ+~~~33~E;;;;;;;19.27.04;2;1;1;1;2834;;16;14;17;6;7;4;4;5;18;13;16;8;
*16EH/~~~~2;;;;;;;19.27.08;2;1;1;1;2838;;16;14;17;6;7;4;4;5;18;13;16;8;
a15FH+;;;;;;;19.27.08;2;1;1;1;2838;;16;14;17;6;7;4;4;5;18;13;16;8;
a05AT#W2~21~H4X;s;s;;;;;19.27.10;2;1;1;1;2843;;16;14;17;6;7;4;4;5;18;13;16;8;
*07DT=~~~21~S;s;;;;;;19.27.10;2;1;1;1;2843;;16;14;17;6;7;4;4;5;18;13;16;8;
ap24:16;;;;;;;19.27.23;2;1;1;1;2848;;16;14;17;6;7;4;4;5;18;13;16;8;
az6;;;;;;;19.27.23;2;1;6;1;2854;;16;14;17;6;7;4;5;18;13;16;8;4;
*c17:02;;;;;;;19.27.54;2;1;6;1;2885;;16;14;2;6;7;4;5;18;13;16;8;4;
a05SQ#~~~15;p;;;;;;19.29.26;2;1;6;1;2978;;16;14;2;6;7;4;5;18;13;16;8;4;
*07RQ=~~~15~L;p;;;;;;19.29.26;2;1;6;1;2978;;16;14;2;6;7;4;5;18;13;16;8;4;
ap24:17;;;;;;;19.29.30;2;1;6;1;2984;;16;14;2;6;7;4;5;18;13;16;8;4;
a05SQ#~~~15;p;;;;;;19.29.47;2;1;6;1;2999;;16;14;2;6;7;4;5;18;13;16;8;4;
*07RQ=~~~15~L;p;;;;;;19.29.47;2;1;6;1;3000;;16;14;2;6;7;4;5;18;13;16;8;4;
ap24:18;;;;;;;19.29.52;2;1;6;1;3005;;16;14;2;6;7;4;5;18;13;16;8;4;
a05SQ=~~~1~~~~N;s;;;;;;19.30.06;2;1;6;1;3018;;16;14;2;6;7;4;5;18;13;16;8;4;
*$$&H#;s;;;;;;19.30.06;2;1;6;1;3018;;16;14;2;6;7;4;5;18;13;16;8;4;
*p25:18;;;;;;;19.30.11;2;1;6;1;3024;;16;14;2;6;7;4;5;18;13;16;8;4;
**2set;;;;;;;19.30.11;3;1;6;1;3022;;;;;;;;;;;;;;
*P16>LUp;;;;;;;19.30.11;3;1;6;1;3022;;16;14;2;3;11;4;5;18;13;7;8;4;
*z1>LUp;;;;;;;19.30.11;3;1;6;1;3022;;16;14;2;3;11;4;5;18;13;7;8;4;
aP04>LUp;;;;;;;19.30.11;3;1;6;1;3022;;16;14;2;3;11;4;5;18;13;7;8;4;
az6>LUp;;;;;;;19.30.11;3;1;6;1;3022;;16;14;2;3;11;4;5;18;13;7;8;4;
*16SM!~~~15;;;;;;;19.33.34;3;1;6;1;3227;;16;14;2;3;11;4;5;18;13;7;8;4;
a07RM!~~~15~O~~32;;;;;;;19.33.34;3;1;6;1;3227;;16;14;2;3;11;4;5;18;13;7;8;4;
a04ET+K1F;;;;;;;19.33.34;3;1;6;1;3227;;16;14;2;3;11;4;5;18;13;7;8;4;
a07AT-W4~41~H2;;r;;;;;19.33.40;3;1;6;1;3232;;16;14;2;3;11;4;5;18;13;7;8;4;
*16DT+~~~41~S;;;;;;;19.33.40;3;1;6;1;3232;;16;14;2;3;11;4;5;18;13;7;8;4;
*05EH+~~F~4;;;;;;;19.33.42;3;1;6;1;3234;;16;14;2;3;11;4;5;18;13;7;8;4;
*14AH#G4~45AH2X4;p;p;;;;;19.33.43;3;1;6;1;3236;;16;14;2;3;11;4;5;18;13;7;8;4;
a15DH=~~~45AS;p;;;;;;19.33.43;3;1;6;1;3236;;16;14;2;3;11;4;5;18;13;7;8;4;
*p01:00;;;;;;;19.33.47;3;1;6;1;3239;;16;14;2;3;11;4;5;18;13;7;8;4;
*16SQ-~~~16C;;;;;;;19.34.02;3;1;6;1;3255;;16;14;2;3;11;4;5;18;13;7;8;4;
a15RQ+~~~16C~~~32;;;;;;;19.34.02;3;1;6;1;3255;;16;14;2;3;11;4;5;18;13;7;8;4;
a04ET+K8F;;;;;;;19.34.02;3;1;6;1;3255;;16;14;2;3;11;4;5;18;13;7;8;4;
a07AT#W4~41~H2X;s;r;;;;;19.34.08;3;1;6;1;3259;;16;14;2;3;11;4;5;18;13;7;8;4;
*16DT=~~~41~S;s;;;;;;19.34.08;3;1;6;1;3259;;16;14;2;3;11;4;5;18;13;7;8;4;
ap01:01;;;;;;;19.34.12;3;1;6;1;3262;;16;14;2;3;11;4;5;18;13;7;8;4;
az5;;;;;;;19.34.12;3;1;5;1;3263;;16;14;2;3;11;4;18;13;7;8;4;5;
a18SM+~~~55;;;;;;;19.34.29;3;1;5;1;3281;;16;14;2;3;11;4;18;13;7;8;4;5;
*11RM-~~~55;;;;;;;19.34.29;3;1;5;1;3281;;16;14;2;3;11;4;18;13;7;8;4;5;
*14EH=~~~~4~~~Z;p;;;;;;19.34.32;3;1;5;1;3284;;16;14;2;3;11;4;18;13;7;8;4;5;
a$$&H#;p;;;;;;19.34.32;3;1;5;1;3284;;16;14;2;3;11;4;18;13;7;8;4;5;
ap01:02;;;;;;;19.34.36;3;1;5;1;3288;;16;14;2;3;11;4;18;13;7;8;4;5;
a18SM-~~~58D;;;;;;;19.34.53;3;1;5;1;3306;;16;14;2;3;11;4;18;13;7;8;4;5;
*11RM+~~~58D~~~41;;;;;;;19.34.53;3;1;5;1;3307;;16;14;2;3;11;4;18;13;7;8;4;5;
*16EQ+KFC;;;;;;;19.34.53;3;1;5;1;3308;;16;14;2;3;11;4;18;13;7;8;4;5;
*02AQ-J1~39~T1;;r;;;;;19.34.58;3;1;5;1;3310;;16;14;2;3;11;4;18;13;7;8;4;5;
a04DQ+~~~39~E;;;;;;;19.34.58;3;1;5;1;3312;;16;14;2;3;11;4;18;13;7;8;4;5;
a08EH+~~B~2;;;;;;;19.35.02;3;1;5;1;3312;;16;14;2;3;11;4;18;13;7;8;4;5;
a13AH-G2~24~H2C;;p;;;;;19.35.02;3;1;5;1;3314;;16;14;2;3;11;4;18;13;7;8;4;5;
*02BH+~~~~4~A2;;;;;;;19.35.02;3;1;5;1;3314;;16;14;2;3;11;4;18;13;7;8;4;5;
*03AT+W4~42~H2C2;;s;;;;;19.35.04;3;1;5;1;3318;;16;14;2;3;11;4;18;13;7;8;4;5;
a08BT-~~~~2~A2;;;;;;;19.35.04;3;1;5;1;3318;;16;14;2;3;11;4;18;13;7;8;4;5;
*14DH+~~~4~~C;;;;;;;19.35.07;3;1;5;1;3319;;16;14;2;3;11;4;18;13;7;8;4;5;
*03AT#W4~47~H1X1;s;s;;;;;19.35.08;3;1;5;1;3321;;16;14;2;3;11;4;18;13;7;8;4;5;
a18DT=~~~47~S;s;;;;;;19.35.08;3;1;5;1;3321;;16;14;2;3;11;4;18;13;7;8;4;5;
*p02:02;;;;;;;19.35.13;3;1;5;1;3324;;16;14;2;3;11;4;18;13;7;8;4;5;
*z6;;;;;;;19.35.13;3;6;5;1;3324;;14;2;3;11;4;16;18;13;7;8;4;5;
*14SQ#~~~65;p;;;;;;19.35.31;3;6;5;1;3343;;14;2;3;11;4;16;18;13;7;8;4;5;
a07RQ=~~~65~L;p;;;;;;19.35.31;3;6;5;1;3343;;14;2;3;11;4;16;18;13;7;8;4;5;
*p03:02;;;;;;;19.35.38;3;6;5;1;3348;;14;2;3;11;4;16;18;13;7;8;4;5;
*14SQ!~~~66;;;;;;;19.35.55;3;6;5;1;3367;;14;2;3;11;4;16;18;13;7;8;4;5;
a05RQ!~~~66~~~~42;;;;;;;19.35.55;3;6;5;1;3367;;14;2;3;11;4;16;18;13;7;8;4;5;
a04ET+K7B;;;;;;;19.35.55;3;6;5;1;3367;;14;2;3;11;4;16;18;13;7;8;4;5;
a13AT+W2~29~H2;;r;;;;;19.36.00;3;6;5;1;3372;;14;2;3;11;4;16;18;13;7;8;4;5;
*16DT/~~~29~S;;;;;;;19.36.00;3;6;5;1;3373;;14;2;3;11;4;16;18;13;7;8;4;5;
a15FH#;;;;;;;19.36.00;3;6;5;1;3375;;14;2;3;11;4;16;18;13;7;8;4;5;
a08AQ#J2~39BH2X;s;s;;;;;19.36.05;3;6;5;1;3377;;14;2;3;11;4;16;18;13;7;8;4;5;
*16DQ=~~~39BS;s;;;;;;19.36.05;3;6;5;1;3377;;14;2;3;11;4;16;18;13;7;8;4;5;
ap03:03;;;;;;;19.36.15;3;6;5;1;3380;;14;2;3;11;4;16;18;13;7;8;4;5;
az4;;;;;;;19.36.15;3;6;4;1;3386;;14;2;3;11;4;16;13;7;8;4;5;18;
a13SQ-~~~11;;;;;;;19.36.26;3;6;4;1;3398;;14;2;3;11;4;16;13;7;8;4;5;18;
*14RQ+~~~11~~~~32;;;;;;;19.36.26;3;6;4;1;3398;;14;2;3;11;4;16;13;7;8;4;5;18;
*16ET+K1F;;;;;;;19.36.26;3;6;4;1;3399;;14;2;3;11;4;16;13;7;8;4;5;18;
*11AT#W4~46CH4X;s;r;;;;;19.36.30;3;6;4;1;3402;;14;2;3;11;4;16;13;7;8;4;5;18;
a05DT=~~~46CS;s;;;;;;19.36.30;3;6;4;1;3402;;14;2;3;11;4;16;13;7;8;4;5;18;
*p04:03;;;;;;;19.36.35;3;6;4;1;3406;;14;2;3;11;4;16;13;7;8;4;5;18;
*z5;;;;;;;19.36.39;3;5;4;1;3410;;2;3;11;4;16;14;13;7;8;4;5;18;
*02SM-~~~56;;;;;;;19.36.50;3;5;4;1;3422;;2;3;11;4;16;14;13;7;8;4;5;18;
a05RM#~~~56;;;;;;;19.36.50;3;5;4;1;3422;;2;3;11;4;16;14;13;7;8;4;5;18;
a04ET+K2F;;;;;;;19.36.50;3;5;4;1;3422;;2;3;11;4;16;14;13;7;8;4;5;18;
a07AT+W4~42~H2C;;r;;;;;19.36.54;3;5;4;1;3426;;2;3;11;4;16;14;13;7;8;4;5;18;
*03BT-~~~~2~A2;;;;;;;19.36.54;3;5;4;1;3427;;2;3;11;4;16;14;13;7;8;4;5;18;
a15EH+~~F~4;;;;;;;19.36.57;3;5;4;1;3429;;2;3;11;4;16;14;13;7;8;4;5;18;
a07AH/G4~42~P2A4;p;s;;;;;19.36.59;3;5;4;1;3431;;2;3;11;4;16;14;13;7;8;4;5;18;
*04BH#~~~~2~A2A;p;;;;;;19.36.59;3;5;4;1;3431;;2;3;11;4;16;14;13;7;8;4;5;18;
*p05:03;;;;;;;19.37.02;3;5;4;1;3434;;2;3;11;4;16;14;13;7;8;4;5;18;
*02SM-~~~59;;;;;;;19.37.17;3;5;4;1;3449;;2;3;11;4;16;14;13;7;8;4;5;18;
a15RM#~~~59;;;;;;;19.37.17;3;5;4;1;3449;;2;3;11;4;16;14;13;7;8;4;5;18;
a04EQ+K2C;;;;;;;19.37.17;3;5;4;1;3449;;2;3;11;4;16;14;13;7;8;4;5;18;
a08AQ#J2~32~T2X;s;r;;;;;19.37.21;3;5;4;1;3453;;2;3;11;4;16;14;13;7;8;4;5;18;
*16DQ=~~~32~E~E;s;;;;;;19.37.21;3;5;4;1;3453;;2;3;11;4;16;14;13;7;8;4;5;18;
ap05:04;;;;;;;19.37.27;3;5;4;1;3456;;2;3;11;4;16;14;13;7;8;4;5;18;
az3;;;;;;;19.37.27;3;5;3;1;3458;;2;3;11;4;16;14;7;8;4;5;18;13;
a07SQ#~~~11;p;;;;;;19.37.48;3;5;3;1;3474;;2;3;11;4;16;14;7;8;4;5;18;13;
*05RQ=~~~11~O;p;;;;;;19.37.48;3;5;3;1;3474;;2;3;11;4;16;14;7;8;4;5;18;13;
ap05:05;;;;;;;19.37.54;3;5;3;1;3480;;2;3;11;4;16;14;7;8;4;5;18;13;
a07SQ-~~~16;;;;;;;19.38.05;3;5;3;1;3496;;2;3;11;4;16;14;7;8;4;5;18;13;
*14RQ+~~~16~~~~31;;;;;;;19.38.05;3;5;3;1;3496;;2;3;11;4;16;14;7;8;4;5;18;13;
*16ET+K8F;;;;;;;19.38.05;3;5;3;1;3496;;2;3;11;4;16;14;7;8;4;5;18;13;
*11AT+W4~47~H1;;r;;;;;19.38.09;3;5;3;1;3501;;2;3;11;4;16;14;7;8;4;5;18;13;
a15DT/~~~47~S;;;;;;;19.38.09;3;5;3;1;3501;;2;3;11;4;16;14;7;8;4;5;18;13;
*05FH#;;;;;;;19.38.12;3;5;3;1;3504;;2;3;11;4;16;14;7;8;4;5;18;13;
*04AQ#J1~35~H1X1;s;s;;;;;19.38.13;3;5;3;1;3505;;2;3;11;4;16;14;7;8;4;5;18;13;
a15DQ=~~~35~S;s;;;;;;19.38.13;3;5;3;1;3506;;2;3;11;4;16;14;7;8;4;5;18;13;
*p06:05;;;;;;;19.38.17;3;5;3;1;3508;;2;3;11;4;16;14;7;8;4;5;18;13;
*z4;;;;;;;19.38.17;3;4;3;1;3508;;3;11;4;16;14;2;7;8;4;5;18;13;
*03SQ-~~~16;;;;;;;19.38.32;3;4;3;1;3525;;3;11;4;16;14;2;7;8;4;5;18;13;
a15RQ+~~~16~~~~22;;;;;;;19.38.32;3;4;3;1;3525;;3;11;4;16;14;2;7;8;4;5;18;13;
a04ET+K1B;;;;;;;19.38.32;3;4;3;1;3525;;3;11;4;16;14;2;7;8;4;5;18;13;
a13AT=Y9~9~~H1S;p;r;;;;;19.38.38;3;4;3;1;3530;;3;11;4;16;14;2;7;8;4;5;18;13;
*$$&H#;p;;;;;;19.38.38;3;4;3;1;3530;;3;11;4;16;14;2;7;8;4;5;18;13;
*p07:05;;;;;;;19.38.45;3;4;3;1;3533;;3;11;4;16;14;2;7;8;4;5;18;13;
*03SQ-~~~15;;;;;;;19.38.56;3;4;3;1;3548;;3;11;4;16;14;2;7;8;4;5;18;13;
a05RQ+~~~15~~~~32;;;;;;;19.38.56;3;4;3;1;3548;;3;11;4;16;14;2;7;8;4;5;18;13;
a04ET+K2F;;;;;;;19.38.56;3;4;3;1;3548;;3;11;4;16;14;2;7;8;4;5;18;13;
a05AT#W4~45~H2X;s;r;;;;;19.39.01;3;4;3;1;3553;;3;11;4;16;14;2;7;8;4;5;18;13;
*05DT=~~~45~S;s;;;;;;19.39.01;3;4;3;1;3553;;3;11;4;16;14;2;7;8;4;5;18;13;
ap07:06;;;;;;;19.39.04;3;4;3;1;3555;;3;11;4;16;14;2;7;8;4;5;18;13;
az2;;;;;;;19.39.04;3;4;2;1;3555;;3;11;4;16;14;2;8;4;5;18;13;7;
a08SQ-~~~16;;;;;;;19.39.29;3;4;2;1;3574;;3;11;4;16;14;2;8;4;5;18;13;7;
*14RQ#~~~16;;;;;;;19.39.29;3;4;2;1;3574;;3;11;4;16;14;2;8;4;5;18;13;7;
*16EQ+K2C;;;;;;;19.39.29;3;4;2;1;3575;;3;11;4;16;14;2;8;4;5;18;13;7;
*04AQ#J2~39~H1X;s;r;;;;;19.39.33;3;4;2;1;3578;;3;11;4;16;14;2;8;4;5;18;13;7;
a13DQ=~~~39~S;s;;;;;;19.39.33;3;4;2;1;3578;;3;11;4;16;14;2;8;4;5;18;13;7;
*p08:06;;;;;;;19.39.39;3;4;2;1;3581;;3;11;4;16;14;2;8;4;5;18;13;7;
*z3;;;;;;;19.39.39;3;3;2;1;3590;;11;4;16;14;2;3;8;4;5;18;13;7;
*11SQ#~~~56C;p;;;;;;19.39.52;3;3;2;1;3604;;11;4;16;14;2;3;8;4;5;18;13;7;
a07RQ=~~~56CM;p;;;;;;19.39.52;3;3;2;1;3604;;11;4;16;14;2;3;8;4;5;18;13;7;
*p09:06;;;;;;;19.39.58;3;3;2;1;3609;;11;4;16;14;2;3;8;4;5;18;13;7;
aT;;;;;;;19.39.58;3;3;2;1;3609;;11;4;16;14;2;3;8;4;5;18;13;7;
*11SQ=~~~5~~~~N;s;;;;;;19.41.20;3;3;2;1;3693;;11;4;16;14;2;3;8;4;5;18;13;7;
a$$&H#;s;;;;;;19.41.20;3;3;2;1;3693;;11;4;16;14;2;3;8;4;5;18;13;7;
ap09:07;;;;;;;19.41.25;3;3;2;1;3698;;11;4;16;14;2;3;8;4;5;18;13;7;
az1;;;;;;;19.41.25;3;3;1;1;3696;;11;4;16;14;2;3;4;5;18;13;7;8;
a04SQ!~~~16;;;;;;;19.41.39;3;3;1;1;3711;;11;4;16;14;2;3;4;5;18;13;7;8;
*05RQ!~~~16~~~~32;;;;;;;19.41.39;3;3;1;1;3711;;11;4;16;14;2;3;4;5;18;13;7;8;
*16ET+K8B;;;;;;;19.41.39;3;3;1;1;3711;;11;4;16;14;2;3;4;5;18;13;7;8;
*03AT+Y9~95~H2;;r;;;;;19.41.44;3;3;1;1;3715;;11;4;16;14;2;3;4;5;18;13;7;8;
a15DT/~~~95~S;;;;;;;19.41.44;3;3;1;1;3715;;11;4;16;14;2;3;4;5;18;13;7;8;
*14AT#W4~45~H0X2;s;s;;;;;19.41.48;3;3;1;1;3720;;11;4;16;14;2;3;4;5;18;13;7;8;
a15DT=~~~45~S;s;;;;;;19.41.48;3;3;1;1;3720;;11;4;16;14;2;3;4;5;18;13;7;8;
*p10:07;;;;;;;19.41.53;3;3;1;1;3722;;11;4;16;14;2;3;4;5;18;13;7;8;
*z2;;;;;;;19.41.53;3;2;1;1;3724;;4;16;14;2;3;11;4;5;18;13;7;8;
*04SM!~~~55;;;;;;;19.42.10;3;2;1;1;3743;;4;16;14;2;3;11;4;5;18;13;7;8;
a07RM!~~~55~~~~42;;;;;;;19.42.10;3;2;1;1;3743;;4;16;14;2;3;11;4;5;18;13;7;8;
a04EO+K8S;;;;;;;19.42.10;3;2;1;1;3743;;4;16;14;2;3;11;4;5;18;13;7;8;
a04AO#JJ~3~~T0X;s;r;;;;;19.42.17;3;2;1;1;3745;;4;16;14;2;3;11;4;5;18;13;7;8;
*$$&H=;s;;;;;;19.42.17;3;2;1;1;3745;;4;16;14;2;3;11;4;5;18;13;7;8;
ap10:08;;;;;;;19.42.26;3;2;1;1;3750;;4;16;14;2;3;11;4;5;18;13;7;8;
az6;;;;;;;19.42.26;3;2;6;1;3757;;4;16;14;2;3;11;5;18;13;7;8;4;
a05SQ=~~~66~~~O;s;;;;;;19.42.32;3;2;6;1;3765;;4;16;14;2;3;11;5;18;13;7;8;4;
*$$&H#;s;;;;;;19.42.32;3;2;6;1;3765;;4;16;14;2;3;11;5;18;13;7;8;4;
*p11:08;;;;;;;19.42.36;3;2;6;1;3769;;4;16;14;2;3;11;5;18;13;7;8;4;
*z1;;;;;;;19.42.36;3;1;6;1;3767;;16;14;2;3;11;4;5;18;13;7;8;4;
*16SQ!~~~16;;;;;;;19.42.52;3;1;6;1;3784;;16;14;2;3;11;4;5;18;13;7;8;4;
a15RQ!~~~16~~~~32;;;;;;;19.42.52;3;1;6;1;3784;;16;14;2;3;11;4;5;18;13;7;8;4;
a04ET+K1F;;;;;;;19.42.52;3;1;6;1;3784;;16;14;2;3;11;4;5;18;13;7;8;4;
a07AT-W4~45~H2;;r;;;;;19.42.57;3;1;6;1;3787;;16;14;2;3;11;4;5;18;13;7;8;4;
*11DT+~~~45~S;;;;;;;19.42.57;3;1;6;1;3787;;16;14;2;3;11;4;5;18;13;7;8;4;
*14AT+W4~47~H4~2;;p;;;;;19.42.59;3;1;6;1;3792;;16;14;2;3;11;4;5;18;13;7;8;4;
a15DT/~~~47~S;;;;;;;19.42.59;3;1;6;1;3792;;16;14;2;3;11;4;5;18;13;7;8;4;
*05FH#;;;;;;;19.43.03;3;1;6;1;3796;;16;14;2;3;11;4;5;18;13;7;8;4;
*14AT/W4~42~H4A1;s;p;;;;;19.43.05;3;1;6;1;3798;;16;14;2;3;11;4;5;18;13;7;8;4;
a13BT#~~~~2~A4A;s;;;;;;19.43.05;3;1;6;1;3798;;16;14;2;3;11;4;5;18;13;7;8;4;
ap11:09;;;;;;;19.43.09;3;1;6;1;3800;;16;14;2;3;11;4;5;18;13;7;8;4;
az5;;;;;;;19.43.09;3;1;5;1;3800;;16;14;2;3;11;4;18;13;7;8;4;5;
a18SM!~~~55;;;;;;;19.43.33;3;1;5;1;3824;;16;14;2;3;11;4;18;13;7;8;4;5;
*05RM!~~~55~~~~32;;;;;;;19.43.33;3;1;5;1;3824;;16;14;2;3;11;4;18;13;7;8;4;5;
*16ET+K8F;;;;;;;19.43.33;3;1;5;1;3824;;16;14;2;3;11;4;18;13;7;8;4;5;
*03AT#W4~45~H2O;s;r;;;;;19.43.43;3;1;5;1;3829;;16;14;2;3;11;4;18;13;7;8;4;5;
a13BT=~~~~2~A2O;s;;;;;;19.43.43;3;1;5;1;3830;;16;14;2;3;11;4;18;13;7;8;4;5;
*p12:09;;;;;;;19.43.48;3;1;5;1;3832;;16;14;2;3;11;4;18;13;7;8;4;5;
*z6;;;;;;;19.43.48;3;6;5;1;3839;;14;2;3;11;4;16;18;13;7;8;4;5;
*14SQ!~~~56;;;;;;;19.43.59;3;6;5;1;3851;;14;2;3;11;4;16;18;13;7;8;4;5;
a05RQ!~~~56~~~~41;;;;;;;19.43.59;3;6;5;1;3851;;14;2;3;11;4;16;18;13;7;8;4;5;
a04ET+KFF;;;;;;;19.43.59;3;6;5;1;3851;;14;2;3;11;4;16;18;13;7;8;4;5;
a07AT-W4~45~H2;;r;;;;;19.44.06;3;6;5;1;3856;;14;2;3;11;4;16;18;13;7;8;4;5;
*05DT+~~~45~S;;;;;;;19.44.06;3;6;5;1;3856;;14;2;3;11;4;16;18;13;7;8;4;5;
*11AH#G4~46BH1X4;p;p;;;;;19.44.08;3;6;5;1;3859;;14;2;3;11;4;16;18;13;7;8;4;5;
a05DH=~~~46BS;p;;;;;;19.44.08;3;6;5;1;3859;;14;2;3;11;4;16;18;13;7;8;4;5;
*p13:09;;;;;;;19.44.13;3;6;5;1;3862;;14;2;3;11;4;16;18;13;7;8;4;5;
*14SQ=~~~55~~~O;s;;;;;;19.44.29;3;6;5;1;3881;;14;2;3;11;4;16;18;13;7;8;4;5;
a$$&H#;s;;;;;;19.44.29;3;6;5;1;3881;;14;2;3;11;4;16;18;13;7;8;4;5;
ap13:10;;;;;;;19.44.33;3;6;5;1;3885;;14;2;3;11;4;16;18;13;7;8;4;5;
az4;;;;;;;19.44.33;3;6;4;1;3884;;14;2;3;11;4;16;13;7;8;4;5;18;
a13SQ-~~~11;;;;;;;19.44.49;3;6;4;1;3902;;14;2;3;11;4;16;13;7;8;4;5;18;
*14RQ+~~~11~~~~22;;;;;;;19.44.49;3;6;4;1;3902;;14;2;3;11;4;16;13;7;8;4;5;18;
*16ET+K1B;;;;;;;19.44.49;3;6;4;1;3902;;14;2;3;11;4;16;13;7;8;4;5;18;
*03AT+W2~26~H2;;r;;;;;19.44.54;3;6;4;1;3907;;14;2;3;11;4;16;13;7;8;4;5;18;
a05DT/~~~26~B;;;;;;;19.44.54;3;6;4;1;3907;;14;2;3;11;4;16;13;7;8;4;5;18;
a13AH/G9~94~H2A;s;p;;;;;19.44.58;3;6;4;1;3910;;14;2;3;11;4;16;13;7;8;4;5;18;
*02BH#~~~~4~A2A;s;;;;;;19.44.58;3;6;4;1;3911;;14;2;3;11;4;16;13;7;8;4;5;18;
*p14:10;;;;;;;19.45.03;3;6;4;1;3914;;14;2;3;11;4;16;13;7;8;4;5;18;
*z5;;;;;;;19.45.03;3;5;4;1;3914;;2;3;11;4;16;14;13;7;8;4;5;18;
*02SM-~~~56;;;;;;;19.45.22;3;5;4;1;3955;;2;3;11;4;16;14;13;7;8;4;5;18;
a05RM+~~~56~~~~21;;;;;;;19.45.22;3;5;4;1;3955;;2;3;11;4;16;14;13;7;8;4;5;18;
a04EO+K1S;;;;;;;19.45.22;3;5;4;1;3956;;2;3;11;4;16;14;13;7;8;4;5;18;
a04AO+JJ~31~T1C;;r;;;;;19.45.48;3;5;4;1;3957;;2;3;11;4;16;14;13;7;8;4;5;18;
*11BO!~~~~3~A1;;;;;;;19.45.48;3;5;4;1;3959;;2;3;11;4;16;14;13;7;8;4;5;18;
a08AQ-J2~37~H1;;s;;;;;19.45.54;3;5;4;1;3961;;2;3;11;4;16;14;13;7;8;4;5;18;
*02DQ+~~~37~S;;;;;;;19.45.54;3;5;4;1;3962;;2;3;11;4;16;14;13;7;8;4;5;18;
*11AH#G4~41~H2X3;p;p;;;;;19.45.58;3;5;4;1;3965;;2;3;11;4;16;14;13;7;8;4;5;18;
a$$&H=;p;;;;;;19.45.58;3;5;4;1;3965;;2;3;11;4;16;14;13;7;8;4;5;18;
*p15:10;;;;;;;19.46.01;3;5;4;1;3967;;2;3;11;4;16;14;13;7;8;4;5;18;
*02SM-~~~56;;;;;;;19.46.13;3;5;4;1;3986;;2;3;11;4;16;14;13;7;8;4;5;18;
a15RM#~~~56;;;;;;;19.46.13;3;5;4;1;3986;;2;3;11;4;16;14;13;7;8;4;5;18;
a04EQ+K1C;;;;;;;19.46.13;3;5;4;1;3986;;2;3;11;4;16;14;13;7;8;4;5;18;
a08AQ=J4~39~H1S;p;r;;;;;19.46.20;3;5;4;1;3989;;2;3;11;4;16;14;13;7;8;4;5;18;
*$$&H#;p;;;;;;19.46.20;3;5;4;1;3989;;2;3;11;4;16;14;13;7;8;4;5;18;
*p16:10;;;;;;;19.46.25;3;5;4;1;3992;;2;3;11;4;16;14;13;7;8;4;5;18;
aT;;;;;;;19.46.25;3;5;4;1;3996;;2;3;11;4;16;14;13;7;8;4;5;18;
*02SM-~~~51;;;;;;;19.47.27;3;5;4;1;4059;;2;3;11;4;16;14;13;7;8;4;5;18;
a15RM#~~~51;;;;;;;19.47.27;3;5;4;1;4059;;2;3;11;4;16;14;13;7;8;4;5;18;
a04EQ+K1C;;;;;;;19.47.27;3;5;4;1;4059;;2;3;11;4;16;14;13;7;8;4;5;18;
a08AQ#J4~33~H1S;s;r;;;;;19.47.31;3;5;4;1;4063;;2;3;11;4;16;14;13;7;8;4;5;18;
*04BQ=~~~~3~T1S;s;;;;;;19.47.31;3;5;4;1;4063;;2;3;11;4;16;14;13;7;8;4;5;18;
ap16:11;;;;;;;19.47.35;3;5;4;1;4066;;2;3;11;4;16;14;13;7;8;4;5;18;
az3;;;;;;;19.47.35;3;5;3;1;4066;;2;3;11;4;16;14;7;8;4;5;18;13;
a07SQ!~~~19;;;;;;;19.47.51;3;5;3;1;4083;;2;3;11;4;16;14;7;8;4;5;18;13;
*05RQ!~~~19~~~~22;;;;;;;19.47.51;3;5;3;1;4083;;2;3;11;4;16;14;7;8;4;5;18;13;
*16ET+K9F;;;;;;;19.47.51;3;5;3;1;4083;;2;3;11;4;16;14;7;8;4;5;18;13;
*11AT#W4~46~H4X;s;r;;;;;19.47.56;3;5;3;1;4088;;2;3;11;4;16;14;7;8;4;5;18;13;
a07DT=~~~46~S;s;;;;;;19.47.56;3;5;3;1;4088;;2;3;11;4;16;14;7;8;4;5;18;13;
*p17:11;;;;;;;19.48.00;3;5;3;1;4091;;2;3;11;4;16;14;7;8;4;5;18;13;
*z4;;;;;;;19.48.00;3;4;3;1;4091;;3;11;4;16;14;2;7;8;4;5;18;13;
*c16:09;;;;;;;19.48.00;3;4;3;1;4091;;3;11;4;9;14;2;7;8;4;5;18;13;
*P9;;;;;;;19.48.00;3;4;3;1;4091;;3;11;4;9;14;2;7;8;4;5;18;13;
*z4;;;;;;;19.48.00;3;4;3;1;4091;;3;11;4;9;14;2;7;8;4;5;18;13;
*03SQ-~~~11;;;;;;;19.48.25;3;4;3;1;4117;;3;11;4;9;14;2;7;8;4;5;18;13;
a07RQ#~~~11;;;;;;;19.48.25;3;4;3;1;4117;;3;11;4;9;14;2;7;8;4;5;18;13;
a04ET+K1F;;;;;;;19.48.25;3;4;3;1;4117;;3;11;4;9;14;2;7;8;4;5;18;13;
a05AT-W4~42~H2C;;r;;;;;19.48.30;3;4;3;1;4122;;3;11;4;9;14;2;7;8;4;5;18;13;
*09BT+~~~~2~A2;;;;;;;19.48.30;3;4;3;1;4122;;3;11;4;9;14;2;7;8;4;5;18;13;
*05FH#;;;;;;;19.48.33;3;4;3;1;4126;;3;11;4;9;14;2;7;8;4;5;18;13;
*04AQ-J1~33~H2C1;;p;;;;;19.48.35;3;4;3;1;4128;;3;11;4;9;14;2;7;8;4;5;18;13;
a05BQ+~~~~3~T2;;;;;;;19.48.35;3;4;3;1;4128;;3;11;4;9;14;2;7;8;4;5;18;13;
a15DQ+~~~37~B;;;;;;;19.48.39;3;4;3;1;4130;;3;11;4;9;14;2;7;8;4;5;18;13;
a05AT#W4~42~H2A;s;s;;;;;19.48.45;3;4;3;1;4132;;3;11;4;9;14;2;7;8;4;5;18;13;
*09BT=~~~~2~A2S;s;;;;;;19.48.45;3;4;3;1;4132;;3;11;4;9;14;2;7;8;4;5;18;13;
ap17:12;;;;;;;19.48.48;3;4;3;1;4135;;3;11;4;9;14;2;7;8;4;5;18;13;
az2;;;;;;;19.48.49;3;4;2;1;4140;;3;11;4;9;14;2;8;4;5;18;13;7;
a08SQ!~~~17;;;;;;;19.49.36;3;4;2;1;4188;;3;11;4;9;14;2;8;4;5;18;13;7;
*11RQ!~~~17~~~~22;;;;;;;19.49.36;3;4;2;1;4188;;3;11;4;9;14;2;8;4;5;18;13;7;
*09ET+K9B;;;;;;;19.49.36;3;4;2;1;4188;;3;11;4;9;14;2;8;4;5;18;13;7;
*03AT=Y9~95~H2O;p;r;;;;;19.49.42;3;4;2;1;4194;;3;11;4;9;14;2;8;4;5;18;13;7;
a$$&H#;p;;;;;;19.49.42;3;4;2;1;4194;;3;11;4;9;14;2;8;4;5;18;13;7;
ap17:13;;;;;;;19.49.47;3;4;2;1;4197;;3;11;4;9;14;2;8;4;5;18;13;7;
a08SQ!~~~16;;;;;;;19.50.03;3;4;2;1;4215;;3;11;4;9;14;2;8;4;5;18;13;7;
*14RQ!~~~16~~~~22;;;;;;;19.50.03;3;4;2;1;4215;;3;11;4;9;14;2;8;4;5;18;13;7;
*09ET+K1F;;;;;;;19.50.03;3;4;2;1;4215;;3;11;4;9;14;2;8;4;5;18;13;7;
*11AT=W4~47DH2S;p;r;;;;;19.50.09;3;4;2;1;4221;;3;11;4;9;14;2;8;4;5;18;13;7;
a$$&H#;p;;;;;;19.50.09;3;4;2;1;4221;;3;11;4;9;14;2;8;4;5;18;13;7;
ap17:14;;;;;;;19.50.14;3;4;2;1;4224;;3;11;4;9;14;2;8;4;5;18;13;7;
a08SQ!~~~15;;;;;;;19.50.28;3;4;2;1;4240;;3;11;4;9;14;2;8;4;5;18;13;7;
*11RQ!~~~15~~~~32;;;;;;;19.50.28;3;4;2;1;4240;;3;11;4;9;14;2;8;4;5;18;13;7;
*09EH=~~~~~~~~U;p;;;;;;19.50.34;3;4;2;1;4244;;3;11;4;9;14;2;8;4;5;18;13;7;
a$$&H#;p;;;;;;19.50.34;3;4;2;1;4244;;3;11;4;9;14;2;8;4;5;18;13;7;
ap17:15;;;;;;;19.50.38;3;4;2;1;4248;;3;11;4;9;14;2;8;4;5;18;13;7;
a08SQ-~~~19;;;;;;;19.51.03;3;4;2;1;4275;;3;11;4;9;14;2;8;4;5;18;13;7;
*05RQ+~~~19~~~~31;;;;;;;19.51.03;3;4;2;1;4275;;3;11;4;9;14;2;8;4;5;18;13;7;
*09ET+K1F;;;;;;;19.51.03;3;4;2;1;4275;;3;11;4;9;14;2;8;4;5;18;13;7;
*11AT#W4~48CH1X;s;r;;;;;19.51.08;3;4;2;1;4280;;3;11;4;9;14;2;8;4;5;18;13;7;
a07DT=~~~48CS;s;;;;;;19.51.08;3;4;2;1;4280;;3;11;4;9;14;2;8;4;5;18;13;7;
*p18:15;;;;;;;19.51.13;3;4;2;1;4283;;3;11;4;9;14;2;8;4;5;18;13;7;
*z3;;;;;;;19.51.13;3;3;2;1;4284;;11;4;9;14;2;3;8;4;5;18;13;7;
*11SQ-~~~56;;;;;;;19.51.34;3;3;2;1;4306;;11;4;9;14;2;3;8;4;5;18;13;7;
a07RQ#~~~56;;;;;;;19.51.34;3;3;2;1;4306;;11;4;9;14;2;3;8;4;5;18;13;7;
a04ET+K2P;;;;;;;19.51.34;3;3;2;1;4306;;11;4;9;14;2;3;8;4;5;18;13;7;
a07AT#Y8~83~H3F;s;r;;;;;19.51.39;3;3;2;1;4311;;11;4;9;14;2;3;8;4;5;18;13;7;
*04BT=~~~~3~A3F;s;;;;;;19.51.39;3;3;2;1;4311;;11;4;9;14;2;3;8;4;5;18;13;7;
ap18:16;;;;;;;19.51.43;3;3;2;1;4314;;11;4;9;14;2;3;8;4;5;18;13;7;
az1;;;;;;;19.51.43;3;3;1;1;4314;;11;4;9;14;2;3;4;5;18;13;7;8;
*c11:22;;;;;;;19.51.43;3;3;1;1;4314;;22;4;9;14;2;3;4;5;18;13;7;8;
a04SQ+~~~11;;;;;;;19.52.00;3;3;1;1;4332;;22;4;9;14;2;3;4;5;18;13;7;8;
*22RQ-~~~11;;;;;;;19.52.00;3;3;1;1;4332;;22;4;9;14;2;3;4;5;18;13;7;8;
*14AT=W4~45AH2O;p;r;;;;;19.52.05;3;3;1;1;4338;;22;4;9;14;2;3;4;5;18;13;7;8;
a$$&H#;p;;;;;;19.52.05;3;3;1;1;4338;;22;4;9;14;2;3;4;5;18;13;7;8;
ap18:17;;;;;;;19.52.10;3;3;1;1;4343;;22;4;9;14;2;3;4;5;18;13;7;8;
a04SQ!~~~11;;;;;;;19.52.24;3;3;1;1;4357;;22;4;9;14;2;3;4;5;18;13;7;8;
*22RQ!~~~11~~~~22;;;;;;;19.52.24;3;3;1;1;4357;;22;4;9;14;2;3;4;5;18;13;7;8;
*09ET+K9F;;;;;;;19.52.24;3;3;1;1;4357;;22;4;9;14;2;3;4;5;18;13;7;8;
*14AT+W4~42~T2C;;r;;;;;19.52.30;3;3;1;1;4362;;22;4;9;14;2;3;4;5;18;13;7;8;
a18BT-~~~~2~A2;;;;;;;19.52.30;3;3;1;1;4362;;22;4;9;14;2;3;4;5;18;13;7;8;
a13AT#W2~24~H2S;p;p;;;;;19.52.34;3;3;1;1;4366;;22;4;9;14;2;3;4;5;18;13;7;8;
*14BT=~~~~4~A2S;p;;;;;;19.52.34;3;3;1;1;4366;;22;4;9;14;2;3;4;5;18;13;7;8;
ap18:18;;;;;;;19.52.38;3;3;1;1;4371;;22;4;9;14;2;3;4;5;18;13;7;8;
a04SQ-~~~16;;;;;;;19.52.57;3;3;1;1;4389;;22;4;9;14;2;3;4;5;18;13;7;8;
*05RQ#~~~16;;;;;;;19.52.57;3;3;1;1;4389;;22;4;9;14;2;3;4;5;18;13;7;8;
*09EQ+K1C;;;;;;;19.52.57;3;3;1;1;4389;;22;4;9;14;2;3;4;5;18;13;7;8;
*04AQ#J1~36AH4X;s;r;;;;;19.53.00;3;3;1;1;4393;;22;4;9;14;2;3;4;5;18;13;7;8;
a07DQ=~~~36AS;s;;;;;;19.53.00;3;3;1;1;4393;;22;4;9;14;2;3;4;5;18;13;7;8;
*p19:18;;;;;;;19.53.05;3;3;1;1;4398;;22;4;9;14;2;3;4;5;18;13;7;8;
*z2;;;;;;;19.53.05;3;2;1;1;4396;;4;9;14;2;3;22;4;5;18;13;7;8;
*04SM!~~~56;;;;;;;19.53.19;3;2;1;1;4411;;4;9;14;2;3;22;4;5;18;13;7;8;
a07RM!~~~56~O~~32;;;;;;;19.53.19;3;2;1;1;4411;;4;9;14;2;3;22;4;5;18;13;7;8;
a04ET+K8F;;;;;;;19.53.19;3;2;1;1;4411;;4;9;14;2;3;22;4;5;18;13;7;8;
a13AT+W4~42~H2C;;r;;;;;19.53.25;3;2;1;1;4415;;4;9;14;2;3;22;4;5;18;13;7;8;
*09BT-~~~~2~~2;;;;;;;19.53.25;3;2;1;1;4415;;4;9;14;2;3;22;4;5;18;13;7;8;
a13AT#W4~42~H2S;s;s;;;;;19.53.28;3;2;1;1;4419;;4;9;14;2;3;22;4;5;18;13;7;8;
*09BT=~~~~2~A2S;s;;;;;;19.53.28;3;2;1;1;4420;;4;9;14;2;3;22;4;5;18;13;7;8;
ap19:19;;;;;;;19.53.33;3;2;1;1;4422;;4;9;14;2;3;22;4;5;18;13;7;8;
az6;;;;;;;19.53.33;3;2;6;1;4424;;4;9;14;2;3;22;5;18;13;7;8;4;
a05SQ+~~~55;;;;;;;19.53.48;3;2;6;1;4440;;4;9;14;2;3;22;5;18;13;7;8;4;
*14RQ-~~~55;;;;;;;19.53.48;3;2;6;1;4440;;4;9;14;2;3;22;5;18;13;7;8;4;
*09ET+K1F;;;;;;;19.53.48;3;2;6;1;4440;;4;9;14;2;3;22;5;18;13;7;8;4;
*14AT+W4~45DH2C;;r;;;;;19.53.54;3;2;6;1;4444;;4;9;14;2;3;22;5;18;13;7;8;4;
a05DT-~~~45DS;;;;;;;19.53.54;3;2;6;1;4444;;4;9;14;2;3;22;5;18;13;7;8;4;
a07AH+G4~42~P2C;;p;;;;;19.53.57;3;2;6;1;4448;;4;9;14;2;3;22;5;18;13;7;8;4;
*02BH-~~~~2~A2;;;;;;;19.53.57;3;2;6;1;4448;;4;9;14;2;3;22;5;18;13;7;8;4;
a07AH-G4~44~P2;;p;;;;;19.54.00;3;2;6;1;4452;;4;9;14;2;3;22;5;18;13;7;8;4;
*14DH+~~~44~S;;;;;;;19.54.00;3;2;6;1;4452;;4;9;14;2;3;22;5;18;13;7;8;4;
*22EH+~~B~2;;;;;;;19.54.04;3;2;6;1;4454;;4;9;14;2;3;22;5;18;13;7;8;4;
*09AH-G2~26~H0;;s;;;;;19.54.04;3;2;6;1;4455;;4;9;14;2;3;22;5;18;13;7;8;4;
a05DH+~~~26~S;;;;;;;19.54.04;3;2;6;1;4455;;4;9;14;2;3;22;5;18;13;7;8;4;
a05AT#Y8~85~H1X;p;p;;;;;19.54.08;3;2;6;1;4459;;4;9;14;2;3;22;5;18;13;7;8;4;
*22DT=~~~85~S;p;;;;;;19.54.08;3;2;6;1;4459;;4;9;14;2;3;22;5;18;13;7;8;4;
ap19:20;;;;;;;19.54.13;3;2;6;1;4462;;4;9;14;2;3;22;5;18;13;7;8;4;
*T;;;;;;;19.54.13;3;2;6;1;4464;;4;9;14;2;3;22;5;18;13;7;8;4;
*c09:16;;;;;;;19.54.13;3;2;6;1;4464;;4;16;14;2;3;22;5;18;13;7;8;4;
*P16;;;;;;;19.54.13;3;2;6;1;4464;;4;16;14;2;3;22;5;18;13;7;8;4;
*z2;;;;;;;19.54.13;3;2;6;1;4464;;4;16;14;2;3;22;5;18;13;7;8;4;
a05SQ-~~~56B;;;;;;;19.55.15;3;2;6;1;4527;;4;16;14;2;3;22;5;18;13;7;8;4;
*22RQ#~~~56B;;;;;;;19.55.15;3;2;6;1;4527;;4;16;14;2;3;22;5;18;13;7;8;4;
*16ET+K1F;;;;;;;19.55.15;3;2;6;1;4527;;4;16;14;2;3;22;5;18;13;7;8;4;
*14AT#W4~45DH1X;s;r;;;;;19.55.19;3;2;6;1;4531;;4;16;14;2;3;22;5;18;13;7;8;4;
a15DT=~~~45DS;s;;;;;;19.55.19;3;2;6;1;4531;;4;16;14;2;3;22;5;18;13;7;8;4;
*p20:20;;;;;;;19.55.24;3;2;6;1;4536;;4;16;14;2;3;22;5;18;13;7;8;4;
*z1;;;;;;;19.55.24;3;1;6;1;4535;;16;14;2;3;22;4;5;18;13;7;8;4;
*16SQ-~~~15;;;;;;;19.55.42;3;1;6;1;4554;;16;14;2;3;22;4;5;18;13;7;8;4;
a07RQ+~~~15~~~~41;;;;;;;19.55.42;3;1;6;1;4554;;16;14;2;3;22;4;5;18;13;7;8;4;
a04EQ+K1C;;;;;;;19.55.42;3;1;6;1;4554;;16;14;2;3;22;4;5;18;13;7;8;4;
a18AQ#J4~31~H1X;s;r;;;;;19.55.48;3;1;6;1;4558;;16;14;2;3;22;4;5;18;13;7;8;4;
*16DQ=~~~31~S;s;;;;;;19.55.48;3;1;6;1;4558;;16;14;2;3;22;4;5;18;13;7;8;4;
ap20:21;;;;;;;19.55.51;3;1;6;1;4561;;16;14;2;3;22;4;5;18;13;7;8;4;
az5;;;;;;;19.56.19;3;1;5;1;4590;;16;14;2;3;22;4;18;13;7;8;4;5;
a18SM-~~~56C;;;;;;;19.56.31;3;1;5;1;4605;;16;14;2;3;22;4;18;13;7;8;4;5;
*22RM#~~~56C;;;;;;;19.56.31;3;1;5;1;4605;;16;14;2;3;22;4;18;13;7;8;4;5;
*16EQ+K1C;;;;;;;19.56.31;3;1;5;1;4605;;16;14;2;3;22;4;18;13;7;8;4;5;
*02AQ#J1~33~H1S;s;r;;;;;19.56.36;3;1;5;1;4609;;16;14;2;3;22;4;18;13;7;8;4;5;
a08BQ=~~~~3~T1S;s;;;;;;19.56.36;3;1;5;1;4609;;16;14;2;3;22;4;18;13;7;8;4;5;
*p21:21;;;;;;;19.56.40;3;1;5;1;4612;;16;14;2;3;22;4;18;13;7;8;4;5;
*z6;;;;;;;19.56.40;3;6;5;1;4611;;14;2;3;22;4;16;18;13;7;8;4;5;
*c22:11;;;;;;;19.56.40;3;6;5;1;4611;;14;2;3;11;4;16;18;13;7;8;4;5;
*14SQ=~~~55A~~O;s;;;;;;19.57.05;3;6;5;1;4637;;14;2;3;11;4;16;18;13;7;8;4;5;
a$$&H#;s;;;;;;19.57.05;3;6;5;1;4637;;14;2;3;11;4;16;18;13;7;8;4;5;
ap21:22;;;;;;;19.57.11;3;6;5;1;4644;;14;2;3;11;4;16;18;13;7;8;4;5;
az4;;;;;;;19.57.11;3;6;4;1;4642;;14;2;3;11;4;16;13;7;8;4;5;18;
a13SQ!~~~11;;;;;;;19.57.26;3;6;4;1;4659;;14;2;3;11;4;16;13;7;8;4;5;18;
*14RQ!~~~11~~~~32;;;;;;;19.57.26;3;6;4;1;4659;;14;2;3;11;4;16;13;7;8;4;5;18;
*16ET+K7F;;;;;;;19.57.26;3;6;4;1;4659;;14;2;3;11;4;16;13;7;8;4;5;18;
*11AT#W4~46AH2O;s;r;;;;;19.57.31;3;6;4;1;4662;;14;2;3;11;4;16;13;7;8;4;5;18;
a08BT=~~~~2~A2O;s;;;;;;19.57.31;3;6;4;1;4663;;14;2;3;11;4;16;13;7;8;4;5;18;
*p22:22;;;;;;;19.57.36;3;6;4;1;4667;;14;2;3;11;4;16;13;7;8;4;5;18;
*z5;;;;;;;19.57.36;3;5;4;1;4667;;2;3;11;4;16;14;13;7;8;4;5;18;
*02SM-~~~56;;;;;;;19.58.17;3;5;4;1;4710;;2;3;11;4;16;14;13;7;8;4;5;18;
a05RM+~~~56~O~~32;;;;;;;19.58.17;3;5;4;1;4710;;2;3;11;4;16;14;13;7;8;4;5;18;
a04ET+K2F;;;;;;;19.58.17;3;5;4;1;4710;;2;3;11;4;16;14;13;7;8;4;5;18;
a07AT-W4~42~P2;;r;;;;;19.58.22;3;5;4;1;4714;;2;3;11;4;16;14;13;7;8;4;5;18;
*04BT+~~~~2~A2;;;;;;;19.58.22;3;5;4;1;4714;;2;3;11;4;16;14;13;7;8;4;5;18;
a15EH+~~F~4;;;;;;;19.58.26;3;5;4;1;4716;;2;3;11;4;16;14;13;7;8;4;5;18;
a07AH-G4~42~T2C;;s;;;;;19.58.26;3;5;4;1;4718;;2;3;11;4;16;14;13;7;8;4;5;18;
*04BH+~~~~2~A2;;;;;;;19.58.26;3;5;4;1;4718;;2;3;11;4;16;14;13;7;8;4;5;18;
a07AH+G4~47~P2;;s;;;;;19.58.28;3;5;4;1;4722;;2;3;11;4;16;14;13;7;8;4;5;18;
*02DH/~~~47;;;;;;;19.58.28;3;5;4;1;4722;;2;3;11;4;16;14;13;7;8;4;5;18;
a08FH#;;;;;;;19.58.28;3;5;4;1;4725;;2;3;11;4;16;14;13;7;8;4;5;18;
a07AT/W4~42~H2A;p;s;;;;;19.58.36;3;5;4;1;4729;;2;3;11;4;16;14;13;7;8;4;5;18;
*04BT#~~~~2~A2A;p;;;;;;19.58.36;3;5;4;1;4729;;2;3;11;4;16;14;13;7;8;4;5;18;
*p23:22;;;;;;;19.58.41;3;5;4;1;4734;;2;3;11;4;16;14;13;7;8;4;5;18;
*02SM-~~~56;;;;;;;19.58.56;3;5;4;1;4749;;2;3;11;4;16;14;13;7;8;4;5;18;
a15RM#~~~56;;;;;;;19.58.56;3;5;4;1;4749;;2;3;11;4;16;14;13;7;8;4;5;18;
a04EQ+K2C;;;;;;;19.58.56;3;5;4;1;4749;;2;3;11;4;16;14;13;7;8;4;5;18;
a08AQ#J2~33~H2S;s;r;;;;;19.59.01;3;5;4;1;4753;;2;3;11;4;16;14;13;7;8;4;5;18;
*04BQ=~~~~3~T2S;s;;;;;;19.59.01;3;5;4;1;4753;;2;3;11;4;16;14;13;7;8;4;5;18;
ap23:23;;;;;;;19.59.06;3;5;4;1;4758;;2;3;11;4;16;14;13;7;8;4;5;18;
az3;;;;;;;19.59.06;3;5;3;1;4757;;2;3;11;4;16;14;7;8;4;5;18;13;
a07SQ=~~~16~~~O;s;;;;;;19.59.22;3;5;3;1;4775;;2;3;11;4;16;14;7;8;4;5;18;13;
*$$&H#;s;;;;;;19.59.22;3;5;3;1;4775;;2;3;11;4;16;14;7;8;4;5;18;13;
*p24:23;;;;;;;19.59.26;3;5;3;1;4780;;2;3;11;4;16;14;7;8;4;5;18;13;
*z4;;;;;;;19.59.26;3;4;3;1;4777;;3;11;4;16;14;2;7;8;4;5;18;13;
*03SQ#~~~15B;p;;;;;;19.59.42;3;4;3;1;4794;;3;11;4;16;14;2;7;8;4;5;18;13;
a05RQ=~~~15BL;p;;;;;;19.59.42;3;4;3;1;4795;;3;11;4;16;14;2;7;8;4;5;18;13;
*p25:23;;;;;;;19.59.48;3;4;3;1;4799;;3;11;4;16;14;2;7;8;4;5;18;13;
**3set;;;;;;;19.59.48;4;4;3;1;4799;;;;;;;;;;;;;;
