*P09>LUp;;;;;;;;1;0;0;;;;19;18;2;11;16;9;12;18;5;9;16;3;
*z6>LUp;;;;;;;;1;6;0;;;;19;18;2;11;16;9;12;18;5;9;16;3;
aP03>LUp;;;;;;;;1;6;0;;;;19;18;2;11;16;9;12;18;5;9;16;3;
az6>LUp;;;;;;;;1;6;6;;;;19;18;2;11;16;9;12;18;5;9;16;3;
a12SQ-~~~16;;;;;;;17.57.34;1;6;6;1;287;;19;18;2;11;16;9;12;18;5;9;16;3;
*20RQ#~~~16;;;;;;;17.57.34;1;6;6;1;288;;19;18;2;11;16;9;12;18;5;9;16;3;
*09EQ+K1C;;;;;;;17.57.34;1;6;6;1;288;;19;18;2;11;16;9;12;18;5;9;16;3;
*18AQ-J4~37~H1;;r;;;;;17.57.39;1;6;6;1;291;;19;18;2;11;16;9;12;18;5;9;16;3;
a10DQ+~~~37;;;;;;;17.57.39;1;6;6;1;291;;19;18;2;11;16;9;12;18;5;9;16;3;
a05AH-G2~22~P2;;p;;;;;17.57.42;1;6;6;1;294;;19;18;2;11;16;9;12;18;5;9;16;3;
*09DH+~~~22;;;;;;;17.57.42;1;6;6;1;294;;19;18;2;11;16;9;12;18;5;9;16;3;
*20EH+~~F~4;;;;;;;17.57.44;1;6;6;1;297;;19;18;2;11;16;9;12;18;5;9;16;3;
*11AH-G4~44~H3~4;;s;;;;;17.57.46;1;6;6;1;298;;19;18;2;11;16;9;12;18;5;9;16;3;
a10DH+~~~44~S;;;;;;;17.57.46;1;6;6;1;298;;19;18;2;11;16;9;12;18;5;9;16;3;
a12AT=Y8~85~H2O;s;p;;;;;17.57.53;1;6;6;1;301;;19;18;2;11;16;9;12;18;5;9;16;3;
*$$&H#;s;;;;;;17.57.53;1;6;6;1;301;;19;18;2;11;16;9;12;18;5;9;16;3;
*p01:00;;;;;;;17.57.56;1;6;6;1;304;;19;18;2;11;16;9;12;18;5;9;16;3;
*z5;;;;;;;17.57.56;1;5;6;1;309;;18;2;11;16;9;19;12;18;5;9;16;3;
*18SM!~~~54~~~N;;;;;;;17.58.08;1;5;6;1;320;;18;2;11;16;9;19;12;18;5;9;16;3;
a09RM!~~~54;;;;;;;17.58.08;1;5;6;1;320;;18;2;11;16;9;19;12;18;5;9;16;3;
a03ET+KBB;;;;;;;17.58.08;1;5;6;1;320;;18;2;11;16;9;19;12;18;5;9;16;3;
a05AT=W2~21~H2O;p;r;;;;;17.58.13;1;5;6;1;323;;18;2;11;16;9;19;12;18;5;9;16;3;
*$$&H#;p;;;;;;17.58.13;1;5;6;1;323;;18;2;11;16;9;19;12;18;5;9;16;3;
*p02:00;;;;;;;17.58.26;1;5;6;1;327;;18;2;11;16;9;19;12;18;5;9;16;3;
*18SM=~~~55~~~O;s;;;;;;17.58.30;1;5;6;1;341;;18;2;11;16;9;19;12;18;5;9;16;3;
a$$&H#;s;;;;;;17.58.30;1;5;6;1;341;;18;2;11;16;9;19;12;18;5;9;16;3;
ap02:01;;;;;;;17.58.34;1;5;6;1;345;;18;2;11;16;9;19;12;18;5;9;16;3;
az5;;;;;;;17.58.34;1;5;5;1;345;;18;2;11;16;9;19;18;5;9;16;3;12;
a18SQ-~~~56;;;;;;;17.58.45;1;5;5;1;356;;18;2;11;16;9;19;18;5;9;16;3;12;
*20RQ#~~~56;;;;;;;17.58.45;1;5;5;1;356;;18;2;11;16;9;19;18;5;9;16;3;12;
*09EQ+K1C;;;;;;;17.58.45;1;5;5;1;357;;18;2;11;16;9;19;18;5;9;16;3;12;
*16AQ#J4~35~H1X;s;r;;;;;17.58.51;1;5;5;1;361;;18;2;11;16;9;19;18;5;9;16;3;12;
a12DQ=~~~35~S;s;;;;;;17.58.51;1;5;5;1;361;;18;2;11;16;9;19;18;5;9;16;3;12;
*p03:01;;;;;;;17.58.54;1;5;5;1;365;;18;2;11;16;9;19;18;5;9;16;3;12;
*z4;;;;;;;17.58.54;1;4;5;1;365;;2;11;16;9;19;18;18;5;9;16;3;12;
*02SQ-~~~11;;;;;;;17.59.12;1;4;5;1;383;;2;11;16;9;19;18;18;5;9;16;3;12;
a10RQ#~~~11;;;;;;;17.59.12;1;4;5;1;383;;2;11;16;9;19;18;18;5;9;16;3;12;
a03ET+K1F;;;;;;;17.59.12;1;4;5;1;384;;2;11;16;9;19;18;18;5;9;16;3;12;
a09AT-W4~48~T1;;r;;;;;17.59.17;1;4;5;1;387;;2;11;16;9;19;18;18;5;9;16;3;12;
*20DT+~~~48~E;;;;;;;17.59.17;1;4;5;1;388;;2;11;16;9;19;18;18;5;9;16;3;12;
*16EH/~~~~4;;;;;;;17.59.20;1;4;5;1;390;;2;11;16;9;19;18;18;5;9;16;3;12;
a05AT#W2~24~H4O1;s;s;;;;;17.59.20;1;4;5;1;396;;2;11;16;9;19;18;18;5;9;16;3;12;
*11BT=~~~~4~A4O;s;;;;;;17.59.20;1;4;5;1;396;;2;11;16;9;19;18;18;5;9;16;3;12;
ap03:02;;;;;;;17.59.31;1;4;5;1;400;;2;11;16;9;19;18;18;5;9;16;3;12;
az4;;;;;;;17.59.31;1;4;4;1;402;;2;11;16;9;19;18;5;9;16;3;12;18;
a05SQ-~~~15;;;;;;;17.59.45;1;4;4;1;416;;2;11;16;9;19;18;5;9;16;3;12;18;
*19RQ+~~~15;;;;;;;17.59.45;1;4;4;1;417;;2;11;16;9;19;18;5;9;16;3;12;18;
*09ET+K1B;;;;;;;17.59.45;1;4;4;1;417;;2;11;16;9;19;18;5;9;16;3;12;18;
*02AT-Y9~95~H2;;r;;;;;17.59.52;1;4;4;1;422;;2;11;16;9;19;18;5;9;16;3;12;18;
a10DT+~~~95~S;;;;;;;17.59.52;1;4;4;1;422;;2;11;16;9;19;18;5;9;16;3;12;18;
a05EH=~~~~~~~~Z;s;;;;;;17.59.52;1;4;4;1;424;;2;11;16;9;19;18;5;9;16;3;12;18;
*$$&H#;s;;;;;;17.59.52;1;4;4;1;424;;2;11;16;9;19;18;5;9;16;3;12;18;
*p04:02;;;;;;;18.00.05;1;4;4;1;429;;2;11;16;9;19;18;5;9;16;3;12;18;
*z3;;;;;;;18.00.05;1;3;4;1;436;;11;16;9;19;18;2;5;9;16;3;12;18;
*11SQ+~~~16;;;;;;;18.00.20;1;3;4;1;451;;11;16;9;19;18;2;5;9;16;3;12;18;
a12RQ-~~~16;;;;;;;18.00.20;1;3;4;1;452;;11;16;9;19;18;2;5;9;16;3;12;18;
*16EH+~~~~4;;;;;;;18.00.25;1;3;4;1;456;;11;16;9;19;18;2;5;9;16;3;12;18;
a09AH-G4~45~H2C;;r;;;;;18.00.26;1;3;4;1;457;;11;16;9;19;18;2;5;9;16;3;12;18;
*20DH+~~~45;;;;;;;18.00.26;1;3;4;1;457;;11;16;9;19;18;2;5;9;16;3;12;18;
*02EH+~~F~4;;;;;;;18.00.28;1;3;4;1;460;;11;16;9;19;18;2;5;9;16;3;12;18;
*19AH+G4~42~H3C;;p;;;;;18.00.31;1;3;4;1;462;;11;16;9;19;18;2;5;9;16;3;12;18;
a03BH-~~~~2~A3;;;;;;;18.00.31;1;3;4;1;462;;11;16;9;19;18;2;5;9;16;3;12;18;
*19AT/W4~42~H2A;s;p;;;;;18.00.35;1;3;4;1;466;;11;16;9;19;18;2;5;9;16;3;12;18;
a03BT#~~~~2~A2;s;;;;;;18.00.35;1;3;4;1;466;;11;16;9;19;18;2;5;9;16;3;12;18;
ap04:03;;;;;;;18.00.42;1;3;4;1;470;;11;16;9;19;18;2;5;9;16;3;12;18;
az3;;;;;;;18.00.42;1;3;3;1;473;;11;16;9;19;18;2;9;16;3;12;18;5;
a09SM+~~~55;;;;;;;18.00.55;1;3;3;1;486;;11;16;9;19;18;2;9;16;3;12;18;5;
*19RM-~~~55~O;;;;;;;18.00.55;1;3;3;1;486;;11;16;9;19;18;2;9;16;3;12;18;5;
*16EH+~~~~4;;;;;;;18.01.02;1;3;3;1;491;;11;16;9;19;18;2;9;16;3;12;18;5;
*19AH=G4~45~H2O;p;r;;;;;18.01.04;1;3;3;1;493;;11;16;9;19;18;2;9;16;3;12;18;5;
a$$&H#;p;;;;;;18.01.04;1;3;3;1;493;;11;16;9;19;18;2;9;16;3;12;18;5;
ap04:04;;;;;;;18.01.08;1;3;3;1;496;;11;16;9;19;18;2;9;16;3;12;18;5;
a09SM-~~~55;;;;;;;18.01.22;1;3;3;1;514;;11;16;9;19;18;2;9;16;3;12;18;5;
*20RM+~~~55~O~~32;;;;;;;18.01.22;1;3;3;1;515;;11;16;9;19;18;2;9;16;3;12;18;5;
*09ET+K1F;;;;;;;18.01.22;1;3;3;1;515;;11;16;9;19;18;2;9;16;3;12;18;5;
*19AT#W4~42~H2S;s;r;;;;;18.01.30;1;3;3;1;519;;11;16;9;19;18;2;9;16;3;12;18;5;
a16BT=~~~~2~A2S;s;;;;;;18.01.30;1;3;3;1;519;;11;16;9;19;18;2;9;16;3;12;18;5;
*p05:04;;;;;;;18.01.33;1;3;3;1;523;;11;16;9;19;18;2;9;16;3;12;18;5;
*z2;;;;;;;18.01.33;1;2;3;1;524;;16;9;19;18;2;11;9;16;3;12;18;5;
*16SM#~~~54~~~N;p;;;;;;18.01.47;1;2;3;1;538;;16;9;19;18;2;11;9;16;3;12;18;5;
a12RM=~~~54~W;p;;;;;;18.01.47;1;2;3;1;538;;16;9;19;18;2;11;9;16;3;12;18;5;
*p06:04;;;;;;;18.01.53;1;2;3;1;544;;16;9;19;18;2;11;9;16;3;12;18;5;
*16SM+~~~55;;;;;;;18.02.08;1;2;3;1;560;;16;9;19;18;2;11;9;16;3;12;18;5;
a12RM-~~~55;;;;;;;18.02.08;1;2;3;1;560;;16;9;19;18;2;11;9;16;3;12;18;5;
a10EH/K1F;;;;;;;18.02.13;1;2;3;1;563;;16;9;19;18;2;11;9;16;3;12;18;5;
*02FH#;;;;;;;18.02.16;1;2;3;1;567;;16;9;19;18;2;11;9;16;3;12;18;5;
*11AT-Y9~94~H2C;;p;;;;;18.02.20;1;2;3;1;569;;16;9;19;18;2;11;9;16;3;12;18;5;
a16BT+~~~~4~A2;;;;;;;18.02.20;1;2;3;1;569;;16;9;19;18;2;11;9;16;3;12;18;5;
a12AT#W4~48~T2X;s;s;;;;;18.02.25;1;2;3;1;572;;16;9;19;18;2;11;9;16;3;12;18;5;
*02DT=~~~48~E~E;s;;;;;;18.02.25;1;2;3;1;572;;16;9;19;18;2;11;9;16;3;12;18;5;
ap06:05;;;;;;;18.02.31;1;2;3;1;577;;16;9;19;18;2;11;9;16;3;12;18;5;
az2;;;;;;;18.02.31;1;2;2;1;582;;16;9;19;18;2;11;16;3;12;18;5;9;
a16SM-~~~15;;;;;;;18.02.43;1;2;2;1;594;;16;9;19;18;2;11;16;3;12;18;5;9;
*19RM#~~~15;;;;;;;18.02.43;1;2;2;1;595;;16;9;19;18;2;11;16;3;12;18;5;9;
*09EQ+K2C;;;;;;;18.02.43;1;2;2;1;595;;16;9;19;18;2;11;16;3;12;18;5;9;
*18AQ#J2~35~H;s;r;;;;;18.02.48;1;2;2;1;598;;16;9;19;18;2;11;16;3;12;18;5;9;
a09DQ=~~~35~S;s;;;;;;18.02.48;1;2;2;1;599;;16;9;19;18;2;11;16;3;12;18;5;9;
*p07:05;;;;;;;18.02.51;1;2;2;1;603;;16;9;19;18;2;11;16;3;12;18;5;9;
*z1;;;;;;;18.02.51;1;1;2;1;602;;9;19;18;2;11;16;16;3;12;18;5;9;
*09SM/~~~56;;;;;;;18.03.04;1;1;2;1;615;;9;19;18;2;11;16;16;3;12;18;5;9;
a09RM/~~~56;;;;;;;18.03.04;1;1;2;1;615;;9;19;18;2;11;16;16;3;12;18;5;9;
*18FH-;;;;;;;18.03.09;1;1;2;1;619;;9;19;18;2;11;16;16;3;12;18;5;9;
*20EH+~~B~4;;;;;;;18.03.10;1;1;2;1;622;;9;19;18;2;11;16;16;3;12;18;5;9;
*02AH-G2~24~H2C;;p;;;;;18.03.12;1;1;2;1;623;;9;19;18;2;11;16;16;3;12;18;5;9;
a18BH+~~~~4~A2;;;;;;;18.03.12;1;1;2;1;623;;9;19;18;2;11;16;16;3;12;18;5;9;
a05AT-Y9~98~P2;;s;;;;;18.03.17;1;1;2;1;627;;9;19;18;2;11;16;16;3;12;18;5;9;
*11DT+~~~98~E;;;;;;;18.03.17;1;1;2;1;627;;9;19;18;2;11;16;16;3;12;18;5;9;
*20EH+~~B~2;;;;;;;18.03.19;1;1;2;1;629;;9;19;18;2;11;16;16;3;12;18;5;9;
*02AH-G2~25~H2;;p;;;;;18.03.21;1;1;2;1;632;;9;19;18;2;11;16;16;3;12;18;5;9;
a10DH+~~~25;;;;;;;18.03.21;1;1;2;1;632;;9;19;18;2;11;16;16;3;12;18;5;9;
a12AH#G4~42~H2F;s;s;;;;;18.03.24;1;1;2;1;636;;9;19;18;2;11;16;16;3;12;18;5;9;
*18BH=~~~~2~A2F;s;;;;;;18.03.24;1;1;2;1;636;;9;19;18;2;11;16;16;3;12;18;5;9;
ap07:06;;;;;;;18.03.30;1;1;2;1;640;;9;19;18;2;11;16;16;3;12;18;5;9;
az1;;;;;;;18.03.31;1;1;1;1;642;;9;19;18;2;11;16;3;12;18;5;9;16;
a03SQ!~~~11;;;;;;;18.03.47;1;1;1;1;658;;9;19;18;2;11;16;3;12;18;5;9;16;
*19RQ!~~~11~~~~21;;;;;;;18.03.47;1;1;1;1;658;;9;19;18;2;11;16;3;12;18;5;9;16;
*09ET+KBB;;;;;;;18.03.47;1;1;1;1;659;;9;19;18;2;11;16;3;12;18;5;9;16;
*19AT-W2~27~T2;;r;;;;;18.03.56;1;1;1;1;662;;9;19;18;2;11;16;3;12;18;5;9;16;
a10DT+~~~27~E;;;;;;;18.03.56;1;1;1;1;663;;9;19;18;2;11;16;3;12;18;5;9;16;
a12AT#W4~42~H2S;p;p;;;;;18.04.00;1;1;1;1;666;;9;19;18;2;11;16;3;12;18;5;9;16;
*02BT=~~~~2~A2S;p;;;;;;18.04.00;1;1;1;1;666;;9;19;18;2;11;16;3;12;18;5;9;16;
ap07:07;;;;;;;18.04.07;1;1;1;1;669;;9;19;18;2;11;16;3;12;18;5;9;16;
a03SQ-~~~11;;;;;;;18.04.21;1;1;1;1;691;;9;19;18;2;11;16;3;12;18;5;9;16;
*19RQ+~~~11~~~~31;;;;;;;18.04.21;1;1;1;1;691;;9;19;18;2;11;16;3;12;18;5;9;16;
*09ET+KFF;;;;;;;18.04.21;1;1;1;1;691;;9;19;18;2;11;16;3;12;18;5;9;16;
*02AT#W4~42~H2O;s;r;;;;;18.04.27;1;1;1;1;697;;9;19;18;2;11;16;3;12;18;5;9;16;
a05BT=~~~~2~A2O;s;;;;;;18.04.27;1;1;1;1;697;;9;19;18;2;11;16;3;12;18;5;9;16;
*p08:07;;;;;;;18.04.32;1;1;1;1;701;;9;19;18;2;11;16;3;12;18;5;9;16;
*z6;;;;;;;18.04.32;1;6;1;1;703;;19;18;2;11;16;9;3;12;18;5;9;16;
*19SQ=~~~5~~~~N;s;;;;;;18.04.55;1;6;1;1;726;;19;18;2;11;16;9;3;12;18;5;9;16;
a$$&H#;s;;;;;;18.04.55;1;6;1;1;726;;19;18;2;11;16;9;3;12;18;5;9;16;
ap08:08;;;;;;;18.04.59;1;6;1;1;732;;19;18;2;11;16;9;3;12;18;5;9;16;
az6;;;;;;;18.04.59;1;6;6;1;730;;19;18;2;11;16;9;12;18;5;9;16;3;
a12SQ=~~~1~~~~N;s;;;;;;18.05.16;1;6;6;1;748;;19;18;2;11;16;9;12;18;5;9;16;3;
*$$&H#;s;;;;;;18.05.16;1;6;6;1;748;;19;18;2;11;16;9;12;18;5;9;16;3;
*p09:08;;;;;;;18.05.20;1;6;6;1;753;;19;18;2;11;16;9;12;18;5;9;16;3;
*z5;;;;;;;18.05.20;1;5;6;1;751;;18;2;11;16;9;19;12;18;5;9;16;3;
*18SM-~~~56;;;;;;;18.05.35;1;5;6;1;766;;18;2;11;16;9;19;12;18;5;9;16;3;
a10RM#~~~56;;;;;;;18.05.35;1;5;6;1;767;;18;2;11;16;9;19;12;18;5;9;16;3;
a03EQ+K1C;;;;;;;18.05.35;1;5;6;1;767;;18;2;11;16;9;19;12;18;5;9;16;3;
a18AQ#J4~31~H;s;r;;;;;18.05.38;1;5;6;1;769;;18;2;11;16;9;19;12;18;5;9;16;3;
*09DQ=~~~31~S;s;;;;;;18.05.38;1;5;6;1;770;;18;2;11;16;9;19;12;18;5;9;16;3;
ap09:09;;;;;;;18.05.41;1;5;6;1;774;;18;2;11;16;9;19;12;18;5;9;16;3;
az5;;;;;;;18.05.41;1;5;5;1;772;;18;2;11;16;9;19;18;5;9;16;3;12;
a18SQ-~~~56;;;;;;;18.06.05;1;5;5;1;788;;18;2;11;16;9;19;18;5;9;16;3;12;
*19RQ#~~~56;;;;;;;18.06.05;1;5;5;1;789;;18;2;11;16;9;19;18;5;9;16;3;12;
*09ET+K1F;;;;;;;18.06.05;1;5;5;1;789;;18;2;11;16;9;19;18;5;9;16;3;12;
*11AT#W4~44~H1X;s;r;;;;;18.06.02;1;5;5;1;792;;18;2;11;16;9;19;18;5;9;16;3;12;
a09DT=~~~44~S;s;;;;;;18.06.02;1;5;5;1;792;;18;2;11;16;9;19;18;5;9;16;3;12;
*p10:09;;;;;;;18.06.05;1;5;5;1;796;;18;2;11;16;9;19;18;5;9;16;3;12;
*z4;;;;;;;18.06.05;1;4;5;1;796;;2;11;16;9;19;18;18;5;9;16;3;12;
*02SQ/~~~16;;;;;;;18.06.21;1;4;5;1;812;;2;11;16;9;19;18;18;5;9;16;3;12;
a12RQ/~~~16;;;;;;;18.06.21;1;4;5;1;813;;2;11;16;9;19;18;18;5;9;16;3;12;
*20FH#;;;;;;;18.06.28;1;4;5;1;820;;2;11;16;9;19;18;18;5;9;16;3;12;
*11AT#W4~42~H4S;p;p;;;;;18.06.28;1;4;5;1;822;;2;11;16;9;19;18;18;5;9;16;3;12;
a16BT=~~~~2~A4S;p;;;;;;18.06.28;1;4;5;1;822;;2;11;16;9;19;18;18;5;9;16;3;12;
*p11:09;;;;;;;18.06.38;1;4;5;1;826;;2;11;16;9;19;18;18;5;9;16;3;12;
*02SQ=~~~1~~~~N;s;;;;;;18.06.50;1;4;5;1;842;;2;11;16;9;19;18;18;5;9;16;3;12;
a$$&H#;s;;;;;;18.06.50;1;4;5;1;842;;2;11;16;9;19;18;18;5;9;16;3;12;
ap11:10;;;;;;;18.06.55;1;4;5;1;848;;2;11;16;9;19;18;18;5;9;16;3;12;
az4;;;;;;;18.06.55;1;4;4;1;846;;2;11;16;9;19;18;5;9;16;3;12;18;
a05SQ-~~~15;;;;;;;18.07.12;1;4;4;1;864;;2;11;16;9;19;18;5;9;16;3;12;18;
*19RQ#~~~15;;;;;;;18.07.12;1;4;4;1;864;;2;11;16;9;19;18;5;9;16;3;12;18;
*09ET+K1F;;;;;;;18.07.12;1;4;4;1;864;;2;11;16;9;19;18;5;9;16;3;12;18;
*11AT-W4~42~T2C;;r;;;;;18.07.16;1;4;4;1;868;;2;11;16;9;19;18;5;9;16;3;12;18;
a03BT+~~~~2~A2;;;;;;;18.07.16;1;4;4;1;868;;2;11;16;9;19;18;5;9;16;3;12;18;
a05EH/~~~~4;;;;;;;18.07.20;1;4;4;1;871;;2;11;16;9;19;18;5;9;16;3;12;18;
*20FH#;;;;;;;18.07.23;1;4;4;1;875;;2;11;16;9;19;18;5;9;16;3;12;18;
*16AQ#J4~31~H1X1;s;s;;;;;18.07.26;1;4;4;1;877;;2;11;16;9;19;18;5;9;16;3;12;18;
a05DQ=~~~31~S;s;;;;;;18.07.26;1;4;4;1;877;;2;11;16;9;19;18;5;9;16;3;12;18;
*p12:10;;;;;;;18.07.32;1;4;4;1;880;;2;11;16;9;19;18;5;9;16;3;12;18;
*z3;;;;;;;18.07.32;1;3;4;1;883;;11;16;9;19;18;2;5;9;16;3;12;18;
*11SQ=~~~11~~~O;s;;;;;;18.07.50;1;3;4;1;902;;11;16;9;19;18;2;5;9;16;3;12;18;
a$$&H#;s;;;;;;18.07.50;1;3;4;1;902;;11;16;9;19;18;2;5;9;16;3;12;18;
ap12:11;;;;;;;18.07.54;1;3;4;1;908;;11;16;9;19;18;2;5;9;16;3;12;18;
az3;;;;;;;18.07.54;1;3;3;1;905;;11;16;9;19;18;2;9;16;3;12;18;5;
a09SM!~~~55;;;;;;;18.08.17;1;3;3;1;926;;11;16;9;19;18;2;9;16;3;12;18;5;
*20RM!~~~55;;;;;;;18.08.17;1;3;3;1;926;;11;16;9;19;18;2;9;16;3;12;18;5;
*09ET+K8B;;;;;;;18.08.17;1;3;3;1;926;;11;16;9;19;18;2;9;16;3;12;18;5;
*11AT#Y9~96~H1X;s;r;;;;;18.08.23;1;3;3;1;931;;11;16;9;19;18;2;9;16;3;12;18;5;
a10DT=~~~96~S;s;;;;;;18.08.23;1;3;3;1;931;;11;16;9;19;18;2;9;16;3;12;18;5;
*p13:11;;;;;;;18.08.37;1;3;3;1;935;;11;16;9;19;18;2;9;16;3;12;18;5;
*z2;;;;;;;18.08.37;1;2;3;1;948;;16;9;19;18;2;11;9;16;3;12;18;5;
*16SM-~~~55;;;;;;;18.08.40;1;2;3;1;951;;16;9;19;18;2;11;9;16;3;12;18;5;
a16RM#~~~55;;;;;;;18.08.40;1;2;3;1;952;;16;9;19;18;2;11;9;16;3;12;18;5;
a03EQ+K1C;;;;;;;18.08.40;1;2;3;1;952;;16;9;19;18;2;11;9;16;3;12;18;5;
a16AQ#J4~39~H1X;s;r;;;;;18.08.44;1;2;3;1;955;;16;9;19;18;2;11;9;16;3;12;18;5;
*11DQ=~~~39~S;s;;;;;;18.08.44;1;2;3;1;955;;16;9;19;18;2;11;9;16;3;12;18;5;
ap13:12;;;;;;;18.08.50;1;2;3;1;959;;16;9;19;18;2;11;9;16;3;12;18;5;
az2;;;;;;;18.08.50;1;2;2;1;961;;16;9;19;18;2;11;16;3;12;18;5;9;
a16SM-~~~15;;;;;;;18.09.01;1;2;2;1;972;;16;9;19;18;2;11;16;3;12;18;5;9;
*02RM+~~~15~~~~41;;;;;;;18.09.01;1;2;2;1;972;;16;9;19;18;2;11;16;3;12;18;5;9;
*09ET+K1F;;;;;;;18.09.01;1;2;2;1;973;;16;9;19;18;2;11;16;3;12;18;5;9;
*19AT#W4~41~H1X;s;r;;;;;18.09.07;1;2;2;1;977;;16;9;19;18;2;11;16;3;12;18;5;9;
a05DT=~~~41~S;s;;;;;;18.09.07;1;2;2;1;977;;16;9;19;18;2;11;16;3;12;18;5;9;
*p14:12;;;;;;;18.09.12;1;2;2;1;981;;16;9;19;18;2;11;16;3;12;18;5;9;
*z1;;;;;;;18.09.12;1;1;2;1;983;;9;19;18;2;11;16;16;3;12;18;5;9;
*09SM-~~~51;;;;;;;18.09.22;1;1;2;1;993;;9;19;18;2;11;16;16;3;12;18;5;9;
a10RM#~~~51;;;;;;;18.09.22;1;1;2;1;994;;9;19;18;2;11;16;16;3;12;18;5;9;
a03EO+K1S;;;;;;;18.09.22;1;1;2;1;994;;9;19;18;2;11;16;16;3;12;18;5;9;
a03AO#JJ~38~T0X;s;r;;;;;18.09.27;1;1;2;1;997;;9;19;18;2;11;16;16;3;12;18;5;9;
*09DO=~~~38~E~E;s;;;;;;18.09.27;1;1;2;1;998;;9;19;18;2;11;16;16;3;12;18;5;9;
ap14:13;;;;;;;18.09.33;1;1;2;1;1003;;9;19;18;2;11;16;16;3;12;18;5;9;
az1;;;;;;;18.09.33;1;1;1;1;1004;;9;19;18;2;11;16;3;12;18;5;9;16;
a03SM-~~~16;;;;;;;18.09.44;1;1;1;1;1015;;9;19;18;2;11;16;3;12;18;5;9;16;
*20RM#~~~16;;;;;;;18.09.44;1;1;1;1;1015;;9;19;18;2;11;16;3;12;18;5;9;16;
*09ET+K1P;;;;;;;18.09.44;1;1;1;1;1016;;9;19;18;2;11;16;3;12;18;5;9;16;
*11AT-Y8~88~T1;;r;;;;;18.09.49;1;1;1;1;1020;;9;19;18;2;11;16;3;12;18;5;9;16;
a10DT+~~~88~E;;;;;;;18.09.49;1;1;1;1;1021;;9;19;18;2;11;16;3;12;18;5;9;16;
a09EH+~~F~4;;;;;;;18.09.54;1;1;1;1;1023;;9;19;18;2;11;16;3;12;18;5;9;16;
a12AH=G4~45~H2O;s;p;;;;;18.09.55;1;1;1;1;1024;;9;19;18;2;11;16;3;12;18;5;9;16;
*$$&H#;s;;;;;;18.09.55;1;1;1;1;1024;;9;19;18;2;11;16;3;12;18;5;9;16;
*p15:13;;;;;;;18.09.57;1;1;1;1;1028;;9;19;18;2;11;16;3;12;18;5;9;16;
*z6;;;;;;;18.09.57;1;6;1;1;1028;;19;18;2;11;16;9;3;12;18;5;9;16;
*19SQ+~~~56;;;;;;;18.10.10;1;6;1;1;1042;;19;18;2;11;16;9;3;12;18;5;9;16;
a10RQ-~~~56;;;;;;;18.10.10;1;6;1;1;1042;;19;18;2;11;16;9;3;12;18;5;9;16;
a12EH/~~~~4;;;;;;;18.10.18;1;6;1;1;1046;;19;18;2;11;16;9;3;12;18;5;9;16;
*02AO#V2~2~~H1F;p;p;;;;;18.10.21;1;6;1;1;1049;;19;18;2;11;16;9;3;12;18;5;9;16;
a$$&H=;p;;;;;;18.10.21;1;6;1;1;1049;;19;18;2;11;16;9;3;12;18;5;9;16;
*p16:13;;;;;;;18.10.26;1;6;1;1;1053;;19;18;2;11;16;9;3;12;18;5;9;16;
aT;;;;;;;18.10.26;1;6;1;1;1057;;19;18;2;11;16;9;3;12;18;5;9;16;
*19SQ-~~~55;;;;;;;18.11.38;1;6;1;1;1130;;19;18;2;11;16;9;3;12;18;5;9;16;
a09RQ+~~~55~~~~21;;;;;;;18.11.38;1;6;1;1;1130;;19;18;2;11;16;9;3;12;18;5;9;16;
a03ET+K1F;;;;;;;18.11.38;1;6;1;1;1130;;19;18;2;11;16;9;3;12;18;5;9;16;
a05AT#W4~42~H2S;s;r;;;;;18.11.43;1;6;1;1;1135;;19;18;2;11;16;9;3;12;18;5;9;16;
*18BT=~~~~2~A2S;s;;;;;;18.11.43;1;6;1;1;1135;;19;18;2;11;16;9;3;12;18;5;9;16;
ap16:14;;;;;;;18.11.48;1;6;1;1;1139;;19;18;2;11;16;9;3;12;18;5;9;16;
az6;;;;;;;18.11.48;1;6;6;1;1139;;19;18;2;11;16;9;12;18;5;9;16;3;
a12SQ#~~~11;p;;;;;;18.12.06;1;6;6;1;1157;;19;18;2;11;16;9;12;18;5;9;16;3;
*19RQ=~~~11~R;p;;;;;;18.12.06;1;6;6;1;1158;;19;18;2;11;16;9;12;18;5;9;16;3;
ap16:15;;;;;;;18.12.13;1;6;6;1;1163;;19;18;2;11;16;9;12;18;5;9;16;3;
a12SQ=~~~11~~~O;s;;;;;;18.12.26;1;6;6;1;1177;;19;18;2;11;16;9;12;18;5;9;16;3;
*$$&H#;s;;;;;;18.12.26;1;6;6;1;1177;;19;18;2;11;16;9;12;18;5;9;16;3;
*p17:15;;;;;;;18.12.31;1;6;6;1;1184;;19;18;2;11;16;9;12;18;5;9;16;3;
*z5;;;;;;;18.12.31;1;5;6;1;1182;;18;2;11;16;9;19;12;18;5;9;16;3;
*18SM-~~~57;;;;;;;18.12.50;1;5;6;1;1199;;18;2;11;16;9;19;12;18;5;9;16;3;
a09RM#~~~57;;;;;;;18.12.50;1;5;6;1;1199;;18;2;11;16;9;19;12;18;5;9;16;3;
a03ET+K1B;;;;;;;18.12.50;1;5;6;1;1200;;18;2;11;16;9;19;12;18;5;9;16;3;
a05AT-W2~24~H2C;;r;;;;;18.12.54;1;5;6;1;1204;;18;2;11;16;9;19;12;18;5;9;16;3;
*11BT+~~~~4~~2;;;;;;;18.12.54;1;5;6;1;1205;;18;2;11;16;9;19;12;18;5;9;16;3;
*18EH-~~~~4;;;;;;;18.12.58;1;5;6;1;1205;;18;2;11;16;9;19;12;18;5;9;16;3;
*11AO=V4~4~~T1S;s;p;;;;;18.13.00;1;5;6;1;1207;;18;2;11;16;9;19;12;18;5;9;16;3;
a$$&H#;s;;;;;;18.13.00;1;5;6;1;1207;;18;2;11;16;9;19;12;18;5;9;16;3;
ap17:16;;;;;;;18.13.04;1;5;6;1;1212;;18;2;11;16;9;19;12;18;5;9;16;3;
az5;;;;;;;18.13.04;1;5;5;1;1215;;18;2;11;16;9;19;18;5;9;16;3;12;
a18SQ=~~~5~~~~N;s;;;;;;18.13.13;1;5;5;1;1224;;18;2;11;16;9;19;18;5;9;16;3;12;
*$$&H#;s;;;;;;18.13.13;1;5;5;1;1224;;18;2;11;16;9;19;18;5;9;16;3;12;
*p18:16;;;;;;;18.13.20;1;5;5;1;1230;;18;2;11;16;9;19;18;5;9;16;3;12;
*z4;;;;;;;18.13.20;1;4;5;1;1231;;2;11;16;9;19;18;18;5;9;16;3;12;
*02SQ-~~~16;;;;;;;18.13.34;1;4;5;1;1245;;2;11;16;9;19;18;18;5;9;16;3;12;
a12RQ+~~~16~~~~32;;;;;;;18.13.34;1;4;5;1;1246;;2;11;16;9;19;18;18;5;9;16;3;12;
a03ET+K2F;;;;;;;18.13.34;1;4;5;1;1246;;2;11;16;9;19;18;18;5;9;16;3;12;
a09AT#W4~45~H1X;s;r;;;;;18.13.39;1;4;5;1;1250;;2;11;16;9;19;18;18;5;9;16;3;12;
*19DT=~~~45~S;s;;;;;;18.13.39;1;4;5;1;1250;;2;11;16;9;19;18;18;5;9;16;3;12;
ap18:17;;;;;;;18.13.43;1;4;5;1;1254;;2;11;16;9;19;18;18;5;9;16;3;12;
az4;;;;;;;18.13.43;1;4;4;1;1254;;2;11;16;9;19;18;5;9;16;3;12;18;
a05SQ-~~~16;;;;;;;18.13.58;1;4;4;1;1269;;2;11;16;9;19;18;5;9;16;3;12;18;
*20RQ#~~~16;;;;;;;18.13.58;1;4;4;1;1269;;2;11;16;9;19;18;5;9;16;3;12;18;
*09ET+K1F;;;;;;;18.13.58;1;4;4;1;1270;;2;11;16;9;19;18;5;9;16;3;12;18;
*11AT-W4~4~~H;;r;;;;;18.14.04;1;4;4;1;1274;;2;11;16;9;19;18;5;9;16;3;12;18;
a12DT+~~~4;;;;;;;18.14.04;1;4;4;1;1275;;2;11;16;9;19;18;5;9;16;3;12;18;
a05EH=~~~~~~~~Z;s;;;;;;18.14.08;1;4;4;1;1277;;2;11;16;9;19;18;5;9;16;3;12;18;
*$$&H#;s;;;;;;18.14.08;1;4;4;1;1277;;2;11;16;9;19;18;5;9;16;3;12;18;
*p19:17;;;;;;;18.14.12;1;4;4;1;1281;;2;11;16;9;19;18;5;9;16;3;12;18;
*z3;;;;;;;18.14.12;1;3;4;1;1283;;11;16;9;19;18;2;5;9;16;3;12;18;
*11SQ-~~~13~~~N;;;;;;;18.14.30;1;3;4;1;1301;;11;16;9;19;18;2;5;9;16;3;12;18;
a16RQ+~~~13~W~~21;;;;;;;18.14.30;1;3;4;1;1302;;11;16;9;19;18;2;5;9;16;3;12;18;
a03ET+K2B;;;;;;;18.14.30;1;3;4;1;1302;;11;16;9;19;18;2;5;9;16;3;12;18;
a05AT+Y9~94~H2C;;r;;;;;18.14.37;1;3;4;1;1306;;11;16;9;19;18;2;5;9;16;3;12;18;
*19BT-~~~~4~A2;;;;;;;18.14.37;1;3;4;1;1307;;11;16;9;19;18;2;5;9;16;3;12;18;
a12FH#;;;;;;;18.14.37;1;3;4;1;1308;;11;16;9;19;18;2;5;9;16;3;12;18;
a16AQ#J4~39~H1X;s;s;;;;;18.14.40;1;3;4;1;1311;;11;16;9;19;18;2;5;9;16;3;12;18;
*11DQ=~~~39~S;s;;;;;;18.14.40;1;3;4;1;1311;;11;16;9;19;18;2;5;9;16;3;12;18;
ap19:18;;;;;;;18.14.43;1;3;4;1;1317;;11;16;9;19;18;2;5;9;16;3;12;18;
az3;;;;;;;18.14.43;1;3;3;1;1314;;11;16;9;19;18;2;9;16;3;12;18;5;
a09SM-~~~57;;;;;;;18.14.58;1;3;3;1;1329;;11;16;9;19;18;2;9;16;3;12;18;5;
*19RM+~~~57~O~~32;;;;;;;18.14.58;1;3;3;1;1330;;11;16;9;19;18;2;9;16;3;12;18;5;
*09ET+K1B;;;;;;;18.14.58;1;3;3;1;1330;;11;16;9;19;18;2;9;16;3;12;18;5;
*11AT#Y9~94~H1;s;r;;;;;18.15.04;1;3;3;1;1335;;11;16;9;19;18;2;9;16;3;12;18;5;
a10DT=~~~94~E~E;s;;;;;;18.15.04;1;3;3;1;1335;;11;16;9;19;18;2;9;16;3;12;18;5;
*p20:18;;;;;;;18.15.09;1;3;3;1;1339;;11;16;9;19;18;2;9;16;3;12;18;5;
*z2;;;;;;;18.15.09;1;2;3;1;1340;;16;9;19;18;2;11;9;16;3;12;18;5;
*16SM-~~~57;;;;;;;18.15.28;1;2;3;1;1359;;16;9;19;18;2;11;9;16;3;12;18;5;
a12RM#~~~57;;;;;;;18.15.28;1;2;3;1;1360;;16;9;19;18;2;11;9;16;3;12;18;5;
a03EQ+K3C;;;;;;;18.15.28;1;2;3;1;1360;;16;9;19;18;2;11;9;16;3;12;18;5;
a16AQ#J3~34~T2X;s;r;;;;;18.15.32;1;2;3;1;1363;;16;9;19;18;2;11;9;16;3;12;18;5;
*16DQ=~~~34~E~E;s;;;;;;18.15.32;1;2;3;1;1363;;16;9;19;18;2;11;9;16;3;12;18;5;
ap20:19;;;;;;;18.15.40;1;2;3;1;1367;;16;9;19;18;2;11;9;16;3;12;18;5;
az2;;;;;;;18.15.40;1;2;2;1;1371;;16;9;19;18;2;11;16;3;12;18;5;9;
a16SM+~~~11;;;;;;;18.15.50;1;2;2;1;1381;;16;9;19;18;2;11;16;3;12;18;5;9;
*20RM-~~~11;;;;;;;18.15.50;1;2;2;1;1381;;16;9;19;18;2;11;16;3;12;18;5;9;
*19AT#W4~48~T3X;s;r;;;;;18.15.56;1;2;2;1;1386;;16;9;19;18;2;11;16;3;12;18;5;9;
a05DT=~~~48~E~E;s;;;;;;18.15.56;1;2;2;1;1386;;16;9;19;18;2;11;16;3;12;18;5;9;
*p21:19;;;;;;;18.16.01;1;2;2;1;1390;;16;9;19;18;2;11;16;3;12;18;5;9;
*z1;;;;;;;18.16.01;1;1;2;1;1392;;9;19;18;2;11;16;16;3;12;18;5;9;
*09SM!~~~66;;;;;;;18.16.47;1;1;2;1;1431;;9;19;18;2;11;16;16;3;12;18;5;9;
a09RM!~~~66~~~~22;;;;;;;18.16.47;1;1;2;1;1432;;9;19;18;2;11;16;16;3;12;18;5;9;
a03ET+KBF;;;;;;;18.16.47;1;1;2;1;1431;;9;19;18;2;11;16;16;3;12;18;5;9;
a12AT-W4~45~H2;;r;;;;;18.16.50;1;1;2;1;1435;;9;19;18;2;11;16;16;3;12;18;5;9;
*20DT+~~~45~S;;;;;;;18.16.50;1;1;2;1;1434;;9;19;18;2;11;16;16;3;12;18;5;9;
*11AT-Y8~85~H;;p;;;;;18.16.50;1;1;2;1;1439;;9;19;18;2;11;16;16;3;12;18;5;9;
a09DT+~~~85;;;;;;;18.16.50;1;1;2;1;1439;;9;19;18;2;11;16;16;3;12;18;5;9;
a12EH+~~B~9;;;;;;;18.16.53;1;1;2;1;1442;;9;19;18;2;11;16;16;3;12;18;5;9;
a05AH-G9~96~P2;;s;;;;;18.16.56;1;1;2;1;1444;;9;19;18;2;11;16;16;3;12;18;5;9;
*11DH+~~~96;;;;;;;18.16.56;1;1;2;1;1444;;9;19;18;2;11;16;16;3;12;18;5;9;
*11AT#Y8~81~H1X;p;p;;;;;18.16.59;1;1;2;1;1448;;9;19;18;2;11;16;16;3;12;18;5;9;
a$$&H=;p;;;;;;18.16.59;1;1;2;1;1448;;9;19;18;2;11;16;16;3;12;18;5;9;
*p22:19;;;;;;;18.17.04;1;1;2;1;1451;;9;19;18;2;11;16;16;3;12;18;5;9;
aT;;;;;;;18.17.04;1;1;2;1;1455;;9;19;18;2;11;16;16;3;12;18;5;9;
*09SM!~~~18D;;;;;;;18.18.19;1;1;2;1;1517;;9;19;18;2;11;16;16;3;12;18;5;9;
a09RM!~~~18DO~~41;;;;;;;18.18.19;1;1;2;1;1518;;9;19;18;2;11;16;16;3;12;18;5;9;
a03EQ+KFC;;;;;;;18.18.19;1;1;2;1;1517;;9;19;18;2;11;16;16;3;12;18;5;9;
a18AQ#J4~3~~H1N;s;r;;;;;18.18.27;1;1;2;1;1521;;9;19;18;2;11;16;16;3;12;18;5;9;
*$$&H=;s;;;;;;18.18.27;1;1;2;1;1521;;9;19;18;2;11;16;16;3;12;18;5;9;
ap22:20;;;;;;;18.18.29;1;1;2;1;1525;;9;19;18;2;11;16;16;3;12;18;5;9;
az1;;;;;;;18.18.29;1;1;1;1;1540;;9;19;18;2;11;16;3;12;18;5;9;16;
a03SQ-~~~11;;;;;;;18.18.29;1;1;1;1;1541;;9;19;18;2;11;16;3;12;18;5;9;16;
*19RQ#~~~11;;;;;;;18.18.29;1;1;1;1;1541;;9;19;18;2;11;16;3;12;18;5;9;16;
*09ET+K1P;;;;;;;18.18.29;1;1;1;1;1541;;9;19;18;2;11;16;3;12;18;5;9;16;
*11AT#Y8~85~H0X;s;r;;;;;18.18.34;1;1;1;1;1545;;9;19;18;2;11;16;3;12;18;5;9;16;
a10DT=~~~85~S;s;;;;;;18.18.34;1;1;1;1;1545;;9;19;18;2;11;16;3;12;18;5;9;16;
*p23:20;;;;;;;18.18.38;1;1;1;1;1550;;9;19;18;2;11;16;3;12;18;5;9;16;
*z6;;;;;;;18.18.38;1;6;1;1;1549;;19;18;2;11;16;9;3;12;18;5;9;16;
*19SQ+~~~56;;;;;;;18.18.52;1;6;1;1;1564;;19;18;2;11;16;9;3;12;18;5;9;16;
a10RQ-~~~56;;;;;;;18.18.52;1;6;1;1;1564;;19;18;2;11;16;9;3;12;18;5;9;16;
a05AH/G4~42~T3A;p;r;;;;;18.18.57;1;6;1;1;1569;;19;18;2;11;16;9;3;12;18;5;9;16;
*18BH#~~~~2~A3A;p;;;;;;18.18.57;1;6;1;1;1570;;19;18;2;11;16;9;3;12;18;5;9;16;
*p24:20;;;;;;;18.19.02;1;6;1;1;1574;;19;18;2;11;16;9;3;12;18;5;9;16;
*19SQ-~~~56;;;;;;;18.19.19;1;6;1;1;1590;;19;18;2;11;16;9;3;12;18;5;9;16;
a10RQ+~~~56~~~~32;;;;;;;18.19.19;1;6;1;1;1591;;19;18;2;11;16;9;3;12;18;5;9;16;
a03ET+K1B;;;;;;;18.19.19;1;6;1;1;1591;;19;18;2;11;16;9;3;12;18;5;9;16;
a12AT#W2~21~H2X;s;r;;;;;18.19.27;1;6;1;1;1595;;19;18;2;11;16;9;3;12;18;5;9;16;
*09DT=~~~21~S;s;;;;;;18.19.27;1;6;1;1;1595;;19;18;2;11;16;9;3;12;18;5;9;16;
ap24:21;;;;;;;18.19.33;1;6;1;1;1599;;19;18;2;11;16;9;3;12;18;5;9;16;
az6;;;;;;;18.19.33;1;6;6;1;1604;;19;18;2;11;16;9;12;18;5;9;16;3;
a12SQ=~~~16~~~O;s;;;;;;18.19.42;1;6;6;1;1613;;19;18;2;11;16;9;12;18;5;9;16;3;
*$$&H#;s;;;;;;18.19.42;1;6;6;1;1613;;19;18;2;11;16;9;12;18;5;9;16;3;
*p25:21;;;;;;;18.19.50;1;6;6;1;1620;;19;18;2;11;16;9;12;18;5;9;16;3;
**1set;;;;;;;18.19.50;2;6;6;1;1620;;;;;;;;;;;;;;
*P09>LUp;;;;;;;18.19.50;2;6;6;1;1616;;19;18;2;11;16;9;12;18;5;9;16;3;
*z6>LUp;;;;;;;18.19.50;2;6;6;1;1616;;19;18;2;11;16;9;12;18;5;9;16;3;
aP03>LUp;;;;;;;18.19.50;2;6;6;1;1621;;19;18;2;11;16;9;12;18;5;9;16;3;
az6>LUp;;;;;;;18.19.50;2;6;6;1;1621;;19;18;2;11;16;9;12;18;5;9;16;3;
*19SQ=~~~5~~~~N;s;;;;;;18.23.57;2;6;6;1;1865;;19;18;2;11;16;9;12;18;5;9;16;3;
a$$&H#;s;;;;;;18.23.57;2;6;6;1;1865;;19;18;2;11;16;9;12;18;5;9;16;3;
ap00:01;;;;;;;18.24.04;2;6;6;1;1870;;19;18;2;11;16;9;12;18;5;9;16;3;
az5;;;;;;;18.24.04;2;6;5;1;1875;;19;18;2;11;16;9;18;5;9;16;3;12;
a18SM!~~~56;;;;;;;18.24.14;2;6;5;1;1882;;19;18;2;11;16;9;18;5;9;16;3;12;
*19RM!~~~56~~~~42;;;;;;;18.24.14;2;6;5;1;1882;;19;18;2;11;16;9;18;5;9;16;3;12;
*09ET+KFF;;;;;;;18.24.14;2;6;5;1;1882;;19;18;2;11;16;9;18;5;9;16;3;12;
*11AT+W4~42~H2C;;r;;;;;18.24.19;2;6;5;1;1888;;19;18;2;11;16;9;18;5;9;16;3;12;
a05BT-~~~~2~A2;;;;;;;18.24.19;2;6;5;1;1888;;19;18;2;11;16;9;18;5;9;16;3;12;
*20ET+~~F~4;;;;;;;18.24.21;2;6;5;1;1888;;19;18;2;11;16;9;18;5;9;16;3;12;
*11AT#W4~49CT3X;s;s;;;;;18.24.21;2;6;5;1;1892;;19;18;2;11;16;9;18;5;9;16;3;12;
a03DT=~~~49CE~E;s;;;;;;18.24.21;2;6;5;1;1892;;19;18;2;11;16;9;18;5;9;16;3;12;
*p01:01;;;;;;;18.24.29;2;6;5;1;1896;;19;18;2;11;16;9;18;5;9;16;3;12;
*z5;;;;;;;18.24.29;2;5;5;1;1900;;18;2;11;16;9;19;18;5;9;16;3;12;
*18SM-~~~57;;;;;;;18.24.40;2;5;5;1;1911;;18;2;11;16;9;19;18;5;9;16;3;12;
a09RM+~~~57~~~~21;;;;;;;18.24.40;2;5;5;1;1912;;18;2;11;16;9;19;18;5;9;16;3;12;
a03ET+K1P;;;;;;;18.24.40;2;5;5;1;1912;;18;2;11;16;9;19;18;5;9;16;3;12;
a12AT#Y8~81~H1X;s;r;;;;;18.24.46;2;5;5;1;1916;;18;2;11;16;9;19;18;5;9;16;3;12;
*19DT=~~~81~S;s;;;;;;18.24.46;2;5;5;1;1916;;18;2;11;16;9;19;18;5;9;16;3;12;
ap01:02;;;;;;;18.24.52;2;5;5;1;1919;;18;2;11;16;9;19;18;5;9;16;3;12;
az4;;;;;;;18.24.52;2;5;4;1;1923;;18;2;11;16;9;19;5;9;16;3;12;18;
a05SQ-~~~15;;;;;;;18.25.03;2;5;4;1;1934;;18;2;11;16;9;19;5;9;16;3;12;18;
*19RQ+~~~15~~~~41;;;;;;;18.25.03;2;5;4;1;1934;;18;2;11;16;9;19;5;9;16;3;12;18;
*09EQ+KFC;;;;;;;18.25.03;2;5;4;1;1935;;18;2;11;16;9;19;5;9;16;3;12;18;
*16AQ-J1~38~H;;r;;;;;18.25.08;2;5;4;1;1938;;18;2;11;16;9;19;5;9;16;3;12;18;
a05DQ+~~~38;;;;;;;18.25.08;2;5;4;1;1938;;18;2;11;16;9;19;5;9;16;3;12;18;
a10EH+~~F~4;;;;;;;18.25.08;2;5;4;1;1941;;18;2;11;16;9;19;5;9;16;3;12;18;
a09AH+G4~4~~H2C;;p;;;;;18.25.08;2;5;4;1;1943;;18;2;11;16;9;19;5;9;16;3;12;18;
*02BH-~~~~2~A2;;;;;;;18.25.08;2;5;4;1;1942;;18;2;11;16;9;19;5;9;16;3;12;18;
a09AH/G4~42~H2A;s;p;;;;;18.25.20;2;5;4;1;1946;;18;2;11;16;9;19;5;9;16;3;12;18;
*16BH#~~~~2~A2A;s;;;;;;18.25.20;2;5;4;1;1946;;18;2;11;16;9;19;5;9;16;3;12;18;
*p02:02;;;;;;;18.25.25;2;5;4;1;1953;;18;2;11;16;9;19;5;9;16;3;12;18;
*z4;;;;;;;18.25.25;2;4;4;1;1956;;2;11;16;9;19;18;5;9;16;3;12;18;
*02SQ=~~~1~~~~N;s;;;;;;18.25.46;2;4;4;1;1977;;2;11;16;9;19;18;5;9;16;3;12;18;
a$$&H#;s;;;;;;18.25.46;2;4;4;1;1977;;2;11;16;9;19;18;5;9;16;3;12;18;
ap02:03;;;;;;;18.25.49;2;4;4;1;1983;;2;11;16;9;19;18;5;9;16;3;12;18;
az3;;;;;;;18.25.49;2;4;3;1;1980;;2;11;16;9;19;18;9;16;3;12;18;5;
a09SM!~~~57;;;;;;;18.26.09;2;4;3;1;2000;;2;11;16;9;19;18;9;16;3;12;18;5;
*19RM!~~~57~~~~32;;;;;;;18.26.09;2;4;3;1;2000;;2;11;16;9;19;18;9;16;3;12;18;5;
*09ET+K8B;;;;;;;18.26.09;2;4;3;1;2001;;2;11;16;9;19;18;9;16;3;12;18;5;
*02AT#Y9~94~H2S;s;r;;;;;18.26.15;2;4;3;1;2004;;2;11;16;9;19;18;9;16;3;12;18;5;
a16BT=~~~~4~A2S;s;;;;;;18.26.15;2;4;3;1;2005;;2;11;16;9;19;18;9;16;3;12;18;5;
*p03:03;;;;;;;18.26.20;2;4;3;1;2009;;2;11;16;9;19;18;9;16;3;12;18;5;
*z3;;;;;;;18.26.20;2;3;3;1;2011;;11;16;9;19;18;2;9;16;3;12;18;5;
*11SM-~~~16;;;;;;;18.26.35;2;3;3;1;2026;;11;16;9;19;18;2;9;16;3;12;18;5;
a09RM#~~~16;;;;;;;18.26.35;2;3;3;1;2027;;11;16;9;19;18;2;9;16;3;12;18;5;
a03ET+K1B;;;;;;;18.26.35;2;3;3;1;2027;;11;16;9;19;18;2;9;16;3;12;18;5;
a05AT=Y9~95~H2O;p;r;;;;;18.26.41;2;3;3;1;2030;;11;16;9;19;18;2;9;16;3;12;18;5;
*$$&H#;p;;;;;;18.26.41;2;3;3;1;2030;;11;16;9;19;18;2;9;16;3;12;18;5;
*p04:03;;;;;;;18.26.44;2;3;3;1;2034;;11;16;9;19;18;2;9;16;3;12;18;5;
*11SM+~~~16;;;;;;;18.26.58;2;3;3;1;2050;;11;16;9;19;18;2;9;16;3;12;18;5;
a09RM-~~~16;;;;;;;18.26.58;2;3;3;1;2050;;11;16;9;19;18;2;9;16;3;12;18;5;
a12AH-G4~45~H2;;r;;;;;18.27.05;2;3;3;1;2055;;11;16;9;19;18;2;9;16;3;12;18;5;
*20DH+~~~45~S;;;;;;;18.27.05;2;3;3;1;2055;;11;16;9;19;18;2;9;16;3;12;18;5;
*11AT=Y9~95~H2O;s;p;;;;;18.27.07;2;3;3;1;2059;;11;16;9;19;18;2;9;16;3;12;18;5;
a$$&H#;s;;;;;;18.27.07;2;3;3;1;2059;;11;16;9;19;18;2;9;16;3;12;18;5;
ap04:04;;;;;;;18.27.12;2;3;3;1;2062;;11;16;9;19;18;2;9;16;3;12;18;5;
az2;;;;;;;18.27.12;2;3;2;1;2063;;11;16;9;19;18;2;16;3;12;18;5;9;
a16SM+~~~16;;;;;;;18.27.25;2;3;2;1;2076;;11;16;9;19;18;2;16;3;12;18;5;9;
*20RM-~~~16;;;;;;;18.27.25;2;3;2;1;2077;;11;16;9;19;18;2;16;3;12;18;5;9;
*09EH/~~~~4;;;;;;;18.27.30;2;3;2;1;2079;;11;16;9;19;18;2;16;3;12;18;5;9;
a12AT=W4~47~H1S;s;p;;;;;18.27.33;2;3;2;1;2083;;11;16;9;19;18;2;16;3;12;18;5;9;
*$$&H#;s;;;;;;18.27.33;2;3;2;1;2083;;11;16;9;19;18;2;16;3;12;18;5;9;
*p05:04;;;;;;;18.27.37;2;3;2;1;2088;;11;16;9;19;18;2;16;3;12;18;5;9;
*z2;;;;;;;18.27.37;2;2;2;1;2088;;16;9;19;18;2;11;16;3;12;18;5;9;
*16SM-~~~57;;;;;;;18.27.50;2;2;2;1;2101;;16;9;19;18;2;11;16;3;12;18;5;9;
a12RM#~~~57;;;;;;;18.27.50;2;2;2;1;2101;;16;9;19;18;2;11;16;3;12;18;5;9;
a03EQ+K1C;;;;;;;18.27.50;2;2;2;1;2102;;16;9;19;18;2;11;16;3;12;18;5;9;
a18AQ-J4~33~H2C;;r;;;;;18.27.55;2;2;2;1;2106;;16;9;19;18;2;11;16;3;12;18;5;9;
*18BQ+~~~~3~T2;;;;;;;18.27.55;2;2;2;1;2106;;16;9;19;18;2;11;16;3;12;18;5;9;
*09AO+V2~24~T2C;;p;;;;;18.27.59;2;2;2;1;2108;;16;9;19;18;2;11;16;3;12;18;5;9;
a12BO-~~~~4~A2;;;;;;;18.27.59;2;2;2;1;2109;;16;9;19;18;2;11;16;3;12;18;5;9;
*02AH#G8~85~H1X3;p;p;;;;;18.28.04;2;2;2;1;2111;;16;9;19;18;2;11;16;3;12;18;5;9;
a10DH=~~~85~S;p;;;;;;18.28.04;2;2;2;1;2111;;16;9;19;18;2;11;16;3;12;18;5;9;
*p06:04;;;;;;;18.28.19;2;2;2;1;2115;;16;9;19;18;2;11;16;3;12;18;5;9;
*16SM=~~~5~~~~N;s;;;;;;18.28.27;2;2;2;1;2138;;16;9;19;18;2;11;16;3;12;18;5;9;
a$$&H#;s;;;;;;18.28.27;2;2;2;1;2138;;16;9;19;18;2;11;16;3;12;18;5;9;
ap06:05;;;;;;;18.28.32;2;2;2;1;2144;;16;9;19;18;2;11;16;3;12;18;5;9;
az1;;;;;;;18.28.32;2;2;1;1;2143;;16;9;19;18;2;11;3;12;18;5;9;16;
a03SQ=~~~16~~~O;s;;;;;;18.28.47;2;2;1;1;2158;;16;9;19;18;2;11;3;12;18;5;9;16;
*$$&H#;s;;;;;;18.28.47;2;2;1;1;2158;;16;9;19;18;2;11;3;12;18;5;9;16;
*p07:05;;;;;;;18.28.53;2;2;1;1;2164;;16;9;19;18;2;11;3;12;18;5;9;16;
*z1;;;;;;;18.28.53;2;1;1;1;2164;;9;19;18;2;11;16;3;12;18;5;9;16;
*09SM-~~~65;;;;;;;18.29.10;2;1;1;1;2181;;9;19;18;2;11;16;3;12;18;5;9;16;
a09RM+~~~65~O~~21;;;;;;;18.29.10;2;1;1;1;2181;;9;19;18;2;11;16;3;12;18;5;9;16;
a03ET+K1B;;;;;;;18.29.10;2;1;1;1;2181;;9;19;18;2;11;16;3;12;18;5;9;16;
a12AT-W2~24~H2C;;r;;;;;18.29.15;2;1;1;1;2186;;9;19;18;2;11;16;3;12;18;5;9;16;
*19BT+~~~~4~A2;;;;;;;18.29.15;2;1;1;1;2186;;9;19;18;2;11;16;3;12;18;5;9;16;
*11EH+~~~~2;;;;;;;18.29.17;2;1;1;1;2189;;9;19;18;2;11;16;3;12;18;5;9;16;
*02AH=G2~2~~T2I;s;p;;;;;18.29.19;2;1;1;1;2190;;9;19;18;2;11;16;3;12;18;5;9;16;
a$$&H#;s;;;;;;18.29.19;2;1;1;1;2190;;9;19;18;2;11;16;3;12;18;5;9;16;
ap07:06;;;;;;;18.29.25;2;1;1;1;2194;;9;19;18;2;11;16;3;12;18;5;9;16;
az6;;;;;;;18.29.25;2;1;6;1;2196;;9;19;18;2;11;16;12;18;5;9;16;3;
a12SQ-~~~16;;;;;;;18.29.41;2;1;6;1;2212;;9;19;18;2;11;16;12;18;5;9;16;3;
*20RQ+~~~16~~~~32;;;;;;;18.29.41;2;1;6;1;2212;;9;19;18;2;11;16;12;18;5;9;16;3;
*09EQ+K1C;;;;;;;18.29.41;2;1;6;1;2213;;9;19;18;2;11;16;12;18;5;9;16;3;
*18AQ+J1~33~H;;r;;;;;18.29.47;2;1;6;1;2217;;9;19;18;2;11;16;12;18;5;9;16;3;
a18BQ-~~~~3;;;;;;;18.29.47;2;1;6;1;2217;;9;19;18;2;11;16;12;18;5;9;16;3;
*20FH#;;;;;;;18.29.51;2;1;6;1;2221;;9;19;18;2;11;16;12;18;5;9;16;3;
*11AT#Y8~86~H;s;s;;;;;18.29.53;2;1;6;1;2223;;9;19;18;2;11;16;12;18;5;9;16;3;
a12DT=~~~86~S;s;;;;;;18.29.53;2;1;6;1;2224;;9;19;18;2;11;16;12;18;5;9;16;3;
*p08:06;;;;;;;18.29.55;2;1;6;1;2227;;9;19;18;2;11;16;12;18;5;9;16;3;
*z6;;;;;;;18.29.55;2;6;6;1;2226;;19;18;2;11;16;9;12;18;5;9;16;3;
*19SQ!~~~56;;;;;;;18.30.11;2;6;6;1;2242;;19;18;2;11;16;9;12;18;5;9;16;3;
a10RQ!~~~56~~~~22;;;;;;;18.30.11;2;6;6;1;2243;;19;18;2;11;16;9;12;18;5;9;16;3;
a03ET+KBF;;;;;;;18.30.11;2;6;6;1;2243;;19;18;2;11;16;9;12;18;5;9;16;3;
a09AT=W4~4~~H2I;p;r;;;;;18.30.18;2;6;6;1;2248;;19;18;2;11;16;9;12;18;5;9;16;3;
*$$&H#;p;;;;;;18.30.18;2;6;6;1;2248;;19;18;2;11;16;9;12;18;5;9;16;3;
*p09:06;;;;;;;18.30.23;2;6;6;1;2254;;19;18;2;11;16;9;12;18;5;9;16;3;
aT;;;;;;;18.30.23;2;6;6;1;2254;;19;18;2;11;16;9;12;18;5;9;16;3;
*19SQ=~~~5~~~~N;s;;;;;;18.31.46;2;6;6;1;2337;;19;18;2;11;16;9;12;18;5;9;16;3;
a$$&H#;s;;;;;;18.31.46;2;6;6;1;2337;;19;18;2;11;16;9;12;18;5;9;16;3;
ap09:07;;;;;;;18.31.51;2;6;6;1;2343;;19;18;2;11;16;9;12;18;5;9;16;3;
az5;;;;;;;18.31.51;2;6;5;1;2342;;19;18;2;11;16;9;18;5;9;16;3;12;
a18SQ-~~~56~~~N;;;;;;;18.32.02;2;6;5;1;2353;;19;18;2;11;16;9;18;5;9;16;3;12;
*19RQ#~~~56;;;;;;;18.32.02;2;6;5;1;2354;;19;18;2;11;16;9;18;5;9;16;3;12;
*09ET+K1B;;;;;;;18.32.02;2;6;5;1;2354;;19;18;2;11;16;9;18;5;9;16;3;12;
*02AT#W2~22~H1X;s;r;;;;;18.32.05;2;6;5;1;2357;;19;18;2;11;16;9;18;5;9;16;3;12;
a05DT=~~~22~S;s;;;;;;18.32.05;2;6;5;1;2357;;19;18;2;11;16;9;18;5;9;16;3;12;
*p10:07;;;;;;;18.32.10;2;6;5;1;2360;;19;18;2;11;16;9;18;5;9;16;3;12;
*z5;;;;;;;18.32.10;2;5;5;1;2361;;18;2;11;16;9;19;18;5;9;16;3;12;
*18SM-~~~55;;;;;;;18.32.24;2;5;5;1;2375;;18;2;11;16;9;19;18;5;9;16;3;12;
a09RM#~~~55~O;;;;;;;18.32.24;2;5;5;1;2376;;18;2;11;16;9;19;18;5;9;16;3;12;
a03ET+K1B;;;;;;;18.32.24;2;5;5;1;2376;;18;2;11;16;9;19;18;5;9;16;3;12;
a05AT#W2~24~H4F;s;r;;;;;18.32.29;2;5;5;1;2380;;18;2;11;16;9;19;18;5;9;16;3;12;
*11BT=~~~~4~A4F;s;;;;;;18.32.29;2;5;5;1;2381;;18;2;11;16;9;19;18;5;9;16;3;12;
ap10:08;;;;;;;18.32.36;2;5;5;1;2384;;18;2;11;16;9;19;18;5;9;16;3;12;
az4;;;;;;;18.32.36;2;5;4;1;2387;;18;2;11;16;9;19;5;9;16;3;12;18;
a05SQ-~~~16;;;;;;;18.33.04;2;5;4;1;2415;;18;2;11;16;9;19;5;9;16;3;12;18;
*20RQ#~~~16;;;;;;;18.33.04;2;5;4;1;2415;;18;2;11;16;9;19;5;9;16;3;12;18;
*09ET+K1B;;;;;;;18.33.04;2;5;4;1;2416;;18;2;11;16;9;19;5;9;16;3;12;18;
*02AT#W2~24~H2S;s;r;;;;;18.33.08;2;5;4;1;2420;;18;2;11;16;9;19;5;9;16;3;12;18;
a09BT=~~~~4~A2S;s;;;;;;18.33.08;2;5;4;1;2420;;18;2;11;16;9;19;5;9;16;3;12;18;
*p11:08;;;;;;;18.33.12;2;5;4;1;2424;;18;2;11;16;9;19;5;9;16;3;12;18;
*z4;;;;;;;18.33.12;2;4;4;1;2423;;2;11;16;9;19;18;5;9;16;3;12;18;
*c09:14;;;;;;;18.33.12;2;4;4;1;2423;;2;11;16;14;19;18;5;9;16;3;12;18;
*c02:06;;;;;;;18.33.12;2;4;4;1;2423;;6;11;16;14;19;18;5;9;16;3;12;18;
*P6;;;;;;;18.33.12;2;4;4;1;2423;;6;11;16;14;19;18;5;9;16;3;12;18;
*z1;;;;;;;18.33.12;2;1;4;1;2423;;6;11;16;14;19;18;5;9;16;3;12;18;
*06SM-~~~57;;;;;;;18.33.51;2;1;4;1;2462;;6;11;16;14;19;18;5;9;16;3;12;18;
a09RM#~~~57~O;;;;;;;18.33.51;2;1;4;1;2462;;6;11;16;14;19;18;5;9;16;3;12;18;
a03ET+K1F;;;;;;;18.33.51;2;1;4;1;2463;;6;11;16;14;19;18;5;9;16;3;12;18;
a09AT!W4~42~H1A;;r;;;;;18.33.57;2;1;4;1;2467;;6;11;16;14;19;18;5;9;16;3;12;18;
*14BT/~~~~2~A1A;s;;;;;;18.33.57;2;1;4;1;2467;;6;11;16;14;19;18;5;9;16;3;12;18;
a$$&H#;s;;;;;;18.33.57;2;1;4;1;2467;;6;11;16;14;19;18;5;9;16;3;12;18;
ap11:09;;;;;;;18.34.04;2;1;4;1;2473;;6;11;16;14;19;18;5;9;16;3;12;18;
az3;;;;;;;18.34.04;2;1;3;1;2475;;6;11;16;14;19;18;9;16;3;12;18;5;
a09SM!~~~19;;;;;;;18.34.24;2;1;3;1;2495;;6;11;16;14;19;18;9;16;3;12;18;5;
*20RM!~~~19;;;;;;;18.34.24;2;1;3;1;2496;;6;11;16;14;19;18;9;16;3;12;18;5;
*06ET+K1B;;;;;;;18.34.24;2;1;3;1;2496;;6;11;16;14;19;18;9;16;3;12;18;5;
*11AT-W2~25~T2;;r;;;;;18.34.30;2;1;3;1;2500;;6;11;16;14;19;18;9;16;3;12;18;5;
a10DT+~~~25;;;;;;;18.34.30;2;1;3;1;2500;;6;11;16;14;19;18;9;16;3;12;18;5;
a12AT#W4~48~T2X;p;p;;;;;18.34.34;2;1;3;1;2505;;6;11;16;14;19;18;9;16;3;12;18;5;
*20DT=~~~48~E~E;p;;;;;;18.34.34;2;1;3;1;2505;;6;11;16;14;19;18;9;16;3;12;18;5;
ap11:10;;;;;;;18.34.40;2;1;3;1;2508;;6;11;16;14;19;18;9;16;3;12;18;5;
a09SM-~~~16;;;;;;;18.34.49;2;1;3;1;2521;;6;11;16;14;19;18;9;16;3;12;18;5;
*20RM#~~~16;;;;;;;18.34.49;2;1;3;1;2521;;6;11;16;14;19;18;9;16;3;12;18;5;
*06ET+K1B;;;;;;;18.34.49;2;1;3;1;2521;;6;11;16;14;19;18;9;16;3;12;18;5;
*11AT#W2~29~H2X;s;r;;;;;18.34.53;2;1;3;1;2525;;6;11;16;14;19;18;9;16;3;12;18;5;
a03DT=~~~29~S;s;;;;;;18.34.53;2;1;3;1;2525;;6;11;16;14;19;18;9;16;3;12;18;5;
*p12:10;;;;;;;18.35.00;2;1;3;1;2529;;6;11;16;14;19;18;9;16;3;12;18;5;
*z6;;;;;;;18.35.00;2;6;3;1;2531;;11;16;14;19;18;6;9;16;3;12;18;5;
*11SQ-~~~16;;;;;;;18.35.15;2;6;3;1;2546;;11;16;14;19;18;6;9;16;3;12;18;5;
a10RQ+~~~16~~~~32;;;;;;;18.35.15;2;6;3;1;2546;;11;16;14;19;18;6;9;16;3;12;18;5;
a03ET+K1B;;;;;;;18.35.15;2;6;3;1;2547;;11;16;14;19;18;6;9;16;3;12;18;5;
a05AT/Y9~94~H2A;p;r;;;;;18.35.21;2;6;3;1;2551;;11;16;14;19;18;6;9;16;3;12;18;5;
*19BT#~~~~4~A2A;p;;;;;;18.35.21;2;6;3;1;2551;;11;16;14;19;18;6;9;16;3;12;18;5;
*p13:10;;;;;;;18.35.32;2;6;3;1;2558;;11;16;14;19;18;6;9;16;3;12;18;5;
*11SQ/~~~16;;;;;;;18.35.46;2;6;3;1;2577;;11;16;14;19;18;6;9;16;3;12;18;5;
a09RQ/~~~16;;;;;;;18.35.46;2;6;3;1;2578;;11;16;14;19;18;6;9;16;3;12;18;5;
*20FH#;;;;;;;18.35.54;2;6;3;1;2586;;11;16;14;19;18;6;9;16;3;12;18;5;
*14AT#W2~29~H;p;p;;;;;18.35.57;2;6;3;1;2589;;11;16;14;19;18;6;9;16;3;12;18;5;
a05DT=~~~29~S;p;;;;;;18.35.57;2;6;3;1;2589;;11;16;14;19;18;6;9;16;3;12;18;5;
*p14:10;;;;;;;18.36.00;2;6;3;1;2594;;11;16;14;19;18;6;9;16;3;12;18;5;
*11SQ#~~~15;p;;;;;;18.36.22;2;6;3;1;2613;;11;16;14;19;18;6;9;16;3;12;18;5;
a12RQ=~~~15~L;p;;;;;;18.36.22;2;6;3;1;2614;;11;16;14;19;18;6;9;16;3;12;18;5;
*p15:10;;;;;;;18.36.29;2;6;3;1;2620;;11;16;14;19;18;6;9;16;3;12;18;5;
*11SQ!~~~15;;;;;;;18.36.47;2;6;3;1;2638;;11;16;14;19;18;6;9;16;3;12;18;5;
a12RQ!~~~15;;;;;;;18.36.47;2;6;3;1;2638;;11;16;14;19;18;6;9;16;3;12;18;5;
a03EQ=K3C~~~~~U;p;;;;;;18.36.53;2;6;3;1;2644;;11;16;14;19;18;6;9;16;3;12;18;5;
*$$&H#;p;;;;;;18.36.53;2;6;3;1;2644;;11;16;14;19;18;6;9;16;3;12;18;5;
*p16:10;;;;;;;18.37.09;2;6;3;1;2647;;11;16;14;19;18;6;9;16;3;12;18;5;
aT;;;;;;;18.37.09;2;6;3;1;2660;;11;16;14;19;18;6;9;16;3;12;18;5;
*11SQ+~~~11;;;;;;;18.38.10;2;6;3;1;2722;;11;16;14;19;18;6;9;16;3;12;18;5;
a09RQ-~~~11;;;;;;;18.38.10;2;6;3;1;2722;;11;16;14;19;18;6;9;16;3;12;18;5;
a10EH+~~~~4;;;;;;;18.38.14;2;6;3;1;2726;;11;16;14;19;18;6;9;16;3;12;18;5;
a12AH#G4~42~H2O;s;r;;;;;18.38.16;2;6;3;1;2728;;11;16;14;19;18;6;9;16;3;12;18;5;
*16BH=~~~~2~A2O;s;;;;;;18.38.16;2;6;3;1;2728;;11;16;14;19;18;6;9;16;3;12;18;5;
ap16:11;;;;;;;18.38.19;2;6;3;1;2733;;11;16;14;19;18;6;9;16;3;12;18;5;
az2;;;;;;;18.38.19;2;6;2;1;2730;;11;16;14;19;18;6;16;3;12;18;5;9;
a16SM-~~~15;;;;;;;18.38.36;2;6;2;1;2747;;11;16;14;19;18;6;16;3;12;18;5;9;
*19RM+~~~15~~~~31;;;;;;;18.38.36;2;6;2;1;2747;;11;16;14;19;18;6;16;3;12;18;5;9;
*06ET+K1F;;;;;;;18.38.36;2;6;2;1;2748;;11;16;14;19;18;6;16;3;12;18;5;9;
*19AT#W4~41~H1X;s;r;;;;;18.38.42;2;6;2;1;2753;;11;16;14;19;18;6;16;3;12;18;5;9;
a05DT=~~~41~S;s;;;;;;18.38.42;2;6;2;1;2753;;11;16;14;19;18;6;16;3;12;18;5;9;
*p17:11;;;;;;;18.38.46;2;6;2;1;2756;;11;16;14;19;18;6;16;3;12;18;5;9;
*z5;;;;;;;18.38.46;2;5;2;1;2757;;16;14;19;18;6;11;16;3;12;18;5;9;
*16SM-~~~56;;;;;;;18.39.00;2;5;2;1;2771;;16;14;19;18;6;11;16;3;12;18;5;9;
a09RM#~~~56;;;;;;;18.39.00;2;5;2;1;2772;;16;14;19;18;6;11;16;3;12;18;5;9;
a03ET+K1F;;;;;;;18.39.00;2;5;2;1;2772;;16;14;19;18;6;11;16;3;12;18;5;9;
a12AT#W4~41~H2X;s;r;;;;;18.39.06;2;5;2;1;2776;;16;14;19;18;6;11;16;3;12;18;5;9;
*06DT=~~~41~S;s;;;;;;18.39.06;2;5;2;1;2777;;16;14;19;18;6;11;16;3;12;18;5;9;
ap17:12;;;;;;;18.39.11;2;5;2;1;2780;;16;14;19;18;6;11;16;3;12;18;5;9;
az1;;;;;;;18.39.11;2;5;1;1;2782;;16;14;19;18;6;11;3;12;18;5;9;16;
a03SQ!~~~15;;;;;;;18.39.26;2;5;1;1;2797;;16;14;19;18;6;11;3;12;18;5;9;16;
*19RQ!~~~15~~~~32;;;;;;;18.39.26;2;5;1;1;2798;;16;14;19;18;6;11;3;12;18;5;9;16;
*06EQ+KFC;;;;;;;18.39.26;2;5;1;1;2798;;16;14;19;18;6;11;3;12;18;5;9;16;
*18AQ#J4~33~T2F;s;r;;;;;18.39.30;2;5;1;1;2800;;16;14;19;18;6;11;3;12;18;5;9;16;
a18BQ=~~~~3~A2A;s;;;;;;18.39.30;2;5;1;1;2800;;16;14;19;18;6;11;3;12;18;5;9;16;
*p18:12;;;;;;;18.39.38;2;5;1;1;2804;;16;14;19;18;6;11;3;12;18;5;9;16;
*z4;;;;;;;18.39.38;2;4;1;1;2809;;14;19;18;6;11;16;3;12;18;5;9;16;
*c14:09;;;;;;;18.39.38;2;4;1;1;2809;;9;19;18;6;11;16;3;12;18;5;9;16;
*c06:02;;;;;;;18.39.38;2;4;1;1;2809;;9;19;18;2;11;16;3;12;18;5;9;16;
*P9;;;;;;;18.39.38;2;4;1;1;2809;;9;19;18;2;11;16;3;12;18;5;9;16;
*z1;;;;;;;18.39.38;2;1;1;1;2809;;9;19;18;2;11;16;3;12;18;5;9;16;
*09SM-~~~15;;;;;;;18.39.53;2;1;1;1;2824;;9;19;18;2;11;16;3;12;18;5;9;16;
a09RM+~~~15~~~~41;;;;;;;18.39.53;2;1;1;1;2824;;9;19;18;2;11;16;3;12;18;5;9;16;
a03EQ+KFC;;;;;;;18.39.53;2;1;1;1;2824;;9;19;18;2;11;16;3;12;18;5;9;16;
a18AQ-J1~35~H1;;r;;;;;18.39.58;2;1;1;1;2827;;9;19;18;2;11;16;3;12;18;5;9;16;
*20DQ+~~~35;;;;;;;18.39.58;2;1;1;1;2828;;9;19;18;2;11;16;3;12;18;5;9;16;
*19EH/~~~~2;;;;;;;18.40.03;2;1;1;1;2829;;9;19;18;2;11;16;3;12;18;5;9;16;
a05AT#W4~42~H2F;s;s;;;;;18.40.03;2;1;1;1;2834;;9;19;18;2;11;16;3;12;18;5;9;16;
*18BT=~~~~2~A2F;s;;;;;;18.40.03;2;1;1;1;2834;;9;19;18;2;11;16;3;12;18;5;9;16;
ap18:13;;;;;;;18.40.07;2;1;1;1;2838;;9;19;18;2;11;16;3;12;18;5;9;16;
az6;;;;;;;18.40.07;2;1;6;1;2838;;9;19;18;2;11;16;12;18;5;9;16;3;
a12SQ-~~~16;;;;;;;18.40.29;2;1;6;1;2860;;9;19;18;2;11;16;12;18;5;9;16;3;
*20RQ+~~~16~~~~32;;;;;;;18.40.29;2;1;6;1;2860;;9;19;18;2;11;16;12;18;5;9;16;3;
*09EQ+K1C;;;;;;;18.40.29;2;1;6;1;2861;;9;19;18;2;11;16;12;18;5;9;16;3;
*18AQ#J1~31~H;s;r;;;;;18.40.37;2;1;6;1;2864;;9;19;18;2;11;16;12;18;5;9;16;3;
a03DQ=~~~31~S;s;;;;;;18.40.37;2;1;6;1;2865;;9;19;18;2;11;16;12;18;5;9;16;3;
*p19:13;;;;;;;18.40.43;2;1;6;1;2867;;9;19;18;2;11;16;12;18;5;9;16;3;
*z6;;;;;;;18.40.43;2;6;6;1;2874;;19;18;2;11;16;9;12;18;5;9;16;3;
*19SQ=~~~55~~~O;s;;;;;;18.40.52;2;6;6;1;2883;;19;18;2;11;16;9;12;18;5;9;16;3;
a$$&H#;s;;;;;;18.40.52;2;6;6;1;2883;;19;18;2;11;16;9;12;18;5;9;16;3;
ap19:14;;;;;;;18.41.00;2;6;6;1;2890;;19;18;2;11;16;9;12;18;5;9;16;3;
az5;;;;;;;18.41.00;2;6;5;1;2891;;19;18;2;11;16;9;18;5;9;16;3;12;
a18SM!~~~56;;;;;;;18.41.11;2;6;5;1;2902;;19;18;2;11;16;9;18;5;9;16;3;12;
*19RM!~~~56~~~~32;;;;;;;18.41.11;2;6;5;1;2902;;19;18;2;11;16;9;18;5;9;16;3;12;
*09ET+K1B;;;;;;;18.41.11;2;6;5;1;2903;;19;18;2;11;16;9;18;5;9;16;3;12;
*02AT#W2~24~H2F;s;r;;;;;18.41.15;2;6;5;1;2906;;19;18;2;11;16;9;18;5;9;16;3;12;
a16BT=~~~~4~A2F;s;;;;;;18.41.15;2;6;5;1;2907;;19;18;2;11;16;9;18;5;9;16;3;12;
*p20:14;;;;;;;18.41.19;2;6;5;1;2910;;19;18;2;11;16;9;18;5;9;16;3;12;
*z5;;;;;;;18.41.19;2;5;5;1;2910;;18;2;11;16;9;19;18;5;9;16;3;12;
*18SM-~~~56;;;;;;;18.41.34;2;5;5;1;2925;;18;2;11;16;9;19;18;5;9;16;3;12;
a12RM#~~~56;;;;;;;18.41.34;2;5;5;1;2925;;18;2;11;16;9;19;18;5;9;16;3;12;
a03EQ+K1C;;;;;;;18.41.34;2;5;5;1;2926;;18;2;11;16;9;19;18;5;9;16;3;12;
a16AQ=J4~35~H2S;p;r;;;;;18.41.42;2;5;5;1;2930;;18;2;11;16;9;19;18;5;9;16;3;12;
*$$&H#;p;;;;;;18.41.42;2;5;5;1;2930;;18;2;11;16;9;19;18;5;9;16;3;12;
*p21:14;;;;;;;18.41.48;2;5;5;1;2934;;18;2;11;16;9;19;18;5;9;16;3;12;
ac09:13;;;;;;;18.41.48;2;5;5;1;2939;;18;2;11;16;9;19;18;5;13;16;3;12;
*18SM+~~~55;;;;;;;18.41.56;2;5;5;1;2947;;18;2;11;16;9;19;18;5;13;16;3;12;
a13RM-~~~55;;;;;;;18.41.56;2;5;5;1;2947;;18;2;11;16;9;19;18;5;13;16;3;12;
a13AH#G4~42~H2S;s;r;;;;;18.42.07;2;5;5;1;2952;;18;2;11;16;9;19;18;5;13;16;3;12;
*16BH=~~~~2~A2S;s;;;;;;18.42.07;2;5;5;1;2952;;18;2;11;16;9;19;18;5;13;16;3;12;
ap21:15;;;;;;;18.42.17;2;5;5;1;2955;;18;2;11;16;9;19;18;5;13;16;3;12;
az4;;;;;;;18.42.17;2;5;4;1;2968;;18;2;11;16;9;19;5;13;16;3;12;18;
a05SQ-~~~15;;;;;;;18.42.22;2;5;4;1;2973;;18;2;11;16;9;19;5;13;16;3;12;18;
*19RQ#~~~15;;;;;;;18.42.22;2;5;4;1;2973;;18;2;11;16;9;19;5;13;16;3;12;18;
*09ET+K1F;;;;;;;18.42.22;2;5;4;1;2974;;18;2;11;16;9;19;5;13;16;3;12;18;
*11AT=W4~47~H1S;p;r;;;;;18.42.26;2;5;4;1;2977;;18;2;11;16;9;19;5;13;16;3;12;18;
a$$&H#;p;;;;;;18.42.26;2;5;4;1;2977;;18;2;11;16;9;19;5;13;16;3;12;18;
ap21:16;;;;;;;18.42.29;2;5;4;1;2981;;18;2;11;16;9;19;5;13;16;3;12;18;
a05SQ-~~~15;;;;;;;18.42.48;2;5;4;1;2999;;18;2;11;16;9;19;5;13;16;3;12;18;
*19RQ+~~~15~~~~32;;;;;;;18.42.48;2;5;4;1;2999;;18;2;11;16;9;19;5;13;16;3;12;18;
*09ET+K1F;;;;;;;18.42.48;2;5;4;1;2999;;18;2;11;16;9;19;5;13;16;3;12;18;
*11AT/W4~42~H2A;p;r;;;;;18.42.52;2;5;4;1;3002;;18;2;11;16;9;19;5;13;16;3;12;18;
a03BT#~~~~2~A2A;p;;;;;;18.42.52;2;5;4;1;3003;;18;2;11;16;9;19;5;13;16;3;12;18;
ap21:17;;;;;;;18.42.57;2;5;4;1;3006;;18;2;11;16;9;19;5;13;16;3;12;18;
a05SQ+~~~16;;;;;;;18.43.13;2;5;4;1;3024;;18;2;11;16;9;19;5;13;16;3;12;18;
*20RQ-~~~16;;;;;;;18.43.13;2;5;4;1;3024;;18;2;11;16;9;19;5;13;16;3;12;18;
*11AH#G4~47~H2X;s;r;;;;;18.43.18;2;5;4;1;3029;;18;2;11;16;9;19;5;13;16;3;12;18;
a10DH=~~~47~S;s;;;;;;18.43.18;2;5;4;1;3029;;18;2;11;16;9;19;5;13;16;3;12;18;
*p22:17;;;;;;;18.43.22;2;5;4;1;3032;;18;2;11;16;9;19;5;13;16;3;12;18;
*z4;;;;;;;18.43.22;2;4;4;1;3033;;2;11;16;9;19;18;5;13;16;3;12;18;
*02SQ=~~~1~~~~N;s;;;;;;18.43.37;2;4;4;1;3049;;2;11;16;9;19;18;5;13;16;3;12;18;
a$$&H#;s;;;;;;18.43.37;2;4;4;1;3049;;2;11;16;9;19;18;5;13;16;3;12;18;
ap22:18;;;;;;;18.43.41;2;4;4;1;3054;;2;11;16;9;19;18;5;13;16;3;12;18;
az3;;;;;;;18.43.41;2;4;3;1;3052;;2;11;16;9;19;18;13;16;3;12;18;5;
a13SQ!~~~16;;;;;;;18.43.58;2;4;3;1;3066;;2;11;16;9;19;18;13;16;3;12;18;5;
*20RQ!~~~16~~~~21;;;;;;;18.43.58;2;4;3;1;3066;;2;11;16;9;19;18;13;16;3;12;18;5;
*02AT-Y9~9~~H;;r;;;;;18.44.06;2;4;3;1;3071;;2;11;16;9;19;18;13;16;3;12;18;5;
a12DT+~~~9;;;;;;;18.44.06;2;4;3;1;3071;;2;11;16;9;19;18;13;16;3;12;18;5;
a12AH=G4~45~H2S;s;p;;;;;18.44.10;2;4;3;1;3074;;2;11;16;9;19;18;13;16;3;12;18;5;
*$$&H#;s;;;;;;18.44.10;2;4;3;1;3074;;2;11;16;9;19;18;13;16;3;12;18;5;
*p23:18;;;;;;;18.44.17;2;4;3;1;3078;;2;11;16;9;19;18;13;16;3;12;18;5;
*z3;;;;;;;18.44.17;2;3;3;1;3088;;11;16;9;19;18;2;13;16;3;12;18;5;
*11SQ=~~~1~~~~N;s;;;;;;18.44.27;2;3;3;1;3099;;11;16;9;19;18;2;13;16;3;12;18;5;
a$$&H#;s;;;;;;18.44.27;2;3;3;1;3099;;11;16;9;19;18;2;13;16;3;12;18;5;
ap23:19;;;;;;;18.44.30;2;3;3;1;3104;;11;16;9;19;18;2;13;16;3;12;18;5;
az2;;;;;;;18.44.30;2;3;2;1;3101;;11;16;9;19;18;2;16;3;12;18;5;13;
a16SM-~~~16;;;;;;;18.44.44;2;3;2;1;3114;;11;16;9;19;18;2;16;3;12;18;5;13;
*20RM+~~~16;;;;;;;18.44.44;2;3;2;1;3115;;11;16;9;19;18;2;16;3;12;18;5;13;
*09EQ+K1C;;;;;;;18.44.44;2;3;2;1;3115;;11;16;9;19;18;2;16;3;12;18;5;13;
*16AQ#J4~39~T1X;s;r;;;;;18.44.49;2;3;2;1;3119;;11;16;9;19;18;2;16;3;12;18;5;13;
a05DQ=~~~39~S;s;;;;;;18.44.49;2;3;2;1;3119;;11;16;9;19;18;2;16;3;12;18;5;13;
*p24:19;;;;;;;18.44.54;2;3;2;1;3122;;11;16;9;19;18;2;16;3;12;18;5;13;
*z2;;;;;;;18.44.54;2;2;2;1;3125;;16;9;19;18;2;11;16;3;12;18;5;13;
*16SM+~~~55;;;;;;;18.45.03;2;2;2;1;3135;;16;9;19;18;2;11;16;3;12;18;5;13;
a13RM-~~~55;;;;;;;18.45.03;2;2;2;1;3135;;16;9;19;18;2;11;16;3;12;18;5;13;
a12AH=G4~45~H2O;p;r;;;;;18.45.10;2;2;2;1;3140;;16;9;19;18;2;11;16;3;12;18;5;13;
*$$&H#;p;;;;;;18.45.10;2;2;2;1;3140;;16;9;19;18;2;11;16;3;12;18;5;13;
*p25:19;;;;;;;18.45.13;2;2;2;1;3144;;16;9;19;18;2;11;16;3;12;18;5;13;
**2set;;;;;;;18.45.13;3;2;2;1;3144;;;;;;;;;;;;;;
*P09>LUp;;;;;;;18.45.13;3;2;2;1;3144;;19;18;2;11;16;9;12;18;5;13;16;3;
*z6>LUp;;;;;;;18.45.13;3;6;2;1;3144;;19;18;2;11;16;9;12;18;5;13;16;3;
aP03>LUp;;;;;;;18.45.13;3;6;2;1;3144;;19;18;2;11;16;9;12;18;5;13;16;3;
az6>LUp;;;;;;;18.45.13;3;6;6;1;3144;;19;18;2;11;16;9;12;18;5;13;16;3;
a12SQ=~~~1~~~~N;s;;;;;;18.49.05;3;6;6;1;3376;;19;18;2;11;16;9;12;18;5;13;16;3;
*$$&H#;s;;;;;;18.49.05;3;6;6;1;3376;;19;18;2;11;16;9;12;18;5;13;16;3;
*p01:00;;;;;;;18.49.11;3;6;6;1;3382;;19;18;2;11;16;9;12;18;5;13;16;3;
*z5;;;;;;;18.49.11;3;5;6;1;3382;;18;2;11;16;9;19;12;18;5;13;16;3;
*18SM-~~~51;;;;;;;18.49.24;3;5;6;1;3395;;18;2;11;16;9;19;12;18;5;13;16;3;
a12RM+~~~51;;;;;;;18.49.24;3;5;6;1;3395;;18;2;11;16;9;19;12;18;5;13;16;3;
a03ET+K1B;;;;;;;18.49.24;3;5;6;1;3397;;18;2;11;16;9;19;12;18;5;13;16;3;
a05AT-W2~25~H2;;r;;;;;18.49.32;3;5;6;1;3399;;18;2;11;16;9;19;12;18;5;13;16;3;
*19DT+~~~25~S;;;;;;;18.49.32;3;5;6;1;3399;;18;2;11;16;9;19;12;18;5;13;16;3;
*11AH-G4~47~H2;;p;;;;;18.49.34;3;5;6;1;3403;;18;2;11;16;9;19;12;18;5;13;16;3;
a10DH+~~~47;;;;;;;18.49.34;3;5;6;1;3403;;18;2;11;16;9;19;12;18;5;13;16;3;
a12AT#Y8~83~H2S;s;s;;;;;18.49.37;3;5;6;1;3407;;18;2;11;16;9;19;12;18;5;13;16;3;
*16BT=~~~~3~A2S;s;;;;;;18.49.37;3;5;6;1;3407;;18;2;11;16;9;19;12;18;5;13;16;3;
ap01:01;;;;;;;18.49.41;3;5;6;1;3411;;18;2;11;16;9;19;12;18;5;13;16;3;
az5;;;;;;;18.49.41;3;5;5;1;3412;;18;2;11;16;9;19;18;5;13;16;3;12;
a18SM=~~~55~~~O;s;;;;;;18.49.54;3;5;5;1;3425;;18;2;11;16;9;19;18;5;13;16;3;12;
*$$&H#;s;;;;;;18.49.54;3;5;5;1;3425;;18;2;11;16;9;19;18;5;13;16;3;12;
*p02:01;;;;;;;18.49.59;3;5;5;1;3432;;18;2;11;16;9;19;18;5;13;16;3;12;
*z4;;;;;;;18.49.59;3;4;5;1;3430;;2;11;16;9;19;18;18;5;13;16;3;12;
*02SQ!~~~16;;;;;;;18.50.13;3;4;5;1;3444;;2;11;16;9;19;18;18;5;13;16;3;12;
a12RQ!~~~16~~~~32;;;;;;;18.50.13;3;4;5;1;3444;;2;11;16;9;19;18;18;5;13;16;3;12;
a03ET+K8F;;;;;;;18.50.13;3;4;5;1;3444;;2;11;16;9;19;18;18;5;13;16;3;12;
a13AT#W4~42~H2O;s;r;;;;;18.50.18;3;4;5;1;3449;;2;11;16;9;19;18;18;5;13;16;3;12;
*16BT=~~~~2~A2O;s;;;;;;18.50.18;3;4;5;1;3449;;2;11;16;9;19;18;18;5;13;16;3;12;
ap02:02;;;;;;;18.50.22;3;4;5;1;3453;;2;11;16;9;19;18;18;5;13;16;3;12;
az4;;;;;;;18.50.22;3;4;4;1;3453;;2;11;16;9;19;18;5;13;16;3;12;18;
a05SQ=~~~15~~~O;s;;;;;;18.50.38;3;4;4;1;3469;;2;11;16;9;19;18;5;13;16;3;12;18;
*$$&H#;s;;;;;;18.50.38;3;4;4;1;3469;;2;11;16;9;19;18;5;13;16;3;12;18;
*p03:02;;;;;;;18.50.42;3;4;4;1;3475;;2;11;16;9;19;18;5;13;16;3;12;18;
*z3;;;;;;;18.50.42;3;3;4;1;3473;;11;16;9;19;18;2;5;13;16;3;12;18;
*11SQ!~~~16;;;;;;;18.50.58;3;3;4;1;3489;;11;16;9;19;18;2;5;13;16;3;12;18;
a10RQ!~~~16~~~~32;;;;;;;18.50.58;3;3;4;1;3489;;11;16;9;19;18;2;5;13;16;3;12;18;
a03ET+K8F;;;;;;;18.50.58;3;3;4;1;3490;;11;16;9;19;18;2;5;13;16;3;12;18;
a13AT-W4~46~H2;;r;;;;;18.51.04;3;3;4;1;3495;;11;16;9;19;18;2;5;13;16;3;12;18;
*02DT+~~~46~S;;;;;;;18.51.04;3;3;4;1;3495;;11;16;9;19;18;2;5;13;16;3;12;18;
*11AT-Y9~94~H2C;;p;;;;;18.51.07;3;3;4;1;3498;;11;16;9;19;18;2;5;13;16;3;12;18;
a16BT+~~~~4~A2;;;;;;;18.51.07;3;3;4;1;3498;;11;16;9;19;18;2;5;13;16;3;12;18;
a10EH+~~F~4;;;;;;;18.51.07;3;3;4;1;3501;;11;16;9;19;18;2;5;13;16;3;12;18;
a13AH#G4~45~H2X;s;s;;;;;18.51.15;3;3;4;1;3503;;11;16;9;19;18;2;5;13;16;3;12;18;
*20DH=~~~45~S;s;;;;;;18.51.15;3;3;4;1;3503;;11;16;9;19;18;2;5;13;16;3;12;18;
ap03:03;;;;;;;18.51.18;3;3;4;1;3507;;11;16;9;19;18;2;5;13;16;3;12;18;
az3;;;;;;;18.51.18;3;3;3;1;3509;;11;16;9;19;18;2;13;16;3;12;18;5;
a13SQ+~~~11;;;;;;;18.51.31;3;3;3;1;3522;;11;16;9;19;18;2;13;16;3;12;18;5;
*02RQ-~~~11;;;;;;;18.51.31;3;3;3;1;3523;;11;16;9;19;18;2;13;16;3;12;18;5;
*19AT#W4~42~H2S;s;r;;;;;18.51.36;3;3;3;1;3527;;11;16;9;19;18;2;13;16;3;12;18;5;
a16BT=~~~~2~A2S;s;;;;;;18.51.36;3;3;3;1;3527;;11;16;9;19;18;2;13;16;3;12;18;5;
*p04:03;;;;;;;18.51.43;3;3;3;1;3531;;11;16;9;19;18;2;13;16;3;12;18;5;
*z2;;;;;;;18.51.43;3;2;3;1;3534;;16;9;19;18;2;11;13;16;3;12;18;5;
*16SM-~~~57;;;;;;;18.51.57;3;2;3;1;3548;;16;9;19;18;2;11;13;16;3;12;18;5;
a12RM#~~~57~O;;;;;;;18.51.57;3;2;3;1;3548;;16;9;19;18;2;11;13;16;3;12;18;5;
a03EQ+K1C;;;;;;;18.51.57;3;2;3;1;3549;;16;9;19;18;2;11;13;16;3;12;18;5;
a16AQ#J4~36~H1X;s;r;;;;;18.52.03;3;2;3;1;3552;;16;9;19;18;2;11;13;16;3;12;18;5;
*02DQ=~~~36~S;s;;;;;;18.52.03;3;2;3;1;3553;;16;9;19;18;2;11;13;16;3;12;18;5;
ap04:04;;;;;;;18.52.07;3;2;3;1;3556;;16;9;19;18;2;11;13;16;3;12;18;5;
az2;;;;;;;18.52.07;3;2;2;1;3558;;16;9;19;18;2;11;16;3;12;18;5;13;
a16SM=~~~11~~~O;s;;;;;;18.52.34;3;2;2;1;3585;;16;9;19;18;2;11;16;3;12;18;5;13;
*$$&H#;s;;;;;;18.52.34;3;2;2;1;3585;;16;9;19;18;2;11;16;3;12;18;5;13;
*p05:04;;;;;;;18.52.38;3;2;2;1;3591;;16;9;19;18;2;11;16;3;12;18;5;13;
*z1;;;;;;;18.52.38;3;1;2;1;3589;;9;19;18;2;11;16;16;3;12;18;5;13;
*09SM!~~~16;;;;;;;18.52.51;3;1;2;1;3602;;9;19;18;2;11;16;16;3;12;18;5;13;
a13RM!~~~16~O~~32;;;;;;;18.52.51;3;1;2;1;3602;;9;19;18;2;11;16;16;3;12;18;5;13;
a03ET+K8B;;;;;;;18.52.51;3;1;2;1;3602;;9;19;18;2;11;16;16;3;12;18;5;13;
a05AT=Y9~91~H2O;p;r;;;;;18.52.57;3;1;2;1;3607;;9;19;18;2;11;16;16;3;12;18;5;13;
*$$&H#;p;;;;;;18.52.57;3;1;2;1;3607;;9;19;18;2;11;16;16;3;12;18;5;13;
*p06:04;;;;;;;18.53.00;3;1;2;1;3612;;9;19;18;2;11;16;16;3;12;18;5;13;
*09SM!~~~17;;;;;;;18.53.12;3;1;2;1;3623;;9;19;18;2;11;16;16;3;12;18;5;13;
a12RM!~~~17~O~~32;;;;;;;18.53.12;3;1;2;1;3624;;9;19;18;2;11;16;16;3;12;18;5;13;
a03EQ+K8C;;;;;;;18.53.12;3;1;2;1;3623;;9;19;18;2;11;16;16;3;12;18;5;13;
a18AQ-J4~38~T2;;r;;;;;18.53.17;3;1;2;1;3627;;9;19;18;2;11;16;16;3;12;18;5;13;
*02DQ+~~~38;;;;;;;18.53.17;3;1;2;1;3627;;9;19;18;2;11;16;16;3;12;18;5;13;
*19AT+W4~47~H2;;p;;;;;18.53.21;3;1;2;1;3631;;9;19;18;2;11;16;16;3;12;18;5;13;
a12DT/~~~47~S;;;;;;;18.53.21;3;1;2;1;3631;;9;19;18;2;11;16;16;3;12;18;5;13;
*20FH#;;;;;;;18.53.21;3;1;2;1;3633;;9;19;18;2;11;16;16;3;12;18;5;13;
*02AT=W2~29~H1S;s;p;;;;;18.53.24;3;1;2;1;3636;;9;19;18;2;11;16;16;3;12;18;5;13;
a$$&H#;s;;;;;;18.53.24;3;1;2;1;3636;;9;19;18;2;11;16;16;3;12;18;5;13;
ap06:05;;;;;;;18.53.29;3;1;2;1;3640;;9;19;18;2;11;16;16;3;12;18;5;13;
az1;;;;;;;18.53.29;3;1;1;1;3640;;9;19;18;2;11;16;3;12;18;5;13;16;
a03SM-~~~16;;;;;;;18.53.48;3;1;1;1;3659;;9;19;18;2;11;16;3;12;18;5;13;16;
*20RM#~~~16;;;;;;;18.53.48;3;1;1;1;3659;;9;19;18;2;11;16;3;12;18;5;13;16;
*09EQ+K1C;;;;;;;18.53.48;3;1;1;1;3660;;9;19;18;2;11;16;3;12;18;5;13;16;
*18AQ#J4~37~H1X;s;r;;;;;18.53.53;3;1;1;1;3664;;9;19;18;2;11;16;3;12;18;5;13;16;
a10DQ=~~~37~S;s;;;;;;18.53.53;3;1;1;1;3664;;9;19;18;2;11;16;3;12;18;5;13;16;
*p07:05;;;;;;;18.53.57;3;1;1;1;3667;;9;19;18;2;11;16;3;12;18;5;13;16;
*z6;;;;;;;18.53.57;3;6;1;1;3668;;19;18;2;11;16;9;3;12;18;5;13;16;
*19SQ=~~~55~~~O;s;;;;;;18.54.10;3;6;1;1;3681;;19;18;2;11;16;9;3;12;18;5;13;16;
a$$&H#;s;;;;;;18.54.10;3;6;1;1;3681;;19;18;2;11;16;9;3;12;18;5;13;16;
ap07:06;;;;;;;18.54.16;3;6;1;1;3687;;19;18;2;11;16;9;3;12;18;5;13;16;
az6;;;;;;;18.54.16;3;6;6;1;3687;;19;18;2;11;16;9;12;18;5;13;16;3;
a12SM-~~~65;;;;;;;18.54.24;3;6;6;1;3695;;19;18;2;11;16;9;12;18;5;13;16;3;
*20RM#~~~65;;;;;;;18.54.24;3;6;6;1;3695;;19;18;2;11;16;9;12;18;5;13;16;3;
*09EQ+K1C;;;;;;;18.54.24;3;6;6;1;3695;;19;18;2;11;16;9;12;18;5;13;16;3;
*18AQ#J4~36~H1X;s;r;;;;;18.54.29;3;6;6;1;3700;;19;18;2;11;16;9;12;18;5;13;16;3;
a12DQ=~~~36~S;s;;;;;;18.54.29;3;6;6;1;3700;;19;18;2;11;16;9;12;18;5;13;16;3;
*p08:06;;;;;;;18.54.32;3;6;6;1;3703;;19;18;2;11;16;9;12;18;5;13;16;3;
*z5;;;;;;;18.54.32;3;5;6;1;3703;;18;2;11;16;9;19;12;18;5;13;16;3;
*18SM-~~~59;;;;;;;18.54.47;3;5;6;1;3718;;18;2;11;16;9;19;12;18;5;13;16;3;
a12RM+~~~59~~~~21;;;;;;;18.54.47;3;5;6;1;3719;;18;2;11;16;9;19;12;18;5;13;16;3;
a03ET+K1F;;;;;;;18.54.47;3;5;6;1;3719;;18;2;11;16;9;19;12;18;5;13;16;3;
a13AT-W4~42~H2C;;r;;;;;18.54.52;3;5;6;1;3723;;18;2;11;16;9;19;12;18;5;13;16;3;
*16BT+~~~~2~A2;;;;;;;18.54.52;3;5;6;1;3723;;18;2;11;16;9;19;12;18;5;13;16;3;
*19DH+~~~35~B;;;;;;;18.54.54;3;5;6;1;3722;;18;2;11;16;9;19;12;18;5;13;16;3;
*11AT#W4~42~H2F;p;p;;;;;18.54.55;3;5;6;1;3727;;18;2;11;16;9;19;12;18;5;13;16;3;
a18BT=~~~~2~A2F;p;;;;;;18.54.55;3;5;6;1;3727;;18;2;11;16;9;19;12;18;5;13;16;3;
*p09:06;;;;;;;18.55.00;3;5;6;1;3731;;18;2;11;16;9;19;12;18;5;13;16;3;
ac18:11;;;;;;;18.55.00;3;5;6;1;3731;;18;2;11;16;9;19;12;11;5;13;16;3;
*18SM!~~~51;;;;;;;18.55.16;3;5;6;1;3747;;18;2;11;16;9;19;12;11;5;13;16;3;
a12RM!~~~51~~~~32;;;;;;;18.55.16;3;5;6;1;3747;;18;2;11;16;9;19;12;11;5;13;16;3;
a03ET+K8B;;;;;;;18.55.16;3;5;6;1;3749;;18;2;11;16;9;19;12;11;5;13;16;3;
a05AT-W2~29~H2;;r;;;;;18.55.20;3;5;6;1;3752;;18;2;11;16;9;19;12;11;5;13;16;3;
*02DT+~~~29;;;;;;;18.55.20;3;5;6;1;3752;;18;2;11;16;9;19;12;11;5;13;16;3;
*16EH+~~F~4;;;;;;;18.55.24;3;5;6;1;3754;;18;2;11;16;9;19;12;11;5;13;16;3;
*11AH-G4~42~H3C;;p;;;;;18.55.25;3;5;6;1;3756;;18;2;11;16;9;19;12;11;5;13;16;3;
a13BH+~~~~2~A3;;;;;;;18.55.25;3;5;6;1;3756;;18;2;11;16;9;19;12;11;5;13;16;3;
a10EH+~~F~4;;;;;;;18.55.27;3;5;6;1;3759;;18;2;11;16;9;19;12;11;5;13;16;3;
a13AH+G4~42~H2C;;s;;;;;18.55.30;3;5;6;1;3760;;18;2;11;16;9;19;12;11;5;13;16;3;
*16BH-~~~~2~~2;;;;;;;18.55.30;3;5;6;1;3761;;18;2;11;16;9;19;12;11;5;13;16;3;
a13AH#G4~42~H2O;s;s;;;;;18.55.33;3;5;6;1;3765;;18;2;11;16;9;19;12;11;5;13;16;3;
*02BH=~~~~2~A2O;s;;;;;;18.55.33;3;5;6;1;3765;;18;2;11;16;9;19;12;11;5;13;16;3;
ap09:07;;;;;;;18.55.36;3;5;6;1;3769;;18;2;11;16;9;19;12;11;5;13;16;3;
az5;;;;;;;18.55.36;3;5;5;1;3767;;18;2;11;16;9;19;11;5;13;16;3;12;
a11SM-~~~56;;;;;;;18.55.52;3;5;5;1;3783;;18;2;11;16;9;19;11;5;13;16;3;12;
*20RM+~~~56~~~~32;;;;;;;18.55.52;3;5;5;1;3783;;18;2;11;16;9;19;11;5;13;16;3;12;
*09ET+K1B;;;;;;;18.55.52;3;5;5;1;3783;;18;2;11;16;9;19;11;5;13;16;3;12;
*02AT#W2~29~H;s;r;;;;;18.55.57;3;5;5;1;3789;;18;2;11;16;9;19;11;5;13;16;3;12;
a05DT=~~~29~S;s;;;;;;18.55.57;3;5;5;1;3789;;18;2;11;16;9;19;11;5;13;16;3;12;
*p10:07;;;;;;;18.56.04;3;5;5;1;3794;;18;2;11;16;9;19;11;5;13;16;3;12;
*z4;;;;;;;18.56.04;3;4;5;1;3795;;2;11;16;9;19;18;11;5;13;16;3;12;
*c09:14;;;;;;;18.56.04;3;4;5;1;3795;;2;11;16;14;19;18;11;5;13;16;3;12;
*c02:06;;;;;;;18.56.04;3;4;5;1;3795;;6;11;16;14;19;18;11;5;13;16;3;12;
*P6;;;;;;;18.56.04;3;4;5;1;3795;;6;11;16;14;19;18;11;5;13;16;3;12;
*z1;;;;;;;18.56.04;3;1;5;1;3795;;6;11;16;14;19;18;11;5;13;16;3;12;
*06SM!~~~65;;;;;;;18.56.29;3;1;5;1;3820;;6;11;16;14;19;18;11;5;13;16;3;12;
a13RM!~~~65~O~~42;;;;;;;18.56.29;3;1;5;1;3820;;6;11;16;14;19;18;11;5;13;16;3;12;
a13AT/W4~42~H2A;p;r;;;;;18.56.35;3;1;5;1;3826;;6;11;16;14;19;18;11;5;13;16;3;12;
*16BT#~~~~2~A2A;p;;;;;;18.56.35;3;1;5;1;3826;;6;11;16;14;19;18;11;5;13;16;3;12;
*p11:07;;;;;;;18.56.39;3;1;5;1;3829;;6;11;16;14;19;18;11;5;13;16;3;12;
*06SM#~~~15;p;;;;;;18.56.56;3;1;5;1;3847;;6;11;16;14;19;18;11;5;13;16;3;12;
a12RM=~~~15~L;p;;;;;;18.56.56;3;1;5;1;3848;;6;11;16;14;19;18;11;5;13;16;3;12;
*p12:07;;;;;;;18.57.01;3;1;5;1;3853;;6;11;16;14;19;18;11;5;13;16;3;12;
aT;;;;;;;18.57.01;3;1;5;1;3852;;6;11;16;14;19;18;11;5;13;16;3;12;
*06SM-~~~58;;;;;;;18.58.15;3;1;5;1;3927;;6;11;16;14;19;18;11;5;13;16;3;12;
a13RM+~~~58~O~~32;;;;;;;18.58.15;3;1;5;1;3928;;6;11;16;14;19;18;11;5;13;16;3;12;
a03ET+K8B;;;;;;;18.58.15;3;1;5;1;3928;;6;11;16;14;19;18;11;5;13;16;3;12;
a05AT#W2~24~H2A;s;r;;;;;18.58.22;3;1;5;1;3932;;6;11;16;14;19;18;11;5;13;16;3;12;
*11BT=~~~~4~A2;s;;;;;;18.58.22;3;1;5;1;3932;;6;11;16;14;19;18;11;5;13;16;3;12;
ap12:08;;;;;;;18.58.25;3;1;5;1;3935;;6;11;16;14;19;18;11;5;13;16;3;12;
az4;;;;;;;18.58.25;3;1;4;1;3931;;6;11;16;14;19;18;5;13;16;3;12;11;
a05SQ-~~~16;;;;;;;18.58.42;3;1;4;1;3953;;6;11;16;14;19;18;5;13;16;3;12;11;
*20RQ#~~~16;;;;;;;18.58.42;3;1;4;1;3953;;6;11;16;14;19;18;5;13;16;3;12;11;
*06ET+K1P;;;;;;;18.58.42;3;1;4;1;3954;;6;11;16;14;19;18;5;13;16;3;12;11;
*19AT#Y8~85~H0X;s;r;;;;;18.58.48;3;1;4;1;3959;;6;11;16;14;19;18;5;13;16;3;12;11;
a10DT=~~~85~S;s;;;;;;18.58.48;3;1;4;1;3960;;6;11;16;14;19;18;5;13;16;3;12;11;
*p13:08;;;;;;;18.58.54;3;1;4;1;3963;;6;11;16;14;19;18;5;13;16;3;12;11;
*z6;;;;;;;18.58.54;3;6;4;1;3962;;11;16;14;19;18;6;5;13;16;3;12;11;
*11SQ=~~~1~~~~N;s;;;;;;18.59.10;3;6;4;1;3981;;11;16;14;19;18;6;5;13;16;3;12;11;
a$$&H#;s;;;;;;18.59.10;3;6;4;1;3981;;11;16;14;19;18;6;5;13;16;3;12;11;
ap13:09;;;;;;;18.59.13;3;6;4;1;3986;;11;16;14;19;18;6;5;13;16;3;12;11;
az3;;;;;;;18.59.13;3;6;3;1;3981;;11;16;14;19;18;6;13;16;3;12;11;5;
a13SQ-~~~11;;;;;;;18.59.27;3;6;3;1;3997;;11;16;14;19;18;6;13;16;3;12;11;5;
*11RQ#~~~11;;;;;;;18.59.27;3;6;3;1;3997;;11;16;14;19;18;6;13;16;3;12;11;5;
*06ET+K1B;;;;;;;18.59.27;3;6;3;1;3997;;11;16;14;19;18;6;13;16;3;12;11;5;
*14AT/W2~24~H2A;p;r;;;;;18.59.30;3;6;3;1;4001;;11;16;14;19;18;6;13;16;3;12;11;5;
a12BT#~~~~4~A2A;p;;;;;;18.59.30;3;6;3;1;4001;;11;16;14;19;18;6;13;16;3;12;11;5;
ap13:10;;;;;;;18.59.33;3;6;3;1;4008;;11;16;14;19;18;6;13;16;3;12;11;5;
a13SQ=~~~1~~~~N;s;;;;;;18.59.51;3;6;3;1;4021;;11;16;14;19;18;6;13;16;3;12;11;5;
*$$&H#;s;;;;;;18.59.51;3;6;3;1;4021;;11;16;14;19;18;6;13;16;3;12;11;5;
*p14:10;;;;;;;18.59.54;3;6;3;1;4026;;11;16;14;19;18;6;13;16;3;12;11;5;
*z5;;;;;;;18.59.54;3;5;3;1;4022;;16;14;19;18;6;11;13;16;3;12;11;5;
*16SM+~~~55;;;;;;;19.00.07;3;5;3;1;4038;;16;14;19;18;6;11;13;16;3;12;11;5;
a12RM-~~~55;;;;;;;19.00.07;3;5;3;1;4038;;16;14;19;18;6;11;13;16;3;12;11;5;
a05EH+~~F~4;;;;;;;19.00.12;3;5;3;1;4042;;16;14;19;18;6;11;13;16;3;12;11;5;
a12AH+G4~46AT2;;r;;;;;19.00.14;3;5;3;1;4044;;16;14;19;18;6;11;13;16;3;12;11;5;
*11DH/~~~46A;;;;;;;19.00.14;3;5;3;1;4044;;16;14;19;18;6;11;13;16;3;12;11;5;
a16FH!;;;;;;;19.00.17;3;5;3;1;4047;;16;14;19;18;6;11;13;16;3;12;11;5;
a12AT#W4~42~H2S;s;s;;;;;19.00.19;3;5;3;1;4050;;16;14;19;18;6;11;13;16;3;12;11;5;
*18BT=~~~~2~A2S;s;;;;;;19.00.19;3;5;3;1;4050;;16;14;19;18;6;11;13;16;3;12;11;5;
ap14:11;;;;;;;19.00.24;3;5;3;1;4054;;16;14;19;18;6;11;13;16;3;12;11;5;
az2;;;;;;;19.00.24;3;5;2;1;4052;;16;14;19;18;6;11;16;3;12;11;5;13;
a16SM#~~~11;p;;;;;;19.00.35;3;5;2;1;4067;;16;14;19;18;6;11;16;3;12;11;5;13;
*20RM=~~~11~R;p;;;;;;19.00.35;3;5;2;1;4067;;16;14;19;18;6;11;16;3;12;11;5;13;
ap14:12;;;;;;;19.00.41;3;5;2;1;4074;;16;14;19;18;6;11;16;3;12;11;5;13;
a16SM-~~~19;;;;;;;19.01.06;3;5;2;1;4086;;16;14;19;18;6;11;16;3;12;11;5;13;
*20RM+~~~19;;;;;;;19.01.06;3;5;2;1;4086;;16;14;19;18;6;11;16;3;12;11;5;13;
*06ET+K1B;;;;;;;19.01.06;3;5;2;1;4086;;16;14;19;18;6;11;16;3;12;11;5;13;
*14AT#W2~2~~H;s;r;;;;;19.01.12;3;5;2;1;4089;;16;14;19;18;6;11;16;3;12;11;5;13;
a10DT=~~~~2~S;s;;;;;;19.01.12;3;5;2;1;4089;;16;14;19;18;6;11;16;3;12;11;5;13;
*p15:12;;;;;;;19.01.15;3;5;2;1;4095;;16;14;19;18;6;11;16;3;12;11;5;13;
*z4;;;;;;;19.01.15;3;4;2;1;4103;;14;19;18;6;11;16;16;3;12;11;5;13;
*c14:09;;;;;;;19.01.15;3;4;2;1;4103;;9;19;18;6;11;16;16;3;12;11;5;13;
*c06:02;;;;;;;19.01.15;3;4;2;1;4103;;9;19;18;2;11;16;16;3;12;11;5;13;
*P9;;;;;;;19.01.15;3;4;2;1;4103;;9;19;18;2;11;16;16;3;12;11;5;13;
*z1;;;;;;;19.01.15;3;1;2;1;4103;;9;19;18;2;11;16;16;3;12;11;5;13;
*09SM-~~~16;;;;;;;19.01.38;3;1;2;1;4129;;9;19;18;2;11;16;16;3;12;11;5;13;
a10RM#~~~16~~~~31;;;;;;;19.01.38;3;1;2;1;4129;;9;19;18;2;11;16;16;3;12;11;5;13;
a03EQ+K1C;;;;;;;19.01.38;3;1;2;1;4129;;9;19;18;2;11;16;16;3;12;11;5;13;
a11AQ+J4~33~T2;;r;;;;;19.01.42;3;1;2;1;4133;;9;19;18;2;11;16;16;3;12;11;5;13;
*18BQ-~~~~3~A2;;;;;;;19.01.42;3;1;2;1;4132;;9;19;18;2;11;16;16;3;12;11;5;13;
*20EH/~~~~4;;;;;;;19.01.47;3;1;2;1;4135;;9;19;18;2;11;16;16;3;12;11;5;13;
a13FH#;;;;;;;19.01.47;3;1;2;1;4137;;9;19;18;2;11;16;16;3;12;11;5;13;
a12AT#W4~42~T2S;s;s;;;;;19.01.50;3;1;2;1;4139;;9;19;18;2;11;16;16;3;12;11;5;13;
*02BT=~~~~2~A2S;s;;;;;;19.01.50;3;1;2;1;4139;;9;19;18;2;11;16;16;3;12;11;5;13;
ap15:13;;;;;;;19.01.53;3;1;2;1;4143;;9;19;18;2;11;16;16;3;12;11;5;13;
az1;;;;;;;19.01.53;3;1;1;1;4141;;9;19;18;2;11;16;3;12;11;5;13;16;
ac05:01;;;;;;;19.01.53;3;1;1;1;4141;;9;19;18;2;11;16;3;12;11;1;13;16;
a03SQ-~~~16;;;;;;;19.02.14;3;1;1;1;4162;;9;19;18;2;11;16;3;12;11;1;13;16;
*20RQ#~~~16;;;;;;;19.02.14;3;1;1;1;4162;;9;19;18;2;11;16;3;12;11;1;13;16;
*09ET+K1F;;;;;;;19.02.14;3;1;1;1;4163;;9;19;18;2;11;16;3;12;11;1;13;16;
*02AT+W4~47~H1;;r;;;;;19.02.19;3;1;1;1;4169;;9;19;18;2;11;16;3;12;11;1;13;16;
a12DT/~~~47~S;;;;;;;19.02.19;3;1;1;1;4170;;9;19;18;2;11;16;3;12;11;1;13;16;
*20FH#;;;;;;;19.02.25;3;1;1;1;4176;;9;19;18;2;11;16;3;12;11;1;13;16;
*18AQ+J4~33~H1C1;;s;;;;;19.02.27;3;1;1;1;4178;;9;19;18;2;11;16;3;12;11;1;13;16;
a11BQ-~~~~3~T1;;;;;;;19.02.27;3;1;1;1;4178;;9;19;18;2;11;16;3;12;11;1;13;16;
*02AT#W4~41~H2X;s;s;;;;;19.02.29;3;1;1;1;4182;;9;19;18;2;11;16;3;12;11;1;13;16;
a03DT=~~~41~S;s;;;;;;19.02.29;3;1;1;1;4182;;9;19;18;2;11;16;3;12;11;1;13;16;
*p16:13;;;;;;;19.02.33;3;1;1;1;4186;;9;19;18;2;11;16;3;12;11;1;13;16;
*z6;;;;;;;19.02.33;3;6;1;1;4188;;19;18;2;11;16;9;3;12;11;1;13;16;
*19SQ/~~~58D;;;;;;;19.03.03;3;6;1;1;4202;;19;18;2;11;16;9;3;12;11;1;13;16;
a13RQ/~~~58D;;;;;;;19.03.03;3;6;1;1;4202;;19;18;2;11;16;9;3;12;11;1;13;16;
*02FH#;;;;;;;19.02.57;3;6;1;1;4209;;19;18;2;11;16;9;3;12;11;1;13;16;
*18AQ#J1~35~H1X;p;p;;;;;19.03.00;3;6;1;1;4210;;19;18;2;11;16;9;3;12;11;1;13;16;
a10DQ=~~~35~S;p;;;;;;19.03.00;3;6;1;1;4210;;19;18;2;11;16;9;3;12;11;1;13;16;
*p17:13;;;;;;;19.03.03;3;6;1;1;4214;;19;18;2;11;16;9;3;12;11;1;13;16;
*19SQ=~~~5~~~~N;s;;;;;;19.03.17;3;6;1;1;4226;;19;18;2;11;16;9;3;12;11;1;13;16;
a$$&H#;s;;;;;;19.03.17;3;6;1;1;4226;;19;18;2;11;16;9;3;12;11;1;13;16;
ap17:14;;;;;;;19.03.19;3;6;1;1;4233;;19;18;2;11;16;9;3;12;11;1;13;16;
az6;;;;;;;19.03.19;3;6;6;1;4228;;19;18;2;11;16;9;12;11;1;13;16;3;
a12SQ-~~~16;;;;;;;19.03.33;3;6;6;1;4243;;19;18;2;11;16;9;12;11;1;13;16;3;
*20RQ#~~~16;;;;;;;19.03.33;3;6;6;1;4243;;19;18;2;11;16;9;12;11;1;13;16;3;
*09EQ+K1C;;;;;;;19.03.33;3;6;6;1;4243;;19;18;2;11;16;9;12;11;1;13;16;3;
*18AQ#J4~31~H1X;s;r;;;;;19.03.39;3;6;6;1;4249;;19;18;2;11;16;9;12;11;1;13;16;3;
a03DQ=~~~31~S;s;;;;;;19.03.39;3;6;6;1;4250;;19;18;2;11;16;9;12;11;1;13;16;3;
*p18:14;;;;;;;19.03.42;3;6;6;1;4253;;19;18;2;11;16;9;12;11;1;13;16;3;
*z5;;;;;;;19.03.42;3;5;6;1;4250;;18;2;11;16;9;19;12;11;1;13;16;3;
ac12:07;;;;;;;19.03.42;3;5;6;1;4250;;18;2;11;16;9;19;7;11;1;13;16;3;
*18SM!~~~51;;;;;;;19.04.03;3;5;6;1;4273;;18;2;11;16;9;19;7;11;1;13;16;3;
a07RM!~~~51~~~~31;;;;;;;19.04.03;3;5;6;1;4274;;18;2;11;16;9;19;7;11;1;13;16;3;
a13AT-W4~44~T2;;r;;;;;19.04.08;3;5;6;1;4279;;18;2;11;16;9;19;7;11;1;13;16;3;
*11DT+~~~44;;;;;;;19.04.08;3;5;6;1;4279;;18;2;11;16;9;19;7;11;1;13;16;3;
*19EH+~~B~2;;;;;;;19.04.12;3;5;6;1;4281;;18;2;11;16;9;19;7;11;1;13;16;3;
*02AH-G2~28~T0;;p;;;;;19.04.12;3;5;6;1;4284;;18;2;11;16;9;19;7;11;1;13;16;3;
a03DH+~~~28~E;;;;;;;19.04.12;3;5;6;1;4283;;18;2;11;16;9;19;7;11;1;13;16;3;
a13EH+~~~~2;;;;;;;19.04.15;3;5;6;1;4285;;18;2;11;16;9;19;7;11;1;13;16;3;
a01AH#G2~24~H2O;s;s;;;;;19.04.15;3;5;6;1;4287;;18;2;11;16;9;19;7;11;1;13;16;3;
*16BH=~~~~4~A2O;s;;;;;;19.04.15;3;5;6;1;4287;;18;2;11;16;9;19;7;11;1;13;16;3;
ap18:15;;;;;;;19.04.20;3;5;6;1;4292;;18;2;11;16;9;19;7;11;1;13;16;3;
az5;;;;;;;19.04.20;3;5;5;1;4290;;18;2;11;16;9;19;11;1;13;16;3;7;
a11SM-~~~56;;;;;;;19.04.44;3;5;5;1;4314;;18;2;11;16;9;19;11;1;13;16;3;7;
*20RM+~~~56;;;;;;;19.04.44;3;5;5;1;4314;;18;2;11;16;9;19;11;1;13;16;3;7;
*09ET+K1F;;;;;;;19.04.44;3;5;5;1;4314;;18;2;11;16;9;19;11;1;13;16;3;7;
*11AT+W4~47~H;;r;;;;;19.04.51;3;5;5;1;4320;;18;2;11;16;9;19;11;1;13;16;3;7;
a11DT/~~~47;;;;;;;19.04.51;3;5;5;1;4320;;18;2;11;16;9;19;11;1;13;16;3;7;
*20FH#;;;;;;;19.04.54;3;5;5;1;4325;;18;2;11;16;9;19;11;1;13;16;3;7;
*02AT#W2~24~H2S;s;s;;;;;19.04.56;3;5;5;1;4327;;18;2;11;16;9;19;11;1;13;16;3;7;
a16BT=~~~~4~A2S;s;;;;;;19.04.56;3;5;5;1;4327;;18;2;11;16;9;19;11;1;13;16;3;7;
*p19:15;;;;;;;19.05.01;3;5;5;1;4332;;18;2;11;16;9;19;11;1;13;16;3;7;
*z4;;;;;;;19.05.01;3;4;5;1;4330;;2;11;16;9;19;18;11;1;13;16;3;7;
*02SQ/~~~16;;;;;;;19.05.17;3;4;5;1;4348;;2;11;16;9;19;18;11;1;13;16;3;7;
a07RQ/~~~16;;;;;;;19.05.17;3;4;5;1;4348;;2;11;16;9;19;18;11;1;13;16;3;7;
*11FH#;;;;;;;19.05.27;3;4;5;1;4357;;2;11;16;9;19;18;11;1;13;16;3;7;
*02AT#Y9~94~H2O;p;p;;;;;19.05.28;3;4;5;1;4359;;2;11;16;9;19;18;11;1;13;16;3;7;
a16BT=~~~~4~A2O;p;;;;;;19.05.28;3;4;5;1;4359;;2;11;16;9;19;18;11;1;13;16;3;7;
*p20:15;;;;;;;19.05.33;3;4;5;1;4364;;2;11;16;9;19;18;11;1;13;16;3;7;
aT;;;;;;;19.05.33;3;4;5;1;4361;;2;11;16;9;19;18;11;1;13;16;3;7;
*02SQ#~~~16B;p;;;;;;19.06.50;3;4;5;1;4442;;2;11;16;9;19;18;11;1;13;16;3;7;
a10RQ=~~~16BW;p;;;;;;19.06.50;3;4;5;1;4442;;2;11;16;9;19;18;11;1;13;16;3;7;
*p21:15;;;;;;;19.06.55;3;4;5;1;4449;;2;11;16;9;19;18;11;1;13;16;3;7;
*02SQ=~~~16~~~O;s;;;;;;19.07.12;3;4;5;1;4463;;2;11;16;9;19;18;11;1;13;16;3;7;
a$$&H#;s;;;;;;19.07.12;3;4;5;1;4463;;2;11;16;9;19;18;11;1;13;16;3;7;
ap21:16;;;;;;;19.07.18;3;4;5;1;4470;;2;11;16;9;19;18;11;1;13;16;3;7;
az4;;;;;;;19.07.18;3;4;4;1;4466;;2;11;16;9;19;18;1;13;16;3;7;11;
a01SQ!~~~16;;;;;;;19.07.31;3;4;4;1;4481;;2;11;16;9;19;18;1;13;16;3;7;11;
*20RQ!~~~16~~~~32;;;;;;;19.07.31;3;4;4;1;4481;;2;11;16;9;19;18;1;13;16;3;7;11;
*09ET+K8B;;;;;;;19.07.31;3;4;4;1;4481;;2;11;16;9;19;18;1;13;16;3;7;11;
*02AT-Y9~91~H2;;r;;;;;19.07.36;3;4;4;1;4488;;2;11;16;9;19;18;1;13;16;3;7;11;
a01DT+~~~91~S;;;;;;;19.07.36;3;4;4;1;4487;;2;11;16;9;19;18;1;13;16;3;7;11;
a13AH#G4~42~H2S;p;p;;;;;19.07.39;3;4;4;1;4492;;2;11;16;9;19;18;1;13;16;3;7;11;
*16BH=~~~~2~A2S;p;;;;;;19.07.39;3;4;4;1;4492;;2;11;16;9;19;18;1;13;16;3;7;11;
ap21:17;;;;;;;19.07.47;3;4;4;1;4497;;2;11;16;9;19;18;1;13;16;3;7;11;
a01SQ!~~~15A~~N;;;;;;;19.08.00;3;4;4;1;4510;;2;11;16;9;19;18;1;13;16;3;7;11;
*19RQ!~~~15A~~~41;;;;;;;19.08.00;3;4;4;1;4510;;2;11;16;9;19;18;1;13;16;3;7;11;
*09ET+KFF;;;;;;;19.08.00;3;4;4;1;4510;;2;11;16;9;19;18;1;13;16;3;7;11;
*11AT#W4~45~H2X;s;r;;;;;19.08.04;3;4;4;1;4516;;2;11;16;9;19;18;1;13;16;3;7;11;
a10DT=~~~45~S;s;;;;;;19.08.04;3;4;4;1;4516;;2;11;16;9;19;18;1;13;16;3;7;11;
*p22:17;;;;;;;19.08.09;3;4;4;1;4519;;2;11;16;9;19;18;1;13;16;3;7;11;
*z3;;;;;;;19.08.09;3;3;4;1;4518;;11;16;9;19;18;2;1;13;16;3;7;11;
*11SQ=~~~11~~~O;s;;;;;;19.08.24;3;3;4;1;4535;;11;16;9;19;18;2;1;13;16;3;7;11;
a$$&H#;s;;;;;;19.08.24;3;3;4;1;4535;;11;16;9;19;18;2;1;13;16;3;7;11;
ap22:18;;;;;;;19.08.34;3;3;4;1;4542;;11;16;9;19;18;2;1;13;16;3;7;11;
az3;;;;;;;19.08.34;3;3;3;1;4543;;11;16;9;19;18;2;13;16;3;7;11;1;
a13SQ=~~~11~~~O;s;;;;;;19.08.43;3;3;3;1;4554;;11;16;9;19;18;2;13;16;3;7;11;1;
*$$&H#;s;;;;;;19.08.43;3;3;3;1;4554;;11;16;9;19;18;2;13;16;3;7;11;1;
*p23:18;;;;;;;19.08.45;3;3;3;1;4561;;11;16;9;19;18;2;13;16;3;7;11;1;
*z2;;;;;;;19.08.45;3;2;3;1;4554;;16;9;19;18;2;11;13;16;3;7;11;1;
*16SM=~~~55~~~O;s;;;;;;19.09.00;3;2;3;1;4569;;16;9;19;18;2;11;13;16;3;7;11;1;
a$$&H#;s;;;;;;19.09.00;3;2;3;1;4569;;16;9;19;18;2;11;13;16;3;7;11;1;
ap23:19;;;;;;;19.09.13;3;2;3;1;4578;;16;9;19;18;2;11;13;16;3;7;11;1;
az2;;;;;;;19.09.13;3;2;2;1;4582;;16;9;19;18;2;11;16;3;7;11;1;13;
a16SM!~~~11;;;;;;;19.09.25;3;2;2;1;4594;;16;9;19;18;2;11;16;3;7;11;1;13;
*20RM!~~~11~~~~41;;;;;;;19.09.25;3;2;2;1;4595;;16;9;19;18;2;11;16;3;7;11;1;13;
*09EQ+KFC;;;;;;;19.09.25;3;2;2;1;4595;;16;9;19;18;2;11;16;3;7;11;1;13;
*18AQ-J3~33~H2C;;r;;;;;19.09.31;3;2;2;1;4602;;16;9;19;18;2;11;16;3;7;11;1;13;
a11BQ+~~~~3;;;;;;;19.09.31;3;2;2;1;4601;;16;9;19;18;2;11;16;3;7;11;1;13;
a07AT=W4~45~H2O;s;p;;;;;19.09.35;3;2;2;1;4605;;16;9;19;18;2;11;16;3;7;11;1;13;
*$$&H#;s;;;;;;19.09.35;3;2;2;1;4605;;16;9;19;18;2;11;16;3;7;11;1;13;
*p24:19;;;;;;;19.09.48;3;2;2;1;4608;;16;9;19;18;2;11;16;3;7;11;1;13;
*z1;;;;;;;19.09.48;3;1;2;1;4616;;9;19;18;2;11;16;16;3;7;11;1;13;
*09SM-~~~15;;;;;;;19.09.55;3;1;2;1;4625;;9;19;18;2;11;16;16;3;7;11;1;13;
a07RM+~~~15~O~~41;;;;;;;19.09.55;3;1;2;1;4626;;9;19;18;2;11;16;16;3;7;11;1;13;
a03ET+KFF;;;;;;;19.09.55;3;1;2;1;4626;;9;19;18;2;11;16;16;3;7;11;1;13;
a07AT+W4~42~H2C;;r;;;;;19.10.00;3;1;2;1;4631;;9;19;18;2;11;16;16;3;7;11;1;13;
*18BT-~~~~2~A2;;;;;;;19.10.00;3;1;2;1;4631;;9;19;18;2;11;16;16;3;7;11;1;13;
a10EH+~~~~4;;;;;;;19.10.02;3;1;2;1;4634;;9;19;18;2;11;16;16;3;7;11;1;13;
a07AH#G4~42~H2O;s;s;;;;;19.10.04;3;1;2;1;4635;;9;19;18;2;11;16;16;3;7;11;1;13;
*18BH=~~~~2~A2O;s;;;;;;19.10.04;3;1;2;1;4636;;9;19;18;2;11;16;16;3;7;11;1;13;
ap24:20;;;;;;;19.10.12;3;1;2;1;4638;;9;19;18;2;11;16;16;3;7;11;1;13;
az1;;;;;;;19.10.12;3;1;1;1;4640;;9;19;18;2;11;16;3;7;11;1;13;16;
a03SQ=~~~11~~~O;s;;;;;;19.10.24;3;1;1;1;4653;;9;19;18;2;11;16;3;7;11;1;13;16;
*$$&H#;s;;;;;;19.10.24;3;1;1;1;4653;;9;19;18;2;11;16;3;7;11;1;13;16;
*p25:20;;;;;;;19.10.30;3;1;1;1;4660;;9;19;18;2;11;16;3;7;11;1;13;16;
**3set;;;;;;;19.10.30;4;1;1;1;4661;;;;;;;;;;;;;;
