*P16>LUp;;;;;;;21.09.40;1;0;0;1;212;;14;17;6;11;4;16;10;18;15;6;17;13;
*z6>LUp;;;;;;;21.09.40;1;6;0;1;212;;14;17;6;11;4;16;10;18;15;6;17;13;
aP10>LUp;;;;;;;21.09.40;1;6;0;1;212;;14;17;6;11;4;16;10;18;15;6;17;13;
az1>LUp;;;;;;;21.09.40;1;6;1;1;212;;14;17;6;11;4;16;10;18;15;6;17;13;
a10SM!~~~16;;;;;;;21.09.40;1;6;1;1;295;;14;17;6;11;4;16;10;18;15;6;17;13;
*05RM!~~~16~~~~41;;;;;;;21.09.40;1;6;1;1;295;;14;17;6;11;4;16;10;18;15;6;17;13;
*16ET+KFF;;;;;;;21.09.40;1;6;1;1;296;;14;17;6;11;4;16;10;18;15;6;17;13;
*11AT#W4~42~H2S;s;r;;;;;21.09.45;1;6;1;1;300;;14;17;6;11;4;16;10;18;15;6;17;13;
a06BT=~~~~2~A2S;s;;;;;;21.09.45;1;6;1;1;300;;14;17;6;11;4;16;10;18;15;6;17;13;
*p01:00;;;;;;;21.09.49;1;6;1;1;302;;14;17;6;11;4;16;10;18;15;6;17;13;
*z5;;;;;;;21.09.49;1;5;1;1;303;;17;6;11;4;16;14;10;18;15;6;17;13;
*17SM-~~~58;;;;;;;21.10.02;1;5;1;1;318;;17;6;11;4;16;14;10;18;15;6;17;13;
a08RM+~~~58;;;;;;;21.10.02;1;5;1;1;318;;17;6;11;4;16;14;10;18;15;6;17;13;
a10EQ+K1C;;;;;;;21.10.02;1;5;1;1;318;;17;6;11;4;16;14;10;18;15;6;17;13;
a15AQ#J1~33~H2S;s;r;;;;;21.10.02;1;5;1;1;322;;17;6;11;4;16;14;10;18;15;6;17;13;
*11BQ=~~~~3~T2;s;;;;;;21.10.02;1;5;1;1;322;;17;6;11;4;16;14;10;18;15;6;17;13;
ap01:01;;;;;;;21.10.24;1;5;1;1;324;;17;6;11;4;16;14;10;18;15;6;17;13;
az6;;;;;;;21.10.24;1;5;6;1;338;;17;6;11;4;16;14;18;15;6;17;13;10;
a18SM-~~~16;;;;;;;21.10.25;1;5;6;1;340;;17;6;11;4;16;14;18;15;6;17;13;10;
*14RM#~~~16;;;;;;;21.10.25;1;5;6;1;340;;17;6;11;4;16;14;18;15;6;17;13;10;
*16EQ+K1C;;;;;;;21.10.25;1;5;6;1;340;;17;6;11;4;16;14;18;15;6;17;13;10;
*04AQ-J1~37~H1;;r;;;;;21.10.29;1;5;6;1;344;;17;6;11;4;16;14;18;15;6;17;13;10;
a04DQ+~~~37~S;;;;;;;21.10.29;1;5;6;1;344;;17;6;11;4;16;14;18;15;6;17;13;10;
a06AH/G2~2~~H2A;s;p;;;;;21.10.32;1;5;6;1;347;;17;6;11;4;16;14;18;15;6;17;13;10;
*11BH#~~~~4~A2A;s;;;;;;21.10.32;1;5;6;1;347;;17;6;11;4;16;14;18;15;6;17;13;10;
*p02:01;;;;;;;21.10.37;1;5;6;1;350;;17;6;11;4;16;14;18;15;6;17;13;10;
*z4;;;;;;;21.10.37;1;4;6;1;351;;6;11;4;16;14;17;18;15;6;17;13;10;
*06SQ/~~~16;;;;;;;21.10.51;1;4;6;1;366;;6;11;4;16;14;17;18;15;6;17;13;10;
a18RQ/~~~16;;;;;;;21.10.51;1;4;6;1;366;;6;11;4;16;14;17;18;15;6;17;13;10;
*04AO#V3~3~~H0X;p;p;;;;;21.10.59;1;4;6;1;369;;6;11;4;16;14;17;18;15;6;17;13;10;
a$$&H=;p;;;;;;21.10.59;1;4;6;1;369;;6;11;4;16;14;17;18;15;6;17;13;10;
*p03:01;;;;;;;21.11.01;1;4;6;1;372;;6;11;4;16;14;17;18;15;6;17;13;10;
*06SQ-~~~16;;;;;;;21.11.11;1;4;6;1;386;;6;11;4;16;14;17;18;15;6;17;13;10;
a08RQ+~~~16~~~~41;;;;;;;21.11.11;1;4;6;1;387;;6;11;4;16;14;17;18;15;6;17;13;10;
a10ET+KFB;;;;;;;21.11.11;1;4;6;1;387;;6;11;4;16;14;17;18;15;6;17;13;10;
a06AT+W2~24~T2C;;r;;;;;21.11.17;1;4;6;1;391;;6;11;4;16;14;17;18;15;6;17;13;10;
*11BT-~~~~4~A2;;;;;;;21.11.17;1;4;6;1;391;;6;11;4;16;14;17;18;15;6;17;13;10;
a06AT#W2~24~H2S;s;s;;;;;21.11.22;1;4;6;1;396;;6;11;4;16;14;17;18;15;6;17;13;10;
*11BT=~~~~4~A2S;s;;;;;;21.11.22;1;4;6;1;396;;6;11;4;16;14;17;18;15;6;17;13;10;
ap03:02;;;;;;;21.11.28;1;4;6;1;398;;6;11;4;16;14;17;18;15;6;17;13;10;
az5;;;;;;;21.11.28;1;4;5;1;402;;6;11;4;16;14;17;15;6;17;13;10;18;
a15SQ-~~~66;;;;;;;21.11.42;1;4;5;1;416;;6;11;4;16;14;17;15;6;17;13;10;18;
*14RQ#~~~66;;;;;;;21.11.42;1;4;5;1;417;;6;11;4;16;14;17;15;6;17;13;10;18;
*16ET+K1P;;;;;;;21.11.42;1;4;5;1;417;;6;11;4;16;14;17;15;6;17;13;10;18;
*14AT=Y8~85~H1O;p;r;;;;;21.11.46;1;4;5;1;420;;6;11;4;16;14;17;15;6;17;13;10;18;
a$$&H#;p;;;;;;21.11.46;1;4;5;1;420;;6;11;4;16;14;17;15;6;17;13;10;18;
ap03:03;;;;;;;21.11.50;1;4;5;1;425;;6;11;4;16;14;17;15;6;17;13;10;18;
a15SQ-~~~16;;;;;;;21.12.06;1;4;5;1;441;;6;11;4;16;14;17;15;6;17;13;10;18;
*14RQ#~~~16;;;;;;;21.12.06;1;4;5;1;441;;6;11;4;16;14;17;15;6;17;13;10;18;
*16ET+K1F;;;;;;;21.12.06;1;4;5;1;441;;6;11;4;16;14;17;15;6;17;13;10;18;
*11AT#W4~45~H4X;s;r;;;;;21.12.09;1;4;5;1;444;;6;11;4;16;14;17;15;6;17;13;10;18;
a15DT=~~~45~S;s;;;;;;21.12.09;1;4;5;1;444;;6;11;4;16;14;17;15;6;17;13;10;18;
*p04:03;;;;;;;21.12.13;1;4;5;1;448;;6;11;4;16;14;17;15;6;17;13;10;18;
*z3;;;;;;;21.12.13;1;3;5;1;447;;11;4;16;14;17;6;15;6;17;13;10;18;
*11SQ=~~~56~~~O;s;;;;;;21.12.32;1;3;5;1;466;;11;4;16;14;17;6;15;6;17;13;10;18;
a$$&H#;s;;;;;;21.12.32;1;3;5;1;466;;11;4;16;14;17;6;15;6;17;13;10;18;
ap04:04;;;;;;;21.12.36;1;3;5;1;472;;11;4;16;14;17;6;15;6;17;13;10;18;
az4;;;;;;;21.12.36;1;3;4;1;470;;11;4;16;14;17;6;6;17;13;10;18;15;
a06SQ-~~~65;;;;;;;21.12.54;1;3;4;1;488;;11;4;16;14;17;6;6;17;13;10;18;15;
*14RQ#~~~65;;;;;;;21.12.54;1;3;4;1;489;;11;4;16;14;17;6;6;17;13;10;18;15;
*16ET+K1B;;;;;;;21.12.54;1;3;4;1;489;;11;4;16;14;17;6;6;17;13;10;18;15;
*06AT#Y9~95~H1X;s;r;;;;;21.12.58;1;3;4;1;493;;11;4;16;14;17;6;6;17;13;10;18;15;
a04DT=~~~95~S;s;;;;;;21.12.58;1;3;4;1;493;;11;4;16;14;17;6;6;17;13;10;18;15;
*p05:04;;;;;;;21.13.02;1;3;4;1;497;;11;4;16;14;17;6;6;17;13;10;18;15;
*z2;;;;;;;21.13.02;1;2;4;1;496;;4;16;14;17;6;11;6;17;13;10;18;15;
*04SM-~~~56;;;;;;;21.13.23;1;2;4;1;517;;4;16;14;17;6;11;6;17;13;10;18;15;
a18RM+~~~56~~~~32;;;;;;;21.13.23;1;2;4;1;518;;4;16;14;17;6;11;6;17;13;10;18;15;
a10ET+K2F;;;;;;;21.13.23;1;2;4;1;518;;4;16;14;17;6;11;6;17;13;10;18;15;
a17AT#W4~42~H2O;s;r;;;;;21.13.29;1;2;4;1;523;;4;16;14;17;6;11;6;17;13;10;18;15;
*16BT=~~~~2~A2O;s;;;;;;21.13.29;1;2;4;1;524;;4;16;14;17;6;11;6;17;13;10;18;15;
ap05:05;;;;;;;21.13.33;1;2;4;1;527;;4;16;14;17;6;11;6;17;13;10;18;15;
az3;;;;;;;21.13.33;1;2;3;1;527;;4;16;14;17;6;11;17;13;10;18;15;6;
a17SQ!~~~16;;;;;;;21.13.46;1;2;3;1;540;;4;16;14;17;6;11;17;13;10;18;15;6;
*11RQ!~~~16~~~~22;;;;;;;21.13.46;1;2;3;1;541;;4;16;14;17;6;11;17;13;10;18;15;6;
*16ET+K8F;;;;;;;21.13.46;1;2;3;1;541;;4;16;14;17;6;11;17;13;10;18;15;6;
*14AT#W4~41~H2X;s;r;;;;;21.13.49;1;2;3;1;544;;4;16;14;17;6;11;17;13;10;18;15;6;
a06DT=~~~41~S;s;;;;;;21.13.49;1;2;3;1;545;;4;16;14;17;6;11;17;13;10;18;15;6;
*p06:05;;;;;;;21.13.54;1;2;3;1;547;;4;16;14;17;6;11;17;13;10;18;15;6;
*z1;;;;;;;21.13.54;1;1;3;1;548;;16;14;17;6;11;4;17;13;10;18;15;6;
*16SQ!~~~11;;;;;;;21.14.06;1;1;3;1;560;;16;14;17;6;11;4;17;13;10;18;15;6;
a17RQ!~~~11~~~~31;;;;;;;21.14.06;1;1;3;1;560;;16;14;17;6;11;4;17;13;10;18;15;6;
a10EQ+KCC~~~1;;;;;;;21.14.06;1;1;3;1;561;;16;14;17;6;11;4;17;13;10;18;15;6;
a13AQ-J1~33~H2C;;r;;;;;21.14.12;1;1;3;1;565;;16;14;17;6;11;4;17;13;10;18;15;6;
*17BQ+~~~~3~T2;;;;;;;21.14.12;1;1;3;1;565;;16;14;17;6;11;4;17;13;10;18;15;6;
*16DQ+~~~38~B;;;;;;;21.14.12;1;1;3;1;565;;16;14;17;6;11;4;17;13;10;18;15;6;
*05EH+~~B~2;;;;;;;21.14.15;1;1;3;1;568;;16;14;17;6;11;4;17;13;10;18;15;6;
*06AH#G2~26~H4X4;p;p;;;;;21.14.15;1;1;3;1;569;;16;14;17;6;11;4;17;13;10;18;15;6;
a17DH=~~~26~S;p;;;;;;21.14.15;1;1;3;1;569;;16;14;17;6;11;4;17;13;10;18;15;6;
*p07:05;;;;;;;21.14.20;1;1;3;1;573;;16;14;17;6;11;4;17;13;10;18;15;6;
*16SQ!~~~16;;;;;;;21.14.34;1;1;3;1;588;;16;14;17;6;11;4;17;13;10;18;15;6;
a17RQ!~~~16~~~~32;;;;;;;21.14.34;1;1;3;1;588;;16;14;17;6;11;4;17;13;10;18;15;6;
a10ET+K8F;;;;;;;21.14.34;1;1;3;1;588;;16;14;17;6;11;4;17;13;10;18;15;6;
a18AT#W4~45~H2X;s;r;;;;;21.14.40;1;1;3;1;593;;16;14;17;6;11;4;17;13;10;18;15;6;
*05DT=~~~45~S;s;;;;;;21.14.40;1;1;3;1;594;;16;14;17;6;11;4;17;13;10;18;15;6;
ap07:06;;;;;;;21.14.48;1;1;3;1;598;;16;14;17;6;11;4;17;13;10;18;15;6;
az2;;;;;;;21.14.48;1;1;2;1;602;;16;14;17;6;11;4;13;10;18;15;6;17;
a13SM-~~~61;;;;;;;21.14.59;1;1;2;1;614;;16;14;17;6;11;4;13;10;18;15;6;17;
*14RM#~~~61~O;;;;;;;21.14.59;1;1;2;1;614;;16;14;17;6;11;4;13;10;18;15;6;17;
*16EQ+K1C;;;;;;;21.14.59;1;1;2;1;615;;16;14;17;6;11;4;13;10;18;15;6;17;
*17AQ#J4~39~H1X;s;r;;;;;21.15.03;1;1;2;1;618;;16;14;17;6;11;4;13;10;18;15;6;17;
a06DQ=~~~39~S;s;;;;;;21.15.03;1;1;2;1;618;;16;14;17;6;11;4;13;10;18;15;6;17;
*p08:06;;;;;;;21.15.09;1;1;2;1;621;;16;14;17;6;11;4;13;10;18;15;6;17;
*z6;;;;;;;21.15.09;1;6;2;1;624;;14;17;6;11;4;16;13;10;18;15;6;17;
*14SQ#~~~56;p;;;;;;21.15.25;1;6;2;1;639;;14;17;6;11;4;16;13;10;18;15;6;17;
a17RQ=~~~56~M;p;;;;;;21.15.25;1;6;2;1;639;;14;17;6;11;4;16;13;10;18;15;6;17;
*p09:06;;;;;;;21.15.31;1;6;2;1;645;;14;17;6;11;4;16;13;10;18;15;6;17;
*14SQ=~~~56~~~O;s;;;;;;21.15.48;1;6;2;1;663;;14;17;6;11;4;16;13;10;18;15;6;17;
a$$&H#;s;;;;;;21.15.48;1;6;2;1;663;;14;17;6;11;4;16;13;10;18;15;6;17;
ap09:07;;;;;;;21.15.53;1;6;2;1;668;;14;17;6;11;4;16;13;10;18;15;6;17;
az1;;;;;;;21.15.53;1;6;1;1;667;;14;17;6;11;4;16;10;18;15;6;17;13;
a10SM-~~~56;;;;;;;21.16.07;1;6;1;1;681;;14;17;6;11;4;16;10;18;15;6;17;13;
*14RM+~~~56~~~~32;;;;;;;21.16.07;1;6;1;1;681;;14;17;6;11;4;16;10;18;15;6;17;13;
*16EQ+K1C;;;;;;;21.16.07;1;6;1;1;681;;14;17;6;11;4;16;10;18;15;6;17;13;
*17AQ#J1~35~H1X;s;r;;;;;21.16.11;1;6;1;1;685;;14;17;6;11;4;16;10;18;15;6;17;13;
a04DQ=~~~35~S;s;;;;;;21.16.11;1;6;1;1;685;;14;17;6;11;4;16;10;18;15;6;17;13;
*p10:07;;;;;;;21.16.14;1;6;1;1;688;;14;17;6;11;4;16;10;18;15;6;17;13;
*z5;;;;;;;21.16.14;1;5;1;1;688;;17;6;11;4;16;14;10;18;15;6;17;13;
*17SM!~~~59;;;;;;;21.16.30;1;5;1;1;704;;17;6;11;4;16;14;10;18;15;6;17;13;
a18RM!~~~59~~~~32;;;;;;;21.16.30;1;5;1;1;705;;17;6;11;4;16;14;10;18;15;6;17;13;
a10ET+K8B;;;;;;;21.16.30;1;5;1;1;705;;17;6;11;4;16;14;10;18;15;6;17;13;
a18AT/W2~24~H2A;p;r;;;;;21.16.35;1;5;1;1;709;;17;6;11;4;16;14;10;18;15;6;17;13;
*04BT#~~~~4~A2A;p;;;;;;21.16.35;1;5;1;1;709;;17;6;11;4;16;14;10;18;15;6;17;13;
*p11:07;;;;;;;21.16.42;1;5;1;1;714;;17;6;11;4;16;14;10;18;15;6;17;13;
*17SM+~~~59;;;;;;;21.16.53;1;5;1;1;728;;17;6;11;4;16;14;10;18;15;6;17;13;
a18RM-~~~59;;;;;;;21.16.53;1;5;1;1;729;;17;6;11;4;16;14;10;18;15;6;17;13;
a15EH+~~~~4;;;;;;;21.16.53;1;5;1;1;732;;17;6;11;4;16;14;10;18;15;6;17;13;
a06AH#G4~41~P0X;s;r;;;;;21.17.00;1;5;1;1;733;;17;6;11;4;16;14;10;18;15;6;17;13;
*14DH=~~~41~E~E;s;;;;;;21.17.00;1;5;1;1;734;;17;6;11;4;16;14;10;18;15;6;17;13;
ap11:08;;;;;;;21.17.04;1;5;1;1;737;;17;6;11;4;16;14;10;18;15;6;17;13;
az6;;;;;;;21.17.04;1;5;6;1;738;;17;6;11;4;16;14;18;15;6;17;13;10;
a18SM+~~~15;;;;;;;21.17.20;1;5;6;1;754;;17;6;11;4;16;14;18;15;6;17;13;10;
*11RM-~~~15;;;;;;;21.17.20;1;5;6;1;754;;17;6;11;4;16;14;18;15;6;17;13;10;
*06AH#G2~21~H3X;s;r;;;;;21.17.24;1;5;6;1;759;;17;6;11;4;16;14;18;15;6;17;13;10;
a10DH=~~~21~S;s;;;;;;21.17.24;1;5;6;1;759;;17;6;11;4;16;14;18;15;6;17;13;10;
*p12:08;;;;;;;21.17.31;1;5;6;1;762;;17;6;11;4;16;14;18;15;6;17;13;10;
*z4;;;;;;;21.17.31;1;4;6;1;764;;6;11;4;16;14;17;18;15;6;17;13;10;
*06SQ!~~~15;;;;;;;21.17.42;1;4;6;1;778;;6;11;4;16;14;17;18;15;6;17;13;10;
a17RQ!~~~15~~~~32;;;;;;;21.17.42;1;4;6;1;778;;6;11;4;16;14;17;18;15;6;17;13;10;
a10EQ+K8C;;;;;;;21.17.42;1;4;6;1;779;;6;11;4;16;14;17;18;15;6;17;13;10;
a15AQ#J3~31~H1X;s;r;;;;;21.17.42;1;4;6;1;782;;6;11;4;16;14;17;18;15;6;17;13;10;
*06DQ=~~~31~S;s;;;;;;21.17.42;1;4;6;1;782;;6;11;4;16;14;17;18;15;6;17;13;10;
ap12:09;;;;;;;21.18.03;1;4;6;1;785;;6;11;4;16;14;17;18;15;6;17;13;10;
az5;;;;;;;21.18.03;1;4;5;1;798;;6;11;4;16;14;17;15;6;17;13;10;18;
a15SQ+~~~66;;;;;;;21.18.07;1;4;5;1;801;;6;11;4;16;14;17;15;6;17;13;10;18;
*14RQ-~~~66;;;;;;;21.18.07;1;4;5;1;802;;6;11;4;16;14;17;15;6;17;13;10;18;
*06AH-G9~94~H2;;r;;;;;21.18.11;1;4;5;1;806;;6;11;4;16;14;17;15;6;17;13;10;18;
a13BH+~~~~4~A2;;;;;;;21.18.11;1;4;5;1;805;;6;11;4;16;14;17;15;6;17;13;10;18;
a17AT-W4~4~~T1C;;p;;;;;21.18.11;1;4;5;1;810;;6;11;4;16;14;17;15;6;17;13;10;18;
*16BT+~~~~2~A1;;;;;;;21.18.11;1;4;5;1;810;;6;11;4;16;14;17;15;6;17;13;10;18;
*11AT+W4~42~H2C2;;s;;;;;21.18.15;1;4;5;1;813;;6;11;4;16;14;17;15;6;17;13;10;18;
a06BT-~~~~2~A2;;;;;;;21.18.15;1;4;5;1;813;;6;11;4;16;14;17;15;6;17;13;10;18;
*05DH+~~~4~~C;;;;;;;21.18.21;1;4;5;1;815;;6;11;4;16;14;17;15;6;17;13;10;18;
*11AT#W4~42~H2S2;s;s;;;;;21.18.18;1;4;5;1;816;;6;11;4;16;14;17;15;6;17;13;10;18;
a06BT=~~~~2~A2S;s;;;;;;21.18.18;1;4;5;1;817;;6;11;4;16;14;17;15;6;17;13;10;18;
*p13:09;;;;;;;21.18.25;1;4;5;1;820;;6;11;4;16;14;17;15;6;17;13;10;18;
*z3;;;;;;;21.18.25;1;3;5;1;819;;11;4;16;14;17;6;15;6;17;13;10;18;
aT;;;;;;;21.18.25;1;3;5;1;819;;11;4;16;14;17;6;15;6;17;13;10;18;
*11SQ=~~~5~~~~N;s;;;;;;21.19.59;1;3;5;1;913;;11;4;16;14;17;6;15;6;17;13;10;18;
a$$&H#;s;;;;;;21.19.59;1;3;5;1;913;;11;4;16;14;17;6;15;6;17;13;10;18;
ap13:10;;;;;;;21.20.02;1;3;5;1;918;;11;4;16;14;17;6;15;6;17;13;10;18;
az4;;;;;;;21.20.02;1;3;4;1;917;;11;4;16;14;17;6;6;17;13;10;18;15;
a06SQ-~~~65;;;;;;;21.20.18;1;3;4;1;932;;11;4;16;14;17;6;6;17;13;10;18;15;
*14RQ#~~~65;;;;;;;21.20.18;1;3;4;1;933;;11;4;16;14;17;6;6;17;13;10;18;15;
*16ET+K2F;;;;;;;21.20.18;1;3;4;1;933;;11;4;16;14;17;6;6;17;13;10;18;15;
*14AT#W4~42~H2S;s;r;;;;;21.20.22;1;3;4;1;937;;11;4;16;14;17;6;6;17;13;10;18;15;
a17BT=~~~~2~A2S;s;;;;;;21.20.22;1;3;4;1;938;;11;4;16;14;17;6;6;17;13;10;18;15;
*p14:10;;;;;;;21.20.26;1;3;4;1;941;;11;4;16;14;17;6;6;17;13;10;18;15;
*z2;;;;;;;21.20.26;1;2;4;1;941;;4;16;14;17;6;11;6;17;13;10;18;15;
*04SM!~~~57;;;;;;;21.20.41;1;2;4;1;956;;4;16;14;17;6;11;6;17;13;10;18;15;
a17RM!~~~57~~~~32;;;;;;;21.20.41;1;2;4;1;956;;4;16;14;17;6;11;6;17;13;10;18;15;
a10ET+K8B;;;;;;;21.20.41;1;2;4;1;956;;4;16;14;17;6;11;6;17;13;10;18;15;
a06AT-Y9~91~H2;;r;;;;;21.20.46;1;2;4;1;960;;4;16;14;17;6;11;6;17;13;10;18;15;
*06DT+~~~91;;;;;;;21.20.46;1;2;4;1;961;;4;16;14;17;6;11;6;17;13;10;18;15;
*14AT#W4~42~H2S2;p;p;;;;;21.20.49;1;2;4;1;964;;4;16;14;17;6;11;6;17;13;10;18;15;
a13BT=~~~~2~A2S;p;;;;;;21.20.49;1;2;4;1;964;;4;16;14;17;6;11;6;17;13;10;18;15;
*p15:10;;;;;;;21.20.57;1;2;4;1;967;;4;16;14;17;6;11;6;17;13;10;18;15;
*04SM-~~~56;;;;;;;21.21.12;1;2;4;1;987;;4;16;14;17;6;11;6;17;13;10;18;15;
a18RM+~~~56~~~~32;;;;;;;21.21.12;1;2;4;1;987;;4;16;14;17;6;11;6;17;13;10;18;15;
a10ET+K1F;;;;;;;21.21.12;1;2;4;1;987;;4;16;14;17;6;11;6;17;13;10;18;15;
a17AT-W4~48~H2;;r;;;;;21.21.17;1;2;4;1;991;;4;16;14;17;6;11;6;17;13;10;18;15;
*11DT+~~~48;;;;;;;21.21.17;1;2;4;1;992;;4;16;14;17;6;11;6;17;13;10;18;15;
*06AT#Y9~96~H4X2;p;p;;;;;21.21.21;1;2;4;1;995;;4;16;14;17;6;11;6;17;13;10;18;15;
a18DT=~~~96~S;p;;;;;;21.21.21;1;2;4;1;995;;4;16;14;17;6;11;6;17;13;10;18;15;
*p16:10;;;;;;;21.21.26;1;2;4;1;999;;4;16;14;17;6;11;6;17;13;10;18;15;
*04SM!~~~51;;;;;;;21.21.43;1;2;4;1;1018;;4;16;14;17;6;11;6;17;13;10;18;15;
a08RM!~~~51~O~~32;;;;;;;21.21.43;1;2;4;1;1018;;4;16;14;17;6;11;6;17;13;10;18;15;
a10EQ+KCC;;;;;;;21.21.43;1;2;4;1;1018;;4;16;14;17;6;11;6;17;13;10;18;15;
a13AQ#J4~37~H1X;s;r;;;;;21.21.50;1;2;4;1;1022;;4;16;14;17;6;11;6;17;13;10;18;15;
*04DQ=~~~37~S;s;;;;;;21.21.50;1;2;4;1;1023;;4;16;14;17;6;11;6;17;13;10;18;15;
ap16:11;;;;;;;21.21.54;1;2;4;1;1025;;4;16;14;17;6;11;6;17;13;10;18;15;
az3;;;;;;;21.21.54;1;2;3;1;1029;;4;16;14;17;6;11;17;13;10;18;15;6;
a17SQ!~~~66;;;;;;;21.22.08;1;2;3;1;1043;;4;16;14;17;6;11;17;13;10;18;15;6;
*11RQ!~~~66~~~~32;;;;;;;21.22.08;1;2;3;1;1043;;4;16;14;17;6;11;17;13;10;18;15;6;
*16ET+K8B;;;;;;;21.22.08;1;2;3;1;1043;;4;16;14;17;6;11;17;13;10;18;15;6;
*06AT=Y9~95~H2S;p;r;;;;;21.22.15;1;2;3;1;1048;;4;16;14;17;6;11;17;13;10;18;15;6;
a$$&H#;p;;;;;;21.22.15;1;2;3;1;1048;;4;16;14;17;6;11;17;13;10;18;15;6;
ap16:12;;;;;;;21.22.24;1;2;3;1;1051;;4;16;14;17;6;11;17;13;10;18;15;6;
a17SQ+~~~66;;;;;;;21.22.30;1;2;3;1;1065;;4;16;14;17;6;11;17;13;10;18;15;6;
*11RQ-~~~66;;;;;;;21.22.30;1;2;3;1;1065;;4;16;14;17;6;11;17;13;10;18;15;6;
*14AH+G4~42~H2C;;r;;;;;21.22.34;1;2;3;1;1070;;4;16;14;17;6;11;17;13;10;18;15;6;
a18BH-~~~~2~A2;;;;;;;21.22.34;1;2;3;1;1070;;4;16;14;17;6;11;17;13;10;18;15;6;
*05FH#;;;;;;;21.22.38;1;2;3;1;1073;;4;16;14;17;6;11;17;13;10;18;15;6;
*11AT#Y8~81~H0X1;s;s;;;;;21.22.40;1;2;3;1;1075;;4;16;14;17;6;11;17;13;10;18;15;6;
a$$&H=;s;;;;;;21.22.40;1;2;3;1;1075;;4;16;14;17;6;11;17;13;10;18;15;6;
*p17:12;;;;;;;21.22.43;1;2;3;1;1078;;4;16;14;17;6;11;17;13;10;18;15;6;
*z1;;;;;;;21.22.43;1;1;3;1;1077;;16;14;17;6;11;4;17;13;10;18;15;6;
*16SQ-~~~16;;;;;;;21.22.56;1;1;3;1;1092;;16;14;17;6;11;4;17;13;10;18;15;6;
a08RQ+~~~16~~~~21;;;;;;;21.22.56;1;1;3;1;1092;;16;14;17;6;11;4;17;13;10;18;15;6;
a10ET+KBF;;;;;;;21.22.56;1;1;3;1;1092;;16;14;17;6;11;4;17;13;10;18;15;6;
a18AT/W4~42~H2A;p;r;;;;;21.23.02;1;1;3;1;1096;;16;14;17;6;11;4;17;13;10;18;15;6;
*17BT#~~~~2~A2A;p;;;;;;21.23.02;1;1;3;1;1096;;16;14;17;6;11;4;17;13;10;18;15;6;
*p18:12;;;;;;;21.23.07;1;1;3;1;1099;;16;14;17;6;11;4;17;13;10;18;15;6;
*16SQ-~~~11;;;;;;;21.23.21;1;1;3;1;1115;;16;14;17;6;11;4;17;13;10;18;15;6;
a17RQ+~~~11~~~~32;;;;;;;21.23.21;1;1;3;1;1115;;16;14;17;6;11;4;17;13;10;18;15;6;
a10ET+K1B;;;;;;;21.23.21;1;1;3;1;1116;;16;14;17;6;11;4;17;13;10;18;15;6;
a06AT-Y9~95~H2;;r;;;;;21.23.26;1;1;3;1;1121;;16;14;17;6;11;4;17;13;10;18;15;6;
*05DT+~~~95;;;;;;;21.23.26;1;1;3;1;1121;;16;14;17;6;11;4;17;13;10;18;15;6;
*14AT-W4~41~H2~2;;p;;;;;21.23.29;1;1;3;1;1124;;16;14;17;6;11;4;17;13;10;18;15;6;
a06DT+~~~41~S;;;;;;;21.23.29;1;1;3;1;1124;;16;14;17;6;11;4;17;13;10;18;15;6;
a08EH+~~F~4;;;;;;;21.23.31;1;1;3;1;1126;;16;14;17;6;11;4;17;13;10;18;15;6;
a18AH-G4~42~T2~4;;s;;;;;21.23.33;1;1;3;1;1128;;16;14;17;6;11;4;17;13;10;18;15;6;
*16DH+~~~42~E;;;;;;;21.23.33;1;1;3;1;1128;;16;14;17;6;11;4;17;13;10;18;15;6;
*17EH+~~F~4;;;;;;;21.23.35;1;1;3;1;1130;;16;14;17;6;11;4;17;13;10;18;15;6;
*14AH#G4~42~H2F4;p;p;;;;;21.23.36;1;1;3;1;1132;;16;14;17;6;11;4;17;13;10;18;15;6;
a13BH=~~~~2~A2F;p;;;;;;21.23.36;1;1;3;1;1132;;16;14;17;6;11;4;17;13;10;18;15;6;
*p19:12;;;;;;;21.23.42;1;1;3;1;1137;;16;14;17;6;11;4;17;13;10;18;15;6;
aT;;;;;;;21.23.42;1;1;3;1;1136;;16;14;17;6;11;4;17;13;10;18;15;6;
*16SM/~~~15;;;;;;;21.25.07;1;1;3;1;1222;;16;14;17;6;11;4;17;13;10;18;15;6;
a18RM/~~~15;;;;;;;21.25.07;1;1;3;1;1222;;16;14;17;6;11;4;17;13;10;18;15;6;
*17AO#V3~3~~H0X;p;p;;;;;21.25.11;1;1;3;1;1226;;16;14;17;6;11;4;17;13;10;18;15;6;
a$$&H=;p;;;;;;21.25.11;1;1;3;1;1226;;16;14;17;6;11;4;17;13;10;18;15;6;
*p20:12;;;;;;;21.25.14;1;1;3;1;1228;;16;14;17;6;11;4;17;13;10;18;15;6;
*16SQ!~~~16;;;;;;;21.25.26;1;1;3;1;1240;;16;14;17;6;11;4;17;13;10;18;15;6;
a08RQ!~~~16;;;;;;;21.25.26;1;1;3;1;1240;;16;14;17;6;11;4;17;13;10;18;15;6;
a06AT-Y9~91~H0;;r;;;;;21.25.33;1;1;3;1;1246;;16;14;17;6;11;4;17;13;10;18;15;6;
*16DT+~~~91~S;;;;;;;21.25.33;1;1;3;1;1247;;16;14;17;6;11;4;17;13;10;18;15;6;
*05EH+~~B~2;;;;;;;21.25.37;1;1;3;1;1249;;16;14;17;6;11;4;17;13;10;18;15;6;
*06AH-G2~24~H2C4;;p;;;;;21.25.38;1;1;3;1;1251;;16;14;17;6;11;4;17;13;10;18;15;6;
a18BH+~~~~4~A2;;;;;;;21.25.38;1;1;3;1;1251;;16;14;17;6;11;4;17;13;10;18;15;6;
a06EH+~~F~4;;;;;;;21.25.42;1;1;3;1;1253;;16;14;17;6;11;4;17;13;10;18;15;6;
a18AH#G4~41~P3X;s;s;;;;;21.25.42;1;1;3;1;1255;;16;14;17;6;11;4;17;13;10;18;15;6;
*$$&H=;s;;;;;;21.25.42;1;1;3;1;1255;;16;14;17;6;11;4;17;13;10;18;15;6;
ap20:13;;;;;;;21.25.47;1;1;3;1;1259;;16;14;17;6;11;4;17;13;10;18;15;6;
az2;;;;;;;21.25.47;1;1;2;1;1261;;16;14;17;6;11;4;13;10;18;15;6;17;
ac13:01;;;;;;;21.25.47;1;1;2;1;1261;;16;14;17;6;11;4;1;10;18;15;6;17;
ac10:12;;;;;;;21.25.47;1;1;2;1;1261;;16;14;17;6;11;4;1;12;18;15;6;17;
aP12;;;;;;;21.25.47;1;1;2;1;1261;;16;14;17;6;11;4;1;12;18;15;6;17;
az2;;;;;;;21.25.47;1;1;2;1;1261;;16;14;17;6;11;4;1;12;18;15;6;17;
a01SM!~~~18;;;;;;;21.26.20;1;1;2;1;1295;;16;14;17;6;11;4;1;12;18;15;6;17;
*05RM!~~~18~~~~21;;;;;;;21.26.20;1;1;2;1;1296;;16;14;17;6;11;4;1;12;18;15;6;17;
*16ET+K1F;;;;;;;21.26.20;1;1;2;1;1296;;16;14;17;6;11;4;1;12;18;15;6;17;
*06AT-W4~42~H3C;;r;;;;;21.26.26;1;1;2;1;1299;;16;14;17;6;11;4;1;12;18;15;6;17;
a15BT+~~~~2~~3;;;;;;;21.26.26;1;1;2;1;1299;;16;14;17;6;11;4;1;12;18;15;6;17;
a18AT-W4~46~H2;;p;;;;;21.26.29;1;1;2;1;1304;;16;14;17;6;11;4;1;12;18;15;6;17;
*11DT+~~~46~S;;;;;;;21.26.29;1;1;2;1;1304;;16;14;17;6;11;4;1;12;18;15;6;17;
*06AT#W4~42~T2F3;s;s;;;;;21.26.33;1;1;2;1;1308;;16;14;17;6;11;4;1;12;18;15;6;17;
a12DT=~~~42~E~E;s;;;;;;21.26.33;1;1;2;1;1308;;16;14;17;6;11;4;1;12;18;15;6;17;
*p21:13;;;;;;;21.26.41;1;1;2;1;1311;;16;14;17;6;11;4;1;12;18;15;6;17;
*z6;;;;;;;21.26.41;1;6;2;1;1315;;14;17;6;11;4;16;1;12;18;15;6;17;
ac01:13;;;;;;;21.26.41;1;6;2;1;1315;;14;17;6;11;4;16;13;12;18;15;6;17;
ac12:10;;;;;;;21.26.41;1;6;2;1;1315;;14;17;6;11;4;16;13;10;18;15;6;17;
aP10;;;;;;;21.26.41;1;6;2;1;1315;;14;17;6;11;4;16;13;10;18;15;6;17;
az2;;;;;;;21.26.41;1;6;2;1;1315;;14;17;6;11;4;16;13;10;18;15;6;17;
*14SQ!~~~66;;;;;;;21.27.01;1;6;2;1;1336;;14;17;6;11;4;16;13;10;18;15;6;17;
a17RQ!~~~66~~~~32;;;;;;;21.27.01;1;6;2;1;1336;;14;17;6;11;4;16;13;10;18;15;6;17;
a10EQ+KBC;;;;;;;21.27.01;1;6;2;1;1337;;14;17;6;11;4;16;13;10;18;15;6;17;
a15AQ#J2~39~H1X;s;r;;;;;21.27.07;1;6;2;1;1340;;14;17;6;11;4;16;13;10;18;15;6;17;
*16DQ=~~~39~S;s;;;;;;21.27.07;1;6;2;1;1340;;14;17;6;11;4;16;13;10;18;15;6;17;
ap21:14;;;;;;;21.27.18;1;6;2;1;1343;;14;17;6;11;4;16;13;10;18;15;6;17;
az1;;;;;;;21.27.18;1;6;1;1;1353;;14;17;6;11;4;16;10;18;15;6;17;13;
a10SM+~~~17;;;;;;;21.27.25;1;6;1;1;1360;;14;17;6;11;4;16;10;18;15;6;17;13;
*11RM-~~~17~O;;;;;;;21.27.25;1;6;1;1;1360;;14;17;6;11;4;16;10;18;15;6;17;13;
*11AH#G4~46~H2X;s;r;;;;;21.27.28;1;6;1;1;1363;;14;17;6;11;4;16;10;18;15;6;17;13;
a17DH=~~~46~S;s;;;;;;21.27.28;1;6;1;1;1364;;14;17;6;11;4;16;10;18;15;6;17;13;
*p22:14;;;;;;;21.27.32;1;6;1;1;1367;;14;17;6;11;4;16;10;18;15;6;17;13;
*z5;;;;;;;21.27.32;1;5;1;1;1366;;17;6;11;4;16;14;10;18;15;6;17;13;
*17SM-~~~59;;;;;;;21.27.51;1;5;1;1;1387;;17;6;11;4;16;14;10;18;15;6;17;13;
a18RM#~~~59;;;;;;;21.27.51;1;5;1;1;1387;;17;6;11;4;16;14;10;18;15;6;17;13;
a10EQ+K1C;;;;;;;21.27.51;1;5;1;1;1388;;17;6;11;4;16;14;10;18;15;6;17;13;
a15AQ#J4~33~H1S;s;r;;;;;21.27.57;1;5;1;1;1391;;17;6;11;4;16;14;10;18;15;6;17;13;
*04BQ=~~~~3~T1S;s;;;;;;21.27.57;1;5;1;1;1391;;17;6;11;4;16;14;10;18;15;6;17;13;
ap22:15;;;;;;;21.28.04;1;5;1;1;1393;;17;6;11;4;16;14;10;18;15;6;17;13;
az6;;;;;;;21.28.04;1;5;6;1;1398;;17;6;11;4;16;14;18;15;6;17;13;10;
a18SM-~~~17;;;;;;;21.28.13;1;5;6;1;1407;;17;6;11;4;16;14;18;15;6;17;13;10;
*11RM+~~~17~~~~32;;;;;;;21.28.13;1;5;6;1;1407;;17;6;11;4;16;14;18;15;6;17;13;10;
*16EQ+K1C;;;;;;;21.28.13;1;5;6;1;1407;;17;6;11;4;16;14;18;15;6;17;13;10;
*04AQ-J1~33~H1C;;r;;;;;21.28.16;1;5;6;1;1411;;17;6;11;4;16;14;18;15;6;17;13;10;
a15BQ+~~~~3~~1;;;;;;;21.28.16;1;5;6;1;1412;;17;6;11;4;16;14;18;15;6;17;13;10;
a17AT+W4~42~H2C;;p;;;;;21.28.19;1;5;6;1;1415;;17;6;11;4;16;14;18;15;6;17;13;10;
*04BT-~~~~2~A2;;;;;;;21.28.19;1;5;6;1;1414;;17;6;11;4;16;14;18;15;6;17;13;10;
a04DT+~~~4~~C;;;;;;;21.28.22;1;5;6;1;1416;;17;6;11;4;16;14;18;15;6;17;13;10;
a10EH=~~~~~~~~U;s;;;;;;21.28.25;1;5;6;1;1418;;17;6;11;4;16;14;18;15;6;17;13;10;
*$$&H#;s;;;;;;21.28.25;1;5;6;1;1418;;17;6;11;4;16;14;18;15;6;17;13;10;
*p23:15;;;;;;;21.28.31;1;5;6;1;1421;;17;6;11;4;16;14;18;15;6;17;13;10;
*z4;;;;;;;21.28.31;1;4;6;1;1425;;6;11;4;16;14;17;18;15;6;17;13;10;
*c16:03;;;;;;;21.28.31;1;4;6;1;1425;;6;11;4;3;14;17;18;15;6;17;13;10;
*c06:09;;;;;;;21.28.31;1;4;6;1;1425;;9;11;4;3;14;17;18;15;6;17;13;10;
*P9;;;;;;;21.28.31;1;4;6;1;1425;;9;11;4;3;14;17;18;15;6;17;13;10;
*z1;;;;;;;21.28.31;1;1;6;1;1425;;9;11;4;3;14;17;18;15;6;17;13;10;
*09SQ-~~~66;;;;;;;21.29.02;1;1;6;1;1456;;9;11;4;3;14;17;18;15;6;17;13;10;
a08RQ+~~~66~~~~41;;;;;;;21.29.02;1;1;6;1;1457;;9;11;4;3;14;17;18;15;6;17;13;10;
a10ET+KFF;;;;;;;21.29.02;1;1;6;1;1457;;9;11;4;3;14;17;18;15;6;17;13;10;
a17AT#W4~42~H2O;s;r;;;;;21.29.08;1;1;6;1;1462;;9;11;4;3;14;17;18;15;6;17;13;10;
*03BT=~~~~2~A2O;s;;;;;;21.29.08;1;1;6;1;1462;;9;11;4;3;14;17;18;15;6;17;13;10;
ap23:16;;;;;;;21.29.16;1;1;6;1;1466;;9;11;4;3;14;17;18;15;6;17;13;10;
az5;;;;;;;21.29.16;1;1;5;1;1470;;9;11;4;3;14;17;15;6;17;13;10;18;
a15SQ-~~~66;;;;;;;21.29.32;1;1;5;1;1486;;9;11;4;3;14;17;15;6;17;13;10;18;
*05RQ+~~~66~~~~32;;;;;;;21.29.32;1;1;5;1;1487;;9;11;4;3;14;17;15;6;17;13;10;18;
*09ET+K1B;;;;;;;21.29.32;1;1;5;1;1487;;9;11;4;3;14;17;15;6;17;13;10;18;
*11AT#W2~21~H4X;s;r;;;;;21.29.36;1;1;5;1;1491;;9;11;4;3;14;17;15;6;17;13;10;18;
a10DT=~~~21~S;s;;;;;;21.29.36;1;1;5;1;1491;;9;11;4;3;14;17;15;6;17;13;10;18;
*p24:16;;;;;;;21.29.40;1;1;5;1;1495;;9;11;4;3;14;17;15;6;17;13;10;18;
*z6;;;;;;;21.29.40;1;6;5;1;1494;;11;4;3;14;17;9;15;6;17;13;10;18;
*11SQ=~~~55~~~O;s;;;;;;21.30.00;1;6;5;1;1515;;11;4;3;14;17;9;15;6;17;13;10;18;
a$$&H#;s;;;;;;21.30.00;1;6;5;1;1515;;11;4;3;14;17;9;15;6;17;13;10;18;
ap24:17;;;;;;;21.30.06;1;6;5;1;1520;;11;4;3;14;17;9;15;6;17;13;10;18;
az4;;;;;;;21.30.06;1;6;4;1;1520;;11;4;3;14;17;9;6;17;13;10;18;15;
a06SQ-~~~61;;;;;;;21.30.18;1;6;4;1;1532;;11;4;3;14;17;9;6;17;13;10;18;15;
*11RQ+~~~61~~~~21;;;;;;;21.30.18;1;6;4;1;1533;;11;4;3;14;17;9;6;17;13;10;18;15;
*09EQ+K1C;;;;;;;21.30.18;1;6;4;1;1533;;11;4;3;14;17;9;6;17;13;10;18;15;
*04AQ#J1~36~H1F;s;r;;;;;21.30.22;1;6;4;1;1537;;11;4;3;14;17;9;6;17;13;10;18;15;
a18DQ=~~~36~B;s;;;;;;21.30.22;1;6;4;1;1537;;11;4;3;14;17;9;6;17;13;10;18;15;
*p25:17;;;;;;;21.30.29;1;6;4;1;1540;;11;4;3;14;17;9;6;17;13;10;18;15;
**1set;;;;;;;21.30.29;2;6;4;1;1540;;;;;;;;;;;;;;
*P16>LUp;;;;;;;21.30.29;2;6;4;1;1542;;16;14;17;6;11;4;10;18;15;6;17;13;
*z1>LUp;;;;;;;21.30.29;2;1;4;1;1542;;16;14;17;6;11;4;10;18;15;6;17;13;
aP10>LUp;;;;;;;21.30.29;2;1;4;1;1542;;16;14;17;6;11;4;10;18;15;6;17;13;
az1>LUp;;;;;;;21.30.29;2;1;1;1;1542;;16;14;17;6;11;4;10;18;15;6;17;13;
*16SQ#~~~15;p;;;;;;21.34.31;2;1;1;1;1785;;16;14;17;6;11;4;10;18;15;6;17;13;
a17RQ=~~~15~R;p;;;;;;21.34.31;2;1;1;1;1786;;16;14;17;6;11;4;10;18;15;6;17;13;
*p01:00;;;;;;;21.34.36;2;1;1;1;1791;;16;14;17;6;11;4;10;18;15;6;17;13;
*16SM+~~~15;;;;;;;21.34.50;2;1;1;1;1804;;16;14;17;6;11;4;10;18;15;6;17;13;
a17RM-~~~15;;;;;;;21.34.50;2;1;1;1;1805;;16;14;17;6;11;4;10;18;15;6;17;13;
a18AT+W2~24~H2C;;r;;;;;21.34.55;2;1;1;1;1810;;16;14;17;6;11;4;10;18;15;6;17;13;
*17BT-~~~~4~~2;;;;;;;21.34.55;2;1;1;1;1811;;16;14;17;6;11;4;10;18;15;6;17;13;
a18AT=W2~25~H2O;p;s;;;;;21.34.58;2;1;1;1;1814;;16;14;17;6;11;4;10;18;15;6;17;13;
*$$&H#;p;;;;;;21.34.58;2;1;1;1;1814;;16;14;17;6;11;4;10;18;15;6;17;13;
*p02:00;;;;;;;21.35.09;2;1;1;1;1817;;16;14;17;6;11;4;10;18;15;6;17;13;
*16SM-~~~16;;;;;;;21.35.15;2;1;1;1;1829;;16;14;17;6;11;4;10;18;15;6;17;13;
a08RM#~~~16;;;;;;;21.35.15;2;1;1;1;1829;;16;14;17;6;11;4;10;18;15;6;17;13;
a10ET+K2F;;;;;;;21.35.15;2;1;1;1;1829;;16;14;17;6;11;4;10;18;15;6;17;13;
a06AT/W4~42~H2A;p;r;;;;;21.35.15;2;1;1;1;1832;;16;14;17;6;11;4;10;18;15;6;17;13;
*06BT#~~~~2~A2A;p;;;;;;21.35.15;2;1;1;1;1833;;16;14;17;6;11;4;10;18;15;6;17;13;
*p03:00;;;;;;;21.35.26;2;1;1;1;1836;;16;14;17;6;11;4;10;18;15;6;17;13;
*16SQ+~~~16;;;;;;;21.35.44;2;1;1;1;1858;;16;14;17;6;11;4;10;18;15;6;17;13;
a08RQ-~~~16;;;;;;;21.35.44;2;1;1;1;1858;;16;14;17;6;11;4;10;18;15;6;17;13;
a10EH=~~~~~~~~Z;p;;;;;;21.35.51;2;1;1;1;1862;;16;14;17;6;11;4;10;18;15;6;17;13;
*$$&H#;p;;;;;;21.35.51;2;1;1;1;1862;;16;14;17;6;11;4;10;18;15;6;17;13;
*p04:00;;;;;;;21.35.54;2;1;1;1;1866;;16;14;17;6;11;4;10;18;15;6;17;13;
aT;;;;;;;21.35.54;2;1;1;1;1868;;16;14;17;6;11;4;10;18;15;6;17;13;
*16SQ-~~~16;;;;;;;21.36.45;2;1;1;1;1920;;16;14;17;6;11;4;10;18;15;6;17;13;
a08RQ#~~~16;;;;;;;21.36.45;2;1;1;1;1920;;16;14;17;6;11;4;10;18;15;6;17;13;
a10EQ+K1C;;;;;;;21.36.45;2;1;1;1;1920;;16;14;17;6;11;4;10;18;15;6;17;13;
a15AQ-J1~33~H1C;;r;;;;;21.36.50;2;1;1;1;1924;;16;14;17;6;11;4;10;18;15;6;17;13;
*17BQ+~~~~3~T1;;;;;;;21.36.50;2;1;1;1;1924;;16;14;17;6;11;4;10;18;15;6;17;13;
a17EH=~~~~~~~~U;p;;;;;;21.36.55;2;1;1;1;1927;;16;14;17;6;11;4;10;18;15;6;17;13;
*$$&H#;p;;;;;;21.36.55;2;1;1;1;1927;;16;14;17;6;11;4;10;18;15;6;17;13;
*p05:00;;;;;;;21.37.06;2;1;1;1;1931;;16;14;17;6;11;4;10;18;15;6;17;13;
*16SQ-~~~11;;;;;;;21.37.10;2;1;1;1;1944;;16;14;17;6;11;4;10;18;15;6;17;13;
a18RQ+~~~11~~~~32;;;;;;;21.37.10;2;1;1;1;1945;;16;14;17;6;11;4;10;18;15;6;17;13;
a10EQ+K1C;;;;;;;21.37.10;2;1;1;1;1945;;16;14;17;6;11;4;10;18;15;6;17;13;
a15AQ=J4~39~H1S;p;r;;;;;21.37.15;2;1;1;1;1949;;16;14;17;6;11;4;10;18;15;6;17;13;
*$$&H#;p;;;;;;21.37.15;2;1;1;1;1949;;16;14;17;6;11;4;10;18;15;6;17;13;
*p06:00;;;;;;;21.37.23;2;1;1;1;1952;;16;14;17;6;11;4;10;18;15;6;17;13;
*16SQ/~~~15~~~N;;;;;;;21.37.30;2;1;1;1;1963;;16;14;17;6;11;4;10;18;15;6;17;13;
a17RQ/~~~15;;;;;;;21.37.30;2;1;1;1;1964;;16;14;17;6;11;4;10;18;15;6;17;13;
*06FH#;;;;;;;21.37.35;2;1;1;1;1969;;16;14;17;6;11;4;10;18;15;6;17;13;
*17AQ=J1~36~H1O1;s;p;;;;;21.37.37;2;1;1;1;1971;;16;14;17;6;11;4;10;18;15;6;17;13;
a$$&H#;s;;;;;;21.37.37;2;1;1;1;1971;;16;14;17;6;11;4;10;18;15;6;17;13;
ap06:01;;;;;;;21.37.43;2;1;1;1;1974;;16;14;17;6;11;4;10;18;15;6;17;13;
az6;;;;;;;21.37.43;2;1;6;1;1977;;16;14;17;6;11;4;18;15;6;17;13;10;
a18SM!~~~19;;;;;;;21.37.57;2;1;6;1;1993;;16;14;17;6;11;4;18;15;6;17;13;10;
*14RM!~~~19~~~~21;;;;;;;21.37.57;2;1;6;1;1993;;16;14;17;6;11;4;18;15;6;17;13;10;
*16ET+KBF;;;;;;;21.37.57;2;1;6;1;1993;;16;14;17;6;11;4;18;15;6;17;13;10;
*06AT-W4~42~H2C;;r;;;;;21.38.02;2;1;6;1;1996;;16;14;17;6;11;4;18;15;6;17;13;10;
a06BT+~~~~2~A2;;;;;;;21.38.02;2;1;6;1;1996;;16;14;17;6;11;4;18;15;6;17;13;10;
a06AT#W2~24~H2O;p;p;;;;;21.38.04;2;1;6;1;2000;;16;14;17;6;11;4;18;15;6;17;13;10;
*06BT=~~~~4~A2O;p;;;;;;21.38.04;2;1;6;1;2000;;16;14;17;6;11;4;18;15;6;17;13;10;
ap06:02;;;;;;;21.38.09;2;1;6;1;2004;;16;14;17;6;11;4;18;15;6;17;13;10;
a18SM-~~~19;;;;;;;21.38.24;2;1;6;1;2018;;16;14;17;6;11;4;18;15;6;17;13;10;
*14RM#~~~19~O;;;;;;;21.38.24;2;1;6;1;2019;;16;14;17;6;11;4;18;15;6;17;13;10;
*16EQ+K1C;;;;;;;21.38.24;2;1;6;1;2019;;16;14;17;6;11;4;18;15;6;17;13;10;
*17AQ#J1~35~H1X;s;r;;;;;21.38.27;2;1;6;1;2021;;16;14;17;6;11;4;18;15;6;17;13;10;
a18DQ=~~~35~S;s;;;;;;21.38.27;2;1;6;1;2021;;16;14;17;6;11;4;18;15;6;17;13;10;
*p07:02;;;;;;;21.38.33;2;1;6;1;2024;;16;14;17;6;11;4;18;15;6;17;13;10;
*z6;;;;;;;21.38.33;2;6;6;1;2027;;14;17;6;11;4;16;18;15;6;17;13;10;
*14SQ#~~~66B;p;;;;;;21.38.48;2;6;6;1;2042;;14;17;6;11;4;16;18;15;6;17;13;10;
a18RQ=~~~66BW;p;;;;;;21.38.48;2;6;6;1;2042;;14;17;6;11;4;16;18;15;6;17;13;10;
*p08:02;;;;;;;21.38.55;2;6;6;1;2048;;14;17;6;11;4;16;18;15;6;17;13;10;
*14SQ=~~~65~~~O;s;;;;;;21.39.09;2;6;6;1;2063;;14;17;6;11;4;16;18;15;6;17;13;10;
a$$&H#;s;;;;;;21.39.09;2;6;6;1;2063;;14;17;6;11;4;16;18;15;6;17;13;10;
ap08:03;;;;;;;21.39.13;2;6;6;1;2069;;14;17;6;11;4;16;18;15;6;17;13;10;
az5;;;;;;;21.39.13;2;6;5;1;2067;;14;17;6;11;4;16;15;6;17;13;10;18;
a15SQ-~~~16C;;;;;;;21.39.32;2;6;5;1;2086;;14;17;6;11;4;16;15;6;17;13;10;18;
*05RQ#~~~16C;;;;;;;21.39.32;2;6;5;1;2087;;14;17;6;11;4;16;15;6;17;13;10;18;
*16ET+K1P;;;;;;;21.39.32;2;6;5;1;2087;;14;17;6;11;4;16;15;6;17;13;10;18;
*14AT+Y8~85~H1C;;r;;;;;21.39.37;2;6;5;1;2091;;14;17;6;11;4;16;15;6;17;13;10;18;
a15DT/~~~85;;;;;;;21.39.37;2;6;5;1;2091;;14;17;6;11;4;16;15;6;17;13;10;18;
*05FH#;;;;;;;21.39.41;2;6;5;1;2098;;14;17;6;11;4;16;15;6;17;13;10;18;
*17AQ#J4~33~H1O1;s;s;;;;;21.39.45;2;6;5;1;2100;;14;17;6;11;4;16;15;6;17;13;10;18;
a13BQ=~~~~3~T1O;s;;;;;;21.39.45;2;6;5;1;2100;;14;17;6;11;4;16;15;6;17;13;10;18;
*p09:03;;;;;;;21.39.49;2;6;5;1;2104;;14;17;6;11;4;16;15;6;17;13;10;18;
*z5;;;;;;;21.39.49;2;5;5;1;2103;;17;6;11;4;16;14;15;6;17;13;10;18;
*17SM-~~~57;;;;;;;21.40.04;2;5;5;1;2119;;17;6;11;4;16;14;15;6;17;13;10;18;
a17RM#~~~57;;;;;;;21.40.04;2;5;5;1;2119;;17;6;11;4;16;14;15;6;17;13;10;18;
a10EQ+K2C;;;;;;;21.40.04;2;5;5;1;2119;;17;6;11;4;16;14;15;6;17;13;10;18;
a13AQ=J2~3~~H1N;p;r;;;;;21.40.08;2;5;5;1;2123;;17;6;11;4;16;14;15;6;17;13;10;18;
*$$&H#;p;;;;;;21.40.08;2;5;5;1;2123;;17;6;11;4;16;14;15;6;17;13;10;18;
*p10:03;;;;;;;21.40.13;2;5;5;1;2128;;17;6;11;4;16;14;15;6;17;13;10;18;
*17SM/~~~57~~~N;;;;;;;21.40.28;2;5;5;1;2143;;17;6;11;4;16;14;15;6;17;13;10;18;
a17RM/~~~57~W;;;;;;;21.40.28;2;5;5;1;2144;;17;6;11;4;16;14;15;6;17;13;10;18;
*04AO#V3~3~~H0X;p;p;;;;;21.40.34;2;5;5;1;2147;;17;6;11;4;16;14;15;6;17;13;10;18;
a$$&H=;p;;;;;;21.40.34;2;5;5;1;2147;;17;6;11;4;16;14;15;6;17;13;10;18;
*p11:03;;;;;;;21.40.37;2;5;5;1;2150;;17;6;11;4;16;14;15;6;17;13;10;18;
aT;;;;;;;21.40.37;2;5;5;1;2151;;17;6;11;4;16;14;15;6;17;13;10;18;
*17SM!~~~56;;;;;;;21.41.53;2;5;5;1;2228;;17;6;11;4;16;14;15;6;17;13;10;18;
a18RM!~~~56~~~~32;;;;;;;21.41.53;2;5;5;1;2228;;17;6;11;4;16;14;15;6;17;13;10;18;
a10EQ+K8C;;;;;;;21.41.53;2;5;5;1;2229;;17;6;11;4;16;14;15;6;17;13;10;18;
a13AQ#J2~35~H1X;s;r;;;;;21.41.57;2;5;5;1;2232;;17;6;11;4;16;14;15;6;17;13;10;18;
*17DQ=~~~35~S;s;;;;;;21.41.57;2;5;5;1;2232;;17;6;11;4;16;14;15;6;17;13;10;18;
ap11:04;;;;;;;21.42.02;2;5;5;1;2235;;17;6;11;4;16;14;15;6;17;13;10;18;
az4;;;;;;;21.42.02;2;5;4;1;2236;;17;6;11;4;16;14;6;17;13;10;18;15;
a06SQ=~~~1~~~~N;s;;;;;;21.42.18;2;5;4;1;2253;;17;6;11;4;16;14;6;17;13;10;18;15;
*$$&H#;s;;;;;;21.42.18;2;5;4;1;2253;;17;6;11;4;16;14;6;17;13;10;18;15;
*p12:04;;;;;;;21.42.21;2;5;4;1;2257;;17;6;11;4;16;14;6;17;13;10;18;15;
*z4;;;;;;;21.42.21;2;4;4;1;2255;;6;11;4;16;14;17;6;17;13;10;18;15;
*c16:03;;;;;;;21.42.21;2;4;4;1;2255;;6;11;4;3;14;17;6;17;13;10;18;15;
*c06:09;;;;;;;21.42.21;2;4;4;1;2255;;9;11;4;3;14;17;6;17;13;10;18;15;
*P9;;;;;;;21.42.21;2;4;4;1;2255;;9;11;4;3;14;17;6;17;13;10;18;15;
*z1;;;;;;;21.42.21;2;1;4;1;2255;;9;11;4;3;14;17;6;17;13;10;18;15;
ac10:16;;;;;;;21.42.21;2;1;4;1;2255;;9;11;4;3;14;17;6;17;13;16;18;15;
ac06:01;;;;;;;21.42.21;2;1;4;1;2255;;9;11;4;3;14;17;1;17;13;16;18;15;
aP1;;;;;;;21.42.21;2;1;4;1;2255;;9;11;4;3;14;17;1;17;13;16;18;15;
az1;;;;;;;21.42.21;2;1;1;1;2255;;9;11;4;3;14;17;1;17;13;16;18;15;
*09SQ-~~~51;;;;;;;21.43.00;2;1;1;1;2295;;9;11;4;3;14;17;1;17;13;16;18;15;
a17RQ+~~~51~~~~41;;;;;;;21.43.00;2;1;1;1;2296;;9;11;4;3;14;17;1;17;13;16;18;15;
a01ET+KFB;;;;;;;21.43.00;2;1;1;1;2296;;9;11;4;3;14;17;1;17;13;16;18;15;
a17AT=W2~21~H1S;p;r;;;;;21.43.05;2;1;1;1;2299;;9;11;4;3;14;17;1;17;13;16;18;15;
*$$&H#;p;;;;;;21.43.05;2;1;1;1;2299;;9;11;4;3;14;17;1;17;13;16;18;15;
*p13:04;;;;;;;21.43.08;2;1;1;1;2302;;9;11;4;3;14;17;1;17;13;16;18;15;
*09SQ=~~~5~~~~N;s;;;;;;21.43.26;2;1;1;1;2321;;9;11;4;3;14;17;1;17;13;16;18;15;
a$$&H#;s;;;;;;21.43.26;2;1;1;1;2321;;9;11;4;3;14;17;1;17;13;16;18;15;
ap13:05;;;;;;;21.43.29;2;1;1;1;2326;;9;11;4;3;14;17;1;17;13;16;18;15;
az6;;;;;;;21.43.29;2;1;6;1;2324;;9;11;4;3;14;17;17;13;16;18;15;1;
ac18:07;;;;;;;21.43.29;2;1;6;1;2324;;9;11;4;3;14;17;17;13;16;7;15;1;
a17SQ#~~~16B;p;;;;;;21.43.48;2;1;6;1;2343;;9;11;4;3;14;17;17;13;16;7;15;1;
*05RQ=~~~16BR;p;;;;;;21.43.48;2;1;6;1;2343;;9;11;4;3;14;17;17;13;16;7;15;1;
ap13:06;;;;;;;21.43.54;2;1;6;1;2349;;9;11;4;3;14;17;17;13;16;7;15;1;
a17SQ+~~~12~~~N;;;;;;;21.44.12;2;1;6;1;2367;;9;11;4;3;14;17;17;13;16;7;15;1;
*09RQ-~~~12~W;;;;;;;21.44.12;2;1;6;1;2367;;9;11;4;3;14;17;17;13;16;7;15;1;
*05EH+~~B~9;;;;;;;21.44.12;2;1;6;1;2370;;9;11;4;3;14;17;17;13;16;7;15;1;
*11AH-G2~21~H1;;r;;;;;21.44.17;2;1;6;1;2371;;9;11;4;3;14;17;17;13;16;7;15;1;
a01DH+~~~21~S;;;;;;;21.44.17;2;1;6;1;2372;;9;11;4;3;14;17;17;13;16;7;15;1;
a16AH-G2~26~H2;;p;;;;;21.44.21;2;1;6;1;2375;;9;11;4;3;14;17;17;13;16;7;15;1;
*14DH+~~~26~S;;;;;;;21.44.21;2;1;6;1;2376;;9;11;4;3;14;17;17;13;16;7;15;1;
*03AT#W4~42~H2F2;s;s;;;;;21.44.24;2;1;6;1;2379;;9;11;4;3;14;17;17;13;16;7;15;1;
a13BT=~~~~2~A2F;s;;;;;;21.44.24;2;1;6;1;2379;;9;11;4;3;14;17;17;13;16;7;15;1;
*p14:06;;;;;;;21.44.28;2;1;6;1;2383;;9;11;4;3;14;17;17;13;16;7;15;1;
*z6;;;;;;;21.44.28;2;6;6;1;2382;;11;4;3;14;17;9;17;13;16;7;15;1;
*11SQ-~~~56~~~N;;;;;;;21.44.54;2;6;6;1;2408;;11;4;3;14;17;9;17;13;16;7;15;1;
a08RQ#~~~56;;;;;;;21.44.54;2;6;6;1;2408;;11;4;3;14;17;9;17;13;16;7;15;1;
a01ET+K1B;;;;;;;21.44.54;2;6;6;1;2409;;11;4;3;14;17;9;17;13;16;7;15;1;
a16AT-W2~24~H2C;;r;;;;;21.45.00;2;6;6;1;2415;;11;4;3;14;17;9;17;13;16;7;15;1;
*14BT+~~~~4~A2;;;;;;;21.45.00;2;6;6;1;2415;;11;4;3;14;17;9;17;13;16;7;15;1;
*05DH+~~~26~B;;;;;;;21.45.02;2;6;6;1;2416;;11;4;3;14;17;9;17;13;16;7;15;1;
*03AT#W2~25~H1X2;p;p;;;;;21.45.03;2;6;6;1;2419;;11;4;3;14;17;9;17;13;16;7;15;1;
a17DT=~~~25~S;p;;;;;;21.45.03;2;6;6;1;2419;;11;4;3;14;17;9;17;13;16;7;15;1;
*p15:06;;;;;;;21.45.09;2;6;6;1;2423;;11;4;3;14;17;9;17;13;16;7;15;1;
*11SQ+~~~65A;;;;;;;21.45.29;2;6;6;1;2443;;11;4;3;14;17;9;17;13;16;7;15;1;
a07RQ-~~~65A;;;;;;;21.45.29;2;6;6;1;2442;;11;4;3;14;17;9;17;13;16;7;15;1;
a01EH=~~~~~~~~Z;p;;;;;;21.45.29;2;6;6;1;2448;;11;4;3;14;17;9;17;13;16;7;15;1;
*$$&H#;p;;;;;;21.45.29;2;6;6;1;2448;;11;4;3;14;17;9;17;13;16;7;15;1;
*p16:06;;;;;;;21.45.42;2;6;6;1;2453;;11;4;3;14;17;9;17;13;16;7;15;1;
*11SQ!~~~65;;;;;;;21.46.00;2;6;6;1;2475;;11;4;3;14;17;9;17;13;16;7;15;1;
a07RQ!~~~65~~~~21;;;;;;;21.46.00;2;6;6;1;2476;;11;4;3;14;17;9;17;13;16;7;15;1;
a01ET+KBB;;;;;;;21.46.00;2;6;6;1;2477;;11;4;3;14;17;9;17;13;16;7;15;1;
a16AT=W2~2~~T2S;p;r;;;;;21.46.05;2;6;6;1;2480;;11;4;3;14;17;9;17;13;16;7;15;1;
*$$&H#;p;;;;;;21.46.05;2;6;6;1;2480;;11;4;3;14;17;9;17;13;16;7;15;1;
*p17:06;;;;;;;21.46.12;2;6;6;1;2482;;11;4;3;14;17;9;17;13;16;7;15;1;
*11SQ+~~~65;;;;;;;21.46.33;2;6;6;1;2507;;11;4;3;14;17;9;17;13;16;7;15;1;
a17RQ-~~~65;;;;;;;21.46.33;2;6;6;1;2508;;11;4;3;14;17;9;17;13;16;7;15;1;
a01EH/;;;;;;;21.46.33;2;6;6;1;2512;;11;4;3;14;17;9;17;13;16;7;15;1;
*03AO!V3~31~H2;;p;;;;;21.46.42;2;6;6;1;2514;;11;4;3;14;17;9;17;13;16;7;15;1;
a13BO!~~~~1~A2;;;;;;;21.46.42;2;6;6;1;2514;;11;4;3;14;17;9;17;13;16;7;15;1;
*$$&H#;p;;;;;;21.46.42;2;6;6;1;2514;;11;4;3;14;17;9;17;13;16;7;15;1;
a$$&H=;p;;;;;;21.46.42;2;6;6;1;2514;;11;4;3;14;17;9;17;13;16;7;15;1;
*p18:06;;;;;;;21.46.48;2;6;6;1;2519;;11;4;3;14;17;9;17;13;16;7;15;1;
ac01:06;;;;;;;21.46.48;2;6;6;1;2522;;11;4;3;14;17;9;17;13;16;7;15;6;
ac16:10;;;;;;;21.46.48;2;6;6;1;2522;;11;4;3;14;17;9;17;13;10;7;15;6;
aP10;;;;;;;21.46.48;2;6;6;1;2522;;11;4;3;14;17;9;17;13;10;7;15;6;
az3;;;;;;;21.46.48;2;6;3;1;2522;;11;4;3;14;17;9;17;13;10;7;15;6;
*11SQ!~~~55;;;;;;;21.47.14;2;6;3;1;2548;;11;4;3;14;17;9;17;13;10;7;15;6;
a17RQ!~~~55~~~~32;;;;;;;21.47.14;2;6;3;1;2549;;11;4;3;14;17;9;17;13;10;7;15;6;
a10ET+K8F;;;;;;;21.47.14;2;6;3;1;2549;;11;4;3;14;17;9;17;13;10;7;15;6;
a07AT-W4~42~H2C;;r;;;;;21.47.19;2;6;3;1;2554;;11;4;3;14;17;9;17;13;10;7;15;6;
*03BT+~~~~2~A2;;;;;;;21.47.19;2;6;3;1;2555;;11;4;3;14;17;9;17;13;10;7;15;6;
*11FH#;;;;;;;21.47.22;2;6;3;1;2557;;11;4;3;14;17;9;17;13;10;7;15;6;
*11AT#Y8~81~H0X1;p;p;;;;;21.47.24;2;6;3;1;2560;;11;4;3;14;17;9;17;13;10;7;15;6;
a06DT=~~~81~S;p;;;;;;21.47.24;2;6;3;1;2560;;11;4;3;14;17;9;17;13;10;7;15;6;
*p19:06;;;;;;;21.47.29;2;6;3;1;2565;;11;4;3;14;17;9;17;13;10;7;15;6;
*11SQ=~~~5~~~~N;s;;;;;;21.47.52;2;6;3;1;2586;;11;4;3;14;17;9;17;13;10;7;15;6;
a$$&H#;s;;;;;;21.47.52;2;6;3;1;2586;;11;4;3;14;17;9;17;13;10;7;15;6;
ap19:07;;;;;;;21.47.57;2;6;3;1;2592;;11;4;3;14;17;9;17;13;10;7;15;6;
az2;;;;;;;21.47.57;2;6;2;1;2591;;11;4;3;14;17;9;13;10;7;15;6;17;
*c11:22;;;;;;;21.47.57;2;6;2;1;2591;;22;4;3;14;17;9;13;10;7;15;6;17;
*c14:07;;;;;;;21.47.57;2;6;2;1;2591;;22;4;3;7;17;9;13;10;7;15;6;17;
a13SM=~~~1~~~~N;s;;;;;;21.48.21;2;6;2;1;2616;;22;4;3;7;17;9;13;10;7;15;6;17;
*$$&H#;s;;;;;;21.48.21;2;6;2;1;2616;;22;4;3;7;17;9;13;10;7;15;6;17;
*p20:07;;;;;;;21.48.23;2;6;2;1;2619;;22;4;3;7;17;9;13;10;7;15;6;17;
*z5;;;;;;;21.48.23;2;5;2;1;2617;;4;3;7;17;9;22;13;10;7;15;6;17;
*04SM+~~~55;;;;;;;21.48.39;2;5;2;1;2633;;4;3;7;17;9;22;13;10;7;15;6;17;
a07RM-~~~55;;;;;;;21.48.39;2;5;2;1;2633;;4;3;7;17;9;22;13;10;7;15;6;17;
a07AH/G4~42~H3A;p;r;;;;;21.48.44;2;5;2;1;2639;;4;3;7;17;9;22;13;10;7;15;6;17;
*07BH#~~~~2~A3A;p;;;;;;21.48.44;2;5;2;1;2640;;4;3;7;17;9;22;13;10;7;15;6;17;
*p21:07;;;;;;;21.48.48;2;5;2;1;2643;;4;3;7;17;9;22;13;10;7;15;6;17;
*04SM-~~~56;;;;;;;21.49.04;2;5;2;1;2657;;4;3;7;17;9;22;13;10;7;15;6;17;
a17RM+~~~56~~~~32;;;;;;;21.49.04;2;5;2;1;2657;;4;3;7;17;9;22;13;10;7;15;6;17;
a10ET+K2B;;;;;;;21.49.04;2;5;2;1;2658;;4;3;7;17;9;22;13;10;7;15;6;17;
a06AT#Y9~91~H1X;s;r;;;;;21.49.09;2;5;2;1;2662;;4;3;7;17;9;22;13;10;7;15;6;17;
*09DT=~~~91~S;s;;;;;;21.49.09;2;5;2;1;2662;;4;3;7;17;9;22;13;10;7;15;6;17;
ap21:08;;;;;;;21.49.14;2;5;2;1;2665;;4;3;7;17;9;22;13;10;7;15;6;17;
az1;;;;;;;21.49.14;2;5;1;1;2668;;4;3;7;17;9;22;10;7;15;6;17;13;
a10SM=~~~11~~~L;s;;;;;;21.49.24;2;5;1;1;2678;;4;3;7;17;9;22;10;7;15;6;17;13;
*$$&H#;s;;;;;;21.49.24;2;5;1;1;2678;;4;3;7;17;9;22;10;7;15;6;17;13;
*p22:08;;;;;;;21.49.28;2;5;1;1;2684;;4;3;7;17;9;22;10;7;15;6;17;13;
*z4;;;;;;;21.49.28;2;4;1;1;2682;;3;7;17;9;22;4;10;7;15;6;17;13;
*c09:06;;;;;;;21.49.28;2;4;1;1;2682;;3;7;17;6;22;4;10;7;15;6;17;13;
*c03:16;;;;;;;21.49.28;2;4;1;1;2682;;16;7;17;6;22;4;10;7;15;6;17;13;
*P16;;;;;;;21.49.28;2;4;1;1;2682;;16;7;17;6;22;4;10;7;15;6;17;13;
*z1;;;;;;;21.49.28;2;1;1;1;2682;;16;7;17;6;22;4;10;7;15;6;17;13;
*16SQ!~~~15;;;;;;;21.49.52;2;1;1;1;2706;;16;7;17;6;22;4;10;7;15;6;17;13;
a17RQ!~~~15~~~~32;;;;;;;21.49.52;2;1;1;1;2707;;16;7;17;6;22;4;10;7;15;6;17;13;
a10EQ+K8C;;;;;;;21.49.52;2;1;1;1;2707;;16;7;17;6;22;4;10;7;15;6;17;13;
a15AQ+J2~33~H2C;;r;;;;;21.49.57;2;1;1;1;2711;;16;7;17;6;22;4;10;7;15;6;17;13;
*17BQ-~~~~3~~2;;;;;;;21.49.57;2;1;1;1;2711;;16;7;17;6;22;4;10;7;15;6;17;13;
a06AT#W4~42~T2X;s;s;;;;;21.50.00;2;1;1;1;2715;;16;7;17;6;22;4;10;7;15;6;17;13;
*16DT=~~~42~E~E;s;;;;;;21.50.00;2;1;1;1;2715;;16;7;17;6;22;4;10;7;15;6;17;13;
ap22:09;;;;;;;21.50.05;2;1;1;1;2719;;16;7;17;6;22;4;10;7;15;6;17;13;
az6;;;;;;;21.50.05;2;1;6;1;2718;;16;7;17;6;22;4;7;15;6;17;13;10;
a07SM-~~~16;;;;;;;21.50.19;2;1;6;1;2734;;16;7;17;6;22;4;7;15;6;17;13;10;
*05RM#~~~16~O;;;;;;;21.50.19;2;1;6;1;2734;;16;7;17;6;22;4;7;15;6;17;13;10;
*16ET+K1B;;;;;;;21.50.19;2;1;6;1;2735;;16;7;17;6;22;4;7;15;6;17;13;10;
*07AT/W2~24~H1A;p;r;;;;;21.50.23;2;1;6;1;2739;;16;7;17;6;22;4;7;15;6;17;13;10;
a17BT#~~~~4~A1A;p;;;;;;21.50.23;2;1;6;1;2739;;16;7;17;6;22;4;7;15;6;17;13;10;
ap22:10;;;;;;;21.50.32;2;1;6;1;2742;;16;7;17;6;22;4;7;15;6;17;13;10;
a07SM-~~~16;;;;;;;21.50.40;2;1;6;1;2754;;16;7;17;6;22;4;7;15;6;17;13;10;
*05RM#~~~16;;;;;;;21.50.40;2;1;6;1;2755;;16;7;17;6;22;4;7;15;6;17;13;10;
*16EQ+K1C;;;;;;;21.50.40;2;1;6;1;2755;;16;7;17;6;22;4;7;15;6;17;13;10;
*17AQ#J4~36~H1X;s;r;;;;;21.50.45;2;1;6;1;2760;;16;7;17;6;22;4;7;15;6;17;13;10;
a07DQ=~~~36~S;s;;;;;;21.50.45;2;1;6;1;2760;;16;7;17;6;22;4;7;15;6;17;13;10;
*p23:10;;;;;;;21.50.50;2;1;6;1;2763;;16;7;17;6;22;4;7;15;6;17;13;10;
*z6;;;;;;;21.50.50;2;6;6;1;2764;;7;17;6;22;4;16;7;15;6;17;13;10;
*07SQ+~~~11;;;;;;;21.51.08;2;6;6;1;2782;;7;17;6;22;4;16;7;15;6;17;13;10;
a07RQ-~~~11;;;;;;;21.51.08;2;6;6;1;2782;;7;17;6;22;4;16;7;15;6;17;13;10;
a06AH#G2~25~H2X;s;r;;;;;21.51.13;2;6;6;1;2788;;7;17;6;22;4;16;7;15;6;17;13;10;
*05DH=~~~25~S;s;;;;;;21.51.13;2;6;6;1;2788;;7;17;6;22;4;16;7;15;6;17;13;10;
ap23:11;;;;;;;21.51.17;2;6;6;1;2793;;7;17;6;22;4;16;7;15;6;17;13;10;
az5;;;;;;;21.51.17;2;6;5;1;2791;;7;17;6;22;4;16;15;6;17;13;10;7;
a15SQ-~~~11~~~N;;;;;;;21.51.37;2;6;5;1;2812;;7;17;6;22;4;16;15;6;17;13;10;7;
*07RQ+~~~11~W~~41;;;;;;;21.51.37;2;6;5;1;2812;;7;17;6;22;4;16;15;6;17;13;10;7;
*16ET+KFF;;;;;;;21.51.37;2;6;5;1;2812;;7;17;6;22;4;16;15;6;17;13;10;7;
*22AT#W4~45~H;s;r;;;;;21.51.43;2;6;5;1;2818;;7;17;6;22;4;16;15;6;17;13;10;7;
a15DT=~~~45~S;s;;;;;;21.51.43;2;6;5;1;2818;;7;17;6;22;4;16;15;6;17;13;10;7;
*p24:11;;;;;;;21.51.48;2;6;5;1;2821;;7;17;6;22;4;16;15;6;17;13;10;7;
*z5;;;;;;;21.51.48;2;5;5;1;2821;;17;6;22;4;16;7;15;6;17;13;10;7;
*17SM+~~~55;;;;;;;21.52.03;2;5;5;1;2839;;17;6;22;4;16;7;15;6;17;13;10;7;
a07RM-~~~55;;;;;;;21.52.03;2;5;5;1;2839;;17;6;22;4;16;7;15;6;17;13;10;7;
a06AT+W2~24~H2C;;r;;;;;21.52.08;2;5;5;1;2842;;17;6;22;4;16;7;15;6;17;13;10;7;
*22BT-~~~~4~A2;;;;;;;21.52.08;2;5;5;1;2842;;17;6;22;4;16;7;15;6;17;13;10;7;
a08EH+~~F~4;;;;;;;21.52.11;2;5;5;1;2844;;17;6;22;4;16;7;15;6;17;13;10;7;
a17AH#G4~42~H3S;s;s;;;;;21.52.14;2;5;5;1;2847;;17;6;22;4;16;7;15;6;17;13;10;7;
*04BH=~~~~2~A3F;s;;;;;;21.52.14;2;5;5;1;2848;;17;6;22;4;16;7;15;6;17;13;10;7;
ap24:12;;;;;;;21.52.19;2;5;5;1;2851;;17;6;22;4;16;7;15;6;17;13;10;7;
az4;;;;;;;21.52.19;2;5;4;1;2853;;17;6;22;4;16;7;6;17;13;10;7;15;
a06SQ-~~~61C;;;;;;;21.52.34;2;5;4;1;2868;;17;6;22;4;16;7;6;17;13;10;7;15;
*05RQ+~~~61C~~~32;;;;;;;21.52.34;2;5;4;1;2868;;17;6;22;4;16;7;6;17;13;10;7;15;
*16ET+K2B;;;;;;;21.52.34;2;5;4;1;2868;;17;6;22;4;16;7;6;17;13;10;7;15;
*06AT+W2~24~H1C;;r;;;;;21.52.38;2;5;4;1;2872;;17;6;22;4;16;7;6;17;13;10;7;15;
a17BT-~~~~4~A1;;;;;;;21.52.38;2;5;4;1;2872;;17;6;22;4;16;7;6;17;13;10;7;15;
*16DH+~~~2~~C;;;;;;;21.52.38;2;5;4;1;2874;;17;6;22;4;16;7;6;17;13;10;7;15;
*05EH+~~F~4;;;;;;;21.52.41;2;5;4;1;2875;;17;6;22;4;16;7;6;17;13;10;7;15;
*22AH+G4~42~H2C4;;s;;;;;21.52.41;2;5;4;1;2877;;17;6;22;4;16;7;6;17;13;10;7;15;
a13BH-~~~~2~A2;;;;;;;21.52.41;2;5;4;1;2877;;17;6;22;4;16;7;6;17;13;10;7;15;
*06AT+W2~24~H2C2;;s;;;;;21.52.46;2;5;4;1;2881;;17;6;22;4;16;7;6;17;13;10;7;15;
a17BT-~~~~4~A2;;;;;;;21.52.46;2;5;4;1;2882;;17;6;22;4;16;7;6;17;13;10;7;15;
*22AT-W4~42~T2~2;;s;;;;;21.52.49;2;5;4;1;2885;;17;6;22;4;16;7;6;17;13;10;7;15;
a06DT+~~~42~E;;;;;;;21.52.49;2;5;4;1;2884;;17;6;22;4;16;7;6;17;13;10;7;15;
a17AT=W4~45~H2O;s;p;;;;;21.52.53;2;5;4;1;2889;;17;6;22;4;16;7;6;17;13;10;7;15;
*$$&H#;s;;;;;;21.52.53;2;5;4;1;2889;;17;6;22;4;16;7;6;17;13;10;7;15;
*p25:12;;;;;;;21.52.58;2;5;4;1;2892;;17;6;22;4;16;7;6;17;13;10;7;15;
**2set;;;;;;;21.52.58;3;5;4;1;2892;;;;;;;;;;;;;;
*P09>LUp;;;;;;;21.52.58;3;5;4;1;2893;;22;17;3;7;4;9;10;18;15;6;17;13;
*z6>LUp;;;;;;;21.52.58;3;6;4;1;2893;;22;17;3;7;4;9;10;18;15;6;17;13;
aP10>LUp;;;;;;;21.52.58;3;6;4;1;2893;;22;17;3;7;4;9;10;18;15;6;17;13;
az1>LUp;;;;;;;21.52.58;3;6;1;1;2893;;22;17;3;7;4;9;10;18;15;6;17;13;
a10SM-~~~11;;;;;;;21.57.03;3;6;1;1;3137;;22;17;3;7;4;9;10;18;15;6;17;13;
*08RM#~~~11~O;;;;;;;21.57.03;3;6;1;1;3138;;22;17;3;7;4;9;10;18;15;6;17;13;
*09EQ+K3C;;;;;;;21.57.03;3;6;1;1;3138;;22;17;3;7;4;9;10;18;15;6;17;13;
*17AQ+J3~33~H2C;;r;;;;;21.57.07;3;6;1;1;3141;;22;17;3;7;4;9;10;18;15;6;17;13;
a18BQ-~~~~3~T2;;;;;;;21.57.07;3;6;1;1;3141;;22;17;3;7;4;9;10;18;15;6;17;13;
*03AT#W2~25~H1X1;s;s;;;;;21.57.09;3;6;1;1;3145;;22;17;3;7;4;9;10;18;15;6;17;13;
a04DT=~~~25~S;s;;;;;;21.57.09;3;6;1;1;3145;;22;17;3;7;4;9;10;18;15;6;17;13;
*p01:00;;;;;;;21.57.13;3;6;1;1;3147;;22;17;3;7;4;9;10;18;15;6;17;13;
*z5;;;;;;;21.57.14;3;5;1;1;3148;;17;3;7;4;9;22;10;18;15;6;17;13;
*17SM-~~~59;;;;;;;21.57.28;3;5;1;1;3162;;17;3;7;4;9;22;10;18;15;6;17;13;
a18RM+~~~59~~~~32;;;;;;;21.57.28;3;5;1;1;3162;;17;3;7;4;9;22;10;18;15;6;17;13;
a10ET+K1P;;;;;;;21.57.28;3;5;1;1;3163;;17;3;7;4;9;22;10;18;15;6;17;13;
a17AT-Y8~81~H1;;r;;;;;21.57.34;3;5;1;1;3168;;17;3;7;4;9;22;10;18;15;6;17;13;
*09DT+~~~81~S;;;;;;;21.57.34;3;5;1;1;3169;;17;3;7;4;9;22;10;18;15;6;17;13;
*22EH+~~F~4;;;;;;;21.57.36;3;5;1;1;3171;;17;3;7;4;9;22;10;18;15;6;17;13;
*07AH=G4~46~H2O4;s;p;;;;;21.57.37;3;5;1;1;3172;;17;3;7;4;9;22;10;18;15;6;17;13;
a$$&H#;s;;;;;;21.57.37;3;5;1;1;3172;;17;3;7;4;9;22;10;18;15;6;17;13;
ap01:01;;;;;;;21.57.41;3;5;1;1;3175;;17;3;7;4;9;22;10;18;15;6;17;13;
az6;;;;;;;21.57.41;3;5;6;1;3176;;17;3;7;4;9;22;18;15;6;17;13;10;
a18SM!~~~18C;;;;;;;21.57.54;3;5;6;1;3188;;17;3;7;4;9;22;18;15;6;17;13;10;
*07RM!~~~18C;;;;;;;21.57.54;3;5;6;1;3188;;17;3;7;4;9;22;18;15;6;17;13;10;
*09ET+K8F;;;;;;;21.57.54;3;5;6;1;3189;;17;3;7;4;9;22;18;15;6;17;13;10;
*07AT-W4~42~T2C;;r;;;;;21.57.58;3;5;6;1;3193;;17;3;7;4;9;22;18;15;6;17;13;10;
a15BT+~~~~2~A2;;;;;;;21.57.58;3;5;6;1;3193;;17;3;7;4;9;22;18;15;6;17;13;10;
a04FH#;;;;;;;21.58.02;3;5;6;1;3198;;17;3;7;4;9;22;18;15;6;17;13;10;
a17AT-W4~47~T2;;p;;;;;21.58.06;3;5;6;1;3200;;17;3;7;4;9;22;18;15;6;17;13;10;
*08DT+~~~47;;;;;;;21.58.06;3;5;6;1;3201;;17;3;7;4;9;22;18;15;6;17;13;10;
*07AT#W4~46~H2F2;s;s;;;;;21.58.09;3;5;6;1;3204;;17;3;7;4;9;22;18;15;6;17;13;10;
a18DT=~~~46~B;s;;;;;;21.58.09;3;5;6;1;3204;;17;3;7;4;9;22;18;15;6;17;13;10;
*p02:01;;;;;;;21.58.14;3;5;6;1;3207;;17;3;7;4;9;22;18;15;6;17;13;10;
*z4;;;;;;;21.58.14;3;4;6;1;3208;;3;7;4;9;22;17;18;15;6;17;13;10;
*03SQ-~~~17;;;;;;;21.58.45;3;4;6;1;3240;;3;7;4;9;22;17;18;15;6;17;13;10;
a17RQ+~~~17~~~~31;;;;;;;21.58.45;3;4;6;1;3241;;3;7;4;9;22;17;18;15;6;17;13;10;
a10EQ+K1C;;;;;;;21.58.45;3;4;6;1;3241;;3;7;4;9;22;17;18;15;6;17;13;10;
a15AQ#J4~33~H2S;s;r;;;;;21.58.50;3;4;6;1;3244;;3;7;4;9;22;17;18;15;6;17;13;10;
*04BQ=~~~~3~T2S;s;;;;;;21.58.50;3;4;6;1;3245;;3;7;4;9;22;17;18;15;6;17;13;10;
ap02:02;;;;;;;21.58.54;3;4;6;1;3247;;3;7;4;9;22;17;18;15;6;17;13;10;
az5;;;;;;;21.58.54;3;4;5;1;3247;;3;7;4;9;22;17;15;6;17;13;10;18;
a15SQ#~~~69~~~N;p;;;;;;21.59.09;3;4;5;1;3263;;3;7;4;9;22;17;15;6;17;13;10;18;
*08RQ=~~~69~R;p;;;;;;21.59.09;3;4;5;1;3264;;3;7;4;9;22;17;15;6;17;13;10;18;
ap02:03;;;;;;;21.59.16;3;4;5;1;3269;;3;7;4;9;22;17;15;6;17;13;10;18;
a15SQ-~~~66B;;;;;;;21.59.30;3;4;5;1;3284;;3;7;4;9;22;17;15;6;17;13;10;18;
*22RQ+~~~66B~~~32;;;;;;;21.59.30;3;4;5;1;3285;;3;7;4;9;22;17;15;6;17;13;10;18;
*09ET+K1B;;;;;;;21.59.30;3;4;5;1;3285;;3;7;4;9;22;17;15;6;17;13;10;18;
*03AT!Y9~94~H2A;;r;;;;;21.59.35;3;4;5;1;3290;;3;7;4;9;22;17;15;6;17;13;10;18;
a13BT/~~~~4~A2A;s;;;;;;21.59.35;3;4;5;1;3290;;3;7;4;9;22;17;15;6;17;13;10;18;
*$$&H#;s;;;;;;21.59.35;3;4;5;1;3290;;3;7;4;9;22;17;15;6;17;13;10;18;
*p03:03;;;;;;;21.59.39;3;4;5;1;3295;;3;7;4;9;22;17;15;6;17;13;10;18;
*z3;;;;;;;21.59.39;3;3;5;1;3293;;7;4;9;22;17;3;15;6;17;13;10;18;
*07SQ!~~~16;;;;;;;21.59.59;3;3;5;1;3313;;7;4;9;22;17;3;15;6;17;13;10;18;
a18RQ!~~~16~~~~41;;;;;;;21.59.59;3;3;5;1;3313;;7;4;9;22;17;3;15;6;17;13;10;18;
a10EQ+KFC;;;;;;;21.59.59;3;3;5;1;3314;;7;4;9;22;17;3;15;6;17;13;10;18;
a13AQ-J3~33~T1;;r;;;;;22.00.05;3;3;5;1;3320;;7;4;9;22;17;3;15;6;17;13;10;18;
*08DQ+~~~33~E;;;;;;;22.00.05;3;3;5;1;3320;;7;4;9;22;17;3;15;6;17;13;10;18;
*22AT#W4~45~H2X2;p;p;;;;;22.00.08;3;3;5;1;3323;;7;4;9;22;17;3;15;6;17;13;10;18;
a17DT=~~~45~S;p;;;;;;22.00.08;3;3;5;1;3323;;7;4;9;22;17;3;15;6;17;13;10;18;
*p04:03;;;;;;;22.00.14;3;3;5;1;3325;;7;4;9;22;17;3;15;6;17;13;10;18;
*07SQ=~~~1~~~~N;s;;;;;;22.00.30;3;3;5;1;3344;;7;4;9;22;17;3;15;6;17;13;10;18;
a$$&H#;s;;;;;;22.00.30;3;3;5;1;3344;;7;4;9;22;17;3;15;6;17;13;10;18;
ap04:04;;;;;;;22.00.34;3;3;5;1;3350;;7;4;9;22;17;3;15;6;17;13;10;18;
az4;;;;;;;22.00.34;3;3;4;1;3349;;7;4;9;22;17;3;6;17;13;10;18;15;
a06SQ-~~~66~~~N;;;;;;;22.00.34;3;3;4;1;3367;;7;4;9;22;17;3;6;17;13;10;18;15;
*08RQ#~~~66;;;;;;;22.00.34;3;3;4;1;3367;;7;4;9;22;17;3;6;17;13;10;18;15;
*09EQ+K1C;;;;;;;22.00.34;3;3;4;1;3367;;7;4;9;22;17;3;6;17;13;10;18;15;
*04AQ-J1~37~H1;;r;;;;;22.00.51;3;3;4;1;3371;;7;4;9;22;17;3;6;17;13;10;18;15;
a04DQ+~~~37~S;;;;;;;22.00.51;3;3;4;1;3372;;7;4;9;22;17;3;6;17;13;10;18;15;
a18EH+~~F~4;;;;;;;22.01.01;3;3;4;1;3373;;7;4;9;22;17;3;6;17;13;10;18;15;
a17AH#G4~45~T2X4;p;p;;;;;22.01.01;3;3;4;1;3375;;7;4;9;22;17;3;6;17;13;10;18;15;
*08DH=~~~45~S;p;;;;;;22.01.01;3;3;4;1;3375;;7;4;9;22;17;3;6;17;13;10;18;15;
ap04:05;;;;;;;22.01.06;3;3;4;1;3378;;7;4;9;22;17;3;6;17;13;10;18;15;
a06SQ-~~~61;;;;;;;22.01.20;3;3;4;1;3395;;7;4;9;22;17;3;6;17;13;10;18;15;
*07RQ+~~~61~~~~32;;;;;;;22.01.20;3;3;4;1;3395;;7;4;9;22;17;3;6;17;13;10;18;15;
*09ET+K1F;;;;;;;22.01.20;3;3;4;1;3395;;7;4;9;22;17;3;6;17;13;10;18;15;
*22AT#W4~45~H2X;s;r;;;;;22.01.25;3;3;4;1;3399;;7;4;9;22;17;3;6;17;13;10;18;15;
a04DT=~~~45~S;s;;;;;;22.01.25;3;3;4;1;3400;;7;4;9;22;17;3;6;17;13;10;18;15;
*p05:05;;;;;;;22.01.29;3;3;4;1;3402;;7;4;9;22;17;3;6;17;13;10;18;15;
*z2;;;;;;;22.01.29;3;2;4;1;3403;;4;9;22;17;3;7;6;17;13;10;18;15;
*04SM!~~~55;;;;;;;22.01.44;3;2;4;1;3419;;4;9;22;17;3;7;6;17;13;10;18;15;
a17RM!~~~55~~~~32;;;;;;;22.01.44;3;2;4;1;3419;;4;9;22;17;3;7;6;17;13;10;18;15;
a10ET+K8F;;;;;;;22.01.44;3;2;4;1;3420;;4;9;22;17;3;7;6;17;13;10;18;15;
a17AT=W4~47~H2O;p;r;;;;;22.01.50;3;2;4;1;3423;;4;9;22;17;3;7;6;17;13;10;18;15;
*$$&H#;p;;;;;;22.01.50;3;2;4;1;3423;;4;9;22;17;3;7;6;17;13;10;18;15;
*p06:05;;;;;;;22.01.53;3;2;4;1;3426;;4;9;22;17;3;7;6;17;13;10;18;15;
*04SM!~~~51;;;;;;;22.02.05;3;2;4;1;3440;;4;9;22;17;3;7;6;17;13;10;18;15;
a08RM!~~~51~O~~31;;;;;;;22.02.05;3;2;4;1;3440;;4;9;22;17;3;7;6;17;13;10;18;15;
a10ET+KCB;;;;;;;22.02.05;3;2;4;1;3440;;4;9;22;17;3;7;6;17;13;10;18;15;
a10ET/~~~~9;;;;;;;22.02.11;3;2;4;1;3445;;4;9;22;17;3;7;6;17;13;10;18;15;
*04FT+~~~97;;;;;;;22.02.11;3;2;4;1;3446;;4;9;22;17;3;7;6;17;13;10;18;15;
*03AT=Y9~91~H1O1;s;p;;;;;22.02.14;3;2;4;1;3449;;4;9;22;17;3;7;6;17;13;10;18;15;
a$$&H#;s;;;;;;22.02.14;3;2;4;1;3449;;4;9;22;17;3;7;6;17;13;10;18;15;
ap06:06;;;;;;;22.02.18;3;2;4;1;3452;;4;9;22;17;3;7;6;17;13;10;18;15;
az3;;;;;;;22.02.19;3;2;3;1;3453;;4;9;22;17;3;7;17;13;10;18;15;6;
a17SQ#~~~66;p;;;;;;22.02.32;3;2;3;1;3466;;4;9;22;17;3;7;17;13;10;18;15;6;
*07RQ=~~~66~O;p;;;;;;22.02.32;3;2;3;1;3467;;4;9;22;17;3;7;17;13;10;18;15;6;
ap06:07;;;;;;;22.02.36;3;2;3;1;3472;;4;9;22;17;3;7;17;13;10;18;15;6;
a17SQ-~~~65~~~N;;;;;;;22.02.58;3;2;3;1;3492;;4;9;22;17;3;7;17;13;10;18;15;6;
*22RQ+~~~65~~~~22;;;;;;;22.02.58;3;2;3;1;3493;;4;9;22;17;3;7;17;13;10;18;15;6;
*09EQ+K2C;;;;;;;22.02.58;3;2;3;1;3493;;4;9;22;17;3;7;17;13;10;18;15;6;
*17AQ#J2~37~H1X;s;r;;;;;22.03.05;3;2;3;1;3497;;4;9;22;17;3;7;17;13;10;18;15;6;
a04DQ=~~~37~S;s;;;;;;22.03.05;3;2;3;1;3497;;4;9;22;17;3;7;17;13;10;18;15;6;
*p07:07;;;;;;;22.03.10;3;2;3;1;3500;;4;9;22;17;3;7;17;13;10;18;15;6;
*z1;;;;;;;22.03.10;3;1;3;1;3504;;9;22;17;3;7;4;17;13;10;18;15;6;
*09SQ!~~~69;;;;;;;22.03.21;3;1;3;1;3515;;9;22;17;3;7;4;17;13;10;18;15;6;
a17RQ!~~~69;;;;;;;22.03.21;3;1;3;1;3515;;9;22;17;3;7;4;17;13;10;18;15;6;
a10EQ+KCC~~~1;;;;;;;22.03.21;3;1;3;1;3515;;9;22;17;3;7;4;17;13;10;18;15;6;
a13AQ+J1~33~T2;;r;;;;;22.03.27;3;1;3;1;3521;;9;22;17;3;7;4;17;13;10;18;15;6;
*17BQ-~~~~3~A2;;;;;;;22.03.27;3;1;3;1;3521;;9;22;17;3;7;4;17;13;10;18;15;6;
a04EH+~~B~9;;;;;;;22.03.29;3;1;3;1;3524;;9;22;17;3;7;4;17;13;10;18;15;6;
a06AH-G9~91~H2N;;s;;;;;22.03.32;3;1;3;1;3525;;9;22;17;3;7;4;17;13;10;18;15;6;
*09DH+~~~91~E;;;;;;;22.03.32;3;1;3;1;3525;;9;22;17;3;7;4;17;13;10;18;15;6;
*03AT+W2~24~H2C1;;p;;;;;22.03.35;3;1;3;1;3529;;9;22;17;3;7;4;17;13;10;18;15;6;
a13BT-~~~~4~~2;;;;;;;22.03.35;3;1;3;1;3529;;9;22;17;3;7;4;17;13;10;18;15;6;
*22AT-W4~42~H2~2;;p;;;;;22.03.37;3;1;3;1;3532;;9;22;17;3;7;4;17;13;10;18;15;6;
a13BT+~~~~2~A2;;;;;;;22.03.37;3;1;3;1;3533;;9;22;17;3;7;4;17;13;10;18;15;6;
*08EH+~~F~4;;;;;;;22.03.40;3;1;3;1;3534;;9;22;17;3;7;4;17;13;10;18;15;6;
*22AH-G4~49~T2~4;;p;;;;;22.03.41;3;1;3;1;3537;;9;22;17;3;7;4;17;13;10;18;15;6;
a06DH+~~~49~E;;;;;;;22.03.41;3;1;3;1;3536;;9;22;17;3;7;4;17;13;10;18;15;6;
a18EH+~~~~9;;;;;;;22.03.45;3;1;3;1;3538;;9;22;17;3;7;4;17;13;10;18;15;6;
a06AH=G9~9~~H3O;p;s;;;;;22.03.45;3;1;3;1;3540;;9;22;17;3;7;4;17;13;10;18;15;6;
*$$&H#;p;;;;;;22.03.45;3;1;3;1;3540;;9;22;17;3;7;4;17;13;10;18;15;6;
*p08:07;;;;;;;22.03.57;3;1;3;1;3544;;9;22;17;3;7;4;17;13;10;18;15;6;
*09SQ-~~~61;;;;;;;22.04.07;3;1;3;1;3561;;9;22;17;3;7;4;17;13;10;18;15;6;
a17RQ+~~~61~~~~32;;;;;;;22.04.07;3;1;3;1;3562;;9;22;17;3;7;4;17;13;10;18;15;6;
a10ET+K1B;;;;;;;22.04.07;3;1;3;1;3562;;9;22;17;3;7;4;17;13;10;18;15;6;
a06AT/Y9~94~H2A;p;r;;;;;22.04.12;3;1;3;1;3566;;9;22;17;3;7;4;17;13;10;18;15;6;
*17BT#~~~~4~A2A;p;;;;;;22.04.12;3;1;3;1;3567;;9;22;17;3;7;4;17;13;10;18;15;6;
*p09:07;;;;;;;22.04.18;3;1;3;1;3570;;9;22;17;3;7;4;17;13;10;18;15;6;
*09SQ=~~~56~~~O;s;;;;;;22.04.33;3;1;3;1;3588;;9;22;17;3;7;4;17;13;10;18;15;6;
a$$&H#;s;;;;;;22.04.33;3;1;3;1;3588;;9;22;17;3;7;4;17;13;10;18;15;6;
ap09:08;;;;;;;22.04.37;3;1;3;1;3593;;9;22;17;3;7;4;17;13;10;18;15;6;
az2;;;;;;;22.04.37;3;1;2;1;3591;;9;22;17;3;7;4;13;10;18;15;6;17;
a13SM-~~~65;;;;;;;22.04.52;3;1;2;1;3607;;9;22;17;3;7;4;13;10;18;15;6;17;
*08RM#~~~65~O;;;;;;;22.04.52;3;1;2;1;3607;;9;22;17;3;7;4;13;10;18;15;6;17;
*09ET+K2B;;;;;;;22.04.52;3;1;2;1;3607;;9;22;17;3;7;4;13;10;18;15;6;17;
*22AT-W2~24~H1C;;r;;;;;22.04.56;3;1;2;1;3612;;9;22;17;3;7;4;13;10;18;15;6;17;
a18BT+~~~~4~A1;;;;;;;22.04.56;3;1;2;1;3612;;9;22;17;3;7;4;13;10;18;15;6;17;
a17EH+~~~~2;;;;;;;22.04.59;3;1;2;1;3613;;9;22;17;3;7;4;13;10;18;15;6;17;
a18AT=W4~41~H2S;s;p;;;;;22.05.02;3;1;2;1;3615;;9;22;17;3;7;4;13;10;18;15;6;17;
*$$&H#;s;;;;;;22.05.02;3;1;2;1;3615;;9;22;17;3;7;4;13;10;18;15;6;17;
*p10:08;;;;;;;22.05.04;3;1;2;1;3618;;9;22;17;3;7;4;13;10;18;15;6;17;
*z6;;;;;;;22.05.04;3;6;2;1;3619;;22;17;3;7;4;9;13;10;18;15;6;17;
*22SQ#~~~16B;p;;;;;;22.05.19;3;6;2;1;3633;;22;17;3;7;4;9;13;10;18;15;6;17;
a08RQ=~~~16BL;p;;;;;;22.05.19;3;6;2;1;3633;;22;17;3;7;4;9;13;10;18;15;6;17;
*p11:08;;;;;;;22.05.25;3;6;2;1;3639;;22;17;3;7;4;9;13;10;18;15;6;17;
*22SQ#~~~16;p;;;;;;22.05.39;3;6;2;1;3654;;22;17;3;7;4;9;13;10;18;15;6;17;
a17RQ=~~~16~M;p;;;;;;22.05.39;3;6;2;1;3654;;22;17;3;7;4;9;13;10;18;15;6;17;
*p12:08;;;;;;;22.05.44;3;6;2;1;3660;;22;17;3;7;4;9;13;10;18;15;6;17;
aT;;;;;;;22.05.44;3;6;2;1;3658;;22;17;3;7;4;9;13;10;18;15;6;17;
*22SQ-~~~16;;;;;;;22.07.05;3;6;2;1;3739;;22;17;3;7;4;9;13;10;18;15;6;17;
a17RQ#~~~16;;;;;;;22.07.05;3;6;2;1;3740;;22;17;3;7;4;9;13;10;18;15;6;17;
a10EQ+K1C;;;;;;;22.07.05;3;6;2;1;3740;;22;17;3;7;4;9;13;10;18;15;6;17;
a15AQ-J4~33~H1C;;r;;;;;22.07.10;3;6;2;1;3745;;22;17;3;7;4;9;13;10;18;15;6;17;
*17BQ+~~~~3~~1;;;;;;;22.07.10;3;6;2;1;3745;;22;17;3;7;4;9;13;10;18;15;6;17;
*09DQ+~~~39~B;;;;;;;22.07.10;3;6;2;1;3744;;22;17;3;7;4;9;13;10;18;15;6;17;
*22EH+~~B~2;;;;;;;22.07.14;3;6;2;1;3748;;22;17;3;7;4;9;13;10;18;15;6;17;
*03AH-G2~24~H2C4;;p;;;;;22.07.15;3;6;2;1;3749;;22;17;3;7;4;9;13;10;18;15;6;17;
a18BH+~~~~4~A2;;;;;;;22.07.15;3;6;2;1;3748;;22;17;3;7;4;9;13;10;18;15;6;17;
a06AT-Y9~95~H2;;s;;;;;22.07.19;3;6;2;1;3753;;22;17;3;7;4;9;13;10;18;15;6;17;
*08DT+~~~95~S;;;;;;;22.07.19;3;6;2;1;3753;;22;17;3;7;4;9;13;10;18;15;6;17;
*07AH-G4~46~T2~3;;p;;;;;22.07.23;3;6;2;1;3757;;22;17;3;7;4;9;13;10;18;15;6;17;
a17DH+~~~46~S;;;;;;;22.07.23;3;6;2;1;3760;;22;17;3;7;4;9;13;10;18;15;6;17;
a18AT#W4~42~H2F;s;s;;;;;22.07.27;3;6;2;1;3761;;22;17;3;7;4;9;13;10;18;15;6;17;
*17BT=~~~~2~A2F;s;;;;;;22.07.27;3;6;2;1;3761;;22;17;3;7;4;9;13;10;18;15;6;17;
ap12:09;;;;;;;22.07.31;3;6;2;1;3764;;22;17;3;7;4;9;13;10;18;15;6;17;
az1;;;;;;;22.07.31;3;6;1;1;3765;;22;17;3;7;4;9;10;18;15;6;17;13;
a10SM+~~~17;;;;;;;22.07.49;3;6;1;1;3784;;22;17;3;7;4;9;10;18;15;6;17;13;
*07RM-~~~17~O;;;;;;;22.07.49;3;6;1;1;3784;;22;17;3;7;4;9;10;18;15;6;17;13;
*07AH+G4~49~T2;;r;;;;;22.07.54;3;6;1;1;3789;;22;17;3;7;4;9;10;18;15;6;17;13;
a10DH-~~~49~E;;;;;;;22.07.54;3;6;1;1;3790;;22;17;3;7;4;9;10;18;15;6;17;13;
a18AH=G3~3~~H0N;s;p;;;;;22.08.02;3;6;1;1;3792;;22;17;3;7;4;9;10;18;15;6;17;13;
*$$&H#;s;;;;;;22.08.02;3;6;1;1;3792;;22;17;3;7;4;9;10;18;15;6;17;13;
*p13:09;;;;;;;22.08.05;3;6;1;1;3795;;22;17;3;7;4;9;10;18;15;6;17;13;
*z5;;;;;;;22.08.05;3;5;1;1;3799;;17;3;7;4;9;22;10;18;15;6;17;13;
*17SM!~~~58;;;;;;;22.08.16;3;5;1;1;3812;;17;3;7;4;9;22;10;18;15;6;17;13;
a08RM!~~~58~~~~32;;;;;;;22.08.16;3;5;1;1;3812;;17;3;7;4;9;22;10;18;15;6;17;13;
a10ET+K8B;;;;;;;22.08.16;3;5;1;1;3813;;17;3;7;4;9;22;10;18;15;6;17;13;
a18AT#W2~24~H2F;s;r;;;;;22.08.23;3;5;1;1;3817;;17;3;7;4;9;22;10;18;15;6;17;13;
*04BT=~~~~4~A2F;s;;;;;;22.08.23;3;5;1;1;3817;;17;3;7;4;9;22;10;18;15;6;17;13;
ap13:10;;;;;;;22.08.29;3;5;1;1;3820;;17;3;7;4;9;22;10;18;15;6;17;13;
az6;;;;;;;22.08.29;3;5;6;1;3823;;17;3;7;4;9;22;18;15;6;17;13;10;
a18SM+~~~15;;;;;;;22.08.43;3;5;6;1;3836;;17;3;7;4;9;22;18;15;6;17;13;10;
*07RM-~~~15;;;;;;;22.08.43;3;5;6;1;3837;;17;3;7;4;9;22;18;15;6;17;13;10;
*07AT+W4~42~T2C;;r;;;;;22.08.47;3;5;6;1;3842;;17;3;7;4;9;22;18;15;6;17;13;10;
a15BT-~~~~2~A2;;;;;;;22.08.47;3;5;6;1;3842;;17;3;7;4;9;22;18;15;6;17;13;10;
*03AT-W2~26~H2~2;;s;;;;;22.08.51;3;5;6;1;3846;;17;3;7;4;9;22;18;15;6;17;13;10;
a18DT+~~~26~S;;;;;;;22.08.51;3;5;6;1;3847;;17;3;7;4;9;22;18;15;6;17;13;10;
a15AQ/J1~33~H1T;s;p;;;;;22.08.54;3;5;6;1;3849;;17;3;7;4;9;22;18;15;6;17;13;10;
*04BQ#~~~~3~T1T;s;;;;;;22.08.54;3;5;6;1;3849;;17;3;7;4;9;22;18;15;6;17;13;10;
*p14:10;;;;;;;22.08.59;3;5;6;1;3852;;17;3;7;4;9;22;18;15;6;17;13;10;
*z4;;;;;;;22.08.59;3;4;6;1;3853;;3;7;4;9;22;17;18;15;6;17;13;10;
*c03:16;;;;;;;22.08.59;3;4;6;1;3853;;16;7;4;9;22;17;18;15;6;17;13;10;
*c09:14;;;;;;;22.08.59;3;4;6;1;3853;;16;7;4;14;22;17;18;15;6;17;13;10;
*P16;;;;;;;22.08.59;3;4;6;1;3853;;16;7;4;14;22;17;18;15;6;17;13;10;
*z1;;;;;;;22.08.59;3;1;6;1;3853;;16;7;4;14;22;17;18;15;6;17;13;10;
*16SM-~~~15;;;;;;;22.09.24;3;1;6;1;3878;;16;7;4;14;22;17;18;15;6;17;13;10;
a17RM#~~~15;;;;;;;22.09.24;3;1;6;1;3879;;16;7;4;14;22;17;18;15;6;17;13;10;
a10EQ+K2C;;;;;;;22.09.24;3;1;6;1;3879;;16;7;4;14;22;17;18;15;6;17;13;10;
a15AQ+J2~33~H1;;r;;;;;22.09.28;3;1;6;1;3883;;16;7;4;14;22;17;18;15;6;17;13;10;
*04BQ-~~~~3~T1;;;;;;;22.09.28;3;1;6;1;3882;;16;7;4;14;22;17;18;15;6;17;13;10;
a06AT-W2~22~H2C;;s;;;;;22.09.32;3;1;6;1;3886;;16;7;4;14;22;17;18;15;6;17;13;10;
*14DT+~~~22~B;;;;;;;22.09.32;3;1;6;1;3885;;16;7;4;14;22;17;18;15;6;17;13;10;
*07AH+G4~42~H2C3;;p;;;;;22.09.35;3;1;6;1;3890;;16;7;4;14;22;17;18;15;6;17;13;10;
a06BH-~~~~2~A2;;;;;;;22.09.35;3;1;6;1;3890;;16;7;4;14;22;17;18;15;6;17;13;10;
*14AT/W2~24~H2A2;s;p;;;;;22.09.38;3;1;6;1;3894;;16;7;4;14;22;17;18;15;6;17;13;10;
a15BT#~~~~4~A2A;s;;;;;;22.09.38;3;1;6;1;3894;;16;7;4;14;22;17;18;15;6;17;13;10;
ap14:11;;;;;;;22.09.43;3;1;6;1;3897;;16;7;4;14;22;17;18;15;6;17;13;10;
az5;;;;;;;22.09.43;3;1;5;1;3896;;16;7;4;14;22;17;15;6;17;13;10;18;
a15SQ!~~~61~~~N;;;;;;;22.10.03;3;1;5;1;3917;;16;7;4;14;22;17;15;6;17;13;10;18;
*07RQ!~~~61~~~~32;;;;;;;22.10.03;3;1;5;1;3917;;16;7;4;14;22;17;15;6;17;13;10;18;
*14AT-W4~42~H2C;;r;;;;;22.10.08;3;1;5;1;3922;;16;7;4;14;22;17;15;6;17;13;10;18;
a13BT+~~~~2~~2;;;;;;;22.10.08;3;1;5;1;3922;;16;7;4;14;22;17;15;6;17;13;10;18;
*08EH+~~F~4;;;;;;;22.10.10;3;1;5;1;3923;;16;7;4;14;22;17;15;6;17;13;10;18;
*14AH-G4~41~P2~4;;s;;;;;22.10.10;3;1;5;1;3925;;16;7;4;14;22;17;15;6;17;13;10;18;
a10DH+~~~41;;;;;;;22.10.10;3;1;5;1;3925;;16;7;4;14;22;17;15;6;17;13;10;18;
a18EH+~~F~4;;;;;;;22.10.13;3;1;5;1;3927;;16;7;4;14;22;17;15;6;17;13;10;18;
a17AH+G4~42~T1C;;p;;;;;22.10.15;3;1;5;1;3929;;16;7;4;14;22;17;15;6;17;13;10;18;
*07BH-~~~~2~A1;;;;;;;22.10.15;3;1;5;1;3929;;16;7;4;14;22;17;15;6;17;13;10;18;
a06AT#W2~24~T2S;p;p;;;;;22.10.18;3;1;5;1;3933;;16;7;4;14;22;17;15;6;17;13;10;18;
*14BT=~~~~4~A2S;p;;;;;;22.10.18;3;1;5;1;3933;;16;7;4;14;22;17;15;6;17;13;10;18;
ap14:12;;;;;;;22.10.22;3;1;5;1;3936;;16;7;4;14;22;17;15;6;17;13;10;18;
a15SQ-~~~16;;;;;;;22.10.45;3;1;5;1;3959;;16;7;4;14;22;17;15;6;17;13;10;18;
*08RQ#~~~16;;;;;;;22.10.45;3;1;5;1;3959;;16;7;4;14;22;17;15;6;17;13;10;18;
*16EQ+K1C;;;;;;;22.10.45;3;1;5;1;3960;;16;7;4;14;22;17;15;6;17;13;10;18;
*04AQ#J1~35~H1X;s;r;;;;;22.10.49;3;1;5;1;3964;;16;7;4;14;22;17;15;6;17;13;10;18;
a15DQ=~~~35~S;s;;;;;;22.10.49;3;1;5;1;3964;;16;7;4;14;22;17;15;6;17;13;10;18;
*p15:12;;;;;;;22.10.53;3;1;5;1;3967;;16;7;4;14;22;17;15;6;17;13;10;18;
*z6;;;;;;;22.10.53;3;6;5;1;3967;;7;4;14;22;17;16;15;6;17;13;10;18;
*07SQ+~~~16;;;;;;;22.11.12;3;6;5;1;3986;;7;4;14;22;17;16;15;6;17;13;10;18;
a18RQ-~~~16;;;;;;;22.11.12;3;6;5;1;3987;;7;4;14;22;17;16;15;6;17;13;10;18;
a17AT+W4~43~H2C;;r;;;;;22.11.17;3;6;5;1;3992;;7;4;14;22;17;16;15;6;17;13;10;18;
*22DT/~~~43;;;;;;;22.11.17;3;6;5;1;3993;;7;4;14;22;17;16;15;6;17;13;10;18;
a13AO-V3~39~T1;;s;;;;;22.11.20;3;6;5;1;3995;;7;4;14;22;17;16;15;6;17;13;10;18;
*08DO+~~~39~E;;;;;;;22.11.20;3;6;5;1;3995;;7;4;14;22;17;16;15;6;17;13;10;18;
*22AH-G4~41~P2~3;;p;;;;;22.11.23;3;6;5;1;3998;;7;4;14;22;17;16;15;6;17;13;10;18;
a10DH+~~~41~S;;;;;;;22.11.23;3;6;5;1;3999;;7;4;14;22;17;16;15;6;17;13;10;18;
a18EH+~~~~4;;;;;;;22.11.26;3;6;5;1;4001;;7;4;14;22;17;16;15;6;17;13;10;18;
a17AH#G4~42~H3F;s;s;;;;;22.11.27;3;6;5;1;4002;;7;4;14;22;17;16;15;6;17;13;10;18;
*14BH=~~~~2~A3F;s;;;;;;22.11.27;3;6;5;1;4003;;7;4;14;22;17;16;15;6;17;13;10;18;
ap15:13;;;;;;;22.11.33;3;6;5;1;4006;;7;4;14;22;17;16;15;6;17;13;10;18;
az4;;;;;;;22.11.33;3;6;4;1;4006;;7;4;14;22;17;16;6;17;13;10;18;15;
a06SQ-~~~61;;;;;;;22.11.53;3;6;4;1;4027;;7;4;14;22;17;16;6;17;13;10;18;15;
*07RQ#~~~61;;;;;;;22.11.53;3;6;4;1;4028;;7;4;14;22;17;16;6;17;13;10;18;15;
*16ET+K1F;;;;;;;22.11.53;3;6;4;1;4028;;7;4;14;22;17;16;6;17;13;10;18;15;
*22AT#W4~45~H4X;s;r;;;;;22.11.57;3;6;4;1;4032;;7;4;14;22;17;16;6;17;13;10;18;15;
a04DT=~~~45~S;s;;;;;;22.11.57;3;6;4;1;4032;;7;4;14;22;17;16;6;17;13;10;18;15;
*p16:13;;;;;;;22.12.00;3;6;4;1;4035;;7;4;14;22;17;16;6;17;13;10;18;15;
*z5;;;;;;;22.12.00;3;5;4;1;4034;;4;14;22;17;16;7;6;17;13;10;18;15;
*c17:02;;;;;;;22.12.00;3;5;4;1;4034;;4;14;22;2;16;7;6;17;13;10;18;15;
*04SM#~~~56;p;;;;;;22.12.25;3;5;4;1;4060;;4;14;22;2;16;7;6;17;13;10;18;15;
a08RM=~~~56~O;p;;;;;;22.12.25;3;5;4;1;4060;;4;14;22;2;16;7;6;17;13;10;18;15;
*p17:13;;;;;;;22.12.31;3;5;4;1;4065;;4;14;22;2;16;7;6;17;13;10;18;15;
*04SM-~~~51;;;;;;;22.12.44;3;5;4;1;4080;;4;14;22;2;16;7;6;17;13;10;18;15;
a08RM+~~~51~O~~21;;;;;;;22.12.44;3;5;4;1;4080;;4;14;22;2;16;7;6;17;13;10;18;15;
a10ET+K1F;;;;;;;22.12.44;3;5;4;1;4081;;4;14;22;2;16;7;6;17;13;10;18;15;
a17AT=W4~41~H1S;p;r;;;;;22.12.50;3;5;4;1;4084;;4;14;22;2;16;7;6;17;13;10;18;15;
*$$&H#;p;;;;;;22.12.50;3;5;4;1;4084;;4;14;22;2;16;7;6;17;13;10;18;15;
*p18:13;;;;;;;22.12.53;3;5;4;1;4087;;4;14;22;2;16;7;6;17;13;10;18;15;
aT;;;;;;;22.12.53;3;5;4;1;4087;;4;14;22;2;16;7;6;17;13;10;18;15;
*04SM!~~~56;;;;;;;22.14.13;3;5;4;1;4168;;4;14;22;2;16;7;6;17;13;10;18;15;
a08RM!~~~56;;;;;;;22.14.13;3;5;4;1;4168;;4;14;22;2;16;7;6;17;13;10;18;15;
a10ET+KCF~~~1;;;;;;;22.14.13;3;5;4;1;4168;;4;14;22;2;16;7;6;17;13;10;18;15;
a17AT+W4~42~T1C;;r;;;;;22.14.18;3;5;4;1;4172;;4;14;22;2;16;7;6;17;13;10;18;15;
*14BT-~~~~2~A1;;;;;;;22.14.18;3;5;4;1;4172;;4;14;22;2;16;7;6;17;13;10;18;15;
*07FH!;;;;;;;22.14.22;3;5;4;1;4177;;4;14;22;2;16;7;6;17;13;10;18;15;
*22AT-W4~42~T2~2;;p;;;;;22.14.25;3;5;4;1;4180;;4;14;22;2;16;7;6;17;13;10;18;15;
a06DT+~~~42~E;;;;;;;22.14.25;3;5;4;1;4182;;4;14;22;2;16;7;6;17;13;10;18;15;
a18AT-Y8~85~H1;;s;;;;;22.14.29;3;5;4;1;4183;;4;14;22;2;16;7;6;17;13;10;18;15;
*04DT+~~~85~S;;;;;;;22.14.29;3;5;4;1;4183;;4;14;22;2;16;7;6;17;13;10;18;15;
*22AH-G4~45~H2~3;;p;;;;;22.14.31;3;5;4;1;4186;;4;14;22;2;16;7;6;17;13;10;18;15;
a08DH+~~~45~S;;;;;;;22.14.31;3;5;4;1;4186;;4;14;22;2;16;7;6;17;13;10;18;15;
a06AT#Y9~94~H2S;s;s;;;;;22.14.35;3;5;4;1;4190;;4;14;22;2;16;7;6;17;13;10;18;15;
*22BT=~~~~4~A2S;s;;;;;;22.14.35;3;5;4;1;4190;;4;14;22;2;16;7;6;17;13;10;18;15;
ap18:14;;;;;;;22.14.39;3;5;4;1;4193;;4;14;22;2;16;7;6;17;13;10;18;15;
az3;;;;;;;22.14.39;3;5;3;1;4193;;4;14;22;2;16;7;17;13;10;18;15;6;
a17SQ!~~~65;;;;;;;22.14.56;3;5;3;1;4211;;4;14;22;2;16;7;17;13;10;18;15;6;
*22RQ!~~~65~~~~32;;;;;;;22.14.56;3;5;3;1;4211;;4;14;22;2;16;7;17;13;10;18;15;6;
*16ET+K8B;;;;;;;22.14.56;3;5;3;1;4212;;4;14;22;2;16;7;17;13;10;18;15;6;
*14AT=W2~2~~H2O;p;r;;;;;22.15.00;3;5;3;1;4216;;4;14;22;2;16;7;17;13;10;18;15;6;
a$$&H#;p;;;;;;22.15.00;3;5;3;1;4216;;4;14;22;2;16;7;17;13;10;18;15;6;
ap18:15;;;;;;;22.15.09;3;5;3;1;4219;;4;14;22;2;16;7;17;13;10;18;15;6;
ac10:16;;;;;;;22.15.09;3;5;3;1;4223;;4;14;22;2;16;7;17;13;16;18;15;6;
ac06:01;;;;;;;22.15.09;3;5;3;1;4223;;4;14;22;2;16;7;17;13;16;18;15;1;
aP1;;;;;;;22.15.09;3;5;3;1;4223;;4;14;22;2;16;7;17;13;16;18;15;1;
az6;;;;;;;22.15.09;3;5;6;1;4223;;4;14;22;2;16;7;17;13;16;18;15;1;
a17SQ=~~~66~~~O;s;;;;;;22.15.28;3;5;6;1;4243;;4;14;22;2;16;7;17;13;16;18;15;1;
*$$&H#;s;;;;;;22.15.28;3;5;6;1;4243;;4;14;22;2;16;7;17;13;16;18;15;1;
*p19:15;;;;;;;22.15.34;3;5;6;1;4248;;4;14;22;2;16;7;17;13;16;18;15;1;
*z4;;;;;;;22.15.34;3;4;6;1;4248;;14;22;2;16;7;4;17;13;16;18;15;1;
*c16:03;;;;;;;22.15.34;3;4;6;1;4248;;14;22;2;3;7;4;17;13;16;18;15;1;
*c14:09;;;;;;;22.15.34;3;4;6;1;4248;;9;22;2;3;7;4;17;13;16;18;15;1;
*P9;;;;;;;22.15.34;3;4;6;1;4248;;9;22;2;3;7;4;17;13;16;18;15;1;
*z1;;;;;;;22.15.34;3;1;6;1;4248;;9;22;2;3;7;4;17;13;16;18;15;1;
*09SM-~~~55;;;;;;;22.15.56;3;1;6;1;4271;;9;22;2;3;7;4;17;13;16;18;15;1;
a18RM+~~~55~O~~21;;;;;;;22.15.56;3;1;6;1;4271;;9;22;2;3;7;4;17;13;16;18;15;1;
a01ET+K2B;;;;;;;22.15.56;3;1;6;1;4272;;9;22;2;3;7;4;17;13;16;18;15;1;
a16AT#W2~24~T2F;s;r;;;;;22.16.02;3;1;6;1;4275;;9;22;2;3;7;4;17;13;16;18;15;1;
*22BT=~~~~4~A2F;s;;;;;;22.16.02;3;1;6;1;4275;;9;22;2;3;7;4;17;13;16;18;15;1;
ap19:16;;;;;;;22.16.07;3;1;6;1;4278;;9;22;2;3;7;4;17;13;16;18;15;1;
az5;;;;;;;22.16.07;3;1;5;1;4281;;9;22;2;3;7;4;13;16;18;15;1;17;
a13SM!~~~15;;;;;;;22.16.19;3;1;5;1;4294;;9;22;2;3;7;4;13;16;18;15;1;17;
*08RM!~~~15~~~~31;;;;;;;22.16.19;3;1;5;1;4294;;9;22;2;3;7;4;13;16;18;15;1;17;
*09ET+KCB~~~1;;;;;;;22.16.19;3;1;5;1;4295;;9;22;2;3;7;4;13;16;18;15;1;17;
*22AT=W2~21~H2O;p;r;;;;;22.16.24;3;1;5;1;4298;;9;22;2;3;7;4;13;16;18;15;1;17;
a$$&H#;p;;;;;;22.16.24;3;1;5;1;4298;;9;22;2;3;7;4;13;16;18;15;1;17;
ap19:17;;;;;;;22.16.29;3;1;5;1;4302;;9;22;2;3;7;4;13;16;18;15;1;17;
a13SM-~~~15;;;;;;;22.16.41;3;1;5;1;4316;;9;22;2;3;7;4;13;16;18;15;1;17;
*07RM+~~~15~~~~41;;;;;;;22.16.41;3;1;5;1;4316;;9;22;2;3;7;4;13;16;18;15;1;17;
*09ET+KFF;;;;;;;22.16.41;3;1;5;1;4317;;9;22;2;3;7;4;13;16;18;15;1;17;
*03AT#W4~42~T2X;s;r;;;;;22.16.46;3;1;5;1;4321;;9;22;2;3;7;4;13;16;18;15;1;17;
a01DT=~~~42~E~E;s;;;;;;22.16.46;3;1;5;1;4321;;9;22;2;3;7;4;13;16;18;15;1;17;
*p20:17;;;;;;;22.16.54;3;1;5;1;4324;;9;22;2;3;7;4;13;16;18;15;1;17;
*z6;;;;;;;22.16.54;3;6;5;1;4328;;22;2;3;7;4;9;13;16;18;15;1;17;
ac01:06;;;;;;;22.16.54;3;6;5;1;4328;;22;2;3;7;4;9;13;16;18;15;6;17;
ac16:10;;;;;;;22.16.54;3;6;5;1;4328;;22;2;3;7;4;9;13;10;18;15;6;17;
aP10;;;;;;;22.16.54;3;6;5;1;4328;;22;2;3;7;4;9;13;10;18;15;6;17;
az2;;;;;;;22.16.54;3;6;2;1;4328;;22;2;3;7;4;9;13;10;18;15;6;17;
*22SQ/~~~16;;;;;;;22.17.12;3;6;2;1;4346;;22;2;3;7;4;9;13;10;18;15;6;17;
a17RQ/~~~16;;;;;;;22.17.12;3;6;2;1;4347;;22;2;3;7;4;9;13;10;18;15;6;17;
*07FH#;;;;;;;22.17.17;3;6;2;1;4351;;22;2;3;7;4;9;13;10;18;15;6;17;
*03AT#W2~25~H2X1;p;p;;;;;22.17.18;3;6;2;1;4353;;22;2;3;7;4;9;13;10;18;15;6;17;
a08DT=~~~25~S;p;;;;;;22.17.18;3;6;2;1;4353;;22;2;3;7;4;9;13;10;18;15;6;17;
*p21:17;;;;;;;22.17.22;3;6;2;1;4357;;22;2;3;7;4;9;13;10;18;15;6;17;
*22SQ=~~~1~~~~N;s;;;;;;22.17.37;3;6;2;1;4372;;22;2;3;7;4;9;13;10;18;15;6;17;
a$$&H#;s;;;;;;22.17.37;3;6;2;1;4372;;22;2;3;7;4;9;13;10;18;15;6;17;
ap21:18;;;;;;;22.17.41;3;6;2;1;4377;;22;2;3;7;4;9;13;10;18;15;6;17;
az1;;;;;;;22.17.41;3;6;1;1;4375;;22;2;3;7;4;9;10;18;15;6;17;13;
a10SM!~~~15;;;;;;;22.17.54;3;6;1;1;4388;;22;2;3;7;4;9;10;18;15;6;17;13;
*07RM!~~~15~O;;;;;;;22.17.54;3;6;1;1;4389;;22;2;3;7;4;9;10;18;15;6;17;13;
*09ET+K8F;;;;;;;22.17.54;3;6;1;1;4389;;22;2;3;7;4;9;10;18;15;6;17;13;
*07AT/W4~42~H2A;p;r;;;;;22.17.59;3;6;1;1;4394;;22;2;3;7;4;9;10;18;15;6;17;13;
a15BT#~~~~2~A2A;p;;;;;;22.17.59;3;6;1;1;4394;;22;2;3;7;4;9;10;18;15;6;17;13;
ap21:19;;;;;;;22.18.12;3;6;1;1;4397;;22;2;3;7;4;9;10;18;15;6;17;13;
a10SM-~~~17;;;;;;;22.18.18;3;6;1;1;4412;;22;2;3;7;4;9;10;18;15;6;17;13;
*07RM#~~~17~O;;;;;;;22.18.18;3;6;1;1;4413;;22;2;3;7;4;9;10;18;15;6;17;13;
*09ET+K1B;;;;;;;22.18.18;3;6;1;1;4413;;22;2;3;7;4;9;10;18;15;6;17;13;
*03AT#W2~24~H2S;s;r;;;;;22.18.21;3;6;1;1;4417;;22;2;3;7;4;9;10;18;15;6;17;13;
a18BT=~~~~4~A2S;s;;;;;;22.18.21;3;6;1;1;4417;;22;2;3;7;4;9;10;18;15;6;17;13;
*p22:19;;;;;;;22.18.25;3;6;1;1;4420;;22;2;3;7;4;9;10;18;15;6;17;13;
*z5;;;;;;;22.18.25;3;5;1;1;4419;;2;3;7;4;9;22;10;18;15;6;17;13;
*02SM!~~~51;;;;;;;22.18.45;3;5;1;1;4439;;2;3;7;4;9;22;10;18;15;6;17;13;
a08RM!~~~51~~~~32;;;;;;;22.18.45;3;5;1;1;4440;;2;3;7;4;9;22;10;18;15;6;17;13;
a10EQ+KBC;;;;;;;22.18.45;3;5;1;1;4440;;2;3;7;4;9;22;10;18;15;6;17;13;
a15AQ-J4~33~H2C;;r;;;;;22.18.52;3;5;1;1;4445;;2;3;7;4;9;22;10;18;15;6;17;13;
*04BQ+~~~~3~~2;;;;;;;22.18.52;3;5;1;1;4445;;2;3;7;4;9;22;10;18;15;6;17;13;
*04AQ#J1~35~H1X1;p;p;;;;;22.18.53;3;5;1;1;4448;;2;3;7;4;9;22;10;18;15;6;17;13;
a08DQ=~~~35~S;p;;;;;;22.18.53;3;5;1;1;4448;;2;3;7;4;9;22;10;18;15;6;17;13;
*p23:19;;;;;;;22.18.57;3;5;1;1;4451;;2;3;7;4;9;22;10;18;15;6;17;13;
*02SM!~~~55;;;;;;;22.19.13;3;5;1;1;4467;;2;3;7;4;9;22;10;18;15;6;17;13;
a17RM!~~~55~~~~22;;;;;;;22.19.13;3;5;1;1;4467;;2;3;7;4;9;22;10;18;15;6;17;13;
a15AQ-J4~36AH1;;r;;;;;22.19.18;3;5;1;1;4468;;2;3;7;4;9;22;10;18;15;6;17;13;
*22DQ+~~~36A;;;;;;;22.19.18;3;5;1;1;4468;;2;3;7;4;9;22;10;18;15;6;17;13;
*03AH-G2~21~H2~3;;p;;;;;22.19.20;3;5;1;1;4476;;2;3;7;4;9;22;10;18;15;6;17;13;
a10DH+~~~21~S;;;;;;;22.19.20;3;5;1;1;4477;;2;3;7;4;9;22;10;18;15;6;17;13;
a18EH+~~~~4;;;;;;;22.19.25;3;5;1;1;4479;;2;3;7;4;9;22;10;18;15;6;17;13;
a06AH=G4~42~H3N;p;s;;;;;22.19.25;3;5;1;1;4481;;2;3;7;4;9;22;10;18;15;6;17;13;
*$$&H#;p;;;;;;22.19.25;3;5;1;1;4481;;2;3;7;4;9;22;10;18;15;6;17;13;
*p24:19;;;;;;;22.19.30;3;5;1;1;4484;;2;3;7;4;9;22;10;18;15;6;17;13;
*02SM+~~~55;;;;;;;22.19.45;3;5;1;1;4501;;2;3;7;4;9;22;10;18;15;6;17;13;
a17RM-~~~55;;;;;;;22.19.45;3;5;1;1;4501;;2;3;7;4;9;22;10;18;15;6;17;13;
a08EH+~~~~4;;;;;;;22.19.50;3;5;1;1;4505;;2;3;7;4;9;22;10;18;15;6;17;13;
a06AH/G4~42~H3A;p;r;;;;;22.19.52;3;5;1;1;4506;;2;3;7;4;9;22;10;18;15;6;17;13;
*03BH#~~~~2~A3;p;;;;;;22.19.52;3;5;1;1;4506;;2;3;7;4;9;22;10;18;15;6;17;13;
*p25:19;;;;;;;22.19.57;3;5;1;1;4509;;2;3;7;4;9;22;10;18;15;6;17;13;
**3set;;;;;;;22.19.57;4;5;1;1;4510;;;;;;;;;;;;;;
