*P04>LUp;;;;;;;20.02.41;1;6;5;;;;13;4;18;11;1;10;9;3;11;12;10;15;
*z2>LUp;;;;;;;20.02.41;1;2;5;;;;13;4;18;11;1;10;9;3;11;12;10;15;
aP09>LUp;;;;;;;20.02.41;1;2;5;;;;13;4;18;11;1;10;9;3;11;12;10;15;
az1>LUp;;;;;;;20.02.41;1;2;1;;;;13;4;18;11;1;10;9;3;11;12;10;15;
a09SQ=~~~1~~~~N;s;;;;;;20.02.41;1;2;1;1;214;;13;4;18;11;1;10;9;3;11;12;10;15;
*$$&H#;s;;;;;;20.02.41;1;2;1;1;214;;13;4;18;11;1;10;9;3;11;12;10;15;
*p01:00;;;;;;;20.02.44;1;2;1;1;218;;13;4;18;11;1;10;9;3;11;12;10;15;
*z1;;;;;;;20.02.44;1;1;1;1;217;;4;18;11;1;10;13;9;3;11;12;10;15;
*04SQ=~~~51~~~O;s;;;;;;20.02.59;1;1;1;1;232;;4;18;11;1;10;13;9;3;11;12;10;15;
a$$&H#;s;;;;;;20.02.59;1;1;1;1;232;;4;18;11;1;10;13;9;3;11;12;10;15;
ap01:01;;;;;;;20.03.01;1;1;1;1;236;;4;18;11;1;10;13;9;3;11;12;10;15;
az6;;;;;;;20.03.01;1;1;6;1;234;;4;18;11;1;10;13;3;11;12;10;15;9;
a03SQ-~~~66;;;;;;;20.03.17;1;1;6;1;251;;4;18;11;1;10;13;3;11;12;10;15;9;
*12RQ+~~~66~~~~21;;;;;;;20.03.17;1;1;6;1;251;;4;18;11;1;10;13;3;11;12;10;15;9;
*04ET+K1B;;;;;;;20.03.17;1;1;6;1;251;;4;18;11;1;10;13;3;11;12;10;15;9;
*18AT-W2~24~H1C;;r;;;;;20.03.22;1;1;6;1;256;;4;18;11;1;10;13;3;11;12;10;15;9;
a10BT+~~~~4~A1;;;;;;;20.03.22;1;1;6;1;256;;4;18;11;1;10;13;3;11;12;10;15;9;
a09ET+~~F;;;;;;;20.03.22;1;1;6;1;256;;4;18;11;1;10;13;3;11;12;10;15;9;
a10AT#W4~42~T2F2;p;p;;;;;20.03.25;1;1;6;1;260;;4;18;11;1;10;13;3;11;12;10;15;9;
*11BT=~~~~2~A2F;p;;;;;;20.03.25;1;1;6;1;260;;4;18;11;1;10;13;3;11;12;10;15;9;
ap01:02;;;;;;;20.03.28;1;1;6;1;263;;4;18;11;1;10;13;3;11;12;10;15;9;
a03SQ-~~~61;;;;;;;20.03.45;1;1;6;1;278;;4;18;11;1;10;13;3;11;12;10;15;9;
*18RQ+~~~61~~~~21;;;;;;;20.03.45;1;1;6;1;278;;4;18;11;1;10;13;3;11;12;10;15;9;
*04ET+KBB;;;;;;;20.03.45;1;1;6;1;278;;4;18;11;1;10;13;3;11;12;10;15;9;
*18AT#W2~24~H4S;s;r;;;;;20.03.50;1;1;6;1;283;;4;18;11;1;10;13;3;11;12;10;15;9;
a10BT=~~~~4~A4S;s;;;;;;20.03.50;1;1;6;1;283;;4;18;11;1;10;13;3;11;12;10;15;9;
*p02:02;;;;;;;20.03.53;1;1;6;1;287;;4;18;11;1;10;13;3;11;12;10;15;9;
*z6;;;;;;;20.03.53;1;6;6;1;286;;18;11;1;10;13;4;3;11;12;10;15;9;
*18SQ/~~~65;;;;;;;20.04.08;1;6;6;1;302;;18;11;1;10;13;4;3;11;12;10;15;9;
a10RQ/~~~65~M;;;;;;;20.04.08;1;6;6;1;302;;18;11;1;10;13;4;3;11;12;10;15;9;
*15FH#;;;;;;;20.04.15;1;6;6;1;304;;18;11;1;10;13;4;3;11;12;10;15;9;
*04EQ#~~C;;;;;;;20.04.15;1;6;6;1;304;;18;11;1;10;13;4;3;11;12;10;15;9;
*11AQ#J4~33~H1S1;p;p;;;;;20.04.15;1;6;6;1;309;;18;11;1;10;13;4;3;11;12;10;15;9;
a11BQ=~~~~3~T1S;p;;;;;;20.04.15;1;6;6;1;309;;18;11;1;10;13;4;3;11;12;10;15;9;
*p03:02;;;;;;;20.04.19;1;6;6;1;313;;18;11;1;10;13;4;3;11;12;10;15;9;
*18SQ#~~~15;p;;;;;;20.04.37;1;6;6;1;331;;18;11;1;10;13;4;3;11;12;10;15;9;
a10RQ=~~~15~L;p;;;;;;20.04.37;1;6;6;1;331;;18;11;1;10;13;4;3;11;12;10;15;9;
*p04:02;;;;;;;20.04.41;1;6;6;1;336;;18;11;1;10;13;4;3;11;12;10;15;9;
*18SQ#~~~16;p;;;;;;20.04.57;1;6;6;1;350;;18;11;1;10;13;4;3;11;12;10;15;9;
a03RQ=~~~16~L;p;;;;;;20.04.57;1;6;6;1;350;;18;11;1;10;13;4;3;11;12;10;15;9;
*p05:02;;;;;;;20.05.02;1;6;6;1;355;;18;11;1;10;13;4;3;11;12;10;15;9;
*18SQ!~~~66;;;;;;;20.05.17;1;6;6;1;372;;18;11;1;10;13;4;3;11;12;10;15;9;
a16RQ!~~~66~~~~22;;;;;;;20.05.17;1;6;6;1;372;;18;11;1;10;13;4;3;11;12;10;15;9;
a09ET+K9B;;;;;;;20.05.17;1;6;6;1;372;;18;11;1;10;13;4;3;11;12;10;15;9;
a12AT-W2~26~H2C;;r;;;;;20.05.24;1;6;6;1;376;;18;11;1;10;13;4;3;11;12;10;15;9;
*18DT+~~~26~B;;;;;;;20.05.24;1;6;6;1;376;;18;11;1;10;13;4;3;11;12;10;15;9;
*04ET+~~F;;;;;;;20.05.24;1;6;6;1;376;;18;11;1;10;13;4;3;11;12;10;15;9;
*10AT+W4~42~H2C2;;p;;;;;20.05.27;1;6;6;1;380;;18;11;1;10;13;4;3;11;12;10;15;9;
a12BT-~~~~2~~2;;;;;;;20.05.27;1;6;6;1;380;;18;11;1;10;13;4;3;11;12;10;15;9;
*04ET+~~B;;;;;;;20.05.27;1;6;6;1;380;;18;11;1;10;13;4;3;11;12;10;15;9;
*01AT+W2~29~H1~2;;p;;;;;20.05.35;1;6;6;1;383;;18;11;1;10;13;4;3;11;12;10;15;9;
a09DT/~~~29~S;;;;;;;20.05.35;1;6;6;1;383;;18;11;1;10;13;4;3;11;12;10;15;9;
*04ET+~~B;;;;;;;20.05.35;1;6;6;1;383;;18;11;1;10;13;4;3;11;12;10;15;9;
*01AT+W2~24~H1C1;;p;;;;;20.05.38;1;6;6;1;387;;18;11;1;10;13;4;3;11;12;10;15;9;
a10BT-~~~~4~A1;;;;;;;20.05.38;1;6;6;1;387;;18;11;1;10;13;4;3;11;12;10;15;9;
*04ET+~~F;;;;;;;20.05.38;1;6;6;1;387;;18;11;1;10;13;4;3;11;12;10;15;9;
*10AT-W4~47~T2~3;;p;;;;;20.05.40;1;6;6;1;391;;18;11;1;10;13;4;3;11;12;10;15;9;
a16DT+~~~47~S;;;;;;;20.05.40;1;6;6;1;391;;18;11;1;10;13;4;3;11;12;10;15;9;
a09ET#~~F;;;;;;;20.05.40;1;6;6;1;391;;18;11;1;10;13;4;3;11;12;10;15;9;
a10AT#W4~42~H1S1;s;s;;;;;20.05.40;1;6;6;1;394;;18;11;1;10;13;4;3;11;12;10;15;9;
*01BT=~~~~2~A1S;s;;;;;;20.05.40;1;6;6;1;394;;18;11;1;10;13;4;3;11;12;10;15;9;
ap05:03;;;;;;;20.05.45;1;6;6;1;398;;18;11;1;10;13;4;3;11;12;10;15;9;
az5;;;;;;;20.05.45;1;6;5;1;398;;18;11;1;10;13;4;11;12;10;15;9;3;
a11SM+~~~61;;;;;;;20.06.01;1;6;5;1;415;;18;11;1;10;13;4;11;12;10;15;9;3;
*18RM-~~~61;;;;;;;20.06.01;1;6;5;1;415;;18;11;1;10;13;4;11;12;10;15;9;3;
*04ET+~~B;;;;;;;20.06.01;1;6;5;1;415;;18;11;1;10;13;4;11;12;10;15;9;3;
*01AT-W2~26~H2;;r;;;;;20.06.06;1;6;5;1;420;;18;11;1;10;13;4;11;12;10;15;9;3;
a03DT+~~~26~S;;;;;;;20.06.06;1;6;5;1;420;;18;11;1;10;13;4;11;12;10;15;9;3;
a15BH/~~~~~~A2A;s;;;;;;20.06.06;1;6;5;1;420;;18;11;1;10;13;4;11;12;10;15;9;3;
*$$&H#;s;;;;;;20.06.06;1;6;5;1;420;;18;11;1;10;13;4;11;12;10;15;9;3;
*p06:03;;;;;;;20.06.13;1;6;5;1;424;;18;11;1;10;13;4;11;12;10;15;9;3;
*z5;;;;;;;20.06.13;1;5;5;1;426;;11;1;10;13;4;18;11;12;10;15;9;3;
*11SM-~~~57;;;;;;;20.06.25;1;5;5;1;439;;11;1;10;13;4;18;11;12;10;15;9;3;
a10RM#~~~57~O;;;;;;;20.06.25;1;5;5;1;439;;11;1;10;13;4;18;11;12;10;15;9;3;
a09EQ+K1C;;;;;;;20.06.25;1;5;5;1;439;;11;1;10;13;4;18;11;12;10;15;9;3;
a15AQ+J4~32~H1N;;r;;;;;20.06.29;1;5;5;1;442;;11;1;10;13;4;18;11;12;10;15;9;3;
*13BQ-~~~~3~~1;;;;;;;20.06.29;1;5;5;1;442;;11;1;10;13;4;18;11;12;10;15;9;3;
*04EH+~~P;;;;;;;20.06.29;1;5;5;1;442;;11;1;10;13;4;18;11;12;10;15;9;3;
*18AH+G8~86~P0~3;;p;;;;;20.06.33;1;5;5;1;446;;11;1;10;13;4;18;11;12;10;15;9;3;
a03DH/~~~86~S;;;;;;;20.06.33;1;5;5;1;446;;11;1;10;13;4;18;11;12;10;15;9;3;
*01AO=V2~2~~H0X;s;p;;;;;20.06.33;1;5;5;1;449;;11;1;10;13;4;18;11;12;10;15;9;3;
a$$&H#;s;;;;;;20.06.33;1;5;5;1;449;;11;1;10;13;4;18;11;12;10;15;9;3;
ap06:04;;;;;;;20.06.46;1;5;5;1;453;;11;1;10;13;4;18;11;12;10;15;9;3;
az4;;;;;;;20.08.41;1;5;4;1;574;;11;1;10;13;4;18;12;10;15;9;3;11;
a12SQ+~~~66;;;;;;;20.08.52;1;5;4;1;585;;11;1;10;13;4;18;12;10;15;9;3;11;
*18RQ-~~~66;;;;;;;20.08.52;1;5;4;1;585;;11;1;10;13;4;18;12;10;15;9;3;11;
*12EH/~~~~4;;;;;;;20.09.02;1;5;4;1;585;;11;1;10;13;4;18;12;10;15;9;3;11;
a09AO-V2~23~T0;;p;;;;;20.08.58;1;5;4;1;590;;11;1;10;13;4;18;12;10;15;9;3;11;
*04DO+~~~23~E;;;;;;;20.08.58;1;5;4;1;590;;11;1;10;13;4;18;12;10;15;9;3;11;
*18ET+~~B~2;;;;;;;20.08.58;1;5;4;1;590;;11;1;10;13;4;18;12;10;15;9;3;11;
*01AT-W2~24~T2~4;;s;;;;;20.09.03;1;5;4;1;594;;11;1;10;13;4;18;12;10;15;9;3;11;
a16DT+~~~24;;;;;;;20.09.03;1;5;4;1;594;;11;1;10;13;4;18;12;10;15;9;3;11;
a09ET+~~B;;;;;;;20.09.03;1;5;4;1;594;;11;1;10;13;4;18;12;10;15;9;3;11;
a12AT#Y9~91~H2~2;p;p;;;;;20.09.07;1;5;4;1;599;;11;1;10;13;4;18;12;10;15;9;3;11;
*04DT=~~~91~S;p;;;;;;20.09.07;1;5;4;1;599;;11;1;10;13;4;18;12;10;15;9;3;11;
ap06:05;;;;;;;20.09.16;1;5;4;1;603;;11;1;10;13;4;18;12;10;15;9;3;11;
a12SQ=~~~66~~~O;s;;;;;;20.09.23;1;5;4;1;617;;11;1;10;13;4;18;12;10;15;9;3;11;
*$$&H#;s;;;;;;20.09.23;1;5;4;1;617;;11;1;10;13;4;18;12;10;15;9;3;11;
*p07:05;;;;;;;20.09.27;1;5;4;1;622;;11;1;10;13;4;18;12;10;15;9;3;11;
*z4;;;;;;;20.09.27;1;4;4;1;620;;1;10;13;4;18;11;12;10;15;9;3;11;
*01SQ-~~~16;;;;;;;20.09.38;1;4;4;1;632;;1;10;13;4;18;11;12;10;15;9;3;11;
a16RQ+~~~16~~~~41;;;;;;;20.09.38;1;4;4;1;632;;1;10;13;4;18;11;12;10;15;9;3;11;
a09ET+K2B;;;;;;;20.09.38;1;4;4;1;632;;1;10;13;4;18;11;12;10;15;9;3;11;
a12AT#Y9~96~H~X;s;r;;;;;20.09.45;1;4;4;1;637;;1;10;13;4;18;11;12;10;15;9;3;11;
*18DT=~~~96~S;s;;;;;;20.09.45;1;4;4;1;637;;1;10;13;4;18;11;12;10;15;9;3;11;
ap07:06;;;;;;;20.09.51;1;4;4;1;641;;1;10;13;4;18;11;12;10;15;9;3;11;
az3;;;;;;;20.09.51;1;4;3;1;644;;1;10;13;4;18;11;10;15;9;3;11;12;
a10SQ+~~~16;;;;;;;20.09.51;1;4;3;1;685;;1;10;13;4;18;11;10;15;9;3;11;12;
*18RQ-~~~16;;;;;;;20.09.51;1;4;3;1;685;;1;10;13;4;18;11;10;15;9;3;11;12;
*04EH+~~F;;;;;;;20.09.51;1;4;3;1;685;;1;10;13;4;18;11;10;15;9;3;11;12;
*10AH#G4~48~H3F;s;r;;;;;20.09.51;1;4;3;1;691;;1;10;13;4;18;11;10;15;9;3;11;12;
a03BH=~~~~2~A3F;s;;;;;;20.09.51;1;4;3;1;691;;1;10;13;4;18;11;10;15;9;3;11;12;
*p08:06;;;;;;;20.10.57;1;4;3;1;695;;1;10;13;4;18;11;10;15;9;3;11;12;
*z3;;;;;;;20.10.57;1;3;3;1;710;;10;13;4;18;11;1;10;15;9;3;11;12;
*10SM/~~~16;;;;;;;20.10.58;1;3;3;1;708;;10;13;4;18;11;1;10;15;9;3;11;12;
a10RM/~~~16~M;;;;;;;20.10.58;1;3;3;1;708;;10;13;4;18;11;1;10;15;9;3;11;12;
a10FH+;;;;;;;20.11.05;1;3;3;1;711;;10;13;4;18;11;1;10;15;9;3;11;12;
*04ET+~~B;;;;;;;20.11.05;1;3;3;1;711;;10;13;4;18;11;1;10;15;9;3;11;12;
*01AT-Y9~91~H1C1;;p;;;;;20.11.06;1;3;3;1;714;;10;13;4;18;11;1;10;15;9;3;11;12;
a12DT+~~~91;;;;;;;20.11.06;1;3;3;1;714;;10;13;4;18;11;1;10;15;9;3;11;12;
a09EH+~~F;;;;;;;20.11.06;1;3;3;1;714;;10;13;4;18;11;1;10;15;9;3;11;12;
a03AH=G4~45~H2O3;p;s;;;;;20.11.11;1;3;3;1;718;;10;13;4;18;11;1;10;15;9;3;11;12;
*$$&H#;p;;;;;;20.11.11;1;3;3;1;718;;10;13;4;18;11;1;10;15;9;3;11;12;
*p09:06;;;;;;;20.11.16;1;3;3;1;722;;10;13;4;18;11;1;10;15;9;3;11;12;
*10SQ#~~~16;p;;;;;;20.11.22;1;3;3;1;736;;10;13;4;18;11;1;10;15;9;3;11;12;
a16RQ=~~~16~R;p;;;;;;20.11.22;1;3;3;1;736;;10;13;4;18;11;1;10;15;9;3;11;12;
*p10:06;;;;;;;20.11.28;1;3;3;1;741;;10;13;4;18;11;1;10;15;9;3;11;12;
*10SQ=~~~16~~~O;s;;;;;;20.11.42;1;3;3;1;756;;10;13;4;18;11;1;10;15;9;3;11;12;
a$$&H#;s;;;;;;20.11.42;1;3;3;1;756;;10;13;4;18;11;1;10;15;9;3;11;12;
ap10:07;;;;;;;20.11.46;1;3;3;1;760;;10;13;4;18;11;1;10;15;9;3;11;12;
az2;;;;;;;20.11.48;1;3;2;1;761;;10;13;4;18;11;1;15;9;3;11;12;10;
a15SM-~~~16;;;;;;;20.12.00;1;3;2;1;774;;10;13;4;18;11;1;15;9;3;11;12;10;
*12RM#~~~16~O;;;;;;;20.12.00;1;3;2;1;774;;10;13;4;18;11;1;15;9;3;11;12;10;
*04ET+K1F;;;;;;;20.12.00;1;3;2;1;774;;10;13;4;18;11;1;15;9;3;11;12;10;
*18AT#W4~47~H1X;s;r;;;;;20.12.04;1;3;2;1;778;;10;13;4;18;11;1;15;9;3;11;12;10;
a10DT=~~~47~S;s;;;;;;20.12.04;1;3;2;1;778;;10;13;4;18;11;1;15;9;3;11;12;10;
*p11:07;;;;;;;20.12.09;1;3;2;1;782;;10;13;4;18;11;1;15;9;3;11;12;10;
*z2;;;;;;;20.12.09;1;2;2;1;782;;13;4;18;11;1;10;15;9;3;11;12;10;
*13SM-~~~66;;;;;;;20.12.25;1;2;2;1;798;;13;4;18;11;1;10;15;9;3;11;12;10;
a10RM+~~~66~O~~32;;;;;;;20.12.25;1;2;2;1;798;;13;4;18;11;1;10;15;9;3;11;12;10;
a09EQ+K2C;;;;;;;20.12.25;1;2;2;1;798;;13;4;18;11;1;10;15;9;3;11;12;10;
a11AQ#J2~33~H1O;s;r;;;;;20.12.31;1;2;2;1;803;;13;4;18;11;1;10;15;9;3;11;12;10;
*11BQ=~~~~3~T1O;s;;;;;;20.12.31;1;2;2;1;803;;13;4;18;11;1;10;15;9;3;11;12;10;
ap11:08;;;;;;;20.12.37;1;2;2;1;807;;13;4;18;11;1;10;15;9;3;11;12;10;
az1;;;;;;;20.12.37;1;2;1;1;810;;13;4;18;11;1;10;9;3;11;12;10;15;
a09SQ!~~~16;;;;;;;20.12.47;1;2;1;1;820;;13;4;18;11;1;10;9;3;11;12;10;15;
*12RQ!~~~16~~~~42;;;;;;;20.12.47;1;2;1;1;820;;13;4;18;11;1;10;9;3;11;12;10;15;
*04ET+K7F;;;;;;;20.12.47;1;2;1;1;820;;13;4;18;11;1;10;9;3;11;12;10;15;
*18AT-W4~42~T2;;r;;;;;20.12.52;1;2;1;1;825;;13;4;18;11;1;10;9;3;11;12;10;15;
a09DT+~~~42~E;;;;;;;20.12.52;1;2;1;1;825;;13;4;18;11;1;10;9;3;11;12;10;15;
*10EH+~~~~2;;;;;;;20.12.52;1;2;1;1;825;;13;4;18;11;1;10;9;3;11;12;10;15;
a12AH-G2~26~H2C4;;p;;;;;20.12.56;1;2;1;1;829;;13;4;18;11;1;10;9;3;11;12;10;15;
*10DH+~~~26~B;;;;;;;20.12.56;1;2;1;1;829;;13;4;18;11;1;10;9;3;11;12;10;15;
*04ET+~~B;;;;;;;20.12.56;1;2;1;1;829;;13;4;18;11;1;10;9;3;11;12;10;15;
*01AT#Y9~94~H4F1;s;s;;;;;20.12.59;1;2;1;1;832;;13;4;18;11;1;10;9;3;11;12;10;15;
a11BT=~~~~4~A4F;s;;;;;;20.12.59;1;2;1;1;832;;13;4;18;11;1;10;9;3;11;12;10;15;
*p12:08;;;;;;;20.13.07;1;2;1;1;836;;13;4;18;11;1;10;9;3;11;12;10;15;
*z1;;;;;;;20.13.07;1;1;1;1;840;;4;18;11;1;10;13;9;3;11;12;10;15;
*04SQ+~~~55;;;;;;;20.13.21;1;1;1;1;855;;4;18;11;1;10;13;9;3;11;12;10;15;
a10RQ-~~~55;;;;;;;20.13.21;1;1;1;1;855;;4;18;11;1;10;13;9;3;11;12;10;15;
a09EH+~~B;;;;;;;20.13.21;1;1;1;1;855;;4;18;11;1;10;13;9;3;11;12;10;15;
a03AH-G2~24~H2C;;r;;;;;20.13.26;1;1;1;1;861;;4;18;11;1;10;13;9;3;11;12;10;15;
*18BH+~~~~4~A2;;;;;;;20.13.26;1;1;1;1;861;;4;18;11;1;10;13;9;3;11;12;10;15;
*10FH#;;;;;;;20.13.29;1;1;1;1;864;;4;18;11;1;10;13;9;3;11;12;10;15;
*04EQ+~~C;;;;;;;20.13.29;1;1;1;1;863;;4;18;11;1;10;13;9;3;11;12;10;15;
*11AQ+J2~37~T1~1;;p;;;;;20.13.30;1;1;1;1;864;;4;18;11;1;10;13;9;3;11;12;10;15;
a16DQ/~~~37~E;;;;;;;20.13.30;1;1;1;1;864;;4;18;11;1;10;13;9;3;11;12;10;15;
*01FH#;;;;;;;20.13.34;1;1;1;1;865;;4;18;11;1;10;13;9;3;11;12;10;15;
*04EQ+~~C;;;;;;;20.13.34;1;1;1;1;865;;4;18;11;1;10;13;9;3;11;12;10;15;
*11AQ#J4~34~T1X1;p;p;;;;;20.13.36;1;1;1;1;870;;4;18;11;1;10;13;9;3;11;12;10;15;
a12DQ=~~~34~E~E;p;;;;;;20.13.36;1;1;1;1;870;;4;18;11;1;10;13;9;3;11;12;10;15;
*p13:08;;;;;;;20.13.40;1;1;1;1;874;;4;18;11;1;10;13;9;3;11;12;10;15;
*04SQ-~~~66;;;;;;;20.13.59;1;1;1;1;893;;4;18;11;1;10;13;9;3;11;12;10;15;
a16RQ+~~~66~~~~41;;;;;;;20.13.59;1;1;1;1;893;;4;18;11;1;10;13;9;3;11;12;10;15;
a09ET+K2B;;;;;;;20.13.59;1;1;1;1;893;;4;18;11;1;10;13;9;3;11;12;10;15;
a03AT#W2~26~H4X;s;r;;;;;20.14.11;1;1;1;1;898;;4;18;11;1;10;13;9;3;11;12;10;15;
*10DT=~~~26~S;s;;;;;;20.14.11;1;1;1;1;898;;4;18;11;1;10;13;9;3;11;12;10;15;
ap13:09;;;;;;;20.14.16;1;1;1;1;902;;4;18;11;1;10;13;9;3;11;12;10;15;
az6;;;;;;;20.14.16;1;1;6;1;909;;4;18;11;1;10;13;3;11;12;10;15;9;
a03SQ-~~~16;;;;;;;20.14.22;1;1;6;1;915;;4;18;11;1;10;13;3;11;12;10;15;9;
*12RQ#~~~16;;;;;;;20.14.22;1;1;6;1;915;;4;18;11;1;10;13;3;11;12;10;15;9;
*04EQ+K2C;;;;;;;20.14.22;1;1;6;1;915;;4;18;11;1;10;13;3;11;12;10;15;9;
*11AQ#J2~33~H1S;s;r;;;;;20.14.25;1;1;6;1;919;;4;18;11;1;10;13;3;11;12;10;15;9;
a11BQ=~~~~3~T1S;s;;;;;;20.14.25;1;1;6;1;919;;4;18;11;1;10;13;3;11;12;10;15;9;
*p14:09;;;;;;;20.14.28;1;1;6;1;923;;4;18;11;1;10;13;3;11;12;10;15;9;
*z6;;;;;;;20.14.28;1;6;6;1;921;;18;11;1;10;13;4;3;11;12;10;15;9;
*18SQ=~~~65~~~O;s;;;;;;20.14.47;1;6;6;1;941;;18;11;1;10;13;4;3;11;12;10;15;9;
a$$&H#;s;;;;;;20.14.47;1;6;6;1;941;;18;11;1;10;13;4;3;11;12;10;15;9;
ap14:10;;;;;;;20.14.52;1;6;6;1;946;;18;11;1;10;13;4;3;11;12;10;15;9;
az5;;;;;;;20.14.52;1;6;5;1;945;;18;11;1;10;13;4;11;12;10;15;9;3;
a11SQ=~~~6~~~~N;s;;;;;;20.15.08;1;6;5;1;962;;18;11;1;10;13;4;11;12;10;15;9;3;
*$$&H#;s;;;;;;20.15.08;1;6;5;1;962;;18;11;1;10;13;4;11;12;10;15;9;3;
*p15:10;;;;;;;20.15.11;1;6;5;1;965;;18;11;1;10;13;4;11;12;10;15;9;3;
*z5;;;;;;;20.15.11;1;5;5;1;964;;11;1;10;13;4;18;11;12;10;15;9;3;
*11SM-~~~57A;;;;;;;20.15.48;1;5;5;1;1002;;11;1;10;13;4;18;11;12;10;15;9;3;
a10RM#~~~57AO;;;;;;;20.15.48;1;5;5;1;1002;;11;1;10;13;4;18;11;12;10;15;9;3;
a09EQ+K2C;;;;;;;20.15.48;1;5;5;1;1002;;11;1;10;13;4;18;11;12;10;15;9;3;
a15AQ#J2~37~H1X;s;r;;;;;20.15.52;1;5;5;1;1005;;11;1;10;13;4;18;11;12;10;15;9;3;
*11DQ=~~~37~S;s;;;;;;20.15.52;1;5;5;1;1005;;11;1;10;13;4;18;11;12;10;15;9;3;
ap15:11;;;;;;;20.15.55;1;5;5;1;1009;;11;1;10;13;4;18;11;12;10;15;9;3;
az4;;;;;;;20.15.55;1;5;4;1;1008;;11;1;10;13;4;18;12;10;15;9;3;11;
a12SQ-~~~66;;;;;;;20.16.09;1;5;4;1;1023;;11;1;10;13;4;18;12;10;15;9;3;11;
*18RQ+~~~66~~~~41;;;;;;;20.16.09;1;5;4;1;1023;;11;1;10;13;4;18;12;10;15;9;3;11;
*04ET+K2B;;;;;;;20.16.09;1;5;4;1;1023;;11;1;10;13;4;18;12;10;15;9;3;11;
*01AT=W2~27~H1S;p;r;;;;;20.16.14;1;5;4;1;1028;;11;1;10;13;4;18;12;10;15;9;3;11;
a$$&H#;p;;;;;;20.16.14;1;5;4;1;1028;;11;1;10;13;4;18;12;10;15;9;3;11;
ap15:12;;;;;;;20.16.20;1;5;4;1;1032;;11;1;10;13;4;18;12;10;15;9;3;11;
a12SQ!~~~66;;;;;;;20.16.30;1;5;4;1;1044;;11;1;10;13;4;18;12;10;15;9;3;11;
*18RQ!~~~66~~~~42;;;;;;;20.16.30;1;5;4;1;1044;;11;1;10;13;4;18;12;10;15;9;3;11;
*04ET+K7B;;;;;;;20.16.30;1;5;4;1;1044;;11;1;10;13;4;18;12;10;15;9;3;11;
*01AT#W2~24~H4S;s;r;;;;;20.16.35;1;5;4;1;1049;;11;1;10;13;4;18;12;10;15;9;3;11;
a15BT=~~~~4~A4S;s;;;;;;20.16.35;1;5;4;1;1049;;11;1;10;13;4;18;12;10;15;9;3;11;
*p16:12;;;;;;;20.16.38;1;5;4;1;1053;;11;1;10;13;4;18;12;10;15;9;3;11;
*z4;;;;;;;20.16.38;1;4;4;1;1051;;1;10;13;4;18;11;12;10;15;9;3;11;
*01SQ!~~~15;;;;;;;20.16.58;1;4;4;1;1072;;1;10;13;4;18;11;12;10;15;9;3;11;
a10RQ!~~~15~~~~32;;;;;;;20.16.58;1;4;4;1;1072;;1;10;13;4;18;11;12;10;15;9;3;11;
a09ET+K8B;;;;;;;20.17.21;1;4;4;1;1072;;1;10;13;4;18;11;12;10;15;9;3;11;
a12AT-Y9~96~H2C;;r;;;;;20.17.04;1;4;4;1;1076;;1;10;13;4;18;11;12;10;15;9;3;11;
*18DT+~~~96~B;;;;;;;20.17.04;1;4;4;1;1076;;1;10;13;4;18;11;12;10;15;9;3;11;
*04ET+~~B;;;;;;;20.17.04;1;4;4;1;1076;;1;10;13;4;18;11;12;10;15;9;3;11;
*01AT-Y9~91~H2C2;;p;;;;;20.17.07;1;4;4;1;1080;;1;10;13;4;18;11;12;10;15;9;3;11;
a12DT+~~~91;;;;;;;20.17.07;1;4;4;1;1080;;1;10;13;4;18;11;12;10;15;9;3;11;
a09ET+~~F;;;;;;;20.17.07;1;4;4;1;1080;;1;10;13;4;18;11;12;10;15;9;3;11;
a10AT+W4~42~T2C1;;s;;;;;20.17.09;1;4;4;1;1084;;1;10;13;4;18;11;12;10;15;9;3;11;
*04BT-~~~~2~A2;;;;;;;20.17.09;1;4;4;1;1084;;1;10;13;4;18;11;12;10;15;9;3;11;
a09ET+~~F;;;;;;;20.17.09;1;4;4;1;1084;;1;10;13;4;18;11;12;10;15;9;3;11;
a10AT-W4~42~H2C2;;s;;;;;20.17.12;1;4;4;1;1087;;1;10;13;4;18;11;12;10;15;9;3;11;
*13BT+~~~~2~A2;;;;;;;20.17.12;1;4;4;1;1087;;1;10;13;4;18;11;12;10;15;9;3;11;
*13AO-V3~38~H0;;p;;;;;20.17.16;1;4;4;1;1089;;1;10;13;4;18;11;12;10;15;9;3;11;
a16DO+~~~38~S;;;;;;;20.17.16;1;4;4;1;1089;;1;10;13;4;18;11;12;10;15;9;3;11;
a09ET+~~F;;;;;;;20.17.16;1;4;4;1;1089;;1;10;13;4;18;11;12;10;15;9;3;11;
a10AT-W4~42~H2C2;;s;;;;;20.17.18;1;4;4;1;1092;;1;10;13;4;18;11;12;10;15;9;3;11;
*13BT+~~~~2~A2;;;;;;;20.17.18;1;4;4;1;1092;;1;10;13;4;18;11;12;10;15;9;3;11;
*01DH+;;;;;;;20.17.20;1;4;4;1;1092;;1;10;13;4;18;11;12;10;15;9;3;11;
*18EH=~~~~4~~~Z;s;;;;;;20.17.20;1;4;4;1;1094;;1;10;13;4;18;11;12;10;15;9;3;11;
a$$&H#;s;;;;;;20.17.20;1;4;4;1;1094;;1;10;13;4;18;11;12;10;15;9;3;11;
ap16:13;;;;;;;20.17.26;1;4;4;1;1098;;1;10;13;4;18;11;12;10;15;9;3;11;
az3;;;;;;;20.17.26;1;4;3;1;1099;;1;10;13;4;18;11;10;15;9;3;11;12;
a10SQ=~~~6~~~~N;s;;;;;;20.17.51;1;4;3;1;1125;;1;10;13;4;18;11;10;15;9;3;11;12;
*$$&H#;s;;;;;;20.17.51;1;4;3;1;1125;;1;10;13;4;18;11;10;15;9;3;11;12;
*p17:13;;;;;;;20.17.55;1;4;3;1;1129;;1;10;13;4;18;11;10;15;9;3;11;12;
*z3;;;;;;;20.17.55;1;3;3;1;1128;;10;13;4;18;11;1;10;15;9;3;11;12;
ac10:07;;;;;;;20.17.55;1;3;3;1;1128;;10;13;4;18;11;1;7;15;9;3;11;12;
*10SQ+~~~16;;;;;;;20.18.13;1;3;3;1;1146;;10;13;4;18;11;1;7;15;9;3;11;12;
a07RQ-~~~16;;;;;;;20.18.13;1;3;3;1;1146;;10;13;4;18;11;1;7;15;9;3;11;12;
a09EH+KBB;;;;;;;20.18.20;1;3;3;1;1146;;10;13;4;18;11;1;7;15;9;3;11;12;
a12AH-G9~91~H3;;r;;;;;20.18.18;1;3;3;1;1151;;10;13;4;18;11;1;7;15;9;3;11;12;
*10DH+~~~91~S;;;;;;;20.18.18;1;3;3;1;1151;;10;13;4;18;11;1;7;15;9;3;11;12;
*01EH+~~F~4;;;;;;;20.18.18;1;3;3;1;1151;;10;13;4;18;11;1;7;15;9;3;11;12;
*18AH-G4~45~H1~4;;p;;;;;20.18.21;1;3;3;1;1155;;10;13;4;18;11;1;7;15;9;3;11;12;
a16DH+~~~45;;;;;;;20.18.21;1;3;3;1;1155;;10;13;4;18;11;1;7;15;9;3;11;12;
a09ET+~~F;;;;;;;20.18.21;1;3;3;1;1154;;10;13;4;18;11;1;7;15;9;3;11;12;
a03AT-W4~42~T2C2;;s;;;;;20.18.24;1;3;3;1;1157;;10;13;4;18;11;1;7;15;9;3;11;12;
*13BT+~~~~2~~2;;;;;;;20.18.24;1;3;3;1;1157;;10;13;4;18;11;1;7;15;9;3;11;12;
a09AH-G2~26~H3~4;;s;;;;;20.18.26;1;3;3;1;1160;;10;13;4;18;11;1;7;15;9;3;11;12;
*10DH+~~~26;;;;;;;20.18.26;1;3;3;1;1160;;10;13;4;18;11;1;7;15;9;3;11;12;
*04ET+~~B;;;;;;;20.18.26;1;3;3;1;1160;;10;13;4;18;11;1;7;15;9;3;11;12;
*01AT-Y9~97~T2~2;;p;;;;;20.18.30;1;3;3;1;1164;;10;13;4;18;11;1;7;15;9;3;11;12;
a16DT+~~~97;;;;;;;20.18.30;1;3;3;1;1164;;10;13;4;18;11;1;7;15;9;3;11;12;
a09EQ+~~C;;;;;;;20.18.30;1;3;3;1;1164;;10;13;4;18;11;1;7;15;9;3;11;12;
a15AQ+J2~39~H1~1;;s;;;;;20.18.42;1;3;3;1;1168;;10;13;4;18;11;1;7;15;9;3;11;12;
*01DQ/~~~39;;;;;;;20.18.42;1;3;3;1;1168;;10;13;4;18;11;1;7;15;9;3;11;12;
*04EH+~~P;;;;;;;20.18.42;1;3;3;1;1168;;10;13;4;18;11;1;7;15;9;3;11;12;
*10AH#G8~86~P0X4;p;p;;;;;20.18.52;1;3;3;1;1170;;10;13;4;18;11;1;7;15;9;3;11;12;
a15DH=~~~86;p;;;;;;20.18.52;1;3;3;1;1170;;10;13;4;18;11;1;7;15;9;3;11;12;
*p18:13;;;;;;;20.18.59;1;3;3;1;1174;;10;13;4;18;11;1;7;15;9;3;11;12;
*10SQ!~~~19;;;;;;;20.18.59;1;3;3;1;1192;;10;13;4;18;11;1;7;15;9;3;11;12;
a07RQ!~~~19~~~~32;;;;;;;20.18.59;1;3;3;1;1192;;10;13;4;18;11;1;7;15;9;3;11;12;
a09ET+K8B;;;;;;;20.18.59;1;3;3;1;1192;;10;13;4;18;11;1;7;15;9;3;11;12;
a12AT-Y9~94~H2C;;r;;;;;20.19.04;1;3;3;1;1197;;10;13;4;18;11;1;7;15;9;3;11;12;
*18BT+~~~~4~~2;;;;;;;20.19.04;1;3;3;1;1197;;10;13;4;18;11;1;7;15;9;3;11;12;
*13FH+;;;;;;;20.19.07;1;3;3;1;1200;;10;13;4;18;11;1;7;15;9;3;11;12;
*04ET#~~F;;;;;;;20.19.07;1;3;3;1;1200;;10;13;4;18;11;1;7;15;9;3;11;12;
*18AT#W4~42~H1S1;p;p;;;;;20.19.08;1;3;3;1;1202;;10;13;4;18;11;1;7;15;9;3;11;12;
a09BT=~~~~2~A1S;p;;;;;;20.19.08;1;3;3;1;1202;;10;13;4;18;11;1;7;15;9;3;11;12;
*p19:13;;;;;;;20.19.15;1;3;3;1;1206;;10;13;4;18;11;1;7;15;9;3;11;12;
aT;;;;;;;20.19.15;1;3;3;1;1208;;10;13;4;18;11;1;7;15;9;3;11;12;
*10SQ-~~~11;;;;;;;20.20.21;1;3;3;1;1275;;10;13;4;18;11;1;7;15;9;3;11;12;
a07RQ#~~~11;;;;;;;20.20.21;1;3;3;1;1275;;10;13;4;18;11;1;7;15;9;3;11;12;
a09ET+K1F;;;;;;;20.20.29;1;3;3;1;1275;;10;13;4;18;11;1;7;15;9;3;11;12;
a03AT-W4~47~H1N;;r;;;;;20.20.26;1;3;3;1;1280;;10;13;4;18;11;1;7;15;9;3;11;12;
*18DT+~~~47~S;;;;;;;20.20.26;1;3;3;1;1280;;10;13;4;18;11;1;7;15;9;3;11;12;
*01EH/;;;;;;;20.20.26;1;3;3;1;1280;;10;13;4;18;11;1;7;15;9;3;11;12;
a15FH#;;;;;;;20.20.32;1;3;3;1;1283;;10;13;4;18;11;1;7;15;9;3;11;12;
a09EQ+~~C;;;;;;;20.20.32;1;3;3;1;1283;;10;13;4;18;11;1;7;15;9;3;11;12;
a15AQ#J4~37~H1X1;s;s;;;;;20.20.36;1;3;3;1;1286;;10;13;4;18;11;1;7;15;9;3;11;12;
*15DQ=~~~37~S;s;;;;;;20.20.36;1;3;3;1;1286;;10;13;4;18;11;1;7;15;9;3;11;12;
ap19:14;;;;;;;20.20.41;1;3;3;1;1290;;10;13;4;18;11;1;7;15;9;3;11;12;
az2;;;;;;;20.20.41;1;3;2;1;1294;;10;13;4;18;11;1;15;9;3;11;12;7;
a15SM/~~~19;;;;;;;20.20.51;1;3;2;1;1305;;10;13;4;18;11;1;15;9;3;11;12;7;
*10RM/~~~19~M;;;;;;;20.20.51;1;3;2;1;1305;;10;13;4;18;11;1;15;9;3;11;12;7;
*04EH=~~~~~~~~Z;p;;;;;;20.20.58;1;3;2;1;1308;;10;13;4;18;11;1;15;9;3;11;12;7;
a$$&H#;p;;;;;;20.20.58;1;3;2;1;1308;;10;13;4;18;11;1;15;9;3;11;12;7;
ap19:15;;;;;;;20.21.00;1;3;2;1;1311;;10;13;4;18;11;1;15;9;3;11;12;7;
a15SM+~~~16;;;;;;;20.21.15;1;3;2;1;1329;;10;13;4;18;11;1;15;9;3;11;12;7;
*12RM-~~~16;;;;;;;20.21.15;1;3;2;1;1329;;10;13;4;18;11;1;15;9;3;11;12;7;
*10EH+~~F;;;;;;;20.21.15;1;3;2;1;1329;;10;13;4;18;11;1;15;9;3;11;12;7;
*18AH#G4~41~H2X;s;r;;;;;20.21.21;1;3;2;1;1334;;10;13;4;18;11;1;15;9;3;11;12;7;
a12DH=~~~41~S;s;;;;;;20.21.21;1;3;2;1;1334;;10;13;4;18;11;1;15;9;3;11;12;7;
*p20:15;;;;;;;20.21.23;1;3;2;1;1338;;10;13;4;18;11;1;15;9;3;11;12;7;
*z2;;;;;;;20.21.23;1;2;2;1;1336;;13;4;18;11;1;10;15;9;3;11;12;7;
*13SM-~~~67;;;;;;;20.21.40;1;2;2;1;1353;;13;4;18;11;1;10;15;9;3;11;12;7;
a03RM#~~~67~O;;;;;;;20.21.40;1;2;2;1;1353;;13;4;18;11;1;10;15;9;3;11;12;7;
a09ET+K2F;;;;;;;20.21.40;1;2;2;1;1353;;13;4;18;11;1;10;15;9;3;11;12;7;
a03AT/W4~42~H1A;p;r;;;;;20.21.44;1;2;2;1;1358;;13;4;18;11;1;10;15;9;3;11;12;7;
*04BT#~~~~2~A1A;p;;;;;;20.21.44;1;2;2;1;1358;;13;4;18;11;1;10;15;9;3;11;12;7;
*p21:15;;;;;;;20.21.48;1;2;2;1;1362;;13;4;18;11;1;10;15;9;3;11;12;7;
ac07:10;;;;;;;20.21.48;1;2;2;1;1361;;13;4;18;11;1;10;15;9;3;11;12;10;
*13SM-~~~57;;;;;;;20.22.08;1;2;2;1;1381;;13;4;18;11;1;10;15;9;3;11;12;10;
a03RM+~~~57~O~~21;;;;;;;20.22.08;1;2;2;1;1381;;13;4;18;11;1;10;15;9;3;11;12;10;
a09EQ+K2C;;;;;;;20.22.08;1;2;2;1;1381;;13;4;18;11;1;10;15;9;3;11;12;10;
a11AQ#J2~39~H1X;s;r;;;;;20.22.13;1;2;2;1;1385;;13;4;18;11;1;10;15;9;3;11;12;10;
*01DQ=~~~39~S;s;;;;;;20.22.13;1;2;2;1;1385;;13;4;18;11;1;10;15;9;3;11;12;10;
ap21:16;;;;;;;20.22.19;1;2;2;1;1389;;13;4;18;11;1;10;15;9;3;11;12;10;
az1;;;;;;;20.22.19;1;2;1;1;1392;;13;4;18;11;1;10;9;3;11;12;10;15;
a09SQ+~~~16;;;;;;;20.22.27;1;2;1;1;1402;;13;4;18;11;1;10;9;3;11;12;10;15;
*10RQ-~~~16;;;;;;;20.22.27;1;2;1;1;1402;;13;4;18;11;1;10;9;3;11;12;10;15;
*11EH+~~~~4;;;;;;;20.22.35;1;2;1;1;1402;;13;4;18;11;1;10;9;3;11;12;10;15;
*18AH#G4~42~H2O;s;r;;;;;20.22.37;1;2;1;1;1405;;13;4;18;11;1;10;9;3;11;12;10;15;
a12BH=~~~~2~A2O;s;;;;;;20.22.37;1;2;1;1;1405;;13;4;18;11;1;10;9;3;11;12;10;15;
*p22:16;;;;;;;20.22.42;1;2;1;1;1409;;13;4;18;11;1;10;9;3;11;12;10;15;
*z1;;;;;;;20.22.42;1;1;1;1;1415;;4;18;11;1;10;13;9;3;11;12;10;15;
*04SQ!~~~66;;;;;;;20.22.56;1;1;1;1;1430;;4;18;11;1;10;13;9;3;11;12;10;15;
a16RQ!~~~66~~~~32;;;;;;;20.22.56;1;1;1;1;1430;;4;18;11;1;10;13;9;3;11;12;10;15;
a09ET+K8B;;;;;;;20.22.56;1;1;1;1;1430;;4;18;11;1;10;13;9;3;11;12;10;15;
a03AT#W2~24~H4S;s;r;;;;;20.23.02;1;1;1;1;1435;;4;18;11;1;10;13;9;3;11;12;10;15;
*18BT=~~~~4~A4S;s;;;;;;20.23.02;1;1;1;1;1435;;4;18;11;1;10;13;9;3;11;12;10;15;
ap22:17;;;;;;;20.23.07;1;1;1;1;1439;;4;18;11;1;10;13;9;3;11;12;10;15;
az6;;;;;;;20.23.07;1;1;6;1;1440;;4;18;11;1;10;13;3;11;12;10;15;9;
a03SQ-~~~65;;;;;;;20.23.18;1;1;6;1;1452;;4;18;11;1;10;13;3;11;12;10;15;9;
*10RQ#~~~65;;;;;;;20.23.18;1;1;6;1;1452;;4;18;11;1;10;13;3;11;12;10;15;9;
*04ET+K1F;;;;;;;20.23.18;1;1;6;1;1452;;4;18;11;1;10;13;3;11;12;10;15;9;
*01AT#W4~49~T1X;s;r;;;;;20.23.22;1;1;6;1;1456;;4;18;11;1;10;13;3;11;12;10;15;9;
a09DT=~~~49~E~E;s;;;;;;20.23.22;1;1;6;1;1456;;4;18;11;1;10;13;3;11;12;10;15;9;
*p23:17;;;;;;;20.23.30;1;1;6;1;1460;;4;18;11;1;10;13;3;11;12;10;15;9;
*z6;;;;;;;20.23.30;1;6;6;1;1463;;18;11;1;10;13;4;3;11;12;10;15;9;
*c10:07;;;;;;;20.23.30;1;6;6;1;1463;;18;11;1;7;13;4;3;11;12;10;15;9;
*18SQ-~~~68;;;;;;;20.24.29;1;6;6;1;1523;;18;11;1;7;13;4;3;11;12;10;15;9;
a16RQ#~~~68;;;;;;;20.24.29;1;6;6;1;1523;;18;11;1;7;13;4;3;11;12;10;15;9;
a09ET+K3P;;;;;;;20.24.29;1;6;6;1;1523;;18;11;1;7;13;4;3;11;12;10;15;9;
a03AT#Y8~86~H0X;s;r;;;;;20.24.35;1;6;6;1;1528;;18;11;1;7;13;4;3;11;12;10;15;9;
*18DT=~~~86~S;s;;;;;;20.24.35;1;6;6;1;1528;;18;11;1;7;13;4;3;11;12;10;15;9;
ap23:18;;;;;;;20.24.40;1;6;6;1;1532;;18;11;1;7;13;4;3;11;12;10;15;9;
az5;;;;;;;20.24.40;1;6;5;1;1533;;18;11;1;7;13;4;11;12;10;15;9;3;
a11SM+~~~61;;;;;;;20.24.51;1;6;5;1;1545;;18;11;1;7;13;4;11;12;10;15;9;3;
*18RM-~~~61;;;;;;;20.24.51;1;6;5;1;1545;;18;11;1;7;13;4;11;12;10;15;9;3;
*07EH+~~B~2;;;;;;;20.24.58;1;6;5;1;1549;;18;11;1;7;13;4;11;12;10;15;9;3;
*01AH-G2~24~H2C;;r;;;;;20.24.58;1;6;5;1;1550;;18;11;1;7;13;4;11;12;10;15;9;3;
a15BH+~~~~4~A2;;;;;;;20.24.58;1;6;5;1;1550;;18;11;1;7;13;4;11;12;10;15;9;3;
a03DH+~~~26;;;;;;;20.24.58;1;6;5;1;1550;;18;11;1;7;13;4;11;12;10;15;9;3;
a09EH+~~B;;;;;;;20.24.58;1;6;5;1;1550;;18;11;1;7;13;4;11;12;10;15;9;3;
a12AH-G2~24~H2C2;;p;;;;;20.25.01;1;6;5;1;1554;;18;11;1;7;13;4;11;12;10;15;9;3;
*07BH+~~~~4~A2;;;;;;;20.25.01;1;6;5;1;1554;;18;11;1;7;13;4;11;12;10;15;9;3;
*12DH+~~~25~B;;;;;;;20.25.04;1;6;5;1;1554;;18;11;1;7;13;4;11;12;10;15;9;3;
*04EQ+~~C;;;;;;;20.25.04;1;6;5;1;1554;;18;11;1;7;13;4;11;12;10;15;9;3;
*11AQ#J2~36~H1X1;s;s;;;;;20.25.09;1;6;5;1;1558;;18;11;1;7;13;4;11;12;10;15;9;3;
a03DQ=~~~36~S;s;;;;;;20.25.09;1;6;5;1;1558;;18;11;1;7;13;4;11;12;10;15;9;3;
*p24:18;;;;;;;20.25.14;1;6;5;1;1562;;18;11;1;7;13;4;11;12;10;15;9;3;
*z5;;;;;;;20.25.14;1;5;5;1;1567;;11;1;7;13;4;18;11;12;10;15;9;3;
*11SM+~~~54~~~N;;;;;;;20.25.23;1;5;5;1;1576;;11;1;7;13;4;18;11;12;10;15;9;3;
a15RM-~~~54~W;;;;;;;20.25.23;1;5;5;1;1576;;11;1;7;13;4;18;11;12;10;15;9;3;
a09ET+~~F;;;;;;;20.25.23;1;5;5;1;1576;;11;1;7;13;4;18;11;12;10;15;9;3;
a10AT-W4~42~H2C;;r;;;;;20.25.29;1;5;5;1;1581;;11;1;7;13;4;18;11;12;10;15;9;3;
*01BT+~~~~2~A2;;;;;;;20.25.29;1;5;5;1;1581;;11;1;7;13;4;18;11;12;10;15;9;3;
a12DH+~~~4~~C;;;;;;;20.25.34;1;5;5;1;1581;;11;1;7;13;4;18;11;12;10;15;9;3;
a09EH+~~F;;;;;;;20.25.34;1;5;5;1;1581;;11;1;7;13;4;18;11;12;10;15;9;3;
a10AH/G4~42~H3A3;p;s;;;;;20.25.37;1;5;5;1;1585;;11;1;7;13;4;18;11;12;10;15;9;3;
*01BH#~~~~2~A3A;p;;;;;;20.25.37;1;5;5;1;1585;;11;1;7;13;4;18;11;12;10;15;9;3;
*p25:18;;;;;;;20.25.45;1;5;5;1;1589;;11;1;7;13;4;18;11;12;10;15;9;3;
**1set;;;;;;;20.25.45;2;5;5;1;1590;;;;;;;;;;;;;;
*P04>LUp;;;;;;;20.25.45;2;5;5;1;1598;;13;4;7;11;1;18;15;9;3;11;12;10;
*z2>LUp;;;;;;;20.25.45;2;2;5;1;1598;;13;4;7;11;1;18;15;9;3;11;12;10;
aP09>LUp;;;;;;;20.25.45;2;2;5;1;1598;;13;4;7;11;1;18;15;9;3;11;12;10;
az2>LUp;;;;;;;20.25.45;2;2;2;1;1598;;13;4;7;11;1;18;15;9;3;11;12;10;
*13SM=~~~5~~~~N;s;;;;;;20.29.31;2;2;2;1;1824;;13;4;7;11;1;18;15;9;3;11;12;10;
a$$&H#;s;;;;;;20.29.31;2;2;2;1;1824;;13;4;7;11;1;18;15;9;3;11;12;10;
ap00:01;;;;;;;20.29.33;2;2;2;1;1826;;13;4;7;11;1;18;15;9;3;11;12;10;
az1;;;;;;;20.29.33;2;2;1;1;1826;;13;4;7;11;1;18;9;3;11;12;10;15;
a09SQ+~~~63~~~N;;;;;;;20.29.49;2;2;1;1;1843;;13;4;7;11;1;18;9;3;11;12;10;15;
*11RQ-~~~63~W;;;;;;;20.29.49;2;2;1;1;1843;;13;4;7;11;1;18;9;3;11;12;10;15;
*12EH+~~F~4;;;;;;;20.29.55;2;2;1;1;1848;;13;4;7;11;1;18;9;3;11;12;10;15;
*07AH-G4~47~H2C;;r;;;;;20.29.57;2;2;1;1;1850;;13;4;7;11;1;18;9;3;11;12;10;15;
a10DH+~~~47~B;;;;;;;20.29.57;2;2;1;1;1850;;13;4;7;11;1;18;9;3;11;12;10;15;
a03EH+~~B~2;;;;;;;20.29.57;2;2;1;1;1850;;13;4;7;11;1;18;9;3;11;12;10;15;
a12AH-G2~26~H2C4;;p;;;;;20.30.00;2;2;1;1;1854;;13;4;7;11;1;18;9;3;11;12;10;15;
*18DH+~~~26~B;;;;;;;20.30.00;2;2;1;1;1854;;13;4;7;11;1;18;9;3;11;12;10;15;
*04ET+~~B;;;;;;;20.30.00;2;2;1;1;1854;;13;4;7;11;1;18;9;3;11;12;10;15;
*01AT#Y9~96~H4X2;s;s;;;;;20.30.03;2;2;1;1;1858;;13;4;7;11;1;18;9;3;11;12;10;15;
a16DT=~~~96~S;s;;;;;;20.30.03;2;2;1;1;1858;;13;4;7;11;1;18;9;3;11;12;10;15;
*p01:01;;;;;;;20.30.11;2;2;1;1;1862;;13;4;7;11;1;18;9;3;11;12;10;15;
*z1;;;;;;;20.30.11;2;1;1;1;1864;;4;7;11;1;18;13;9;3;11;12;10;15;
*04SQ#~~~56;p;;;;;;20.30.27;2;1;1;1;1881;;4;7;11;1;18;13;9;3;11;12;10;15;
a16RQ=~~~56DL;p;;;;;;20.30.27;2;1;1;1;1881;;4;7;11;1;18;13;9;3;11;12;10;15;
*p02:01;;;;;;;20.30.33;2;1;1;1;1885;;4;7;11;1;18;13;9;3;11;12;10;15;
*04SQ=~~~56~~~O;s;;;;;;20.30.51;2;1;1;1;1905;;4;7;11;1;18;13;9;3;11;12;10;15;
a$$&H#;s;;;;;;20.30.51;2;1;1;1;1905;;4;7;11;1;18;13;9;3;11;12;10;15;
ap02:02;;;;;;;20.30.54;2;1;1;1;1908;;4;7;11;1;18;13;9;3;11;12;10;15;
az6;;;;;;;20.30.54;2;1;6;1;1907;;4;7;11;1;18;13;3;11;12;10;15;9;
a03SQ/~~~66~~~N;;;;;;;20.31.11;2;1;6;1;1925;;4;7;11;1;18;13;3;11;12;10;15;9;
*12RQ/~~~66~M;;;;;;;20.31.11;2;1;6;1;1925;;4;7;11;1;18;13;3;11;12;10;15;9;
a11AO#V3~31~H0X;p;p;;;;;20.31.17;2;1;6;1;1929;;4;7;11;1;18;13;3;11;12;10;15;9;
*12DO=~~~31~S;p;;;;;;20.31.17;2;1;6;1;1929;;4;7;11;1;18;13;3;11;12;10;15;9;
ap02:03;;;;;;;20.31.21;2;1;6;1;1933;;4;7;11;1;18;13;3;11;12;10;15;9;
a03SQ#~~~65;p;;;;;;20.31.33;2;1;6;1;1947;;4;7;11;1;18;13;3;11;12;10;15;9;
*18RQ=~~~65~L;p;;;;;;20.31.33;2;1;6;1;1947;;4;7;11;1;18;13;3;11;12;10;15;9;
ap02:04;;;;;;;20.31.37;2;1;6;1;1951;;4;7;11;1;18;13;3;11;12;10;15;9;
a03SQ!~~~65~~~N;;;;;;;20.32.21;2;1;6;1;1988;;4;7;11;1;18;13;3;11;12;10;15;9;
*18RQ!~~~65~~~~32;;;;;;;20.32.21;2;1;6;1;1988;;4;7;11;1;18;13;3;11;12;10;15;9;
*04EQ+K8C;;;;;;;20.32.21;2;1;6;1;1988;;4;7;11;1;18;13;3;11;12;10;15;9;
*11AQ+J2~36~H1;;r;;;;;20.32.25;2;1;6;1;1992;;4;7;11;1;18;13;3;11;12;10;15;9;
a03DQ/~~~36;;;;;;;20.32.25;2;1;6;1;1992;;4;7;11;1;18;13;3;11;12;10;15;9;
*07FH#;;;;;;;20.32.29;2;1;6;1;1993;;4;7;11;1;18;13;3;11;12;10;15;9;
*04EQ+~~C;;;;;;;20.32.29;2;1;6;1;1993;;4;7;11;1;18;13;3;11;12;10;15;9;
*11AQ-J4~34~H1C1;;s;;;;;20.32.30;2;1;6;1;1998;;4;7;11;1;18;13;3;11;12;10;15;9;
a10DQ+~~~34;;;;;;;20.32.30;2;1;6;1;1998;;4;7;11;1;18;13;3;11;12;10;15;9;
a09ET+~~B;;;;;;;20.32.30;2;1;6;1;1998;;4;7;11;1;18;13;3;11;12;10;15;9;
a12AT-W2~26~H2C2;;p;;;;;20.32.34;2;1;6;1;2002;;4;7;11;1;18;13;3;11;12;10;15;9;
*18DT+~~~26;;;;;;;20.32.34;2;1;6;1;2002;;4;7;11;1;18;13;3;11;12;10;15;9;
*04ET+~~F;;;;;;;20.32.34;2;1;6;1;2002;;4;7;11;1;18;13;3;11;12;10;15;9;
*01AT#W4~42~H4S2;s;s;;;;;20.32.37;2;1;6;1;2006;;4;7;11;1;18;13;3;11;12;10;15;9;
a12BT=~~~~2~A4O;s;;;;;;20.32.37;2;1;6;1;2006;;4;7;11;1;18;13;3;11;12;10;15;9;
*p03:04;;;;;;;20.32.42;2;1;6;1;2010;;4;7;11;1;18;13;3;11;12;10;15;9;
*z6;;;;;;;20.32.42;2;6;6;1;2015;;7;11;1;18;13;4;3;11;12;10;15;9;
*07SQ+~~~16;;;;;;;20.32.56;2;6;6;1;2030;;7;11;1;18;13;4;3;11;12;10;15;9;
a03RQ-~~~16;;;;;;;20.32.56;2;6;6;1;2030;;7;11;1;18;13;4;3;11;12;10;15;9;
a09EH+;;;;;;;20.32.56;2;6;6;1;2030;;7;11;1;18;13;4;3;11;12;10;15;9;
a12AH=G2~21~H3O;p;r;;;;;20.33.03;2;6;6;1;2034;;7;11;1;18;13;4;3;11;12;10;15;9;
*$$&H#;p;;;;;;20.33.03;2;6;6;1;2034;;7;11;1;18;13;4;3;11;12;10;15;9;
*p04:04;;;;;;;20.33.09;2;6;6;1;2038;;7;11;1;18;13;4;3;11;12;10;15;9;
*07SQ+~~~16;;;;;;;20.33.26;2;6;6;1;2059;;7;11;1;18;13;4;3;11;12;10;15;9;
a03RQ-~~~16;;;;;;;20.33.26;2;6;6;1;2059;;7;11;1;18;13;4;3;11;12;10;15;9;
a16EH+~~B;;;;;;;20.33.26;2;6;6;1;2063;;7;11;1;18;13;4;3;11;12;10;15;9;
a12AH-G2~21~P2C;;r;;;;;20.33.31;2;6;6;1;2064;;7;11;1;18;13;4;3;11;12;10;15;9;
*07DH+~~~21~B;;;;;;;20.33.31;2;6;6;1;2064;;7;11;1;18;13;4;3;11;12;10;15;9;
*04ET+~~F;;;;;;;20.33.31;2;6;6;1;2064;;7;11;1;18;13;4;3;11;12;10;15;9;
*18AT#W4~42~T2X2;p;p;;;;;20.33.35;2;6;6;1;2068;;7;11;1;18;13;4;3;11;12;10;15;9;
a09DT=~~~42~E~E;p;;;;;;20.33.35;2;6;6;1;2068;;7;11;1;18;13;4;3;11;12;10;15;9;
*p05:04;;;;;;;20.33.41;2;6;6;1;2072;;7;11;1;18;13;4;3;11;12;10;15;9;
*07SQ=~~~16~~~O;s;;;;;;20.34.15;2;6;6;1;2109;;7;11;1;18;13;4;3;11;12;10;15;9;
a$$&H#;s;;;;;;20.34.15;2;6;6;1;2109;;7;11;1;18;13;4;3;11;12;10;15;9;
ap05:05;;;;;;;20.34.18;2;6;6;1;2112;;7;11;1;18;13;4;3;11;12;10;15;9;
az5;;;;;;;20.34.18;2;6;5;1;2111;;7;11;1;18;13;4;11;12;10;15;9;3;
a11SM-~~~69;;;;;;;20.34.32;2;6;5;1;2126;;7;11;1;18;13;4;11;12;10;15;9;3;
*07RM#~~~69~O;;;;;;;20.34.32;2;6;5;1;2126;;7;11;1;18;13;4;11;12;10;15;9;3;
*04EQ+K3C;;;;;;;20.34.32;2;6;5;1;2126;;7;11;1;18;13;4;11;12;10;15;9;3;
*11AQ#J3~33~H1S;s;r;;;;;20.34.38;2;6;5;1;2129;;7;11;1;18;13;4;11;12;10;15;9;3;
a15BQ=~~~~3~T1S;s;;;;;;20.34.38;2;6;5;1;2129;;7;11;1;18;13;4;11;12;10;15;9;3;
*p06:05;;;;;;;20.34.44;2;6;5;1;2133;;7;11;1;18;13;4;11;12;10;15;9;3;
*z5;;;;;;;20.34.44;2;5;5;1;2137;;11;1;18;13;4;7;11;12;10;15;9;3;
*11SM!~~~57;;;;;;;20.34.53;2;5;5;1;2147;;11;1;18;13;4;7;11;12;10;15;9;3;
a10RM!~~~57~~~~32;;;;;;;20.34.53;2;5;5;1;2147;;11;1;18;13;4;7;11;12;10;15;9;3;
a09ET+K8F;;;;;;;20.34.53;2;5;5;1;2147;;11;1;18;13;4;7;11;12;10;15;9;3;
a10AT#W4~42~H2S;s;r;;;;;20.34.57;2;5;5;1;2151;;11;1;18;13;4;7;11;12;10;15;9;3;
*01BT=~~~~2~A2S;s;;;;;;20.34.57;2;5;5;1;2151;;11;1;18;13;4;7;11;12;10;15;9;3;
ap06:06;;;;;;;20.35.11;2;5;5;1;2155;;11;1;18;13;4;7;11;12;10;15;9;3;
az4;;;;;;;20.35.11;2;5;4;1;2164;;11;1;18;13;4;7;12;10;15;9;3;11;
a12SQ!~~~61;;;;;;;20.35.18;2;5;4;1;2171;;11;1;18;13;4;7;12;10;15;9;3;11;
*12RQ!~~~61~~~~32;;;;;;;20.35.18;2;5;4;1;2171;;11;1;18;13;4;7;12;10;15;9;3;11;
*04EQ+K8C;;;;;;;20.35.18;2;5;4;1;2171;;11;1;18;13;4;7;12;10;15;9;3;11;
*13AQ+J4~34~T1;;r;;;;;20.35.23;2;5;4;1;2176;;11;1;18;13;4;7;12;10;15;9;3;11;
a10DQ/~~~34~E;;;;;;;20.35.23;2;5;4;1;2176;;11;1;18;13;4;7;12;10;15;9;3;11;
*12FH+;;;;;;;20.35.27;2;5;4;1;2177;;11;1;18;13;4;7;12;10;15;9;3;11;
*04EQ+~~C;;;;;;;20.35.27;2;5;4;1;2177;;11;1;18;13;4;7;12;10;15;9;3;11;
*13AQ#J4~31~H1X1;s;s;;;;;20.35.28;2;5;4;1;2182;;11;1;18;13;4;7;12;10;15;9;3;11;
a12DQ=~~~31~S;s;;;;;;20.35.28;2;5;4;1;2182;;11;1;18;13;4;7;12;10;15;9;3;11;
*p07:06;;;;;;;20.35.32;2;5;4;1;2186;;11;1;18;13;4;7;12;10;15;9;3;11;
*z4;;;;;;;20.35.32;2;4;4;1;2185;;1;18;13;4;7;11;12;10;15;9;3;11;
*01SQ+~~~16;;;;;;;20.35.46;2;4;4;1;2199;;1;18;13;4;7;11;12;10;15;9;3;11;
a16RQ-~~~16;;;;;;;20.35.46;2;4;4;1;2199;;1;18;13;4;7;11;12;10;15;9;3;11;
a09EH+~~F;;;;;;;20.35.46;2;4;4;1;2199;;1;18;13;4;7;11;12;10;15;9;3;11;
a10AH+G4~42~T2C;;r;;;;;20.35.46;2;4;4;1;2204;;1;18;13;4;7;11;12;10;15;9;3;11;
*04BH-~~~~2~A2;;;;;;;20.35.46;2;4;4;1;2204;;1;18;13;4;7;11;12;10;15;9;3;11;
a09ET+~~F;;;;;;;20.35.46;2;4;4;1;2204;;1;18;13;4;7;11;12;10;15;9;3;11;
a10AT#W4~42~H2S2;s;s;;;;;20.35.53;2;4;4;1;2207;;1;18;13;4;7;11;12;10;15;9;3;11;
*13BT=~~~~2~A2S;s;;;;;;20.35.53;2;4;4;1;2207;;1;18;13;4;7;11;12;10;15;9;3;11;
ap07:07;;;;;;;20.35.58;2;4;4;1;2211;;1;18;13;4;7;11;12;10;15;9;3;11;
az3;;;;;;;20.35.58;2;4;3;1;2211;;1;18;13;4;7;11;10;15;9;3;11;12;
a10SM+~~~15;;;;;;;20.36.10;2;4;3;1;2224;;1;18;13;4;7;11;10;15;9;3;11;12;
*07RM-~~~15;;;;;;;20.36.10;2;4;3;1;2224;;1;18;13;4;7;11;10;15;9;3;11;12;
*04ET+~~F;;;;;;;20.36.10;2;4;3;1;2224;;1;18;13;4;7;11;10;15;9;3;11;12;
*18AT!W4~42~T2A;;r;;;;;20.36.29;2;4;3;1;2229;;1;18;13;4;7;11;10;15;9;3;11;12;
a15BT/~~~~2~A2A;s;;;;;;20.36.29;2;4;3;1;2229;;1;18;13;4;7;11;10;15;9;3;11;12;
*$$&H#;s;;;;;;20.36.29;2;4;3;1;2229;;1;18;13;4;7;11;10;15;9;3;11;12;
*p08:07;;;;;;;20.36.34;2;4;3;1;2233;;1;18;13;4;7;11;10;15;9;3;11;12;
*z3;;;;;;;20.36.34;2;3;3;1;2247;;18;13;4;7;11;1;10;15;9;3;11;12;
*18SQ#~~~15;p;;;;;;20.38.02;2;3;3;1;2336;;18;13;4;7;11;1;10;15;9;3;11;12;
a03RQ=~~~15~M;p;;;;;;20.38.02;2;3;3;1;2336;;18;13;4;7;11;1;10;15;9;3;11;12;
*p09:07;;;;;;;20.38.13;2;3;3;1;2341;;18;13;4;7;11;1;10;15;9;3;11;12;
*18SQ+~~~15;;;;;;;20.38.28;2;3;3;1;2362;;18;13;4;7;11;1;10;15;9;3;11;12;
a03RQ-~~~15;;;;;;;20.38.28;2;3;3;1;2362;;18;13;4;7;11;1;10;15;9;3;11;12;
a09EH+;;;;;;;20.38.28;2;3;3;1;2362;;18;13;4;7;11;1;10;15;9;3;11;12;
a03AH#G4~42~H3S;s;r;;;;;20.38.32;2;3;3;1;2367;;18;13;4;7;11;1;10;15;9;3;11;12;
*07BH=~~~~2~A3S;s;;;;;;20.38.32;2;3;3;1;2367;;18;13;4;7;11;1;10;15;9;3;11;12;
ap09:08;;;;;;;20.38.36;2;3;3;1;2371;;18;13;4;7;11;1;10;15;9;3;11;12;
az2;;;;;;;20.38.36;2;3;2;1;2369;;18;13;4;7;11;1;15;9;3;11;12;10;
a15SM/~~~18;;;;;;;20.38.49;2;3;2;1;2383;;18;13;4;7;11;1;15;9;3;11;12;10;
*12RM/~~~18~M;;;;;;;20.38.49;2;3;2;1;2383;;18;13;4;7;11;1;15;9;3;11;12;10;
a09AO+V3~3~~H;;p;;;;;20.39.00;2;3;2;1;2385;;18;13;4;7;11;1;15;9;3;11;12;10;
a11FH#;;;;;;;20.39.03;2;3;2;1;2388;;18;13;4;7;11;1;15;9;3;11;12;10;
a09ET+~~F;;;;;;;20.39.03;2;3;2;1;2388;;18;13;4;7;11;1;15;9;3;11;12;10;
a03AT+W4~42~H4C1;;p;;;;;20.39.04;2;3;2;1;2392;;18;13;4;7;11;1;15;9;3;11;12;10;
*04BT-~~~~2~~4;;;;;;;20.39.04;2;3;2;1;2392;;18;13;4;7;11;1;15;9;3;11;12;10;
a10ET+~~F;;;;;;;20.39.04;2;3;2;1;2392;;18;13;4;7;11;1;15;9;3;11;12;10;
a03AT#W4~42~H1S2;p;p;;;;;20.39.08;2;3;2;1;2396;;18;13;4;7;11;1;15;9;3;11;12;10;
*13BT=~~~~2~A1S;p;;;;;;20.39.08;2;3;2;1;2396;;18;13;4;7;11;1;15;9;3;11;12;10;
ap09:09;;;;;;;20.39.13;2;3;2;1;2400;;18;13;4;7;11;1;15;9;3;11;12;10;
a15SM!~~~16;;;;;;;20.39.56;2;3;2;1;2449;;18;13;4;7;11;1;15;9;3;11;12;10;
*12RM!~~~16~O~~41;;;;;;;20.39.56;2;3;2;1;2449;;18;13;4;7;11;1;15;9;3;11;12;10;
*04ET+KFF;;;;;;;20.39.56;2;3;2;1;2449;;18;13;4;7;11;1;15;9;3;11;12;10;
*07AT#W4~45~H1X;s;r;;;;;20.40.01;2;3;2;1;2454;;18;13;4;7;11;1;15;9;3;11;12;10;
a10DT=~~~45~S;s;;;;;;20.40.01;2;3;2;1;2454;;18;13;4;7;11;1;15;9;3;11;12;10;
*p10:09;;;;;;;20.40.04;2;3;2;1;2458;;18;13;4;7;11;1;15;9;3;11;12;10;
*z2;;;;;;;20.40.04;2;2;2;1;2457;;13;4;7;11;1;18;15;9;3;11;12;10;
*13SM-~~~68;;;;;;;20.40.33;2;2;2;1;2487;;13;4;7;11;1;18;15;9;3;11;12;10;
a10RM#~~~68~O;;;;;;;20.40.33;2;2;2;1;2487;;13;4;7;11;1;18;15;9;3;11;12;10;
a09ET+K2B;;;;;;;20.40.33;2;2;2;1;2487;;13;4;7;11;1;18;15;9;3;11;12;10;
a12AT+Y9~94~H2C;;r;;;;;20.40.37;2;2;2;1;2491;;13;4;7;11;1;18;15;9;3;11;12;10;
*07BT-~~~~4~A2;;;;;;;20.40.37;2;2;2;1;2490;;13;4;7;11;1;18;15;9;3;11;12;10;
a10FH#;;;;;;;20.40.40;2;2;2;1;2491;;13;4;7;11;1;18;15;9;3;11;12;10;
a09AO#JJ~33~T0X1;s;s;;;;;20.40.41;2;2;2;1;2493;;13;4;7;11;1;18;15;9;3;11;12;10;
*07DO=~~~33~E~E;s;;;;;;20.40.41;2;2;2;1;2493;;13;4;7;11;1;18;15;9;3;11;12;10;
ap10:10;;;;;;;20.40.52;2;2;2;1;2497;;13;4;7;11;1;18;15;9;3;11;12;10;
az1;;;;;;;20.40.52;2;2;1;1;2505;;13;4;7;11;1;18;9;3;11;12;10;15;
a09SQ=~~~6~~~~N;s;;;;;;20.40.59;2;2;1;1;2513;;13;4;7;11;1;18;9;3;11;12;10;15;
*$$&H#;s;;;;;;20.40.59;2;2;1;1;2513;;13;4;7;11;1;18;9;3;11;12;10;15;
*p11:10;;;;;;;20.41.02;2;2;1;1;2516;;13;4;7;11;1;18;9;3;11;12;10;15;
*z1;;;;;;;20.41.02;2;1;1;1;2515;;4;7;11;1;18;13;9;3;11;12;10;15;
*04SQ+~~~66;;;;;;;20.41.21;2;1;1;1;2534;;4;7;11;1;18;13;9;3;11;12;10;15;
a16RQ-~~~66;;;;;;;20.41.21;2;1;1;1;2534;;4;7;11;1;18;13;9;3;11;12;10;15;
a09EH+~~B;;;;;;;20.41.21;2;1;1;1;2534;;4;7;11;1;18;13;9;3;11;12;10;15;
a03AH-G2~26~P2;;r;;;;;20.41.25;2;1;1;1;2538;;4;7;11;1;18;13;9;3;11;12;10;15;
*18DH+~~~26~S;;;;;;;20.41.25;2;1;1;1;2538;;4;7;11;1;18;13;9;3;11;12;10;15;
*04ET+~~B;;;;;;;20.41.25;2;1;1;1;2538;;4;7;11;1;18;13;9;3;11;12;10;15;
*01AT#W2~21~H4X2;p;p;;;;;20.41.27;2;1;1;1;2542;;4;7;11;1;18;13;9;3;11;12;10;15;
a09DT=~~~21~S;p;;;;;;20.41.27;2;1;1;1;2542;;4;7;11;1;18;13;9;3;11;12;10;15;
*p12:10;;;;;;;20.41.31;2;1;1;1;2546;;4;7;11;1;18;13;9;3;11;12;10;15;
*04SQ!~~~66~~~N;;;;;;;20.41.50;2;1;1;1;2564;;4;7;11;1;18;13;9;3;11;12;10;15;
a16RQ!~~~66~~~~31;;;;;;;20.41.50;2;1;1;1;2564;;4;7;11;1;18;13;9;3;11;12;10;15;
a09ET+KCF;;;;;;;20.41.50;2;1;1;1;2564;;4;7;11;1;18;13;9;3;11;12;10;15;
a12AT/W4~42~H2A;p;r;;;;;20.41.55;2;1;1;1;2568;;4;7;11;1;18;13;9;3;11;12;10;15;
*01BT#~~~~2~A2A;p;;;;;;20.41.55;2;1;1;1;2568;;4;7;11;1;18;13;9;3;11;12;10;15;
*p13:10;;;;;;;20.41.59;2;1;1;1;2572;;4;7;11;1;18;13;9;3;11;12;10;15;
aT;;;;;;;20.41.59;2;1;1;1;2572;;4;7;11;1;18;13;9;3;11;12;10;15;
*04SQ+~~~66;;;;;;;20.43.18;2;1;1;1;2653;;4;7;11;1;18;13;9;3;11;12;10;15;
a16RQ-~~~66;;;;;;;20.43.18;2;1;1;1;2653;;4;7;11;1;18;13;9;3;11;12;10;15;
a03EH/~~~~4;;;;;;;20.43.24;2;1;1;1;2656;;4;7;11;1;18;13;9;3;11;12;10;15;
*01FH#;;;;;;;20.43.25;2;1;1;1;2659;;4;7;11;1;18;13;9;3;11;12;10;15;
*04EQ+~~C;;;;;;;20.43.25;2;1;1;1;2660;;4;7;11;1;18;13;9;3;11;12;10;15;
*11AQ-J4~36~H1~1;;p;;;;;20.43.26;2;1;1;1;2661;;4;7;11;1;18;13;9;3;11;12;10;15;
a16DQ+~~~36;;;;;;;20.43.26;2;1;1;1;2661;;4;7;11;1;18;13;9;3;11;12;10;15;
a09ET+~~B;;;;;;;20.43.26;2;1;1;1;2661;;4;7;11;1;18;13;9;3;11;12;10;15;
a03AT/W2~24~H2A2;p;s;;;;;20.43.29;2;1;1;1;2664;;4;7;11;1;18;13;9;3;11;12;10;15;
*07BT#~~~~4~A2A;p;;;;;;20.43.29;2;1;1;1;2664;;4;7;11;1;18;13;9;3;11;12;10;15;
*p14:10;;;;;;;20.43.33;2;1;1;1;2668;;4;7;11;1;18;13;9;3;11;12;10;15;
*04SQ-~~~56;;;;;;;20.43.53;2;1;1;1;2687;;4;7;11;1;18;13;9;3;11;12;10;15;
a16RQ#~~~56;;;;;;;20.43.53;2;1;1;1;2687;;4;7;11;1;18;13;9;3;11;12;10;15;
a09EQ+K2C;;;;;;;20.43.53;2;1;1;1;2687;;4;7;11;1;18;13;9;3;11;12;10;15;
a11AQ#J2~33~H2F;s;r;;;;;20.43.57;2;1;1;1;2691;;4;7;11;1;18;13;9;3;11;12;10;15;
*01BQ=~~~~3~A2F;s;;;;;;20.43.57;2;1;1;1;2691;;4;7;11;1;18;13;9;3;11;12;10;15;
ap14:11;;;;;;;20.44.01;2;1;1;1;2695;;4;7;11;1;18;13;9;3;11;12;10;15;
az6;;;;;;;20.44.01;2;1;6;1;2694;;4;7;11;1;18;13;3;11;12;10;15;9;
a03SQ!~~~61D;;;;;;;20.44.18;2;1;6;1;2712;;4;7;11;1;18;13;3;11;12;10;15;9;
*12RQ!~~~61D~~~31;;;;;;;20.44.18;2;1;6;1;2712;;4;7;11;1;18;13;3;11;12;10;15;9;
*04EQ+KCC~~~1;;;;;;;20.44.31;2;1;6;1;2712;;4;7;11;1;18;13;3;11;12;10;15;9;
*11AQ+J2~38~T1C;;r;;;;;20.44.24;2;1;6;1;2715;;4;7;11;1;18;13;3;11;12;10;15;9;
a16DQ/~~~38~E;;;;;;;20.44.24;2;1;6;1;2715;;4;7;11;1;18;13;3;11;12;10;15;9;
a09EH=;s;;;;;;20.44.24;2;1;6;1;2718;;4;7;11;1;18;13;3;11;12;10;15;9;
*$$&H#;s;;;;;;20.44.24;2;1;6;1;2718;;4;7;11;1;18;13;3;11;12;10;15;9;
*p15:11;;;;;;;20.44.37;2;1;6;1;2721;;4;7;11;1;18;13;3;11;12;10;15;9;
*z6;;;;;;;20.44.37;2;6;6;1;2730;;7;11;1;18;13;4;3;11;12;10;15;9;
*07SQ=~~~1~~~~N;s;;;;;;20.44.50;2;6;6;1;2744;;7;11;1;18;13;4;3;11;12;10;15;9;
a$$&H#;s;;;;;;20.44.50;2;6;6;1;2744;;7;11;1;18;13;4;3;11;12;10;15;9;
ap15:12;;;;;;;20.44.53;2;6;6;1;2748;;7;11;1;18;13;4;3;11;12;10;15;9;
az5;;;;;;;20.44.53;2;6;5;1;2746;;7;11;1;18;13;4;11;12;10;15;9;3;
a11SQ/~~~61;;;;;;;20.45.09;2;6;5;1;2762;;7;11;1;18;13;4;11;12;10;15;9;3;
*07RQ/~~~61~R;;;;;;;20.45.09;2;6;5;1;2762;;7;11;1;18;13;4;11;12;10;15;9;3;
a03FH+;;;;;;;20.45.09;2;6;5;1;2768;;7;11;1;18;13;4;11;12;10;15;9;3;
a09ET+~~B;;;;;;;20.45.09;2;6;5;1;2769;;7;11;1;18;13;4;11;12;10;15;9;3;
a12AT-W2~24~H2C1;;p;;;;;20.45.16;2;6;5;1;2770;;7;11;1;18;13;4;11;12;10;15;9;3;
*18BT+~~~~4~A2;;;;;;;20.45.16;2;6;5;1;2770;;7;11;1;18;13;4;11;12;10;15;9;3;
*12DH+~~~27~E;;;;;;;20.45.18;2;6;5;1;2770;;7;11;1;18;13;4;11;12;10;15;9;3;
*04EH/~~~~2;;;;;;;20.45.18;2;6;5;1;2771;;7;11;1;18;13;4;11;12;10;15;9;3;
a11FH+~~~25;;;;;;;20.45.20;2;6;5;1;2775;;7;11;1;18;13;4;11;12;10;15;9;3;
a09ET+~~F;;;;;;;20.45.20;2;6;5;1;2777;;7;11;1;18;13;4;11;12;10;15;9;3;
a10AT-W4~42~T0~1;;p;;;;;20.45.24;2;6;5;1;2778;;7;11;1;18;13;4;11;12;10;15;9;3;
*04DT+~~~42~E;;;;;;;20.45.24;2;6;5;1;2778;;7;11;1;18;13;4;11;12;10;15;9;3;
*11EH+~~F~4;;;;;;;20.45.24;2;6;5;1;2779;;7;11;1;18;13;4;11;12;10;15;9;3;
*18AH=G4~45~H2S4;p;s;;;;;20.45.28;2;6;5;1;2781;;7;11;1;18;13;4;11;12;10;15;9;3;
a$$&H#;p;;;;;;20.45.28;2;6;5;1;2781;;7;11;1;18;13;4;11;12;10;15;9;3;
ap15:13;;;;;;;20.45.32;2;6;5;1;2784;;7;11;1;18;13;4;11;12;10;15;9;3;
a11SQ=~~~66~~~O;s;;;;;;20.46.19;2;6;5;1;2833;;7;11;1;18;13;4;11;12;10;15;9;3;
*$$&H#;s;;;;;;20.46.19;2;6;5;1;2833;;7;11;1;18;13;4;11;12;10;15;9;3;
*p16:13;;;;;;;20.46.23;2;6;5;1;2837;;7;11;1;18;13;4;11;12;10;15;9;3;
*z5;;;;;;;20.46.23;2;5;5;1;2836;;11;1;18;13;4;7;11;12;10;15;9;3;
*11SM-~~~57;;;;;;;20.46.38;2;5;5;1;2851;;11;1;18;13;4;7;11;12;10;15;9;3;
a10RM#~~~57;;;;;;;20.46.38;2;5;5;1;2851;;11;1;18;13;4;7;11;12;10;15;9;3;
a09ET+K2P;;;;;;;20.46.38;2;5;5;1;2851;;11;1;18;13;4;7;11;12;10;15;9;3;
a03AT#Y8~81~H1X;s;r;;;;;20.46.42;2;5;5;1;2856;;11;1;18;13;4;7;11;12;10;15;9;3;
*04DT=~~~81~S;s;;;;;;20.46.42;2;5;5;1;2856;;11;1;18;13;4;7;11;12;10;15;9;3;
ap16:14;;;;;;;20.46.47;2;5;5;1;2860;;11;1;18;13;4;7;11;12;10;15;9;3;
az4;;;;;;;20.46.47;2;5;4;1;2860;;11;1;18;13;4;7;12;10;15;9;3;11;
ac09:06;;;;;;;20.46.47;2;5;4;1;2860;;11;1;18;13;4;7;12;10;15;6;3;11;
ac12:13;;;;;;;20.46.47;2;5;4;1;2860;;11;1;18;13;4;7;13;10;15;6;3;11;
aP13;;;;;;;20.46.47;2;5;4;1;2860;;11;1;18;13;4;7;13;10;15;6;3;11;
az1;;;;;;;20.46.47;2;5;1;1;2860;;11;1;18;13;4;7;13;10;15;6;3;11;
a13SM!~~~18;;;;;;;20.47.12;2;5;1;1;2887;;11;1;18;13;4;7;13;10;15;6;3;11;
*07RM!~~~18~~~~21;;;;;;;20.47.12;2;5;1;1;2887;;11;1;18;13;4;7;13;10;15;6;3;11;
*04ET+KBB;;;;;;;20.47.12;2;5;1;1;2887;;11;1;18;13;4;7;13;10;15;6;3;11;
*01AT#W2~29CH1X;s;r;;;;;20.47.17;2;5;1;1;2891;;11;1;18;13;4;7;13;10;15;6;3;11;
a13DT=~~~29CS;s;;;;;;20.47.17;2;5;1;1;2891;;11;1;18;13;4;7;13;10;15;6;3;11;
*p17:14;;;;;;;20.47.24;2;5;1;1;2895;;11;1;18;13;4;7;13;10;15;6;3;11;
*z4;;;;;;;20.47.24;2;4;1;1;2897;;1;18;13;4;7;11;13;10;15;6;3;11;
*01SQ#~~~11C;p;;;;;;20.47.35;2;4;1;1;2909;;1;18;13;4;7;11;13;10;15;6;3;11;
a10RQ=~~~11CW;p;;;;;;20.47.35;2;4;1;1;2909;;1;18;13;4;7;11;13;10;15;6;3;11;
*p18:14;;;;;;;20.47.40;2;4;1;1;2913;;1;18;13;4;7;11;13;10;15;6;3;11;
*01SQ-~~~16~~~N;;;;;;;20.48.03;2;4;1;1;2937;;1;18;13;4;7;11;13;10;15;6;3;11;
a10RQ+~~~16~~~~21;;;;;;;20.48.03;2;4;1;1;2937;;1;18;13;4;7;11;13;10;15;6;3;11;
a13ET+KBB;;;;;;;20.48.03;2;4;1;1;2937;;1;18;13;4;7;11;13;10;15;6;3;11;
a10AT#W2~25~H2X;s;r;;;;;20.48.07;2;4;1;1;2941;;1;18;13;4;7;11;13;10;15;6;3;11;
*15DT=~~~25~S;s;;;;;;20.48.07;2;4;1;1;2941;;1;18;13;4;7;11;13;10;15;6;3;11;
ap18:15;;;;;;;20.48.13;2;4;1;1;2945;;1;18;13;4;7;11;13;10;15;6;3;11;
az6;;;;;;;20.48.13;2;4;6;1;2946;;1;18;13;4;7;11;10;15;6;3;11;13;
*c01:09;;;;;;;20.48.13;2;4;6;1;2946;;9;18;13;4;7;11;10;15;6;3;11;13;
*c04:17;;;;;;;20.48.13;2;4;6;1;2946;;9;18;13;17;7;11;10;15;6;3;11;13;
*P9;;;;;;;20.48.13;2;4;6;1;2946;;9;18;13;17;7;11;10;15;6;3;11;13;
*z1;;;;;;;20.48.13;2;1;6;1;2946;;9;18;13;17;7;11;10;15;6;3;11;13;
a10SM!~~~11;;;;;;;20.48.32;2;1;6;1;2965;;9;18;13;17;7;11;10;15;6;3;11;13;
*18RM!~~~11~O~~31;;;;;;;20.48.32;2;1;6;1;2965;;9;18;13;17;7;11;10;15;6;3;11;13;
*09EQ+KCC~~~1;;;;;;;20.48.32;2;1;6;1;2965;;9;18;13;17;7;11;10;15;6;3;11;13;
*13AQ+J4~33~P1C;;r;;;;;20.48.36;2;1;6;1;2970;;9;18;13;17;7;11;10;15;6;3;11;13;
a15BQ-~~~~3~T1;;;;;;;20.48.36;2;1;6;1;2970;;9;18;13;17;7;11;10;15;6;3;11;13;
*07DQ+~~~3~~C;;;;;;;20.48.39;2;1;6;1;2970;;9;18;13;17;7;11;10;15;6;3;11;13;
*09EH#~~F;;;;;;;20.48.39;2;1;6;1;2970;;9;18;13;17;7;11;10;15;6;3;11;13;
*17AH=G4~45~H1S3;p;s;;;;;20.48.40;2;1;6;1;2974;;9;18;13;17;7;11;10;15;6;3;11;13;
a$$&H#;p;;;;;;20.48.40;2;1;6;1;2974;;9;18;13;17;7;11;10;15;6;3;11;13;
ap18:16;;;;;;;20.48.45;2;1;6;1;2978;;9;18;13;17;7;11;10;15;6;3;11;13;
a10SM-~~~16;;;;;;;20.48.56;2;1;6;1;2991;;9;18;13;17;7;11;10;15;6;3;11;13;
*12RM#~~~16;;;;;;;20.48.56;2;1;6;1;2991;;9;18;13;17;7;11;10;15;6;3;11;13;
*09ET+K1F;;;;;;;20.48.56;2;1;6;1;2991;;9;18;13;17;7;11;10;15;6;3;11;13;
*17AT=W4~4~~H2N;p;r;;;;;20.49.02;2;1;6;1;2995;;9;18;13;17;7;11;10;15;6;3;11;13;
a$$&H#;p;;;;;;20.49.02;2;1;6;1;2995;;9;18;13;17;7;11;10;15;6;3;11;13;
ap18:17;;;;;;;20.49.07;2;1;6;1;2999;;9;18;13;17;7;11;10;15;6;3;11;13;
*T;;;;;;;20.49.07;2;1;6;1;3000;;9;18;13;17;7;11;10;15;6;3;11;13;
a10SM!~~~19;;;;;;;20.50.09;2;1;6;1;3055;;9;18;13;17;7;11;10;15;6;3;11;13;
*12RM!~~~19~O~~21;;;;;;;20.50.09;2;1;6;1;3055;;9;18;13;17;7;11;10;15;6;3;11;13;
*09ET+KCB;;;;;;;20.50.09;2;1;6;1;3055;;9;18;13;17;7;11;10;15;6;3;11;13;
*18AT-W2~24~T2;;r;;;;;20.50.12;2;1;6;1;3059;;9;18;13;17;7;11;10;15;6;3;11;13;
a10DT+~~~24~E;;;;;;;20.50.12;2;1;6;1;3059;;9;18;13;17;7;11;10;15;6;3;11;13;
a06EH+~~F;;;;;;;20.50.12;2;1;6;1;3060;;9;18;13;17;7;11;10;15;6;3;11;13;
a03AH#G4~42~H2O4;p;p;;;;;20.50.18;2;1;6;1;3062;;9;18;13;17;7;11;10;15;6;3;11;13;
*18BH=~~~~2~A2O;p;;;;;;20.50.18;2;1;6;1;3062;;9;18;13;17;7;11;10;15;6;3;11;13;
ap18:18;;;;;;;20.50.23;2;1;6;1;3066;;9;18;13;17;7;11;10;15;6;3;11;13;
*c09:01;;;;;;;20.50.23;2;1;6;1;3076;;1;18;13;17;7;11;10;15;6;3;11;13;
*c17:04;;;;;;;20.50.23;2;1;6;1;3076;;1;18;13;4;7;11;10;15;6;3;11;13;
*P4;;;;;;;20.50.23;2;1;6;1;3076;;1;18;13;4;7;11;10;15;6;3;11;13;
*z4;;;;;;;20.50.23;2;4;6;1;3076;;1;18;13;4;7;11;10;15;6;3;11;13;
a10SM-~~~17;;;;;;;20.50.33;2;4;6;1;3087;;1;18;13;4;7;11;10;15;6;3;11;13;
*18RM#~~~17;;;;;;;20.50.33;2;4;6;1;3087;;1;18;13;4;7;11;10;15;6;3;11;13;
*04EQ+K3C;;;;;;;20.50.33;2;4;6;1;3087;;1;18;13;4;7;11;10;15;6;3;11;13;
*13AQ#J3~36~H1X;s;r;;;;;20.50.37;2;4;6;1;3091;;1;18;13;4;7;11;10;15;6;3;11;13;
a16DQ=~~~36~S;s;;;;;;20.50.37;2;4;6;1;3091;;1;18;13;4;7;11;10;15;6;3;11;13;
*p19:18;;;;;;;20.50.46;2;4;6;1;3095;;1;18;13;4;7;11;10;15;6;3;11;13;
*z3;;;;;;;20.50.46;2;3;6;1;3099;;18;13;4;7;11;1;10;15;6;3;11;13;
*18SQ-~~~16;;;;;;;20.50.59;2;3;6;1;3112;;18;13;4;7;11;1;10;15;6;3;11;13;
a16RQ#~~~16;;;;;;;20.50.59;2;3;6;1;3112;;18;13;4;7;11;1;10;15;6;3;11;13;
a13ET+K1B;;;;;;;20.50.59;2;3;6;1;3112;;18;13;4;7;11;1;10;15;6;3;11;13;
a03AT#W2~21~H2X;s;r;;;;;20.51.04;2;3;6;1;3117;;18;13;4;7;11;1;10;15;6;3;11;13;
*01DT=~~~21~S;s;;;;;;20.51.04;2;3;6;1;3117;;18;13;4;7;11;1;10;15;6;3;11;13;
ap19:19;;;;;;;20.51.09;2;3;6;1;3121;;18;13;4;7;11;1;10;15;6;3;11;13;
az5;;;;;;;20.51.09;2;3;5;1;3122;;18;13;4;7;11;1;15;6;3;11;13;10;
a15SM!~~~11C;;;;;;;20.51.24;2;3;5;1;3138;;18;13;4;7;11;1;15;6;3;11;13;10;
*18RM!~~~11C~~~31;;;;;;;20.51.24;2;3;5;1;3138;;18;13;4;7;11;1;15;6;3;11;13;10;
*04EQ+KFC;;;;;;;20.51.24;2;3;5;1;3138;;18;13;4;7;11;1;15;6;3;11;13;10;
*13AQ-J3~32~T2C;;r;;;;;20.51.31;2;3;5;1;3142;;18;13;4;7;11;1;15;6;3;11;13;10;
a06DQ+~~~32~E;;;;;;;20.51.31;2;3;5;1;3142;;18;13;4;7;11;1;15;6;3;11;13;10;
a13ET+~~F;;;;;;;20.51.31;2;3;5;1;3144;;18;13;4;7;11;1;15;6;3;11;13;10;
a03AT-W4~45~H2~2;;p;;;;;20.51.41;2;3;5;1;3149;;18;13;4;7;11;1;15;6;3;11;13;10;
*12DT+~~~45~S;;;;;;;20.51.41;2;3;5;1;3149;;18;13;4;7;11;1;15;6;3;11;13;10;
*04EH+~~F;;;;;;;20.51.41;2;3;5;1;3149;;18;13;4;7;11;1;15;6;3;11;13;10;
*07AH=G4~4~~H1N4;p;s;;;;;20.51.47;2;3;5;1;3154;;18;13;4;7;11;1;15;6;3;11;13;10;
a$$&H#;p;;;;;;20.51.47;2;3;5;1;3154;;18;13;4;7;11;1;15;6;3;11;13;10;
ap19:20;;;;;;;20.51.52;2;3;5;1;3158;;18;13;4;7;11;1;15;6;3;11;13;10;
*T;;;;;;;20.51.52;2;3;5;1;3165;;18;13;4;7;11;1;15;6;3;11;13;10;
a15SM+~~~16;;;;;;;20.52.53;2;3;5;1;3228;;18;13;4;7;11;1;15;6;3;11;13;10;
*12RM-~~~16;;;;;;;20.52.53;2;3;5;1;3228;;18;13;4;7;11;1;15;6;3;11;13;10;
*18EH+~~F~4;;;;;;;20.52.58;2;3;5;1;3231;;18;13;4;7;11;1;15;6;3;11;13;10;
*07AH#G4~45AH2O;s;r;;;;;20.53.00;2;3;5;1;3233;;18;13;4;7;11;1;15;6;3;11;13;10;
a11BH=~~~~2~A2O;s;;;;;;20.53.00;2;3;5;1;3233;;18;13;4;7;11;1;15;6;3;11;13;10;
*p20:20;;;;;;;20.53.04;2;3;5;1;3237;;18;13;4;7;11;1;15;6;3;11;13;10;
*z2;;;;;;;20.53.04;2;2;5;1;3237;;13;4;7;11;1;18;15;6;3;11;13;10;
*13SM!~~~67;;;;;;;20.53.22;2;2;5;1;3255;;13;4;7;11;1;18;15;6;3;11;13;10;
a03RM!~~~67~O~~31;;;;;;;20.53.22;2;2;5;1;3255;;13;4;7;11;1;18;15;6;3;11;13;10;
a13ET+KCB;;;;;;;20.53.22;2;2;5;1;3255;;13;4;7;11;1;18;15;6;3;11;13;10;
a06AT-W2~26~H2C;;r;;;;;20.53.26;2;2;5;1;3259;;13;4;7;11;1;18;15;6;3;11;13;10;
*18DT+~~~26~B;;;;;;;20.53.26;2;2;5;1;3259;;13;4;7;11;1;18;15;6;3;11;13;10;
*04ET+~~B;;;;;;;20.53.26;2;2;5;1;3259;;13;4;7;11;1;18;15;6;3;11;13;10;
*01AT/Y9~94~H2A1;s;p;;;;;20.53.28;2;2;5;1;3263;;13;4;7;11;1;18;15;6;3;11;13;10;
a11BT#~~~~4~A2A;s;;;;;;20.53.28;2;2;5;1;3263;;13;4;7;11;1;18;15;6;3;11;13;10;
ap20:21;;;;;;;20.53.34;2;2;5;1;3267;;13;4;7;11;1;18;15;6;3;11;13;10;
az4;;;;;;;20.53.34;2;2;4;1;3267;;13;4;7;11;1;18;6;3;11;13;10;15;
ac13:12;;;;;;;20.53.34;2;2;4;1;3267;;13;4;7;11;1;18;6;3;11;12;10;15;
ac06:09;;;;;;;20.53.34;2;2;4;1;3267;;13;4;7;11;1;18;9;3;11;12;10;15;
aP9;;;;;;;20.53.34;2;2;4;1;3267;;13;4;7;11;1;18;9;3;11;12;10;15;
az1;;;;;;;20.53.34;2;2;1;1;3267;;13;4;7;11;1;18;9;3;11;12;10;15;
a09SM-~~~17;;;;;;;20.53.53;2;2;1;1;3287;;13;4;7;11;1;18;9;3;11;12;10;15;
*07RM#~~~17;;;;;;;20.53.53;2;2;1;1;3287;;13;4;7;11;1;18;9;3;11;12;10;15;
*04ET+K2B;;;;;;;20.53.53;2;2;1;1;3287;;13;4;7;11;1;18;9;3;11;12;10;15;
*01AT-Y9~95~H1N;;r;;;;;20.53.58;2;2;1;1;3292;;13;4;7;11;1;18;9;3;11;12;10;15;
a10DT+~~~95~S;;;;;;;20.53.58;2;2;1;1;3292;;13;4;7;11;1;18;9;3;11;12;10;15;
a09EH+~~F;;;;;;;20.53.58;2;2;1;1;3294;;13;4;7;11;1;18;9;3;11;12;10;15;
a03AH#G4~47~H2X3;p;p;;;;;20.54.02;2;2;1;1;3295;;13;4;7;11;1;18;9;3;11;12;10;15;
*12DH=~~~47~S;p;;;;;;20.54.02;2;2;1;1;3295;;13;4;7;11;1;18;9;3;11;12;10;15;
ap20:22;;;;;;;20.54.06;2;2;1;1;3299;;13;4;7;11;1;18;9;3;11;12;10;15;
a09SM-~~~16;;;;;;;20.54.19;2;2;1;1;3312;;13;4;7;11;1;18;9;3;11;12;10;15;
*18RM#~~~16~O;;;;;;;20.54.19;2;2;1;1;3312;;13;4;7;11;1;18;9;3;11;12;10;15;
*04EQ+K1C;;;;;;;20.54.19;2;2;1;1;3312;;13;4;7;11;1;18;9;3;11;12;10;15;
*11AQ#J4~33~H2S;s;r;;;;;20.54.23;2;2;1;1;3316;;13;4;7;11;1;18;9;3;11;12;10;15;
a11BQ=~~~~3~T2S;s;;;;;;20.54.23;2;2;1;1;3316;;13;4;7;11;1;18;9;3;11;12;10;15;
*p21:22;;;;;;;20.54.27;2;2;1;1;3320;;13;4;7;11;1;18;9;3;11;12;10;15;
*z1;;;;;;;20.54.27;2;1;1;1;3320;;4;7;11;1;18;13;9;3;11;12;10;15;
*04SQ!~~~51C;;;;;;;20.54.43;2;1;1;1;3337;;4;7;11;1;18;13;9;3;11;12;10;15;
a03RQ!~~~51C~~~21;;;;;;;20.54.43;2;1;1;1;3337;;4;7;11;1;18;13;9;3;11;12;10;15;
a09ET+KBF;;;;;;;20.54.43;2;1;1;1;3337;;4;7;11;1;18;13;9;3;11;12;10;15;
a12AT=W4~45~H2O;p;r;;;;;20.54.49;2;1;1;1;3341;;4;7;11;1;18;13;9;3;11;12;10;15;
*$$&H#;p;;;;;;20.54.49;2;1;1;1;3341;;4;7;11;1;18;13;9;3;11;12;10;15;
*p22:22;;;;;;;20.54.55;2;1;1;1;3345;;4;7;11;1;18;13;9;3;11;12;10;15;
*04SQ!~~~56~~~N;;;;;;;20.56.27;2;1;1;1;3441;;4;7;11;1;18;13;9;3;11;12;10;15;
a16RQ!~~~56~~~~32;;;;;;;20.56.27;2;1;1;1;3441;;4;7;11;1;18;13;9;3;11;12;10;15;
a09ET+K8F;;;;;;;20.56.27;2;1;1;1;3441;;4;7;11;1;18;13;9;3;11;12;10;15;
a12AT/W4~42~H2A;p;r;;;;;20.56.31;2;1;1;1;3445;;4;7;11;1;18;13;9;3;11;12;10;15;
*01BT#~~~~2~A2;p;;;;;;20.56.31;2;1;1;1;3445;;4;7;11;1;18;13;9;3;11;12;10;15;
*p23:22;;;;;;;20.56.36;2;1;1;1;3449;;4;7;11;1;18;13;9;3;11;12;10;15;
aT;;;;;;;20.56.36;2;1;1;1;3449;;4;7;11;1;18;13;9;3;11;12;10;15;
*04SQ=~~~51~~~O;s;;;;;;20.57.43;2;1;1;1;3517;;4;7;11;1;18;13;9;3;11;12;10;15;
a$$&H#;s;;;;;;20.57.43;2;1;1;1;3517;;4;7;11;1;18;13;9;3;11;12;10;15;
ap23:23;;;;;;;20.57.47;2;1;1;1;3521;;4;7;11;1;18;13;9;3;11;12;10;15;
az6;;;;;;;20.57.47;2;1;6;1;3520;;4;7;11;1;18;13;3;11;12;10;15;9;
a03SQ=~~~66~~~O;s;;;;;;20.58.01;2;1;6;1;3535;;4;7;11;1;18;13;3;11;12;10;15;9;
*$$&H#;s;;;;;;20.58.01;2;1;6;1;3535;;4;7;11;1;18;13;3;11;12;10;15;9;
*p24:23;;;;;;;20.58.07;2;1;6;1;3539;;4;7;11;1;18;13;3;11;12;10;15;9;
*z6;;;;;;;20.58.07;2;6;6;1;3540;;7;11;1;18;13;4;3;11;12;10;15;9;
*07SQ#~~~11;p;;;;;;20.58.25;2;6;6;1;3559;;7;11;1;18;13;4;3;11;12;10;15;9;
a03RQ=~~~11~R;p;;;;;;20.58.25;2;6;6;1;3559;;7;11;1;18;13;4;3;11;12;10;15;9;
*p25:23;;;;;;;20.58.32;2;6;6;1;3564;;7;11;1;18;13;4;3;11;12;10;15;9;
**2set;;;;;;;20.58.32;3;6;6;1;3565;;;;;;;;;;;;;;
*P04>LUp;;;;;;;20.58.32;3;6;6;1;3565;;13;4;7;11;1;18;9;3;11;6;10;15;
*z2>LUp;;;;;;;20.58.32;3;2;6;1;3565;;13;4;7;11;1;18;9;3;11;6;10;15;
aP09>LUp;;;;;;;20.58.32;3;2;6;1;3565;;13;4;7;11;1;18;9;3;11;6;10;15;
az1>LUp;;;;;;;20.58.32;3;2;1;1;3565;;13;4;7;11;1;18;9;3;11;6;10;15;
a09SQ#~~~69;p;;;;;;21.02.07;3;2;1;1;3781;;13;4;7;11;1;18;9;3;11;6;10;15;
*12RQ=~~~69~W;p;;;;;;21.02.07;3;2;1;1;3781;;13;4;7;11;1;18;9;3;11;6;10;15;
ap00:01;;;;;;;21.02.14;3;2;1;1;3786;;13;4;7;11;1;18;9;3;11;6;10;15;
a09SQ-~~~16;;;;;;;21.02.35;3;2;1;1;3809;;13;4;7;11;1;18;9;3;11;6;10;15;
*18RQ#~~~16;;;;;;;21.02.35;3;2;1;1;3809;;13;4;7;11;1;18;9;3;11;6;10;15;
*04ET+K1F;;;;;;;21.02.35;3;2;1;1;3809;;13;4;7;11;1;18;9;3;11;6;10;15;
*07AT/W4~42~H1S;p;r;;;;;21.02.41;3;2;1;1;3814;;13;4;7;11;1;18;9;3;11;6;10;15;
a06BT#~~~~2~A1;p;;;;;;21.02.41;3;2;1;1;3814;;13;4;7;11;1;18;9;3;11;6;10;15;
ap00:02;;;;;;;21.02.47;3;2;1;1;3818;;13;4;7;11;1;18;9;3;11;6;10;15;
a09SQ=~~~65~~~R;s;;;;;;21.02.56;3;2;1;1;3829;;13;4;7;11;1;18;9;3;11;6;10;15;
*$$&H#;s;;;;;;21.02.56;3;2;1;1;3829;;13;4;7;11;1;18;9;3;11;6;10;15;
*p01:02;;;;;;;21.03.01;3;2;1;1;3834;;13;4;7;11;1;18;9;3;11;6;10;15;
*z1;;;;;;;21.03.01;3;1;1;1;3834;;4;7;11;1;18;13;9;3;11;6;10;15;
*04SQ-~~~56;;;;;;;21.03.17;3;1;1;1;3851;;4;7;11;1;18;13;9;3;11;6;10;15;
a16RQ#~~~56;;;;;;;21.03.17;3;1;1;1;3851;;4;7;11;1;18;13;9;3;11;6;10;15;
a09EQ+K2C;;;;;;;21.03.17;3;1;1;1;3851;;4;7;11;1;18;13;9;3;11;6;10;15;
a11AQ#J2~33~H1O;s;r;;;;;21.03.21;3;1;1;1;3855;;4;7;11;1;18;13;9;3;11;6;10;15;
*01BQ=~~~~3~T1O;s;;;;;;21.03.21;3;1;1;1;3855;;4;7;11;1;18;13;9;3;11;6;10;15;
ap01:03;;;;;;;21.03.25;3;1;1;1;3859;;4;7;11;1;18;13;9;3;11;6;10;15;
az6;;;;;;;21.03.25;3;1;6;1;3858;;4;7;11;1;18;13;3;11;6;10;15;9;
a03SQ+~~~66;;;;;;;21.03.38;3;1;6;1;3872;;4;7;11;1;18;13;3;11;6;10;15;9;
*12RQ-~~~66;;;;;;;21.03.38;3;1;6;1;3872;;4;7;11;1;18;13;3;11;6;10;15;9;
*04ET+;;;;;;;21.03.38;3;1;6;1;3872;;4;7;11;1;18;13;3;11;6;10;15;9;
*01AT/W4~42~H2A;p;r;;;;;21.03.43;3;1;6;1;3877;;4;7;11;1;18;13;3;11;6;10;15;9;
a06BT#~~~~2~A2A;p;;;;;;21.03.43;3;1;6;1;3877;;4;7;11;1;18;13;3;11;6;10;15;9;
ap01:04;;;;;;;21.03.45;3;1;6;1;3881;;4;7;11;1;18;13;3;11;6;10;15;9;
a03SQ!~~~61C;;;;;;;21.04.01;3;1;6;1;3895;;4;7;11;1;18;13;3;11;6;10;15;9;
*12RQ!~~~61C~~~32;;;;;;;21.04.01;3;1;6;1;3895;;4;7;11;1;18;13;3;11;6;10;15;9;
*04EQ+K8C;;;;;;;21.04.01;3;1;6;1;3895;;4;7;11;1;18;13;3;11;6;10;15;9;
*11AQ#J4~35~H1X;s;r;;;;;21.04.06;3;1;6;1;3899;;4;7;11;1;18;13;3;11;6;10;15;9;
a16DQ=~~~35~S;s;;;;;;21.04.06;3;1;6;1;3899;;4;7;11;1;18;13;3;11;6;10;15;9;
*p02:04;;;;;;;21.04.09;3;1;6;1;3903;;4;7;11;1;18;13;3;11;6;10;15;9;
*z6;;;;;;;21.04.09;3;6;6;1;3902;;7;11;1;18;13;4;3;11;6;10;15;9;
*07SQ-~~~68~~~N;;;;;;;21.04.27;3;6;6;1;3921;;7;11;1;18;13;4;3;11;6;10;15;9;
a16RQ#~~~68;;;;;;;21.04.27;3;6;6;1;3921;;7;11;1;18;13;4;3;11;6;10;15;9;
a09EQ+K1C;;;;;;;21.04.27;3;6;6;1;3921;;7;11;1;18;13;4;3;11;6;10;15;9;
a11AQ#J4~39~H1X;s;r;;;;;21.04.32;3;6;6;1;3925;;7;11;1;18;13;4;3;11;6;10;15;9;
*04DQ=~~~39~S;s;;;;;;21.04.32;3;6;6;1;3925;;7;11;1;18;13;4;3;11;6;10;15;9;
ap02:05;;;;;;;21.04.42;3;6;6;1;3929;;7;11;1;18;13;4;3;11;6;10;15;9;
az5;;;;;;;21.04.42;3;6;5;1;3935;;7;11;1;18;13;4;11;6;10;15;9;3;
a11SQ=~~~65~~~O;s;;;;;;21.04.51;3;6;5;1;3945;;7;11;1;18;13;4;11;6;10;15;9;3;
*$$&H#;s;;;;;;21.04.51;3;6;5;1;3945;;7;11;1;18;13;4;11;6;10;15;9;3;
*p03:05;;;;;;;21.04.55;3;6;5;1;3949;;7;11;1;18;13;4;11;6;10;15;9;3;
*z5;;;;;;;21.04.55;3;5;5;1;3948;;11;1;18;13;4;7;11;6;10;15;9;3;
*11SM-~~~57;;;;;;;21.05.10;3;5;5;1;3964;;11;1;18;13;4;7;11;6;10;15;9;3;
a10RM+~~~57~O~~41;;;;;;;21.05.10;3;5;5;1;3964;;11;1;18;13;4;7;11;6;10;15;9;3;
a09ET+KFB;;;;;;;21.05.10;3;5;5;1;3964;;11;1;18;13;4;7;11;6;10;15;9;3;
a06AT/W2~24~H2A;p;r;;;;;21.05.14;3;5;5;1;3967;;11;1;18;13;4;7;11;6;10;15;9;3;
*18BT#~~~~4~A2A;p;;;;;;21.05.14;3;5;5;1;3967;;11;1;18;13;4;7;11;6;10;15;9;3;
*p04:05;;;;;;;21.05.18;3;5;5;1;3971;;11;1;18;13;4;7;11;6;10;15;9;3;
*11SM+~~~57;;;;;;;21.05.32;3;5;5;1;3985;;11;1;18;13;4;7;11;6;10;15;9;3;
a10RM-~~~57~O;;;;;;;21.05.32;3;5;5;1;3985;;11;1;18;13;4;7;11;6;10;15;9;3;
a09EH+;;;;;;;21.05.32;3;5;5;1;3985;;11;1;18;13;4;7;11;6;10;15;9;3;
a10AH/G4~42~H2A;p;r;;;;;21.05.35;3;5;5;1;3989;;11;1;18;13;4;7;11;6;10;15;9;3;
*01BH#~~~~2~A2A;p;;;;;;21.05.35;3;5;5;1;3989;;11;1;18;13;4;7;11;6;10;15;9;3;
*p05:05;;;;;;;21.05.38;3;5;5;1;3993;;11;1;18;13;4;7;11;6;10;15;9;3;
*11SM!~~~55;;;;;;;21.05.55;3;5;5;1;4008;;11;1;18;13;4;7;11;6;10;15;9;3;
a03RM!~~~55~~~~41;;;;;;;21.05.55;3;5;5;1;4008;;11;1;18;13;4;7;11;6;10;15;9;3;
a09EQ+KFC;;;;;;;21.05.55;3;5;5;1;4008;;11;1;18;13;4;7;11;6;10;15;9;3;
a15AQ+J4~33~H1C;;r;;;;;21.05.59;3;5;5;1;4012;;11;1;18;13;4;7;11;6;10;15;9;3;
*13BQ-~~~~3~T1;;;;;;;21.05.59;3;5;5;1;4012;;11;1;18;13;4;7;11;6;10;15;9;3;
a09ET+~~B;;;;;;;21.05.59;3;5;5;1;4012;;11;1;18;13;4;7;11;6;10;15;9;3;
a06AT#W2~24~H4S1;s;s;;;;;21.06.02;3;5;5;1;4016;;11;1;18;13;4;7;11;6;10;15;9;3;
*13BT=~~~~4~A4S;s;;;;;;21.06.02;3;5;5;1;4016;;11;1;18;13;4;7;11;6;10;15;9;3;
ap05:06;;;;;;;21.06.06;3;5;5;1;4020;;11;1;18;13;4;7;11;6;10;15;9;3;
az4;;;;;;;21.06.06;3;5;4;1;4019;;11;1;18;13;4;7;6;10;15;9;3;11;
a06SQ=~~~1~~~~N;s;;;;;;21.06.26;3;5;4;1;4039;;11;1;18;13;4;7;6;10;15;9;3;11;
*$$&H#;s;;;;;;21.06.26;3;5;4;1;4039;;11;1;18;13;4;7;6;10;15;9;3;11;
*p06:06;;;;;;;21.06.29;3;5;4;1;4043;;11;1;18;13;4;7;6;10;15;9;3;11;
*z4;;;;;;;21.06.29;3;4;4;1;4042;;1;18;13;4;7;11;6;10;15;9;3;11;
*01SQ!~~~16;;;;;;;21.06.42;3;4;4;1;4057;;1;18;13;4;7;11;6;10;15;9;3;11;
a10RQ!~~~16~~~~32;;;;;;;21.06.42;3;4;4;1;4057;;1;18;13;4;7;11;6;10;15;9;3;11;
a09EQ+K8C;;;;;;;21.06.42;3;4;4;1;4057;;1;18;13;4;7;11;6;10;15;9;3;11;
a15AQ+J2~35~H1;;r;;;;;21.06.49;3;4;4;1;4061;;1;18;13;4;7;11;6;10;15;9;3;11;
*15DQ/~~~35~S;;;;;;;21.06.49;3;4;4;1;4061;;1;18;13;4;7;11;6;10;15;9;3;11;
a09AO!V3~33~H2A;;s;;;;;21.06.56;3;4;4;1;4063;;1;18;13;4;7;11;6;10;15;9;3;11;
*13BO/~~~~3~A2A;s;;;;;;21.06.56;3;4;4;1;4063;;1;18;13;4;7;11;6;10;15;9;3;11;
a$$&H#;s;;;;;;21.06.56;3;4;4;1;4063;;1;18;13;4;7;11;6;10;15;9;3;11;
ap06:07;;;;;;;21.07.04;3;4;4;1;4067;;1;18;13;4;7;11;6;10;15;9;3;11;
az3;;;;;;;21.07.04;3;4;3;1;4077;;1;18;13;4;7;11;10;15;9;3;11;6;
a10SQ=~~~11~~~O;s;;;;;;21.07.14;3;4;3;1;4088;;1;18;13;4;7;11;10;15;9;3;11;6;
*$$&H#;s;;;;;;21.07.14;3;4;3;1;4088;;1;18;13;4;7;11;10;15;9;3;11;6;
*p07:07;;;;;;;21.07.17;3;4;3;1;4092;;1;18;13;4;7;11;10;15;9;3;11;6;
*z3;;;;;;;21.07.17;3;3;3;1;4090;;18;13;4;7;11;1;10;15;9;3;11;6;
*18SQ+~~~15;;;;;;;21.07.46;3;3;3;1;4121;;18;13;4;7;11;1;10;15;9;3;11;6;
a03RQ-~~~15;;;;;;;21.07.46;3;3;3;1;4121;;18;13;4;7;11;1;10;15;9;3;11;6;
a09EH+~~B;;;;;;;21.07.46;3;3;3;1;4121;;18;13;4;7;11;1;10;15;9;3;11;6;
a06AH+G9~94~H3C;;r;;;;;21.07.53;3;3;3;1;4126;;18;13;4;7;11;1;10;15;9;3;11;6;
*04BH-~~~~4~A3;;;;;;;21.07.53;3;3;3;1;4126;;18;13;4;7;11;1;10;15;9;3;11;6;
a09EQ+~~C;;;;;;;21.07.53;3;3;3;1;4126;;18;13;4;7;11;1;10;15;9;3;11;6;
a15AQ#J4~38~H1X1;s;s;;;;;21.07.55;3;3;3;1;4129;;18;13;4;7;11;1;10;15;9;3;11;6;
*18DQ=~~~38~S;s;;;;;;21.07.55;3;3;3;1;4129;;18;13;4;7;11;1;10;15;9;3;11;6;
ap07:08;;;;;;;21.07.59;3;3;3;1;4133;;18;13;4;7;11;1;10;15;9;3;11;6;
az2;;;;;;;21.07.59;3;3;2;1;4132;;18;13;4;7;11;1;15;9;3;11;6;10;
a15SM!~~~18~~~N;;;;;;;21.08.14;3;3;2;1;4148;;18;13;4;7;11;1;15;9;3;11;6;10;
*18RM!~~~18~W~~32;;;;;;;21.08.14;3;3;2;1;4148;;18;13;4;7;11;1;15;9;3;11;6;10;
*04ET+K8B;;;;;;;21.08.14;3;3;2;1;4148;;18;13;4;7;11;1;15;9;3;11;6;10;
*01AT#Y9~95~H2X;s;r;;;;;21.08.19;3;3;2;1;4152;;18;13;4;7;11;1;15;9;3;11;6;10;
a15DT=~~~95~S;s;;;;;;21.08.19;3;3;2;1;4152;;18;13;4;7;11;1;15;9;3;11;6;10;
*p08:08;;;;;;;21.08.22;3;3;2;1;4156;;18;13;4;7;11;1;15;9;3;11;6;10;
*z2;;;;;;;21.08.22;3;2;2;1;4155;;13;4;7;11;1;18;15;9;3;11;6;10;
*13SM+~~~67;;;;;;;21.08.39;3;2;2;1;4172;;13;4;7;11;1;18;15;9;3;11;6;10;
a03RM-~~~67;;;;;;;21.08.39;3;2;2;1;4172;;13;4;7;11;1;18;15;9;3;11;6;10;
a09ET+~~F;;;;;;;21.08.39;3;2;2;1;4172;;13;4;7;11;1;18;15;9;3;11;6;10;
a03AT#W4~45~H2F;s;r;;;;;21.08.42;3;2;2;1;4176;;13;4;7;11;1;18;15;9;3;11;6;10;
*11BT=~~~~2~A2F;s;;;;;;21.08.42;3;2;2;1;4176;;13;4;7;11;1;18;15;9;3;11;6;10;
*13DT=~~~47~B;;;;;;;21.08.46;3;2;2;1;4176;;13;4;7;11;1;18;15;9;3;11;6;10;
ap08:09;;;;;;;21.08.50;3;2;2;1;4181;;13;4;7;11;1;18;15;9;3;11;6;10;
az1;;;;;;;21.08.50;3;2;1;1;4183;;13;4;7;11;1;18;9;3;11;6;10;15;
a09SQ+~~~65;;;;;;;21.09.02;3;2;1;1;4195;;13;4;7;11;1;18;9;3;11;6;10;15;
*07RQ-~~~65;;;;;;;21.09.02;3;2;1;1;4195;;13;4;7;11;1;18;9;3;11;6;10;15;
*18EH+~~F~4;;;;;;;21.09.02;3;2;1;1;4198;;13;4;7;11;1;18;9;3;11;6;10;15;
*07AH#G4~46AP2X;s;r;;;;;21.09.07;3;2;1;1;4200;;13;4;7;11;1;18;9;3;11;6;10;15;
a16DH=~~~46AE~E;s;;;;;;21.09.07;3;2;1;1;4200;;13;4;7;11;1;18;9;3;11;6;10;15;
*p09:09;;;;;;;21.09.12;3;2;1;1;4204;;13;4;7;11;1;18;9;3;11;6;10;15;
*z1;;;;;;;21.09.12;3;1;1;1;4205;;4;7;11;1;18;13;9;3;11;6;10;15;
*04SQ=~~~55~~~O;s;;;;;;21.09.34;3;1;1;1;4228;;4;7;11;1;18;13;9;3;11;6;10;15;
a$$&H#;s;;;;;;21.09.34;3;1;1;1;4228;;4;7;11;1;18;13;9;3;11;6;10;15;
ap09:10;;;;;;;21.09.38;3;1;1;1;4232;;4;7;11;1;18;13;9;3;11;6;10;15;
az6;;;;;;;21.09.38;3;1;6;1;4231;;4;7;11;1;18;13;3;11;6;10;15;9;
a03SQ!~~~68;;;;;;;21.09.55;3;1;6;1;4249;;4;7;11;1;18;13;3;11;6;10;15;9;
*12RQ!~~~68~~~~32;;;;;;;21.09.55;3;1;6;1;4249;;4;7;11;1;18;13;3;11;6;10;15;9;
*04EQ+K8C;;;;;;;21.09.55;3;1;6;1;4249;;4;7;11;1;18;13;3;11;6;10;15;9;
*11AQ#J4~39~H1X;s;r;;;;;21.09.55;3;1;6;1;4253;;4;7;11;1;18;13;3;11;6;10;15;9;
a09DQ=~~~39~S~U;s;;;;;;21.09.55;3;1;6;1;4253;;4;7;11;1;18;13;3;11;6;10;15;9;
*p10:10;;;;;;;21.10.03;3;1;6;1;4257;;4;7;11;1;18;13;3;11;6;10;15;9;
*z6;;;;;;;21.10.03;3;6;6;1;4256;;7;11;1;18;13;4;3;11;6;10;15;9;
*07SQ-~~~66;;;;;;;21.10.22;3;6;6;1;4276;;7;11;1;18;13;4;3;11;6;10;15;9;
a16RQ+~~~66~~~~41;;;;;;;21.10.22;3;6;6;1;4276;;7;11;1;18;13;4;3;11;6;10;15;9;
a09ET+KFB;;;;;;;21.10.22;3;6;6;1;4276;;7;11;1;18;13;4;3;11;6;10;15;9;
a06AT#W2~26~H1F;s;r;;;;;21.10.27;3;6;6;1;4281;;7;11;1;18;13;4;3;11;6;10;15;9;
*18BT=~~~~4~A1F;s;;;;;;21.10.27;3;6;6;1;4281;;7;11;1;18;13;4;3;11;6;10;15;9;
*07DT=~~~26~B;;;;;;;21.10.31;3;6;6;1;4281;;7;11;1;18;13;4;3;11;6;10;15;9;
ap10:11;;;;;;;21.10.38;3;6;6;1;4285;;7;11;1;18;13;4;3;11;6;10;15;9;
az5;;;;;;;21.10.38;3;6;5;1;4291;;7;11;1;18;13;4;11;6;10;15;9;3;
a11SM-~~~68;;;;;;;21.11.01;3;6;5;1;4316;;7;11;1;18;13;4;11;6;10;15;9;3;
*07RM#~~~68~O;;;;;;;21.11.01;3;6;5;1;4316;;7;11;1;18;13;4;11;6;10;15;9;3;
*04ET+K1B;;;;;;;21.11.01;3;6;5;1;4316;;7;11;1;18;13;4;11;6;10;15;9;3;
*01AT#W1~48AH0X;s;r;;;;;21.11.06;3;6;5;1;4320;;7;11;1;18;13;4;11;6;10;15;9;3;
a03DT=~~~48AS;s;;;;;;21.11.06;3;6;5;1;4320;;7;11;1;18;13;4;11;6;10;15;9;3;
*p11:11;;;;;;;21.11.11;3;6;5;1;4324;;7;11;1;18;13;4;11;6;10;15;9;3;
*z5;;;;;;;21.11.11;3;5;5;1;4324;;11;1;18;13;4;7;11;6;10;15;9;3;
*11SM!~~~57;;;;;;;21.11.24;3;5;5;1;4337;;11;1;18;13;4;7;11;6;10;15;9;3;
a10RM!~~~57~~~~32;;;;;;;21.11.24;3;5;5;1;4337;;11;1;18;13;4;7;11;6;10;15;9;3;
a09ET+K8F;;;;;;;21.11.24;3;5;5;1;4337;;11;1;18;13;4;7;11;6;10;15;9;3;
a10AT/W4~42~H4A;p;r;;;;;21.11.28;3;5;5;1;4342;;11;1;18;13;4;7;11;6;10;15;9;3;
*01BT#~~~~2~A4A;p;;;;;;21.11.28;3;5;5;1;4342;;11;1;18;13;4;7;11;6;10;15;9;3;
*p12:11;;;;;;;21.11.33;3;5;5;1;4346;;11;1;18;13;4;7;11;6;10;15;9;3;
*11SM!~~~56C;;;;;;;21.11.48;3;5;5;1;4362;;11;1;18;13;4;7;11;6;10;15;9;3;
a03RM!~~~56C~~~32;;;;;;;21.11.48;3;5;5;1;4362;;11;1;18;13;4;7;11;6;10;15;9;3;
a09EQ+K8C;;;;;;;21.11.48;3;5;5;1;4362;;11;1;18;13;4;7;11;6;10;15;9;3;
a15AQ#J2~33~H2F;s;r;;;;;21.11.53;3;5;5;1;4366;;11;1;18;13;4;7;11;6;10;15;9;3;
*01BQ=~~~~3~T2F;s;;;;;;21.11.53;3;5;5;1;4366;;11;1;18;13;4;7;11;6;10;15;9;3;
ap12:12;;;;;;;21.11.58;3;5;5;1;4370;;11;1;18;13;4;7;11;6;10;15;9;3;
az4;;;;;;;21.11.58;3;5;4;1;4371;;11;1;18;13;4;7;6;10;15;9;3;11;
a06SQ=~~~1~~~~N;s;;;;;;21.12.12;3;5;4;1;4385;;11;1;18;13;4;7;6;10;15;9;3;11;
*$$&H#;s;;;;;;21.12.12;3;5;4;1;4385;;11;1;18;13;4;7;6;10;15;9;3;11;
*p13:12;;;;;;;21.12.15;3;5;4;1;4390;;11;1;18;13;4;7;6;10;15;9;3;11;
*z4;;;;;;;21.12.15;3;4;4;1;4388;;1;18;13;4;7;11;6;10;15;9;3;11;
*01SQ#~~~16;p;;;;;;21.12.31;3;4;4;1;4405;;1;18;13;4;7;11;6;10;15;9;3;11;
a03RQ=~~~16~L;p;;;;;;21.12.31;3;4;4;1;4405;;1;18;13;4;7;11;6;10;15;9;3;11;
*p14:12;;;;;;;21.12.35;3;4;4;1;4410;;1;18;13;4;7;11;6;10;15;9;3;11;
*01SQ/~~~65;;;;;;;21.12.57;3;4;4;1;4431;;1;18;13;4;7;11;6;10;15;9;3;11;
a03RQ/~~~65~L;;;;;;;21.12.57;3;4;4;1;4431;;1;18;13;4;7;11;6;10;15;9;3;11;
*15FH#;;;;;;;21.13.04;3;4;4;1;4439;;1;18;13;4;7;11;6;10;15;9;3;11;
*04EQ#~~C;;;;;;;21.13.04;3;4;4;1;4439;;1;18;13;4;7;11;6;10;15;9;3;11;
*13AQ#J4~33~H1S1;p;p;;;;;21.13.06;3;4;4;1;4440;;1;18;13;4;7;11;6;10;15;9;3;11;
a15BQ=~~~~3~T1S;p;;;;;;21.13.06;3;4;4;1;4440;;1;18;13;4;7;11;6;10;15;9;3;11;
*p15:12;;;;;;;21.13.11;3;4;4;1;4444;;1;18;13;4;7;11;6;10;15;9;3;11;
aT;;;;;;;21.13.11;3;4;4;1;4444;;1;18;13;4;7;11;6;10;15;9;3;11;
*01SQ+~~~16;;;;;;;21.14.18;3;4;4;1;4512;;1;18;13;4;7;11;6;10;15;9;3;11;
a03RQ-~~~16;;;;;;;21.14.18;3;4;4;1;4512;;1;18;13;4;7;11;6;10;15;9;3;11;
a09EH+~~F;;;;;;;21.14.18;3;4;4;1;4512;;1;18;13;4;7;11;6;10;15;9;3;11;
a10AH!G4~46~H2C;;r;;;;;21.14.22;3;4;4;1;4517;;1;18;13;4;7;11;6;10;15;9;3;11;
*04BH/~~~~2~A2A;s;;;;;;21.14.22;3;4;4;1;4517;;1;18;13;4;7;11;6;10;15;9;3;11;
a$$&H#;s;;;;;;21.14.22;3;4;4;1;4517;;1;18;13;4;7;11;6;10;15;9;3;11;
ap15:13;;;;;;;21.14.29;3;4;4;1;4521;;1;18;13;4;7;11;6;10;15;9;3;11;
az3;;;;;;;21.14.29;3;4;3;1;4522;;1;18;13;4;7;11;10;15;9;3;11;6;
a10SM-~~~15B;;;;;;;21.14.44;3;4;3;1;4538;;1;18;13;4;7;11;10;15;9;3;11;6;
*18RM#~~~15B;;;;;;;21.14.44;3;4;3;1;4538;;1;18;13;4;7;11;10;15;9;3;11;6;
*04ET+K1F;;;;;;;21.14.44;3;4;3;1;4538;;1;18;13;4;7;11;10;15;9;3;11;6;
*18AT#W4~42~H4F;s;r;;;;;21.14.49;3;4;3;1;4542;;1;18;13;4;7;11;10;15;9;3;11;6;
a15BT=~~~~2~A4F;s;;;;;;21.14.49;3;4;3;1;4542;;1;18;13;4;7;11;10;15;9;3;11;6;
*p16:13;;;;;;;21.14.55;3;4;3;1;4546;;1;18;13;4;7;11;10;15;9;3;11;6;
*z3;;;;;;;21.14.55;3;3;3;1;4548;;18;13;4;7;11;1;10;15;9;3;11;6;
*18SQ#~~~15;p;;;;;;21.15.25;3;3;3;1;4580;;18;13;4;7;11;1;10;15;9;3;11;6;
a03RQ=~~~15~M;p;;;;;;21.15.25;3;3;3;1;4580;;18;13;4;7;11;1;10;15;9;3;11;6;
*p17:13;;;;;;;21.15.35;3;3;3;1;4584;;18;13;4;7;11;1;10;15;9;3;11;6;
*18SQ=~~~6~~~~N;s;;;;;;21.15.49;3;3;3;1;4603;;18;13;4;7;11;1;10;15;9;3;11;6;
a$$&H#;s;;;;;;21.15.49;3;3;3;1;4603;;18;13;4;7;11;1;10;15;9;3;11;6;
ap17:14;;;;;;;21.15.52;3;3;3;1;4607;;18;13;4;7;11;1;10;15;9;3;11;6;
az2;;;;;;;21.15.52;3;3;2;1;4605;;18;13;4;7;11;1;15;9;3;11;6;10;
a15SM-~~~11;;;;;;;21.16.05;3;3;2;1;4619;;18;13;4;7;11;1;15;9;3;11;6;10;
*18RM#~~~11;;;;;;;21.16.05;3;3;2;1;4619;;18;13;4;7;11;1;15;9;3;11;6;10;
*04EO+K3S;;;;;;;21.16.05;3;3;2;1;4619;;18;13;4;7;11;1;15;9;3;11;6;10;
*04AO-JJ~39~T;;r;;;;;21.16.10;3;3;2;1;4622;;18;13;4;7;11;1;15;9;3;11;6;10;
a06DO+~~~39;;;;;;;21.16.10;3;3;2;1;4622;;18;13;4;7;11;1;15;9;3;11;6;10;
a03EH+~~B;;;;;;;21.16.10;3;3;2;1;4622;;18;13;4;7;11;1;15;9;3;11;6;10;
a09AH=G2~21~H2O4;s;p;;;;;21.16.20;3;3;2;1;4625;;18;13;4;7;11;1;15;9;3;11;6;10;
*$$&H#;s;;;;;;21.16.20;3;3;2;1;4625;;18;13;4;7;11;1;15;9;3;11;6;10;
*p18:14;;;;;;;21.16.24;3;3;2;1;4629;;18;13;4;7;11;1;15;9;3;11;6;10;
*z2;;;;;;;21.16.24;3;2;2;1;4637;;13;4;7;11;1;18;15;9;3;11;6;10;
*13SM-~~~65;;;;;;;21.16.34;3;2;2;1;4647;;13;4;7;11;1;18;15;9;3;11;6;10;
a03RM+~~~65~~~~41;;;;;;;21.16.34;3;2;2;1;4647;;13;4;7;11;1;18;15;9;3;11;6;10;
a09ET+KFF;;;;;;;21.16.34;3;2;2;1;4647;;13;4;7;11;1;18;15;9;3;11;6;10;
a03AT#W4~47~H1X;s;r;;;;;21.16.38;3;2;2;1;4652;;13;4;7;11;1;18;15;9;3;11;6;10;
*13DT=~~~47~S;s;;;;;;21.16.38;3;2;2;1;4652;;13;4;7;11;1;18;15;9;3;11;6;10;
ap18:15;;;;;;;21.16.44;3;2;2;1;4656;;13;4;7;11;1;18;15;9;3;11;6;10;
az1;;;;;;;21.16.44;3;2;1;1;4657;;13;4;7;11;1;18;9;3;11;6;10;15;
a09SQ=~~~65~~~O;s;;;;;;21.16.56;3;2;1;1;4670;;13;4;7;11;1;18;9;3;11;6;10;15;
*$$&H#;s;;;;;;21.16.56;3;2;1;1;4670;;13;4;7;11;1;18;9;3;11;6;10;15;
*p19:15;;;;;;;21.17.00;3;2;1;1;4674;;13;4;7;11;1;18;9;3;11;6;10;15;
*z1;;;;;;;21.17.00;3;1;1;1;4673;;4;7;11;1;18;13;9;3;11;6;10;15;
*04SQ-~~~56;;;;;;;21.17.19;3;1;1;1;4693;;4;7;11;1;18;13;9;3;11;6;10;15;
a16RQ#~~~56;;;;;;;21.17.19;3;1;1;1;4693;;4;7;11;1;18;13;9;3;11;6;10;15;
a09EQ+K2C;;;;;;;21.17.19;3;1;1;1;4693;;4;7;11;1;18;13;9;3;11;6;10;15;
a11AQ-J2~33~H1C;;r;;;;;21.17.23;3;1;1;1;4697;;4;7;11;1;18;13;9;3;11;6;10;15;
*11BQ+~~~~3~T1;;;;;;;21.17.23;3;1;1;1;4697;;4;7;11;1;18;13;9;3;11;6;10;15;
*07DQ+~~~38~B;;;;;;;21.17.24;3;1;1;1;4697;;4;7;11;1;18;13;9;3;11;6;10;15;
*04ET+~~B;;;;;;;21.17.24;3;1;1;1;4697;;4;7;11;1;18;13;9;3;11;6;10;15;
*01AT+W2~24~H4C2;;p;;;;;21.17.25;3;1;1;1;4700;;4;7;11;1;18;13;9;3;11;6;10;15;
a06BT-~~~~4~A4;;;;;;;21.17.25;3;1;1;1;4700;;4;7;11;1;18;13;9;3;11;6;10;15;
a03DH+~~~4~~B;;;;;;;21.17.28;3;1;1;1;4700;;4;7;11;1;18;13;9;3;11;6;10;15;
*18FH#;;;;;;;21.17.30;3;1;1;1;4703;;4;7;11;1;18;13;9;3;11;6;10;15;
*04ET+~~B;;;;;;;21.17.30;3;1;1;1;4702;;4;7;11;1;18;13;9;3;11;6;10;15;
*01AT#W2~25~H1X1;p;p;;;;;21.17.36;3;1;1;1;4705;;4;7;11;1;18;13;9;3;11;6;10;15;
a10DT=~~~25~S;p;;;;;;21.17.36;3;1;1;1;4705;;4;7;11;1;18;13;9;3;11;6;10;15;
*p20:15;;;;;;;21.17.45;3;1;1;1;4709;;4;7;11;1;18;13;9;3;11;6;10;15;
*04SQ-~~~55;;;;;;;21.17.51;3;1;1;1;4726;;4;7;11;1;18;13;9;3;11;6;10;15;
a10RQ+~~~55~~~~32;;;;;;;21.17.51;3;1;1;1;4726;;4;7;11;1;18;13;9;3;11;6;10;15;
a09ET+K2B;;;;;;;21.17.51;3;1;1;1;4726;;4;7;11;1;18;13;9;3;11;6;10;15;
a03AT+W2~24~H2C;;r;;;;;21.17.57;3;1;1;1;4731;;4;7;11;1;18;13;9;3;11;6;10;15;
*07BT-~~~~4~A2;;;;;;;21.17.57;3;1;1;1;4731;;4;7;11;1;18;13;9;3;11;6;10;15;
a10ET+~~B~2;;;;;;;21.17.57;3;1;1;1;4731;;4;7;11;1;18;13;9;3;11;6;10;15;
a03AT-W2~27~T2~2;;s;;;;;21.18.01;3;1;1;1;4734;;4;7;11;1;18;13;9;3;11;6;10;15;
*15DT+~~~27~S;;;;;;;21.18.01;3;1;1;1;4734;;4;7;11;1;18;13;9;3;11;6;10;15;
*04EQ+~~C;;;;;;;21.18.01;3;1;1;1;4734;;4;7;11;1;18;13;9;3;11;6;10;15;
*11AQ+J2~33~T1C2;;p;;;;;21.18.03;3;1;1;1;4737;;4;7;11;1;18;13;9;3;11;6;10;15;
a11BQ-~~~~3~~1;;;;;;;21.18.03;3;1;1;1;4737;;4;7;11;1;18;13;9;3;11;6;10;15;
*04EQ#~~C;;;;;;;21.18.03;3;1;1;1;4737;;4;7;11;1;18;13;9;3;11;6;10;15;
*11AQ#J4~33~H1S1;p;p;;;;;21.18.05;3;1;1;1;4739;;4;7;11;1;18;13;9;3;11;6;10;15;
a11BQ=~~~~3~T1S;p;;;;;;21.18.05;3;1;1;1;4739;;4;7;11;1;18;13;9;3;11;6;10;15;
*p21:15;;;;;;;21.18.10;3;1;1;1;4743;;4;7;11;1;18;13;9;3;11;6;10;15;
*04SQ+~~~56;;;;;;;21.18.30;3;1;1;1;4764;;4;7;11;1;18;13;9;3;11;6;10;15;
a16RQ-~~~56;;;;;;;21.18.30;3;1;1;1;4764;;4;7;11;1;18;13;9;3;11;6;10;15;
a09EH+~~F;;;;;;;21.18.30;3;1;1;1;4764;;4;7;11;1;18;13;9;3;11;6;10;15;
a06AH-G4~45~P2;;r;;;;;21.18.38;3;1;1;1;4770;;4;7;11;1;18;13;9;3;11;6;10;15;
*15DH+~~~45;;;;;;;21.18.38;3;1;1;1;4770;;4;7;11;1;18;13;9;3;11;6;10;15;
*04ET+~~F;;;;;;;21.18.38;3;1;1;1;4770;;4;7;11;1;18;13;9;3;11;6;10;15;
*07AT/W4~42~H2A2;s;p;;;;;21.18.40;3;1;1;1;4774;;4;7;11;1;18;13;9;3;11;6;10;15;
a11BT#~~~~2~A2A;s;;;;;;21.18.40;3;1;1;1;4774;;4;7;11;1;18;13;9;3;11;6;10;15;
ap21:16;;;;;;;21.18.45;3;1;1;1;4778;;4;7;11;1;18;13;9;3;11;6;10;15;
az6;;;;;;;21.18.45;3;1;6;1;4778;;4;7;11;1;18;13;3;11;6;10;15;9;
a03SQ=~~~6~~~~N;s;;;;;;21.18.58;3;1;6;1;4791;;4;7;11;1;18;13;3;11;6;10;15;9;
*$$&H#;s;;;;;;21.18.58;3;1;6;1;4791;;4;7;11;1;18;13;3;11;6;10;15;9;
*p22:16;;;;;;;21.19.01;3;1;6;1;4795;;4;7;11;1;18;13;3;11;6;10;15;9;
*z6;;;;;;;21.19.01;3;6;6;1;4794;;7;11;1;18;13;4;3;11;6;10;15;9;
*c11:03;;;;;;;21.19.01;3;6;6;1;4794;;7;3;1;18;13;4;3;11;6;10;15;9;
*07SQ!~~~11~~~N;;;;;;;21.19.19;3;6;6;1;4813;;7;3;1;18;13;4;3;11;6;10;15;9;
a03RQ!~~~11~~~~31;;;;;;;21.19.19;3;6;6;1;4813;;7;3;1;18;13;4;3;11;6;10;15;9;
a09EQ+KCC~~~1;;;;;;;21.19.19;3;6;6;1;4813;;7;3;1;18;13;4;3;11;6;10;15;9;
a11AQ-J4~39~P1C;;r;;;;;21.19.24;3;6;6;1;4817;;7;3;1;18;13;4;3;11;6;10;15;9;
*04DQ+~~~39~S;;;;;;;21.19.24;3;6;6;1;4817;;7;3;1;18;13;4;3;11;6;10;15;9;
*03EH+~~B~2;;;;;;;21.19.24;3;6;6;1;4817;;7;3;1;18;13;4;3;11;6;10;15;9;
*01AH#G2~26~H2X4;p;p;;;;;21.19.27;3;6;6;1;4821;;7;3;1;18;13;4;3;11;6;10;15;9;
a03DH=~~~26~S;p;;;;;;21.19.27;3;6;6;1;4821;;7;3;1;18;13;4;3;11;6;10;15;9;
*p23:16;;;;;;;21.19.33;3;6;6;1;4825;;7;3;1;18;13;4;3;11;6;10;15;9;
*07SQ!~~~16;;;;;;;21.19.55;3;6;6;1;4849;;7;3;1;18;13;4;3;11;6;10;15;9;
a16RQ!~~~16~~~~42;;;;;;;21.19.55;3;6;6;1;4849;;7;3;1;18;13;4;3;11;6;10;15;9;
a09ET+K7F;;;;;;;21.19.55;3;6;6;1;4849;;7;3;1;18;13;4;3;11;6;10;15;9;
a10AT+W4~49~H2C;;r;;;;;21.20.02;3;6;6;1;4854;;7;3;1;18;13;4;3;11;6;10;15;9;
*04DT/~~~49~E;;;;;;;21.20.02;3;6;6;1;4854;;7;3;1;18;13;4;3;11;6;10;15;9;
a16FH#;;;;;;;21.20.06;3;6;6;1;4858;;7;3;1;18;13;4;3;11;6;10;15;9;
a09ET+~~P;;;;;;;21.20.06;3;6;6;1;4859;;7;3;1;18;13;4;3;11;6;10;15;9;
a03AT-Y8~85~H1N1;;s;;;;;21.20.08;3;6;6;1;4861;;7;3;1;18;13;4;3;11;6;10;15;9;
*15DT+~~~85~S;;;;;;;21.20.08;3;6;6;1;4861;;7;3;1;18;13;4;3;11;6;10;15;9;
*04ET+~~F;;;;;;;21.20.08;3;6;6;1;4861;;7;3;1;18;13;4;3;11;6;10;15;9;
*18AT#W4~46~H4X2;p;p;;;;;21.20.11;3;6;6;1;4864;;7;3;1;18;13;4;3;11;6;10;15;9;
a03DT=~~~46~S;p;;;;;;21.20.11;3;6;6;1;4864;;7;3;1;18;13;4;3;11;6;10;15;9;
*p24:16;;;;;;;21.20.15;3;6;6;1;4868;;7;3;1;18;13;4;3;11;6;10;15;9;
*07SQ!~~~11;;;;;;;21.20.43;3;6;6;1;4897;;7;3;1;18;13;4;3;11;6;10;15;9;
a03RQ!~~~11~~~~21;;;;;;;21.20.43;3;6;6;1;4897;;7;3;1;18;13;4;3;11;6;10;15;9;
a09ET+KBB;;;;;;;21.20.43;3;6;6;1;4897;;7;3;1;18;13;4;3;11;6;10;15;9;
a06AT+W2~21~H2C;;r;;;;;21.20.49;3;6;6;1;4902;;7;3;1;18;13;4;3;11;6;10;15;9;
*04DT/~~~21~B;;;;;;;21.20.49;3;6;6;1;4902;;7;3;1;18;13;4;3;11;6;10;15;9;
a06FH#;;;;;;;21.20.54;3;6;6;1;4906;;7;3;1;18;13;4;3;11;6;10;15;9;
a09ET+~~F;;;;;;;21.20.54;3;6;6;1;4908;;7;3;1;18;13;4;3;11;6;10;15;9;
a10AT#W4~45~H2X2;s;s;;;;;21.20.57;3;6;6;1;4909;;7;3;1;18;13;4;3;11;6;10;15;9;
*15DT=~~~45~S;s;;;;;;21.20.57;3;6;6;1;4909;;7;3;1;18;13;4;3;11;6;10;15;9;
ap24:17;;;;;;;21.21.04;3;6;6;1;4913;;7;3;1;18;13;4;3;11;6;10;15;9;
az5;;;;;;;21.21.04;3;6;5;1;4917;;7;3;1;18;13;4;11;6;10;15;9;3;
a11SM-~~~61;;;;;;;21.21.16;3;6;5;1;4930;;7;3;1;18;13;4;11;6;10;15;9;3;
*07RM#~~~61~O;;;;;;;21.21.16;3;6;5;1;4930;;7;3;1;18;13;4;11;6;10;15;9;3;
*04EQ+K1C;;;;;;;21.21.16;3;6;5;1;4930;;7;3;1;18;13;4;11;6;10;15;9;3;
*03AQ#J4~37~H1X;s;r;;;;;21.21.21;3;6;5;1;4934;;7;3;1;18;13;4;11;6;10;15;9;3;
a11DQ=~~~37~S;s;;;;;;21.21.21;3;6;5;1;4934;;7;3;1;18;13;4;11;6;10;15;9;3;
*p25:17;;;;;;;21.21.25;3;6;5;1;4938;;7;3;1;18;13;4;11;6;10;15;9;3;
**3set;;;;;;;21.21.25;4;6;5;1;4940;;;;;;;;;;;;;;
