*P09>LUp;;;;;;;;1;1;1;;;;9;2;18;22;11;16;9;13;2;5;3;4;
*z1>LUp;;;;;;;;1;1;1;;;;9;2;18;22;11;16;9;13;2;5;3;4;
aP09>LUp;;;;;;;;1;1;1;;;;9;2;18;22;11;16;9;13;2;5;3;4;
az1>LUp;;;;;;;;1;1;1;;;;9;2;18;22;11;16;9;13;2;5;3;4;
*09SM-~~~59;;;;;;;19.03.08;1;1;1;1;274;;9;2;18;22;11;16;9;13;2;5;3;4;
a13RM+~~~59;;;;;;;19.03.08;1;1;1;1;274;;9;2;18;22;11;16;9;13;2;5;3;4;
a09EQ+K1C~~~2;;;;;;;19.03.08;1;1;1;1;274;;9;2;18;22;11;16;9;13;2;5;3;4;
a02AQ#J4~39AH1;s;r;;;;;19.03.12;1;1;1;1;277;;9;2;18;22;11;16;9;13;2;5;3;4;
*09DQ=~~~39A;s;;;;;;19.03.12;1;1;1;1;277;;9;2;18;22;11;16;9;13;2;5;3;4;
ap00:01;;;;;;;19.03.19;1;1;1;1;281;;9;2;18;22;11;16;9;13;2;5;3;4;
az6;;;;;;;19.03.19;1;1;6;1;285;;9;2;18;22;11;16;13;2;5;3;4;9;
a13SQ+~~~61;;;;;;;19.03.28;1;1;6;1;294;;9;2;18;22;11;16;13;2;5;3;4;9;
*02RQ-~~~61;;;;;;;19.03.28;1;1;6;1;294;;9;2;18;22;11;16;13;2;5;3;4;9;
*20EH-~~F~~~2;;;;;;;19.03.32;1;1;6;1;294;;9;2;18;22;11;16;13;2;5;3;4;9;
*22AH-G4~42~T0;;r;;;;;19.03.33;1;1;6;1;297;;9;2;18;22;11;16;13;2;5;3;4;9;
a02DH+~~~42;;;;;;;19.03.33;1;1;6;1;297;;9;2;18;22;11;16;13;2;5;3;4;9;
a09EQ+~~C;;;;;;;19.03.41;1;1;6;1;297;;9;2;18;22;11;16;13;2;5;3;4;9;
a02AQ-J3~36~H1;;p;;;;;19.03.37;1;1;6;1;300;;9;2;18;22;11;16;13;2;5;3;4;9;
*18BQ+~~~~3~~1;;;;;;;19.03.37;1;1;6;1;300;;9;2;18;22;11;16;13;2;5;3;4;9;
*20DH+;;;;;;;19.03.39;1;1;6;1;300;;9;2;18;22;11;16;13;2;5;3;4;9;
*09EH/~~F~~~2;;;;;;;19.03.47;1;1;6;1;300;;9;2;18;22;11;16;13;2;5;3;4;9;
a02FH-;;;;;;;19.03.43;1;1;6;1;303;;9;2;18;22;11;16;13;2;5;3;4;9;
a09EH+~~F;;;;;;;19.03.43;1;1;6;1;303;;9;2;18;22;11;16;13;2;5;3;4;9;
a03AH-G4~49~P2;;p;;;;;19.03.46;1;1;6;1;307;;9;2;18;22;11;16;13;2;5;3;4;9;
*09DH+~~~49;;;;;;;19.03.46;1;1;6;1;307;;9;2;18;22;11;16;13;2;5;3;4;9;
*20EH+~~B~~~2;;;;;;;19.03.46;1;1;6;1;307;;9;2;18;22;11;16;13;2;5;3;4;9;
*02AH=G2~29BH2S;p;s;;;;;19.03.49;1;1;6;1;310;;9;2;18;22;11;16;13;2;5;3;4;9;
a$$&H#;p;;;;;;19.03.49;1;1;6;1;310;;9;2;18;22;11;16;13;2;5;3;4;9;
ap00:02;;;;;;;19.03.53;1;1;6;1;314;;9;2;18;22;11;16;13;2;5;3;4;9;
a13SQ-~~~68A;;;;;;;19.04.08;1;1;6;1;334;;9;2;18;22;11;16;13;2;5;3;4;9;
*20RQ+~~~68A~~~21;;;;;;;19.04.08;1;1;6;1;334;;9;2;18;22;11;16;13;2;5;3;4;9;
*09ET+KBB~~~2;;;;;;;19.04.08;1;1;6;1;334;;9;2;18;22;11;16;13;2;5;3;4;9;
*02AT#W2~29~H2;s;r;;;;;19.04.12;1;1;6;1;337;;9;2;18;22;11;16;13;2;5;3;4;9;
a02BT=~~~~4~~2;s;;;;;;19.04.12;1;1;6;1;337;;9;2;18;22;11;16;13;2;5;3;4;9;
*p01:02;;;;;;;19.04.14;1;1;6;1;341;;9;2;18;22;11;16;13;2;5;3;4;9;
*z6;;;;;;;19.04.14;1;6;6;1;340;;2;18;22;11;16;9;13;2;5;3;4;9;
*02SQ=~~~16D;s;;;;;;19.04.35;1;6;6;1;361;;2;18;22;11;16;9;13;2;5;3;4;9;
a$$&H#;s;;;;;;19.04.35;1;6;6;1;361;;2;18;22;11;16;9;13;2;5;3;4;9;
ap01:03;;;;;;;19.04.37;1;6;6;1;363;;2;18;22;11;16;9;13;2;5;3;4;9;
az5;;;;;;;19.04.37;1;6;5;1;363;;2;18;22;11;16;9;2;5;3;4;9;13;
a02SQ+~~~13~~~N;;;;;;;19.04.52;1;6;5;1;378;;2;18;22;11;16;9;2;5;3;4;9;13;
*09RQ-~~~13~W;;;;;;;19.04.52;1;6;5;1;378;;2;18;22;11;16;9;2;5;3;4;9;13;
*20EH+~~B~~~2;;;;;;;19.04.56;1;6;5;1;378;;2;18;22;11;16;9;2;5;3;4;9;13;
*22AH+G2~21~H2;;r;;;;;19.04.57;1;6;5;1;381;;2;18;22;11;16;9;2;5;3;4;9;13;
a04BH-~~~~4~~2;;;;;;;19.04.57;1;6;5;1;381;;2;18;22;11;16;9;2;5;3;4;9;13;
*02DH+;;;;;;;19.05.00;1;6;5;1;381;;2;18;22;11;16;9;2;5;3;4;9;13;
*09ET+~~F;;;;;;;19.05.10;1;6;5;1;381;;2;18;22;11;16;9;2;5;3;4;9;13;
*11AT-W4~45~H2;;s;;;;;19.05.01;1;6;5;1;384;;2;18;22;11;16;9;2;5;3;4;9;13;
a04BT+~~~~2~~2;;;;;;;19.05.01;1;6;5;1;384;;2;18;22;11;16;9;2;5;3;4;9;13;
a13DH-;;;;;;;19.05.05;1;6;5;1;384;;2;18;22;11;16;9;2;5;3;4;9;13;
a09EH-~~F;;;;;;;19.05.05;1;6;5;1;384;;2;18;22;11;16;9;2;5;3;4;9;13;
a03AH-G4~43~T2;;p;;;;;19.05.07;1;6;5;1;387;;2;18;22;11;16;9;2;5;3;4;9;13;
*09DH+~~~43;;;;;;;19.05.07;1;6;5;1;387;;2;18;22;11;16;9;2;5;3;4;9;13;
*18EH+~~F~~~2;;;;;;;19.05.07;1;6;5;1;387;;2;18;22;11;16;9;2;5;3;4;9;13;
*11AH#G4~47DH2;s;s;;;;;19.05.12;1;6;5;1;391;;2;18;22;11;16;9;2;5;3;4;9;13;
a13DH=~~~47D;s;;;;;;19.05.12;1;6;5;1;391;;2;18;22;11;16;9;2;5;3;4;9;13;
*p02:03;;;;;;;19.05.17;1;6;5;1;395;;2;18;22;11;16;9;2;5;3;4;9;13;
*z5;;;;;;;19.05.17;1;5;5;1;403;;18;22;11;16;9;2;2;5;3;4;9;13;
*18SM+~~~58D;;;;;;;19.05.30;1;5;5;1;416;;18;22;11;16;9;2;2;5;3;4;9;13;
a13RM-~~~58D;;;;;;;19.05.30;1;5;5;1;416;;18;22;11;16;9;2;2;5;3;4;9;13;
a09EH+KEF~~~2;;;;;;;19.05.30;1;5;5;1;416;;18;22;11;16;9;2;2;5;3;4;9;13;
a03AH-G4~46CH2;;r;;;;;19.05.34;1;5;5;1;419;;18;22;11;16;9;2;2;5;3;4;9;13;
*02DH+~~~46C;;;;;;;19.05.34;1;5;5;1;419;;18;22;11;16;9;2;2;5;3;4;9;13;
*09EH+~~F;;;;;;;19.05.34;1;5;5;1;419;;18;22;11;16;9;2;2;5;3;4;9;13;
*11AH-G4~47~H3;;p;;;;;19.05.39;1;5;5;1;422;;18;22;11;16;9;2;2;5;3;4;9;13;
a03BH+;;;;;;;19.05.39;1;5;5;1;422;;18;22;11;16;9;2;2;5;3;4;9;13;
a10DH+~~~47;;;;;;;19.05.39;1;5;5;1;422;;18;22;11;16;9;2;2;5;3;4;9;13;
a09EH+~~B;;;;;;;19.05.39;1;5;5;1;422;;18;22;11;16;9;2;2;5;3;4;9;13;
a05AH/G2~21~H2;p;s;;;;;19.05.44;1;5;5;1;425;;18;22;11;16;9;2;2;5;3;4;9;13;
*11BH#~~~~4~~2;p;;;;;;19.05.44;1;5;5;1;425;;18;22;11;16;9;2;2;5;3;4;9;13;
*p03:03;;;;;;;19.05.46;1;5;5;1;429;;18;22;11;16;9;2;2;5;3;4;9;13;
*18SM!~~~58D;;;;;;;19.06.03;1;5;5;1;449;;18;22;11;16;9;2;2;5;3;4;9;13;
a13RM!~~~58D;;;;;;;19.06.03;1;5;5;1;449;;18;22;11;16;9;2;2;5;3;4;9;13;
a09ET+KFF~~~2;;;;;;;19.06.03;1;5;5;1;449;;18;22;11;16;9;2;2;5;3;4;9;13;
a03AT/W4~45~H1;p;r;;;;;19.06.08;1;5;5;1;452;;18;22;11;16;9;2;2;5;3;4;9;13;
*22BT#~~~~2~~1;p;;;;;;19.06.08;1;5;5;1;452;;18;22;11;16;9;2;2;5;3;4;9;13;
*p04:03;;;;;;;19.06.12;1;5;5;1;456;;18;22;11;16;9;2;2;5;3;4;9;13;
*18SM-~~~58;;;;;;;19.06.26;1;5;5;1;472;;18;22;11;16;9;2;2;5;3;4;9;13;
a13RM+~~~58;;;;;;;19.06.26;1;5;5;1;472;;18;22;11;16;9;2;2;5;3;4;9;13;
a09ET+K1B~~~2;;;;;;;19.06.26;1;5;5;1;472;;18;22;11;16;9;2;2;5;3;4;9;13;
a05AT#W2~29~H2;s;r;;;;;19.06.30;1;5;5;1;475;;18;22;11;16;9;2;2;5;3;4;9;13;
*11BT=~~~~4~~2;s;;;;;;19.06.30;1;5;5;1;475;;18;22;11;16;9;2;2;5;3;4;9;13;
ap04:04;;;;;;;19.06.32;1;5;5;1;479;;18;22;11;16;9;2;2;5;3;4;9;13;
az4;;;;;;;19.06.42;1;5;4;1;488;;18;22;11;16;9;2;5;3;4;9;13;2;
a05SQ+~~~16;;;;;;;19.06.52;1;5;4;1;498;;18;22;11;16;9;2;5;3;4;9;13;2;
*02RQ-~~~16;;;;;;;19.06.52;1;5;4;1;498;;18;22;11;16;9;2;5;3;4;9;13;2;
*09ET+KEF~~~2;;;;;;;19.06.52;1;5;4;1;498;;18;22;11;16;9;2;5;3;4;9;13;2;
*11AT-W4~44~P2;;r;;;;;19.06.59;1;5;4;1;501;;18;22;11;16;9;2;5;3;4;9;13;2;
a10DT+~~~44;;;;;;;19.06.59;1;5;4;1;501;;18;22;11;16;9;2;5;3;4;9;13;2;
a09ET+~~B;;;;;;;19.06.59;1;5;4;1;501;;18;22;11;16;9;2;5;3;4;9;13;2;
a05AT=Y9~9~~P2N;s;p;;;;;19.07.01;1;5;4;1;504;;18;22;11;16;9;2;5;3;4;9;13;2;
*$$&H#;s;;;;;;19.07.01;1;5;4;1;504;;18;22;11;16;9;2;5;3;4;9;13;2;
*p05:04;;;;;;;19.07.11;1;5;4;1;508;;18;22;11;16;9;2;5;3;4;9;13;2;
*z4;;;;;;;19.07.11;1;4;4;1;517;;22;11;16;9;2;18;5;3;4;9;13;2;
*22SQ/~~~15C;;;;;;;19.07.19;1;4;4;1;525;;22;11;16;9;2;18;5;3;4;9;13;2;
a03RQ/~~~15C;;;;;;;19.07.19;1;4;4;1;525;;22;11;16;9;2;18;5;3;4;9;13;2;
*16AO#V3~3~~H1;p;p;;;;;19.07.24;1;4;4;1;527;;22;11;16;9;2;18;5;3;4;9;13;2;
a09BO=~~~~3~~1;p;;;;;;19.07.24;1;4;4;1;527;;22;11;16;9;2;18;5;3;4;9;13;2;
*p06:04;;;;;;;19.07.26;1;4;4;1;531;;22;11;16;9;2;18;5;3;4;9;13;2;
*22SQ!~~~16;;;;;;;19.07.41;1;4;4;1;547;;22;11;16;9;2;18;5;3;4;9;13;2;
a13RQ!~~~16;;;;;;;19.07.41;1;4;4;1;547;;22;11;16;9;2;18;5;3;4;9;13;2;
a09EH+K8F~~~2;;;;;;;19.07.41;1;4;4;1;547;;22;11;16;9;2;18;5;3;4;9;13;2;
a03AH#G4~45~H2;s;r;;;;;19.07.46;1;4;4;1;550;;22;11;16;9;2;18;5;3;4;9;13;2;
*16BH=~~~~2~~2;s;;;;;;19.07.46;1;4;4;1;550;;22;11;16;9;2;18;5;3;4;9;13;2;
ap06:05;;;;;;;19.07.50;1;4;4;1;554;;22;11;16;9;2;18;5;3;4;9;13;2;
az3;;;;;;;19.07.50;1;4;3;1;556;;22;11;16;9;2;18;3;4;9;13;2;5;
a03SQ=~~~1~~~~N;s;;;;;;19.08.04;1;4;3;1;570;;22;11;16;9;2;18;3;4;9;13;2;5;
*$$&H#;s;;;;;;19.08.04;1;4;3;1;570;;22;11;16;9;2;18;3;4;9;13;2;5;
*p07:05;;;;;;;19.08.07;1;4;3;1;573;;22;11;16;9;2;18;3;4;9;13;2;5;
*z3;;;;;;;19.08.07;1;3;3;1;573;;11;16;9;2;18;22;3;4;9;13;2;5;
*11SQ-~~~11C;;;;;;;19.08.23;1;3;3;1;589;;11;16;9;2;18;22;3;4;9;13;2;5;
a03RQ#~~~11C;;;;;;;19.08.23;1;3;3;1;589;;11;16;9;2;18;22;3;4;9;13;2;5;
a09EQ+K2C;;;;;;;19.08.23;1;3;3;1;589;;11;16;9;2;18;22;3;4;9;13;2;5;
a04AQ-J2~35~H1;;r;;;;;19.08.27;1;3;3;1;592;;11;16;9;2;18;22;3;4;9;13;2;5;
*16BQ+~~~~3~~1;;;;;;;19.08.27;1;3;3;1;592;;11;16;9;2;18;22;3;4;9;13;2;5;
*11DH+;;;;;;;19.08.28;1;3;3;1;592;;11;16;9;2;18;22;3;4;9;13;2;5;
*20EH+~~B;;;;;;;19.08.29;1;3;3;1;592;;11;16;9;2;18;22;3;4;9;13;2;5;
*22AH-G9~96~H2;;p;;;;;19.08.30;1;3;3;1;595;;11;16;9;2;18;22;3;4;9;13;2;5;
a13BH+~~~~4~~2;;;;;;;19.08.30;1;3;3;1;595;;11;16;9;2;18;22;3;4;9;13;2;5;
a10DH+;;;;;;;19.08.33;1;3;3;1;595;;11;16;9;2;18;22;3;4;9;13;2;5;
a09EH+~~F;;;;;;;19.08.33;1;3;3;1;595;;11;16;9;2;18;22;3;4;9;13;2;5;
a13AH#G4~47BH2;s;s;;;;;19.08.35;1;3;3;1;598;;11;16;9;2;18;22;3;4;9;13;2;5;
*20DH=~~~47B;s;;;;;;19.08.35;1;3;3;1;598;;11;16;9;2;18;22;3;4;9;13;2;5;
ap07:06;;;;;;;19.08.41;1;3;3;1;602;;11;16;9;2;18;22;3;4;9;13;2;5;
az2;;;;;;;19.08.41;1;3;2;1;607;;11;16;9;2;18;22;4;9;13;2;5;3;
a04SM!~~~59;;;;;;;19.08.54;1;3;2;1;620;;11;16;9;2;18;22;4;9;13;2;5;3;
*11RM!~~~59~~~~32;;;;;;;19.08.54;1;3;2;1;620;;11;16;9;2;18;22;4;9;13;2;5;3;
*09ET+K8B~~~2;;;;;;;19.08.54;1;3;2;1;620;;11;16;9;2;18;22;4;9;13;2;5;3;
*22AT#Y9~96AH2;s;r;;;;;19.08.58;1;3;2;1;623;;11;16;9;2;18;22;4;9;13;2;5;3;
a$$&H=;s;;;;;;19.08.58;1;3;2;1;623;;11;16;9;2;18;22;4;9;13;2;5;3;
*p08:06;;;;;;;19.09.00;1;3;2;1;627;;11;16;9;2;18;22;4;9;13;2;5;3;
*z2;;;;;;;19.09.00;1;2;2;1;626;;16;9;2;18;22;11;4;9;13;2;5;3;
*16SQ!~~~16A;;;;;;;19.09.20;1;2;2;1;646;;16;9;2;18;22;11;4;9;13;2;5;3;
a10RQ!~~~16A;;;;;;;19.09.20;1;2;2;1;646;;16;9;2;18;22;11;4;9;13;2;5;3;
a09ET+K8F~~~2;;;;;;;19.09.20;1;2;2;1;646;;16;9;2;18;22;11;4;9;13;2;5;3;
a13AT#W4~45~H2;s;r;;;;;19.09.24;1;2;2;1;649;;16;9;2;18;22;11;4;9;13;2;5;3;
*18BT=~~~~2~~2;s;;;;;;19.09.24;1;2;2;1;649;;16;9;2;18;22;11;4;9;13;2;5;3;
ap08:07;;;;;;;19.09.31;1;2;2;1;653;;16;9;2;18;22;11;4;9;13;2;5;3;
az1;;;;;;;19.09.31;1;2;1;1;657;;16;9;2;18;22;11;9;13;2;5;3;4;
a09SM-~~~17A;;;;;;;19.09.43;1;2;1;1;669;;16;9;2;18;22;11;9;13;2;5;3;4;
*02RM+~~~17A~~~41;;;;;;;19.09.43;1;2;1;1;669;;16;9;2;18;22;11;9;13;2;5;3;4;
*09EQ+KFC~~~2;;;;;;;19.09.43;1;2;1;1;669;;16;9;2;18;22;11;9;13;2;5;3;4;
*18AQ#J2~31~H1;s;r;;;;;19.09.47;1;2;1;1;672;;16;9;2;18;22;11;9;13;2;5;3;4;
a09DQ=~~~31;s;;;;;;19.09.47;1;2;1;1;672;;16;9;2;18;22;11;9;13;2;5;3;4;
*p09:07;;;;;;;19.09.51;1;2;1;1;676;;16;9;2;18;22;11;9;13;2;5;3;4;
*z1;;;;;;;19.09.51;1;1;1;1;677;;9;2;18;22;11;16;9;13;2;5;3;4;
*09SM-~~~59;;;;;;;19.10.03;1;1;1;1;689;;9;2;18;22;11;16;9;13;2;5;3;4;
a13RM+~~~59;;;;;;;19.10.03;1;1;1;1;689;;9;2;18;22;11;16;9;13;2;5;3;4;
a09ET+K1B;;;;;;;19.10.03;1;1;1;1;689;;9;2;18;22;11;16;9;13;2;5;3;4;
a13AT+W2~29~H1;;r;;;;;19.10.08;1;1;1;1;692;;9;2;18;22;11;16;9;13;2;5;3;4;
*02BT-~~~~4~~1;;;;;;;19.10.08;1;1;1;1;692;;9;2;18;22;11;16;9;13;2;5;3;4;
a10DH/;;;;;;;19.10.10;1;1;1;1;692;;9;2;18;22;11;16;9;13;2;5;3;4;
*18AO#V3~3~~T0;p;p;;;;;19.10.11;1;1;1;1;694;;9;2;18;22;11;16;9;13;2;5;3;4;
a$$&H=;p;;;;;;19.10.11;1;1;1;1;694;;9;2;18;22;11;16;9;13;2;5;3;4;
*p10:07;;;;;;;19.10.13;1;1;1;1;698;;9;2;18;22;11;16;9;13;2;5;3;4;
*09SM-~~~59;;;;;;;19.10.26;1;1;1;1;712;;9;2;18;22;11;16;9;13;2;5;3;4;
a13RM+~~~59;;;;;;;19.10.26;1;1;1;1;712;;9;2;18;22;11;16;9;13;2;5;3;4;
a09ET+K1P~~~2;;;;;;;19.10.26;1;1;1;1;712;;9;2;18;22;11;16;9;13;2;5;3;4;
a03AT+Y8~85AH1;;r;;;;;19.10.30;1;1;1;1;715;;9;2;18;22;11;16;9;13;2;5;3;4;
*20DT/~~~85A;;;;;;;19.10.30;1;1;1;1;715;;9;2;18;22;11;16;9;13;2;5;3;4;
a10FH#;;;;;;;19.10.37;1;1;1;1;716;;9;2;18;22;11;16;9;13;2;5;3;4;
a09ET+~~B;;;;;;;19.10.37;1;1;1;1;716;;9;2;18;22;11;16;9;13;2;5;3;4;
a13AT+W2~24~T1;;s;;;;;19.10.39;1;1;1;1;719;;9;2;18;22;11;16;9;13;2;5;3;4;
*02BT-~~~~4~~1;;;;;;;19.10.39;1;1;1;1;719;;9;2;18;22;11;16;9;13;2;5;3;4;
*18DH+;;;;;;;19.10.41;1;1;1;1;719;;9;2;18;22;11;16;9;13;2;5;3;4;
a10FH#;;;;;;;19.10.43;1;1;1;1;723;;9;2;18;22;11;16;9;13;2;5;3;4;
a09ET#~~P;;;;;;;19.10.43;1;1;1;1;723;;9;2;18;22;11;16;9;13;2;5;3;4;
a03AT#Y8~85~H0;s;s;;;;;19.10.46;1;1;1;1;726;;9;2;18;22;11;16;9;13;2;5;3;4;
*20DT=~~~85;s;;;;;;19.10.46;1;1;1;1;726;;9;2;18;22;11;16;9;13;2;5;3;4;
ap10:08;;;;;;;19.10.48;1;1;1;1;730;;9;2;18;22;11;16;9;13;2;5;3;4;
az6;;;;;;;19.10.48;1;1;6;1;734;;9;2;18;22;11;16;13;2;5;3;4;9;
a13SQ-~~~61;;;;;;;19.11.05;1;1;6;1;751;;9;2;18;22;11;16;13;2;5;3;4;9;
*02RQ+~~~61~~~~21;;;;;;;19.11.05;1;1;6;1;751;;9;2;18;22;11;16;13;2;5;3;4;9;
*09ET+K1P~~~2;;;;;;;19.11.05;1;1;6;1;751;;9;2;18;22;11;16;13;2;5;3;4;9;
*11AT#Y8~85~H2;s;r;;;;;19.11.09;1;1;6;1;754;;9;2;18;22;11;16;13;2;5;3;4;9;
a02BT=~~~~3~~2;s;;;;;;19.11.09;1;1;6;1;754;;9;2;18;22;11;16;13;2;5;3;4;9;
*p11:08;;;;;;;19.11.12;1;1;6;1;758;;9;2;18;22;11;16;13;2;5;3;4;9;
*z6;;;;;;;19.11.12;1;6;6;1;758;;2;18;22;11;16;9;13;2;5;3;4;9;
*02SQ-~~~11;;;;;;;19.11.26;1;6;6;1;772;;2;18;22;11;16;9;13;2;5;3;4;9;
a13RQ+~~~11;;;;;;;19.11.26;1;6;6;1;772;;2;18;22;11;16;9;13;2;5;3;4;9;
a09ET+K2B~~~2;;;;;;;19.11.26;1;6;6;1;772;;2;18;22;11;16;9;13;2;5;3;4;9;
a05AT#W2~25~H2;s;r;;;;;19.11.31;1;6;6;1;775;;2;18;22;11;16;9;13;2;5;3;4;9;
*20DT=~~~25;s;;;;;;19.11.31;1;6;6;1;775;;2;18;22;11;16;9;13;2;5;3;4;9;
ap11:09;;;;;;;19.11.35;1;6;6;1;779;;2;18;22;11;16;9;13;2;5;3;4;9;
az5;;;;;;;19.11.35;1;6;5;1;781;;2;18;22;11;16;9;2;5;3;4;9;13;
a02SQ-~~~16A;;;;;;;19.11.50;1;6;5;1;796;;2;18;22;11;16;9;2;5;3;4;9;13;
*20RQ+~~~16A~~~32;;;;;;;19.11.50;1;6;5;1;796;;2;18;22;11;16;9;2;5;3;4;9;13;
*09EQ+K1C~~~2;;;;;;;19.11.50;1;6;5;1;796;;2;18;22;11;16;9;2;5;3;4;9;13;
*18AQ#J4~36CH2;s;r;;;;;19.11.56;1;6;5;1;799;;2;18;22;11;16;9;2;5;3;4;9;13;
a13DQ=~~~36C;s;;;;;;19.11.56;1;6;5;1;799;;2;18;22;11;16;9;2;5;3;4;9;13;
*p12:09;;;;;;;19.11.59;1;6;5;1;803;;2;18;22;11;16;9;2;5;3;4;9;13;
*z5;;;;;;;19.11.59;1;5;5;1;805;;18;22;11;16;9;2;2;5;3;4;9;13;
*18SM-~~~57;;;;;;;19.12.11;1;5;5;1;817;;18;22;11;16;9;2;2;5;3;4;9;13;
a03RM+~~~57;;;;;;;19.12.11;1;5;5;1;817;;18;22;11;16;9;2;2;5;3;4;9;13;
a09ET+K2B~~~2;;;;;;;19.12.11;1;5;5;1;817;;18;22;11;16;9;2;2;5;3;4;9;13;
a05AT#W2~29DH2;s;r;;;;;19.12.16;1;5;5;1;820;;18;22;11;16;9;2;2;5;3;4;9;13;
*09DT=~~~29D;s;;;;;;19.12.16;1;5;5;1;820;;18;22;11;16;9;2;2;5;3;4;9;13;
ap12:10;;;;;;;19.12.21;1;5;5;1;824;;18;22;11;16;9;2;2;5;3;4;9;13;
az4;;;;;;;19.12.21;1;5;4;1;827;;18;22;11;16;9;2;5;3;4;9;13;2;
a05SQ=~~~15D;s;;;;;;19.12.38;1;5;4;1;844;;18;22;11;16;9;2;5;3;4;9;13;2;
*$$&H#;s;;;;;;19.12.38;1;5;4;1;844;;18;22;11;16;9;2;5;3;4;9;13;2;
*p13:10;;;;;;;19.12.42;1;5;4;1;848;;18;22;11;16;9;2;5;3;4;9;13;2;
*z4;;;;;;;19.12.42;1;4;4;1;848;;22;11;16;9;2;18;5;3;4;9;13;2;
*22SQ+~~~16;;;;;;;19.12.53;1;4;4;1;859;;22;11;16;9;2;18;5;3;4;9;13;2;
a13RQ-~~~16;;;;;;;19.12.53;1;4;4;1;859;;22;11;16;9;2;18;5;3;4;9;13;2;
a09EH+KEF~~~2;;;;;;;19.12.53;1;4;4;1;859;;22;11;16;9;2;18;5;3;4;9;13;2;
a03AH=G4~45CH2S;p;r;;;;;19.13.00;1;4;4;1;862;;22;11;16;9;2;18;5;3;4;9;13;2;
*$$&H#;p;;;;;;19.13.00;1;4;4;1;862;;22;11;16;9;2;18;5;3;4;9;13;2;
*p14:10;;;;;;;19.13.02;1;4;4;1;866;;22;11;16;9;2;18;5;3;4;9;13;2;
aT;;;;;;;19.13.02;1;4;4;1;868;;22;11;16;9;2;18;5;3;4;9;13;2;
*22SQ-~~~16;;;;;;;19.14.22;1;4;4;1;948;;22;11;16;9;2;18;5;3;4;9;13;2;
a13RQ#~~~16;;;;;;;19.14.22;1;4;4;1;948;;22;11;16;9;2;18;5;3;4;9;13;2;
a09ET+K1P~~~2;;;;;;;19.14.22;1;4;4;1;948;;22;11;16;9;2;18;5;3;4;9;13;2;
a13AT#Y8~87AH1;s;r;;;;;19.14.27;1;4;4;1;951;;22;11;16;9;2;18;5;3;4;9;13;2;
*20DT=~~~87A;s;;;;;;19.14.27;1;4;4;1;951;;22;11;16;9;2;18;5;3;4;9;13;2;
ap14:11;;;;;;;19.14.32;1;4;4;1;955;;22;11;16;9;2;18;5;3;4;9;13;2;
az3;;;;;;;19.14.32;1;4;3;1;958;;22;11;16;9;2;18;3;4;9;13;2;5;
a03SQ=~~~1~~~~N;s;;;;;;19.14.43;1;4;3;1;969;;22;11;16;9;2;18;3;4;9;13;2;5;
*$$&H#;s;;;;;;19.14.43;1;4;3;1;969;;22;11;16;9;2;18;3;4;9;13;2;5;
*p15:11;;;;;;;19.14.46;1;4;3;1;972;;22;11;16;9;2;18;3;4;9;13;2;5;
*z3;;;;;;;19.14.46;1;3;3;1;972;;11;16;9;2;18;22;3;4;9;13;2;5;
*11SQ=~~~11D;s;;;;;;19.15.05;1;3;3;1;991;;11;16;9;2;18;22;3;4;9;13;2;5;
a$$&H#;s;;;;;;19.15.05;1;3;3;1;991;;11;16;9;2;18;22;3;4;9;13;2;5;
ap15:12;;;;;;;19.15.10;1;3;3;1;996;;11;16;9;2;18;22;3;4;9;13;2;5;
az2;;;;;;;19.15.10;1;3;2;1;996;;11;16;9;2;18;22;4;9;13;2;5;3;
a04SM-~~~58;;;;;;;19.15.23;1;3;2;1;1009;;11;16;9;2;18;22;4;9;13;2;5;3;
*11RM+~~~58~~~~32;;;;;;;19.15.23;1;3;2;1;1009;;11;16;9;2;18;22;4;9;13;2;5;3;
*09ET+K8B;;;;;;;19.15.23;1;3;2;1;1009;;11;16;9;2;18;22;4;9;13;2;5;3;
*22AT#Y9~91BH2;s;r;;;;;19.15.28;1;3;2;1;1012;;11;16;9;2;18;22;4;9;13;2;5;3;
a05DT=~~~91B;s;;;;;;19.15.28;1;3;2;1;1012;;11;16;9;2;18;22;4;9;13;2;5;3;
*p16:12;;;;;;;19.15.32;1;3;2;1;1016;;11;16;9;2;18;22;4;9;13;2;5;3;
*z2;;;;;;;19.15.32;1;2;2;1;1018;;16;9;2;18;22;11;4;9;13;2;5;3;
*16SQ!~~~15;;;;;;;19.15.48;1;2;2;1;1034;;16;9;2;18;22;11;4;9;13;2;5;3;
a13RQ!~~~15;;;;;;;19.15.48;1;2;2;1;1034;;16;9;2;18;22;11;4;9;13;2;5;3;
a09ET+K9F~~~2;;;;;;;19.15.48;1;2;2;1;1034;;16;9;2;18;22;11;4;9;13;2;5;3;
a13AT+W4~41~H2;;r;;;;;19.15.52;1;2;2;1;1037;;16;9;2;18;22;11;4;9;13;2;5;3;
*09BT-~~~~2~~2;;;;;;;19.15.52;1;2;2;1;1037;;16;9;2;18;22;11;4;9;13;2;5;3;
a03DH+;;;;;;;19.15.54;1;2;2;1;1037;;16;9;2;18;22;11;4;9;13;2;5;3;
a09EH+~~F;;;;;;;19.15.54;1;2;2;1;1037;;16;9;2;18;22;11;4;9;13;2;5;3;
a13AH-G4~49AP2;;s;;;;;19.15.56;1;2;2;1;1040;;16;9;2;18;22;11;4;9;13;2;5;3;
*22DH+~~~49A;;;;;;;19.15.56;1;2;2;1;1040;;16;9;2;18;22;11;4;9;13;2;5;3;
*02AO/PR~3~~T1;s;p;;;;;19.16.00;1;2;2;1;1043;;16;9;2;18;22;11;4;9;13;2;5;3;
a09BO#~~~~3~P1;s;;;;;;19.16.00;1;2;2;1;1043;;16;9;2;18;22;11;4;9;13;2;5;3;
ap16:13;;;;;;;19.16.02;1;2;2;1;1047;;16;9;2;18;22;11;4;9;13;2;5;3;
az1;;;;;;;19.16.02;1;2;1;1;1048;;16;9;2;18;22;11;9;13;2;5;3;4;
a09SM-~~~58;;;;;;;19.16.22;1;2;1;1;1068;;16;9;2;18;22;11;9;13;2;5;3;4;
*11RM+~~~58~~~~41;;;;;;;19.16.22;1;2;1;1;1068;;16;9;2;18;22;11;9;13;2;5;3;4;
*09ET+K2F;;;;;;;19.16.22;1;2;1;1;1068;;16;9;2;18;22;11;9;13;2;5;3;4;
*02AT=W4~4~~H1A;p;r;;;;;19.16.27;1;2;1;1;1071;;16;9;2;18;22;11;9;13;2;5;3;4;
a$$&H#;p;;;;;;19.16.27;1;2;1;1;1071;;16;9;2;18;22;11;9;13;2;5;3;4;
ap16:14;;;;;;;19.16.29;1;2;1;1;1075;;16;9;2;18;22;11;9;13;2;5;3;4;
a09SM-~~~56;;;;;;;19.16.47;1;2;1;1;1093;;16;9;2;18;22;11;9;13;2;5;3;4;
*11RM+~~~56~O~~41;;;;;;;19.16.47;1;2;1;1;1093;;16;9;2;18;22;11;9;13;2;5;3;4;
*09ET+KFF;;;;;;;19.16.47;1;2;1;1;1093;;16;9;2;18;22;11;9;13;2;5;3;4;
*02AT-W4~47BH2;;r;;;;;19.16.51;1;2;1;1;1096;;16;9;2;18;22;11;9;13;2;5;3;4;
a13DT+~~~47B;;;;;;;19.16.51;1;2;1;1;1096;;16;9;2;18;22;11;9;13;2;5;3;4;
a09EH+~~B;;;;;;;19.16.51;1;2;1;1;1096;;16;9;2;18;22;11;9;13;2;5;3;4;
a05AH#G2~26~H2;p;p;;;;;19.16.55;1;2;1;1;1099;;16;9;2;18;22;11;9;13;2;5;3;4;
*18BH=~~~~4~~2;p;;;;;;19.16.55;1;2;1;1;1099;;16;9;2;18;22;11;9;13;2;5;3;4;
ap16:15;;;;;;;19.17.00;1;2;1;1;1103;;16;9;2;18;22;11;9;13;2;5;3;4;
a09SM-~~~57;;;;;;;19.17.18;1;2;1;1;1124;;16;9;2;18;22;11;9;13;2;5;3;4;
*02RM#~~~57;;;;;;;19.17.18;1;2;1;1;1124;;16;9;2;18;22;11;9;13;2;5;3;4;
*09ET+K2F;;;;;;;19.17.18;1;2;1;1;1124;;16;9;2;18;22;11;9;13;2;5;3;4;
*02AT#W4~47BH1;s;r;;;;;19.17.24;1;2;1;1;1127;;16;9;2;18;22;11;9;13;2;5;3;4;
a13DT=~~~47B;s;;;;;;19.17.24;1;2;1;1;1127;;16;9;2;18;22;11;9;13;2;5;3;4;
*p17:15;;;;;;;19.17.28;1;2;1;1;1131;;16;9;2;18;22;11;9;13;2;5;3;4;
*z1;;;;;;;19.17.28;1;1;1;1;1134;;9;2;18;22;11;16;9;13;2;5;3;4;
*09SM+~~~56;;;;;;;19.17.41;1;1;1;1;1147;;9;2;18;22;11;16;9;13;2;5;3;4;
a03RM-~~~56;;;;;;;19.17.41;1;1;1;1;1147;;9;2;18;22;11;16;9;13;2;5;3;4;
a09ET+KEB~~~2;;;;;;;19.17.49;1;1;1;1;1147;;9;2;18;22;11;16;9;13;2;5;3;4;
a13AT+W2~25~H2;;r;;;;;19.17.46;1;1;1;1;1150;;9;2;18;22;11;16;9;13;2;5;3;4;
*02BT-~~~~4~~2;;;;;;;19.17.46;1;1;1;1;1150;;9;2;18;22;11;16;9;13;2;5;3;4;
a09DH+;;;;;;;19.17.48;1;1;1;1;1150;;9;2;18;22;11;16;9;13;2;5;3;4;
a13EH+~~F~~~2;;;;;;;19.17.48;1;1;1;1;1150;;9;2;18;22;11;16;9;13;2;5;3;4;
a05AH-G4~41~H1;;s;;;;;19.17.51;1;1;1;1;1153;;9;2;18;22;11;16;9;13;2;5;3;4;
*22BH+~~~~2~~1;;;;;;;19.17.51;1;1;1;1;1153;;9;2;18;22;11;16;9;13;2;5;3;4;
a03DH/;;;;;;;19.17.51;1;1;1;1;1153;;9;2;18;22;11;16;9;13;2;5;3;4;
*20FH#;;;;;;;19.17.57;1;1;1;1;1154;;9;2;18;22;11;16;9;13;2;5;3;4;
*09ET+~~B;;;;;;;19.17.57;1;1;1;1;1154;;9;2;18;22;11;16;9;13;2;5;3;4;
*22AT+W2~29CH1;;p;;;;;19.17.58;1;1;1;1;1158;;9;2;18;22;11;16;9;13;2;5;3;4;
a13DT/~~~29C;;;;;;;19.17.58;1;1;1;1;1158;;9;2;18;22;11;16;9;13;2;5;3;4;
*11FH#;;;;;;;19.18.05;1;1;1;1;1159;;9;2;18;22;11;16;9;13;2;5;3;4;
*09ET+~~B;;;;;;;19.18.05;1;1;1;1;1159;;9;2;18;22;11;16;9;13;2;5;3;4;
*22AT#W2~24~P1S;p;p;;;;;19.18.06;1;1;1;1;1162;;9;2;18;22;11;16;9;13;2;5;3;4;
a05BT=~~~~4~~1;p;;;;;;19.18.06;1;1;1;1;1162;;9;2;18;22;11;16;9;13;2;5;3;4;
*p18:15;;;;;;;19.18.10;1;1;1;1;1166;;9;2;18;22;11;16;9;13;2;5;3;4;
*09SM#~~~55B;p;;;;;;19.18.32;1;1;1;1;1198;;9;2;18;22;11;16;9;13;2;5;3;4;
a03RM=~~~55B;p;;;;;;19.18.32;1;1;1;1;1198;;9;2;18;22;11;16;9;13;2;5;3;4;
*p19:15;;;;;;;19.18.38;1;1;1;1;1202;;9;2;18;22;11;16;9;13;2;5;3;4;
*09SM+~~~57;;;;;;;19.18.51;1;1;1;1;1217;;9;2;18;22;11;16;9;13;2;5;3;4;
a03RM-~~~57;;;;;;;19.18.51;1;1;1;1;1217;;9;2;18;22;11;16;9;13;2;5;3;4;
a09EH+KEB~~~2;;;;;;;19.18.51;1;1;1;1;1217;;9;2;18;22;11;16;9;13;2;5;3;4;
a13AH#G2~26AH2;s;r;;;;;19.18.57;1;1;1;1;1220;;9;2;18;22;11;16;9;13;2;5;3;4;
*11DH=~~~26A;s;;;;;;19.18.57;1;1;1;1;1220;;9;2;18;22;11;16;9;13;2;5;3;4;
ap19:16;;;;;;;19.19.01;1;1;1;1;1224;;9;2;18;22;11;16;9;13;2;5;3;4;
az6;;;;;;;19.19.01;1;1;6;1;1227;;9;2;18;22;11;16;13;2;5;3;4;9;
a13SQ=~~~6~~~~N;s;;;;;;19.19.18;1;1;6;1;1244;;9;2;18;22;11;16;13;2;5;3;4;9;
*$$&H#;s;;;;;;19.19.18;1;1;6;1;1244;;9;2;18;22;11;16;13;2;5;3;4;9;
*p20:16;;;;;;;19.19.23;1;1;6;1;1249;;9;2;18;22;11;16;13;2;5;3;4;9;
*z6;;;;;;;19.19.23;1;6;6;1;1249;;2;18;22;11;16;9;13;2;5;3;4;9;
*02SQ-~~~19;;;;;;;19.19.34;1;6;6;1;1260;;2;18;22;11;16;9;13;2;5;3;4;9;
a13RQ#~~~19;;;;;;;19.19.34;1;6;6;1;1260;;2;18;22;11;16;9;13;2;5;3;4;9;
a09EQ+K1C~~~2;;;;;;;19.19.34;1;6;6;1;1260;;2;18;22;11;16;9;13;2;5;3;4;9;
a02AQ=J1~39AH1S;p;r;;;;;19.19.40;1;6;6;1;1263;;2;18;22;11;16;9;13;2;5;3;4;9;
*$$&H#;p;;;;;;19.19.40;1;6;6;1;1263;;2;18;22;11;16;9;13;2;5;3;4;9;
*p21:16;;;;;;;19.19.44;1;6;6;1;1267;;2;18;22;11;16;9;13;2;5;3;4;9;
aT;;;;;;;19.19.44;1;6;6;1;1270;;2;18;22;11;16;9;13;2;5;3;4;9;
*02SQ=~~~16A;s;;;;;;19.21.03;1;6;6;1;1349;;2;18;22;11;16;9;13;2;5;3;4;9;
a$$&H#;s;;;;;;19.21.03;1;6;6;1;1349;;2;18;22;11;16;9;13;2;5;3;4;9;
ap21:17;;;;;;;19.21.08;1;6;6;1;1354;;2;18;22;11;16;9;13;2;5;3;4;9;
az5;;;;;;;19.21.08;1;6;5;1;1354;;2;18;22;11;16;9;2;5;3;4;9;13;
a02SM+~~~57A;;;;;;;19.21.23;1;6;5;1;1369;;2;18;22;11;16;9;2;5;3;4;9;13;
*20RM-~~~57A;;;;;;;19.21.23;1;6;5;1;1369;;2;18;22;11;16;9;2;5;3;4;9;13;
*11EH+~~B~~~2;;;;;;;19.21.27;1;6;5;1;1369;;2;18;22;11;16;9;2;5;3;4;9;13;
*22AH!G2~28~P2;;r;;;;;19.21.29;1;6;5;1;1372;;2;18;22;11;16;9;2;5;3;4;9;13;
a04BH/~~~~4~~2;s;;;;;;19.21.29;1;6;5;1;1372;;2;18;22;11;16;9;2;5;3;4;9;13;
*$$&H#;s;;;;;;19.21.29;1;6;5;1;1372;;2;18;22;11;16;9;2;5;3;4;9;13;
*p22:17;;;;;;;19.21.34;1;6;5;1;1376;;2;18;22;11;16;9;2;5;3;4;9;13;
*z5;;;;;;;19.21.34;1;5;5;1;1380;;18;22;11;16;9;2;2;5;3;4;9;13;
*18SM-~~~57A;;;;;;;19.21.49;1;5;5;1;1395;;18;22;11;16;9;2;2;5;3;4;9;13;
a03RM#~~~57A;;;;;;;19.21.49;1;5;5;1;1395;;18;22;11;16;9;2;2;5;3;4;9;13;
a09ET+K1P~~~2;;;;;;;19.21.49;1;5;5;1;1395;;18;22;11;16;9;2;2;5;3;4;9;13;
a13AT#Y8~85BH0;s;r;;;;;19.21.54;1;5;5;1;1398;;18;22;11;16;9;2;2;5;3;4;9;13;
*18DT=~~~85B;s;;;;;;19.21.54;1;5;5;1;1398;;18;22;11;16;9;2;2;5;3;4;9;13;
ap22:18;;;;;;;19.21.59;1;5;5;1;1402;;18;22;11;16;9;2;2;5;3;4;9;13;
az4;;;;;;;19.21.59;1;5;4;1;1405;;18;22;11;16;9;2;5;3;4;9;13;2;
ac09:08;;;;;;;19.21.59;1;5;4;1;1405;;18;22;11;16;9;2;5;3;4;8;13;2;
aP5;;;;;;;19.21.59;1;5;4;1;1405;;18;22;11;16;9;2;5;3;4;8;13;2;
az1;;;;;;;19.21.59;1;5;1;1;1405;;18;22;11;16;9;2;5;3;4;8;13;2;
a05SQ!~~~63~~~N;;;;;;;19.22.21;1;5;1;1;1427;;18;22;11;16;9;2;5;3;4;8;13;2;
*16RQ!~~~63~W~~22;;;;;;;19.22.21;1;5;1;1;1427;;18;22;11;16;9;2;5;3;4;8;13;2;
*09ET+KBF;;;;;;;19.22.21;1;5;1;1;1427;;18;22;11;16;9;2;5;3;4;8;13;2;
*11AT#W4~47CH2;s;r;;;;;19.22.27;1;5;1;1;1430;;18;22;11;16;9;2;5;3;4;8;13;2;
a03DT=~~~47C;s;;;;;;19.22.27;1;5;1;1;1430;;18;22;11;16;9;2;5;3;4;8;13;2;
*p23:18;;;;;;;19.22.36;1;5;1;1;1434;;18;22;11;16;9;2;5;3;4;8;13;2;
*z4;;;;;;;19.22.36;1;4;1;1;1442;;22;11;16;9;2;18;5;3;4;8;13;2;
ac05:01;;;;;;;19.22.36;1;4;1;1;1442;;22;11;16;9;2;18;1;3;4;8;13;2;
aP1;;;;;;;19.22.36;1;4;1;1;1442;;22;11;16;9;2;18;1;3;4;8;13;2;
az1;;;;;;;19.22.36;1;4;1;1;1442;;22;11;16;9;2;18;1;3;4;8;13;2;
*22SQ=~~~1~~~~N;s;;;;;;19.22.46;1;4;1;1;1452;;22;11;16;9;2;18;1;3;4;8;13;2;
a$$&H#;s;;;;;;19.22.46;1;4;1;1;1452;;22;11;16;9;2;18;1;3;4;8;13;2;
ap23:19;;;;;;;19.22.50;1;4;1;1;1456;;22;11;16;9;2;18;1;3;4;8;13;2;
az6;;;;;;;19.22.50;1;4;6;1;1456;;22;11;16;9;2;18;3;4;8;13;2;1;
a03SQ+~~~16C;;;;;;;19.23.01;1;4;6;1;1467;;22;11;16;9;2;18;3;4;8;13;2;1;
*02RQ-~~~16C;;;;;;;19.23.01;1;4;6;1;1467;;22;11;16;9;2;18;3;4;8;13;2;1;
*20EH+~~F~~~2;;;;;;;19.23.06;1;4;6;1;1467;;22;11;16;9;2;18;3;4;8;13;2;1;
*11AH#G4~47CH3;s;r;;;;;19.23.07;1;4;6;1;1470;;22;11;16;9;2;18;3;4;8;13;2;1;
a$$&H=;s;;;;;;19.23.07;1;4;6;1;1470;;22;11;16;9;2;18;3;4;8;13;2;1;
*p24:19;;;;;;;19.23.10;1;4;6;1;1474;;22;11;16;9;2;18;3;4;8;13;2;1;
*z3;;;;;;;19.23.10;1;3;6;1;1476;;11;16;9;2;18;22;3;4;8;13;2;1;
*11SQ-~~~16B;;;;;;;19.23.57;1;3;6;1;1523;;11;16;9;2;18;22;3;4;8;13;2;1;
a03RQ#~~~16B;;;;;;;19.23.57;1;3;6;1;1523;;11;16;9;2;18;22;3;4;8;13;2;1;
a01ET+K1F~~~2;;;;;;;19.24.06;1;3;6;1;1523;;11;16;9;2;18;22;3;4;8;13;2;1;
a13AT+W4~47AH1;;r;;;;;19.24.03;1;3;6;1;1526;;11;16;9;2;18;22;3;4;8;13;2;1;
*20DT-~~~47A;;;;;;;19.24.03;1;3;6;1;1526;;11;16;9;2;18;22;3;4;8;13;2;1;
*22EH/~~~~~~2;;;;;;;19.24.03;1;3;6;1;1526;;11;16;9;2;18;22;3;4;8;13;2;1;
a10FH#;;;;;;;19.24.08;1;3;6;1;1529;;11;16;9;2;18;22;3;4;8;13;2;1;
a01EQ+~~C;;;;;;;19.24.08;1;3;6;1;1529;;11;16;9;2;18;22;3;4;8;13;2;1;
a04AQ+J1~37AH1;;s;;;;;19.24.10;1;3;6;1;1532;;11;16;9;2;18;22;3;4;8;13;2;1;
*20DQ/~~~37A;;;;;;;19.24.10;1;3;6;1;1532;;11;16;9;2;18;22;3;4;8;13;2;1;
a04FH#;;;;;;;19.24.13;1;3;6;1;1534;;11;16;9;2;18;22;3;4;8;13;2;1;
a01ET+~~F;;;;;;;19.24.13;1;3;6;1;1534;;11;16;9;2;18;22;3;4;8;13;2;1;
a13AT#W4~45BH2;s;s;;;;;19.24.15;1;3;6;1;1537;;11;16;9;2;18;22;3;4;8;13;2;1;
*20DT=~~~45B;s;;;;;;19.24.15;1;3;6;1;1537;;11;16;9;2;18;22;3;4;8;13;2;1;
ap24:20;;;;;;;19.24.22;1;3;6;1;1541;;11;16;9;2;18;22;3;4;8;13;2;1;
az5;;;;;;;19.24.22;1;3;5;1;1548;;11;16;9;2;18;22;4;8;13;2;1;3;
ac04:07;;;;;;;19.24.22;1;3;5;1;1548;;11;16;9;2;18;22;7;8;13;2;1;3;
a07SQ-~~~16;;;;;;;19.24.46;1;3;5;1;1572;;11;16;9;2;18;22;7;8;13;2;1;3;
*20RQ#~~~16;;;;;;;19.24.46;1;3;5;1;1572;;11;16;9;2;18;22;7;8;13;2;1;3;
*09ET+K2B;;;;;;;19.24.46;1;3;5;1;1572;;11;16;9;2;18;22;7;8;13;2;1;3;
*22AT#Y9~96DH2;s;r;;;;;19.24.52;1;3;5;1;1575;;11;16;9;2;18;22;7;8;13;2;1;3;
a08BT=~~~~4~~2;s;;;;;;19.24.52;1;3;5;1;1575;;11;16;9;2;18;22;7;8;13;2;1;3;
*p25:20;;;;;;;19.24.56;1;3;5;1;1579;;11;16;9;2;18;22;7;8;13;2;1;3;
**1set;;;;;;;19.24.56;2;3;5;1;1582;;;;;;;;;;;;;;
*P09>LUp;;;;;;;19.24.56;2;3;5;1;1582;;2;18;22;11;16;9;3;4;9;13;11;5;
*z6>LUp;;;;;;;19.24.56;2;6;5;1;1582;;2;18;22;11;16;9;3;4;9;13;11;5;
aP09>LUp;;;;;;;19.24.56;2;6;5;1;1582;;2;18;22;11;16;9;3;4;9;13;11;5;
az3>LUp;;;;;;;19.24.56;2;6;3;1;1582;;2;18;22;11;16;9;3;4;9;13;11;5;
a03SQ+~~~11;;;;;;;19.28.23;2;6;3;1;1789;;2;18;22;11;16;9;3;4;9;13;11;5;
*02RQ-~~~11;;;;;;;19.28.23;2;6;3;1;1789;;2;18;22;11;16;9;3;4;9;13;11;5;
*11EH+~~B~~~2;;;;;;;19.28.29;2;6;3;1;1789;;2;18;22;11;16;9;3;4;9;13;11;5;
*22AH#G2~21~H3;s;r;;;;;19.28.30;2;6;3;1;1792;;2;18;22;11;16;9;3;4;9;13;11;5;
a04BH=~~~~4~~3;s;;;;;;19.28.30;2;6;3;1;1792;;2;18;22;11;16;9;3;4;9;13;11;5;
*p01:00;;;;;;;19.28.33;2;6;3;1;1796;;2;18;22;11;16;9;3;4;9;13;11;5;
*z5;;;;;;;19.28.33;2;5;3;1;1799;;18;22;11;16;9;2;3;4;9;13;11;5;
*18SM!~~~59;;;;;;;19.28.47;2;5;3;1;1813;;18;22;11;16;9;2;3;4;9;13;11;5;
a03RM!~~~59;;;;;;;19.28.47;2;5;3;1;1813;;18;22;11;16;9;2;3;4;9;13;11;5;
a09ET+K8F~~~2;;;;;;;19.28.47;2;5;3;1;1813;;18;22;11;16;9;2;3;4;9;13;11;5;
a13AT=W4~4~~H2I;p;r;;;;;19.28.52;2;5;3;1;1816;;18;22;11;16;9;2;3;4;9;13;11;5;
*$$&H#;p;;;;;;19.28.52;2;5;3;1;1816;;18;22;11;16;9;2;3;4;9;13;11;5;
*p02:00;;;;;;;19.30.11;2;5;3;1;1820;;18;22;11;16;9;2;3;4;9;13;11;5;
*18SM-~~~59;;;;;;;19.30.58;2;5;3;1;1944;;18;22;11;16;9;2;3;4;9;13;11;5;
a03RM#~~~59;;;;;;;19.30.58;2;5;3;1;1944;;18;22;11;16;9;2;3;4;9;13;11;5;
a09ET+K2B~~~2;;;;;;;19.30.58;2;5;3;1;1944;;18;22;11;16;9;2;3;4;9;13;11;5;
a05AT+Y9~91~H2;;r;;;;;19.31.03;2;5;3;1;1947;;18;22;11;16;9;2;3;4;9;13;11;5;
*09DT/~~~91;;;;;;;19.31.03;2;5;3;1;1947;;18;22;11;16;9;2;3;4;9;13;11;5;
a04AO=V3~3~~H0O;p;s;;;;;19.31.07;2;5;3;1;1949;;18;22;11;16;9;2;3;4;9;13;11;5;
*$$&H#;p;;;;;;19.31.07;2;5;3;1;1949;;18;22;11;16;9;2;3;4;9;13;11;5;
*p03:00;;;;;;;19.31.09;2;5;3;1;1953;;18;22;11;16;9;2;3;4;9;13;11;5;
*18SM!~~~69A;;;;;;;19.31.21;2;5;3;1;1967;;18;22;11;16;9;2;3;4;9;13;11;5;
a03RM!~~~69A;;;;;;;19.31.21;2;5;3;1;1967;;18;22;11;16;9;2;3;4;9;13;11;5;
a09EH+KBB~~~2;;;;;;;19.31.21;2;5;3;1;1967;;18;22;11;16;9;2;3;4;9;13;11;5;
a05AH#G9~91~H2;s;r;;;;;19.31.26;2;5;3;1;1970;;18;22;11;16;9;2;3;4;9;13;11;5;
*09DH=~~~91;s;;;;;;19.31.26;2;5;3;1;1970;;18;22;11;16;9;2;3;4;9;13;11;5;
ap03:01;;;;;;;19.31.31;2;5;3;1;1974;;18;22;11;16;9;2;3;4;9;13;11;5;
az2;;;;;;;19.31.31;2;5;2;1;1977;;18;22;11;16;9;2;4;9;13;11;5;3;
a04SM-~~~67;;;;;;;19.31.45;2;5;2;1;1991;;18;22;11;16;9;2;4;9;13;11;5;3;
*11RM+~~~67~O~~32;;;;;;;19.31.45;2;5;2;1;1991;;18;22;11;16;9;2;4;9;13;11;5;3;
*09ET+K8F;;;;;;;19.31.45;2;5;2;1;1991;;18;22;11;16;9;2;4;9;13;11;5;3;
*11AT#W4~41~H2;s;r;;;;;19.31.50;2;5;2;1;1994;;18;22;11;16;9;2;4;9;13;11;5;3;
a09BT=~~~~2~~2;s;;;;;;19.31.50;2;5;2;1;1994;;18;22;11;16;9;2;4;9;13;11;5;3;
*p04:01;;;;;;;19.31.52;2;5;2;1;1998;;18;22;11;16;9;2;4;9;13;11;5;3;
*z4;;;;;;;19.31.52;2;4;2;1;1998;;22;11;16;9;2;18;4;9;13;11;5;3;
*22SQ=~~~1~~~~N;s;;;;;;19.32.06;2;4;2;1;2012;;22;11;16;9;2;18;4;9;13;11;5;3;
a$$&H#;s;;;;;;19.32.06;2;4;2;1;2012;;22;11;16;9;2;18;4;9;13;11;5;3;
ap04:02;;;;;;;19.32.10;2;4;2;1;2016;;22;11;16;9;2;18;4;9;13;11;5;3;
az1;;;;;;;19.32.10;2;4;1;1;2016;;22;11;16;9;2;18;9;13;11;5;3;4;
a09SM+~~~57;;;;;;;19.32.27;2;4;1;1;2033;;22;11;16;9;2;18;9;13;11;5;3;4;
*11RM-~~~57;;;;;;;19.32.27;2;4;1;1;2033;;22;11;16;9;2;18;9;13;11;5;3;4;
*22EH+~~F~~~2;;;;;;;19.32.30;2;4;1;1;2033;;22;11;16;9;2;18;9;13;11;5;3;4;
*11AH/G4~41~H2;p;r;;;;;19.32.31;2;4;1;1;2036;;22;11;16;9;2;18;9;13;11;5;3;4;
a05BH#~~~~2~~2;p;;;;;;19.32.31;2;4;1;1;2036;;22;11;16;9;2;18;9;13;11;5;3;4;
ap04:03;;;;;;;19.32.35;2;4;1;1;2040;;22;11;16;9;2;18;9;13;11;5;3;4;
a09SM!~~~57;;;;;;;19.32.50;2;4;1;1;2056;;22;11;16;9;2;18;9;13;11;5;3;4;
*11RM!~~~57~O~~42;;;;;;;19.32.50;2;4;1;1;2056;;22;11;16;9;2;18;9;13;11;5;3;4;
*09ET+KFF;;;;;;;19.32.50;2;4;1;1;2056;;22;11;16;9;2;18;9;13;11;5;3;4;
*11AT#W4~47BH2;s;r;;;;;19.32.56;2;4;1;1;2059;;22;11;16;9;2;18;9;13;11;5;3;4;
a13DT=~~~47B;s;;;;;;19.32.56;2;4;1;1;2059;;22;11;16;9;2;18;9;13;11;5;3;4;
*p05:03;;;;;;;19.33.00;2;4;1;1;2063;;22;11;16;9;2;18;9;13;11;5;3;4;
*z3;;;;;;;19.33.00;2;3;1;1;2066;;11;16;9;2;18;22;9;13;11;5;3;4;
*11SQ/~~~17;;;;;;;19.33.16;2;3;1;1;2082;;11;16;9;2;18;22;9;13;11;5;3;4;
a03RQ/~~~17;;;;;;;19.33.16;2;3;1;1;2082;;11;16;9;2;18;22;9;13;11;5;3;4;
*02AO#V3~3~~T1;p;p;;;;;19.33.21;2;3;1;1;2084;;11;16;9;2;18;22;9;13;11;5;3;4;
a$$&H=;p;;;;;;19.33.21;2;3;1;1;2084;;11;16;9;2;18;22;9;13;11;5;3;4;
*p06:03;;;;;;;19.33.23;2;3;1;1;2088;;11;16;9;2;18;22;9;13;11;5;3;4;
*11SQ+~~~15C~~N;;;;;;;19.33.38;2;3;1;1;2104;;11;16;9;2;18;22;9;13;11;5;3;4;
a03RQ-~~~15C;;;;;;;19.33.38;2;3;1;1;2104;;11;16;9;2;18;22;9;13;11;5;3;4;
a09EH+KEF~~~2;;;;;;;19.33.38;2;3;1;1;2104;;11;16;9;2;18;22;9;13;11;5;3;4;
a05AH#G4~45~H2;s;r;;;;;19.33.44;2;3;1;1;2107;;11;16;9;2;18;22;9;13;11;5;3;4;
*09BH=~~~~2~~2;s;;;;;;19.33.44;2;3;1;1;2107;;11;16;9;2;18;22;9;13;11;5;3;4;
ap06:04;;;;;;;19.33.47;2;3;1;1;2111;;11;16;9;2;18;22;9;13;11;5;3;4;
az6;;;;;;;19.33.47;2;3;6;1;2113;;11;16;9;2;18;22;13;11;5;3;4;9;
a13SQ-~~~51;;;;;;;19.34.01;2;3;6;1;2127;;11;16;9;2;18;22;13;11;5;3;4;9;
*11RQ+~~~51~~~~32;;;;;;;19.34.01;2;3;6;1;2127;;11;16;9;2;18;22;13;11;5;3;4;9;
*09ET+K8B~~~2;;;;;;;19.34.01;2;3;6;1;2127;;11;16;9;2;18;22;13;11;5;3;4;9;
*22AT#Y9~95~H2;s;r;;;;;19.34.06;2;3;6;1;2130;;11;16;9;2;18;22;13;11;5;3;4;9;
a10DT=~~~95;s;;;;;;19.34.06;2;3;6;1;2130;;11;16;9;2;18;22;13;11;5;3;4;9;
*p07:04;;;;;;;19.34.09;2;3;6;1;2134;;11;16;9;2;18;22;13;11;5;3;4;9;
*z2;;;;;;;19.34.09;2;2;6;1;2135;;16;9;2;18;22;11;13;11;5;3;4;9;
*16SQ-~~~16C;;;;;;;19.34.09;2;2;6;1;2152;;16;9;2;18;22;11;13;11;5;3;4;9;
a10RQ+~~~16C;;;;;;;19.34.09;2;2;6;1;2152;;16;9;2;18;22;11;13;11;5;3;4;9;
a09EQ+K1C;;;;;;;19.34.09;2;2;6;1;2152;;16;9;2;18;22;11;13;11;5;3;4;9;
a11AQ+J4~36~H1;;r;;;;;19.34.09;2;2;6;1;2155;;16;9;2;18;22;11;13;11;5;3;4;9;
*18BQ-~~~~3~~1;;;;;;;19.34.09;2;2;6;1;2155;;16;9;2;18;22;11;13;11;5;3;4;9;
a11DH/;;;;;;;19.34.09;2;2;6;1;2155;;16;9;2;18;22;11;13;11;5;3;4;9;
*11FH#;;;;;;;19.34.09;2;2;6;1;2156;;16;9;2;18;22;11;13;11;5;3;4;9;
*09EQ+~~C;;;;;;;19.34.09;2;2;6;1;2156;;16;9;2;18;22;11;13;11;5;3;4;9;
*18AQ#J1~35DH2;p;p;;;;;19.34.09;2;2;6;1;2159;;16;9;2;18;22;11;13;11;5;3;4;9;
a10DQ=~~~35D;p;;;;;;19.34.09;2;2;6;1;2159;;16;9;2;18;22;11;13;11;5;3;4;9;
*p08:04;;;;;;;19.34.51;2;2;6;1;2163;;16;9;2;18;22;11;13;11;5;3;4;9;
*16SQ-~~~16C;;;;;;;19.34.58;2;2;6;1;2184;;16;9;2;18;22;11;13;11;5;3;4;9;
a10RQ#~~~16C;;;;;;;19.34.58;2;2;6;1;2184;;16;9;2;18;22;11;13;11;5;3;4;9;
a09ET+K3F~~~2;;;;;;;19.34.58;2;2;6;1;2184;;16;9;2;18;22;11;13;11;5;3;4;9;
a03AT/W4~45~H1;p;r;;;;;19.35.02;2;2;6;1;2187;;16;9;2;18;22;11;13;11;5;3;4;9;
*09BT#~~~~2~~1;p;;;;;;19.35.02;2;2;6;1;2187;;16;9;2;18;22;11;13;11;5;3;4;9;
*p09:04;;;;;;;19.35.05;2;2;6;1;2191;;16;9;2;18;22;11;13;11;5;3;4;9;
aT;;;;;;;19.35.05;2;2;6;1;2191;;16;9;2;18;22;11;13;11;5;3;4;9;
*16SM-~~~16B;;;;;;;19.36.11;2;2;6;1;2257;;16;9;2;18;22;11;13;11;5;3;4;9;
a10RM+~~~16B;;;;;;;19.36.11;2;2;6;1;2257;;16;9;2;18;22;11;13;11;5;3;4;9;
a09EQ+K1C~~~2;;;;;;;19.36.22;2;2;6;1;2257;;16;9;2;18;22;11;13;11;5;3;4;9;
a11AQ+J4~36AH2;;r;;;;;19.36.15;2;2;6;1;2260;;16;9;2;18;22;11;13;11;5;3;4;9;
*11DQ/~~~36A;;;;;;;19.36.15;2;2;6;1;2260;;16;9;2;18;22;11;13;11;5;3;4;9;
a11FH-;;;;;;;19.36.18;2;2;6;1;2261;;16;9;2;18;22;11;13;11;5;3;4;9;
a13EH/~~~~~~2;;;;;;;19.36.18;2;2;6;1;2261;;16;9;2;18;22;11;13;11;5;3;4;9;
*11FH#;;;;;;;19.36.24;2;2;6;1;2264;;16;9;2;18;22;11;13;11;5;3;4;9;
*09ET+~~B;;;;;;;19.36.24;2;2;6;1;2264;;16;9;2;18;22;11;13;11;5;3;4;9;
*22AT#Y9~95CH2;p;p;;;;;19.36.25;2;2;6;1;2268;;16;9;2;18;22;11;13;11;5;3;4;9;
a$$&H=;p;;;;;;19.36.25;2;2;6;1;2268;;16;9;2;18;22;11;13;11;5;3;4;9;
*p10:04;;;;;;;19.36.30;2;2;6;1;2272;;16;9;2;18;22;11;13;11;5;3;4;9;
*16SM-~~~15B;;;;;;;19.36.45;2;2;6;1;2291;;16;9;2;18;22;11;13;11;5;3;4;9;
a03RM+~~~15B;;;;;;;19.36.45;2;2;6;1;2291;;16;9;2;18;22;11;13;11;5;3;4;9;
a09EQ+K1C~~~2;;;;;;;19.36.45;2;2;6;1;2291;;16;9;2;18;22;11;13;11;5;3;4;9;
a11AQ-J4~33~T1;;r;;;;;19.36.50;2;2;6;1;2294;;16;9;2;18;22;11;13;11;5;3;4;9;
*09DQ+~~~33;;;;;;;19.36.50;2;2;6;1;2294;;16;9;2;18;22;11;13;11;5;3;4;9;
*09EH+~~P;;;;;;;19.36.50;2;2;6;1;2294;;16;9;2;18;22;11;13;11;5;3;4;9;
*11AH=G8~85CH2S;s;p;;;;;19.36.53;2;2;6;1;2297;;16;9;2;18;22;11;13;11;5;3;4;9;
a$$&H#;s;;;;;;19.36.53;2;2;6;1;2297;;16;9;2;18;22;11;13;11;5;3;4;9;
ap10:05;;;;;;;19.36.55;2;2;6;1;2301;;16;9;2;18;22;11;13;11;5;3;4;9;
az5;;;;;;;19.36.55;2;2;5;1;2301;;16;9;2;18;22;11;11;5;3;4;9;13;
ac04:02;;;;;;;19.36.55;2;2;5;1;2301;;16;9;2;18;22;11;11;5;3;2;9;13;
a11SM-~~~57;;;;;;;19.37.15;2;2;5;1;2321;;16;9;2;18;22;11;11;5;3;2;9;13;
*02RM+~~~57~~~~32;;;;;;;19.37.15;2;2;5;1;2321;;16;9;2;18;22;11;11;5;3;2;9;13;
*09ET+K1P~~~2;;;;;;;19.37.15;2;2;5;1;2321;;16;9;2;18;22;11;11;5;3;2;9;13;
*11AT-Y8~81~H2;;r;;;;;19.37.20;2;2;5;1;2324;;16;9;2;18;22;11;11;5;3;2;9;13;
a02BT+~~~~3~~2;;;;;;;19.37.20;2;2;5;1;2324;;16;9;2;18;22;11;11;5;3;2;9;13;
*18DH/;;;;;;;19.37.22;2;2;5;1;2324;;16;9;2;18;22;11;11;5;3;2;9;13;
a02FH#;;;;;;;19.37.26;2;2;5;1;2325;;16;9;2;18;22;11;11;5;3;2;9;13;
a09ET+~~F;;;;;;;19.37.26;2;2;5;1;2325;;16;9;2;18;22;11;11;5;3;2;9;13;
a03AT+W4~46~H1;;p;;;;;19.37.28;2;2;5;1;2328;;16;9;2;18;22;11;11;5;3;2;9;13;
*09BT-~~~~2~~1;;;;;;;19.37.28;2;2;5;1;2328;;16;9;2;18;22;11;11;5;3;2;9;13;
a11DH+;;;;;;;19.37.30;2;2;5;1;2328;;16;9;2;18;22;11;11;5;3;2;9;13;
a09ET+~~F;;;;;;;19.37.30;2;2;5;1;2328;;16;9;2;18;22;11;11;5;3;2;9;13;
a03AT#W4~46~H2;p;p;;;;;19.37.32;2;2;5;1;2332;;16;9;2;18;22;11;11;5;3;2;9;13;
*09BT=~~~~2~~2;p;;;;;;19.37.32;2;2;5;1;2332;;16;9;2;18;22;11;11;5;3;2;9;13;
ap10:06;;;;;;;19.37.34;2;2;5;1;2336;;16;9;2;18;22;11;11;5;3;2;9;13;
a11SM!~~~57;;;;;;;19.37.51;2;2;5;1;2357;;16;9;2;18;22;11;11;5;3;2;9;13;
*02RM!~~~57~~~~32;;;;;;;19.37.51;2;2;5;1;2357;;16;9;2;18;22;11;11;5;3;2;9;13;
*09ET+K8B~~~2;;;;;;;19.37.51;2;2;5;1;2357;;16;9;2;18;22;11;11;5;3;2;9;13;
*22AT#Y9~91BH2;s;r;;;;;19.37.55;2;2;5;1;2360;;16;9;2;18;22;11;11;5;3;2;9;13;
a02BT=~~~~4~~2;s;;;;;;19.37.55;2;2;5;1;2360;;16;9;2;18;22;11;11;5;3;2;9;13;
*p11:06;;;;;;;19.37.57;2;2;5;1;2364;;16;9;2;18;22;11;11;5;3;2;9;13;
*z1;;;;;;;19.38.07;2;1;5;1;2373;;9;2;18;22;11;16;11;5;3;2;9;13;
*09SM-~~~67;;;;;;;19.38.16;2;1;5;1;2382;;9;2;18;22;11;16;11;5;3;2;9;13;
a03RM+~~~67;;;;;;;19.38.16;2;1;5;1;2382;;9;2;18;22;11;16;11;5;3;2;9;13;
a09EQ+K2C~~~2;;;;;;;19.38.16;2;1;5;1;2382;;9;2;18;22;11;16;11;5;3;2;9;13;
a02AQ/J2~31~H1;p;r;;;;;19.38.20;2;1;5;1;2385;;9;2;18;22;11;16;11;5;3;2;9;13;
*18BQ#~~~~3~~1;p;;;;;;19.38.20;2;1;5;1;2385;;9;2;18;22;11;16;11;5;3;2;9;13;
*p12:06;;;;;;;19.38.23;2;1;5;1;2389;;9;2;18;22;11;16;11;5;3;2;9;13;
*09SM-~~~17;;;;;;;19.38.40;2;1;5;1;2406;;9;2;18;22;11;16;11;5;3;2;9;13;
a03RM#~~~17;;;;;;;19.38.40;2;1;5;1;2406;;9;2;18;22;11;16;11;5;3;2;9;13;
a09EQ+K2C~~~2;;;;;;;19.38.40;2;1;5;1;2406;;9;2;18;22;11;16;11;5;3;2;9;13;
a02AQ=J2~39AH1S;p;r;;;;;19.38.43;2;1;5;1;2409;;9;2;18;22;11;16;11;5;3;2;9;13;
*$$&H#;p;;;;;;19.38.43;2;1;5;1;2409;;9;2;18;22;11;16;11;5;3;2;9;13;
*p13:06;;;;;;;19.38.46;2;1;5;1;2413;;9;2;18;22;11;16;11;5;3;2;9;13;
ac09:01;;;;;;;19.38.46;2;1;5;1;2412;;9;2;18;22;11;16;11;5;3;2;1;13;
aP1;;;;;;;19.38.46;2;1;5;1;2412;;9;2;18;22;11;16;11;5;3;2;1;13;
az5;;;;;;;19.38.46;2;1;5;1;2412;;9;2;18;22;11;16;11;5;3;2;1;13;
*09SM-~~~17;;;;;;;19.39.03;2;1;5;1;2429;;9;2;18;22;11;16;11;5;3;2;1;13;
a03RM#~~~17;;;;;;;19.39.03;2;1;5;1;2429;;9;2;18;22;11;16;11;5;3;2;1;13;
a01ET#K1P~~~2;;;;;;;19.39.03;2;1;5;1;2429;;9;2;18;22;11;16;11;5;3;2;1;13;
a13AT+Y8~88~T0;;r;;;;;19.39.08;2;1;5;1;2432;;9;2;18;22;11;16;11;5;3;2;1;13;
*20DT/~~~88;;;;;;;19.39.08;2;1;5;1;2432;;9;2;18;22;11;16;11;5;3;2;1;13;
a10FH#;;;;;;;19.39.11;2;1;5;1;2433;;9;2;18;22;11;16;11;5;3;2;1;13;
a01ET+~~B;;;;;;;19.39.11;2;1;5;1;2433;;9;2;18;22;11;16;11;5;3;2;1;13;
a05AT=W2~2~~H1I;p;s;;;;;19.39.13;2;1;5;1;2436;;9;2;18;22;11;16;11;5;3;2;1;13;
*$$&H#;p;;;;;;19.39.13;2;1;5;1;2436;;9;2;18;22;11;16;11;5;3;2;1;13;
*p14:06;;;;;;;19.39.17;2;1;5;1;2440;;9;2;18;22;11;16;11;5;3;2;1;13;
aT;;;;;;;19.39.17;2;1;5;1;2443;;9;2;18;22;11;16;11;5;3;2;1;13;
*09SM-~~~17;;;;;;;19.40.24;2;1;5;1;2510;;9;2;18;22;11;16;11;5;3;2;1;13;
a03RM+~~~17;;;;;;;19.40.24;2;1;5;1;2510;;9;2;18;22;11;16;11;5;3;2;1;13;
a01ET+K1B~~~2;;;;;;;19.40.24;2;1;5;1;2510;;9;2;18;22;11;16;11;5;3;2;1;13;
a05AT=W2~21~H2S;p;r;;;;;19.40.29;2;1;5;1;2513;;9;2;18;22;11;16;11;5;3;2;1;13;
*$$&H#;p;;;;;;19.40.29;2;1;5;1;2513;;9;2;18;22;11;16;11;5;3;2;1;13;
*p15:06;;;;;;;19.40.32;2;1;5;1;2517;;9;2;18;22;11;16;11;5;3;2;1;13;
*09SM-~~~17;;;;;;;19.40.46;2;1;5;1;2532;;9;2;18;22;11;16;11;5;3;2;1;13;
a03RM#~~~17;;;;;;;19.40.46;2;1;5;1;2532;;9;2;18;22;11;16;11;5;3;2;1;13;
a01EQ+K1C~~~2;;;;;;;19.40.46;2;1;5;1;2532;;9;2;18;22;11;16;11;5;3;2;1;13;
a02AQ/J4~31~H1;p;r;;;;;19.40.49;2;1;5;1;2535;;9;2;18;22;11;16;11;5;3;2;1;13;
*18BQ#~~~~3~~1;p;;;;;;19.40.49;2;1;5;1;2535;;9;2;18;22;11;16;11;5;3;2;1;13;
*p16:06;;;;;;;19.40.55;2;1;5;1;2539;;9;2;18;22;11;16;11;5;3;2;1;13;
*09SM-~~~15B;;;;;;;19.41.06;2;1;5;1;2552;;9;2;18;22;11;16;11;5;3;2;1;13;
a10RM#~~~15B;;;;;;;19.41.06;2;1;5;1;2552;;9;2;18;22;11;16;11;5;3;2;1;13;
a01EQ+K1C~~~2;;;;;;;19.41.06;2;1;5;1;2552;;9;2;18;22;11;16;11;5;3;2;1;13;
a02AQ#J4~37CH1;s;r;;;;;19.41.11;2;1;5;1;2555;;9;2;18;22;11;16;11;5;3;2;1;13;
*$$&H=;s;;;;;;19.41.11;2;1;5;1;2555;;9;2;18;22;11;16;11;5;3;2;1;13;
ap16:07;;;;;;;19.41.15;2;1;5;1;2559;;9;2;18;22;11;16;11;5;3;2;1;13;
az4;;;;;;;19.41.15;2;1;4;1;2561;;9;2;18;22;11;16;5;3;2;1;13;11;
a05SQ!~~~16C;;;;;;;19.41.33;2;1;4;1;2579;;9;2;18;22;11;16;5;3;2;1;13;11;
*20RQ!~~~16C~~~32;;;;;;;19.41.33;2;1;4;1;2579;;9;2;18;22;11;16;5;3;2;1;13;11;
*09ET+K8B~~~2;;;;;;;19.41.33;2;1;4;1;2579;;9;2;18;22;11;16;5;3;2;1;13;11;
*02AT#W2~29AH2;s;r;;;;;19.41.39;2;1;4;1;2582;;9;2;18;22;11;16;5;3;2;1;13;11;
a05DT=~~~29A;s;;;;;;19.41.39;2;1;4;1;2582;;9;2;18;22;11;16;5;3;2;1;13;11;
*p17:07;;;;;;;19.41.44;2;1;4;1;2586;;9;2;18;22;11;16;5;3;2;1;13;11;
*z6;;;;;;;19.41.44;2;6;4;1;2590;;2;18;22;11;16;9;5;3;2;1;13;11;
*02SM-~~~17;;;;;;;19.41.57;2;6;4;1;2603;;2;18;22;11;16;9;5;3;2;1;13;11;
a03RM+~~~17;;;;;;;19.41.57;2;6;4;1;2603;;2;18;22;11;16;9;5;3;2;1;13;11;
a01ET+K1F~~~2;;;;;;;19.41.57;2;6;4;1;2603;;2;18;22;11;16;9;5;3;2;1;13;11;
a03AT#W4~45~H2;s;r;;;;;19.42.01;2;6;4;1;2606;;2;18;22;11;16;9;5;3;2;1;13;11;
*18BT=~~~~2~~2;s;;;;;;19.42.01;2;6;4;1;2606;;2;18;22;11;16;9;5;3;2;1;13;11;
ap17:08;;;;;;;19.42.03;2;6;4;1;2610;;2;18;22;11;16;9;5;3;2;1;13;11;
az3;;;;;;;19.42.03;2;6;3;1;2609;;2;18;22;11;16;9;3;2;1;13;11;5;
a03SQ#~~~15D;p;;;;;;19.42.18;2;6;3;1;2624;;2;18;22;11;16;9;3;2;1;13;11;5;
*11RQ=~~~15DL;p;;;;;;19.42.18;2;6;3;1;2624;;2;18;22;11;16;9;3;2;1;13;11;5;
ap17:09;;;;;;;19.42.23;2;6;3;1;2628;;2;18;22;11;16;9;3;2;1;13;11;5;
a03SQ=~~~16;s;;;;;;19.42.36;2;6;3;1;2642;;2;18;22;11;16;9;3;2;1;13;11;5;
*$$&H#;s;;;;;;19.42.36;2;6;3;1;2642;;2;18;22;11;16;9;3;2;1;13;11;5;
*p18:09;;;;;;;19.42.41;2;6;3;1;2647;;2;18;22;11;16;9;3;2;1;13;11;5;
*z5;;;;;;;19.42.41;2;5;3;1;2647;;18;22;11;16;9;2;3;2;1;13;11;5;
*18SM/~~~58D;;;;;;;19.43.29;2;5;3;1;2695;;18;22;11;16;9;2;3;2;1;13;11;5;
a13RM/~~~58D;;;;;;;19.43.29;2;5;3;1;2695;;18;22;11;16;9;2;3;2;1;13;11;5;
*11AO#V3~3~~H0;p;p;;;;;19.43.33;2;5;3;1;2697;;18;22;11;16;9;2;3;2;1;13;11;5;
a$$&H=;p;;;;;;19.43.33;2;5;3;1;2697;;18;22;11;16;9;2;3;2;1;13;11;5;
*p19:09;;;;;;;19.43.36;2;5;3;1;2701;;18;22;11;16;9;2;3;2;1;13;11;5;
*18SM+~~~57;;;;;;;19.43.48;2;5;3;1;2714;;18;22;11;16;9;2;3;2;1;13;11;5;
a13RM-~~~57;;;;;;;19.43.48;2;5;3;1;2714;;18;22;11;16;9;2;3;2;1;13;11;5;
a01ET+KEB~~~2;;;;;;;19.43.48;2;5;3;1;2714;;18;22;11;16;9;2;3;2;1;13;11;5;
a05AT+Y9~91~H2;;r;;;;;19.43.54;2;5;3;1;2717;;18;22;11;16;9;2;3;2;1;13;11;5;
*16BT-~~~~4~~2;;;;;;;19.43.54;2;5;3;1;2717;;18;22;11;16;9;2;3;2;1;13;11;5;
a13DH+;;;;;;;19.43.56;2;5;3;1;2717;;18;22;11;16;9;2;3;2;1;13;11;5;
a01AO=JJ~3~~H1S;p;s;;;;;19.43.57;2;5;3;1;2719;;18;22;11;16;9;2;3;2;1;13;11;5;
*$$&H#;p;;;;;;19.43.57;2;5;3;1;2719;;18;22;11;16;9;2;3;2;1;13;11;5;
*p20:09;;;;;;;19.43.59;2;5;3;1;2723;;18;22;11;16;9;2;3;2;1;13;11;5;
*18SM!~~~57;;;;;;;19.44.11;2;5;3;1;2737;;18;22;11;16;9;2;3;2;1;13;11;5;
a13RM!~~~57;;;;;;;19.44.11;2;5;3;1;2737;;18;22;11;16;9;2;3;2;1;13;11;5;
a01ET+KFF~~~2;;;;;;;19.44.11;2;5;3;1;2737;;18;22;11;16;9;2;3;2;1;13;11;5;
a13AT-W4~43~P2;;r;;;;;19.44.16;2;5;3;1;2740;;18;22;11;16;9;2;3;2;1;13;11;5;
*11DT+~~~43;;;;;;;19.44.16;2;5;3;1;2740;;18;22;11;16;9;2;3;2;1;13;11;5;
*22EH+~~F;;;;;;;19.44.16;2;5;3;1;2740;;18;22;11;16;9;2;3;2;1;13;11;5;
*11AH+G4~49CP2;;p;;;;;19.44.19;2;5;3;1;2743;;18;22;11;16;9;2;3;2;1;13;11;5;
a05DH-~~~49C;;;;;;;19.44.19;2;5;3;1;2743;;18;22;11;16;9;2;3;2;1;13;11;5;
a02AO#PR~3~~T1;s;s;;;;;19.44.25;2;5;3;1;2746;;18;22;11;16;9;2;3;2;1;13;11;5;
*18DO=~~~3;s;;;;;;19.44.25;2;5;3;1;2746;;18;22;11;16;9;2;3;2;1;13;11;5;
ap20:10;;;;;;;19.44.28;2;5;3;1;2750;;18;22;11;16;9;2;3;2;1;13;11;5;
az2;;;;;;;19.44.28;2;5;2;1;2754;;18;22;11;16;9;2;2;1;13;11;5;3;
a02SM+~~~57;;;;;;;19.44.43;2;5;2;1;2769;;18;22;11;16;9;2;2;1;13;11;5;3;
*02RM-~~~57;;;;;;;19.44.43;2;5;2;1;2769;;18;22;11;16;9;2;2;1;13;11;5;3;
*09EH+KEF~~~2;;;;;;;19.44.43;2;5;2;1;2769;;18;22;11;16;9;2;2;1;13;11;5;3;
*11AH-G4~42~P3;;r;;;;;19.44.47;2;5;2;1;2772;;18;22;11;16;9;2;2;1;13;11;5;3;
a11BH+~~~~2~~3;;;;;;;19.44.47;2;5;2;1;2772;;18;22;11;16;9;2;2;1;13;11;5;3;
a02DH+;;;;;;;19.44.50;2;5;2;1;2772;;18;22;11;16;9;2;2;1;13;11;5;3;
a01ET+~~P;;;;;;;19.44.50;2;5;2;1;2772;;18;22;11;16;9;2;2;1;13;11;5;3;
a03AT/Y8~85~H1;s;p;;;;;19.44.52;2;5;2;1;2775;;18;22;11;16;9;2;2;1;13;11;5;3;
*16BT#~~~~3~~1;s;;;;;;19.44.52;2;5;2;1;2775;;18;22;11;16;9;2;2;1;13;11;5;3;
*p21:10;;;;;;;19.44.54;2;5;2;1;2779;;18;22;11;16;9;2;2;1;13;11;5;3;
*z4;;;;;;;19.44.54;2;4;2;1;2780;;22;11;16;9;2;18;2;1;13;11;5;3;
*c22:06;;;;;;;19.44.54;2;4;2;1;2780;;6;11;16;9;2;18;2;1;13;11;5;3;
*c09:07;;;;;;;19.44.54;2;4;2;1;2780;;6;11;16;7;2;18;2;1;13;11;5;3;
*P6;;;;;;;19.44.54;2;4;2;1;2780;;6;11;16;7;2;18;2;1;13;11;5;3;
*z1;;;;;;;19.44.54;2;1;2;1;2780;;6;11;16;7;2;18;2;1;13;11;5;3;
*06SM!~~~17;;;;;;;19.45.32;2;1;2;1;2818;;6;11;16;7;2;18;2;1;13;11;5;3;
a13RM!~~~17;;;;;;;19.45.32;2;1;2;1;2818;;6;11;16;7;2;18;2;1;13;11;5;3;
a01EO+K2S~~~2;;;;;;;19.45.32;2;1;2;1;2818;;6;11;16;7;2;18;2;1;13;11;5;3;
a01AO-JJ~3~~T1;;r;;;;;19.45.44;2;1;2;1;2820;;6;11;16;7;2;18;2;1;13;11;5;3;
*07DO+~~~2;;;;;;;19.45.44;2;1;2;1;2820;;6;11;16;7;2;18;2;1;13;11;5;3;
*16AO=PR~3~~H1O;s;p;;;;;19.45.58;2;1;2;1;2823;;6;11;16;7;2;18;2;1;13;11;5;3;
a$$&H#;s;;;;;;19.45.58;2;1;2;1;2823;;6;11;16;7;2;18;2;1;13;11;5;3;
ap21:11;;;;;;;19.47.25;2;1;2;1;2827;;6;11;16;7;2;18;2;1;13;11;5;3;
az1;;;;;;;19.47.25;2;1;1;1;2931;;6;11;16;7;2;18;1;13;11;5;3;2;
a01SQ-~~~56C~~N;;;;;;;19.47.35;2;1;1;1;2941;;6;11;16;7;2;18;1;13;11;5;3;2;
*20RQ#~~~56C;;;;;;;19.47.35;2;1;1;1;2941;;6;11;16;7;2;18;1;13;11;5;3;2;
*06ET+K1F~~~2;;;;;;;19.47.35;2;1;1;1;2941;;6;11;16;7;2;18;1;13;11;5;3;2;
*07AT#W4~47BH1;s;r;;;;;19.47.42;2;1;1;1;2944;;6;11;16;7;2;18;1;13;11;5;3;2;
a10DT=~~~47B;s;;;;;;19.47.42;2;1;1;1;2944;;6;11;16;7;2;18;1;13;11;5;3;2;
*p22:11;;;;;;;19.47.44;2;1;1;1;2948;;6;11;16;7;2;18;1;13;11;5;3;2;
*z6;;;;;;;19.47.44;2;6;1;1;2950;;11;16;7;2;18;6;1;13;11;5;3;2;
*11SQ/~~~11;;;;;;;19.48.04;2;6;1;1;2970;;11;16;7;2;18;6;1;13;11;5;3;2;
a13RQ/~~~11;;;;;;;19.48.04;2;6;1;1;2970;;11;16;7;2;18;6;1;13;11;5;3;2;
*02AO#V3~3~~H0;p;p;;;;;19.48.09;2;6;1;1;2972;;11;16;7;2;18;6;1;13;11;5;3;2;
a01DO=~~~3;p;;;;;;19.48.09;2;6;1;1;2972;;11;16;7;2;18;6;1;13;11;5;3;2;
*p23:11;;;;;;;19.48.12;2;6;1;1;2976;;11;16;7;2;18;6;1;13;11;5;3;2;
*11SQ+~~~16A;;;;;;;19.48.32;2;6;1;1;2998;;11;16;7;2;18;6;1;13;11;5;3;2;
a10RQ-~~~16A;;;;;;;19.48.32;2;6;1;1;2998;;11;16;7;2;18;6;1;13;11;5;3;2;
a03EH+~~C~~~2;;;;;;;19.48.37;2;6;1;1;2998;;11;16;7;2;18;6;1;13;11;5;3;2;
a13AH#G3~39AH2;s;r;;;;;19.48.39;2;6;1;1;3001;;11;16;7;2;18;6;1;13;11;5;3;2;
*06DH=~~~39A;s;;;;;;19.48.39;2;6;1;1;3001;;11;16;7;2;18;6;1;13;11;5;3;2;
ap23:12;;;;;;;19.48.43;2;6;1;1;3005;;11;16;7;2;18;6;1;13;11;5;3;2;
az6;;;;;;;19.48.43;2;6;6;1;3009;;11;16;7;2;18;6;13;11;5;3;2;1;
ac03:08;;;;;;;19.48.43;2;6;6;1;3009;;11;16;7;2;18;6;13;11;5;8;2;1;
a13SQ=~~~65A;s;;;;;;19.49.03;2;6;6;1;3029;;11;16;7;2;18;6;13;11;5;8;2;1;
*$$&H#;s;;;;;;19.49.03;2;6;6;1;3029;;11;16;7;2;18;6;13;11;5;8;2;1;
*p24:12;;;;;;;19.49.07;2;6;6;1;3033;;11;16;7;2;18;6;13;11;5;8;2;1;
*z5;;;;;;;19.49.07;2;5;6;1;3033;;16;7;2;18;6;11;13;11;5;8;2;1;
*16SQ-~~~11;;;;;;;19.49.22;2;5;6;1;3048;;16;7;2;18;6;11;13;11;5;8;2;1;
a13RQ#~~~11;;;;;;;19.49.22;2;5;6;1;3048;;16;7;2;18;6;11;13;11;5;8;2;1;
a01EQ+K1C~~~2;;;;;;;19.49.22;2;5;6;1;3048;;16;7;2;18;6;11;13;11;5;8;2;1;
a11AQ#J1~35~H2;s;r;;;;;19.49.26;2;5;6;1;3051;;16;7;2;18;6;11;13;11;5;8;2;1;
*02BQ=~~~~3~~2;s;;;;;;19.49.26;2;5;6;1;3051;;16;7;2;18;6;11;13;11;5;8;2;1;
ap24:13;;;;;;;19.49.29;2;5;6;1;3055;;16;7;2;18;6;11;13;11;5;8;2;1;
az5;;;;;;;19.49.29;2;5;5;1;3055;;16;7;2;18;6;11;11;5;8;2;1;13;
a11SM-~~~58~~~N;;;;;;;19.49.44;2;5;5;1;3070;;16;7;2;18;6;11;11;5;8;2;1;13;
*20RM+~~~58~~~~31;;;;;;;19.49.44;2;5;5;1;3070;;16;7;2;18;6;11;11;5;8;2;1;13;
*06ET+K1B~~~2;;;;;;;19.49.57;2;5;5;1;3070;;16;7;2;18;6;11;11;5;8;2;1;13;
*07AT-W2~26~H2;;r;;;;;19.49.50;2;5;5;1;3073;;16;7;2;18;6;11;11;5;8;2;1;13;
a13DT+~~~26;;;;;;;19.49.50;2;5;5;1;3073;;16;7;2;18;6;11;11;5;8;2;1;13;
a01EH+~~F;;;;;;;19.49.50;2;5;5;1;3073;;16;7;2;18;6;11;11;5;8;2;1;13;
a08AH-G4~45~H2;;p;;;;;19.49.55;2;5;5;1;3076;;16;7;2;18;6;11;11;5;8;2;1;13;
*18BH+~~~~2~~2;;;;;;;19.49.55;2;5;5;1;3076;;16;7;2;18;6;11;11;5;8;2;1;13;
*06DH+;;;;;;;19.49.56;2;5;5;1;3076;;16;7;2;18;6;11;11;5;8;2;1;13;
*18EH+~~F~~~2;;;;;;;19.49.56;2;5;5;1;3076;;16;7;2;18;6;11;11;5;8;2;1;13;
*02AH=G4~4~~P2I;p;s;;;;;19.49.58;2;5;5;1;3079;;16;7;2;18;6;11;11;5;8;2;1;13;
a$$&H#;p;;;;;;19.49.58;2;5;5;1;3079;;16;7;2;18;6;11;11;5;8;2;1;13;
ap24:14;;;;;;;19.50.04;2;5;5;1;3083;;16;7;2;18;6;11;11;5;8;2;1;13;
a11SM=~~~5~~~~N;s;;;;;;19.50.16;2;5;5;1;3102;;16;7;2;18;6;11;11;5;8;2;1;13;
*$$&H#;s;;;;;;19.50.16;2;5;5;1;3102;;16;7;2;18;6;11;11;5;8;2;1;13;
*p25:14;;;;;;;19.50.22;2;5;5;1;3108;;16;7;2;18;6;11;11;5;8;2;1;13;
**2set;;;;;;;19.50.22;3;5;5;1;3108;;;;;;;;;;;;;;
*P09>LUp;;;;;;;19.50.22;3;5;5;1;3108;;2;18;22;11;16;9;8;2;1;13;11;5;
*z6>LUp;;;;;;;19.50.22;3;6;5;1;3108;;2;18;22;11;16;9;8;2;1;13;11;5;
aP01>LUp;;;;;;;19.50.22;3;6;5;1;3108;;2;18;22;11;16;9;8;2;1;13;11;5;
az3>LUp;;;;;;;19.50.22;3;6;3;1;3108;;2;18;22;11;16;9;8;2;1;13;11;5;
*02SQ-~~~16C;;;;;;;19.54.17;3;6;3;1;3343;;2;18;22;11;16;9;8;2;1;13;11;5;
a10RQ#~~~16C;;;;;;;19.54.17;3;6;3;1;3343;;2;18;22;11;16;9;8;2;1;13;11;5;
a01EQ+K1C~~~2;;;;;;;19.54.17;3;6;3;1;3343;;2;18;22;11;16;9;8;2;1;13;11;5;
a02AQ/J1~35~H2;p;r;;;;;19.54.21;3;6;3;1;3346;;2;18;22;11;16;9;8;2;1;13;11;5;
*11BQ#~~~~3~~2;p;;;;;;19.54.21;3;6;3;1;3346;;2;18;22;11;16;9;8;2;1;13;11;5;
*p01:00;;;;;;;19.54.25;3;6;3;1;3350;;2;18;22;11;16;9;8;2;1;13;11;5;
*02SM-~~~51;;;;;;;19.54.39;3;6;3;1;3365;;2;18;22;11;16;9;8;2;1;13;11;5;
a08RM#~~~51;;;;;;;19.54.39;3;6;3;1;3365;;2;18;22;11;16;9;8;2;1;13;11;5;
a01ET+K1B~~~2;;;;;;;19.54.39;3;6;3;1;3365;;2;18;22;11;16;9;8;2;1;13;11;5;
a05AT-Y9~94~T0;;r;;;;;19.54.44;3;6;3;1;3368;;2;18;22;11;16;9;8;2;1;13;11;5;
*20DT+~~~94;;;;;;;19.54.44;3;6;3;1;3368;;2;18;22;11;16;9;8;2;1;13;11;5;
*09ET+~~F;;;;;;;19.54.44;3;6;3;1;3368;;2;18;22;11;16;9;8;2;1;13;11;5;
*11AT-W4~46~H2;;p;;;;;19.54.47;3;6;3;1;3371;;2;18;22;11;16;9;8;2;1;13;11;5;
a01BT+~~~~2~~2;;;;;;;19.54.47;3;6;3;1;3371;;2;18;22;11;16;9;8;2;1;13;11;5;
a08DH+;;;;;;;19.54.49;3;6;3;1;3371;;2;18;22;11;16;9;8;2;1;13;11;5;
a01ET-~~B;;;;;;;19.54.49;3;6;3;1;3371;;2;18;22;11;16;9;8;2;1;13;11;5;
a05AT#Y9~98AP2;s;s;;;;;19.54.51;3;6;3;1;3374;;2;18;22;11;16;9;8;2;1;13;11;5;
*02DT=~~~98A;s;;;;;;19.54.51;3;6;3;1;3374;;2;18;22;11;16;9;8;2;1;13;11;5;
ap01:01;;;;;;;19.55.00;3;6;3;1;3378;;2;18;22;11;16;9;8;2;1;13;11;5;
az2;;;;;;;19.55.00;3;6;2;1;3386;;2;18;22;11;16;9;2;1;13;11;5;8;
a02SM/~~~65B;;;;;;;19.55.26;3;6;2;1;3412;;2;18;22;11;16;9;2;1;13;11;5;8;
*20RM/~~~65B;;;;;;;19.55.26;3;6;2;1;3412;;2;18;22;11;16;9;2;1;13;11;5;8;
a13AO#V3~3~~T0;p;p;;;;;19.55.32;3;6;2;1;3414;;2;18;22;11;16;9;2;1;13;11;5;8;
*18DO=~~~3;p;;;;;;19.55.32;3;6;2;1;3414;;2;18;22;11;16;9;2;1;13;11;5;8;
ap01:02;;;;;;;19.55.47;3;6;2;1;3418;;2;18;22;11;16;9;2;1;13;11;5;8;
a02SM+~~~69A;;;;;;;19.56.17;3;6;2;1;3463;;2;18;22;11;16;9;2;1;13;11;5;8;
*02RM-~~~69A;;;;;;;19.56.17;3;6;2;1;3463;;2;18;22;11;16;9;2;1;13;11;5;8;
*20EH+KEB~~~2;;;;;;;19.56.17;3;6;2;1;3463;;2;18;22;11;16;9;2;1;13;11;5;8;
*22AH#G2~26DH2;s;r;;;;;19.56.22;3;6;2;1;3466;;2;18;22;11;16;9;2;1;13;11;5;8;
a$$&H=;s;;;;;;19.56.22;3;6;2;1;3466;;2;18;22;11;16;9;2;1;13;11;5;8;
*p02:02;;;;;;;19.56.25;3;6;2;1;3470;;2;18;22;11;16;9;2;1;13;11;5;8;
*z5;;;;;;;19.56.25;3;5;2;1;3471;;18;22;11;16;9;2;2;1;13;11;5;8;
*18SM/~~~58D;;;;;;;19.56.41;3;5;2;1;3487;;18;22;11;16;9;2;2;1;13;11;5;8;
a08RM/~~~58D;;;;;;;19.56.41;3;5;2;1;3487;;18;22;11;16;9;2;2;1;13;11;5;8;
*22AO#V3~3~~H0;p;p;;;;;19.56.47;3;5;2;1;3489;;18;22;11;16;9;2;2;1;13;11;5;8;
a$$&H=;p;;;;;;19.56.47;3;5;2;1;3489;;18;22;11;16;9;2;2;1;13;11;5;8;
*p03:02;;;;;;;19.56.52;3;5;2;1;3493;;18;22;11;16;9;2;2;1;13;11;5;8;
*18SM-~~~58;;;;;;;19.57.04;3;5;2;1;3510;;18;22;11;16;9;2;2;1;13;11;5;8;
a13RM#~~~58;;;;;;;19.57.04;3;5;2;1;3510;;18;22;11;16;9;2;2;1;13;11;5;8;
a01ET+K2B~~~2;;;;;;;19.57.11;3;5;2;1;3510;;18;22;11;16;9;2;2;1;13;11;5;8;
a05AT-Y9~91~H2;;r;;;;;19.57.10;3;5;2;1;3513;;18;22;11;16;9;2;2;1;13;11;5;8;
*16BT+~~~~4~~2;;;;;;;19.57.10;3;5;2;1;3513;;18;22;11;16;9;2;2;1;13;11;5;8;
*11DH+;;;;;;;19.57.11;3;5;2;1;3513;;18;22;11;16;9;2;2;1;13;11;5;8;
*18EH+~~B~~~2;;;;;;;19.57.11;3;5;2;1;3513;;18;22;11;16;9;2;2;1;13;11;5;8;
*22AH/G2~24~T2;s;p;;;;;19.57.12;3;5;2;1;3516;;18;22;11;16;9;2;2;1;13;11;5;8;
a13BH#~~~~4~~2;s;;;;;;19.57.12;3;5;2;1;3516;;18;22;11;16;9;2;2;1;13;11;5;8;
ap03:03;;;;;;;19.57.18;3;5;2;1;3520;;18;22;11;16;9;2;2;1;13;11;5;8;
az1;;;;;;;19.57.18;3;5;1;1;3524;;18;22;11;16;9;2;1;13;11;5;8;2;
a01SQ=~~~5~~~~N;s;;;;;;19.57.35;3;5;1;1;3541;;18;22;11;16;9;2;1;13;11;5;8;2;
*$$&H#;s;;;;;;19.57.35;3;5;1;1;3541;;18;22;11;16;9;2;1;13;11;5;8;2;
*p04:03;;;;;;;19.57.39;3;5;1;1;3545;;18;22;11;16;9;2;1;13;11;5;8;2;
*z4;;;;;;;19.57.39;3;4;1;1;3545;;22;11;16;9;2;18;1;13;11;5;8;2;
*22SQ=~~~16;s;;;;;;19.57.53;3;4;1;1;3559;;22;11;16;9;2;18;1;13;11;5;8;2;
a$$&H#;s;;;;;;19.57.53;3;4;1;1;3559;;22;11;16;9;2;18;1;13;11;5;8;2;
ap04:04;;;;;;;19.57.57;3;4;1;1;3563;;22;11;16;9;2;18;1;13;11;5;8;2;
az6;;;;;;;19.57.57;3;4;6;1;3563;;22;11;16;9;2;18;13;11;5;8;2;1;
a13SQ-~~~66;;;;;;;19.58.08;3;4;6;1;3574;;22;11;16;9;2;18;13;11;5;8;2;1;
*02RQ#~~~66;;;;;;;19.58.08;3;4;6;1;3574;;22;11;16;9;2;18;13;11;5;8;2;1;
*09ET+K2F~~~2;;;;;;;19.58.08;3;4;6;1;3574;;22;11;16;9;2;18;13;11;5;8;2;1;
*11AT#W4~47~H1;s;r;;;;;19.58.12;3;4;6;1;3577;;22;11;16;9;2;18;13;11;5;8;2;1;
a11BT=~~~~2~~1;s;;;;;;19.58.12;3;4;6;1;3577;;22;11;16;9;2;18;13;11;5;8;2;1;
*p05:04;;;;;;;19.58.17;3;4;6;1;3581;;22;11;16;9;2;18;13;11;5;8;2;1;
*z3;;;;;;;19.58.17;3;3;6;1;3583;;11;16;9;2;18;22;13;11;5;8;2;1;
*11SQ!~~~15;;;;;;;19.58.31;3;3;6;1;3597;;11;16;9;2;18;22;13;11;5;8;2;1;
a08RQ!~~~15;;;;;;;19.58.31;3;3;6;1;3597;;11;16;9;2;18;22;13;11;5;8;2;1;
a01EQ+KFC~~~2;;;;;;;19.58.31;3;3;6;1;3597;;11;16;9;2;18;22;13;11;5;8;2;1;
a11AQ#J3~36CH1;s;r;;;;;19.58.38;3;3;6;1;3600;;11;16;9;2;18;22;13;11;5;8;2;1;
*11DQ=~~~36C;s;;;;;;19.58.38;3;3;6;1;3600;;11;16;9;2;18;22;13;11;5;8;2;1;
ap05:05;;;;;;;19.58.43;3;3;6;1;3604;;11;16;9;2;18;22;13;11;5;8;2;1;
az5;;;;;;;19.58.43;3;3;5;1;3609;;11;16;9;2;18;22;11;5;8;2;1;13;
a11SM=~~~1~~~~N;s;;;;;;19.58.57;3;3;5;1;3623;;11;16;9;2;18;22;11;5;8;2;1;13;
*$$&H#;s;;;;;;19.58.57;3;3;5;1;3623;;11;16;9;2;18;22;11;5;8;2;1;13;
*p06:05;;;;;;;19.59.00;3;3;5;1;3626;;11;16;9;2;18;22;11;5;8;2;1;13;
*z2;;;;;;;19.59.00;3;2;5;1;3626;;16;9;2;18;22;11;11;5;8;2;1;13;
*16SQ-~~~15B;;;;;;;19.59.16;3;2;5;1;3642;;16;9;2;18;22;11;11;5;8;2;1;13;
a13RQ#~~~15B;;;;;;;19.59.16;3;2;5;1;3642;;16;9;2;18;22;11;11;5;8;2;1;13;
a01ET+K2B~~~2;;;;;;;19.59.16;3;2;5;1;3642;;16;9;2;18;22;11;11;5;8;2;1;13;
a05AT#W2~25BH1;s;r;;;;;19.59.22;3;2;5;1;3645;;16;9;2;18;22;11;11;5;8;2;1;13;
*16DT=~~~25B;s;;;;;;19.59.22;3;2;5;1;3645;;16;9;2;18;22;11;11;5;8;2;1;13;
ap06:06;;;;;;;19.59.27;3;2;5;1;3649;;16;9;2;18;22;11;11;5;8;2;1;13;
az4;;;;;;;19.59.27;3;2;4;1;3653;;16;9;2;18;22;11;5;8;2;1;13;11;
a05SQ=~~~1~~~~N;s;;;;;;19.59.46;3;2;4;1;3672;;16;9;2;18;22;11;5;8;2;1;13;11;
*$$&H#;s;;;;;;19.59.46;3;2;4;1;3672;;16;9;2;18;22;11;5;8;2;1;13;11;
*p07:06;;;;;;;19.59.49;3;2;4;1;3675;;16;9;2;18;22;11;5;8;2;1;13;11;
*z1;;;;;;;19.59.49;3;1;4;1;3675;;9;2;18;22;11;16;5;8;2;1;13;11;
*09SM+~~~16C;;;;;;;20.00.05;3;1;4;1;3691;;9;2;18;22;11;16;5;8;2;1;13;11;
a13RM-~~~16C;;;;;;;20.00.05;3;1;4;1;3691;;9;2;18;22;11;16;5;8;2;1;13;11;
a01EH+KEF~~~2;;;;;;;20.00.05;3;1;4;1;3691;;9;2;18;22;11;16;5;8;2;1;13;11;
a08AH-G4~44~P2;;r;;;;;20.00.11;3;1;4;1;3694;;9;2;18;22;11;16;5;8;2;1;13;11;
*20DH+~~~44;;;;;;;20.00.11;3;1;4;1;3694;;9;2;18;22;11;16;5;8;2;1;13;11;
*09EH+~~B;;;;;;;20.00.11;3;1;4;1;3694;;9;2;18;22;11;16;5;8;2;1;13;11;
*22AH=G2~25CH2S;s;p;;;;;20.00.14;3;1;4;1;3697;;9;2;18;22;11;16;5;8;2;1;13;11;
a$$&H#;s;;;;;;20.00.14;3;1;4;1;3697;;9;2;18;22;11;16;5;8;2;1;13;11;
ap07:07;;;;;;;20.00.17;3;1;4;1;3701;;9;2;18;22;11;16;5;8;2;1;13;11;
az3;;;;;;;20.00.17;3;1;3;1;3703;;9;2;18;22;11;16;8;2;1;13;11;5;
a08SQ=~~~1;s;;;;;;20.00.32;3;1;3;1;3718;;9;2;18;22;11;16;8;2;1;13;11;5;
*$$&H#;s;;;;;;20.00.32;3;1;3;1;3718;;9;2;18;22;11;16;8;2;1;13;11;5;
*p08:07;;;;;;;20.00.36;3;1;3;1;3722;;9;2;18;22;11;16;8;2;1;13;11;5;
*z6;;;;;;;20.00.36;3;6;3;1;3722;;2;18;22;11;16;9;8;2;1;13;11;5;
*02SM-~~~59;;;;;;;20.00.48;3;6;3;1;3734;;2;18;22;11;16;9;8;2;1;13;11;5;
a08RM#~~~59;;;;;;;20.00.48;3;6;3;1;3734;;2;18;22;11;16;9;8;2;1;13;11;5;
a01EQ+K2C~~~2;;;;;;;20.00.48;3;6;3;1;3734;;2;18;22;11;16;9;8;2;1;13;11;5;
a02AQ+J2~31~H1;;r;;;;;20.00.52;3;6;3;1;3737;;2;18;22;11;16;9;8;2;1;13;11;5;
*18BQ-~~~~3~~1;;;;;;;20.00.52;3;6;3;1;3737;;2;18;22;11;16;9;8;2;1;13;11;5;
a02DH+;;;;;;;20.00.54;3;6;3;1;3737;;2;18;22;11;16;9;8;2;1;13;11;5;
a01ET+~~B;;;;;;;20.00.54;3;6;3;1;3737;;2;18;22;11;16;9;8;2;1;13;11;5;
a05AT=Y9~95CH2O;p;s;;;;;20.00.56;3;6;3;1;3740;;2;18;22;11;16;9;8;2;1;13;11;5;
*$$&H#;p;;;;;;20.00.56;3;6;3;1;3740;;2;18;22;11;16;9;8;2;1;13;11;5;
*p09:07;;;;;;;20.00.59;3;6;3;1;3744;;2;18;22;11;16;9;8;2;1;13;11;5;
*02SM+~~~51;;;;;;;20.01.10;3;6;3;1;3756;;2;18;22;11;16;9;8;2;1;13;11;5;
a08RM-~~~51;;;;;;;20.01.10;3;6;3;1;3756;;2;18;22;11;16;9;8;2;1;13;11;5;
a10EH/~~~~~~2;;;;;;;20.01.14;3;6;3;1;3756;;2;18;22;11;16;9;8;2;1;13;11;5;
*22AO#V3~3~~H0;p;p;;;;;20.01.25;3;6;3;1;3759;;2;18;22;11;16;9;8;2;1;13;11;5;
a$$&H=;p;;;;;;20.01.25;3;6;3;1;3759;;2;18;22;11;16;9;8;2;1;13;11;5;
*p10:07;;;;;;;20.01.27;3;6;3;1;3763;;2;18;22;11;16;9;8;2;1;13;11;5;
ac08:03;;;;;;;20.01.27;3;6;3;1;3773;;2;18;22;11;16;9;3;2;1;13;11;5;
*02SM-~~~59;;;;;;;20.01.36;3;6;3;1;3782;;2;18;22;11;16;9;3;2;1;13;11;5;
a03RM+~~~59;;;;;;;20.01.36;3;6;3;1;3782;;2;18;22;11;16;9;3;2;1;13;11;5;
a01ET+K2B~~~2;;;;;;;20.01.36;3;6;3;1;3782;;2;18;22;11;16;9;3;2;1;13;11;5;
a05AT+Y9~96AP1;;r;;;;;20.01.42;3;6;3;1;3785;;2;18;22;11;16;9;3;2;1;13;11;5;
*02DT-~~~96A;;;;;;;20.01.42;3;6;3;1;3785;;2;18;22;11;16;9;3;2;1;13;11;5;
*11EH+~~B;;;;;;;20.01.42;3;6;3;1;3785;;2;18;22;11;16;9;3;2;1;13;11;5;
*22AH/G2~26~H2;s;p;;;;;20.01.45;3;6;3;1;3788;;2;18;22;11;16;9;3;2;1;13;11;5;
a02BH#~~~~4~~2;s;;;;;;20.01.45;3;6;3;1;3788;;2;18;22;11;16;9;3;2;1;13;11;5;
ap10:08;;;;;;;20.01.49;3;6;3;1;3792;;2;18;22;11;16;9;3;2;1;13;11;5;
az2;;;;;;;20.01.49;3;6;2;1;3795;;2;18;22;11;16;9;2;1;13;11;5;3;
a02SM-~~~65;;;;;;;20.02.06;3;6;2;1;3812;;2;18;22;11;16;9;2;1;13;11;5;3;
*20RM+~~~65~~~~32;;;;;;;20.02.06;3;6;2;1;3812;;2;18;22;11;16;9;2;1;13;11;5;3;
*09ET+KCB~~~2;;;;;;;20.02.06;3;6;2;1;3812;;2;18;22;11;16;9;2;1;13;11;5;3;
*22AT#W2~21~H2;s;r;;;;;20.02.11;3;6;2;1;3815;;2;18;22;11;16;9;2;1;13;11;5;3;
a11BT=~~~~4~~2;s;;;;;;20.02.11;3;6;2;1;3815;;2;18;22;11;16;9;2;1;13;11;5;3;
*p11:08;;;;;;;20.02.13;3;6;2;1;3819;;2;18;22;11;16;9;2;1;13;11;5;3;
*z5;;;;;;;20.02.13;3;5;2;1;3819;;18;22;11;16;9;2;2;1;13;11;5;3;
*18SM-~~~57A~~N;;;;;;;20.02.28;3;5;2;1;3834;;18;22;11;16;9;2;2;1;13;11;5;3;
a13RM#~~~57A;;;;;;;20.02.28;3;5;2;1;3834;;18;22;11;16;9;2;2;1;13;11;5;3;
a01EQ+K1C~~~2;;;;;;;20.02.44;3;5;2;1;3834;;18;22;11;16;9;2;2;1;13;11;5;3;
a11AQ+J1~37AH1;;r;;;;;20.02.34;3;5;2;1;3837;;18;22;11;16;9;2;2;1;13;11;5;3;
*18DQ/~~~37A;;;;;;;20.02.34;3;5;2;1;3837;;18;22;11;16;9;2;2;1;13;11;5;3;
a05FH+;;;;;;;20.02.37;3;5;2;1;3838;;18;22;11;16;9;2;2;1;13;11;5;3;
a01ET+~~F;;;;;;;20.02.37;3;5;2;1;3838;;18;22;11;16;9;2;2;1;13;11;5;3;
a13AT-W4~45~H2;;s;;;;;20.02.38;3;5;2;1;3841;;18;22;11;16;9;2;2;1;13;11;5;3;
*16BT+~~~~2~~2;;;;;;;20.02.38;3;5;2;1;3841;;18;22;11;16;9;2;2;1;13;11;5;3;
a05DH-;;;;;;;20.02.41;3;5;2;1;3841;;18;22;11;16;9;2;2;1;13;11;5;3;
a10EH+~~B;;;;;;;20.02.41;3;5;2;1;3841;;18;22;11;16;9;2;2;1;13;11;5;3;
a05AH-G9~91~H1;;s;;;;;20.02.42;3;5;2;1;3845;;18;22;11;16;9;2;2;1;13;11;5;3;
*09DH+~~~91;;;;;;;20.02.42;3;5;2;1;3845;;18;22;11;16;9;2;2;1;13;11;5;3;
*02EH+~~B~~~2;;;;;;;20.02.42;3;5;2;1;3845;;18;22;11;16;9;2;2;1;13;11;5;3;
*22AH-G2~21DH3;;p;;;;;20.02.45;3;5;2;1;3848;;18;22;11;16;9;2;2;1;13;11;5;3;
a11BH+~~~~4~~3;;;;;;;20.02.45;3;5;2;1;3848;;18;22;11;16;9;2;2;1;13;11;5;3;
a10DH+;;;;;;;20.02.48;3;5;2;1;3848;;18;22;11;16;9;2;2;1;13;11;5;3;
a01ET+~~B;;;;;;;20.02.48;3;5;2;1;3848;;18;22;11;16;9;2;2;1;13;11;5;3;
a05AT+Y9~93~T2;;s;;;;;20.02.49;3;5;2;1;3851;;18;22;11;16;9;2;2;1;13;11;5;3;
*18DT/~~~93;;;;;;;20.02.49;3;5;2;1;3851;;18;22;11;16;9;2;2;1;13;11;5;3;
a03FH=;p;;;;;;20.02.56;3;5;2;1;3852;;18;22;11;16;9;2;2;1;13;11;5;3;
*$$&H#;p;;;;;;20.02.56;3;5;2;1;3852;;18;22;11;16;9;2;2;1;13;11;5;3;
*p12:08;;;;;;;20.02.58;3;5;2;1;3856;;18;22;11;16;9;2;2;1;13;11;5;3;
*18SM-~~~58D;;;;;;;20.03.28;3;5;2;1;3894;;18;22;11;16;9;2;2;1;13;11;5;3;
a13RM#~~~58D;;;;;;;20.03.28;3;5;2;1;3894;;18;22;11;16;9;2;2;1;13;11;5;3;
a01ET#K1P~~~2;;;;;;;20.03.28;3;5;2;1;3894;;18;22;11;16;9;2;2;1;13;11;5;3;
a03AT#Y8~86AH0;s;r;;;;;20.03.34;3;5;2;1;3897;;18;22;11;16;9;2;2;1;13;11;5;3;
*$$&H=;s;;;;;;20.03.34;3;5;2;1;3897;;18;22;11;16;9;2;2;1;13;11;5;3;
ap12:09;;;;;;;20.03.36;3;5;2;1;3901;;18;22;11;16;9;2;2;1;13;11;5;3;
az1;;;;;;;20.03.36;3;5;1;1;3902;;18;22;11;16;9;2;1;13;11;5;3;2;
a01SQ+~~~55B;;;;;;;20.03.51;3;5;1;1;3917;;18;22;11;16;9;2;1;13;11;5;3;2;
*11RQ-~~~55B;;;;;;;20.03.51;3;5;1;1;3917;;18;22;11;16;9;2;1;13;11;5;3;2;
*09EH+KEF~~~2;;;;;;;20.03.51;3;5;1;1;3917;;18;22;11;16;9;2;1;13;11;5;3;2;
*11AH=G4~41AP3S;p;r;;;;;20.03.55;3;5;1;1;3920;;18;22;11;16;9;2;1;13;11;5;3;2;
a$$&H#;p;;;;;;20.03.55;3;5;1;1;3920;;18;22;11;16;9;2;1;13;11;5;3;2;
ap12:10;;;;;;;20.03.59;3;5;1;1;3924;;18;22;11;16;9;2;1;13;11;5;3;2;
a01SQ-~~~56A;;;;;;;20.04.17;3;5;1;1;3943;;18;22;11;16;9;2;1;13;11;5;3;2;
*02RQ#~~~56A;;;;;;;20.04.17;3;5;1;1;3943;;18;22;11;16;9;2;1;13;11;5;3;2;
*09ET+K1F~~~2;;;;;;;20.04.17;3;5;1;1;3943;;18;22;11;16;9;2;1;13;11;5;3;2;
*11AT#W4~47~H2;s;r;;;;;20.04.22;3;5;1;1;3946;;18;22;11;16;9;2;1;13;11;5;3;2;
a11BT=~~~~2~~2;s;;;;;;20.04.22;3;5;1;1;3946;;18;22;11;16;9;2;1;13;11;5;3;2;
*p13:10;;;;;;;20.04.25;3;5;1;1;3950;;18;22;11;16;9;2;1;13;11;5;3;2;
*z4;;;;;;;20.04.25;3;4;1;1;3951;;22;11;16;9;2;18;1;13;11;5;3;2;
*22SQ+~~~16~~~N;;;;;;;20.04.40;3;4;1;1;3966;;22;11;16;9;2;18;1;13;11;5;3;2;
a10RQ-~~~16;;;;;;;20.04.40;3;4;1;1;3966;;22;11;16;9;2;18;1;13;11;5;3;2;
a01EH+KEF~~~2;;;;;;;20.04.40;3;4;1;1;3966;;22;11;16;9;2;18;1;13;11;5;3;2;
a05AH-G4~46~H2;;r;;;;;20.04.46;3;4;1;1;3969;;22;11;16;9;2;18;1;13;11;5;3;2;
*09BH+~~~~2~~2;;;;;;;20.04.46;3;4;1;1;3969;;22;11;16;9;2;18;1;13;11;5;3;2;
*02DH+;;;;;;;20.04.48;3;4;1;1;3969;;22;11;16;9;2;18;1;13;11;5;3;2;
*09ET+~~F;;;;;;;20.04.48;3;4;1;1;3969;;22;11;16;9;2;18;1;13;11;5;3;2;
*11AT#W4~42~T1;p;p;;;;;20.04.50;3;4;1;1;3972;;22;11;16;9;2;18;1;13;11;5;3;2;
a13DT=~~~42;p;;;;;;20.04.50;3;4;1;1;3972;;22;11;16;9;2;18;1;13;11;5;3;2;
*p14:10;;;;;;;20.04.54;3;4;1;1;3976;;22;11;16;9;2;18;1;13;11;5;3;2;
*22SQ!~~~16C;;;;;;;20.05.09;3;4;1;1;3995;;22;11;16;9;2;18;1;13;11;5;3;2;
a10RQ!~~~16C;;;;;;;20.05.09;3;4;1;1;3995;;22;11;16;9;2;18;1;13;11;5;3;2;
a01ET+K8F~~~2;;;;;;;20.05.09;3;4;1;1;3995;;22;11;16;9;2;18;1;13;11;5;3;2;
a05AT-W4~45~H2;;r;;;;;20.05.15;3;4;1;1;3998;;22;11;16;9;2;18;1;13;11;5;3;2;
*16BT+~~~~2~~2;;;;;;;20.05.15;3;4;1;1;3998;;22;11;16;9;2;18;1;13;11;5;3;2;
*02DH+;;;;;;;20.05.17;3;4;1;1;3998;;22;11;16;9;2;18;1;13;11;5;3;2;
*09ET+~~F;;;;;;;20.05.17;3;4;1;1;3998;;22;11;16;9;2;18;1;13;11;5;3;2;
*11AT#W4~41~H2;p;p;;;;;20.05.18;3;4;1;1;4001;;22;11;16;9;2;18;1;13;11;5;3;2;
a13BT=~~~~2~~2;p;;;;;;20.05.18;3;4;1;1;4001;;22;11;16;9;2;18;1;13;11;5;3;2;
*p15:10;;;;;;;20.05.23;3;4;1;1;4005;;22;11;16;9;2;18;1;13;11;5;3;2;
aT;;;;;;;20.05.23;3;4;1;1;4009;;22;11;16;9;2;18;1;13;11;5;3;2;
*22SQ-~~~65B;;;;;;;20.06.29;3;4;1;1;4075;;22;11;16;9;2;18;1;13;11;5;3;2;
a03RQ+~~~65B;;;;;;;20.06.29;3;4;1;1;4075;;22;11;16;9;2;18;1;13;11;5;3;2;
a01ET+K1B~~~2;;;;;;;20.06.29;3;4;1;1;4075;;22;11;16;9;2;18;1;13;11;5;3;2;
a13AT#W2~26AH2;s;r;;;;;20.06.35;3;4;1;1;4078;;22;11;16;9;2;18;1;13;11;5;3;2;
*02DT=~~~26A;s;;;;;;20.06.35;3;4;1;1;4078;;22;11;16;9;2;18;1;13;11;5;3;2;
ap15:11;;;;;;;20.06.39;3;4;1;1;4082;;22;11;16;9;2;18;1;13;11;5;3;2;
az6;;;;;;;20.06.39;3;4;6;1;4085;;22;11;16;9;2;18;13;11;5;3;2;1;
a13SQ-~~~56~~~N;;;;;;;20.06.50;3;4;6;1;4096;;22;11;16;9;2;18;13;11;5;3;2;1;
*02RQ#~~~56;;;;;;;20.06.50;3;4;6;1;4096;;22;11;16;9;2;18;13;11;5;3;2;1;
*09ET+K2F~~~2;;;;;;;20.06.50;3;4;6;1;4096;;22;11;16;9;2;18;13;11;5;3;2;1;
*11AT#W4~47BH2;s;r;;;;;20.06.55;3;4;6;1;4099;;22;11;16;9;2;18;13;11;5;3;2;1;
a10DT=~~~47B;s;;;;;;20.06.55;3;4;6;1;4099;;22;11;16;9;2;18;13;11;5;3;2;1;
*p16:11;;;;;;;20.06.58;3;4;6;1;4103;;22;11;16;9;2;18;13;11;5;3;2;1;
*z3;;;;;;;20.06.58;3;3;6;1;4104;;11;16;9;2;18;22;13;11;5;3;2;1;
*11SQ!~~~11;;;;;;;20.07.16;3;3;6;1;4122;;11;16;9;2;18;22;13;11;5;3;2;1;
a13RQ!~~~11;;;;;;;20.07.16;3;3;6;1;4122;;11;16;9;2;18;22;13;11;5;3;2;1;
a01ET+K9F~~~2;;;;;;;20.07.28;3;3;6;1;4122;;11;16;9;2;18;22;13;11;5;3;2;1;
a03AT+W4~46~H2;;r;;;;;20.07.23;3;3;6;1;4125;;11;16;9;2;18;22;13;11;5;3;2;1;
*11DT/~~~46;;;;;;;20.07.23;3;3;6;1;4125;;11;16;9;2;18;22;13;11;5;3;2;1;
a10FH+;;;;;;;20.07.26;3;3;6;1;4126;;11;16;9;2;18;22;13;11;5;3;2;1;
a01EH/~~~~~~2;;;;;;;20.07.26;3;3;6;1;4126;;11;16;9;2;18;22;13;11;5;3;2;1;
*09FH+;;;;;;;20.07.30;3;3;6;1;4129;;11;16;9;2;18;22;13;11;5;3;2;1;
*02EH+~~B;;;;;;;20.07.30;3;3;6;1;4129;;11;16;9;2;18;22;13;11;5;3;2;1;
*22AH#G9~91DH2;p;p;;;;;20.07.32;3;3;6;1;4133;;11;16;9;2;18;22;13;11;5;3;2;1;
a01DH=~~~91D;p;;;;;;20.07.32;3;3;6;1;4133;;11;16;9;2;18;22;13;11;5;3;2;1;
*p17:11;;;;;;;20.07.37;3;3;6;1;4137;;11;16;9;2;18;22;13;11;5;3;2;1;
*11SQ=~~~1~~~~N;s;;;;;;20.08.01;3;3;6;1;4167;;11;16;9;2;18;22;13;11;5;3;2;1;
a$$&H#;s;;;;;;20.08.01;3;3;6;1;4167;;11;16;9;2;18;22;13;11;5;3;2;1;
ap17:12;;;;;;;20.08.04;3;3;6;1;4170;;11;16;9;2;18;22;13;11;5;3;2;1;
az5;;;;;;;20.08.04;3;3;5;1;4170;;11;16;9;2;18;22;11;5;3;2;1;13;
a11SM-~~~57;;;;;;;20.08.19;3;3;5;1;4185;;11;16;9;2;18;22;11;5;3;2;1;13;
*02RM#~~~57~O;;;;;;;20.08.19;3;3;5;1;4185;;11;16;9;2;18;22;11;5;3;2;1;13;
*09ET+K2F~~~2;;;;;;;20.08.19;3;3;5;1;4185;;11;16;9;2;18;22;11;5;3;2;1;13;
*02AT#W4~47~H2;s;r;;;;;20.08.25;3;3;5;1;4188;;11;16;9;2;18;22;11;5;3;2;1;13;
a02BT=~~~~2~~2;s;;;;;;20.08.25;3;3;5;1;4188;;11;16;9;2;18;22;11;5;3;2;1;13;
*p18:12;;;;;;;20.08.27;3;3;5;1;4192;;11;16;9;2;18;22;11;5;3;2;1;13;
*z2;;;;;;;20.08.27;3;2;5;1;4193;;16;9;2;18;22;11;11;5;3;2;1;13;
*16SQ-~~~16C;;;;;;;20.08.46;3;2;5;1;4212;;16;9;2;18;22;11;11;5;3;2;1;13;
a13RQ+~~~16C;;;;;;;20.08.46;3;2;5;1;4212;;16;9;2;18;22;11;11;5;3;2;1;13;
a01EQ+K1B;;;;;;;20.08.46;3;2;5;1;4212;;16;9;2;18;22;11;11;5;3;2;1;13;
a05AT+W2~29~H2;;r;;;;;20.08.52;3;2;5;1;4215;;16;9;2;18;22;11;11;5;3;2;1;13;
*22DT-~~~29;;;;;;;20.08.52;3;2;5;1;4215;;16;9;2;18;22;11;11;5;3;2;1;13;
*02EH+~~B;;;;;;;20.08.52;3;2;5;1;4215;;16;9;2;18;22;11;11;5;3;2;1;13;
*22AH=G9~95DH2O;s;p;;;;;20.08.56;3;2;5;1;4218;;16;9;2;18;22;11;11;5;3;2;1;13;
a$$&H#;s;;;;;;20.08.56;3;2;5;1;4218;;16;9;2;18;22;11;11;5;3;2;1;13;
ap18:13;;;;;;;20.09.02;3;2;5;1;4222;;16;9;2;18;22;11;11;5;3;2;1;13;
az4;;;;;;;20.09.02;3;2;4;1;4228;;16;9;2;18;22;11;5;3;2;1;13;11;
ac01:07;;;;;;;20.09.02;3;2;4;1;4228;;16;9;2;18;22;11;5;3;2;7;13;11;
aP5;;;;;;;20.09.02;3;2;4;1;4228;;16;9;2;18;22;11;5;3;2;7;13;11;
az1;;;;;;;20.09.02;3;2;1;1;4228;;16;9;2;18;22;11;5;3;2;7;13;11;
a05SQ!~~~11;;;;;;;20.09.26;3;2;1;1;4252;;16;9;2;18;22;11;5;3;2;7;13;11;
*20RQ!~~~11~~~~41;;;;;;;20.09.26;3;2;1;1;4252;;16;9;2;18;22;11;5;3;2;7;13;11;
*09ET+KFF~~~2;;;;;;;20.09.26;3;2;1;1;4252;;16;9;2;18;22;11;5;3;2;7;13;11;
*02AT#W4~47CH2;s;r;;;;;20.09.31;3;2;1;1;4255;;16;9;2;18;22;11;5;3;2;7;13;11;
a10DT=~~~47C;s;;;;;;20.09.31;3;2;1;1;4255;;16;9;2;18;22;11;5;3;2;7;13;11;
*p19:13;;;;;;;20.09.37;3;2;1;1;4259;;16;9;2;18;22;11;5;3;2;7;13;11;
*z1;;;;;;;20.09.37;3;1;1;1;4263;;9;2;18;22;11;16;5;3;2;7;13;11;
ac05:09;;;;;;;20.09.37;3;1;1;1;4263;;9;2;18;22;11;16;9;3;2;7;13;11;
aP9;;;;;;;20.09.37;3;1;1;1;4263;;9;2;18;22;11;16;9;3;2;7;13;11;
az1;;;;;;;20.09.37;3;1;1;1;4263;;9;2;18;22;11;16;9;3;2;7;13;11;
*09SM-~~~51;;;;;;;20.09.54;3;1;1;1;4280;;9;2;18;22;11;16;9;3;2;7;13;11;
a10RM+~~~51;;;;;;;20.09.54;3;1;1;1;4280;;9;2;18;22;11;16;9;3;2;7;13;11;
a09ET+K1P~~~2;;;;;;;20.10.01;3;1;1;1;4280;;9;2;18;22;11;16;9;3;2;7;13;11;
a13AT-Y8~86~H0;;r;;;;;20.09.59;3;1;1;1;4283;;9;2;18;22;11;16;9;3;2;7;13;11;
*11DT+~~~86;;;;;;;20.09.59;3;1;1;1;4283;;9;2;18;22;11;16;9;3;2;7;13;11;
*20EH+~~B~~~2;;;;;;;20.09.59;3;1;1;1;4283;;9;2;18;22;11;16;9;3;2;7;13;11;
*22AH#G2~25~H2;p;p;;;;;20.10.03;3;1;1;1;4286;;9;2;18;22;11;16;9;3;2;7;13;11;
a07BH=~~~~4~~2;p;;;;;;20.10.03;3;1;1;1;4286;;9;2;18;22;11;16;9;3;2;7;13;11;
*p20:13;;;;;;;20.10.05;3;1;1;1;4290;;9;2;18;22;11;16;9;3;2;7;13;11;
aT;;;;;;;20.10.05;3;1;1;1;4291;;9;2;18;22;11;16;9;3;2;7;13;11;
*09SM#~~~56;p;;;;;;20.11.08;3;1;1;1;4354;;9;2;18;22;11;16;9;3;2;7;13;11;
a10RM=~~~56;p;;;;;;20.11.08;3;1;1;1;4354;;9;2;18;22;11;16;9;3;2;7;13;11;
*p21:13;;;;;;;20.11.14;3;1;1;1;4358;;9;2;18;22;11;16;9;3;2;7;13;11;
*09SM-~~~69;;;;;;;20.11.28;3;1;1;1;4374;;9;2;18;22;11;16;9;3;2;7;13;11;
a03RM#~~~69;;;;;;;20.11.28;3;1;1;1;4374;;9;2;18;22;11;16;9;3;2;7;13;11;
a09ET#K1P~~~2;;;;;;;20.11.28;3;1;1;1;4374;;9;2;18;22;11;16;9;3;2;7;13;11;
a13AT#Y8~85AH0;s;r;;;;;20.11.33;3;1;1;1;4377;;9;2;18;22;11;16;9;3;2;7;13;11;
*11DT=~~~85A;s;;;;;;20.11.33;3;1;1;1;4377;;9;2;18;22;11;16;9;3;2;7;13;11;
ap21:14;;;;;;;20.11.37;3;1;1;1;4381;;9;2;18;22;11;16;9;3;2;7;13;11;
az6;;;;;;;20.11.37;3;1;6;1;4383;;9;2;18;22;11;16;3;2;7;13;11;9;
a03SQ=~~~1~~~~N;s;;;;;;20.11.47;3;1;6;1;4393;;9;2;18;22;11;16;3;2;7;13;11;9;
*$$&H#;s;;;;;;20.11.47;3;1;6;1;4393;;9;2;18;22;11;16;3;2;7;13;11;9;
*p22:14;;;;;;;20.11.51;3;1;6;1;4397;;9;2;18;22;11;16;3;2;7;13;11;9;
*z6;;;;;;;20.11.51;3;6;6;1;4397;;2;18;22;11;16;9;3;2;7;13;11;9;
*02SM-~~~56;;;;;;;20.12.03;3;6;6;1;4409;;2;18;22;11;16;9;3;2;7;13;11;9;
a10RM+~~~56;;;;;;;20.12.03;3;6;6;1;4409;;2;18;22;11;16;9;3;2;7;13;11;9;
a09ET+K1P~~~2;;;;;;;20.12.03;3;6;6;1;4409;;2;18;22;11;16;9;3;2;7;13;11;9;
a03AT#Y8~81~H1;s;r;;;;;20.12.09;3;6;6;1;4412;;2;18;22;11;16;9;3;2;7;13;11;9;
*09DT=~~~81;s;;;;;;20.12.09;3;6;6;1;4412;;2;18;22;11;16;9;3;2;7;13;11;9;
ap22:15;;;;;;;20.12.15;3;6;6;1;4416;;2;18;22;11;16;9;3;2;7;13;11;9;
az5;;;;;;;20.12.15;3;6;5;1;4421;;2;18;22;11;16;9;2;7;13;11;9;3;
a02SM-~~~69;;;;;;;20.12.41;3;6;5;1;4447;;2;18;22;11;16;9;2;7;13;11;9;3;
*02RM+~~~69~O~~21;;;;;;;20.12.41;3;6;5;1;4447;;2;18;22;11;16;9;2;7;13;11;9;3;
*09ET+K1B~~~2;;;;;;;20.12.41;3;6;5;1;4447;;2;18;22;11;16;9;2;7;13;11;9;3;
*22AT#W2~21~H2;s;r;;;;;20.12.46;3;6;5;1;4450;;2;18;22;11;16;9;2;7;13;11;9;3;
a13BT=~~~~4~~2;s;;;;;;20.12.46;3;6;5;1;4450;;2;18;22;11;16;9;2;7;13;11;9;3;
*p23:15;;;;;;;20.12.48;3;6;5;1;4454;;2;18;22;11;16;9;2;7;13;11;9;3;
*z5;;;;;;;20.12.48;3;5;5;1;4454;;18;22;11;16;9;2;2;7;13;11;9;3;
*18SM+~~~57;;;;;;;20.13.03;3;5;5;1;4469;;18;22;11;16;9;2;2;7;13;11;9;3;
a13RM-~~~57;;;;;;;20.13.03;3;5;5;1;4469;;18;22;11;16;9;2;2;7;13;11;9;3;
a03EH+~~F~~~2;;;;;;;20.13.07;3;5;5;1;4469;;18;22;11;16;9;2;2;7;13;11;9;3;
a13AH#G4~41~H2;s;r;;;;;20.13.08;3;5;5;1;4472;;18;22;11;16;9;2;2;7;13;11;9;3;
*22BH=~~~~2~~2;s;;;;;;20.13.08;3;5;5;1;4472;;18;22;11;16;9;2;2;7;13;11;9;3;
ap23:16;;;;;;;20.13.10;3;5;5;1;4476;;18;22;11;16;9;2;2;7;13;11;9;3;
az4;;;;;;;20.13.10;3;5;4;1;4476;;18;22;11;16;9;2;7;13;11;9;3;2;
ac09:05;;;;;;;20.13.10;3;5;4;1;4476;;18;22;11;16;9;2;7;13;11;5;3;2;
aP7;;;;;;;20.13.10;3;5;4;1;4476;;18;22;11;16;9;2;7;13;11;5;3;2;
az1;;;;;;;20.13.10;3;5;1;1;4476;;18;22;11;16;9;2;7;13;11;5;3;2;
a07SQ#~~~16A;p;;;;;;20.13.35;3;5;1;1;4501;;18;22;11;16;9;2;7;13;11;5;3;2;
*02RQ=~~~16AM;p;;;;;;20.13.35;3;5;1;1;4501;;18;22;11;16;9;2;7;13;11;5;3;2;
ap23:17;;;;;;;20.13.39;3;5;1;1;4505;;18;22;11;16;9;2;7;13;11;5;3;2;
a07SQ+~~~16;;;;;;;20.13.59;3;5;1;1;4525;;18;22;11;16;9;2;7;13;11;5;3;2;
*02RQ-~~~16;;;;;;;20.13.59;3;5;1;1;4525;;18;22;11;16;9;2;7;13;11;5;3;2;
*09EH-KEF~~~2;;;;;;;20.13.59;3;5;1;1;4525;;18;22;11;16;9;2;7;13;11;5;3;2;
*11AH=G4~41DT2O;p;r;;;;;20.14.05;3;5;1;1;4528;;18;22;11;16;9;2;7;13;11;5;3;2;
a$$&H#;p;;;;;;20.14.05;3;5;1;1;4528;;18;22;11;16;9;2;7;13;11;5;3;2;
ap23:18;;;;;;;20.14.09;3;5;1;1;4532;;18;22;11;16;9;2;7;13;11;5;3;2;
a07SQ=~~~1~~~~N;s;;;;;;20.14.43;3;5;1;1;4569;;18;22;11;16;9;2;7;13;11;5;3;2;
*$$&H#;s;;;;;;20.14.43;3;5;1;1;4569;;18;22;11;16;9;2;7;13;11;5;3;2;
*p24:18;;;;;;;20.14.47;3;5;1;1;4573;;18;22;11;16;9;2;7;13;11;5;3;2;
*z4;;;;;;;20.14.47;3;4;1;1;4573;;22;11;16;9;2;18;7;13;11;5;3;2;
*c22:06;;;;;;;20.14.47;3;4;1;1;4573;;6;11;16;9;2;18;7;13;11;5;3;2;
*c09:07;;;;;;;20.14.47;3;4;1;1;4573;;6;11;16;7;2;18;7;13;11;5;3;2;
*P6;;;;;;;20.14.47;3;4;1;1;4573;;6;11;16;7;2;18;7;13;11;5;3;2;
*z1;;;;;;;20.14.47;3;1;1;1;4573;;6;11;16;7;2;18;7;13;11;5;3;2;
ac07:01;;;;;;;20.14.47;3;1;1;1;4573;;6;11;16;7;2;18;1;13;11;5;3;2;
aP1;;;;;;;20.14.47;3;1;1;1;4573;;6;11;16;7;2;18;1;13;11;5;3;2;
az1;;;;;;;20.14.47;3;1;1;1;4573;;6;11;16;7;2;18;1;13;11;5;3;2;
*06SM-~~~57A;;;;;;;20.15.25;3;1;1;1;4611;;6;11;16;7;2;18;1;13;11;5;3;2;
a03RM#~~~57A;;;;;;;20.15.25;3;1;1;1;4611;;6;11;16;7;2;18;1;13;11;5;3;2;
a01ET+K1P~~~2;;;;;;;20.15.25;3;1;1;1;4611;;6;11;16;7;2;18;1;13;11;5;3;2;
a03AT=Y8~85AH1O;p;r;;;;;20.15.30;3;1;1;1;4614;;6;11;16;7;2;18;1;13;11;5;3;2;
*$$&H#;p;;;;;;20.15.30;3;1;1;1;4614;;6;11;16;7;2;18;1;13;11;5;3;2;
*p25:18;;;;;;;20.16.00;3;1;1;1;4618;;6;11;16;7;2;18;1;13;11;5;3;2;
**3set;;;;;;;20.16.00;4;1;1;1;4646;;;;;;;;;;;;;;
