*P05>LUp;;;;;;;;1;6;2;;;;16;12;9;3;13;5;12;18;5;9;16;3;
*z6>LUp;;;;;;;;1;6;2;;;;16;12;9;3;13;5;12;18;5;9;16;3;
aP03>LUp;;;;;;;;1;6;2;;;;16;12;9;3;13;5;12;18;5;9;16;3;
az6>LUp;;;;;;;;1;6;6;;;;16;12;9;3;13;5;12;18;5;9;16;3;
a12SM=~~~55~~~Z;s;;;;;;16.07.25;1;6;6;1;556;;16;12;9;3;13;5;12;18;5;9;16;3;
*$$&H#;s;;;;;;16.07.25;1;6;6;1;556;;16;12;9;3;13;5;12;18;5;9;16;3;
*p01:0;;;;;;;16.07.32;1;6;6;1;563;;16;12;9;3;13;5;12;18;5;9;16;3;
*z5;;;;;;;16.07.32;1;5;6;1;563;;12;9;3;13;5;16;12;18;5;9;16;3;
*12SQ!~~~56;;;;;;;16.07.45;1;5;6;1;576;;12;9;3;13;5;16;12;18;5;9;16;3;
a17RQ!~~~56~~~~21;;;;;;;16.07.45;1;5;6;1;576;;12;9;3;13;5;16;12;18;5;9;16;3;
a03EQ+K1C;;;;;;;16.07.45;1;5;6;1;576;;12;9;3;13;5;16;12;18;5;9;16;3;
a18AQ-J1~39~H1;;r;;;;;16.07.50;1;5;6;1;579;;12;9;3;13;5;16;12;18;5;9;16;3;
*05DQ+~~~39;;;;;;;16.07.50;1;5;6;1;579;;12;9;3;13;5;16;12;18;5;9;16;3;
*13EH+~~B;;;;;;;16.07.50;1;5;6;1;581;;12;9;3;13;5;16;12;18;5;9;16;3;
*09AH-G2~21~H2;;p;;;;;16.07.53;1;5;6;1;582;;12;9;3;13;5;16;12;18;5;9;16;3;
a12DH+~~~21;;;;;;;16.07.53;1;5;6;1;582;;12;9;3;13;5;16;12;18;5;9;16;3;
a03ET+~~B;;;;;;;16.07.53;1;5;6;1;584;;12;9;3;13;5;16;12;18;5;9;16;3;
a05AT#W2~27CH2;s;s;;;;;16.07.57;1;5;6;1;585;;12;9;3;13;5;16;12;18;5;9;16;3;
*12DT=~~~27C;s;;;;;;16.07.57;1;5;6;1;585;;12;9;3;13;5;16;12;18;5;9;16;3;
ap01:01;;;;;;;16.08.07;1;5;6;1;588;;12;9;3;13;5;16;12;18;5;9;16;3;
az5;;;;;;;16.08.07;1;5;5;1;598;;12;9;3;13;5;16;18;5;9;16;3;12;
a18SM=~~~65;s;;;;;;16.08.15;1;5;5;1;606;;12;9;3;13;5;16;18;5;9;16;3;12;
*$$&H#;s;;;;;;16.08.15;1;5;5;1;606;;12;9;3;13;5;16;18;5;9;16;3;12;
*p02:01;;;;;;;16.08.18;1;5;5;1;609;;12;9;3;13;5;16;18;5;9;16;3;12;
*z4;;;;;;;16.08.18;1;4;5;1;609;;9;3;13;5;16;12;18;5;9;16;3;12;
*09SQ=~~~16;s;;;;;;16.08.36;1;4;5;1;627;;9;3;13;5;16;12;18;5;9;16;3;12;
a$$&H#;s;;;;;;16.08.36;1;4;5;1;627;;9;3;13;5;16;12;18;5;9;16;3;12;
ap02:02;;;;;;;16.08.40;1;4;5;1;631;;9;3;13;5;16;12;18;5;9;16;3;12;
az4;;;;;;;16.08.40;1;4;4;1;631;;9;3;13;5;16;12;5;9;16;3;12;18;
a05SQ+~~~65;;;;;;;16.08.55;1;4;4;1;646;;9;3;13;5;16;12;5;9;16;3;12;18;
*03RQ-~~~65;;;;;;;16.08.55;1;4;4;1;646;;9;3;13;5;16;12;5;9;16;3;12;18;
*05AH!G4~42~T3;;r;;;;;16.08.59;1;4;4;1;649;;9;3;13;5;16;12;5;9;16;3;12;18;
a16BH/~~~~2~~3;s;;;;;;16.09.05;1;4;4;1;649;;9;3;13;5;16;12;5;9;16;3;12;18;
*$$&H#;s;;;;;;16.09.05;1;4;4;1;649;;9;3;13;5;16;12;5;9;16;3;12;18;
*p03:02;;;;;;;16.09.07;1;4;4;1;652;;9;3;13;5;16;12;5;9;16;3;12;18;
*z3;;;;;;;16.09.07;1;3;4;1;658;;3;13;5;16;12;9;5;9;16;3;12;18;
*03SM!~~~16;;;;;;;16.09.18;1;3;4;1;669;;3;13;5;16;12;9;5;9;16;3;12;18;
a12RM!~~~16~~~~21;;;;;;;16.09.18;1;3;4;1;669;;3;13;5;16;12;9;5;9;16;3;12;18;
a03ET+KBB~~~~~~K1;;;;;;;16.09.18;1;3;4;1;669;;3;13;5;16;12;9;5;9;16;3;12;18;
a05AT=Y9~95~H2Z;p;r;;;;;16.09.23;1;3;4;1;672;;3;13;5;16;12;9;5;9;16;3;12;18;
*$$&H#;p;;;;;;16.09.23;1;3;4;1;672;;3;13;5;16;12;9;5;9;16;3;12;18;
*p04:02;;;;;;;16.09.29;1;3;4;1;675;;3;13;5;16;12;9;5;9;16;3;12;18;
*03SM!~~~16;;;;;;;16.09.40;1;3;4;1;692;;3;13;5;16;12;9;5;9;16;3;12;18;
a12RM!~~~16~~~~31;;;;;;;16.09.40;1;3;4;1;692;;3;13;5;16;12;9;5;9;16;3;12;18;
a03EQ+K1C;;;;;;;16.09.40;1;3;4;1;692;;3;13;5;16;12;9;5;9;16;3;12;18;
a16AQ#J1~37~H1;s;r;;;;;16.09.46;1;3;4;1;695;;3;13;5;16;12;9;5;9;16;3;12;18;
*$$&H=;s;;;;;;16.09.46;1;3;4;1;695;;3;13;5;16;12;9;5;9;16;3;12;18;
ap04:03;;;;;;;16.09.55;1;3;4;1;698;;3;13;5;16;12;9;5;9;16;3;12;18;
az3;;;;;;;16.09.55;1;3;3;1;706;;3;13;5;16;12;9;9;16;3;12;18;5;
a09SM-~~~15;;;;;;;16.10.02;1;3;3;1;711;;3;13;5;16;12;9;9;16;3;12;18;5;
*18RM+~~~15~~~~32;;;;;;;16.10.02;1;3;3;1;711;;3;13;5;16;12;9;9;16;3;12;18;5;
*05ET+K8B;;;;;;;16.10.02;1;3;3;1;711;;3;13;5;16;12;9;9;16;3;12;18;5;
*09AT#Y9~94~H1;s;r;;;;;16.10.05;1;3;3;1;714;;3;13;5;16;12;9;9;16;3;12;18;5;
a12BT=~~~~4~~1;s;;;;;;16.10.05;1;3;3;1;714;;3;13;5;16;12;9;9;16;3;12;18;5;
*p05:03;;;;;;;16.10.07;1;3;3;1;717;;3;13;5;16;12;9;9;16;3;12;18;5;
*z2;;;;;;;16.10.07;1;2;3;1;718;;13;5;16;12;9;3;9;16;3;12;18;5;
*13SQ/~~~66;;;;;;;16.10.30;1;2;3;1;741;;13;5;16;12;9;3;9;16;3;12;18;5;
a17RQ/~~~66~R;;;;;;;16.10.30;1;2;3;1;741;;13;5;16;12;9;3;9;16;3;12;18;5;
*16FH+~~~~4;;;;;;;16.10.35;1;2;3;1;743;;13;5;16;12;9;3;9;16;3;12;18;5;
*05ET+~~F;;;;;;;16.10.35;1;2;3;1;745;;13;5;16;12;9;3;9;16;3;12;18;5;
*16AT#W4~45~H2;p;p;;;;;16.10.36;1;2;3;1;746;;13;5;16;12;9;3;9;16;3;12;18;5;
a09DT=~~~45;p;;;;;;16.10.36;1;2;3;1;746;;13;5;16;12;9;3;9;16;3;12;18;5;
*p06:03;;;;;;;16.10.41;1;2;3;1;749;;13;5;16;12;9;3;9;16;3;12;18;5;
*13SQ!~~~65~~~N;;;;;;;16.11.01;1;2;3;1;772;;13;5;16;12;9;3;9;16;3;12;18;5;
a12RQ!~~~65~~~~22;;;;;;;16.11.01;1;2;3;1;772;;13;5;16;12;9;3;9;16;3;12;18;5;
a03ET+KBF~~~~~~K1;;;;;;;16.11.01;1;2;3;1;772;;13;5;16;12;9;3;9;16;3;12;18;5;
a12AT=W4~42~T1I;p;r;;;;;16.11.06;1;2;3;1;775;;13;5;16;12;9;3;9;16;3;12;18;5;
*$$&H#;p;;;;;;16.11.06;1;2;3;1;775;;13;5;16;12;9;3;9;16;3;12;18;5;
*p07:03;;;;;;;16.11.16;1;2;3;1;778;;13;5;16;12;9;3;9;16;3;12;18;5;
*13SQ-~~~65;;;;;;;16.11.33;1;2;3;1;804;;13;5;16;12;9;3;9;16;3;12;18;5;
a17RQ#~~~65;;;;;;;16.11.33;1;2;3;1;804;;13;5;16;12;9;3;9;16;3;12;18;5;
a03ET+K1F;;;;;;;16.11.33;1;2;3;1;804;;13;5;16;12;9;3;9;16;3;12;18;5;
a12AT#W4~46CH2;s;r;;;;;16.11.37;1;2;3;1;807;;13;5;16;12;9;3;9;16;3;12;18;5;
*$$&H=;s;;;;;;16.11.37;1;2;3;1;807;;13;5;16;12;9;3;9;16;3;12;18;5;
ap07:04;;;;;;;16.11.43;1;2;3;1;810;;13;5;16;12;9;3;9;16;3;12;18;5;
az2;;;;;;;16.11.43;1;2;2;1;814;;13;5;16;12;9;3;16;3;12;18;5;9;
a16SM-~~~15;;;;;;;16.11.55;1;2;2;1;826;;13;5;16;12;9;3;16;3;12;18;5;9;
*03RM+~~~15~O~~32;;;;;;;16.11.55;1;2;2;1;826;;13;5;16;12;9;3;16;3;12;18;5;9;
*05ET+K9F;;;;;;;16.11.55;1;2;2;1;826;;13;5;16;12;9;3;16;3;12;18;5;9;
*16AT#W4~42~H2S;s;r;;;;;16.11.59;1;2;2;1;829;;13;5;16;12;9;3;16;3;12;18;5;9;
a03BT=~~~~2~~2;s;;;;;;16.11.59;1;2;2;1;829;;13;5;16;12;9;3;16;3;12;18;5;9;
*p08:04;;;;;;;16.12.02;1;2;2;1;832;;13;5;16;12;9;3;16;3;12;18;5;9;
*z1;;;;;;;16.12.02;1;1;2;1;833;;5;16;12;9;3;13;16;3;12;18;5;9;
*05SM-~~~16;;;;;;;16.12.15;1;1;2;1;846;;5;16;12;9;3;13;16;3;12;18;5;9;
a09RM#~~~16;;;;;;;16.12.15;1;1;2;1;846;;5;16;12;9;3;13;16;3;12;18;5;9;
a03EQ+K1C;;;;;;;16.12.15;1;1;2;1;846;;5;16;12;9;3;13;16;3;12;18;5;9;
a18AQ=J1~31~H1;p;r;;;;;16.12.20;1;1;2;1;849;;5;16;12;9;3;13;16;3;12;18;5;9;
*$$&H#;p;;;;;;16.12.20;1;1;2;1;849;;5;16;12;9;3;13;16;3;12;18;5;9;
*p09:04;;;;;;;16.12.22;1;1;2;1;852;;5;16;12;9;3;13;16;3;12;18;5;9;
*05SM-~~~15;;;;;;;16.12.37;1;1;2;1;868;;5;16;12;9;3;13;16;3;12;18;5;9;
a12RM#~~~15;;;;;;;16.12.37;1;1;2;1;868;;5;16;12;9;3;13;16;3;12;18;5;9;
a03ET+KEB;;;;;;;16.12.37;1;1;2;1;868;;5;16;12;9;3;13;16;3;12;18;5;9;
a05AT-Y9~96~H2;;r;;;;;16.12.42;1;1;2;1;871;;5;16;12;9;3;13;16;3;12;18;5;9;
*03DT+~~~96;;;;;;;16.12.42;1;1;2;1;871;;5;16;12;9;3;13;16;3;12;18;5;9;
*05ET+~~B;;;;;;;16.12.42;1;1;2;1;873;;5;16;12;9;3;13;16;3;12;18;5;9;
*09AT-W2~27~T2;;p;;;;;16.12.44;1;1;2;1;874;;5;16;12;9;3;13;16;3;12;18;5;9;
a17DT+~~~27;;;;;;;16.12.44;1;1;2;1;874;;5;16;12;9;3;13;16;3;12;18;5;9;
a03ET+~~F;;;;;;;16.12.44;1;1;2;1;876;;5;16;12;9;3;13;16;3;12;18;5;9;
a12AT#W4~42~T2F;s;s;;;;;16.12.47;1;1;2;1;877;;5;16;12;9;3;13;16;3;12;18;5;9;
*12BT=~~~~2~~2;s;;;;;;16.12.47;1;1;2;1;877;;5;16;12;9;3;13;16;3;12;18;5;9;
ap09:05;;;;;;;16.12.53;1;1;2;1;880;;5;16;12;9;3;13;16;3;12;18;5;9;
az1;;;;;;;16.12.53;1;1;1;1;884;;5;16;12;9;3;13;3;12;18;5;9;16;
a03SQ-~~~15;;;;;;;16.13.06;1;1;1;1;897;;5;16;12;9;3;13;3;12;18;5;9;16;
*03RQ#~~~15;;;;;;;16.13.06;1;1;1;1;897;;5;16;12;9;3;13;3;12;18;5;9;16;
*05ET+K1B;;;;;;;16.13.06;1;1;1;1;897;;5;16;12;9;3;13;3;12;18;5;9;16;
*16AT/W2~24~H2;p;r;;;;;16.13.11;1;1;1;1;900;;5;16;12;9;3;13;3;12;18;5;9;16;
a12BT#~~~~4~~2;p;;;;;;16.13.11;1;1;1;1;900;;5;16;12;9;3;13;3;12;18;5;9;16;
ap09:06;;;;;;;16.13.15;1;1;1;1;903;;5;16;12;9;3;13;3;12;18;5;9;16;
a03SQ!~~~15;;;;;;;16.13.30;1;1;1;1;921;;5;16;12;9;3;13;3;12;18;5;9;16;
*03RQ!~~~15~~~~42;;;;;;;16.13.30;1;1;1;1;921;;5;16;12;9;3;13;3;12;18;5;9;16;
*05EQ+K7C;;;;;;;16.13.30;1;1;1;1;921;;5;16;12;9;3;13;3;12;18;5;9;16;
*12AQ-J1~38~T2;;r;;;;;16.13.34;1;1;1;1;924;;5;16;12;9;3;13;3;12;18;5;9;16;
a17DQ+~~~38;;;;;;;16.13.34;1;1;1;1;924;;5;16;12;9;3;13;3;12;18;5;9;16;
a05EH+~~F;;;;;;;16.13.34;1;1;1;1;926;;5;16;12;9;3;13;3;12;18;5;9;16;
a12AH-G4~46~H2;;p;;;;;16.13.38;1;1;1;1;927;;5;16;12;9;3;13;3;12;18;5;9;16;
*18DH+~~~46;;;;;;;16.13.38;1;1;1;1;927;;5;16;12;9;3;13;3;12;18;5;9;16;
*05EH+~~F;;;;;;;16.13.38;1;1;1;1;929;;5;16;12;9;3;13;3;12;18;5;9;16;
*09AH+G4~44~H2;;s;;;;;16.13.42;1;1;1;1;930;;5;16;12;9;3;13;3;12;18;5;9;16;
a12DH/~~~44;;;;;;;16.13.42;1;1;1;1;930;;5;16;12;9;3;13;3;12;18;5;9;16;
*16FH+~~~~2;;;;;;;16.13.46;1;1;1;1;932;;5;16;12;9;3;13;3;12;18;5;9;16;
*05ET+~~F;;;;;;;16.13.46;1;1;1;1;934;;5;16;12;9;3;13;3;12;18;5;9;16;
*09AT/W4~42~H2;p;s;;;;;16.13.48;1;1;1;1;935;;5;16;12;9;3;13;3;12;18;5;9;16;
a05BT#~~~~2~~2;p;;;;;;16.13.48;1;1;1;1;935;;5;16;12;9;3;13;3;12;18;5;9;16;
ap09:07;;;;;;;16.13.58;1;1;1;1;941;;5;16;12;9;3;13;3;12;18;5;9;16;
a03SQ!~~~18;;;;;;;16.14.07;1;1;1;1;958;;5;16;12;9;3;13;3;12;18;5;9;16;
*03RQ!~~~18~~~~32;;;;;;;16.14.07;1;1;1;1;958;;5;16;12;9;3;13;3;12;18;5;9;16;
*05ET+K8B;;;;;;;16.14.07;1;1;1;1;958;;5;16;12;9;3;13;3;12;18;5;9;16;
*16AT#W2~21~H1;s;r;;;;;16.14.12;1;1;1;1;961;;5;16;12;9;3;13;3;12;18;5;9;16;
a03DT=~~~21;s;;;;;;16.14.12;1;1;1;1;961;;5;16;12;9;3;13;3;12;18;5;9;16;
*p10:07;;;;;;;16.14.15;1;1;1;1;964;;5;16;12;9;3;13;3;12;18;5;9;16;
*z6;;;;;;;16.14.15;1;6;1;1;966;;16;12;9;3;13;5;3;12;18;5;9;16;
*16SQ=~~~13~~~N;s;;;;;;16.14.28;1;6;1;1;980;;16;12;9;3;13;5;3;12;18;5;9;16;
a$$&H#;s;;;;;;16.14.28;1;6;1;1;980;;16;12;9;3;13;5;3;12;18;5;9;16;
ap10:08;;;;;;;16.14.31;1;6;1;1;983;;16;12;9;3;13;5;3;12;18;5;9;16;
az6;;;;;;;16.14.31;1;6;6;1;982;;16;12;9;3;13;5;12;18;5;9;16;3;
a12SM+~~~51;;;;;;;16.14.46;1;6;6;1;997;;16;12;9;3;13;5;12;18;5;9;16;3;
*18RM-~~~51;;;;;;;16.14.46;1;6;6;1;997;;16;12;9;3;13;5;12;18;5;9;16;3;
*05EH+~~F;;;;;;;16.14.46;1;6;6;1;999;;16;12;9;3;13;5;12;18;5;9;16;3;
*03AH#G4~48~T2;s;r;;;;;16.14.50;1;6;6;1;1000;;16;12;9;3;13;5;12;18;5;9;16;3;
a05BH=~~~~2~~2;s;;;;;;16.14.50;1;6;6;1;1000;;16;12;9;3;13;5;12;18;5;9;16;3;
*p11:08;;;;;;;16.14.54;1;6;6;1;1003;;16;12;9;3;13;5;12;18;5;9;16;3;
*z5;;;;;;;16.14.54;1;5;6;1;1005;;12;9;3;13;5;16;12;18;5;9;16;3;
*12SQ#~~~56A;p;;;;;;16.15.12;1;5;6;1;1023;;12;9;3;13;5;16;12;18;5;9;16;3;
a12RQ=~~~56AL;p;;;;;;16.15.12;1;5;6;1;1023;;12;9;3;13;5;16;12;18;5;9;16;3;
*p12:08;;;;;;;16.15.22;1;5;6;1;1029;;12;9;3;13;5;16;12;18;5;9;16;3;
*12SQ#~~~56;p;;;;;;16.15.37;1;5;6;1;1049;;12;9;3;13;5;16;12;18;5;9;16;3;
a17RQ=~~~56~M;p;;;;;;16.15.37;1;5;6;1;1049;;12;9;3;13;5;16;12;18;5;9;16;3;
*p13:08;;;;;;;16.15.42;1;5;6;1;1053;;12;9;3;13;5;16;12;18;5;9;16;3;
aT;;;;;;;16.15.42;1;5;6;1;1053;;12;9;3;13;5;16;12;18;5;9;16;3;
*12SQ-~~~56;;;;;;;16.16.57;1;5;6;1;1128;;12;9;3;13;5;16;12;18;5;9;16;3;
a17RQ+~~~56~~~~41;;;;;;;16.16.57;1;5;6;1;1128;;12;9;3;13;5;16;12;18;5;9;16;3;
a03ET+K1B;;;;;;;16.16.57;1;5;6;1;1128;;12;9;3;13;5;16;12;18;5;9;16;3;
a05AT#W2~29CH2;s;r;;;;;16.17.02;1;5;6;1;1131;;12;9;3;13;5;16;12;18;5;9;16;3;
*05DT=~~~29C;s;;;;;;16.17.02;1;5;6;1;1131;;12;9;3;13;5;16;12;18;5;9;16;3;
ap13:09;;;;;;;16.17.11;1;5;6;1;1134;;12;9;3;13;5;16;12;18;5;9;16;3;
az5;;;;;;;16.17.11;1;5;5;1;1142;;12;9;3;13;5;16;18;5;9;16;3;12;
a18SQ/~~~66~~~N;;;;;;;16.17.20;1;5;5;1;1151;;12;9;3;13;5;16;18;5;9;16;3;12;
*16RQ/~~~66~M;;;;;;;16.17.20;1;5;5;1;1151;;12;9;3;13;5;16;18;5;9;16;3;12;
a09AO-V4~43;;p;;;;;16.17.25;1;5;5;1;1153;;12;9;3;13;5;16;18;5;9;16;3;12;
*13DH+~~~43;;;;;;;16.17.25;1;5;5;1;1153;;12;9;3;13;5;16;18;5;9;16;3;12;
*05EH+~~B;;;;;;;16.17.25;1;5;5;1;1155;;12;9;3;13;5;16;18;5;9;16;3;12;
*09AH=G2~24~T1S;p;s;;;;;16.17.28;1;5;5;1;1156;;12;9;3;13;5;16;18;5;9;16;3;12;
a$$&H#;p;;;;;;16.17.28;1;5;5;1;1156;;12;9;3;13;5;16;18;5;9;16;3;12;
ap13:10;;;;;;;16.17.32;1;5;5;1;1160;;12;9;3;13;5;16;18;5;9;16;3;12;
a18SQ-~~~66;;;;;;;16.17.46;1;5;5;1;1177;;12;9;3;13;5;16;18;5;9;16;3;12;
*18RQ#~~~66;;;;;;;16.17.46;1;5;5;1;1177;;12;9;3;13;5;16;18;5;9;16;3;12;
*05ET+K1P;;;;;;;16.17.46;1;5;5;1;1177;;12;9;3;13;5;16;18;5;9;16;3;12;
*16AT#Y8~85~H1;s;r;;;;;16.17.51;1;5;5;1;1180;;12;9;3;13;5;16;18;5;9;16;3;12;
a$$&H=;s;;;;;;16.17.51;1;5;5;1;1180;;12;9;3;13;5;16;18;5;9;16;3;12;
*p14:10;;;;;;;16.17.53;1;5;5;1;1183;;12;9;3;13;5;16;18;5;9;16;3;12;
*z4;;;;;;;16.17.53;1;4;5;1;1184;;9;3;13;5;16;12;18;5;9;16;3;12;
*09SQ=~~~61;s;;;;;;16.18.08;1;4;5;1;1199;;9;3;13;5;16;12;18;5;9;16;3;12;
a$$&H#;s;;;;;;16.18.08;1;4;5;1;1199;;9;3;13;5;16;12;18;5;9;16;3;12;
ap14:11;;;;;;;16.18.10;1;4;5;1;1201;;9;3;13;5;16;12;18;5;9;16;3;12;
az4;;;;;;;16.18.10;1;4;4;1;1201;;9;3;13;5;16;12;5;9;16;3;12;18;
a05SQ=~~~63;s;;;;;;16.18.26;1;4;4;1;1217;;9;3;13;5;16;12;5;9;16;3;12;18;
*$$&H#;s;;;;;;16.18.26;1;4;4;1;1217;;9;3;13;5;16;12;5;9;16;3;12;18;
*p15:11;;;;;;;16.18.29;1;4;4;1;1220;;9;3;13;5;16;12;5;9;16;3;12;18;
*z3;;;;;;;16.18.29;1;3;4;1;1220;;3;13;5;16;12;9;5;9;16;3;12;18;
*03SM-~~~16;;;;;;;16.18.43;1;3;4;1;1234;;3;13;5;16;12;9;5;9;16;3;12;18;
a12RM#~~~16~O;;;;;;;16.18.43;1;3;4;1;1234;;3;13;5;16;12;9;5;9;16;3;12;18;
a03ET+K1F;;;;;;;16.18.43;1;3;4;1;1234;;3;13;5;16;12;9;5;9;16;3;12;18;
a09AT!W4~47~H1;;r;;;;;16.18.49;1;3;4;1;1237;;3;13;5;16;12;9;5;9;16;3;12;18;
*13BT/~~~~2~~1;s;;;;;;16.18.54;1;3;4;1;1237;;3;13;5;16;12;9;5;9;16;3;12;18;
a$$&H#;s;;;;;;16.18.54;1;3;4;1;1237;;3;13;5;16;12;9;5;9;16;3;12;18;
ap15:12;;;;;;;16.18.57;1;3;4;1;1241;;3;13;5;16;12;9;5;9;16;3;12;18;
az3;;;;;;;16.18.57;1;3;3;1;1248;;3;13;5;16;12;9;9;16;3;12;18;5;
a09SM-~~~56;;;;;;;16.19.08;1;3;3;1;1257;;3;13;5;16;12;9;9;16;3;12;18;5;
*03RM#~~~56~O;;;;;;;16.19.08;1;3;3;1;1257;;3;13;5;16;12;9;9;16;3;12;18;5;
*05EQ+K1C;;;;;;;16.19.08;1;3;3;1;1257;;3;13;5;16;12;9;9;16;3;12;18;5;
*13AQ#J4~33~H2;s;r;;;;;16.19.11;1;3;3;1;1260;;3;13;5;16;12;9;9;16;3;12;18;5;
a16BQ=~~~~3~~2;s;;;;;;16.19.11;1;3;3;1;1260;;3;13;5;16;12;9;9;16;3;12;18;5;
*p16:12;;;;;;;16.19.13;1;3;3;1;1263;;3;13;5;16;12;9;9;16;3;12;18;5;
*z2;;;;;;;16.19.13;1;2;3;1;1264;;13;5;16;12;9;3;9;16;3;12;18;5;
*13SQ=~~~66;s;;;;;;16.19.34;1;2;3;1;1285;;13;5;16;12;9;3;9;16;3;12;18;5;
a$$&H#;s;;;;;;16.19.34;1;2;3;1;1285;;13;5;16;12;9;3;9;16;3;12;18;5;
ap16:13;;;;;;;16.19.38;1;2;3;1;1289;;13;5;16;12;9;3;9;16;3;12;18;5;
az2;;;;;;;16.19.38;1;2;2;1;1289;;13;5;16;12;9;3;16;3;12;18;5;9;
a16SM+~~~18;;;;;;;16.19.50;1;2;2;1;1302;;13;5;16;12;9;3;16;3;12;18;5;9;
*03RM-~~~18~O;;;;;;;16.19.50;1;2;2;1;1302;;13;5;16;12;9;3;16;3;12;18;5;9;
*05EH+~~F;;;;;;;16.19.50;1;2;2;1;1304;;13;5;16;12;9;3;16;3;12;18;5;9;
*16AH/G4~42~H2;p;r;;;;;16.19.55;1;2;2;1;1305;;13;5;16;12;9;3;16;3;12;18;5;9;
a18BH#~~~~2~~2;p;;;;;;16.19.55;1;2;2;1;1305;;13;5;16;12;9;3;16;3;12;18;5;9;
ap16:14;;;;;;;16.20.01;1;2;2;1;1308;;13;5;16;12;9;3;16;3;12;18;5;9;
a16SM-~~~17;;;;;;;16.20.10;1;2;2;1;1321;;13;5;16;12;9;3;16;3;12;18;5;9;
*03RM#~~~17~O;;;;;;;16.20.10;1;2;2;1;1321;;13;5;16;12;9;3;16;3;12;18;5;9;
*05EQ+K1C;;;;;;;16.20.10;1;2;2;1;1321;;13;5;16;12;9;3;16;3;12;18;5;9;
*12AQ+J1~33~H2;;r;;;;;16.20.14;1;2;2;1;1324;;13;5;16;12;9;3;16;3;12;18;5;9;
a18BQ-~~~~3~~2;;;;;;;16.20.14;1;2;2;1;1324;;13;5;16;12;9;3;16;3;12;18;5;9;
*05DH+~~~~3;;;;;;;16.20.14;1;2;2;1;1324;;13;5;16;12;9;3;16;3;12;18;5;9;
*03EH+~~F;;;;;;;16.20.14;1;2;2;1;1326;;13;5;16;12;9;3;16;3;12;18;5;9;
*16AH+G4~46~H2;;s;;;;;16.20.18;1;2;2;1;1327;;13;5;16;12;9;3;16;3;12;18;5;9;
a09DH/~~~46;;;;;;;16.20.18;1;2;2;1;1327;;13;5;16;12;9;3;16;3;12;18;5;9;
*16AO=V4~4;p;s;;;;;16.20.25;1;2;2;1;1329;;13;5;16;12;9;3;16;3;12;18;5;9;
a$$&H#;p;;;;;;16.20.25;1;2;2;1;1329;;13;5;16;12;9;3;16;3;12;18;5;9;
ap16:15;;;;;;;16.20.43;1;2;2;1;1332;;13;5;16;12;9;3;16;3;12;18;5;9;
a16SM!~~~17;;;;;;;16.21.29;1;2;2;1;1401;;13;5;16;12;9;3;16;3;12;18;5;9;
*03RM!~~~17~O~~42;;;;;;;16.21.29;1;2;2;1;1401;;13;5;16;12;9;3;16;3;12;18;5;9;
*05ET+K8B;;;;;;;16.21.29;1;2;2;1;1401;;13;5;16;12;9;3;16;3;12;18;5;9;
*09AT#Y9~99CH2;s;r;;;;;16.21.33;1;2;2;1;1404;;13;5;16;12;9;3;16;3;12;18;5;9;
a05DT=~~~99C;s;;;;;;16.21.33;1;2;2;1;1404;;13;5;16;12;9;3;16;3;12;18;5;9;
*p17:15;;;;;;;16.21.38;1;2;2;1;1407;;13;5;16;12;9;3;16;3;12;18;5;9;
*z1;;;;;;;16.21.39;1;1;2;1;1410;;5;16;12;9;3;13;16;3;12;18;5;9;
*05SM-~~~15;;;;;;;16.21.50;1;1;2;1;1421;;5;16;12;9;3;13;16;3;12;18;5;9;
a09RM#~~~15;;;;;;;16.21.50;1;1;2;1;1421;;5;16;12;9;3;13;16;3;12;18;5;9;
a03ET+K1B;;;;;;;16.21.50;1;1;2;1;1421;;5;16;12;9;3;13;16;3;12;18;5;9;
a05AT/Y9~94~H2;p;r;;;;;16.21.55;1;1;2;1;1424;;5;16;12;9;3;13;16;3;12;18;5;9;
*09BT#~~~~4~~2;p;;;;;;16.21.55;1;1;2;1;1424;;5;16;12;9;3;13;16;3;12;18;5;9;
*p18:15;;;;;;;16.22.05;1;1;2;1;1428;;5;16;12;9;3;13;16;3;12;18;5;9;
*05SM-~~~16;;;;;;;16.22.14;1;1;2;1;1445;;5;16;12;9;3;13;16;3;12;18;5;9;
a09RM#~~~16;;;;;;;16.22.14;1;1;2;1;1445;;5;16;12;9;3;13;16;3;12;18;5;9;
a03EQ+K1C;;;;;;;16.22.14;1;1;2;1;1445;;5;16;12;9;3;13;16;3;12;18;5;9;
a18AQ#J1~31AH2;s;r;;;;;16.22.20;1;1;2;1;1448;;5;16;12;9;3;13;16;3;12;18;5;9;
*$$&H=;s;;;;;;16.22.20;1;1;2;1;1448;;5;16;12;9;3;13;16;3;12;18;5;9;
ap18:16;;;;;;;16.22.25;1;1;2;1;1452;;5;16;12;9;3;13;16;3;12;18;5;9;
az1;;;;;;;16.22.25;1;1;1;1;1456;;5;16;12;9;3;13;3;12;18;5;9;16;
a03SQ-~~~15~~~N;;;;;;;16.22.36;1;1;1;1;1467;;5;16;12;9;3;13;3;12;18;5;9;16;
*09RQ#~~~15;;;;;;;16.22.36;1;1;1;1;1467;;5;16;12;9;3;13;3;12;18;5;9;16;
*05ET+K2B;;;;;;;16.22.36;1;1;1;1;1467;;5;16;12;9;3;13;3;12;18;5;9;16;
*16AT#W2~24~H2;s;r;;;;;16.22.41;1;1;1;1;1470;;5;16;12;9;3;13;3;12;18;5;9;16;
a12BT=~~~~4~~2;s;;;;;;16.22.41;1;1;1;1;1470;;5;16;12;9;3;13;3;12;18;5;9;16;
*p19:16;;;;;;;16.22.47;1;1;1;1;1473;;5;16;12;9;3;13;3;12;18;5;9;16;
*z6;;;;;;;16.22.47;1;6;1;1;1478;;16;12;9;3;13;5;3;12;18;5;9;16;
*c16:06;;;;;;;16.22.47;1;6;1;1;1478;;6;12;9;3;13;5;3;12;18;5;9;16;
*06SM!~~~61;;;;;;;16.23.08;1;6;1;1;1499;;6;12;9;3;13;5;3;12;18;5;9;16;
a12RM!~~~61~~~~31;;;;;;;16.23.08;1;6;1;1;1499;;6;12;9;3;13;5;3;12;18;5;9;16;
a03EQ+KBC;;;;;;;16.23.08;1;6;1;1;1499;;6;12;9;3;13;5;3;12;18;5;9;16;
a18AQ#J1~31CH2;s;r;;;;;16.23.13;1;6;1;1;1502;;6;12;9;3;13;5;3;12;18;5;9;16;
*06DQ=~~~31C;s;;;;;;16.23.13;1;6;1;1;1502;;6;12;9;3;13;5;3;12;18;5;9;16;
ap19:17;;;;;;;16.23.22;1;6;1;1;1505;;6;12;9;3;13;5;3;12;18;5;9;16;
az6;;;;;;;16.23.22;1;6;6;1;1513;;6;12;9;3;13;5;12;18;5;9;16;3;
a12SM!~~~51;;;;;;;16.23.30;1;6;6;1;1521;;6;12;9;3;13;5;12;18;5;9;16;3;
*06RM!~~~51~~~~21;;;;;;;16.23.30;1;6;6;1;1521;;6;12;9;3;13;5;12;18;5;9;16;3;
*05ET+KBF;;;;;;;16.23.30;1;6;6;1;1521;;6;12;9;3;13;5;12;18;5;9;16;3;
*03AT#W4~45DH2;s;r;;;;;16.23.34;1;6;6;1;1524;;6;12;9;3;13;5;12;18;5;9;16;3;
a05BT=~~~~2~~2;s;;;;;;16.23.34;1;6;6;1;1524;;6;12;9;3;13;5;12;18;5;9;16;3;
*p20:17;;;;;;;16.23.46;1;6;6;1;1527;;6;12;9;3;13;5;12;18;5;9;16;3;
*z5;;;;;;;16.23.46;1;5;6;1;1537;;12;9;3;13;5;6;12;18;5;9;16;3;
*12SQ=~~~55;s;;;;;;16.23.57;1;5;6;1;1549;;12;9;3;13;5;6;12;18;5;9;16;3;
a$$&H#;s;;;;;;16.23.57;1;5;6;1;1549;;12;9;3;13;5;6;12;18;5;9;16;3;
ap20:18;;;;;;;16.24.02;1;5;6;1;1554;;12;9;3;13;5;6;12;18;5;9;16;3;
az5;;;;;;;16.24.02;1;5;5;1;1553;;12;9;3;13;5;6;18;5;9;16;3;12;
ac18:15;;;;;;;16.24.02;1;5;5;1;1553;;12;9;3;13;5;6;15;5;9;16;3;12;
a15SM-~~~15;;;;;;;16.24.26;1;5;5;1;1578;;12;9;3;13;5;6;15;5;9;16;3;12;
*06RM#~~~15;;;;;;;16.24.26;1;5;5;1;1578;;12;9;3;13;5;6;15;5;9;16;3;12;
*05EQ+K1C;;;;;;;16.24.26;1;5;5;1;1578;;12;9;3;13;5;6;15;5;9;16;3;12;
*13AQ#J4~33~H2;s;r;;;;;16.24.32;1;5;5;1;1581;;12;9;3;13;5;6;15;5;9;16;3;12;
a05BQ=~~~~3~~2;s;;;;;;16.24.32;1;5;5;1;1581;;12;9;3;13;5;6;15;5;9;16;3;12;
*p21:18;;;;;;;16.24.34;1;5;5;1;1584;;12;9;3;13;5;6;15;5;9;16;3;12;
*z4;;;;;;;16.24.34;1;4;5;1;1585;;9;3;13;5;6;12;15;5;9;16;3;12;
*c09:02;;;;;;;16.24.34;1;4;5;1;1585;;2;3;13;5;6;12;15;5;9;16;3;12;
*c05:01;;;;;;;16.24.34;1;4;5;1;1585;;2;3;13;1;6;12;15;5;9;16;3;12;
*P2;;;;;;;16.24.34;1;4;5;1;1585;;2;3;13;1;6;12;15;5;9;16;3;12;
*z1;;;;;;;16.24.34;1;1;5;1;1585;;2;3;13;1;6;12;15;5;9;16;3;12;
*02SM-~~~19~~~N;;;;;;;16.25.12;1;1;5;1;1623;;2;3;13;1;6;12;15;5;9;16;3;12;
a17RM+~~~19~W~~41;;;;;;;16.25.12;1;1;5;1;1623;;2;3;13;1;6;12;15;5;9;16;3;12;
a03EQ+K1C;;;;;;;16.25.19;1;1;5;1;1623;;2;3;13;1;6;12;15;5;9;16;3;12;
a16AQ-J4~39~H1;;r;;;;;16.25.18;1;1;5;1;1626;;2;3;13;1;6;12;15;5;9;16;3;12;
*02DQ+~~~39;;;;;;;16.25.18;1;1;5;1;1626;;2;3;13;1;6;12;15;5;9;16;3;12;
*18EH+~~F;;;;;;;16.25.18;1;1;5;1;1628;;2;3;13;1;6;12;15;5;9;16;3;12;
*01AH#G4~45~H2;p;p;;;;;16.25.20;1;1;5;1;1629;;2;3;13;1;6;12;15;5;9;16;3;12;
a17DH=~~~45;p;;;;;;16.25.20;1;1;5;1;1629;;2;3;13;1;6;12;15;5;9;16;3;12;
*p22:18;;;;;;;16.25.29;1;1;5;1;1632;;2;3;13;1;6;12;15;5;9;16;3;12;
aT;;;;;;;16.25.29;1;1;5;1;1640;;2;3;13;1;6;12;15;5;9;16;3;12;
*02SM+~~~66;;;;;;;16.26.23;1;1;5;1;1694;;2;3;13;1;6;12;15;5;9;16;3;12;
a12RM-~~~66;;;;;;;16.26.23;1;1;5;1;1694;;2;3;13;1;6;12;15;5;9;16;3;12;
a03EH/KF;;;;;;;16.26.28;1;1;5;1;1696;;2;3;13;1;6;12;15;5;9;16;3;12;
*18FH+~~~~7;;;;;;;16.26.29;1;1;5;1;1697;;2;3;13;1;6;12;15;5;9;16;3;12;
*02EQ+~~C;;;;;;;16.26.29;1;1;5;1;1699;;2;3;13;1;6;12;15;5;9;16;3;12;
*13AQ#J4~37DH1;p;p;;;;;16.26.32;1;1;5;1;1700;;2;3;13;1;6;12;15;5;9;16;3;12;
a$$&H=;p;;;;;;16.26.32;1;1;5;1;1700;;2;3;13;1;6;12;15;5;9;16;3;12;
*p23:18;;;;;;;16.26.39;1;1;5;1;1703;;2;3;13;1;6;12;15;5;9;16;3;12;
*02SM-~~~66;;;;;;;16.26.50;1;1;5;1;1722;;2;3;13;1;6;12;15;5;9;16;3;12;
a12RM+~~~66~~~~21;;;;;;;16.26.50;1;1;5;1;1722;;2;3;13;1;6;12;15;5;9;16;3;12;
a03ET+K1F;;;;;;;16.26.50;1;1;5;1;1722;;2;3;13;1;6;12;15;5;9;16;3;12;
a09AT#W4~49DH1;s;r;;;;;16.26.55;1;1;5;1;1725;;2;3;13;1;6;12;15;5;9;16;3;12;
*$$&H=;s;;;;;;16.26.55;1;1;5;1;1725;;2;3;13;1;6;12;15;5;9;16;3;12;
ap23:19;;;;;;;16.27.04;1;1;5;1;1728;;2;3;13;1;6;12;15;5;9;16;3;12;
az4;;;;;;;16.27.04;1;1;4;1;1735;;2;3;13;1;6;12;5;9;16;3;12;15;
a05SQ=~~~65;s;;;;;;16.27.15;1;1;4;1;1746;;2;3;13;1;6;12;5;9;16;3;12;15;
*$$&H#;s;;;;;;16.27.15;1;1;4;1;1746;;2;3;13;1;6;12;5;9;16;3;12;15;
*p24:19;;;;;;;16.27.20;1;1;4;1;1751;;2;3;13;1;6;12;5;9;16;3;12;15;
*z6;;;;;;;16.27.20;1;6;4;1;1751;;3;13;1;6;12;2;5;9;16;3;12;15;
*c06:16;;;;;;;16.27.20;1;6;4;1;1751;;3;13;1;16;12;2;5;9;16;3;12;15;
*03SM!~~~11;;;;;;;16.27.36;1;6;4;1;1768;;3;13;1;16;12;2;5;9;16;3;12;15;
a17RM!~~~11~~~~42;;;;;;;16.27.36;1;6;4;1;1768;;3;13;1;16;12;2;5;9;16;3;12;15;
a03ET+K1B;;;;;;;16.27.36;1;6;4;1;1768;;3;13;1;16;12;2;5;9;16;3;12;15;
a05AT/Y9~94~H2;p;r;;;;;16.27.43;1;6;4;1;1771;;3;13;1;16;12;2;5;9;16;3;12;15;
*16BT#~~~~4~~2;p;;;;;;16.27.43;1;6;4;1;1771;;3;13;1;16;12;2;5;9;16;3;12;15;
*p25:19;;;;;;;16.27.57;1;6;4;1;1775;;3;13;1;16;12;2;5;9;16;3;12;15;
**1set;;;;;;;16.27.57;2;6;4;1;1788;;;;;;;;;;;;;;
*P05>LUp;;;;;;;16.27.57;2;6;4;1;1788;;16;12;9;3;13;5;12;18;5;9;16;3;
*z6>LUp;;;;;;;16.27.57;2;6;4;1;1788;;16;12;9;3;13;5;12;18;5;9;16;3;
aP03>LUp;;;;;;;16.27.57;2;6;4;1;1788;;16;12;9;3;13;5;12;18;5;9;16;3;
az6>LUp;;;;;;;16.27.57;2;6;6;1;1788;;16;12;9;3;13;5;12;18;5;9;16;3;
*16SQ!~~~16;;;;;;;16.31.37;2;6;6;1;2008;;16;12;9;3;13;5;12;18;5;9;16;3;
a17RQ!~~~16~~~~32;;;;;;;16.31.37;2;6;6;1;2008;;16;12;9;3;13;5;12;18;5;9;16;3;
a03ET+KEF;;;;;;;16.31.37;2;6;6;1;2008;;16;12;9;3;13;5;12;18;5;9;16;3;
a09AT/W4~42~T1;p;r;;;;;16.31.42;2;6;6;1;2011;;16;12;9;3;13;5;12;18;5;9;16;3;
*09BT#~~~~2~~1;p;;;;;;16.31.42;2;6;6;1;2011;;16;12;9;3;13;5;12;18;5;9;16;3;
*p01:00;;;;;;;16.31.48;2;6;6;1;2019;;16;12;9;3;13;5;12;18;5;9;16;3;
*16SQ-~~~15;;;;;;;16.31.58;2;6;6;1;2029;;16;12;9;3;13;5;12;18;5;9;16;3;
a09RQ#~~~15;;;;;;;16.31.58;2;6;6;1;2029;;16;12;9;3;13;5;12;18;5;9;16;3;
a03ET+K1B;;;;;;;16.31.58;2;6;6;1;2029;;16;12;9;3;13;5;12;18;5;9;16;3;
a05AT#W2~26~H2;s;r;;;;;16.32.02;2;6;6;1;2032;;16;12;9;3;13;5;12;18;5;9;16;3;
*16DT=~~~26;s;;;;;;16.32.02;2;6;6;1;2032;;16;12;9;3;13;5;12;18;5;9;16;3;
ap01:01;;;;;;;16.32.09;2;6;6;1;2035;;16;12;9;3;13;5;12;18;5;9;16;3;
az5;;;;;;;16.32.09;2;6;5;1;2040;;16;12;9;3;13;5;18;5;9;16;3;12;
a18SM+~~~67A;;;;;;;16.32.24;2;6;5;1;2054;;16;12;9;3;13;5;18;5;9;16;3;12;
*03RM-~~~67AO;;;;;;;16.32.24;2;6;5;1;2054;;16;12;9;3;13;5;18;5;9;16;3;12;
*05EH+~~B;;;;;;;16.32.24;2;6;5;1;2055;;16;12;9;3;13;5;18;5;9;16;3;12;
*09AH=G2~21~H2S;p;r;;;;;16.32.27;2;6;5;1;2057;;16;12;9;3;13;5;18;5;9;16;3;12;
a$$&H#;p;;;;;;16.32.27;2;6;5;1;2057;;16;12;9;3;13;5;18;5;9;16;3;12;
ap01:02;;;;;;;16.32.32;2;6;5;1;2060;;16;12;9;3;13;5;18;5;9;16;3;12;
a18SM+~~~66;;;;;;;16.32.44;2;6;5;1;2075;;16;12;9;3;13;5;18;5;9;16;3;12;
*18RM-~~~66;;;;;;;16.32.44;2;6;5;1;2075;;16;12;9;3;13;5;18;5;9;16;3;12;
*05EH+~~F;;;;;;;16.32.44;2;6;5;1;2077;;16;12;9;3;13;5;18;5;9;16;3;12;
*03AH-G4~45~H2;;r;;;;;16.32.49;2;6;5;1;2078;;16;12;9;3;13;5;18;5;9;16;3;12;
a18DH+~~~45;;;;;;;16.32.49;2;6;5;1;2078;;16;12;9;3;13;5;18;5;9;16;3;12;
a03EH+~~B;;;;;;;16.32.49;2;6;5;1;2080;;16;12;9;3;13;5;18;5;9;16;3;12;
a05AH=G2~25~H2;s;p;;;;;16.32.53;2;6;5;1;2081;;16;12;9;3;13;5;18;5;9;16;3;12;
*$$&H#;s;;;;;;16.32.53;2;6;5;1;2081;;16;12;9;3;13;5;18;5;9;16;3;12;
*p02:02;;;;;;;16.33.43;2;6;5;1;2087;;16;12;9;3;13;5;18;5;9;16;3;12;
*z5;;;;;;;16.33.43;2;5;5;1;2134;;12;9;3;13;5;16;18;5;9;16;3;12;
*12SQ/~~~55;;;;;;;16.33.45;2;5;5;1;2134;;12;9;3;13;5;16;18;5;9;16;3;12;
a09RQ/~~~55~R;;;;;;;16.33.45;2;5;5;1;2134;;12;9;3;13;5;16;18;5;9;16;3;12;
*13FH=~~~~3;s;;;;;;16.33.59;2;5;5;1;2134;;12;9;3;13;5;16;18;5;9;16;3;12;
a$$&H#;s;;;;;;16.33.59;2;5;5;1;2134;;12;9;3;13;5;16;18;5;9;16;3;12;
ap02:03;;;;;;;16.34.01;2;5;5;1;2140;;12;9;3;13;5;16;18;5;9;16;3;12;
az4;;;;;;;16.34.01;2;5;4;1;2152;;12;9;3;13;5;16;5;9;16;3;12;18;
a05SQ=~~~66;s;;;;;;16.34.04;2;5;4;1;2155;;12;9;3;13;5;16;5;9;16;3;12;18;
*$$&H#;s;;;;;;16.34.04;2;5;4;1;2155;;12;9;3;13;5;16;5;9;16;3;12;18;
*p03:03;;;;;;;16.34.09;2;5;4;1;2160;;12;9;3;13;5;16;5;9;16;3;12;18;
*z4;;;;;;;16.34.09;2;4;4;1;2160;;9;3;13;5;16;12;5;9;16;3;12;18;
*09SQ!~~~66;;;;;;;16.34.22;2;4;4;1;2173;;9;3;13;5;16;12;5;9;16;3;12;18;
a12RQ!~~~66~~~~21;;;;;;;16.34.22;2;4;4;1;2173;;9;3;13;5;16;12;5;9;16;3;12;18;
a03EH+KBB~~~~~~KE;;;;;;;16.34.22;2;4;4;1;2173;;9;3;13;5;16;12;5;9;16;3;12;18;
a05AH=G9~95~H2;p;r;;;;;16.34.27;2;4;4;1;2176;;9;3;13;5;16;12;5;9;16;3;12;18;
*$$&H#;p;;;;;;16.34.27;2;4;4;1;2176;;9;3;13;5;16;12;5;9;16;3;12;18;
*p04:03;;;;;;;16.34.32;2;4;4;1;2179;;9;3;13;5;16;12;5;9;16;3;12;18;
*09SQ/~~~66;;;;;;;16.34.46;2;4;4;1;2197;;9;3;13;5;16;12;5;9;16;3;12;18;
a12RQ/~~~66~W;;;;;;;16.34.46;2;4;4;1;2197;;9;3;13;5;16;12;5;9;16;3;12;18;
*13FH+~~~~3;;;;;;;16.34.50;2;4;4;1;2199;;9;3;13;5;16;12;5;9;16;3;12;18;
*05AO#JJ~39~T0;p;p;;;;;16.34.52;2;4;4;1;2201;;9;3;13;5;16;12;5;9;16;3;12;18;
a$$&H=;p;;;;;;16.34.52;2;4;4;1;2201;;9;3;13;5;16;12;5;9;16;3;12;18;
*p05:03;;;;;;;16.34.53;2;4;4;1;2204;;9;3;13;5;16;12;5;9;16;3;12;18;
*09SQ-~~~66;;;;;;;16.35.09;2;4;4;1;2220;;9;3;13;5;16;12;5;9;16;3;12;18;
a12RQ#~~~66;;;;;;;16.35.09;2;4;4;1;2220;;9;3;13;5;16;12;5;9;16;3;12;18;
a03EQ+K1C;;;;;;;16.35.09;2;4;4;1;2220;;9;3;13;5;16;12;5;9;16;3;12;18;
a16AQ#J1~35AH2;s;r;;;;;16.35.14;2;4;4;1;2223;;9;3;13;5;16;12;5;9;16;3;12;18;
*$$&H=;s;;;;;;16.35.14;2;4;4;1;2223;;9;3;13;5;16;12;5;9;16;3;12;18;
ap05:04;;;;;;;16.35.17;2;4;4;1;2226;;9;3;13;5;16;12;5;9;16;3;12;18;
az3;;;;;;;16.35.17;2;4;3;1;2228;;9;3;13;5;16;12;9;16;3;12;18;5;
a09SM+~~~65;;;;;;;16.35.30;2;4;3;1;2242;;9;3;13;5;16;12;9;16;3;12;18;5;
*03RM-~~~65~O;;;;;;;16.35.30;2;4;3;1;2242;;9;3;13;5;16;12;9;16;3;12;18;5;
*05ET+~~F;;;;;;;16.35.30;2;4;3;1;2244;;9;3;13;5;16;12;9;16;3;12;18;5;
*03AT-W4~42~H2;;r;;;;;16.35.35;2;4;3;1;2245;;9;3;13;5;16;12;9;16;3;12;18;5;
a03BT+~~~~2~~2;;;;;;;16.35.35;2;4;3;1;2245;;9;3;13;5;16;12;9;16;3;12;18;5;
a09DH+~~~~6;;;;;;;16.35.38;2;4;3;1;2245;;9;3;13;5;16;12;9;16;3;12;18;5;
a03ET+~~F;;;;;;;16.35.38;2;4;3;1;2247;;9;3;13;5;16;12;9;16;3;12;18;5;
a12AT#W4~47AH1;p;p;;;;;16.35.40;2;4;3;1;2248;;9;3;13;5;16;12;9;16;3;12;18;5;
*$$&H=;p;;;;;;16.35.40;2;4;3;1;2248;;9;3;13;5;16;12;9;16;3;12;18;5;
ap05:05;;;;;;;16.35.46;2;4;3;1;2254;;9;3;13;5;16;12;9;16;3;12;18;5;
a09SM+~~~67;;;;;;;16.35.57;2;4;3;1;2269;;9;3;13;5;16;12;9;16;3;12;18;5;
*03RM-~~~67~O;;;;;;;16.35.57;2;4;3;1;2269;;9;3;13;5;16;12;9;16;3;12;18;5;
*05EH+~~B;;;;;;;16.35.57;2;4;3;1;2271;;9;3;13;5;16;12;9;16;3;12;18;5;
*09AH=G9~94~H2N;p;r;;;;;16.35.57;2;4;3;1;2272;;9;3;13;5;16;12;9;16;3;12;18;5;
a$$&H#;p;;;;;;16.35.57;2;4;3;1;2272;;9;3;13;5;16;12;9;16;3;12;18;5;
ap05:06;;;;;;;16.36.06;2;4;3;1;2275;;9;3;13;5;16;12;9;16;3;12;18;5;
a09SM-~~~65;;;;;;;16.36.19;2;4;3;1;2291;;9;3;13;5;16;12;9;16;3;12;18;5;
*03RM#~~~65~O;;;;;;;16.36.19;2;4;3;1;2291;;9;3;13;5;16;12;9;16;3;12;18;5;
*05ET+K1B;;;;;;;16.36.19;2;4;3;1;2291;;9;3;13;5;16;12;9;16;3;12;18;5;
*09AT#Y9~94~H2O;s;r;;;;;16.36.24;2;4;3;1;2294;;9;3;13;5;16;12;9;16;3;12;18;5;
a12BT=~~~~4~~2;s;;;;;;16.36.24;2;4;3;1;2294;;9;3;13;5;16;12;9;16;3;12;18;5;
*p06:06;;;;;;;16.36.26;2;4;3;1;2297;;9;3;13;5;16;12;9;16;3;12;18;5;
*z3;;;;;;;16.36.26;2;3;3;1;2297;;3;13;5;16;12;9;9;16;3;12;18;5;
*03SM+~~~11;;;;;;;16.36.42;2;3;3;1;2313;;3;13;5;16;12;9;9;16;3;12;18;5;
a09RM-~~~11~O;;;;;;;16.36.42;2;3;3;1;2313;;3;13;5;16;12;9;9;16;3;12;18;5;
a17EH+~~B;;;;;;;16.36.47;2;3;3;1;2315;;3;13;5;16;12;9;9;16;3;12;18;5;
a05AH=G9~91~H3;p;r;;;;;16.36.48;2;3;3;1;2316;;3;13;5;16;12;9;9;16;3;12;18;5;
*$$&H#;p;;;;;;16.36.48;2;3;3;1;2316;;3;13;5;16;12;9;9;16;3;12;18;5;
*p07:06;;;;;;;16.36.52;2;3;3;1;2321;;3;13;5;16;12;9;9;16;3;12;18;5;
*03SM!~~~11;;;;;;;16.37.06;2;3;3;1;2338;;3;13;5;16;12;9;9;16;3;12;18;5;
a09RM!~~~11~~~~32;;;;;;;16.37.06;2;3;3;1;2338;;3;13;5;16;12;9;9;16;3;12;18;5;
a03ET+K1B;;;;;;;16.37.06;2;3;3;1;2338;;3;13;5;16;12;9;9;16;3;12;18;5;
a05AT-Y9~98~T1;;r;;;;;16.37.12;2;3;3;1;2341;;3;13;5;16;12;9;9;16;3;12;18;5;
*09DT+~~~98;;;;;;;16.37.12;2;3;3;1;2341;;3;13;5;16;12;9;9;16;3;12;18;5;
*05EQ+~~C;;;;;;;16.37.12;2;3;3;1;2343;;3;13;5;16;12;9;9;16;3;12;18;5;
*13AQ+J1~33~T2;;p;;;;;16.37.15;2;3;3;1;2344;;3;13;5;16;12;9;9;16;3;12;18;5;
a12DQ/~~~33;;;;;;;16.37.15;2;3;3;1;2344;;3;13;5;16;12;9;9;16;3;12;18;5;
*13FH+~~~~3;;;;;;;16.37.18;2;3;3;1;2345;;3;13;5;16;12;9;9;16;3;12;18;5;
*05EQ+~~C;;;;;;;16.37.18;2;3;3;1;2348;;3;13;5;16;12;9;9;16;3;12;18;5;
*13AQ-J4~36~H2;;p;;;;;16.37.20;2;3;3;1;2349;;3;13;5;16;12;9;9;16;3;12;18;5;
a09DQ+~~~36;;;;;;;16.37.20;2;3;3;1;2349;;3;13;5;16;12;9;9;16;3;12;18;5;
a16EH+~~B;;;;;;;16.37.20;2;3;3;1;2351;;3;13;5;16;12;9;9;16;3;12;18;5;
a05AH#G9~93~T2;s;s;;;;;16.37.27;2;3;3;1;2352;;3;13;5;16;12;9;9;16;3;12;18;5;
*$$&H=;s;;;;;;16.37.27;2;3;3;1;2352;;3;13;5;16;12;9;9;16;3;12;18;5;
ap07:07;;;;;;;16.37.39;2;3;3;1;2356;;3;13;5;16;12;9;9;16;3;12;18;5;
az2;;;;;;;16.37.39;2;3;2;1;2370;;3;13;5;16;12;9;16;3;12;18;5;9;
a16SM-~~~16;;;;;;;16.37.59;2;3;2;1;2389;;3;13;5;16;12;9;16;3;12;18;5;9;
*03RM#~~~16~O;;;;;;;16.37.59;2;3;2;1;2389;;3;13;5;16;12;9;16;3;12;18;5;9;
*05ET+K1F;;;;;;;16.37.59;2;3;2;1;2389;;3;13;5;16;12;9;16;3;12;18;5;9;
*16AT#W4~45~H1;s;r;;;;;16.38.03;2;3;2;1;2392;;3;13;5;16;12;9;16;3;12;18;5;9;
a09DT=~~~45;s;;;;;;16.38.03;2;3;2;1;2392;;3;13;5;16;12;9;16;3;12;18;5;9;
*p08:07;;;;;;;16.38.07;2;3;2;1;2395;;3;13;5;16;12;9;16;3;12;18;5;9;
*z2;;;;;;;16.38.07;2;2;2;1;2398;;13;5;16;12;9;3;16;3;12;18;5;9;
*13SM+~~~55;;;;;;;16.38.25;2;2;2;1;2417;;13;5;16;12;9;3;16;3;12;18;5;9;
a12RM-~~~55;;;;;;;16.38.25;2;2;2;1;2417;;13;5;16;12;9;3;16;3;12;18;5;9;
a17EH+~~B;;;;;;;16.38.25;2;2;2;1;2419;;13;5;16;12;9;3;16;3;12;18;5;9;
a05AH=G9~95~H1;p;r;;;;;16.38.31;2;2;2;1;2420;;13;5;16;12;9;3;16;3;12;18;5;9;
*$$&H#;p;;;;;;16.38.31;2;2;2;1;2420;;13;5;16;12;9;3;16;3;12;18;5;9;
*p09:07;;;;;;;16.38.41;2;2;2;1;2426;;13;5;16;12;9;3;16;3;12;18;5;9;
ac05:13;;;;;;;16.38.41;2;2;2;1;2432;;13;5;16;12;9;3;16;3;12;18;13;9;
*13SM-~~~55;;;;;;;16.39.10;2;2;2;1;2462;;13;5;16;12;9;3;16;3;12;18;13;9;
a12RM#~~~55~O;;;;;;;16.39.10;2;2;2;1;2462;;13;5;16;12;9;3;16;3;12;18;13;9;
a03ET+K1F;;;;;;;16.39.10;2;2;2;1;2462;;13;5;16;12;9;3;16;3;12;18;13;9;
a12AT=W4~41~H1S;p;r;;;;;16.39.15;2;2;2;1;2465;;13;5;16;12;9;3;16;3;12;18;13;9;
*$$&H#;p;;;;;;16.39.15;2;2;2;1;2465;;13;5;16;12;9;3;16;3;12;18;13;9;
*p10:07;;;;;;;16.39.19;2;2;2;1;2468;;13;5;16;12;9;3;16;3;12;18;13;9;
aT;;;;;;;16.39.19;2;2;2;1;2470;;13;5;16;12;9;3;16;3;12;18;13;9;
*13SM+~~~55;;;;;;;16.40.39;2;2;2;1;2551;;13;5;16;12;9;3;16;3;12;18;13;9;
a12RM-~~~55~O;;;;;;;16.40.39;2;2;2;1;2551;;13;5;16;12;9;3;16;3;12;18;13;9;
a03EH+~~F;;;;;;;16.40.39;2;2;2;1;2553;;13;5;16;12;9;3;16;3;12;18;13;9;
a12AH=G4~41~H2O;p;r;;;;;16.40.44;2;2;2;1;2554;;13;5;16;12;9;3;16;3;12;18;13;9;
*$$&H#;p;;;;;;16.40.44;2;2;2;1;2554;;13;5;16;12;9;3;16;3;12;18;13;9;
*p11:07;;;;;;;16.40.50;2;2;2;1;2559;;13;5;16;12;9;3;16;3;12;18;13;9;
*13SM=~~~56;s;;;;;;16.41.03;2;2;2;1;2575;;13;5;16;12;9;3;16;3;12;18;13;9;
a$$&H#;s;;;;;;16.41.03;2;2;2;1;2575;;13;5;16;12;9;3;16;3;12;18;13;9;
ap11:08;;;;;;;16.41.08;2;2;2;1;2580;;13;5;16;12;9;3;16;3;12;18;13;9;
az1;;;;;;;16.41.08;2;2;1;1;2579;;13;5;16;12;9;3;3;12;18;13;9;16;
a03SQ-~~~65~~~N;;;;;;;16.41.23;2;2;1;1;2594;;13;5;16;12;9;3;3;12;18;13;9;16;
*03RQ#~~~65~O;;;;;;;16.41.23;2;2;1;1;2594;;13;5;16;12;9;3;3;12;18;13;9;16;
*05ET+K1F;;;;;;;16.41.23;2;2;1;1;2594;;13;5;16;12;9;3;3;12;18;13;9;16;
*16AT#W4~49AH2;s;r;;;;;16.41.27;2;2;1;1;2597;;13;5;16;12;9;3;3;12;18;13;9;16;
a03DT=~~~49A;s;;;;;;16.41.27;2;2;1;1;2597;;13;5;16;12;9;3;3;12;18;13;9;16;
*p12:08;;;;;;;16.41.35;2;2;1;1;2601;;13;5;16;12;9;3;3;12;18;13;9;16;
*z1;;;;;;;16.41.35;2;1;1;1;2606;;5;16;12;9;3;13;3;12;18;13;9;16;
*05SM!~~~11;;;;;;;16.41.46;2;1;1;1;2617;;5;16;12;9;3;13;3;12;18;13;9;16;
a17RM!~~~11~~~~31;;;;;;;16.41.46;2;1;1;1;2617;;5;16;12;9;3;13;3;12;18;13;9;16;
a03EQ+K1C;;;;;;;16.41.46;2;1;1;1;2617;;5;16;12;9;3;13;3;12;18;13;9;16;
a18AQ-J4~33~H2;;r;;;;;16.41.52;2;1;1;1;2620;;5;16;12;9;3;13;3;12;18;13;9;16;
*12DQ+~~~33;;;;;;;16.41.52;2;1;1;1;2620;;5;16;12;9;3;13;3;12;18;13;9;16;
*03DH+~~~~1;;;;;;;16.41.52;2;1;1;1;2620;;5;16;12;9;3;13;3;12;18;13;9;16;
*05EH+~~F;;;;;;;16.41.52;2;1;1;1;2622;;5;16;12;9;3;13;3;12;18;13;9;16;
*16AH#G4~42~H3F;p;p;;;;;16.41.54;2;1;1;1;2623;;5;16;12;9;3;13;3;12;18;13;9;16;
a12BH=~~~~2~~3;p;;;;;;16.41.54;2;1;1;1;2623;;5;16;12;9;3;13;3;12;18;13;9;16;
*p13:08;;;;;;;16.42.05;2;1;1;1;2627;;5;16;12;9;3;13;3;12;18;13;9;16;
*05SM-~~~11;;;;;;;16.42.09;2;1;1;1;2640;;5;16;12;9;3;13;3;12;18;13;9;16;
a17RM#~~~11;;;;;;;16.42.09;2;1;1;1;2640;;5;16;12;9;3;13;3;12;18;13;9;16;
a03EQ+K1C;;;;;;;16.42.09;2;1;1;1;2640;;5;16;12;9;3;13;3;12;18;13;9;16;
a18AQ#J1~35~H1;s;r;;;;;16.42.14;2;1;1;1;2643;;5;16;12;9;3;13;3;12;18;13;9;16;
*$$&H=;s;;;;;;16.42.14;2;1;1;1;2643;;5;16;12;9;3;13;3;12;18;13;9;16;
ap13:09;;;;;;;16.42.16;2;1;1;1;2646;;5;16;12;9;3;13;3;12;18;13;9;16;
az6;;;;;;;16.42.16;2;1;6;1;2647;;5;16;12;9;3;13;12;18;13;9;16;3;
a12SM-~~~51;;;;;;;16.42.31;2;1;6;1;2662;;5;16;12;9;3;13;12;18;13;9;16;3;
*18RM+~~~51~~~~31;;;;;;;16.42.31;2;1;6;1;2662;;5;16;12;9;3;13;12;18;13;9;16;3;
*05ET+K2B;;;;;;;16.42.31;2;1;6;1;2662;;5;16;12;9;3;13;12;18;13;9;16;3;
*16AT=W2~21~H2;p;r;;;;;16.42.35;2;1;6;1;2665;;5;16;12;9;3;13;12;18;13;9;16;3;
a$$&H#;p;;;;;;16.42.35;2;1;6;1;2665;;5;16;12;9;3;13;12;18;13;9;16;3;
ap13:10;;;;;;;16.42.43;2;1;6;1;2669;;5;16;12;9;3;13;12;18;13;9;16;3;
a12SM-~~~57;;;;;;;16.42.53;2;1;6;1;2683;;5;16;12;9;3;13;12;18;13;9;16;3;
*03RM#~~~57;;;;;;;16.42.53;2;1;6;1;2683;;5;16;12;9;3;13;12;18;13;9;16;3;
*05EQ+K1C;;;;;;;16.42.53;2;1;6;1;2683;;5;16;12;9;3;13;12;18;13;9;16;3;
*12AQ#J2~32~H1;s;r;;;;;16.42.56;2;1;6;1;2686;;5;16;12;9;3;13;12;18;13;9;16;3;
a18BQ=~~~~3~~1;s;;;;;;16.42.56;2;1;6;1;2686;;5;16;12;9;3;13;12;18;13;9;16;3;
*p14:10;;;;;;;16.42.59;2;1;6;1;2689;;5;16;12;9;3;13;12;18;13;9;16;3;
*z6;;;;;;;16.42.59;2;6;6;1;2690;;16;12;9;3;13;5;12;18;13;9;16;3;
*16SQ-~~~16;;;;;;;16.43.13;2;6;6;1;2704;;16;12;9;3;13;5;12;18;13;9;16;3;
a17RQ#~~~16;;;;;;;16.43.13;2;6;6;1;2704;;16;12;9;3;13;5;12;18;13;9;16;3;
a03EQ+K3C;;;;;;;16.43.13;2;6;6;1;2704;;16;12;9;3;13;5;12;18;13;9;16;3;
a18AQ#J3~36AH2;s;r;;;;;16.43.18;2;6;6;1;2707;;16;12;9;3;13;5;12;18;13;9;16;3;
*$$&H=;s;;;;;;16.43.18;2;6;6;1;2707;;16;12;9;3;13;5;12;18;13;9;16;3;
ap14:11;;;;;;;16.43.22;2;6;6;1;2710;;16;12;9;3;13;5;12;18;13;9;16;3;
az5;;;;;;;16.43.22;2;6;5;1;2713;;16;12;9;3;13;5;18;13;9;16;3;12;
a18SM+~~~65;;;;;;;16.43.32;2;6;5;1;2723;;16;12;9;3;13;5;18;13;9;16;3;12;
*03RM-~~~65~O;;;;;;;16.43.32;2;6;5;1;2723;;16;12;9;3;13;5;18;13;9;16;3;12;
*12EH+~~F;;;;;;;16.43.32;2;6;5;1;2725;;16;12;9;3;13;5;18;13;9;16;3;12;
*03AH-G4~49~T2;;r;;;;;16.43.36;2;6;5;1;2726;;16;12;9;3;13;5;18;13;9;16;3;12;
a03DH+~~~49;;;;;;;16.43.36;2;6;5;1;2726;;16;12;9;3;13;5;18;13;9;16;3;12;
a18EH+~~F;;;;;;;16.43.41;2;6;5;1;2728;;16;12;9;3;13;5;18;13;9;16;3;12;
a09AH=G4~4~~H2N;s;p;;;;;16.43.44;2;6;5;1;2729;;16;12;9;3;13;5;18;13;9;16;3;12;
*$$&H#;s;;;;;;16.43.44;2;6;5;1;2729;;16;12;9;3;13;5;18;13;9;16;3;12;
*p15:11;;;;;;;16.43.53;2;6;5;1;2733;;16;12;9;3;13;5;18;13;9;16;3;12;
*z5;;;;;;;16.43.53;2;5;5;1;2744;;12;9;3;13;5;16;18;13;9;16;3;12;
*12SQ-~~~56;;;;;;;16.44.01;2;5;5;1;2752;;12;9;3;13;5;16;18;13;9;16;3;12;
a12RQ+~~~56~~~~32;;;;;;;16.44.01;2;5;5;1;2752;;12;9;3;13;5;16;18;13;9;16;3;12;
a03ET+KEB;;;;;;;16.44.01;2;5;5;1;2752;;12;9;3;13;5;16;18;13;9;16;3;12;
a13AT#W2~29~H1;s;r;;;;;16.44.06;2;5;5;1;2755;;12;9;3;13;5;16;18;13;9;16;3;12;
*05DT=~~~29;s;;;;;;16.44.06;2;5;5;1;2755;;12;9;3;13;5;16;18;13;9;16;3;12;
ap15:12;;;;;;;16.44.09;2;5;5;1;2759;;12;9;3;13;5;16;18;13;9;16;3;12;
az4;;;;;;;16.44.09;2;5;4;1;2760;;12;9;3;13;5;16;13;9;16;3;12;18;
a13SM!~~~15;;;;;;;16.44.22;2;5;4;1;2773;;12;9;3;13;5;16;13;9;16;3;12;18;
*03RM!~~~15~~~~32;;;;;;;16.44.22;2;5;4;1;2773;;12;9;3;13;5;16;13;9;16;3;12;18;
*05ET+K8B;;;;;;;16.44.22;2;5;4;1;2773;;12;9;3;13;5;16;13;9;16;3;12;18;
*09AT+W2~24~T2;;r;;;;;16.44.26;2;5;4;1;2776;;12;9;3;13;5;16;13;9;16;3;12;18;
a16BT-~~~~4~~2;;;;;;;16.44.26;2;5;4;1;2776;;12;9;3;13;5;16;13;9;16;3;12;18;
*13DH+~~~~3;;;;;;;16.44.26;2;5;4;1;2776;;12;9;3;13;5;16;13;9;16;3;12;18;
*05ET+~~F;;;;;;;16.44.26;2;5;4;1;2778;;12;9;3;13;5;16;13;9;16;3;12;18;
*03AT#W4~41~H2;s;s;;;;;16.44.26;2;5;4;1;2779;;12;9;3;13;5;16;13;9;16;3;12;18;
a$$&H=;s;;;;;;16.44.26;2;5;4;1;2779;;12;9;3;13;5;16;13;9;16;3;12;18;
*p16:12;;;;;;;16.44.55;2;5;4;1;2785;;12;9;3;13;5;16;13;9;16;3;12;18;
*z4;;;;;;;16.44.55;2;4;4;1;2806;;9;3;13;5;16;12;13;9;16;3;12;18;
*c09:02;;;;;;;16.44.55;2;4;4;1;2806;;2;3;13;5;16;12;13;9;16;3;12;18;
*c05:01;;;;;;;16.44.55;2;4;4;1;2806;;2;3;13;1;16;12;13;9;16;3;12;18;
*P2;;;;;;;16.44.55;2;4;4;1;2806;;2;3;13;1;16;12;13;9;16;3;12;18;
*z1;;;;;;;16.44.55;2;1;4;1;2806;;2;3;13;1;16;12;13;9;16;3;12;18;
*02SM=~~~11;s;;;;;;16.45.35;2;1;4;1;2846;;2;3;13;1;16;12;13;9;16;3;12;18;
a$$&H#;s;;;;;;16.45.35;2;1;4;1;2846;;2;3;13;1;16;12;13;9;16;3;12;18;
ap16:13;;;;;;;16.45.40;2;1;4;1;2852;;2;3;13;1;16;12;13;9;16;3;12;18;
az3;;;;;;;16.45.40;2;1;3;1;2851;;2;3;13;1;16;12;9;16;3;12;18;13;
a09SM!~~~66;;;;;;;16.45.53;2;1;3;1;2865;;2;3;13;1;16;12;9;16;3;12;18;13;
*03RM!~~~66~O~~42;;;;;;;16.45.53;2;1;3;1;2865;;2;3;13;1;16;12;9;16;3;12;18;13;
*02ET+K7F;;;;;;;16.46.02;2;1;3;1;2865;;2;3;13;1;16;12;9;16;3;12;18;13;
*01AT+W4~42~H2;;r;;;;;16.45.58;2;1;3;1;2868;;2;3;13;1;16;12;9;16;3;12;18;13;
a03BT-~~~~2~~2;;;;;;;16.45.58;2;1;3;1;2868;;2;3;13;1;16;12;9;16;3;12;18;13;
*02DH+;;;;;;;16.45.58;2;1;3;1;2868;;2;3;13;1;16;12;9;16;3;12;18;13;
*18EH+~~F;;;;;;;16.45.58;2;1;3;1;2870;;2;3;13;1;16;12;9;16;3;12;18;13;
*01AH#G4~42~H2;s;s;;;;;16.46.03;2;1;3;1;2871;;2;3;13;1;16;12;9;16;3;12;18;13;
a16BH=~~~~2~~2;s;;;;;;16.46.03;2;1;3;1;2871;;2;3;13;1;16;12;9;16;3;12;18;13;
*p17:13;;;;;;;16.46.15;2;1;3;1;2877;;2;3;13;1;16;12;9;16;3;12;18;13;
*z6;;;;;;;16.46.15;2;6;3;1;2886;;3;13;1;16;12;2;9;16;3;12;18;13;
*03SM!~~~11;;;;;;;16.46.21;2;6;3;1;2890;;3;13;1;16;12;2;9;16;3;12;18;13;
a09RM!~~~11~O~~21;;;;;;;16.46.21;2;6;3;1;2890;;3;13;1;16;12;2;9;16;3;12;18;13;
a03EO+KBS~~~~~~K1;;;;;;;16.46.21;2;6;3;1;2890;;3;13;1;16;12;2;9;16;3;12;18;13;
a03AO#JJ~34~T1;s;r;;;;;16.46.26;2;6;3;1;2892;;3;13;1;16;12;2;9;16;3;12;18;13;
*$$&H=;s;;;;;;16.46.26;2;6;3;1;2892;;3;13;1;16;12;2;9;16;3;12;18;13;
ap17:14;;;;;;;16.46.28;2;6;3;1;2896;;3;13;1;16;12;2;9;16;3;12;18;13;
az2;;;;;;;16.46.28;2;6;2;1;2899;;3;13;1;16;12;2;16;3;12;18;13;9;
a16SM=~~~13;s;;;;;;16.46.42;2;6;2;1;2911;;3;13;1;16;12;2;16;3;12;18;13;9;
*$$&H#;s;;;;;;16.46.42;2;6;2;1;2911;;3;13;1;16;12;2;16;3;12;18;13;9;
*p18:14;;;;;;;16.46.45;2;6;2;1;2915;;3;13;1;16;12;2;16;3;12;18;13;9;
*z5;;;;;;;16.46.45;2;5;2;1;2916;;13;1;16;12;2;3;16;3;12;18;13;9;
*13SM-~~~55;;;;;;;16.47.04;2;5;2;1;2933;;13;1;16;12;2;3;16;3;12;18;13;9;
a09RM+~~~55~~~~21;;;;;;;16.47.04;2;5;2;1;2933;;13;1;16;12;2;3;16;3;12;18;13;9;
a03ET+K2F;;;;;;;16.47.04;2;5;2;1;2933;;13;1;16;12;2;3;16;3;12;18;13;9;
a12AT#W4~49~T1;s;r;;;;;16.47.09;2;5;2;1;2936;;13;1;16;12;2;3;16;3;12;18;13;9;
*$$&H=;s;;;;;;16.47.09;2;5;2;1;2936;;13;1;16;12;2;3;16;3;12;18;13;9;
ap18:15;;;;;;;16.47.11;2;5;2;1;2940;;13;1;16;12;2;3;16;3;12;18;13;9;
az1;;;;;;;16.47.11;2;5;1;1;2942;;13;1;16;12;2;3;3;12;18;13;9;16;
a03SQ#~~~15C;p;;;;;;16.47.26;2;5;1;1;2956;;13;1;16;12;2;3;3;12;18;13;9;16;
*16RQ=~~~15CL;p;;;;;;16.47.26;2;5;1;1;2956;;13;1;16;12;2;3;3;12;18;13;9;16;
ap18:16;;;;;;;16.47.33;2;5;1;1;2960;;13;1;16;12;2;3;3;12;18;13;9;16;
a03SQ-~~~66;;;;;;;16.47.43;2;5;1;1;2974;;13;1;16;12;2;3;3;12;18;13;9;16;
*18RQ#~~~66;;;;;;;16.47.43;2;5;1;1;2974;;13;1;16;12;2;3;3;12;18;13;9;16;
*02EQ+K1C;;;;;;;16.47.43;2;5;1;1;2974;;13;1;16;12;2;3;3;12;18;13;9;16;
*12AQ#J1~37BH1;s;r;;;;;16.47.47;2;5;1;1;2977;;13;1;16;12;2;3;3;12;18;13;9;16;
a$$&H=;s;;;;;;16.47.47;2;5;1;1;2977;;13;1;16;12;2;3;3;12;18;13;9;16;
*p19:16;;;;;;;16.47.52;2;5;1;1;2980;;13;1;16;12;2;3;3;12;18;13;9;16;
*z4;;;;;;;16.47.52;2;4;1;1;2983;;1;16;12;2;3;13;3;12;18;13;9;16;
*c01:05;;;;;;;16.47.52;2;4;1;1;2983;;5;16;12;2;3;13;3;12;18;13;9;16;
*c02:09;;;;;;;16.47.52;2;4;1;1;2983;;5;16;12;9;3;13;3;12;18;13;9;16;
*P5;;;;;;;16.47.52;2;4;1;1;2983;;5;16;12;9;3;13;3;12;18;13;9;16;
*z1;;;;;;;16.47.52;2;1;1;1;2983;;5;16;12;9;3;13;3;12;18;13;9;16;
*05SM-~~~11;;;;;;;16.48.15;2;1;1;1;3007;;5;16;12;9;3;13;3;12;18;13;9;16;
a17RM+~~~11~~~~21;;;;;;;16.48.15;2;1;1;1;3007;;5;16;12;9;3;13;3;12;18;13;9;16;
a05EQ+K1C;;;;;;;16.48.23;2;1;1;1;3007;;5;16;12;9;3;13;3;12;18;13;9;16;
a18AQ+J1~39~H2;;r;;;;;16.48.20;2;1;1;1;3010;;5;16;12;9;3;13;3;12;18;13;9;16;
*05DQ/~~~39;;;;;;;16.48.20;2;1;1;1;3010;;5;16;12;9;3;13;3;12;18;13;9;16;
*18EH/;;;;;;;16.48.20;2;1;1;1;3012;;5;16;12;9;3;13;3;12;18;13;9;16;
a12FH+~~~~3;;;;;;;16.48.26;2;1;1;1;3013;;5;16;12;9;3;13;3;12;18;13;9;16;
a03ET+~~F;;;;;;;16.48.26;2;1;1;1;3015;;5;16;12;9;3;13;3;12;18;13;9;16;
a13AT=W4~41~H2S;p;s;;;;;16.48.28;2;1;1;1;3016;;5;16;12;9;3;13;3;12;18;13;9;16;
*$$&H#;p;;;;;;16.48.28;2;1;1;1;3016;;5;16;12;9;3;13;3;12;18;13;9;16;
*p20:16;;;;;;;16.48.36;2;1;1;1;3020;;5;16;12;9;3;13;3;12;18;13;9;16;
aT;;;;;;;16.48.36;2;1;1;1;3027;;5;16;12;9;3;13;3;12;18;13;9;16;
*05SM!~~~11;;;;;;;16.49.37;2;1;1;1;3088;;5;16;12;9;3;13;3;12;18;13;9;16;
a17RM!~~~11~~~~21;;;;;;;16.49.37;2;1;1;1;3088;;5;16;12;9;3;13;3;12;18;13;9;16;
a03ET+KBF~~~~~~K1;;;;;;;16.49.37;2;1;1;1;3088;;5;16;12;9;3;13;3;12;18;13;9;16;
a13AT/W4~42~H1;p;r;;;;;16.49.42;2;1;1;1;3091;;5;16;12;9;3;13;3;12;18;13;9;16;
*09BT#~~~~2~~1;p;;;;;;16.49.42;2;1;1;1;3091;;5;16;12;9;3;13;3;12;18;13;9;16;
*p21:16;;;;;;;16.49.44;2;1;1;1;3095;;5;16;12;9;3;13;3;12;18;13;9;16;
ac13:05;;;;;;;16.49.44;2;1;1;1;3095;;5;16;12;9;3;13;3;12;18;5;9;16;
*05SM+~~~11;;;;;;;16.50.05;2;1;1;1;3116;;5;16;12;9;3;13;3;12;18;5;9;16;
a17RM-~~~11;;;;;;;16.50.05;2;1;1;1;3116;;5;16;12;9;3;13;3;12;18;5;9;16;
a05EH+~~B;;;;;;;16.50.05;2;1;1;1;3118;;5;16;12;9;3;13;3;12;18;5;9;16;
a12AH/G2~24~H3;p;r;;;;;16.50.10;2;1;1;1;3119;;5;16;12;9;3;13;3;12;18;5;9;16;
*12BH#~~~~4~~3;p;;;;;;16.50.10;2;1;1;1;3119;;5;16;12;9;3;13;3;12;18;5;9;16;
*p22:16;;;;;;;16.50.17;2;1;1;1;3125;;5;16;12;9;3;13;3;12;18;5;9;16;
*05SM!~~~11;;;;;;;16.50.26;2;1;1;1;3137;;5;16;12;9;3;13;3;12;18;5;9;16;
a17RM!~~~11~O~~21;;;;;;;16.50.26;2;1;1;1;3137;;5;16;12;9;3;13;3;12;18;5;9;16;
a03EQ+KBC~~~~~~K1;;;;;;;16.50.26;2;1;1;1;3137;;5;16;12;9;3;13;3;12;18;5;9;16;
a18AQ#J4~38~H1;s;r;;;;;16.50.31;2;1;1;1;3140;;5;16;12;9;3;13;3;12;18;5;9;16;
*$$&H=;s;;;;;;16.50.31;2;1;1;1;3140;;5;16;12;9;3;13;3;12;18;5;9;16;
ap22:17;;;;;;;16.50.41;2;1;1;1;3143;;5;16;12;9;3;13;3;12;18;5;9;16;
az6;;;;;;;16.50.45;2;1;6;1;3156;;5;16;12;9;3;13;12;18;5;9;16;3;
a12SM-~~~17;;;;;;;16.50.55;2;1;6;1;3167;;5;16;12;9;3;13;12;18;5;9;16;3;
*03RM+~~~17~O~~32;;;;;;;16.50.55;2;1;6;1;3167;;5;16;12;9;3;13;12;18;5;9;16;3;
*05EQ+K2C;;;;;;;16.50.55;2;1;6;1;3167;;5;16;12;9;3;13;12;18;5;9;16;3;
*12AQ#J2~32~T2;s;r;;;;;16.50.59;2;1;6;1;3170;;5;16;12;9;3;13;12;18;5;9;16;3;
a$$&H=;s;;;;;;16.50.59;2;1;6;1;3170;;5;16;12;9;3;13;12;18;5;9;16;3;
*p23:17;;;;;;;16.51.01;2;1;6;1;3173;;5;16;12;9;3;13;12;18;5;9;16;3;
*z6;;;;;;;16.51.01;2;6;6;1;3172;;16;12;9;3;13;5;12;18;5;9;16;3;
*c16:06;;;;;;;16.51.01;2;6;6;1;3172;;6;12;9;3;13;5;12;18;5;9;16;3;
*06SM-~~~61;;;;;;;16.51.30;2;6;6;1;3201;;6;12;9;3;13;5;12;18;5;9;16;3;
a17RM#~~~61;;;;;;;16.51.30;2;6;6;1;3201;;6;12;9;3;13;5;12;18;5;9;16;3;
a03EQ+K1C;;;;;;;16.51.30;2;6;6;1;3201;;6;12;9;3;13;5;12;18;5;9;16;3;
a18AQ#J1~33~H1;s;r;;;;;16.51.35;2;6;6;1;3204;;6;12;9;3;13;5;12;18;5;9;16;3;
*12BQ=~~~~3~~1;s;;;;;;16.51.35;2;6;6;1;3204;;6;12;9;3;13;5;12;18;5;9;16;3;
ap23:18;;;;;;;16.51.50;2;6;6;1;3210;;6;12;9;3;13;5;12;18;5;9;16;3;
az5;;;;;;;16.51.50;2;6;5;1;3221;;6;12;9;3;13;5;18;5;9;16;3;12;
a18SM=~~~61;s;;;;;;16.52.24;2;6;5;1;3254;;6;12;9;3;13;5;18;5;9;16;3;12;
*$$&H#;s;;;;;;16.52.24;2;6;5;1;3254;;6;12;9;3;13;5;18;5;9;16;3;12;
*p24:18;;;;;;;16.52.28;2;6;5;1;3257;;6;12;9;3;13;5;18;5;9;16;3;12;
*z5;;;;;;;16.52.28;2;5;5;1;3259;;12;9;3;13;5;6;18;5;9;16;3;12;
*12SQ+~~~56;;;;;;;16.52.49;2;5;5;1;3281;;12;9;3;13;5;6;18;5;9;16;3;12;
a12RQ-~~~56;;;;;;;16.52.49;2;5;5;1;3281;;12;9;3;13;5;6;18;5;9;16;3;12;
a03ET+KBB~~~~~~K1;;;;;;;16.52.49;2;5;5;1;3281;;12;9;3;13;5;6;18;5;9;16;3;12;
a05AT#W2~26~H2;s;r;;;;;16.53.06;2;5;5;1;3284;;12;9;3;13;5;6;18;5;9;16;3;12;
*$$&H=;s;;;;;;16.53.06;2;5;5;1;3284;;12;9;3;13;5;6;18;5;9;16;3;12;
ap24:19;;;;;;;16.53.18;2;5;5;1;3287;;12;9;3;13;5;6;18;5;9;16;3;12;
az4;;;;;;;16.53.18;2;5;4;1;3309;;12;9;3;13;5;6;5;9;16;3;12;18;
*T;;;;;;;16.53.18;2;5;4;1;3309;;12;9;3;13;5;6;5;9;16;3;12;18;
a05SQ-~~~65;;;;;;;16.54.39;2;5;4;1;3390;;12;9;3;13;5;6;5;9;16;3;12;18;
*05RQ+~~~65~~~~32;;;;;;;16.54.39;2;5;4;1;3390;;12;9;3;13;5;6;5;9;16;3;12;18;
*05ET+KCB;;;;;;;16.54.39;2;5;4;1;3390;;12;9;3;13;5;6;5;9;16;3;12;18;
*09AT#W2~29BH1;s;r;;;;;16.54.44;2;5;4;1;3393;;12;9;3;13;5;6;5;9;16;3;12;18;
a$$&H=;s;;;;;;16.54.44;2;5;4;1;3393;;12;9;3;13;5;6;5;9;16;3;12;18;
*p25:19;;;;;;;16.55.01;2;5;4;1;3396;;12;9;3;13;5;6;5;9;16;3;12;18;
**2set;;;;;;;16.55.01;3;5;4;1;3412;;;;;;;;;;;;;;
*P05>LUp;;;;;;;16.55.01;3;5;4;1;3412;;16;12;9;3;13;5;12;18;5;9;16;3;
*z6>LUp;;;;;;;16.55.01;3;6;4;1;3412;;16;12;9;3;13;5;12;18;5;9;16;3;
aP03>LUp;;;;;;;16.55.01;3;6;4;1;3412;;16;12;9;3;13;5;12;18;5;9;16;3;
az6>LUp;;;;;;;16.55.01;3;6;6;1;3412;;16;12;9;3;13;5;12;18;5;9;16;3;
a12SQ-~~~65;;;;;;;16.58.51;3;6;6;1;3642;;16;12;9;3;13;5;12;18;5;9;16;3;
*03RQ#~~~65;;;;;;;16.58.51;3;6;6;1;3642;;16;12;9;3;13;5;12;18;5;9;16;3;
*05ET+K1B;;;;;;;16.58.59;3;6;6;1;3642;;16;12;9;3;13;5;12;18;5;9;16;3;
*09AT-W2~29~H1;;r;;;;;16.58.56;3;6;6;1;3645;;16;12;9;3;13;5;12;18;5;9;16;3;
a03DT+~~~29;;;;;;;16.58.56;3;6;6;1;3645;;16;12;9;3;13;5;12;18;5;9;16;3;
a10EH+~~F;;;;;;;16.58.56;3;6;6;1;3647;;16;12;9;3;13;5;12;18;5;9;16;3;
a09AH=G4~45~H2;s;p;;;;;16.59.01;3;6;6;1;3648;;16;12;9;3;13;5;12;18;5;9;16;3;
*$$&H#;s;;;;;;16.59.01;3;6;6;1;3648;;16;12;9;3;13;5;12;18;5;9;16;3;
*p01:00;;;;;;;16.59.16;3;6;6;1;3656;;16;12;9;3;13;5;12;18;5;9;16;3;
*z5;;;;;;;16.59.16;3;5;6;1;3667;;12;9;3;13;5;16;12;18;5;9;16;3;
*12SQ-~~~56;;;;;;;16.59.19;3;5;6;1;3670;;12;9;3;13;5;16;12;18;5;9;16;3;
a17RQ#~~~56;;;;;;;16.59.19;3;5;6;1;3670;;12;9;3;13;5;16;12;18;5;9;16;3;
a03EQ+K1C;;;;;;;16.59.19;3;5;6;1;3670;;12;9;3;13;5;16;12;18;5;9;16;3;
a18AQ=J1~39~H1;p;r;;;;;16.59.24;3;5;6;1;3673;;12;9;3;13;5;16;12;18;5;9;16;3;
*$$&H#;p;;;;;;16.59.24;3;5;6;1;3673;;12;9;3;13;5;16;12;18;5;9;16;3;
*p02:00;;;;;;;16.59.26;3;5;6;1;3677;;12;9;3;13;5;16;12;18;5;9;16;3;
*12SQ-~~~56;;;;;;;16.59.39;3;5;6;1;3690;;12;9;3;13;5;16;12;18;5;9;16;3;
a17RQ+~~~56~~~~32;;;;;;;16.59.39;3;5;6;1;3690;;12;9;3;13;5;16;12;18;5;9;16;3;
a03ET+K1B;;;;;;;16.59.39;3;5;6;1;3690;;12;9;3;13;5;16;12;18;5;9;16;3;
a05AT#W2~24~H2S;s;r;;;;;16.59.45;3;5;6;1;3693;;12;9;3;13;5;16;12;18;5;9;16;3;
*09BT=~~~~4~~2;s;;;;;;16.59.45;3;5;6;1;3693;;12;9;3;13;5;16;12;18;5;9;16;3;
ap02:01;;;;;;;16.59.49;3;5;6;1;3696;;12;9;3;13;5;16;12;18;5;9;16;3;
az5;;;;;;;16.59.49;3;5;5;1;3700;;12;9;3;13;5;16;18;5;9;16;3;12;
a18SM!~~~65;;;;;;;17.00.21;3;5;5;1;3732;;12;9;3;13;5;16;18;5;9;16;3;12;
*03RM!~~~65~O~~42;;;;;;;17.00.21;3;5;5;1;3732;;12;9;3;13;5;16;18;5;9;16;3;12;
*05ET+K8F;;;;;;;17.00.21;3;5;5;1;3732;;12;9;3;13;5;16;18;5;9;16;3;12;
*03AT#W4~42~H2O;s;r;;;;;17.00.25;3;5;5;1;3735;;12;9;3;13;5;16;18;5;9;16;3;12;
a05BT=~~~~2~~2;s;;;;;;17.00.25;3;5;5;1;3735;;12;9;3;13;5;16;18;5;9;16;3;12;
*p03:01;;;;;;;17.00.29;3;5;5;1;3738;;12;9;3;13;5;16;18;5;9;16;3;12;
*z4;;;;;;;17.00.29;3;4;5;1;3740;;9;3;13;5;16;12;18;5;9;16;3;12;
*09SQ-~~~16;;;;;;;17.00.46;3;4;5;1;3757;;9;3;13;5;16;12;18;5;9;16;3;12;
a12RQ+~~~16~~~~32;;;;;;;17.00.46;3;4;5;1;3757;;9;3;13;5;16;12;18;5;9;16;3;12;
a03EQ+K1C;;;;;;;17.00.46;3;4;5;1;3757;;9;3;13;5;16;12;18;5;9;16;3;12;
a16AQ#J1~33~H2S;s;r;;;;;17.00.51;3;4;5;1;3760;;9;3;13;5;16;12;18;5;9;16;3;12;
*13BQ=~~~~3~~2;s;;;;;;17.00.51;3;4;5;1;3760;;9;3;13;5;16;12;18;5;9;16;3;12;
ap03:02;;;;;;;17.00.54;3;4;5;1;3763;;9;3;13;5;16;12;18;5;9;16;3;12;
az4;;;;;;;17.00.54;3;4;4;1;3765;;9;3;13;5;16;12;5;9;16;3;12;18;
a05SQ-~~~65;;;;;;;17.01.09;3;4;4;1;3780;;9;3;13;5;16;12;5;9;16;3;12;18;
*03RQ+~~~65~~~~41;;;;;;;17.01.09;3;4;4;1;3780;;9;3;13;5;16;12;5;9;16;3;12;18;
*05ET+KFF;;;;;;;17.01.09;3;4;4;1;3780;;9;3;13;5;16;12;5;9;16;3;12;18;
*03AT#W4~49BH2;s;r;;;;;17.01.14;3;4;4;1;3783;;9;3;13;5;16;12;5;9;16;3;12;18;
a05DT=~~~49B;s;;;;;;17.01.14;3;4;4;1;3783;;9;3;13;5;16;12;5;9;16;3;12;18;
*p04:02;;;;;;;17.01.19;3;4;4;1;3786;;9;3;13;5;16;12;5;9;16;3;12;18;
*z3;;;;;;;17.01.19;3;3;4;1;3790;;3;13;5;16;12;9;5;9;16;3;12;18;
*03SM!~~~16;;;;;;;17.01.33;3;3;4;1;3804;;3;13;5;16;12;9;5;9;16;3;12;18;
a09RM!~~~16~O~~41;;;;;;;17.01.33;3;3;4;1;3804;;3;13;5;16;12;9;5;9;16;3;12;18;
a03ET+K1F;;;;;;;17.01.33;3;3;4;1;3804;;3;13;5;16;12;9;5;9;16;3;12;18;
a09AT/W4~42~H2;p;r;;;;;17.01.38;3;3;4;1;3807;;3;13;5;16;12;9;5;9;16;3;12;18;
*05BT#~~~~2~~2;p;;;;;;17.01.38;3;3;4;1;3807;;3;13;5;16;12;9;5;9;16;3;12;18;
*p05:02;;;;;;;17.01.42;3;3;4;1;3810;;3;13;5;16;12;9;5;9;16;3;12;18;
*03SM=~~~14;s;;;;;;17.01.59;3;3;4;1;3827;;3;13;5;16;12;9;5;9;16;3;12;18;
a$$&H#;s;;;;;;17.01.59;3;3;4;1;3827;;3;13;5;16;12;9;5;9;16;3;12;18;
ap05:03;;;;;;;17.02.01;3;3;4;1;3829;;3;13;5;16;12;9;5;9;16;3;12;18;
az3;;;;;;;17.02.01;3;3;3;1;3832;;3;13;5;16;12;9;9;16;3;12;18;5;
a09SM+~~~56;;;;;;;17.02.13;3;3;3;1;3843;;3;13;5;16;12;9;9;16;3;12;18;5;
*03RM-~~~56~O;;;;;;;17.02.13;3;3;3;1;3843;;3;13;5;16;12;9;9;16;3;12;18;5;
*05EH+~~F;;;;;;;17.02.13;3;3;3;1;3843;;3;13;5;16;12;9;9;16;3;12;18;5;
*16AH/G4~42~H3;p;r;;;;;17.02.16;3;3;3;1;3846;;3;13;5;16;12;9;9;16;3;12;18;5;
a16BH#~~~~2~~3;p;;;;;;17.02.16;3;3;3;1;3846;;3;13;5;16;12;9;9;16;3;12;18;5;
ap05:04;;;;;;;17.02.21;3;3;3;1;3849;;3;13;5;16;12;9;9;16;3;12;18;5;
a09SM!~~~61;;;;;;;17.02.31;3;3;3;1;3862;;3;13;5;16;12;9;9;16;3;12;18;5;
*03RM!~~~61~O~~41;;;;;;;17.02.31;3;3;3;1;3862;;3;13;5;16;12;9;9;16;3;12;18;5;
*05ET+KFF;;;;;;;17.02.31;3;3;3;1;3862;;3;13;5;16;12;9;9;16;3;12;18;5;
*16AT-W4~42~H2;;r;;;;;17.02.35;3;3;3;1;3865;;3;13;5;16;12;9;9;16;3;12;18;5;
a03BT+~~~~2~~2;;;;;;;17.02.35;3;3;3;1;3865;;3;13;5;16;12;9;9;16;3;12;18;5;
a09DH+~~~~6;;;;;;;17.02.37;3;3;3;1;3865;;3;13;5;16;12;9;9;16;3;12;18;5;
a03ET+~~F;;;;;;;17.02.37;3;3;3;1;3867;;3;13;5;16;12;9;9;16;3;12;18;5;
a12AT=W4~47~H2;s;p;;;;;17.02.39;3;3;3;1;3868;;3;13;5;16;12;9;9;16;3;12;18;5;
*$$&H#;s;;;;;;17.02.39;3;3;3;1;3868;;3;13;5;16;12;9;9;16;3;12;18;5;
*p06:04;;;;;;;17.02.50;3;3;3;1;3872;;3;13;5;16;12;9;9;16;3;12;18;5;
*z2;;;;;;;17.02.50;3;2;3;1;3881;;13;5;16;12;9;3;9;16;3;12;18;5;
*13SM-~~~55;;;;;;;17.03.00;3;2;3;1;3891;;13;5;16;12;9;3;9;16;3;12;18;5;
a12RM#~~~55;;;;;;;17.03.00;3;2;3;1;3891;;13;5;16;12;9;3;9;16;3;12;18;5;
a03EQ+K3C;;;;;;;17.03.00;3;2;3;1;3891;;13;5;16;12;9;3;9;16;3;12;18;5;
a16AQ#J3~34~H2S;s;r;;;;;17.03.06;3;2;3;1;3894;;13;5;16;12;9;3;9;16;3;12;18;5;
*16BQ=~~~~3~~2;s;;;;;;17.03.06;3;2;3;1;3894;;13;5;16;12;9;3;9;16;3;12;18;5;
ap06:05;;;;;;;17.03.08;3;2;3;1;3897;;13;5;16;12;9;3;9;16;3;12;18;5;
az2;;;;;;;17.03.08;3;2;2;1;3899;;13;5;16;12;9;3;16;3;12;18;5;9;
a16SM!~~~17;;;;;;;17.03.21;3;2;2;1;3912;;13;5;16;12;9;3;16;3;12;18;5;9;
*03RM!~~~17~O~~42;;;;;;;17.03.21;3;2;2;1;3912;;13;5;16;12;9;3;16;3;12;18;5;9;
*05ET+K7F;;;;;;;17.03.21;3;2;2;1;3912;;13;5;16;12;9;3;16;3;12;18;5;9;
*16AT#W4~46CH2;s;r;;;;;17.03.25;3;2;2;1;3915;;13;5;16;12;9;3;16;3;12;18;5;9;
a$$&H=;s;;;;;;17.03.25;3;2;2;1;3915;;13;5;16;12;9;3;16;3;12;18;5;9;
*p07:05;;;;;;;17.03.29;3;2;2;1;3918;;13;5;16;12;9;3;16;3;12;18;5;9;
*z1;;;;;;;17.03.30;3;1;2;1;3921;;5;16;12;9;3;13;16;3;12;18;5;9;
*05SM-~~~16;;;;;;;17.03.42;3;1;2;1;3933;;5;16;12;9;3;13;16;3;12;18;5;9;
a09RM+~~~16~~~~32;;;;;;;17.03.42;3;1;2;1;3933;;5;16;12;9;3;13;16;3;12;18;5;9;
a03ET+K2B;;;;;;;17.03.55;3;1;2;1;3933;;5;16;12;9;3;13;16;3;12;18;5;9;
a05AT-Y9~94~T1;;r;;;;;17.03.46;3;1;2;1;3936;;5;16;12;9;3;13;16;3;12;18;5;9;
*12DT+~~~94;;;;;;;17.03.46;3;1;2;1;3936;;5;16;12;9;3;13;16;3;12;18;5;9;
*05EH+~~F;;;;;;;17.03.46;3;1;2;1;3938;;5;16;12;9;3;13;16;3;12;18;5;9;
*16AH-G4~42~T2;;p;;;;;17.03.49;3;1;2;1;3939;;5;16;12;9;3;13;16;3;12;18;5;9;
a03BH+~~~~2~~2;;;;;;;17.03.49;3;1;2;1;3939;;5;16;12;9;3;13;16;3;12;18;5;9;
a03DH+~~~~2;;;;;;;17.03.53;3;1;2;1;3939;;5;16;12;9;3;13;16;3;12;18;5;9;
a17EH+;;;;;;;17.03.53;3;1;2;1;3939;;5;16;12;9;3;13;16;3;12;18;5;9;
a03EH+~~F;;;;;;;17.03.53;3;1;2;1;3941;;5;16;12;9;3;13;16;3;12;18;5;9;
a12AH#G4~47BH2;s;s;;;;;17.03.56;3;1;2;1;3942;;5;16;12;9;3;13;16;3;12;18;5;9;
*$$&H=;s;;;;;;17.03.56;3;1;2;1;3942;;5;16;12;9;3;13;16;3;12;18;5;9;
ap07:06;;;;;;;17.04.03;3;1;2;1;3947;;5;16;12;9;3;13;16;3;12;18;5;9;
az1;;;;;;;17.04.03;3;1;1;1;3954;;5;16;12;9;3;13;3;12;18;5;9;16;
a03SQ!~~~15;;;;;;;17.04.14;3;1;1;1;3963;;5;16;12;9;3;13;3;12;18;5;9;16;
*09RQ!~~~15~~~~21;;;;;;;17.04.14;3;1;1;1;3963;;5;16;12;9;3;13;3;12;18;5;9;16;
*05ET+KBB;;;;;;;17.04.14;3;1;1;1;3963;;5;16;12;9;3;13;3;12;18;5;9;16;
*16AT#W2~23~T2;s;r;;;;;17.04.17;3;1;1;1;3966;;5;16;12;9;3;13;3;12;18;5;9;16;
a$$&H=;s;;;;;;17.04.17;3;1;1;1;3966;;5;16;12;9;3;13;3;12;18;5;9;16;
*p08:06;;;;;;;17.04.20;3;1;1;1;3970;;5;16;12;9;3;13;3;12;18;5;9;16;
*z6;;;;;;;17.04.20;3;6;1;1;3971;;16;12;9;3;13;5;3;12;18;5;9;16;
*16SQ!~~~16;;;;;;;17.04.34;3;6;1;1;3985;;16;12;9;3;13;5;3;12;18;5;9;16;
a17RQ!~~~16~~~~41;;;;;;;17.04.34;3;6;1;1;3985;;16;12;9;3;13;5;3;12;18;5;9;16;
a03EQ+KFC~~~~~~K3;;;;;;;17.04.34;3;6;1;1;3985;;16;12;9;3;13;5;3;12;18;5;9;16;
a18AQ-J3~36~H1;;r;;;;;17.04.34;3;6;1;1;3988;;16;12;9;3;13;5;3;12;18;5;9;16;
*16DQ+~~~36;;;;;;;17.04.34;3;6;1;1;3988;;16;12;9;3;13;5;3;12;18;5;9;16;
*05ET+~~F;;;;;;;17.04.34;3;6;1;1;3990;;16;12;9;3;13;5;3;12;18;5;9;16;
*03AT#W4~42~H1S;p;p;;;;;17.04.42;3;6;1;1;3991;;16;12;9;3;13;5;3;12;18;5;9;16;
a12BT=~~~~2~~1;p;;;;;;17.04.42;3;6;1;1;3991;;16;12;9;3;13;5;3;12;18;5;9;16;
*p09:06;;;;;;;17.04.55;3;6;1;1;3994;;16;12;9;3;13;5;3;12;18;5;9;16;
*16SQ=~~~16;s;;;;;;17.04.58;3;6;1;1;4009;;16;12;9;3;13;5;3;12;18;5;9;16;
a$$&H#;s;;;;;;17.04.58;3;6;1;1;4009;;16;12;9;3;13;5;3;12;18;5;9;16;
ap09:07;;;;;;;17.05.01;3;6;1;1;4012;;16;12;9;3;13;5;3;12;18;5;9;16;
az6;;;;;;;17.05.01;3;6;6;1;4012;;16;12;9;3;13;5;12;18;5;9;16;3;
a12SQ-~~~65;;;;;;;17.05.17;3;6;6;1;4028;;16;12;9;3;13;5;12;18;5;9;16;3;
*03RQ+~~~65~~~~32;;;;;;;17.05.17;3;6;6;1;4028;;16;12;9;3;13;5;12;18;5;9;16;3;
*05ET+K8P;;;;;;;17.05.17;3;6;6;1;4028;;16;12;9;3;13;5;12;18;5;9;16;3;
*16AT#Y8~83~H2F;s;r;;;;;17.05.24;3;6;6;1;4031;;16;12;9;3;13;5;12;18;5;9;16;3;
a05BT=~~~~3~~2;s;;;;;;17.05.24;3;6;6;1;4031;;16;12;9;3;13;5;12;18;5;9;16;3;
*p10:07;;;;;;;17.05.28;3;6;6;1;4034;;16;12;9;3;13;5;12;18;5;9;16;3;
*z5;;;;;;;17.05.28;3;5;6;1;4039;;12;9;3;13;5;16;12;18;5;9;16;3;
*12SQ=~~~55;s;;;;;;17.05.47;3;5;6;1;4058;;12;9;3;13;5;16;12;18;5;9;16;3;
a$$&H#;s;;;;;;17.05.47;3;5;6;1;4058;;12;9;3;13;5;16;12;18;5;9;16;3;
ap10:08;;;;;;;17.05.52;3;5;6;1;4063;;12;9;3;13;5;16;12;18;5;9;16;3;
az5;;;;;;;17.05.52;3;5;5;1;4063;;12;9;3;13;5;16;18;5;9;16;3;12;
a18SM!~~~66;;;;;;;17.06.04;3;5;5;1;4075;;12;9;3;13;5;16;18;5;9;16;3;12;
*18RM!~~~66~~~~32;;;;;;;17.06.04;3;5;5;1;4075;;12;9;3;13;5;16;18;5;9;16;3;12;
*05ET+K8B;;;;;;;17.06.04;3;5;5;1;4075;;12;9;3;13;5;16;18;5;9;16;3;12;
*09AT=W2~29~H2S;p;r;;;;;17.06.08;3;5;5;1;4078;;12;9;3;13;5;16;18;5;9;16;3;12;
a$$&H#;p;;;;;;17.06.08;3;5;5;1;4078;;12;9;3;13;5;16;18;5;9;16;3;12;
ap10:09;;;;;;;17.06.15;3;5;5;1;4082;;12;9;3;13;5;16;18;5;9;16;3;12;
a18SM=~~~63~~~N;s;;;;;;17.06.28;3;5;5;1;4099;;12;9;3;13;5;16;18;5;9;16;3;12;
*$$&H#;s;;;;;;17.06.28;3;5;5;1;4099;;12;9;3;13;5;16;18;5;9;16;3;12;
*p11:09;;;;;;;17.06.30;3;5;5;1;4101;;12;9;3;13;5;16;18;5;9;16;3;12;
*z4;;;;;;;17.06.30;3;4;5;1;4101;;9;3;13;5;16;12;18;5;9;16;3;12;
*09SQ=~~~66;s;;;;;;17.06.47;3;4;5;1;4118;;9;3;13;5;16;12;18;5;9;16;3;12;
a$$&H#;s;;;;;;17.06.47;3;4;5;1;4118;;9;3;13;5;16;12;18;5;9;16;3;12;
ap11:10;;;;;;;17.06.51;3;4;5;1;4122;;9;3;13;5;16;12;18;5;9;16;3;12;
az4;;;;;;;17.06.51;3;4;4;1;4122;;9;3;13;5;16;12;5;9;16;3;12;18;
a05SQ!~~~66;;;;;;;17.07.07;3;4;4;1;4138;;9;3;13;5;16;12;5;9;16;3;12;18;
*18RQ!~~~66~~~~31;;;;;;;17.07.07;3;4;4;1;4138;;9;3;13;5;16;12;5;9;16;3;12;18;
*05EO+KCS~~~1;;;;;;;17.07.07;3;4;4;1;4138;;9;3;13;5;16;12;5;9;16;3;12;18;
*05AO-JJ~33~T1;;r;;;;;17.07.07;3;4;4;1;4140;;9;3;13;5;16;12;5;9;16;3;12;18;
a09BO+~~~~3~~1;;;;;;;17.07.07;3;4;4;1;4140;;9;3;13;5;16;12;5;9;16;3;12;18;
a03EH+~~F;;;;;;;17.07.07;3;4;4;1;4142;;9;3;13;5;16;12;5;9;16;3;12;18;
a09AH-G4~49~T1;;p;;;;;17.07.12;3;4;4;1;4143;;9;3;13;5;16;12;5;9;16;3;12;18;
*09DH+~~~49;;;;;;;17.07.12;3;4;4;1;4143;;9;3;13;5;16;12;5;9;16;3;12;18;
*05EQ+~~C;;;;;;;17.07.12;3;4;4;1;4145;;9;3;13;5;16;12;5;9;16;3;12;18;
*13AQ#J4~33~H2F;s;s;;;;;17.07.15;3;4;4;1;4146;;9;3;13;5;16;12;5;9;16;3;12;18;
a16BQ=~~~~3~~2;s;;;;;;17.07.15;3;4;4;1;4146;;9;3;13;5;16;12;5;9;16;3;12;18;
*p12:10;;;;;;;17.07.19;3;4;4;1;4149;;9;3;13;5;16;12;5;9;16;3;12;18;
*z3;;;;;;;17.07.19;3;3;4;1;4150;;3;13;5;16;12;9;5;9;16;3;12;18;
*03SM-~~~11;;;;;;;17.07.32;3;3;4;1;4163;;3;13;5;16;12;9;5;9;16;3;12;18;
a17RM+~~~11~O~~21;;;;;;;17.07.32;3;3;4;1;4163;;3;13;5;16;12;9;5;9;16;3;12;18;
a03EQ+K2C;;;;;;;17.07.32;3;3;4;1;4163;;3;13;5;16;12;9;5;9;16;3;12;18;
a16AQ#J2~38~H1;s;r;;;;;17.07.43;3;3;4;1;4166;;3;13;5;16;12;9;5;9;16;3;12;18;
*$$&H=;s;;;;;;17.07.43;3;3;4;1;4166;;3;13;5;16;12;9;5;9;16;3;12;18;
ap12:11;;;;;;;17.07.45;3;3;4;1;4169;;3;13;5;16;12;9;5;9;16;3;12;18;
az3;;;;;;;17.07.45;3;3;3;1;4176;;3;13;5;16;12;9;9;16;3;12;18;5;
a09SM#~~~66;p;;;;;;17.07.52;3;3;3;1;4183;;3;13;5;16;12;9;9;16;3;12;18;5;
*03RM=~~~66~O;p;;;;;;17.07.52;3;3;3;1;4183;;3;13;5;16;12;9;9;16;3;12;18;5;
ap12:12;;;;;;;17.07.57;3;3;3;1;4186;;3;13;5;16;12;9;9;16;3;12;18;5;
a09SM!~~~56;;;;;;;17.08.10;3;3;3;1;4200;;3;13;5;16;12;9;9;16;3;12;18;5;
*18RM!~~~56~~~~21;;;;;;;17.08.10;3;3;3;1;4200;;3;13;5;16;12;9;9;16;3;12;18;5;
*05ET+KBB;;;;;;;17.08.10;3;3;3;1;4200;;3;13;5;16;12;9;9;16;3;12;18;5;
*09AT-Y9~96~H1;;r;;;;;17.08.15;3;3;3;1;4203;;3;13;5;16;12;9;9;16;3;12;18;5;
a09DT+~~~96;;;;;;;17.08.15;3;3;3;1;4203;;3;13;5;16;12;9;9;16;3;12;18;5;
a03ET+~~F;;;;;;;17.08.15;3;3;3;1;4205;;3;13;5;16;12;9;9;16;3;12;18;5;
a12AT-W4~42~H2;;p;;;;;17.08.18;3;3;3;1;4206;;3;13;5;16;12;9;9;16;3;12;18;5;
*13BT+~~~~2~~2;;;;;;;17.08.18;3;3;3;1;4206;;3;13;5;16;12;9;9;16;3;12;18;5;
*16DH+~~~~4;;;;;;;17.08.20;3;3;3;1;4206;;3;13;5;16;12;9;9;16;3;12;18;5;
*05ET+~~F;;;;;;;17.08.20;3;3;3;1;4208;;3;13;5;16;12;9;9;16;3;12;18;5;
*16AT+W4~42~T2;;s;;;;;17.08.21;3;3;3;1;4209;;3;13;5;16;12;9;9;16;3;12;18;5;
a16BT-~~~~2~~2;;;;;;;17.08.21;3;3;3;1;4209;;3;13;5;16;12;9;9;16;3;12;18;5;
*05DH+;;;;;;;17.08.21;3;3;3;1;4209;;3;13;5;16;12;9;9;16;3;12;18;5;
*18EH+~~F~1;;;;;;;17.08.21;3;3;3;1;4212;;3;13;5;16;12;9;9;16;3;12;18;5;
*16AH/G4~42~H2;p;s;;;;;17.08.26;3;3;3;1;4213;;3;13;5;16;12;9;9;16;3;12;18;5;
a16BH#~~~~2~~2;p;;;;;;17.08.26;3;3;3;1;4213;;3;13;5;16;12;9;9;16;3;12;18;5;
ap12:13;;;;;;;17.08.34;3;3;3;1;4219;;3;13;5;16;12;9;9;16;3;12;18;5;
a09SM!~~~56;;;;;;;17.08.45;3;3;3;1;4234;;3;13;5;16;12;9;9;16;3;12;18;5;
*18RM!~~~56~~~~21;;;;;;;17.08.45;3;3;3;1;4234;;3;13;5;16;12;9;9;16;3;12;18;5;
*05EQ+KCC~~~1;;;;;;;17.08.45;3;3;3;1;4234;;3;13;5;16;12;9;9;16;3;12;18;5;
*13AQ#J1~33~H1S;s;r;;;;;17.08.50;3;3;3;1;4237;;3;13;5;16;12;9;9;16;3;12;18;5;
a16BQ=~~~~3~~1;s;;;;;;17.08.50;3;3;3;1;4237;;3;13;5;16;12;9;9;16;3;12;18;5;
*p13:13;;;;;;;17.08.53;3;3;3;1;4241;;3;13;5;16;12;9;9;16;3;12;18;5;
*z2;;;;;;;17.08.53;3;2;3;1;4244;;13;5;16;12;9;3;9;16;3;12;18;5;
*13SM!~~~51;;;;;;;17.09.09;3;2;3;1;4261;;13;5;16;12;9;3;9;16;3;12;18;5;
a09RM!~~~51~~~~21;;;;;;;17.09.09;3;2;3;1;4261;;13;5;16;12;9;3;9;16;3;12;18;5;
a03ET+KBB~~~~~~K1;;;;;;;17.09.09;3;2;3;1;4261;;13;5;16;12;9;3;9;16;3;12;18;5;
a05AT=Y9~95~H2Z;p;r;;;;;17.09.16;3;2;3;1;4264;;13;5;16;12;9;3;9;16;3;12;18;5;
*$$&H#;p;;;;;;17.09.16;3;2;3;1;4264;;13;5;16;12;9;3;9;16;3;12;18;5;
*p14:13;;;;;;;17.09.24;3;2;3;1;4269;;13;5;16;12;9;3;9;16;3;12;18;5;
*13SM-~~~51;;;;;;;17.09.36;3;2;3;1;4287;;13;5;16;12;9;3;9;16;3;12;18;5;
a09RM#~~~51;;;;;;;17.09.36;3;2;3;1;4287;;13;5;16;12;9;3;9;16;3;12;18;5;
a03EQ+K1C;;;;;;;17.09.36;3;2;3;1;4287;;13;5;16;12;9;3;9;16;3;12;18;5;
a16AQ#J4~37~H1;s;r;;;;;17.09.42;3;2;3;1;4290;;13;5;16;12;9;3;9;16;3;12;18;5;
*$$&H=;s;;;;;;17.09.42;3;2;3;1;4290;;13;5;16;12;9;3;9;16;3;12;18;5;
ap14:14;;;;;;;17.09.44;3;2;3;1;4293;;13;5;16;12;9;3;9;16;3;12;18;5;
az2;;;;;;;17.09.44;3;2;2;1;4295;;13;5;16;12;9;3;16;3;12;18;5;9;
a16SM=~~~16;s;;;;;;17.09.58;3;2;2;1;4309;;13;5;16;12;9;3;16;3;12;18;5;9;
*$$&H#;s;;;;;;17.09.58;3;2;2;1;4309;;13;5;16;12;9;3;16;3;12;18;5;9;
*p15:14;;;;;;;17.10.02;3;2;2;1;4313;;13;5;16;12;9;3;16;3;12;18;5;9;
*z1;;;;;;;17.10.02;3;1;2;1;4313;;5;16;12;9;3;13;16;3;12;18;5;9;
*05SM-~~~15;;;;;;;17.10.13;3;1;2;1;4324;;5;16;12;9;3;13;16;3;12;18;5;9;
a12RM#~~~15~O;;;;;;;17.10.13;3;1;2;1;4324;;5;16;12;9;3;13;16;3;12;18;5;9;
a03EO+K1S;;;;;;;17.10.13;3;1;2;1;4324;;5;16;12;9;3;13;16;3;12;18;5;9;
a03AO#JJ~34;s;r;;;;;17.10.19;3;1;2;1;4326;;5;16;12;9;3;13;16;3;12;18;5;9;
*$$&H=;s;;;;;;17.10.19;3;1;2;1;4326;;5;16;12;9;3;13;16;3;12;18;5;9;
ap15:15;;;;;;;17.10.22;3;1;2;1;4329;;5;16;12;9;3;13;16;3;12;18;5;9;
az1;;;;;;;17.10.22;3;1;1;1;4333;;5;16;12;9;3;13;3;12;18;5;9;16;
a03SQ+~~~66;;;;;;;17.10.36;3;1;1;1;4347;;5;16;12;9;3;13;3;12;18;5;9;16;
*03RQ-~~~66;;;;;;;17.10.36;3;1;1;1;4347;;5;16;12;9;3;13;3;12;18;5;9;16;
*16AH/G2~24~H1;p;r;;;;;17.10.42;3;1;1;1;4350;;5;16;12;9;3;13;3;12;18;5;9;16;
a12BH#~~~~4~~1;p;;;;;;17.10.42;3;1;1;1;4350;;5;16;12;9;3;13;3;12;18;5;9;16;
ap15:16;;;;;;;17.10.44;3;1;1;1;4354;;5;16;12;9;3;13;3;12;18;5;9;16;
a03SQ/~~~64;;;;;;;17.11.00;3;1;1;1;4371;;5;16;12;9;3;13;3;12;18;5;9;16;
*12RQ/~~~64~L;;;;;;;17.11.00;3;1;1;1;4371;;5;16;12;9;3;13;3;12;18;5;9;16;
a18AO#V3~39;p;p;;;;;17.11.05;3;1;1;1;4373;;5;16;12;9;3;13;3;12;18;5;9;16;
*$$&H=;p;;;;;;17.11.05;3;1;1;1;4373;;5;16;12;9;3;13;3;12;18;5;9;16;
ap15:17;;;;;;;17.11.06;3;1;1;1;4376;;5;16;12;9;3;13;3;12;18;5;9;16;
*T;;;;;;;17.11.06;3;1;1;1;4377;;5;16;12;9;3;13;3;12;18;5;9;16;
a03SQ!~~~65;;;;;;;17.12.09;3;1;1;1;4440;;5;16;12;9;3;13;3;12;18;5;9;16;
*09RQ!~~~65~~~~42;;;;;;;17.12.09;3;1;1;1;4440;;5;16;12;9;3;13;3;12;18;5;9;16;
*05EH+K7B;;;;;;;17.12.09;3;1;1;1;4440;;5;16;12;9;3;13;3;12;18;5;9;16;
*16AH-G2~24~H2;;r;;;;;17.12.13;3;1;1;1;4443;;5;16;12;9;3;13;3;12;18;5;9;16;
a18BH+~~~~4~~2;;;;;;;17.12.13;3;1;1;1;4443;;5;16;12;9;3;13;3;12;18;5;9;16;
a09DH+~~~~6;;;;;;;17.12.18;3;1;1;1;4443;;5;16;12;9;3;13;3;12;18;5;9;16;
a03ET+~~F;;;;;;;17.12.18;3;1;1;1;4445;;5;16;12;9;3;13;3;12;18;5;9;16;
a12AT#W4~42~H2;p;p;;;;;17.12.20;3;1;1;1;4446;;5;16;12;9;3;13;3;12;18;5;9;16;
*12BT=~~~~2~~2;p;;;;;;17.12.20;3;1;1;1;4446;;5;16;12;9;3;13;3;12;18;5;9;16;
ap15:18;;;;;;;17.12.28;3;1;1;1;4452;;5;16;12;9;3;13;3;12;18;5;9;16;
a03SQ/~~~67;;;;;;;17.12.37;3;1;1;1;4468;;5;16;12;9;3;13;3;12;18;5;9;16;
*09RQ/~~~67~W;;;;;;;17.12.37;3;1;1;1;4468;;5;16;12;9;3;13;3;12;18;5;9;16;
a05AO#V2~27;p;p;;;;;17.12.44;3;1;1;1;4470;;5;16;12;9;3;13;3;12;18;5;9;16;
*$$&H=;p;;;;;;17.12.44;3;1;1;1;4470;;5;16;12;9;3;13;3;12;18;5;9;16;
ap15:19;;;;;;;17.12.47;3;1;1;1;4474;;5;16;12;9;3;13;3;12;18;5;9;16;
a03SM!~~~65;;;;;;;17.13.15;3;1;1;1;4506;;5;16;12;9;3;13;3;12;18;5;9;16;
*03RM!~~~65~O~~22;;;;;;;17.13.15;3;1;1;1;4506;;5;16;12;9;3;13;3;12;18;5;9;16;
*05EQ+KBC;;;;;;;17.13.15;3;1;1;1;4506;;5;16;12;9;3;13;3;12;18;5;9;16;
*12AQ-J4~38~H1;;r;;;;;17.13.19;3;1;1;1;4509;;5;16;12;9;3;13;3;12;18;5;9;16;
a09DQ+~~~38;;;;;;;17.13.19;3;1;1;1;4509;;5;16;12;9;3;13;3;12;18;5;9;16;
a03EH+~~B;;;;;;;17.13.19;3;1;1;1;4511;;5;16;12;9;3;13;3;12;18;5;9;16;
a05AH#G2~28~T1;p;p;;;;;17.13.23;3;1;1;1;4512;;5;16;12;9;3;13;3;12;18;5;9;16;
*$$&H=;p;;;;;;17.13.23;3;1;1;1;4512;;5;16;12;9;3;13;3;12;18;5;9;16;
ap15:20;;;;;;;17.13.28;3;1;1;1;4515;;5;16;12;9;3;13;3;12;18;5;9;16;
a03SQ!~~~16;;;;;;;17.13.39;3;1;1;1;4530;;5;16;12;9;3;13;3;12;18;5;9;16;
*18RQ!~~~16~~~~32;;;;;;;17.13.39;3;1;1;1;4530;;5;16;12;9;3;13;3;12;18;5;9;16;
*05EH+K8B;;;;;;;17.13.39;3;1;1;1;4532;;5;16;12;9;3;13;3;12;18;5;9;16;
*16AH+G2~24~T2;;r;;;;;17.13.44;3;1;1;1;4533;;5;16;12;9;3;13;3;12;18;5;9;16;
a12BH-~~~~4~~2;;;;;;;17.13.44;3;1;1;1;4533;;5;16;12;9;3;13;3;12;18;5;9;16;
*12DH+;;;;;;;17.13.44;3;1;1;1;4533;;5;16;12;9;3;13;3;12;18;5;9;16;
*16EH+~~F;;;;;;;17.13.44;3;1;1;1;4535;;5;16;12;9;3;13;3;12;18;5;9;16;
*09AH-G4~43~T1;;s;;;;;17.13.47;3;1;1;1;4536;;5;16;12;9;3;13;3;12;18;5;9;16;
a05BH+~~~~2~~1;;;;;;;17.13.47;3;1;1;1;4536;;5;16;12;9;3;13;3;12;18;5;9;16;
a18DH+~~~43;;;;;;;17.13.47;3;1;1;1;4536;;5;16;12;9;3;13;3;12;18;5;9;16;
a03EH+~~F;;;;;;;17.13.47;3;1;1;1;4538;;5;16;12;9;3;13;3;12;18;5;9;16;
a12AH#G4~47~H2;p;p;;;;;17.13.52;3;1;1;1;4539;;5;16;12;9;3;13;3;12;18;5;9;16;
*$$&H=;p;;;;;;17.13.52;3;1;1;1;4539;;5;16;12;9;3;13;3;12;18;5;9;16;
ap15:21;;;;;;;17.13.59;3;1;1;1;4544;;5;16;12;9;3;13;3;12;18;5;9;16;
*c05:02;;;;;;;17.13.59;3;1;1;1;4550;;2;16;12;9;3;13;3;12;18;5;9;16;
*c09:01;;;;;;;17.13.59;3;1;1;1;4550;;2;16;12;1;3;13;3;12;18;5;9;16;
*P2;;;;;;;17.13.59;3;1;1;1;4550;;2;16;12;1;3;13;3;12;18;5;9;16;
*z1;;;;;;;17.13.59;3;1;1;1;4550;;2;16;12;1;3;13;3;12;18;5;9;16;
a03SQ=~~~14;s;;;;;;17.13.59;3;1;1;1;4582;;2;16;12;1;3;13;3;12;18;5;9;16;
*$$&H#;s;;;;;;17.13.59;3;1;1;1;4582;;2;16;12;1;3;13;3;12;18;5;9;16;
*p16:21;;;;;;;17.14.33;3;1;1;1;4585;;2;16;12;1;3;13;3;12;18;5;9;16;
*z6;;;;;;;17.14.33;3;6;1;1;4584;;16;12;1;3;13;2;3;12;18;5;9;16;
*c16:06;;;;;;;17.14.33;3;6;1;1;4584;;6;12;1;3;13;2;3;12;18;5;9;16;
*06SM-~~~11;;;;;;;17.14.59;3;6;1;1;4610;;6;12;1;3;13;2;3;12;18;5;9;16;
a17RM+~~~11~~~~32;;;;;;;17.14.59;3;6;1;1;4610;;6;12;1;3;13;2;3;12;18;5;9;16;
a03EQ+K1C;;;;;;;17.15.08;3;6;1;1;4610;;6;12;1;3;13;2;3;12;18;5;9;16;
a18AQ+J1~39~T1;;r;;;;;17.15.05;3;6;1;1;4613;;6;12;1;3;13;2;3;12;18;5;9;16;
*02DQ-~~~39;;;;;;;17.15.05;3;6;1;1;4613;;6;12;1;3;13;2;3;12;18;5;9;16;
*03EH/;;;;;;;17.15.05;3;6;1;1;4615;;6;12;1;3;13;2;3;12;18;5;9;16;
a18FH+~~~~3;;;;;;;17.15.12;3;6;1;1;4616;;6;12;1;3;13;2;3;12;18;5;9;16;
a03ET+~~F;;;;;;;17.15.12;3;6;1;1;4618;;6;12;1;3;13;2;3;12;18;5;9;16;
a05AT#W4~42~H1S;s;s;;;;;17.15.14;3;6;1;1;4619;;6;12;1;3;13;2;3;12;18;5;9;16;
*03BT=~~~~2~~1;s;;;;;;17.15.14;3;6;1;1;4619;;6;12;1;3;13;2;3;12;18;5;9;16;
ap16:22;;;;;;;17.15.28;3;6;1;1;4627;;6;12;1;3;13;2;3;12;18;5;9;16;
az6;;;;;;;17.15.28;3;6;6;1;4639;;6;12;1;3;13;2;12;18;5;9;16;3;
a12SQ=~~~61;s;;;;;;17.15.46;3;6;6;1;4657;;6;12;1;3;13;2;12;18;5;9;16;3;
*$$&H#;s;;;;;;17.15.46;3;6;6;1;4657;;6;12;1;3;13;2;12;18;5;9;16;3;
*p17:22;;;;;;;17.15.50;3;6;6;1;4662;;6;12;1;3;13;2;12;18;5;9;16;3;
*z5;;;;;;;17.15.50;3;5;6;1;4661;;12;1;3;13;2;6;12;18;5;9;16;3;
*12SQ+~~~55;;;;;;;17.16.07;3;5;6;1;4678;;12;1;3;13;2;6;12;18;5;9;16;3;
a09RQ-~~~55;;;;;;;17.16.07;3;5;6;1;4678;;12;1;3;13;2;6;12;18;5;9;16;3;
a03EH+KBB~~~~~~KE;;;;;;;17.16.07;3;5;6;1;4678;;12;1;3;13;2;6;12;18;5;9;16;3;
a05AH/G2~24~H2;p;r;;;;;17.16.12;3;5;6;1;4681;;12;1;3;13;2;6;12;18;5;9;16;3;
*13BH#~~~~4~~2;p;;;;;;17.16.12;3;5;6;1;4681;;12;1;3;13;2;6;12;18;5;9;16;3;
*p18:22;;;;;;;17.16.15;3;5;6;1;4684;;12;1;3;13;2;6;12;18;5;9;16;3;
*12SQ!~~~51;;;;;;;17.16.38;3;5;6;1;4709;;12;1;3;13;2;6;12;18;5;9;16;3;
a12RQ!~~~51~~~~21;;;;;;;17.16.38;3;5;6;1;4709;;12;1;3;13;2;6;12;18;5;9;16;3;
a03ET+KBB~~~~~~K1;;;;;;;17.16.38;3;5;6;1;4711;;12;1;3;13;2;6;12;18;5;9;16;3;
a05AT#W2~24~H2S;s;r;;;;;17.16.44;3;5;6;1;4712;;12;1;3;13;2;6;12;18;5;9;16;3;
*01BT=~~~~4~~2;s;;;;;;17.16.44;3;5;6;1;4712;;12;1;3;13;2;6;12;18;5;9;16;3;
ap18:23;;;;;;;17.16.47;3;5;6;1;4716;;12;1;3;13;2;6;12;18;5;9;16;3;
az5;;;;;;;17.16.47;3;5;5;1;4718;;12;1;3;13;2;6;18;5;9;16;3;12;
ac18:14;;;;;;;17.16.47;3;5;5;1;4718;;12;1;3;13;2;6;14;5;9;16;3;12;
a14SQ=~~~14;s;;;;;;17.17.08;3;5;5;1;4739;;12;1;3;13;2;6;14;5;9;16;3;12;
*$$&H#;s;;;;;;17.17.08;3;5;5;1;4739;;12;1;3;13;2;6;14;5;9;16;3;12;
*p19:23;;;;;;;17.17.11;3;5;5;1;4742;;12;1;3;13;2;6;14;5;9;16;3;12;
*z4;;;;;;;17.17.11;3;4;5;1;4742;;1;3;13;2;6;12;14;5;9;16;3;12;
ac14:18;;;;;;;17.17.11;3;4;5;1;4742;;1;3;13;2;6;12;18;5;9;16;3;12;
*c01:09;;;;;;;17.17.11;3;4;5;1;4742;;9;3;13;2;6;12;18;5;9;16;3;12;
*c02:05;;;;;;;17.17.11;3;4;5;1;4742;;9;3;13;5;6;12;18;5;9;16;3;12;
*P5;;;;;;;17.17.11;3;4;5;1;4742;;9;3;13;5;6;12;18;5;9;16;3;12;
*z4;;;;;;;17.17.11;3;4;5;1;4742;;9;3;13;5;6;12;18;5;9;16;3;12;
*09SQ-~~~16;;;;;;;17.17.48;3;4;5;1;4779;;9;3;13;5;6;12;18;5;9;16;3;12;
a12RQ#~~~16;;;;;;;17.17.48;3;4;5;1;4779;;9;3;13;5;6;12;18;5;9;16;3;12;
a03ET+K1P;;;;;;;17.17.48;3;4;5;1;4779;;9;3;13;5;6;12;18;5;9;16;3;12;
a12AT#Y8~86~H0;s;r;;;;;17.17.53;3;4;5;1;4782;;9;3;13;5;6;12;18;5;9;16;3;12;
*06DT=~~~86;s;;;;;;17.17.53;3;4;5;1;4782;;9;3;13;5;6;12;18;5;9;16;3;12;
ap19:24;;;;;;;17.17.56;3;4;5;1;4785;;9;3;13;5;6;12;18;5;9;16;3;12;
az4;;;;;;;17.17.56;3;4;4;1;4787;;9;3;13;5;6;12;5;9;16;3;12;18;
a05SQ-~~~15;;;;;;;17.18.21;3;4;4;1;4812;;9;3;13;5;6;12;5;9;16;3;12;18;
*03RQ+~~~15~~~~32;;;;;;;17.18.21;3;4;4;1;4812;;9;3;13;5;6;12;5;9;16;3;12;18;
*05ET+K2B;;;;;;;17.18.21;3;4;4;1;4812;;9;3;13;5;6;12;5;9;16;3;12;18;
*09AT=Y9~91~H2Z;p;r;;;;;17.18.25;3;4;4;1;4815;;9;3;13;5;6;12;5;9;16;3;12;18;
a$$&H#;p;;;;;;17.18.25;3;4;4;1;4815;;9;3;13;5;6;12;5;9;16;3;12;18;
ap19:25;;;;;;;17.19.07;3;4;4;1;4818;;9;3;13;5;6;12;5;9;16;3;12;18;
**3set;;;;;;;17.19.07;4;4;4;1;4858;;;;;;;;;;;;;;
*P05>LUp;;;;;;;17.19.07;4;4;4;1;4858;;16;12;9;3;13;5;12;18;5;9;16;3;
*z6>LUp;;;;;;;17.19.07;4;6;4;1;4858;;16;12;9;3;13;5;12;18;5;9;16;3;
aP03>LUp;;;;;;;17.19.07;4;6;4;1;4858;;16;12;9;3;13;5;12;18;5;9;16;3;
az6>LUp;;;;;;;17.19.07;4;6;6;1;4858;;16;12;9;3;13;5;12;18;5;9;16;3;
*16SQ=~~~14;s;;;;;;17.22.44;4;6;6;1;5075;;16;12;9;3;13;5;12;18;5;9;16;3;
a$$&H#;s;;;;;;17.22.44;4;6;6;1;5075;;16;12;9;3;13;5;12;18;5;9;16;3;
ap00:01;;;;;;;17.22.47;4;6;6;1;5078;;16;12;9;3;13;5;12;18;5;9;16;3;
az5;;;;;;;17.22.47;4;6;5;1;5078;;16;12;9;3;13;5;18;5;9;16;3;12;
a18SM-~~~67A;;;;;;;17.23.04;4;6;5;1;5095;;16;12;9;3;13;5;18;5;9;16;3;12;
*03RM#~~~67AO;;;;;;;17.23.04;4;6;5;1;5095;;16;12;9;3;13;5;18;5;9;16;3;12;
*05ET+K1B;;;;;;;17.23.04;4;6;5;1;5095;;16;12;9;3;13;5;18;5;9;16;3;12;
*09AT#W2~27AH1;s;r;;;;;17.23.07;4;6;5;1;5098;;16;12;9;3;13;5;18;5;9;16;3;12;
a$$&H=;s;;;;;;17.23.07;4;6;5;1;5098;;16;12;9;3;13;5;18;5;9;16;3;12;
*p01:01;;;;;;;17.23.11;4;6;5;1;5101;;16;12;9;3;13;5;18;5;9;16;3;12;
*z5;;;;;;;17.23.11;4;5;5;1;5102;;12;9;3;13;5;16;18;5;9;16;3;12;
*12SQ-~~~55;;;;;;;17.23.11;4;5;5;1;5117;;12;9;3;13;5;16;18;5;9;16;3;12;
a09RQ+~~~55~~~~41;;;;;;;17.23.11;4;5;5;1;5117;;12;9;3;13;5;16;18;5;9;16;3;12;
a03ET+K1B;;;;;;;17.23.11;4;5;5;1;5117;;12;9;3;13;5;16;18;5;9;16;3;12;
a05AT=W2~21~H2O;p;r;;;;;17.23.31;4;5;5;1;5121;;12;9;3;13;5;16;18;5;9;16;3;12;
*$$&H#;p;;;;;;17.23.31;4;5;5;1;5121;;12;9;3;13;5;16;18;5;9;16;3;12;
*p02:01;;;;;;;17.23.37;4;5;5;1;5124;;12;9;3;13;5;16;18;5;9;16;3;12;
*12SQ-~~~56;;;;;;;17.23.53;4;5;5;1;5144;;12;9;3;13;5;16;18;5;9;16;3;12;
a17RQ+~~~56~~~~41;;;;;;;17.23.53;4;5;5;1;5144;;12;9;3;13;5;16;18;5;9;16;3;12;
a03EQ+K1C;;;;;;;17.24.00;4;5;5;1;5144;;12;9;3;13;5;16;18;5;9;16;3;12;
a16AQ-J1~38~H2;;r;;;;;17.23.58;4;5;5;1;5147;;12;9;3;13;5;16;18;5;9;16;3;12;
*05DQ+~~~38;;;;;;;17.23.58;4;5;5;1;5147;;12;9;3;13;5;16;18;5;9;16;3;12;
*12EH+~~B;;;;;;;17.23.58;4;5;5;1;5149;;12;9;3;13;5;16;18;5;9;16;3;12;
*09AH/G2~24~H3;s;p;;;;;17.24.02;4;5;5;1;5150;;12;9;3;13;5;16;18;5;9;16;3;12;
a16BH#~~~~4~~3;s;;;;;;17.24.02;4;5;5;1;5150;;12;9;3;13;5;16;18;5;9;16;3;12;
ap02:02;;;;;;;17.24.08;4;5;5;1;5154;;12;9;3;13;5;16;18;5;9;16;3;12;
az4;;;;;;;17.24.08;4;5;4;1;5159;;12;9;3;13;5;16;5;9;16;3;12;18;
a05SQ#~~~66;p;;;;;;17.24.42;4;5;4;1;5193;;12;9;3;13;5;16;5;9;16;3;12;18;
*18RQ=~~~66~L;p;;;;;;17.24.42;4;5;4;1;5193;;12;9;3;13;5;16;5;9;16;3;12;18;
ap02:03;;;;;;;17.24.55;4;5;4;1;5198;;12;9;3;13;5;16;5;9;16;3;12;18;
a05SQ!~~~65~~~N;;;;;;;17.25.07;4;5;4;1;5218;;12;9;3;13;5;16;5;9;16;3;12;18;
*03RQ!~~~65~~~~32;;;;;;;17.25.07;4;5;4;1;5218;;12;9;3;13;5;16;5;9;16;3;12;18;
*05ET+K8F;;;;;;;17.25.07;4;5;4;1;5218;;12;9;3;13;5;16;5;9;16;3;12;18;
*03AT#W4~45~H2;s;r;;;;;17.25.12;4;5;4;1;5221;;12;9;3;13;5;16;5;9;16;3;12;18;
a16BT=~~~~2~~2;s;;;;;;17.25.12;4;5;4;1;5221;;12;9;3;13;5;16;5;9;16;3;12;18;
*p03:03;;;;;;;17.25.22;4;5;4;1;5225;;12;9;3;13;5;16;5;9;16;3;12;18;
*z4;;;;;;;17.25.22;4;4;4;1;5233;;9;3;13;5;16;12;5;9;16;3;12;18;
*09SQ-~~~66;;;;;;;17.25.35;4;4;4;1;5246;;9;3;13;5;16;12;5;9;16;3;12;18;
a12RQ+~~~66~~~~21;;;;;;;17.25.35;4;4;4;1;5246;;9;3;13;5;16;12;5;9;16;3;12;18;
a03ET+K1P;;;;;;;17.25.35;4;4;4;1;5246;;9;3;13;5;16;12;5;9;16;3;12;18;
a12AT=Y8~83~T1;p;r;;;;;17.25.40;4;4;4;1;5249;;9;3;13;5;16;12;5;9;16;3;12;18;
*$$&H#;p;;;;;;17.25.40;4;4;4;1;5249;;9;3;13;5;16;12;5;9;16;3;12;18;
*p04:03;;;;;;;17.25.42;4;4;4;1;5252;;9;3;13;5;16;12;5;9;16;3;12;18;
*09SQ-~~~16;;;;;;;17.25.58;4;4;4;1;5269;;9;3;13;5;16;12;5;9;16;3;12;18;
a12RQ+~~~16~~~~32;;;;;;;17.25.58;4;4;4;1;5269;;9;3;13;5;16;12;5;9;16;3;12;18;
a03ET+K1P;;;;;;;17.25.58;4;4;4;1;5269;;9;3;13;5;16;12;5;9;16;3;12;18;
a12AT-Y8~81~H1;;r;;;;;17.26.02;4;4;4;1;5272;;9;3;13;5;16;12;5;9;16;3;12;18;
*09DT+~~~81;;;;;;;17.26.02;4;4;4;1;5272;;9;3;13;5;16;12;5;9;16;3;12;18;
*05EH+~~F;;;;;;;17.26.02;4;4;4;1;5274;;9;3;13;5;16;12;5;9;16;3;12;18;
*03AH#G4~42~H2;p;p;;;;;17.26.06;4;4;4;1;5275;;9;3;13;5;16;12;5;9;16;3;12;18;
a03BH=~~~~2~~2;p;;;;;;17.26.06;4;4;4;1;5275;;9;3;13;5;16;12;5;9;16;3;12;18;
*p05:03;;;;;;;17.26.10;4;4;4;1;5278;;9;3;13;5;16;12;5;9;16;3;12;18;
*09SQ!~~~65;;;;;;;17.26.29;4;4;4;1;5300;;9;3;13;5;16;12;5;9;16;3;12;18;
a09RQ!~~~65~~~~22;;;;;;;17.26.29;4;4;4;1;5300;;9;3;13;5;16;12;5;9;16;3;12;18;
a03ET+KBF~~~~~~K1;;;;;;;17.26.29;4;4;4;1;5300;;9;3;13;5;16;12;5;9;16;3;12;18;
a09AT-W4~45~H2;;r;;;;;17.26.33;4;4;4;1;5303;;9;3;13;5;16;12;5;9;16;3;12;18;
*13BT+~~~~2~~2;;;;;;;17.26.33;4;4;4;1;5303;;9;3;13;5;16;12;5;9;16;3;12;18;
*18DH+~~~~5;;;;;;;17.26.36;4;4;4;1;5303;;9;3;13;5;16;12;5;9;16;3;12;18;
*05EH/;;;;;;;17.26.36;4;4;4;1;5305;;9;3;13;5;16;12;5;9;16;3;12;18;
a18FH+~~~~3;;;;;;;17.26.41;4;4;4;1;5306;;9;3;13;5;16;12;5;9;16;3;12;18;
a03EQ+~~C;;;;;;;17.26.41;4;4;4;1;5308;;9;3;13;5;16;12;5;9;16;3;12;18;
a16AQ#J1~33~H2;s;s;;;;;17.26.42;4;4;4;1;5309;;9;3;13;5;16;12;5;9;16;3;12;18;
*13BQ=~~~~3~~2;s;;;;;;17.26.42;4;4;4;1;5309;;9;3;13;5;16;12;5;9;16;3;12;18;
ap05:04;;;;;;;17.26.57;4;4;4;1;5312;;9;3;13;5;16;12;5;9;16;3;12;18;
az3;;;;;;;17.26.57;4;4;3;1;5328;;9;3;13;5;16;12;9;16;3;12;18;5;
a09SM-~~~65;;;;;;;17.27.01;4;4;3;1;5332;;9;3;13;5;16;12;9;16;3;12;18;5;
*03RM+~~~65~O~~42;;;;;;;17.27.01;4;4;3;1;5332;;9;3;13;5;16;12;9;16;3;12;18;5;
*05ET+K8F;;;;;;;17.27.01;4;4;3;1;5332;;9;3;13;5;16;12;9;16;3;12;18;5;
*03AT#W4~42~T2;s;r;;;;;17.27.05;4;4;3;1;5335;;9;3;13;5;16;12;9;16;3;12;18;5;
a03BT=~~~~2~~2;s;;;;;;17.27.05;4;4;3;1;5335;;9;3;13;5;16;12;9;16;3;12;18;5;
*p06:04;;;;;;;17.27.08;4;4;3;1;5338;;9;3;13;5;16;12;9;16;3;12;18;5;
*z3;;;;;;;17.27.08;4;3;3;1;5339;;3;13;5;16;12;9;9;16;3;12;18;5;
*03SM-~~~15;;;;;;;17.27.27;4;3;3;1;5358;;3;13;5;16;12;9;9;16;3;12;18;5;
a12RM#~~~15;;;;;;;17.27.27;4;3;3;1;5358;;3;13;5;16;12;9;9;16;3;12;18;5;
a03EQ+K3C;;;;;;;17.27.27;4;3;3;1;5358;;3;13;5;16;12;9;9;16;3;12;18;5;
a16AQ#J3~37AH0;s;r;;;;;17.27.33;4;3;3;1;5361;;3;13;5;16;12;9;9;16;3;12;18;5;
*18DQ=~~~37A;s;;;;;;17.27.33;4;3;3;1;5361;;3;13;5;16;12;9;9;16;3;12;18;5;
ap06:05;;;;;;;17.27.42;4;3;3;1;5364;;3;13;5;16;12;9;9;16;3;12;18;5;
az2;;;;;;;17.27.42;4;3;2;1;5373;;3;13;5;16;12;9;16;3;12;18;5;9;
a16SM=~~~15;s;;;;;;17.27.57;4;3;2;1;5388;;3;13;5;16;12;9;16;3;12;18;5;9;
*$$&H#;s;;;;;;17.27.57;4;3;2;1;5388;;3;13;5;16;12;9;16;3;12;18;5;9;
*p07:05;;;;;;;17.28.00;4;3;2;1;5391;;3;13;5;16;12;9;16;3;12;18;5;9;
*z2;;;;;;;17.28.00;4;2;2;1;5391;;13;5;16;12;9;3;16;3;12;18;5;9;
*13SM!~~~56;;;;;;;17.28.15;4;2;2;1;5407;;13;5;16;12;9;3;16;3;12;18;5;9;
a09RM!~~~56~~~~31;;;;;;;17.28.15;4;2;2;1;5407;;13;5;16;12;9;3;16;3;12;18;5;9;
a03EQ+K1C;;;;;;;17.28.24;4;2;2;1;5407;;13;5;16;12;9;3;16;3;12;18;5;9;
a18AQ-J4~33~T1;;r;;;;;17.28.21;4;2;2;1;5410;;13;5;16;12;9;3;16;3;12;18;5;9;
*12BQ+~~~~3~~1;;;;;;;17.28.21;4;2;2;1;5410;;13;5;16;12;9;3;16;3;12;18;5;9;
*05DH+~~~~2;;;;;;;17.28.23;4;2;2;1;5410;;13;5;16;12;9;3;16;3;12;18;5;9;
*16EH+~~B;;;;;;;17.28.23;4;2;2;1;5412;;13;5;16;12;9;3;16;3;12;18;5;9;
*09AH=G9~91BH3;s;p;;;;;17.28.25;4;2;2;1;5413;;13;5;16;12;9;3;16;3;12;18;5;9;
a$$&H#;s;;;;;;17.28.25;4;2;2;1;5413;;13;5;16;12;9;3;16;3;12;18;5;9;
ap07:06;;;;;;;17.28.32;4;2;2;1;5419;;13;5;16;12;9;3;16;3;12;18;5;9;
az1;;;;;;;17.28.32;4;2;1;1;5423;;13;5;16;12;9;3;3;12;18;5;9;16;
a03SQ=~~~64;s;;;;;;17.28.46;4;2;1;1;5437;;13;5;16;12;9;3;3;12;18;5;9;16;
*$$&H#;s;;;;;;17.28.46;4;2;1;1;5437;;13;5;16;12;9;3;3;12;18;5;9;16;
*p08:06;;;;;;;17.28.48;4;2;1;1;5440;;13;5;16;12;9;3;3;12;18;5;9;16;
*z1;;;;;;;17.28.49;4;1;1;1;5440;;5;16;12;9;3;13;3;12;18;5;9;16;
*05SM-~~~11;;;;;;;17.29.01;4;1;1;1;5452;;5;16;12;9;3;13;3;12;18;5;9;16;
a17RM#~~~11;;;;;;;17.29.01;4;1;1;1;5452;;5;16;12;9;3;13;3;12;18;5;9;16;
a03EQ+K1C;;;;;;;17.29.01;4;1;1;1;5452;;5;16;12;9;3;13;3;12;18;5;9;16;
a18AQ#J1~31CH1;s;r;;;;;17.29.06;4;1;1;1;5455;;5;16;12;9;3;13;3;12;18;5;9;16;
*$$&H=;s;;;;;;17.29.06;4;1;1;1;5455;;5;16;12;9;3;13;3;12;18;5;9;16;
ap08:07;;;;;;;17.29.08;4;1;1;1;5458;;5;16;12;9;3;13;3;12;18;5;9;16;
az6;;;;;;;17.29.08;4;1;6;1;5459;;5;16;12;9;3;13;12;18;5;9;16;3;
a12SM-~~~65;;;;;;;17.29.24;4;1;6;1;5476;;5;16;12;9;3;13;12;18;5;9;16;3;
*03RM+~~~65~O~~32;;;;;;;17.29.24;4;1;6;1;5476;;5;16;12;9;3;13;12;18;5;9;16;3;
*05ET+K1B;;;;;;;17.29.24;4;1;6;1;5476;;5;16;12;9;3;13;12;18;5;9;16;3;
*16AT#W2~26~H2;s;r;;;;;17.29.28;4;1;6;1;5479;;5;16;12;9;3;13;12;18;5;9;16;3;
a12DT=~~~26;s;;;;;;17.29.28;4;1;6;1;5479;;5;16;12;9;3;13;12;18;5;9;16;3;
*p09:07;;;;;;;17.29.31;4;1;6;1;5482;;5;16;12;9;3;13;12;18;5;9;16;3;
*z6;;;;;;;17.29.31;4;6;6;1;5482;;16;12;9;3;13;5;12;18;5;9;16;3;
*16SQ/~~~16;;;;;;;17.29.46;4;6;6;1;5497;;16;12;9;3;13;5;12;18;5;9;16;3;
a17RQ/~~~16~L;;;;;;;17.29.46;4;6;6;1;5497;;16;12;9;3;13;5;12;18;5;9;16;3;
*03FH+~~~~4;;;;;;;17.29.46;4;6;6;1;5499;;16;12;9;3;13;5;12;18;5;9;16;3;
*05ET+~~P;;;;;;;17.29.46;4;6;6;1;5501;;16;12;9;3;13;5;12;18;5;9;16;3;
*16AT=Y8~86~H2O;s;p;;;;;17.29.54;4;6;6;1;5502;;16;12;9;3;13;5;12;18;5;9;16;3;
a$$&H#;s;;;;;;17.29.54;4;6;6;1;5502;;16;12;9;3;13;5;12;18;5;9;16;3;
ap09:08;;;;;;;17.29.58;4;6;6;1;5505;;16;12;9;3;13;5;12;18;5;9;16;3;
az5;;;;;;;17.29.58;4;6;5;1;5509;;16;12;9;3;13;5;18;5;9;16;3;12;
a18SM-~~~67A;;;;;;;17.30.12;4;6;5;1;5523;;16;12;9;3;13;5;18;5;9;16;3;12;
*03RM+~~~67AO~~32;;;;;;;17.30.12;4;6;5;1;5523;;16;12;9;3;13;5;18;5;9;16;3;12;
*05ET+K1B;;;;;;;17.30.12;4;6;5;1;5523;;16;12;9;3;13;5;18;5;9;16;3;12;
*09AT#W2~24~T2;s;r;;;;;17.30.16;4;6;5;1;5526;;16;12;9;3;13;5;18;5;9;16;3;12;
a$$&H=;s;;;;;;17.30.16;4;6;5;1;5526;;16;12;9;3;13;5;18;5;9;16;3;12;
*p10:08;;;;;;;17.30.19;4;6;5;1;5529;;16;12;9;3;13;5;18;5;9;16;3;12;
*z5;;;;;;;17.30.19;4;5;5;1;5530;;12;9;3;13;5;16;18;5;9;16;3;12;
*12SQ-~~~56;;;;;;;17.30.41;4;5;5;1;5552;;12;9;3;13;5;16;18;5;9;16;3;12;
a12RQ#~~~56;;;;;;;17.30.41;4;5;5;1;5552;;12;9;3;13;5;16;18;5;9;16;3;12;
a03ET+KEB;;;;;;;17.30.49;4;5;5;1;5552;;12;9;3;13;5;16;18;5;9;16;3;12;
a05AT+W2~28~H1;;r;;;;;17.30.46;4;5;5;1;5555;;12;9;3;13;5;16;18;5;9;16;3;12;
*05DT-~~~28;;;;;;;17.30.46;4;5;5;1;5555;;12;9;3;13;5;16;18;5;9;16;3;12;
*16EH/;;;;;;;17.30.46;4;5;5;1;5557;;12;9;3;13;5;16;18;5;9;16;3;12;
a16FH+~~~~3;;;;;;;17.30.54;4;5;5;1;5558;;12;9;3;13;5;16;18;5;9;16;3;12;
a03ET+~~B;;;;;;;17.30.54;4;5;5;1;5560;;12;9;3;13;5;16;18;5;9;16;3;12;
a05AT#W2~27~H1;s;s;;;;;17.30.55;4;5;5;1;5561;;12;9;3;13;5;16;18;5;9;16;3;12;
*12DT=~~~27;s;;;;;;17.30.55;4;5;5;1;5561;;12;9;3;13;5;16;18;5;9;16;3;12;
ap10:09;;;;;;;17.31.09;4;5;5;1;5566;;12;9;3;13;5;16;18;5;9;16;3;12;
az4;;;;;;;17.31.09;4;5;4;1;5580;;12;9;3;13;5;16;5;9;16;3;12;18;
a05SQ!~~~66;;;;;;;17.31.27;4;5;4;1;5598;;12;9;3;13;5;16;5;9;16;3;12;18;
*18RQ!~~~66~~~~32;;;;;;;17.31.27;4;5;4;1;5598;;12;9;3;13;5;16;5;9;16;3;12;18;
*05ET+K8F;;;;;;;17.31.27;4;5;4;1;5598;;12;9;3;13;5;16;5;9;16;3;12;18;
*03AT#W4~45~H2;s;r;;;;;17.31.32;4;5;4;1;5604;;12;9;3;13;5;16;5;9;16;3;12;18;
a10DT=~~~45;s;;;;;;17.31.32;4;5;4;1;5604;;12;9;3;13;5;16;5;9;16;3;12;18;
*p11:09;;;;;;;17.31.41;4;5;4;1;5613;;12;9;3;13;5;16;5;9;16;3;12;18;
*z4;;;;;;;17.31.41;4;4;4;1;5612;;9;3;13;5;16;12;5;9;16;3;12;18;
*09SQ+~~~66;;;;;;;17.32.00;4;4;4;1;5631;;9;3;13;5;16;12;5;9;16;3;12;18;
a12RQ-~~~66;;;;;;;17.32.00;4;4;4;1;5631;;9;3;13;5;16;12;5;9;16;3;12;18;
a03AO#JJ~39~T0;s;r;;;;;17.32.06;4;4;4;1;5633;;9;3;13;5;16;12;5;9;16;3;12;18;
*09DO=~~~39;s;;;;;;17.32.06;4;4;4;1;5633;;9;3;13;5;16;12;5;9;16;3;12;18;
ap11:10;;;;;;;17.32.11;4;4;4;1;5636;;9;3;13;5;16;12;5;9;16;3;12;18;
az3;;;;;;;17.32.11;4;4;3;1;5642;;9;3;13;5;16;12;9;16;3;12;18;5;
a09SM=~~~65;s;;;;;;17.32.39;4;4;3;1;5670;;9;3;13;5;16;12;9;16;3;12;18;5;
*$$&H#;s;;;;;;17.32.39;4;4;3;1;5670;;9;3;13;5;16;12;9;16;3;12;18;5;
*p12:10;;;;;;;17.32.45;4;4;3;1;5676;;9;3;13;5;16;12;9;16;3;12;18;5;
*z3;;;;;;;17.32.45;4;3;3;1;5676;;3;13;5;16;12;9;9;16;3;12;18;5;
*03SM-~~~15;;;;;;;17.32.57;4;3;3;1;5688;;3;13;5;16;12;9;9;16;3;12;18;5;
a17RM#~~~15~O;;;;;;;17.32.57;4;3;3;1;5688;;3;13;5;16;12;9;9;16;3;12;18;5;
a03EQ+K1C;;;;;;;17.32.57;4;3;3;1;5688;;3;13;5;16;12;9;9;16;3;12;18;5;
a16AQ+J4~33~H2;;r;;;;;17.33.03;4;3;3;1;5691;;3;13;5;16;12;9;9;16;3;12;18;5;
*13BQ-~~~~3~~2;;;;;;;17.33.03;4;3;3;1;5691;;3;13;5;16;12;9;9;16;3;12;18;5;
a12DH+;;;;;;;17.33.03;4;3;3;1;5691;;3;13;5;16;12;9;9;16;3;12;18;5;
a03ET+~~F;;;;;;;17.33.03;4;3;3;1;5693;;3;13;5;16;12;9;9;16;3;12;18;5;
a12AT/W4~42~T3;p;s;;;;;17.33.03;4;3;3;1;5694;;3;13;5;16;12;9;9;16;3;12;18;5;
*05BT#~~~~2~~3;p;;;;;;17.33.03;4;3;3;1;5694;;3;13;5;16;12;9;9;16;3;12;18;5;
*p13:10;;;;;;;17.33.44;4;3;3;1;5697;;3;13;5;16;12;9;9;16;3;12;18;5;
*03SM!~~~11;;;;;;;17.33.57;4;3;3;1;5748;;3;13;5;16;12;9;9;16;3;12;18;5;
a09RM!~~~11~~~~22;;;;;;;17.33.57;4;3;3;1;5748;;3;13;5;16;12;9;9;16;3;12;18;5;
a03ET+KBF~~~~~~KE;;;;;;;17.33.57;4;3;3;1;5748;;3;13;5;16;12;9;9;16;3;12;18;5;
a12AT-W4~42~H2;;r;;;;;17.34.02;4;3;3;1;5751;;3;13;5;16;12;9;9;16;3;12;18;5;
*13BT+~~~~2~~2;;;;;;;17.34.02;4;3;3;1;5751;;3;13;5;16;12;9;9;16;3;12;18;5;
a17DH/;;;;;;;17.34.02;4;3;3;1;5751;;3;13;5;16;12;9;9;16;3;12;18;5;
*05AO#V2~22AH0;p;p;;;;;17.34.06;4;3;3;1;5753;;3;13;5;16;12;9;9;16;3;12;18;5;
a$$&H=;p;;;;;;17.34.06;4;3;3;1;5753;;3;13;5;16;12;9;9;16;3;12;18;5;
*p14:10;;;;;;;17.34.14;4;3;3;1;5756;;3;13;5;16;12;9;9;16;3;12;18;5;
*03SM-~~~11;;;;;;;17.35.14;4;3;3;1;5826;;3;13;5;16;12;9;9;16;3;12;18;5;
a09RM#~~~11~O;;;;;;;17.35.14;4;3;3;1;5826;;3;13;5;16;12;9;9;16;3;12;18;5;
a03ET+K1B;;;;;;;17.35.14;4;3;3;1;5826;;3;13;5;16;12;9;9;16;3;12;18;5;
a05AT-Y9~98~T0;;r;;;;;17.35.19;4;3;3;1;5829;;3;13;5;16;12;9;9;16;3;12;18;5;
*03DT+~~~98;;;;;;;17.35.19;4;3;3;1;5829;;3;13;5;16;12;9;9;16;3;12;18;5;
*05EH+~~F;;;;;;;17.35.19;4;3;3;1;5831;;3;13;5;16;12;9;9;16;3;12;18;5;
*16AH-G4~42~H2;;p;;;;;17.35.23;4;3;3;1;5832;;3;13;5;16;12;9;9;16;3;12;18;5;
a03BH+~~~~2~~2;;;;;;;17.35.23;4;3;3;1;5832;;3;13;5;16;12;9;9;16;3;12;18;5;
a09DH+~~~~6;;;;;;;17.35.25;4;3;3;1;5832;;3;13;5;16;12;9;9;16;3;12;18;5;
a17EH+~~F;;;;;;;17.35.25;4;3;3;1;5834;;3;13;5;16;12;9;9;16;3;12;18;5;
a12AH#G4~49AH2;s;s;;;;;17.35.27;4;3;3;1;5835;;3;13;5;16;12;9;9;16;3;12;18;5;
*$$&H=;s;;;;;;17.35.27;4;3;3;1;5835;;3;13;5;16;12;9;9;16;3;12;18;5;
ap14:11;;;;;;;17.35.35;4;3;3;1;5840;;3;13;5;16;12;9;9;16;3;12;18;5;
az2;;;;;;;17.35.35;4;3;2;1;5846;;3;13;5;16;12;9;16;3;12;18;5;9;
a16SM-~~~16;;;;;;;17.35.51;4;3;2;1;5862;;3;13;5;16;12;9;16;3;12;18;5;9;
*03RM+~~~16~~~~31;;;;;;;17.35.51;4;3;2;1;5862;;3;13;5;16;12;9;16;3;12;18;5;9;
*05ET+KCF;;;;;;;17.35.51;4;3;2;1;5862;;3;13;5;16;12;9;16;3;12;18;5;9;
*16AT#W4~42~H1S;s;r;;;;;17.35.55;4;3;2;1;5865;;3;13;5;16;12;9;16;3;12;18;5;9;
a03BT=~~~~2~~1;s;;;;;;17.35.55;4;3;2;1;5865;;3;13;5;16;12;9;16;3;12;18;5;9;
*p15:11;;;;;;;17.35.57;4;3;2;1;5868;;3;13;5;16;12;9;16;3;12;18;5;9;
*z2;;;;;;;17.35.57;4;2;2;1;5868;;13;5;16;12;9;3;16;3;12;18;5;9;
*13SM-~~~55;;;;;;;17.36.20;4;2;2;1;5892;;13;5;16;12;9;3;16;3;12;18;5;9;
a09RM#~~~55;;;;;;;17.36.20;4;2;2;1;5892;;13;5;16;12;9;3;16;3;12;18;5;9;
a03EQ+K1C;;;;;;;17.36.20;4;2;2;1;5892;;13;5;16;12;9;3;16;3;12;18;5;9;
a18AQ#J1~36~H2;s;r;;;;;17.36.27;4;2;2;1;5895;;13;5;16;12;9;3;16;3;12;18;5;9;
*03DQ=~~~36;s;;;;;;17.36.27;4;2;2;1;5895;;13;5;16;12;9;3;16;3;12;18;5;9;
ap15:12;;;;;;;17.36.37;4;2;2;1;5900;;13;5;16;12;9;3;16;3;12;18;5;9;
az1;;;;;;;17.36.37;4;2;1;1;5908;;13;5;16;12;9;3;3;12;18;5;9;16;
a03SQ-~~~16;;;;;;;17.36.48;4;2;1;1;5919;;13;5;16;12;9;3;3;12;18;5;9;16;
*03RQ+~~~16~~~~21;;;;;;;17.36.48;4;2;1;1;5919;;13;5;16;12;9;3;3;12;18;5;9;16;
*05ET+K1B;;;;;;;17.36.48;4;2;1;1;5919;;13;5;16;12;9;3;3;12;18;5;9;16;
*09AT#Y9~94~H2;s;r;;;;;17.36.53;4;2;1;1;5922;;13;5;16;12;9;3;3;12;18;5;9;16;
a12BT=~~~~4~~2;s;;;;;;17.36.53;4;2;1;1;5922;;13;5;16;12;9;3;3;12;18;5;9;16;
*p16:12;;;;;;;17.36.55;4;2;1;1;5925;;13;5;16;12;9;3;3;12;18;5;9;16;
*z1;;;;;;;17.36.55;4;1;1;1;5926;;5;16;12;9;3;13;3;12;18;5;9;16;
*05SM-~~~11;;;;;;;17.37.09;4;1;1;1;5941;;5;16;12;9;3;13;3;12;18;5;9;16;
a12RM#~~~11;;;;;;;17.37.09;4;1;1;1;5941;;5;16;12;9;3;13;3;12;18;5;9;16;
a03ET+K1F;;;;;;;17.37.36;4;1;1;1;5941;;5;16;12;9;3;13;3;12;18;5;9;16;
a05AT-W4~47~H1;;r;;;;;17.37.15;4;1;1;1;5944;;5;16;12;9;3;13;3;12;18;5;9;16;
*20DT+~~~47;;;;;;;17.37.15;4;1;1;1;5944;;5;16;12;9;3;13;3;12;18;5;9;16;
*05EH+~~F;;;;;;;17.37.15;4;1;1;1;5946;;5;16;12;9;3;13;3;12;18;5;9;16;
*09AH-G4~45~H2;;p;;;;;17.37.19;4;1;1;1;5947;;5;16;12;9;3;13;3;12;18;5;9;16;
a09DH+~~~45;;;;;;;17.37.19;4;1;1;1;5947;;5;16;12;9;3;13;3;12;18;5;9;16;
a03EH+~~F;;;;;;;17.37.19;4;1;1;1;5949;;5;16;12;9;3;13;3;12;18;5;9;16;
a05AH+G4~42~H2;;s;;;;;17.37.23;4;1;1;1;5950;;5;16;12;9;3;13;3;12;18;5;9;16;
*12BH-~~~~2~~2;;;;;;;17.37.23;4;1;1;1;5950;;5;16;12;9;3;13;3;12;18;5;9;16;
*20DH+~~~~3;;;;;;;17.37.23;4;1;1;1;5950;;5;16;12;9;3;13;3;12;18;5;9;16;
a03EQ+~~C;;;;;;;17.37.23;4;1;1;1;5953;;5;16;12;9;3;13;3;12;18;5;9;16;
a18AQ+J1~39~H1;;s;;;;;17.37.30;4;1;1;1;5954;;5;16;12;9;3;13;3;12;18;5;9;16;
*05DQ/~~~39;;;;;;;17.37.30;4;1;1;1;5954;;5;16;12;9;3;13;3;12;18;5;9;16;
a17FH+;;;;;;;17.37.33;4;1;1;1;5955;;5;16;12;9;3;13;3;12;18;5;9;16;
a03EQ+~~C;;;;;;;17.37.33;4;1;1;1;5957;;5;16;12;9;3;13;3;12;18;5;9;16;
a18AQ-J1~3~~H1;;s;;;;;17.37.34;4;1;1;1;5958;;5;16;12;9;3;13;3;12;18;5;9;16;
*05DQ+~~~3;;;;;;;17.37.34;4;1;1;1;5958;;5;16;12;9;3;13;3;12;18;5;9;16;
*20EH+~~B;;;;;;;17.37.34;4;1;1;1;5960;;5;16;12;9;3;13;3;12;18;5;9;16;
*16AH#G2~26~H2S;p;p;;;;;17.37.34;4;1;1;1;5961;;5;16;12;9;3;13;3;12;18;5;9;16;
a05BH=~~~~4~~2;p;;;;;;17.37.34;4;1;1;1;5961;;5;16;12;9;3;13;3;12;18;5;9;16;
*p17:12;;;;;;;17.37.58;4;1;1;1;5972;;5;16;12;9;3;13;3;12;18;5;9;16;
*05SM+~~~11;;;;;;;17.38.03;4;1;1;1;5995;;5;16;12;9;3;13;3;12;18;5;9;16;
a17RM-~~~11;;;;;;;17.38.03;4;1;1;1;5995;;5;16;12;9;3;13;3;12;18;5;9;16;
a03EH+~~F;;;;;;;17.38.03;4;1;1;1;5997;;5;16;12;9;3;13;3;12;18;5;9;16;
a05AH#G4~45~H2;s;r;;;;;17.38.08;4;1;1;1;5998;;5;16;12;9;3;13;3;12;18;5;9;16;
*20DH=~~~45;s;;;;;;17.38.08;4;1;1;1;5998;;5;16;12;9;3;13;3;12;18;5;9;16;
ap17:13;;;;;;;17.38.16;4;1;1;1;6007;;5;16;12;9;3;13;3;12;18;5;9;16;
az6;;;;;;;17.38.16;4;1;6;1;6013;;5;16;12;9;3;13;12;18;5;9;16;3;
a12SQ!~~~66;;;;;;;17.38.56;4;1;6;1;6048;;5;16;12;9;3;13;12;18;5;9;16;3;
*18RQ!~~~66~~~~32;;;;;;;17.38.56;4;1;6;1;6048;;5;16;12;9;3;13;12;18;5;9;16;3;
*05ET+K8B;;;;;;;17.38.56;4;1;6;1;6048;;5;16;12;9;3;13;12;18;5;9;16;3;
*16AT/W2~24~H2;p;r;;;;;17.39.02;4;1;6;1;6051;;5;16;12;9;3;13;12;18;5;9;16;3;
a18BT#~~~~4~~2;p;;;;;;17.39.02;4;1;6;1;6051;;5;16;12;9;3;13;12;18;5;9;16;3;
ap17:14;;;;;;;17.39.06;4;1;6;1;6055;;5;16;12;9;3;13;12;18;5;9;16;3;
a12SQ#~~~66A;p;;;;;;17.39.22;4;1;6;1;6074;;5;16;12;9;3;13;12;18;5;9;16;3;
*18RQ=~~~66AL;p;;;;;;17.39.22;4;1;6;1;6074;;5;16;12;9;3;13;12;18;5;9;16;3;
ap17:15;;;;;;;17.39.29;4;1;6;1;6078;;5;16;12;9;3;13;12;18;5;9;16;3;
a12SQ=~~~64;s;;;;;;17.40.10;4;1;6;1;6117;;5;16;12;9;3;13;12;18;5;9;16;3;
*$$&H#;s;;;;;;17.40.10;4;1;6;1;6117;;5;16;12;9;3;13;12;18;5;9;16;3;
*p18:15;;;;;;;17.40.13;4;1;6;1;6120;;5;16;12;9;3;13;12;18;5;9;16;3;
*z6;;;;;;;17.40.13;4;6;6;1;6124;;16;12;9;3;13;5;12;18;5;9;16;3;
*c16:06;;;;;;;17.40.13;4;6;6;1;6124;;6;12;9;3;13;5;12;18;5;9;16;3;
*06SM=~~~61;s;;;;;;17.40.39;4;6;6;1;6150;;6;12;9;3;13;5;12;18;5;9;16;3;
a$$&H#;s;;;;;;17.40.39;4;6;6;1;6150;;6;12;9;3;13;5;12;18;5;9;16;3;
ap18:16;;;;;;;17.40.42;4;6;6;1;6153;;6;12;9;3;13;5;12;18;5;9;16;3;
az5;;;;;;;17.40.42;4;6;5;1;6153;;6;12;9;3;13;5;18;5;9;16;3;12;
a18SM-~~~61A;;;;;;;17.40.58;4;6;5;1;6169;;6;12;9;3;13;5;18;5;9;16;3;12;
*06RM#~~~61A;;;;;;;17.40.58;4;6;5;1;6169;;6;12;9;3;13;5;18;5;9;16;3;12;
*05EQ+K1C;;;;;;;17.40.58;4;6;5;1;6169;;6;12;9;3;13;5;18;5;9;16;3;12;
*12AQ#J4~33~T2;s;r;;;;;17.41.02;4;6;5;1;6172;;6;12;9;3;13;5;18;5;9;16;3;12;
a03DQ=~~~33;s;;;;;;17.41.02;4;6;5;1;6172;;6;12;9;3;13;5;18;5;9;16;3;12;
*p19:16;;;;;;;17.41.08;4;6;5;1;6176;;6;12;9;3;13;5;18;5;9;16;3;12;
*z5;;;;;;;17.41.08;4;5;5;1;6179;;12;9;3;13;5;6;18;5;9;16;3;12;
*12SQ#~~~56;p;;;;;;17.41.30;4;5;5;1;6201;;12;9;3;13;5;6;18;5;9;16;3;12;
a12RQ=~~~56~M;p;;;;;;17.41.30;4;5;5;1;6201;;12;9;3;13;5;6;18;5;9;16;3;12;
*p20:16;;;;;;;17.41.34;4;5;5;1;6205;;12;9;3;13;5;6;18;5;9;16;3;12;
aT;;;;;;;17.41.34;4;5;5;1;6205;;12;9;3;13;5;6;18;5;9;16;3;12;
*12SQ!~~~56;;;;;;;17.42.45;4;5;5;1;6274;;12;9;3;13;5;6;18;5;9;16;3;12;
a12RQ!~~~56~~~~31;;;;;;;17.42.45;4;5;5;1;6274;;12;9;3;13;5;6;18;5;9;16;3;12;
a03EQ+K1C;;;;;;;17.42.45;4;5;5;1;6274;;12;9;3;13;5;6;18;5;9;16;3;12;
a16AQ+J1~33~H1;;r;;;;;17.42.50;4;5;5;1;6277;;12;9;3;13;5;6;18;5;9;16;3;12;
*13BQ-~~~~3~~1;;;;;;;17.42.50;4;5;5;1;6277;;12;9;3;13;5;6;18;5;9;16;3;12;
a03DH+;;;;;;;17.42.50;4;5;5;1;6277;;12;9;3;13;5;6;18;5;9;16;3;12;
a05EH+~~F;;;;;;;17.42.50;4;5;5;1;6279;;12;9;3;13;5;6;18;5;9;16;3;12;
a09AH#G4~42~H2F;s;s;;;;;17.42.50;4;5;5;1;6280;;12;9;3;13;5;6;18;5;9;16;3;12;
*13BH=~~~~2~~2;s;;;;;;17.42.50;4;5;5;1;6280;;12;9;3;13;5;6;18;5;9;16;3;12;
ap20:17;;;;;;;17.42.58;4;5;5;1;6283;;12;9;3;13;5;6;18;5;9;16;3;12;
az4;;;;;;;17.42.58;4;5;4;1;6289;;12;9;3;13;5;6;5;9;16;3;12;18;
a05SQ-~~~15;;;;;;;17.43.14;4;5;4;1;6306;;12;9;3;13;5;6;5;9;16;3;12;18;
*03RQ+~~~15~~~~32;;;;;;;17.43.14;4;5;4;1;6306;;12;9;3;13;5;6;5;9;16;3;12;18;
*05ET+K1B;;;;;;;17.43.14;4;5;4;1;6306;;12;9;3;13;5;6;5;9;16;3;12;18;
*09AT#W2~28CH4;s;r;;;;;17.43.18;4;5;4;1;6309;;12;9;3;13;5;6;5;9;16;3;12;18;
a$$&H=;s;;;;;;17.43.18;4;5;4;1;6309;;12;9;3;13;5;6;5;9;16;3;12;18;
*p21:17;;;;;;;17.43.22;4;5;4;1;6312;;12;9;3;13;5;6;5;9;16;3;12;18;
*z4;;;;;;;17.43.22;4;4;4;1;6313;;9;3;13;5;6;12;5;9;16;3;12;18;
*c09:02;;;;;;;17.43.22;4;4;4;1;6313;;2;3;13;5;6;12;5;9;16;3;12;18;
*c05:01;;;;;;;17.43.22;4;4;4;1;6313;;2;3;13;1;6;12;5;9;16;3;12;18;
*P2;;;;;;;17.43.22;4;4;4;1;6313;;2;3;13;1;6;12;5;9;16;3;12;18;
*z1;;;;;;;17.43.22;4;1;4;1;6313;;2;3;13;1;6;12;5;9;16;3;12;18;
*02SM=~~~12;s;;;;;;17.44.03;4;1;4;1;6354;;2;3;13;1;6;12;5;9;16;3;12;18;
a$$&H#;s;;;;;;17.44.03;4;1;4;1;6354;;2;3;13;1;6;12;5;9;16;3;12;18;
ap21:18;;;;;;;17.44.06;4;1;4;1;6357;;2;3;13;1;6;12;5;9;16;3;12;18;
az3;;;;;;;17.44.06;4;1;3;1;6357;;2;3;13;1;6;12;9;16;3;12;18;5;
a09SM=~~~64;s;;;;;;17.44.23;4;1;3;1;6374;;2;3;13;1;6;12;9;16;3;12;18;5;
*$$&H#;s;;;;;;17.44.23;4;1;3;1;6374;;2;3;13;1;6;12;9;16;3;12;18;5;
*p22:18;;;;;;;17.44.28;4;1;3;1;6379;;2;3;13;1;6;12;9;16;3;12;18;5;
*z6;;;;;;;17.44.28;4;6;3;1;6379;;3;13;1;6;12;2;9;16;3;12;18;5;
*c06:16;;;;;;;17.44.28;4;6;3;1;6379;;3;13;1;16;12;2;9;16;3;12;18;5;
*03SM+~~~16;;;;;;;17.44.44;4;6;3;1;6396;;3;13;1;16;12;2;9;16;3;12;18;5;
a17RM-~~~16;;;;;;;17.44.44;4;6;3;1;6396;;3;13;1;16;12;2;9;16;3;12;18;5;
a03EH+~~F;;;;;;;17.44.44;4;6;3;1;6398;;3;13;1;16;12;2;9;16;3;12;18;5;
a12AT-W4~41~T1;;r;;;;;17.44.51;4;6;3;1;6399;;3;13;1;16;12;2;9;16;3;12;18;5;
*03DT+~~~41;;;;;;;17.44.51;4;6;3;1;6399;;3;13;1;16;12;2;9;16;3;12;18;5;
*02ET+~~F;;;;;;;17.44.51;4;6;3;1;6401;;3;13;1;16;12;2;9;16;3;12;18;5;
*16AT-W4~42~H2;;p;;;;;17.44.53;4;6;3;1;6402;;3;13;1;16;12;2;9;16;3;12;18;5;
a16BT+~~~~2~~2;;;;;;;17.44.53;4;6;3;1;6402;;3;13;1;16;12;2;9;16;3;12;18;5;
a17DH+;;;;;;;17.44.56;4;6;3;1;6402;;3;13;1;16;12;2;9;16;3;12;18;5;
a03ET+~~F;;;;;;;17.44.56;4;6;3;1;6404;;3;13;1;16;12;2;9;16;3;12;18;5;
a12AT-W4~42~T2;;s;;;;;17.44.57;4;6;3;1;6405;;3;13;1;16;12;2;9;16;3;12;18;5;
*01BT+~~~~2~~2;;;;;;;17.44.57;4;6;3;1;6405;;3;13;1;16;12;2;9;16;3;12;18;5;
*20FH+~~~~5;;;;;;;17.44.57;4;6;3;1;6409;;3;13;1;16;12;2;9;16;3;12;18;5;
*02ET+~~B;;;;;;;17.44.57;4;6;3;1;6411;;3;13;1;16;12;2;9;16;3;12;18;5;
*01AT#W2~24~H1S;p;p;;;;;17.45.03;4;6;3;1;6412;;3;13;1;16;12;2;9;16;3;12;18;5;
a12BT=~~~~4~~1;p;;;;;;17.45.03;4;6;3;1;6412;;3;13;1;16;12;2;9;16;3;12;18;5;
*p23:18;;;;;;;17.45.29;4;6;3;1;6417;;3;13;1;16;12;2;9;16;3;12;18;5;
*03SM!~~~11;;;;;;;17.45.35;4;6;3;1;6447;;3;13;1;16;12;2;9;16;3;12;18;5;
a09RM!~~~11~O~~31;;;;;;;17.45.35;4;6;3;1;6447;;3;13;1;16;12;2;9;16;3;12;18;5;
a03EQ+K1C;;;;;;;17.45.35;4;6;3;1;6447;;3;13;1;16;12;2;9;16;3;12;18;5;
a16AQ-J4~33~T1;;r;;;;;17.45.41;4;6;3;1;6450;;3;13;1;16;12;2;9;16;3;12;18;5;
*13BQ+~~~~3~~1;;;;;;;17.45.41;4;6;3;1;6450;;3;13;1;16;12;2;9;16;3;12;18;5;
*20DH+~~~~5;;;;;;;17.45.41;4;6;3;1;6450;;3;13;1;16;12;2;9;16;3;12;18;5;
*02ET+~~F;;;;;;;17.45.41;4;6;3;1;6452;;3;13;1;16;12;2;9;16;3;12;18;5;
*01AT+W4~48~T2;;p;;;;;17.45.43;4;6;3;1;6453;;3;13;1;16;12;2;9;16;3;12;18;5;
a17DT/~~~48;;;;;;;17.45.43;4;6;3;1;6453;;3;13;1;16;12;2;9;16;3;12;18;5;
*13FH+~~~~3;;;;;;;17.45.48;4;6;3;1;6454;;3;13;1;16;12;2;9;16;3;12;18;5;
*02ET+~~B;;;;;;;17.45.48;4;6;3;1;6457;;3;13;1;16;12;2;9;16;3;12;18;5;
*16AT-W2~24~H1;;p;;;;;17.45.49;4;6;3;1;6458;;3;13;1;16;12;2;9;16;3;12;18;5;
a12BT+~~~~4~~1;;;;;;;17.45.49;4;6;3;1;6458;;3;13;1;16;12;2;9;16;3;12;18;5;
a09DH+~~~~5;;;;;;;17.45.52;4;6;3;1;6458;;3;13;1;16;12;2;9;16;3;12;18;5;
a03EH+~~F;;;;;;;17.45.52;4;6;3;1;6460;;3;13;1;16;12;2;9;16;3;12;18;5;
a12AH=G4~45~H2;p;s;;;;;17.45.54;4;6;3;1;6461;;3;13;1;16;12;2;9;16;3;12;18;5;
*$$&H#;p;;;;;;17.45.54;4;6;3;1;6461;;3;13;1;16;12;2;9;16;3;12;18;5;
*p24:18;;;;;;;17.46.09;4;6;3;1;6467;;3;13;1;16;12;2;9;16;3;12;18;5;
*03SM-~~~11;;;;;;;17.46.45;4;6;3;1;6516;;3;13;1;16;12;2;9;16;3;12;18;5;
a09RM#~~~11;;;;;;;17.46.45;4;6;3;1;6516;;3;13;1;16;12;2;9;16;3;12;18;5;
a03ET+KEB;;;;;;;17.46.45;4;6;3;1;6516;;3;13;1;16;12;2;9;16;3;12;18;5;
a05AT#Y9~99~H1;s;r;;;;;17.46.49;4;6;3;1;6519;;3;13;1;16;12;2;9;16;3;12;18;5;
*02DT=~~~99;s;;;;;;17.46.49;4;6;3;1;6519;;3;13;1;16;12;2;9;16;3;12;18;5;
ap24:19;;;;;;;17.46.53;4;6;3;1;6522;;3;13;1;16;12;2;9;16;3;12;18;5;
az2;;;;;;;17.46.53;4;6;2;1;6524;;3;13;1;16;12;2;16;3;12;18;5;9;
ac16:15;;;;;;;17.46.53;4;6;2;1;6524;;3;13;1;16;12;2;15;3;12;18;5;9;
a15SM-~~~56;;;;;;;17.47.19;4;6;2;1;6549;;3;13;1;16;12;2;15;3;12;18;5;9;
*03RM#~~~56~O;;;;;;;17.47.19;4;6;2;1;6549;;3;13;1;16;12;2;15;3;12;18;5;9;
*02EQ+K1C;;;;;;;17.47.19;4;6;2;1;6549;;3;13;1;16;12;2;15;3;12;18;5;9;
*13AQ+J4~33~H2;;r;;;;;17.47.23;4;6;2;1;6552;;3;13;1;16;12;2;15;3;12;18;5;9;
a18BQ-~~~~3~~2;;;;;;;17.47.23;4;6;2;1;6552;;3;13;1;16;12;2;15;3;12;18;5;9;
*18DH+;;;;;;;17.47.23;4;6;2;1;6552;;3;13;1;16;12;2;15;3;12;18;5;9;
*02ET+~~F;;;;;;;17.47.23;4;6;2;1;6554;;3;13;1;16;12;2;15;3;12;18;5;9;
*16AT/W4~42~H2;p;s;;;;;17.47.23;4;6;2;1;6555;;3;13;1;16;12;2;15;3;12;18;5;9;
a03BT#~~~~2~~2;p;;;;;;17.47.23;4;6;2;1;6555;;3;13;1;16;12;2;15;3;12;18;5;9;
ap24:20;;;;;;;17.47.35;4;6;2;1;6560;;3;13;1;16;12;2;15;3;12;18;5;9;
*T;;;;;;;17.47.35;4;6;2;1;6566;;3;13;1;16;12;2;15;3;12;18;5;9;
a15SM-~~~51;;;;;;;17.48.45;4;6;2;1;6636;;3;13;1;16;12;2;15;3;12;18;5;9;
*03RM+~~~51~O~~32;;;;;;;17.48.45;4;6;2;1;6636;;3;13;1;16;12;2;15;3;12;18;5;9;
*02ET+K1B;;;;;;;17.48.45;4;6;2;1;6636;;3;13;1;16;12;2;15;3;12;18;5;9;
*01AT#W2~24~H2O;s;r;;;;;17.48.49;4;6;2;1;6639;;3;13;1;16;12;2;15;3;12;18;5;9;
a12BT=~~~~4~~2;s;;;;;;17.48.49;4;6;2;1;6639;;3;13;1;16;12;2;15;3;12;18;5;9;
*p25:20;;;;;;;17.48.55;4;6;2;1;6642;;3;13;1;16;12;2;15;3;12;18;5;9;
**4set;;;;;;;17.48.55;5;6;2;1;6646;;;;;;;;;;;;;;
