*P09>LUp;;;;;;;;1;3;1;;;;2;18;22;11;16;9;13;4;18;11;1;10;
*z6>LUp;;;;;;;;1;6;1;;;;2;18;22;11;16;9;13;4;18;11;1;10;
aP04>LUp;;;;;;;;1;6;1;;;;2;18;22;11;16;9;13;4;18;11;1;10;
az2>LUp;;;;;;;;1;6;2;;;;2;18;22;11;16;9;13;4;18;11;1;10;
a13SM-~~~56;;;;;;;22.03.15;1;6;2;1;178;;2;18;22;11;16;9;13;4;18;11;1;10;
*20RM+~~~56~O~~32;;;;;;;22.03.15;1;6;2;1;178;;2;18;22;11;16;9;13;4;18;11;1;10;
*09ET+K1P;;;;;;;22.03.15;1;6;2;1;178;;2;18;22;11;16;9;13;4;18;11;1;10;
*02AT+Y8~85~H2;;r;;;;;22.03.18;1;6;2;1;182;;2;18;22;11;16;9;13;4;18;11;1;10;
a13DT/~~~85;;;;;;;22.03.18;1;6;2;1;182;;2;18;22;11;16;9;13;4;18;11;1;10;
*20FH#;;;;;;;22.03.21;1;6;2;1;183;;2;18;22;11;16;9;13;4;18;11;1;10;
*09ET+~~F;;;;;;;22.03.21;1;6;2;1;183;;2;18;22;11;16;9;13;4;18;11;1;10;
*11AT-W4~41~H2;;s;;;;;22.03.23;1;6;2;1;186;;2;18;22;11;16;9;13;4;18;11;1;10;
a04BT+~~~~2~~2;;;;;;;22.03.23;1;6;2;1;186;;2;18;22;11;16;9;13;4;18;11;1;10;
*02DH-;;;;;;;22.03.23;1;6;2;1;186;;2;18;22;11;16;9;13;4;18;11;1;10;
*18EH/~~F;;;;;;;22.03.23;1;6;2;1;186;;2;18;22;11;16;9;13;4;18;11;1;10;
a10FT+~~~46;;;;;;;22.03.26;1;6;2;1;190;;2;18;22;11;16;9;13;4;18;11;1;10;
a04ET+~~F;;;;;;;22.03.26;1;6;2;1;190;;2;18;22;11;16;9;13;4;18;11;1;10;
a18AT-W4~46~H1;;p;;;;;22.03.29;1;6;2;1;192;;2;18;22;11;16;9;13;4;18;11;1;10;
*22BT+~~~~2~~1;;;;;;;22.03.29;1;6;2;1;192;;2;18;22;11;16;9;13;4;18;11;1;10;
*20DH+;;;;;;;22.03.30;1;6;2;1;192;;2;18;22;11;16;9;13;4;18;11;1;10;
*09EH+~~F;;;;;;;22.03.30;1;6;2;1;192;;2;18;22;11;16;9;13;4;18;11;1;10;
*11AH!G4~44~P2;;s;;;;;22.03.31;1;6;2;1;196;;2;18;22;11;16;9;13;4;18;11;1;10;
a04BH/~~~~2~~2;s;;;;;;22.03.31;1;6;2;1;196;;2;18;22;11;16;9;13;4;18;11;1;10;
*$$&H#;s;;;;;;22.03.31;1;6;2;1;196;;2;18;22;11;16;9;13;4;18;11;1;10;
*p01:00;;;;;;;22.03.37;1;6;2;1;198;;2;18;22;11;16;9;13;4;18;11;1;10;
*z5;;;;;;;22.03.37;1;5;2;1;199;;18;22;11;16;9;2;13;4;18;11;1;10;
*18SM-~~~57;;;;;;;22.03.57;1;5;2;1;221;;18;22;11;16;9;2;13;4;18;11;1;10;
a18RM#~~~57;;;;;;;22.03.57;1;5;2;1;221;;18;22;11;16;9;2;13;4;18;11;1;10;
a04EQ+K1C~~~2;;;;;;;22.03.57;1;5;2;1;221;;18;22;11;16;9;2;13;4;18;11;1;10;
a11AQ#J1~35AH2;s;r;;;;;22.04.01;1;5;2;1;225;;18;22;11;16;9;2;13;4;18;11;1;10;
*18DQ=~~~35A;s;;;;;;22.04.01;1;5;2;1;225;;18;22;11;16;9;2;13;4;18;11;1;10;
ap01:01;;;;;;;22.04.06;1;5;2;1;229;;18;22;11;16;9;2;13;4;18;11;1;10;
az1;;;;;;;22.04.06;1;5;1;1;228;;18;22;11;16;9;2;4;18;11;1;10;13;
a04SQ+~~~55B;;;;;;;22.04.21;1;5;1;1;244;;18;22;11;16;9;2;4;18;11;1;10;13;
*11RQ-~~~55B;;;;;;;22.04.21;1;5;1;1;244;;18;22;11;16;9;2;4;18;11;1;10;13;
*09EH+K9F;;;;;;;22.04.21;1;5;1;1;244;;18;22;11;16;9;2;4;18;11;1;10;13;
*11AH#G4~41BP2;s;r;;;;;22.04.25;1;5;1;1;249;;18;22;11;16;9;2;4;18;11;1;10;13;
a04DH=~~~41B;s;;;;;;22.04.25;1;5;1;1;249;;18;22;11;16;9;2;4;18;11;1;10;13;
*p02:01;;;;;;;22.04.28;1;5;1;1;253;;18;22;11;16;9;2;4;18;11;1;10;13;
*z4;;;;;;;22.04.28;1;4;1;1;250;;22;11;16;9;2;18;4;18;11;1;10;13;
*22SQ!~~~16;;;;;;;22.05.02;1;4;1;1;277;;22;11;16;9;2;18;4;18;11;1;10;13;
a12RQ!~~~16;;;;;;;22.05.02;1;4;1;1;277;;22;11;16;9;2;18;4;18;11;1;10;13;
a04ET+KBB~~~2;;;;;;;22.05.02;1;4;1;1;277;;22;11;16;9;2;18;4;18;11;1;10;13;
a18AT#W2~21~H2;s;r;;;;;22.05.04;1;4;1;1;282;;22;11;16;9;2;18;4;18;11;1;10;13;
*16BT=~~~~4~~2;s;;;;;;22.05.04;1;4;1;1;282;;22;11;16;9;2;18;4;18;11;1;10;13;
ap02:02;;;;;;;22.05.12;1;4;1;1;286;;22;11;16;9;2;18;4;18;11;1;10;13;
az6;;;;;;;22.05.12;1;4;6;1;294;;22;11;16;9;2;18;18;11;1;10;13;4;
a18SQ-~~~15;;;;;;;22.05.40;1;4;6;1;323;;22;11;16;9;2;18;18;11;1;10;13;4;
*11RQ+~~~15~~~~32;;;;;;;22.05.40;1;4;6;1;323;;22;11;16;9;2;18;18;11;1;10;13;4;
*09EQ+K8C;;;;;;;22.05.40;1;4;6;1;323;;22;11;16;9;2;18;18;11;1;10;13;4;
*16AQ-J2~35~H2;;r;;;;;22.05.44;1;4;6;1;327;;22;11;16;9;2;18;18;11;1;10;13;4;
a11BQ+~~~~3~~2;;;;;;;22.05.44;1;4;6;1;327;;22;11;16;9;2;18;18;11;1;10;13;4;
a15DH/;;;;;;;22.05.47;1;4;6;1;327;;22;11;16;9;2;18;18;11;1;10;13;4;
*20FH+;;;;;;;22.05.49;1;4;6;1;328;;22;11;16;9;2;18;18;11;1;10;13;4;
*09ET+~~B;;;;;;;22.05.49;1;4;6;1;328;;22;11;16;9;2;18;18;11;1;10;13;4;
*22AT-Y9~96~H2;;s;;;;;22.05.50;1;4;6;1;334;;22;11;16;9;2;18;18;11;1;10;13;4;
a11BT+~~~~4~~2;;;;;;;22.05.50;1;4;6;1;334;;22;11;16;9;2;18;18;11;1;10;13;4;
a18DH+;;;;;;;22.05.52;1;4;6;1;334;;22;11;16;9;2;18;18;11;1;10;13;4;
a04EH+~~F;;;;;;;22.05.52;1;4;6;1;334;;22;11;16;9;2;18;18;11;1;10;13;4;
a10AH/G4~45~H2;s;p;;;;;22.05.54;1;4;6;1;338;;22;11;16;9;2;18;18;11;1;10;13;4;
*16BH#~~~~2~~2;s;;;;;;22.05.54;1;4;6;1;338;;22;11;16;9;2;18;18;11;1;10;13;4;
*p03:02;;;;;;;22.06.08;1;4;6;1;342;;22;11;16;9;2;18;18;11;1;10;13;4;
*z3;;;;;;;22.06.08;1;3;6;1;350;;11;16;9;2;18;22;18;11;1;10;13;4;
*11SQ=~~~1~~~~N;s;;;;;;22.06.17;1;3;6;1;360;;11;16;9;2;18;22;18;11;1;10;13;4;
a$$&H#;s;;;;;;22.06.17;1;3;6;1;360;;11;16;9;2;18;22;18;11;1;10;13;4;
ap03:03;;;;;;;22.06.20;1;3;6;1;364;;11;16;9;2;18;22;18;11;1;10;13;4;
az5;;;;;;;22.06.20;1;3;5;1;362;;11;16;9;2;18;22;11;1;10;13;4;18;
a11SM-~~~58D;;;;;;;22.06.35;1;3;5;1;379;;11;16;9;2;18;22;11;1;10;13;4;18;
*02RM+~~~58D~~~41;;;;;;;22.06.35;1;3;5;1;379;;11;16;9;2;18;22;11;1;10;13;4;18;
*09ET+KFF;;;;;;;22.06.35;1;3;5;1;379;;11;16;9;2;18;22;11;1;10;13;4;18;
*02AT#W4~47~H2;s;r;;;;;22.06.39;1;3;5;1;383;;11;16;9;2;18;22;11;1;10;13;4;18;
a13BT=~~~~2~~2;s;;;;;;22.06.39;1;3;5;1;383;;11;16;9;2;18;22;11;1;10;13;4;18;
*p04:03;;;;;;;22.06.45;1;3;5;1;387;;11;16;9;2;18;22;11;1;10;13;4;18;
*z2;;;;;;;22.06.45;1;2;5;1;387;;16;9;2;18;22;11;11;1;10;13;4;18;
*16SQ-~~~16A;;;;;;;22.07.01;1;2;5;1;403;;16;9;2;18;22;11;11;1;10;13;4;18;
a12RQ+~~~16A;;;;;;;22.07.01;1;2;5;1;403;;16;9;2;18;22;11;11;1;10;13;4;18;
a04ET+K1B~~~2;;;;;;;22.07.01;1;2;5;1;403;;16;9;2;18;22;11;11;1;10;13;4;18;
a01AT#W2~29DH2;s;r;;;;;22.07.05;1;2;5;1;408;;16;9;2;18;22;11;11;1;10;13;4;18;
*22DT=~~~29D;s;;;;;;22.07.05;1;2;5;1;408;;16;9;2;18;22;11;11;1;10;13;4;18;
ap04:04;;;;;;;22.07.14;1;2;5;1;412;;16;9;2;18;22;11;11;1;10;13;4;18;
az4;;;;;;;22.07.14;1;2;4;1;416;;16;9;2;18;22;11;1;10;13;4;18;11;
a01SQ-~~~15B;;;;;;;22.07.26;1;2;4;1;430;;16;9;2;18;22;11;1;10;13;4;18;11;
*02RQ+~~~15B~~~32;;;;;;;22.07.26;1;2;4;1;430;;16;9;2;18;22;11;1;10;13;4;18;11;
*09ET+K2F;;;;;;;22.07.26;1;2;4;1;430;;16;9;2;18;22;11;1;10;13;4;18;11;
*02AT#W4~41BH1;s;r;;;;;22.07.31;1;2;4;1;434;;16;9;2;18;22;11;1;10;13;4;18;11;
a01DT=~~~41B;s;;;;;;22.07.31;1;2;4;1;434;;16;9;2;18;22;11;1;10;13;4;18;11;
*p05:04;;;;;;;22.07.33;1;2;4;1;438;;16;9;2;18;22;11;1;10;13;4;18;11;
*z1;;;;;;;22.07.33;1;1;4;1;435;;9;2;18;22;11;16;1;10;13;4;18;11;
*09SM=~~~65A~~O;s;;;;;;22.07.49;1;1;4;1;452;;9;2;18;22;11;16;1;10;13;4;18;11;
a$$&H#;s;;;;;;22.07.49;1;1;4;1;452;;9;2;18;22;11;16;1;10;13;4;18;11;
ap05:05;;;;;;;22.07.54;1;1;4;1;456;;9;2;18;22;11;16;1;10;13;4;18;11;
az3;;;;;;;22.07.54;1;1;3;1;456;;9;2;18;22;11;16;10;13;4;18;11;1;
a10SQ+~~~19A;;;;;;;22.08.09;1;1;3;1;473;;9;2;18;22;11;16;10;13;4;18;11;1;
*02RQ-~~~19A;;;;;;;22.08.09;1;1;3;1;473;;9;2;18;22;11;16;10;13;4;18;11;1;
*09EH-~~F;;;;;;;22.08.09;1;1;3;1;473;;9;2;18;22;11;16;10;13;4;18;11;1;
*22AH/G4~42~T2;p;r;;;;;22.08.14;1;1;3;1;478;;9;2;18;22;11;16;10;13;4;18;11;1;
a04BH#~~~~2~~2;p;;;;;;22.08.14;1;1;3;1;478;;9;2;18;22;11;16;10;13;4;18;11;1;
ap05:06;;;;;;;22.08.20;1;1;3;1;483;;9;2;18;22;11;16;10;13;4;18;11;1;
a10SQ=~~~11B~~L;s;;;;;;22.08.33;1;1;3;1;495;;9;2;18;22;11;16;10;13;4;18;11;1;
*$$&H#;s;;;;;;22.08.33;1;1;3;1;495;;9;2;18;22;11;16;10;13;4;18;11;1;
*p06:06;;;;;;;22.08.35;1;1;3;1;498;;9;2;18;22;11;16;10;13;4;18;11;1;
*z6;;;;;;;22.08.35;1;6;3;1;497;;2;18;22;11;16;9;10;13;4;18;11;1;
*02SQ#~~~16A;p;;;;;;22.08.49;1;6;3;1;511;;2;18;22;11;16;9;10;13;4;18;11;1;
a10RQ=~~~16A;p;;;;;;22.08.49;1;6;3;1;511;;2;18;22;11;16;9;10;13;4;18;11;1;
*p07:06;;;;;;;22.08.56;1;6;3;1;517;;2;18;22;11;16;9;10;13;4;18;11;1;
*02SQ-~~~16A;;;;;;;22.09.09;1;6;3;1;532;;2;18;22;11;16;9;10;13;4;18;11;1;
a10RQ#~~~16A;;;;;;;22.09.09;1;6;3;1;532;;2;18;22;11;16;9;10;13;4;18;11;1;
a04EQ+K1C~~~2;;;;;;;22.09.09;1;6;3;1;532;;2;18;22;11;16;9;10;13;4;18;11;1;
a13AQ#J4~36BH1;s;r;;;;;22.09.13;1;6;3;1;536;;2;18;22;11;16;9;10;13;4;18;11;1;
*02DQ=~~~36BS;s;;;;;;22.09.13;1;6;3;1;536;;2;18;22;11;16;9;10;13;4;18;11;1;
ap07:07;;;;;;;22.09.16;1;6;3;1;539;;2;18;22;11;16;9;10;13;4;18;11;1;
az2;;;;;;;22.09.16;1;6;2;1;538;;2;18;22;11;16;9;13;4;18;11;1;10;
a13SM-~~~57A;;;;;;;22.09.34;1;6;2;1;558;;2;18;22;11;16;9;13;4;18;11;1;10;
*20RM+~~~57A~~~21;;;;;;;22.09.34;1;6;2;1;558;;2;18;22;11;16;9;13;4;18;11;1;10;
*09EQ+KBC;;;;;;;22.09.44;1;6;2;1;558;;2;18;22;11;16;9;13;4;18;11;1;10;
*18AQ-J1~35~H1;;r;;;;;22.09.39;1;6;2;1;562;;2;18;22;11;16;9;13;4;18;11;1;10;
a11BQ+~~~~3~~1;;;;;;;22.09.39;1;6;2;1;562;;2;18;22;11;16;9;13;4;18;11;1;10;
*18DH+;;;;;;;22.09.40;1;6;2;1;562;;2;18;22;11;16;9;13;4;18;11;1;10;
*09EH+~~F;;;;;;;22.09.40;1;6;2;1;562;;2;18;22;11;16;9;13;4;18;11;1;10;
*11AH-G4~42~T1;;s;;;;;22.09.41;1;6;2;1;565;;2;18;22;11;16;9;13;4;18;11;1;10;
a04DH+~~~42;;;;;;;22.09.41;1;6;2;1;565;;2;18;22;11;16;9;13;4;18;11;1;10;
a10ET+~~F~~~2;;;;;;;22.09.41;1;6;2;1;565;;2;18;22;11;16;9;13;4;18;11;1;10;
a18AT#W4~42~T2;p;p;;;;;22.09.46;1;6;2;1;569;;2;18;22;11;16;9;13;4;18;11;1;10;
*22BT=~~~~2~~2;p;;;;;;22.09.46;1;6;2;1;569;;2;18;22;11;16;9;13;4;18;11;1;10;
ap07:08;;;;;;;22.09.48;1;6;2;1;573;;2;18;22;11;16;9;13;4;18;11;1;10;
a13SM-~~~56C;;;;;;;22.10.10;1;6;2;1;595;;2;18;22;11;16;9;13;4;18;11;1;10;
*20RM+~~~56C~~~32;;;;;;;22.10.10;1;6;2;1;595;;2;18;22;11;16;9;13;4;18;11;1;10;
*09EQ+K2C;;;;;;;22.10.10;1;6;2;1;595;;2;18;22;11;16;9;13;4;18;11;1;10;
*18AQ#J2~31~H1X;s;r;;;;;22.10.16;1;6;2;1;599;;2;18;22;11;16;9;13;4;18;11;1;10;
a01DQ=~~~31~S;s;;;;;;22.10.16;1;6;2;1;599;;2;18;22;11;16;9;13;4;18;11;1;10;
*p08:08;;;;;;;22.10.57;1;6;2;1;601;;2;18;22;11;16;9;13;4;18;11;1;10;
*z5;;;;;;;22.10.57;1;5;2;1;639;;18;22;11;16;9;2;13;4;18;11;1;10;
*18SM-~~~69;;;;;;;22.10.58;1;5;2;1;642;;18;22;11;16;9;2;13;4;18;11;1;10;
a12RM+~~~69;;;;;;;22.10.58;1;5;2;1;642;;18;22;11;16;9;2;13;4;18;11;1;10;
a04ET+K1P~~~2;;;;;;;22.11.06;1;5;2;1;642;;18;22;11;16;9;2;13;4;18;11;1;10;
a10AT-Y8~86AH1;;r;;;;;22.11.03;1;5;2;1;646;;18;22;11;16;9;2;13;4;18;11;1;10;
*16BT+~~~~3~~1;;;;;;;22.11.03;1;5;2;1;646;;18;22;11;16;9;2;13;4;18;11;1;10;
*22DH+;;;;;;;22.11.05;1;5;2;1;646;;18;22;11;16;9;2;13;4;18;11;1;10;
*18EH/~~~~~~2;;;;;;;22.11.05;1;5;2;1;646;;18;22;11;16;9;2;13;4;18;11;1;10;
a01FH#;;;;;;;22.11.08;1;5;2;1;649;;18;22;11;16;9;2;13;4;18;11;1;10;
a04ET+~~F;;;;;;;22.11.08;1;5;2;1;649;;18;22;11;16;9;2;13;4;18;11;1;10;
a18AT#W4~47AH1;s;s;;;;;22.11.10;1;5;2;1;653;;18;22;11;16;9;2;13;4;18;11;1;10;
*18DT=~~~47A;s;;;;;;22.11.10;1;5;2;1;653;;18;22;11;16;9;2;13;4;18;11;1;10;
ap08:09;;;;;;;22.11.14;1;5;2;1;657;;18;22;11;16;9;2;13;4;18;11;1;10;
az1;;;;;;;22.11.14;1;5;1;1;656;;18;22;11;16;9;2;4;18;11;1;10;13;
a04SQ!~~~51;;;;;;;22.11.33;1;5;1;1;677;;18;22;11;16;9;2;4;18;11;1;10;13;
*20RQ!~~~51~~~~21;;;;;;;22.11.33;1;5;1;1;677;;18;22;11;16;9;2;4;18;11;1;10;13;
*09ET+KBB;;;;;;;22.11.33;1;5;1;1;677;;18;22;11;16;9;2;4;18;11;1;10;13;
*22AT#W2~26AH2;s;r;;;;;22.11.38;1;5;1;1;682;;18;22;11;16;9;2;4;18;11;1;10;13;
a10DT=~~~26A;s;;;;;;22.11.38;1;5;1;1;682;;18;22;11;16;9;2;4;18;11;1;10;13;
*p09:09;;;;;;;22.11.41;1;5;1;1;686;;18;22;11;16;9;2;4;18;11;1;10;13;
*z4;;;;;;;22.11.41;1;4;1;1;683;;22;11;16;9;2;18;4;18;11;1;10;13;
*22SQ-~~~16C;;;;;;;22.11.56;1;4;1;1;701;;22;11;16;9;2;18;4;18;11;1;10;13;
a12RQ+~~~16C;;;;;;;22.11.56;1;4;1;1;701;;22;11;16;9;2;18;4;18;11;1;10;13;
a04ET+K2F;;;;;;;22.11.56;1;4;1;1;701;;22;11;16;9;2;18;4;18;11;1;10;13;
a01AT-W4~45~H2;;r;;;;;22.12.01;1;4;1;1;705;;22;11;16;9;2;18;4;18;11;1;10;13;
*16BT+~~~~2~~2;;;;;;;22.12.01;1;4;1;1;705;;22;11;16;9;2;18;4;18;11;1;10;13;
*20DH/;;;;;;;22.12.01;1;4;1;1;705;;22;11;16;9;2;18;4;18;11;1;10;13;
a11FH#;;;;;;;22.12.01;1;4;1;1;706;;22;11;16;9;2;18;4;18;11;1;10;13;
a04EQ+~~C;;;;;;;22.12.01;1;4;1;1;706;;22;11;16;9;2;18;4;18;11;1;10;13;
a11AQ+J1~31~H1;;s;;;;;22.12.06;1;4;1;1;709;;22;11;16;9;2;18;4;18;11;1;10;13;
*16BQ-~~~~3~~1;;;;;;;22.12.06;1;4;1;1;709;;22;11;16;9;2;18;4;18;11;1;10;13;
a10DH+;;;;;;;22.12.04;1;4;1;1;709;;22;11;16;9;2;18;4;18;11;1;10;13;
a04ET+~~F;;;;;;;22.12.04;1;4;1;1;709;;22;11;16;9;2;18;4;18;11;1;10;13;
a18AT+W4~42~T1;;s;;;;;22.12.10;1;4;1;1;713;;22;11;16;9;2;18;4;18;11;1;10;13;
*20DT/~~~42;;;;;;;22.12.10;1;4;1;1;713;;22;11;16;9;2;18;4;18;11;1;10;13;
*11FH-;;;;;;;22.12.05;1;4;1;1;716;;22;11;16;9;2;18;4;18;11;1;10;13;
a04ET+~~B;;;;;;;22.12.05;1;4;1;1;716;;22;11;16;9;2;18;4;18;11;1;10;13;
a18AT+W2~24~P2;;s;;;;;22.12.05;1;4;1;1;721;;22;11;16;9;2;18;4;18;11;1;10;13;
*11BT-~~~~4~~2;;;;;;;22.12.05;1;4;1;1;721;;22;11;16;9;2;18;4;18;11;1;10;13;
a18DH+;;;;;;;22.12.08;1;4;1;1;721;;22;11;16;9;2;18;4;18;11;1;10;13;
a04EQ+~~C;;;;;;;22.12.08;1;4;1;1;721;;22;11;16;9;2;18;4;18;11;1;10;13;
a11AQ#J4~37~H1;s;s;;;;;22.12.08;1;4;1;1;721;;22;11;16;9;2;18;4;18;11;1;10;13;
*16BQ=~~~~3~~1;s;;;;;;22.12.08;1;4;1;1;721;;22;11;16;9;2;18;4;18;11;1;10;13;
ap09:10;;;;;;;22.12.08;1;4;1;1;726;;22;11;16;9;2;18;4;18;11;1;10;13;
az6;;;;;;;22.12.08;1;4;6;1;710;;22;11;16;9;2;18;18;11;1;10;13;4;
a18SQ#~~~15C;p;;;;;;22.12.40;1;4;6;1;744;;22;11;16;9;2;18;18;11;1;10;13;4;
*11RQ=~~~15CL;p;;;;;;22.12.40;1;4;6;1;744;;22;11;16;9;2;18;18;11;1;10;13;4;
ap09:11;;;;;;;22.12.53;1;4;6;1;748;;22;11;16;9;2;18;18;11;1;10;13;4;
a18SQ#~~~16D;p;;;;;;22.13.04;1;4;6;1;768;;22;11;16;9;2;18;18;11;1;10;13;4;
*02RQ=~~~16DR;p;;;;;;22.13.04;1;4;6;1;768;;22;11;16;9;2;18;18;11;1;10;13;4;
ap09:12;;;;;;;22.13.10;1;4;6;1;773;;22;11;16;9;2;18;18;11;1;10;13;4;
a18SQ!~~~11;;;;;;;22.13.26;1;4;6;1;791;;22;11;16;9;2;18;18;11;1;10;13;4;
*20RQ!~~~11~~~~32;;;;;;;22.13.26;1;4;6;1;791;;22;11;16;9;2;18;18;11;1;10;13;4;
*09EH+K8B;;;;;;;22.13.26;1;4;6;1;791;;22;11;16;9;2;18;18;11;1;10;13;4;
*22AH#G9~91BH2;s;r;;;;;22.13.32;1;4;6;1;795;;22;11;16;9;2;18;18;11;1;10;13;4;
a04DH=~~~91B;s;;;;;;22.13.32;1;4;6;1;795;;22;11;16;9;2;18;18;11;1;10;13;4;
*p10:12;;;;;;;22.13.37;1;4;6;1;799;;22;11;16;9;2;18;18;11;1;10;13;4;
*z3;;;;;;;22.13.37;1;3;6;1;799;;11;16;9;2;18;22;18;11;1;10;13;4;
*11SQ#~~~16C;p;;;;;;22.13.56;1;3;6;1;819;;11;16;9;2;18;22;18;11;1;10;13;4;
a12RQ=~~~16C;p;;;;;;22.13.56;1;3;6;1;819;;11;16;9;2;18;22;18;11;1;10;13;4;
*p11:12;;;;;;;22.14.00;1;3;6;1;824;;11;16;9;2;18;22;18;11;1;10;13;4;
*11SQ+~~~16C;;;;;;;22.14.20;1;3;6;1;843;;11;16;9;2;18;22;18;11;1;10;13;4;
a12RQ-~~~16C;;;;;;;22.14.20;1;3;6;1;843;;11;16;9;2;18;22;18;11;1;10;13;4;
a04ET+KEF~~~2;;;;;;;22.14.20;1;3;6;1;843;;11;16;9;2;18;22;18;11;1;10;13;4;
a10AT/W4~41~H2;p;r;;;;;22.14.26;1;3;6;1;849;;11;16;9;2;18;22;18;11;1;10;13;4;
*09BT#~~~~2~~2;p;;;;;;22.14.26;1;3;6;1;849;;11;16;9;2;18;22;18;11;1;10;13;4;
*p12:12;;;;;;;22.14.30;1;3;6;1;853;;11;16;9;2;18;22;18;11;1;10;13;4;
*11SQ+~~~11;;;;;;;22.14.54;1;3;6;1;877;;11;16;9;2;18;22;18;11;1;10;13;4;
a18RQ-~~~11;;;;;;;22.14.54;1;3;6;1;877;;11;16;9;2;18;22;18;11;1;10;13;4;
a12EH+KEF~~~2;;;;;;;22.14.59;1;3;6;1;877;;11;16;9;2;18;22;18;11;1;10;13;4;
a10AH#G4~41~P2;s;r;;;;;22.15.00;1;3;6;1;883;;11;16;9;2;18;22;18;11;1;10;13;4;
*09BH=~~~~2~~2;s;;;;;;22.15.00;1;3;6;1;883;;11;16;9;2;18;22;18;11;1;10;13;4;
ap12:13;;;;;;;22.15.03;1;3;6;1;887;;11;16;9;2;18;22;18;11;1;10;13;4;
az5;;;;;;;22.15.03;1;3;5;1;885;;11;16;9;2;18;22;11;1;10;13;4;18;
a11SM#~~~55D;p;;;;;;22.15.17;1;3;5;1;901;;11;16;9;2;18;22;11;1;10;13;4;18;
*02RM=~~~55DO;p;;;;;;22.15.17;1;3;5;1;901;;11;16;9;2;18;22;11;1;10;13;4;18;
ap12:14;;;;;;;22.15.22;1;3;5;1;905;;11;16;9;2;18;22;11;1;10;13;4;18;
a11SM-~~~58D;;;;;;;22.15.37;1;3;5;1;920;;11;16;9;2;18;22;11;1;10;13;4;18;
*02RM+~~~58D~~~32;;;;;;;22.15.37;1;3;5;1;920;;11;16;9;2;18;22;11;1;10;13;4;18;
*09EQ+K3C;;;;;;;22.15.50;1;3;5;1;920;;11;16;9;2;18;22;11;1;10;13;4;18;
*16AQ-J3~31~H2;;r;;;;;22.15.42;1;3;5;1;924;;11;16;9;2;18;22;11;1;10;13;4;18;
a04DQ+~~~31;;;;;;;22.15.42;1;3;5;1;924;;11;16;9;2;18;22;11;1;10;13;4;18;
a18ET+~~B;;;;;;;22.15.42;1;3;5;1;924;;11;16;9;2;18;22;11;1;10;13;4;18;
a01AT+W2~25~H2;;p;;;;;22.15.43;1;3;5;1;928;;11;16;9;2;18;22;11;1;10;13;4;18;
*02BT-~~~~4~~2;;;;;;;22.15.43;1;3;5;1;928;;11;16;9;2;18;22;11;1;10;13;4;18;
a13DH-;;;;;;;22.15.45;1;3;5;1;928;;11;16;9;2;18;22;11;1;10;13;4;18;
a11EH+~~F;;;;;;;22.15.45;1;3;5;1;928;;11;16;9;2;18;22;11;1;10;13;4;18;
a10AH-G4~43~P0;;p;;;;;22.15.47;1;3;5;1;931;;11;16;9;2;18;22;11;1;10;13;4;18;
*16DH+~~~43;;;;;;;22.15.47;1;3;5;1;931;;11;16;9;2;18;22;11;1;10;13;4;18;
*20EH+~~F~~~2;;;;;;;22.15.47;1;3;5;1;931;;11;16;9;2;18;22;11;1;10;13;4;18;
*02AH/G4~45~H2;p;s;;;;;22.15.52;1;3;5;1;935;;11;16;9;2;18;22;11;1;10;13;4;18;
a13BH#~~~~2~~2;p;;;;;;22.15.52;1;3;5;1;935;;11;16;9;2;18;22;11;1;10;13;4;18;
ap12:15;;;;;;;22.15.57;1;3;5;1;939;;11;16;9;2;18;22;11;1;10;13;4;18;
*T;;;;;;;22.15.57;1;3;5;1;939;;11;16;9;2;18;22;11;1;10;13;4;18;
a11SM/~~~55;;;;;;;22.17.13;1;3;5;1;1015;;11;16;9;2;18;22;11;1;10;13;4;18;
*02RM/~~~55;;;;;;;22.17.13;1;3;5;1;1015;;11;16;9;2;18;22;11;1;10;13;4;18;
a13FH+;;;;;;;22.17.16;1;3;5;1;1017;;11;16;9;2;18;22;11;1;10;13;4;18;
a04ET+~~F;;;;;;;22.17.16;1;3;5;1;1017;;11;16;9;2;18;22;11;1;10;13;4;18;
a10AT#W4~42~T1S;p;p;;;;;22.17.18;1;3;5;1;1021;;11;16;9;2;18;22;11;1;10;13;4;18;
*09BT=~~~~2~~1;p;;;;;;22.17.18;1;3;5;1;1021;;11;16;9;2;18;22;11;1;10;13;4;18;
ap12:16;;;;;;;22.17.20;1;3;5;1;1025;;11;16;9;2;18;22;11;1;10;13;4;18;
a11SM-~~~59;;;;;;;22.17.35;1;3;5;1;1038;;11;16;9;2;18;22;11;1;10;13;4;18;
*20RM#~~~59;;;;;;;22.17.35;1;3;5;1;1038;;11;16;9;2;18;22;11;1;10;13;4;18;
*09EQ+K1C;;;;;;;22.17.35;1;3;5;1;1038;;11;16;9;2;18;22;11;1;10;13;4;18;
*16AQ-J4~31~H1;;r;;;;;22.17.39;1;3;5;1;1041;;11;16;9;2;18;22;11;1;10;13;4;18;
a13BQ+~~~~3~~1;;;;;;;22.17.39;1;3;5;1;1041;;11;16;9;2;18;22;11;1;10;13;4;18;
a18DH+;;;;;;;22.17.39;1;3;5;1;1041;;11;16;9;2;18;22;11;1;10;13;4;18;
a04EQ+~~C;;;;;;;22.17.39;1;3;5;1;1041;;11;16;9;2;18;22;11;1;10;13;4;18;
a13AQ#J2~31~H1;p;p;;;;;22.17.42;1;3;5;1;1046;;11;16;9;2;18;22;11;1;10;13;4;18;
*16BQ=~~~~3~~1;p;;;;;;22.17.42;1;3;5;1;1046;;11;16;9;2;18;22;11;1;10;13;4;18;
ap12:17;;;;;;;22.17.48;1;3;5;1;1050;;11;16;9;2;18;22;11;1;10;13;4;18;
a11SM=~~~5~~~~N;s;;;;;;22.18.01;1;3;5;1;1065;;11;16;9;2;18;22;11;1;10;13;4;18;
*$$&H#;s;;;;;;22.18.01;1;3;5;1;1065;;11;16;9;2;18;22;11;1;10;13;4;18;
*p13:17;;;;;;;22.18.05;1;3;5;1;1069;;11;16;9;2;18;22;11;1;10;13;4;18;
*z2;;;;;;;22.18.05;1;2;5;1;1067;;16;9;2;18;22;11;11;1;10;13;4;18;
*16SQ+~~~15;;;;;;;22.18.22;1;2;5;1;1086;;16;9;2;18;22;11;11;1;10;13;4;18;
a10RQ-~~~15;;;;;;;22.18.22;1;2;5;1;1086;;16;9;2;18;22;11;11;1;10;13;4;18;
a04EQ+KEC~~~2;;;;;;;22.18.22;1;2;5;1;1086;;16;9;2;18;22;11;11;1;10;13;4;18;
a13AQ/J2~36~H2;p;r;;;;;22.18.27;1;2;5;1;1090;;16;9;2;18;22;11;11;1;10;13;4;18;
*18BQ#~~~~3~~2;p;;;;;;22.18.27;1;2;5;1;1090;;16;9;2;18;22;11;11;1;10;13;4;18;
*p14:17;;;;;;;22.18.34;1;2;5;1;1094;;16;9;2;18;22;11;11;1;10;13;4;18;
*16SQ=~~~1~~~~N;s;;;;;;22.18.49;1;2;5;1;1112;;16;9;2;18;22;11;11;1;10;13;4;18;
a$$&H#;s;;;;;;22.18.49;1;2;5;1;1112;;16;9;2;18;22;11;11;1;10;13;4;18;
ap14:18;;;;;;;22.18.52;1;2;5;1;1116;;16;9;2;18;22;11;11;1;10;13;4;18;
az4;;;;;;;22.18.52;1;2;4;1;1114;;16;9;2;18;22;11;1;10;13;4;18;11;
a01SQ-~~~15;;;;;;;22.19.10;1;2;4;1;1132;;16;9;2;18;22;11;1;10;13;4;18;11;
*02RQ#~~~15;;;;;;;22.19.10;1;2;4;1;1132;;16;9;2;18;22;11;1;10;13;4;18;11;
*09ET+K1B;;;;;;;22.19.10;1;2;4;1;1132;;16;9;2;18;22;11;1;10;13;4;18;11;
*22AT=Y9~95DH2O;p;r;;;;;22.19.14;1;2;4;1;1137;;16;9;2;18;22;11;1;10;13;4;18;11;
a$$&H#;p;;;;;;22.19.14;1;2;4;1;1137;;16;9;2;18;22;11;1;10;13;4;18;11;
ap14:19;;;;;;;22.19.20;1;2;4;1;1141;;16;9;2;18;22;11;1;10;13;4;18;11;
a01SQ#~~~16B;p;;;;;;22.19.33;1;2;4;1;1157;;16;9;2;18;22;11;1;10;13;4;18;11;
*11RQ=~~~16BW;p;;;;;;22.19.33;1;2;4;1;1157;;16;9;2;18;22;11;1;10;13;4;18;11;
ap14:20;;;;;;;22.19.38;1;2;4;1;1163;;16;9;2;18;22;11;1;10;13;4;18;11;
*T;;;;;;;22.19.38;1;2;4;1;1160;;16;9;2;18;22;11;1;10;13;4;18;11;
a01SQ!~~~16C;;;;;;;22.20.55;1;2;4;1;1238;;16;9;2;18;22;11;1;10;13;4;18;11;
*11RQ!~~~16C~~~41;;;;;;;22.20.55;1;2;4;1;1238;;16;9;2;18;22;11;1;10;13;4;18;11;
*09ET+KFP;;;;;;;22.20.55;1;2;4;1;1238;;16;9;2;18;22;11;1;10;13;4;18;11;
*11AT=Y8~81AH1S;p;r;;;;;22.21.00;1;2;4;1;1243;;16;9;2;18;22;11;1;10;13;4;18;11;
a$$&H#;p;;;;;;22.21.00;1;2;4;1;1243;;16;9;2;18;22;11;1;10;13;4;18;11;
ap14:21;;;;;;;22.21.05;1;2;4;1;1247;;16;9;2;18;22;11;1;10;13;4;18;11;
a01SQ-~~~16;;;;;;;22.21.23;1;2;4;1;1267;;16;9;2;18;22;11;1;10;13;4;18;11;
*11RQ#~~~16;;;;;;;22.21.23;1;2;4;1;1267;;16;9;2;18;22;11;1;10;13;4;18;11;
*09ET+K2B;;;;;;;22.21.32;1;2;4;1;1267;;16;9;2;18;22;11;1;10;13;4;18;11;
*22AT-Y9~96~H1;;r;;;;;22.21.28;1;2;4;1;1271;;16;9;2;18;22;11;1;10;13;4;18;11;
a10BT+~~~~4~~1;;;;;;;22.21.28;1;2;4;1;1271;;16;9;2;18;22;11;1;10;13;4;18;11;
a18DH+;;;;;;;22.21.30;1;2;4;1;1271;;16;9;2;18;22;11;1;10;13;4;18;11;
a12EH+~~B~~~2;;;;;;;22.21.30;1;2;4;1;1271;;16;9;2;18;22;11;1;10;13;4;18;11;
a01AH/G9~91~H2;s;p;;;;;22.21.33;1;2;4;1;1275;;16;9;2;18;22;11;1;10;13;4;18;11;
*18BH#~~~~4~~2;s;;;;;;22.21.33;1;2;4;1;1275;;16;9;2;18;22;11;1;10;13;4;18;11;
*p15:21;;;;;;;22.21.35;1;2;4;1;1279;;16;9;2;18;22;11;1;10;13;4;18;11;
*z1;;;;;;;22.21.35;1;1;4;1;1277;;9;2;18;22;11;16;1;10;13;4;18;11;
*09SM-~~~17;;;;;;;22.21.51;1;1;4;1;1294;;9;2;18;22;11;16;1;10;13;4;18;11;
a10RM#~~~17;;;;;;;22.21.51;1;1;4;1;1294;;9;2;18;22;11;16;1;10;13;4;18;11;
a04ET+K1B~~~2;;;;;;;22.21.51;1;1;4;1;1294;;9;2;18;22;11;16;1;10;13;4;18;11;
a01AT#Y9~95CH2;s;r;;;;;22.21.55;1;1;4;1;1299;;9;2;18;22;11;16;1;10;13;4;18;11;
*20DT=~~~95C;s;;;;;;22.21.55;1;1;4;1;1299;;9;2;18;22;11;16;1;10;13;4;18;11;
ap15:22;;;;;;;22.21.59;1;1;4;1;1303;;9;2;18;22;11;16;1;10;13;4;18;11;
az3;;;;;;;22.21.59;1;1;3;1;1301;;9;2;18;22;11;16;10;13;4;18;11;1;
a10SQ-~~~16A;;;;;;;22.22.17;1;1;3;1;1320;;9;2;18;22;11;16;10;13;4;18;11;1;
*20RQ+~~~16A~~~21;;;;;;;22.22.17;1;1;3;1;1320;;9;2;18;22;11;16;10;13;4;18;11;1;
*09EQ+K1C;;;;;;;22.22.17;1;1;3;1;1320;;9;2;18;22;11;16;10;13;4;18;11;1;
*18AQ+J1~37AH1;;r;;;;;22.22.21;1;1;3;1;1324;;9;2;18;22;11;16;10;13;4;18;11;1;
a15DQ-~~~37A;;;;;;;22.22.21;1;1;3;1;1324;;9;2;18;22;11;16;10;13;4;18;11;1;
a18EH+~~B~~~2;;;;;;;22.22.25;1;1;3;1;1324;;9;2;18;22;11;16;10;13;4;18;11;1;
a04AH#G2~25~H2;p;p;;;;;22.22.25;1;1;3;1;1327;;9;2;18;22;11;16;10;13;4;18;11;1;
*22BH=~~~~4~~2;p;;;;;;22.22.25;1;1;3;1;1327;;9;2;18;22;11;16;10;13;4;18;11;1;
ap15:23;;;;;;;22.22.29;1;1;3;1;1331;;9;2;18;22;11;16;10;13;4;18;11;1;
a10SQ-~~~16A;;;;;;;22.22.47;1;1;3;1;1350;;9;2;18;22;11;16;10;13;4;18;11;1;
*20RQ+~~~16A~~~31;;;;;;;22.22.47;1;1;3;1;1350;;9;2;18;22;11;16;10;13;4;18;11;1;
*09ET+K1B;;;;;;;22.22.47;1;1;3;1;1350;;9;2;18;22;11;16;10;13;4;18;11;1;
*02AT#W2~29~H2;s;r;;;;;22.22.51;1;1;3;1;1354;;9;2;18;22;11;16;10;13;4;18;11;1;
a01DT=~~~29;s;;;;;;22.22.51;1;1;3;1;1354;;9;2;18;22;11;16;10;13;4;18;11;1;
*p16:23;;;;;;;22.22.53;1;1;3;1;1358;;9;2;18;22;11;16;10;13;4;18;11;1;
*z6;;;;;;;22.22.53;1;6;3;1;1355;;2;18;22;11;16;9;10;13;4;18;11;1;
*02SQ!~~~11;;;;;;;22.23.08;1;6;3;1;1372;;2;18;22;11;16;9;10;13;4;18;11;1;
a10RQ!~~~11;;;;;;;22.23.08;1;6;3;1;1372;;2;18;22;11;16;9;10;13;4;18;11;1;
a04ET+K8F~~~2;;;;;;;22.23.08;1;6;3;1;1372;;2;18;22;11;16;9;10;13;4;18;11;1;
a18AT/W4~45~H2;p;r;;;;;22.23.15;1;6;3;1;1378;;2;18;22;11;16;9;10;13;4;18;11;1;
*18BT#~~~~2~~2;p;;;;;;22.23.15;1;6;3;1;1378;;2;18;22;11;16;9;10;13;4;18;11;1;
*p17:23;;;;;;;22.23.20;1;6;3;1;1382;;2;18;22;11;16;9;10;13;4;18;11;1;
*02SQ-~~~11;;;;;;;22.23.33;1;6;3;1;1398;;2;18;22;11;16;9;10;13;4;18;11;1;
a10RQ#~~~11;;;;;;;22.23.33;1;6;3;1;1398;;2;18;22;11;16;9;10;13;4;18;11;1;
a04ET+K1F~~~2;;;;;;;22.23.33;1;6;3;1;1398;;2;18;22;11;16;9;10;13;4;18;11;1;
a18AT=W4~47DH1S;p;r;;;;;22.23.39;1;6;3;1;1402;;2;18;22;11;16;9;10;13;4;18;11;1;
*$$&H#;p;;;;;;22.23.39;1;6;3;1;1402;;2;18;22;11;16;9;10;13;4;18;11;1;
*p18:23;;;;;;;22.23.41;1;6;3;1;1406;;2;18;22;11;16;9;10;13;4;18;11;1;
aT;;;;;;;22.23.41;1;6;3;1;1403;;2;18;22;11;16;9;10;13;4;18;11;1;
*02SQ+~~~15D;;;;;;;22.24.48;1;6;3;1;1472;;2;18;22;11;16;9;10;13;4;18;11;1;
a18RQ-~~~15D;;;;;;;22.24.48;1;6;3;1;1472;;2;18;22;11;16;9;10;13;4;18;11;1;
a04ET+KEF~~~2;;;;;;;22.24.48;1;6;3;1;1472;;2;18;22;11;16;9;10;13;4;18;11;1;
a18AT#W4~42~P2S;s;r;;;;;22.24.54;1;6;3;1;1477;;2;18;22;11;16;9;10;13;4;18;11;1;
*18BT=~~~~2~~2;s;;;;;;22.24.54;1;6;3;1;1477;;2;18;22;11;16;9;10;13;4;18;11;1;
ap18:24;;;;;;;22.24.57;1;6;3;1;1481;;2;18;22;11;16;9;10;13;4;18;11;1;
az2;;;;;;;22.24.57;1;6;2;1;1479;;2;18;22;11;16;9;13;4;18;11;1;10;
ac13:09;;;;;;;22.24.57;1;6;2;1;1479;;2;18;22;11;16;9;9;4;18;11;1;10;
a09SM=~~~19A~~L;s;;;;;;22.25.25;1;6;2;1;1509;;2;18;22;11;16;9;9;4;18;11;1;10;
*$$&H#;s;;;;;;22.25.25;1;6;2;1;1509;;2;18;22;11;16;9;9;4;18;11;1;10;
*p19:24;;;;;;;22.25.30;1;6;2;1;1515;;2;18;22;11;16;9;9;4;18;11;1;10;
*z5;;;;;;;22.25.30;1;5;2;1;1512;;18;22;11;16;9;2;9;4;18;11;1;10;
ac09:13;;;;;;;22.25.30;1;5;2;1;1512;;18;22;11;16;9;2;13;4;18;11;1;10;
*18SM-~~~69;;;;;;;22.25.46;1;5;2;1;1529;;18;22;11;16;9;2;13;4;18;11;1;10;
a12RM+~~~69;;;;;;;22.25.46;1;5;2;1;1529;;18;22;11;16;9;2;13;4;18;11;1;10;
a04EQ+K2C~~~2;;;;;;;22.25.46;1;5;2;1;1529;;18;22;11;16;9;2;13;4;18;11;1;10;
a11AQ/J2~35~H2;p;r;;;;;22.25.50;1;5;2;1;1534;;18;22;11;16;9;2;13;4;18;11;1;10;
*16BQ#~~~~3~~2;p;;;;;;22.25.50;1;5;2;1;1534;;18;22;11;16;9;2;13;4;18;11;1;10;
*p20:24;;;;;;;22.25.53;1;5;2;1;1538;;18;22;11;16;9;2;13;4;18;11;1;10;
aT;;;;;;;22.25.53;1;5;2;1;1535;;18;22;11;16;9;2;13;4;18;11;1;10;
*18SM+~~~68A;;;;;;;22.26.52;1;5;2;1;1595;;18;22;11;16;9;2;13;4;18;11;1;10;
a12RM-~~~68A;;;;;;;22.26.52;1;5;2;1;1595;;18;22;11;16;9;2;13;4;18;11;1;10;
a18EH+KEB;;;;;;;22.27.09;1;5;2;1;1595;;18;22;11;16;9;2;13;4;18;11;1;10;
a01AH#G9~96~H3;s;r;;;;;22.26.59;1;5;2;1;1600;;18;22;11;16;9;2;13;4;18;11;1;10;
*16BH=~~~~4~~3;s;;;;;;22.26.59;1;5;2;1;1600;;18;22;11;16;9;2;13;4;18;11;1;10;
ap20:25;;;;;;;22.27.11;1;5;2;1;1604;;18;22;11;16;9;2;13;4;18;11;1;10;
**1set;;;;;;;22.27.11;2;5;2;1;1605;;;;;;;;;;;;;;
*P09>LUp;;;;;;;22.27.11;2;5;2;1;1613;;9;2;18;22;11;16;13;4;18;11;1;10;
*z1>LUp;;;;;;;22.27.11;2;1;2;1;1613;;9;2;18;22;11;16;13;4;18;11;1;10;
aP04>LUp;;;;;;;22.27.11;2;1;2;1;1613;;9;2;18;22;11;16;13;4;18;11;1;10;
az2>LUp;;;;;;;22.27.11;2;1;2;1;1613;;9;2;18;22;11;16;13;4;18;11;1;10;
*09SM-~~~67;;;;;;;22.30.02;2;1;2;1;1786;;9;2;18;22;11;16;13;4;18;11;1;10;
a18RM+~~~67;;;;;;;22.30.02;2;1;2;1;1786;;9;2;18;22;11;16;13;4;18;11;1;10;
a04ET+K1P~~~2;;;;;;;22.30.02;2;1;2;1;1786;;9;2;18;22;11;16;13;4;18;11;1;10;
a10AT#Y8~81~H1;s;r;;;;;22.30.07;2;1;2;1;1791;;9;2;18;22;11;16;13;4;18;11;1;10;
*09DT=~~~81;s;;;;;;22.30.07;2;1;2;1;1791;;9;2;18;22;11;16;13;4;18;11;1;10;
ap00:01;;;;;;;22.30.10;2;1;2;1;1795;;9;2;18;22;11;16;13;4;18;11;1;10;
az1;;;;;;;22.30.10;2;1;1;1;1792;;9;2;18;22;11;16;4;18;11;1;10;13;
a04SQ=~~~55A~~O;s;;;;;;22.30.27;2;1;1;1;1811;;9;2;18;22;11;16;4;18;11;1;10;13;
*$$&H#;s;;;;;;22.30.27;2;1;1;1;1811;;9;2;18;22;11;16;4;18;11;1;10;13;
*p01:01;;;;;;;22.30.32;2;1;1;1;1816;;9;2;18;22;11;16;4;18;11;1;10;13;
*z6;;;;;;;22.30.32;2;6;1;1;1814;;2;18;22;11;16;9;4;18;11;1;10;13;
*02SQ-~~~16A;;;;;;;22.30.44;2;6;1;1;1827;;2;18;22;11;16;9;4;18;11;1;10;13;
a18RQ#~~~16A;;;;;;;22.30.44;2;6;1;1;1827;;2;18;22;11;16;9;4;18;11;1;10;13;
a04ET+K2P~~~2;;;;;;;22.30.44;2;6;1;1;1827;;2;18;22;11;16;9;4;18;11;1;10;13;
a10AT-Y8~81~H2;;r;;;;;22.30.49;2;6;1;1;1832;;2;18;22;11;16;9;4;18;11;1;10;13;
*22BT+~~~~3~~2;;;;;;;22.30.49;2;6;1;1;1832;;2;18;22;11;16;9;4;18;11;1;10;13;
*20DH+;;;;;;;22.30.51;2;6;1;1;1832;;2;18;22;11;16;9;4;18;11;1;10;13;
*09ET+~~B;;;;;;;22.30.51;2;6;1;1;1832;;2;18;22;11;16;9;4;18;11;1;10;13;
*22AT-W2~25~H2;;p;;;;;22.30.52;2;6;1;1;1837;;2;18;22;11;16;9;4;18;11;1;10;13;
a01BT+~~~~4~~2;;;;;;;22.30.52;2;6;1;1;1837;;2;18;22;11;16;9;4;18;11;1;10;13;
a01DH+;;;;;;;22.30.55;2;6;1;1;1837;;2;18;22;11;16;9;4;18;11;1;10;13;
a10EH+~~F;;;;;;;22.30.55;2;6;1;1;1837;;2;18;22;11;16;9;4;18;11;1;10;13;
a01AH#G4~41~H2;s;s;;;;;22.30.57;2;6;1;1;1841;;2;18;22;11;16;9;4;18;11;1;10;13;
*22BH=~~~~2~~2;s;;;;;;22.30.57;2;6;1;1;1841;;2;18;22;11;16;9;4;18;11;1;10;13;
ap01:02;;;;;;;22.31.01;2;6;1;1;1845;;2;18;22;11;16;9;4;18;11;1;10;13;
az6;;;;;;;22.31.01;2;6;6;1;1843;;2;18;22;11;16;9;18;11;1;10;13;4;
a18SQ!~~~17;;;;;;;22.31.50;2;6;6;1;1894;;2;18;22;11;16;9;18;11;1;10;13;4;
*11RQ!~~~17~~~~31;;;;;;;22.31.50;2;6;6;1;1894;;2;18;22;11;16;9;18;11;1;10;13;4;
*09EH+KCB;;;;;;;22.31.50;2;6;6;1;1894;;2;18;22;11;16;9;18;11;1;10;13;4;
*22AH#G2~21~H2;s;r;;;;;22.31.55;2;6;6;1;1899;;2;18;22;11;16;9;18;11;1;10;13;4;
a18DH=~~~21~S;s;;;;;;22.31.55;2;6;6;1;1899;;2;18;22;11;16;9;18;11;1;10;13;4;
*p02:02;;;;;;;22.32.02;2;6;6;1;1903;;2;18;22;11;16;9;18;11;1;10;13;4;
*z5;;;;;;;22.32.02;2;5;6;1;1904;;18;22;11;16;9;2;18;11;1;10;13;4;
*18SM!~~~69;;;;;;;22.32.13;2;5;6;1;1917;;18;22;11;16;9;2;18;11;1;10;13;4;
a18RM!~~~69;;;;;;;22.32.13;2;5;6;1;1917;;18;22;11;16;9;2;18;11;1;10;13;4;
a04EQ+KFC~~~2;;;;;;;22.32.13;2;5;6;1;1917;;18;22;11;16;9;2;18;11;1;10;13;4;
a11AQ/J3~35~H1;p;r;;;;;22.32.18;2;5;6;1;1921;;18;22;11;16;9;2;18;11;1;10;13;4;
*16BQ#~~~~3~~1;p;;;;;;22.32.18;2;5;6;1;1921;;18;22;11;16;9;2;18;11;1;10;13;4;
*p03:02;;;;;;;22.32.22;2;5;6;1;1925;;18;22;11;16;9;2;18;11;1;10;13;4;
*18SM!~~~69;;;;;;;22.32.35;2;5;6;1;1939;;18;22;11;16;9;2;18;11;1;10;13;4;
a18RM!~~~69;;;;;;;22.32.35;2;5;6;1;1939;;18;22;11;16;9;2;18;11;1;10;13;4;
a04ET+KFF~~~2;;;;;;;22.32.35;2;5;6;1;1939;;18;22;11;16;9;2;18;11;1;10;13;4;
a10AT=W4~4~~T2N;p;r;;;;;22.32.40;2;5;6;1;1943;;18;22;11;16;9;2;18;11;1;10;13;4;
*$$&H#;p;;;;;;22.32.40;2;5;6;1;1943;;18;22;11;16;9;2;18;11;1;10;13;4;
*p04:02;;;;;;;22.32.45;2;5;6;1;1947;;18;22;11;16;9;2;18;11;1;10;13;4;
*18SM+~~~69;;;;;;;22.32.57;2;5;6;1;1961;;18;22;11;16;9;2;18;11;1;10;13;4;
a18RM-~~~69;;;;;;;22.32.57;2;5;6;1;1961;;18;22;11;16;9;2;18;11;1;10;13;4;
a10EH+KEB;;;;;;;22.33.07;2;5;6;1;1961;;18;22;11;16;9;2;18;11;1;10;13;4;
a01AH/G2~21~H2;p;r;;;;;22.33.03;2;5;6;1;1967;;18;22;11;16;9;2;18;11;1;10;13;4;
*16BH#~~~~4~~2;p;;;;;;22.33.03;2;5;6;1;1967;;18;22;11;16;9;2;18;11;1;10;13;4;
*p05:02;;;;;;;22.33.09;2;5;6;1;1971;;18;22;11;16;9;2;18;11;1;10;13;4;
*18SM+~~~62~~~N;;;;;;;22.33.24;2;5;6;1;1988;;18;22;11;16;9;2;18;11;1;10;13;4;
a04RM-~~~62;;;;;;;22.33.24;2;5;6;1;1988;;18;22;11;16;9;2;18;11;1;10;13;4;
a01EH+~~F;;;;;;;22.33.24;2;5;6;1;1988;;18;22;11;16;9;2;18;11;1;10;13;4;
a10AH-G4~42~P2;;r;;;;;22.33.30;2;5;6;1;1993;;18;22;11;16;9;2;18;11;1;10;13;4;
*22BH+~~~~2~~2;;;;;;;22.33.30;2;5;6;1;1993;;18;22;11;16;9;2;18;11;1;10;13;4;
*22AO-V3~3~~H0;;p;;;;;22.33.31;2;5;6;1;1994;;18;22;11;16;9;2;18;11;1;10;13;4;
a12DO+~~~3;;;;;;;22.33.31;2;5;6;1;1994;;18;22;11;16;9;2;18;11;1;10;13;4;
a04ET+~~B;;;;;;;22.33.31;2;5;6;1;1994;;18;22;11;16;9;2;18;11;1;10;13;4;
a01AT+W2~25~H2;;s;;;;;22.33.34;2;5;6;1;1998;;18;22;11;16;9;2;18;11;1;10;13;4;
*11BT-~~~~4~~2;;;;;;;22.33.34;2;5;6;1;1998;;18;22;11;16;9;2;18;11;1;10;13;4;
a12DH+;;;;;;;22.33.34;2;5;6;1;1998;;18;22;11;16;9;2;18;11;1;10;13;4;
a04ET+~~F;;;;;;;22.33.34;2;5;6;1;1998;;18;22;11;16;9;2;18;11;1;10;13;4;
a10AT#W4~42~P2;s;s;;;;;22.33.34;2;5;6;1;2001;;18;22;11;16;9;2;18;11;1;10;13;4;
*22BT=~~~~2~~2;s;;;;;;22.33.34;2;5;6;1;2001;;18;22;11;16;9;2;18;11;1;10;13;4;
ap05:03;;;;;;;22.33.34;2;5;6;1;2005;;18;22;11;16;9;2;18;11;1;10;13;4;
az5;;;;;;;22.33.34;2;5;5;1;1996;;18;22;11;16;9;2;11;1;10;13;4;18;
a11SM!~~~57;;;;;;;22.33.59;2;5;5;1;2022;;18;22;11;16;9;2;11;1;10;13;4;18;
*02RM!~~~57~O~~22;;;;;;;22.33.59;2;5;5;1;2022;;18;22;11;16;9;2;11;1;10;13;4;18;
*09EQ+K9C;;;;;;;22.33.59;2;5;5;1;2022;;18;22;11;16;9;2;11;1;10;13;4;18;
*16AQ+J2~38AP1;;r;;;;;22.34.03;2;5;5;1;2026;;18;22;11;16;9;2;11;1;10;13;4;18;
a18DQ-~~~38A;;;;;;;22.34.03;2;5;5;1;2026;;18;22;11;16;9;2;11;1;10;13;4;18;
a04EH+~~P;;;;;;;22.34.03;2;5;5;1;2026;;18;22;11;16;9;2;11;1;10;13;4;18;
a18AH+G8~86CH0;;p;;;;;22.34.07;2;5;5;1;2030;;18;22;11;16;9;2;11;1;10;13;4;18;
*02DH/~~~86C;;;;;;;22.34.08;2;5;5;1;2030;;18;22;11;16;9;2;11;1;10;13;4;18;
*11EH+~~B;;;;;;;22.34.08;2;5;5;1;2030;;18;22;11;16;9;2;11;1;10;13;4;18;
*22AH#G2~25AH2;s;s;;;;;22.34.10;2;5;5;1;2033;;18;22;11;16;9;2;11;1;10;13;4;18;
a11DH=~~~25A;s;;;;;;22.34.10;2;5;5;1;2033;;18;22;11;16;9;2;11;1;10;13;4;18;
*p06:03;;;;;;;22.34.13;2;5;5;1;2037;;18;22;11;16;9;2;11;1;10;13;4;18;
*z4;;;;;;;22.34.13;2;4;5;1;2035;;22;11;16;9;2;18;11;1;10;13;4;18;
*22SQ-~~~17A;;;;;;;22.34.30;2;4;5;1;2053;;22;11;16;9;2;18;11;1;10;13;4;18;
a18RQ+~~~17A;;;;;;;22.34.30;2;4;5;1;2053;;22;11;16;9;2;18;11;1;10;13;4;18;
a04ET+K1F;;;;;;;22.34.30;2;4;5;1;2053;;22;11;16;9;2;18;11;1;10;13;4;18;
a10AT-W4~45BH2;;r;;;;;22.34.34;2;4;5;1;2057;;22;11;16;9;2;18;11;1;10;13;4;18;
*09BT+~~~~2~~2;;;;;;;22.34.34;2;4;5;1;2057;;22;11;16;9;2;18;11;1;10;13;4;18;
*20DH/;;;;;;;22.34.37;2;4;5;1;2057;;22;11;16;9;2;18;11;1;10;13;4;18;
a12FH#;;;;;;;22.34.39;2;4;5;1;2058;;22;11;16;9;2;18;11;1;10;13;4;18;
a04ET+~~B;;;;;;;22.34.39;2;4;5;1;2058;;22;11;16;9;2;18;11;1;10;13;4;18;
a01AT=W2~22~H1;p;s;;;;;22.34.41;2;4;5;1;2065;;22;11;16;9;2;18;11;1;10;13;4;18;
*11BT/~~~~4~~1;s;;;;;;22.34.41;2;4;5;1;2065;;22;11;16;9;2;18;11;1;10;13;4;18;
ap06:04;;;;;;;22.34.49;2;4;5;1;2069;;22;11;16;9;2;18;11;1;10;13;4;18;
az4;;;;;;;22.34.49;2;4;4;1;2071;;22;11;16;9;2;18;1;10;13;4;18;11;
a01SQ-~~~11;;;;;;;22.35.06;2;4;4;1;2091;;22;11;16;9;2;18;1;10;13;4;18;11;
*20RQ#~~~11;;;;;;;22.35.06;2;4;4;1;2091;;22;11;16;9;2;18;1;10;13;4;18;11;
*09EQ+K1C;;;;;;;22.35.06;2;4;4;1;2091;;22;11;16;9;2;18;1;10;13;4;18;11;
*16AQ/J2~35~H2;p;r;;;;;22.35.12;2;4;4;1;2095;;22;11;16;9;2;18;1;10;13;4;18;11;
a13BQ#~~~~3~~2;p;;;;;;22.35.12;2;4;4;1;2095;;22;11;16;9;2;18;1;10;13;4;18;11;
ap06:05;;;;;;;22.35.14;2;4;4;1;2099;;22;11;16;9;2;18;1;10;13;4;18;11;
a01SQ+~~~66D;;;;;;;22.35.38;2;4;4;1;2122;;22;11;16;9;2;18;1;10;13;4;18;11;
*02RQ-~~~66D;;;;;;;22.35.38;2;4;4;1;2122;;22;11;16;9;2;18;1;10;13;4;18;11;
*20EH+~~F~~~2;;;;;;;22.35.42;2;4;4;1;2126;;22;11;16;9;2;18;1;10;13;4;18;11;
*11AH+G4~47DH2;;r;;;;;22.35.43;2;4;4;1;2128;;22;11;16;9;2;18;1;10;13;4;18;11;
a15DH-~~~47D;;;;;;;22.35.43;2;4;4;1;2128;;22;11;16;9;2;18;1;10;13;4;18;11;
a18EH/~~~~~~2;;;;;;;22.35.48;2;4;4;1;2130;;22;11;16;9;2;18;1;10;13;4;18;11;
*16FH#;;;;;;;22.35.51;2;4;4;1;2134;;22;11;16;9;2;18;1;10;13;4;18;11;
*09ET+~~F;;;;;;;22.35.56;2;4;4;1;2135;;22;11;16;9;2;18;1;10;13;4;18;11;
*11AT-W4~45~H2;;s;;;;;22.35.52;2;4;4;1;2137;;22;11;16;9;2;18;1;10;13;4;18;11;
a13BT+~~~~2~~2;;;;;;;22.35.52;2;4;4;1;2137;;22;11;16;9;2;18;1;10;13;4;18;11;
a18DH-;;;;;;;22.35.54;2;4;4;1;2137;;22;11;16;9;2;18;1;10;13;4;18;11;
a04EH/~~~~~~2;;;;;;;22.35.54;2;4;4;1;2139;;22;11;16;9;2;18;1;10;13;4;18;11;
*20FH#;;;;;;;22.35.59;2;4;4;1;2140;;22;11;16;9;2;18;1;10;13;4;18;11;
*09EQ+~~C;;;;;;;22.35.59;2;4;4;1;2140;;22;11;16;9;2;18;1;10;13;4;18;11;
*16AQ-J3~31~H2;;s;;;;;22.36.01;2;4;4;1;2144;;22;11;16;9;2;18;1;10;13;4;18;11;
a13BQ+~~~~3~~2;;;;;;;22.36.01;2;4;4;1;2144;;22;11;16;9;2;18;1;10;13;4;18;11;
a01DH+;;;;;;;22.36.02;2;4;4;1;2144;;22;11;16;9;2;18;1;10;13;4;18;11;
a04EQ+~~C;;;;;;;22.36.02;2;4;4;1;2144;;22;11;16;9;2;18;1;10;13;4;18;11;
a13AQ#J3~31~H1;p;p;;;;;22.36.04;2;4;4;1;2148;;22;11;16;9;2;18;1;10;13;4;18;11;
*22DQ=~~~31;p;;;;;;22.36.04;2;4;4;1;2148;;22;11;16;9;2;18;1;10;13;4;18;11;
ap06:06;;;;;;;22.36.08;2;4;4;1;2152;;22;11;16;9;2;18;1;10;13;4;18;11;
a01SQ-~~~11C;;;;;;;22.36.38;2;4;4;1;2182;;22;11;16;9;2;18;1;10;13;4;18;11;
*20RQ#~~~11C;;;;;;;22.36.38;2;4;4;1;2182;;22;11;16;9;2;18;1;10;13;4;18;11;
*09ET+K2F;;;;;;;22.36.38;2;4;4;1;2182;;22;11;16;9;2;18;1;10;13;4;18;11;
*11AT#W4~47DH1;s;r;;;;;22.36.42;2;4;4;1;2186;;22;11;16;9;2;18;1;10;13;4;18;11;
a15DT=~~~47D;s;;;;;;22.36.42;2;4;4;1;2186;;22;11;16;9;2;18;1;10;13;4;18;11;
*p07:06;;;;;;;22.36.47;2;4;4;1;2190;;22;11;16;9;2;18;1;10;13;4;18;11;
*z3;;;;;;;22.36.47;2;3;4;1;2189;;11;16;9;2;18;22;1;10;13;4;18;11;
*11SQ=~~~11D~~O;s;;;;;;22.37.06;2;3;4;1;2209;;11;16;9;2;18;22;1;10;13;4;18;11;
a$$&H#;s;;;;;;22.37.06;2;3;4;1;2209;;11;16;9;2;18;22;1;10;13;4;18;11;
ap07:07;;;;;;;22.37.10;2;3;4;1;2213;;11;16;9;2;18;22;1;10;13;4;18;11;
az3;;;;;;;22.37.10;2;3;3;1;2212;;11;16;9;2;18;22;10;13;4;18;11;1;
a10SQ-~~~16A;;;;;;;22.37.26;2;3;3;1;2229;;11;16;9;2;18;22;10;13;4;18;11;1;
*20RQ#~~~16A;;;;;;;22.37.26;2;3;3;1;2229;;11;16;9;2;18;22;10;13;4;18;11;1;
*09ET+K1B;;;;;;;22.37.26;2;3;3;1;2229;;11;16;9;2;18;22;10;13;4;18;11;1;
*22AT#Y9~96DH2;s;r;;;;;22.37.31;2;3;3;1;2234;;11;16;9;2;18;22;10;13;4;18;11;1;
a18BT=~~~~4~~2;s;;;;;;22.37.31;2;3;3;1;2234;;11;16;9;2;18;22;10;13;4;18;11;1;
*p08:07;;;;;;;22.37.34;2;3;3;1;2238;;11;16;9;2;18;22;10;13;4;18;11;1;
*z2;;;;;;;22.37.34;2;2;3;1;2236;;16;9;2;18;22;11;10;13;4;18;11;1;
*16SQ-~~~16C;;;;;;;22.37.52;2;2;3;1;2255;;16;9;2;18;22;11;10;13;4;18;11;1;
a12RQ#~~~16C;;;;;;;22.37.52;2;2;3;1;2255;;16;9;2;18;22;11;10;13;4;18;11;1;
a04EQ+K1C~~~2;;;;;;;22.37.52;2;2;3;1;2255;;16;9;2;18;22;11;10;13;4;18;11;1;
a13AQ#J4~37~H2;s;r;;;;;22.37.56;2;2;3;1;2259;;16;9;2;18;22;11;10;13;4;18;11;1;
*16DQ=~~~37~S;s;;;;;;22.37.56;2;2;3;1;2259;;16;9;2;18;22;11;10;13;4;18;11;1;
ap08:08;;;;;;;22.37.59;2;2;3;1;2263;;16;9;2;18;22;11;10;13;4;18;11;1;
az2;;;;;;;22.37.59;2;2;2;1;2261;;16;9;2;18;22;11;13;4;18;11;1;10;
a13SM+~~~58D;;;;;;;22.38.19;2;2;2;1;2284;;16;9;2;18;22;11;13;4;18;11;1;10;
*02RM-~~~58D;;;;;;;22.38.19;2;2;2;1;2284;;16;9;2;18;22;11;13;4;18;11;1;10;
*09EH+~~F;;;;;;;22.38.19;2;2;2;1;2284;;16;9;2;18;22;11;13;4;18;11;1;10;
*02AH+G4~42~T2;;r;;;;;22.38.25;2;2;2;1;2288;;16;9;2;18;22;11;13;4;18;11;1;10;
a18DH-~~~42;;;;;;;22.38.25;2;2;2;1;2288;;16;9;2;18;22;11;13;4;18;11;1;10;
a04EH+~~B;;;;;;;22.38.25;2;2;2;1;2288;;16;9;2;18;22;11;13;4;18;11;1;10;
a01AH-G9~96AH0;;p;;;;;22.38.29;2;2;2;1;2292;;16;9;2;18;22;11;13;4;18;11;1;10;
*20DH+~~~96A;;;;;;;22.38.29;2;2;2;1;2292;;16;9;2;18;22;11;13;4;18;11;1;10;
*09ET+~~B;;;;;;;22.38.29;2;2;2;1;2292;;16;9;2;18;22;11;13;4;18;11;1;10;
*22AT#Y9~95DH2;s;s;;;;;22.38.31;2;2;2;1;2296;;16;9;2;18;22;11;13;4;18;11;1;10;
a10DT=~~~95D;s;;;;;;22.38.31;2;2;2;1;2296;;16;9;2;18;22;11;13;4;18;11;1;10;
*p09:08;;;;;;;22.38.40;2;2;2;1;2300;;16;9;2;18;22;11;13;4;18;11;1;10;
*z1;;;;;;;22.38.40;2;1;2;1;2302;;9;2;18;22;11;16;13;4;18;11;1;10;
*09SM-~~~15;;;;;;;22.38.53;2;1;2;1;2317;;9;2;18;22;11;16;13;4;18;11;1;10;
a10RM#~~~15;;;;;;;22.38.53;2;1;2;1;2317;;9;2;18;22;11;16;13;4;18;11;1;10;
a04ET+K1F~~~2;;;;;;;22.38.53;2;1;2;1;2317;;9;2;18;22;11;16;13;4;18;11;1;10;
a18AT#W4~41~H1X;s;r;;;;;22.38.58;2;1;2;1;2321;;9;2;18;22;11;16;13;4;18;11;1;10;
*09DT=~~~41~S;s;;;;;;22.38.58;2;1;2;1;2321;;9;2;18;22;11;16;13;4;18;11;1;10;
ap09:09;;;;;;;22.39.01;2;1;2;1;2325;;9;2;18;22;11;16;13;4;18;11;1;10;
az1;;;;;;;22.39.01;2;1;1;1;2323;;9;2;18;22;11;16;4;18;11;1;10;13;
a04SQ-~~~51~~~N;;;;;;;22.39.17;2;1;1;1;2341;;9;2;18;22;11;16;4;18;11;1;10;13;
*02RQ#~~~51;;;;;;;22.39.17;2;1;1;1;2341;;9;2;18;22;11;16;4;18;11;1;10;13;
*09ET+K1F;;;;;;;22.39.17;2;1;1;1;2341;;9;2;18;22;11;16;4;18;11;1;10;13;
*22AT-W4~47~H2;;r;;;;;22.39.22;2;1;1;1;2345;;9;2;18;22;11;16;4;18;11;1;10;13;
a01BT+~~~~2~~2;;;;;;;22.39.22;2;1;1;1;2345;;9;2;18;22;11;16;4;18;11;1;10;13;
*11DH/;;;;;;;22.39.25;2;1;1;1;2347;;9;2;18;22;11;16;4;18;11;1;10;13;
a11FH#;;;;;;;22.39.28;2;1;1;1;2348;;9;2;18;22;11;16;4;18;11;1;10;13;
a04ET+~~F;;;;;;;22.39.28;2;1;1;1;2351;;9;2;18;22;11;16;4;18;11;1;10;13;
a18AT-W4~44~H1;;p;;;;;22.39.30;2;1;1;1;2353;;9;2;18;22;11;16;4;18;11;1;10;13;
*22DT+~~~44;;;;;;;22.39.30;2;1;1;1;2353;;9;2;18;22;11;16;4;18;11;1;10;13;
*09EH+~~F;;;;;;;22.39.30;2;1;1;1;2353;;9;2;18;22;11;16;4;18;11;1;10;13;
*22AH/G4~41~P2;p;s;;;;;22.39.32;2;1;1;1;2357;;9;2;18;22;11;16;4;18;11;1;10;13;
a01BH#~~~~2~~2;p;;;;;;22.39.32;2;1;1;1;2357;;9;2;18;22;11;16;4;18;11;1;10;13;
ap09:10;;;;;;;22.39.40;2;1;1;1;2361;;9;2;18;22;11;16;4;18;11;1;10;13;
a04SQ-~~~56B;;;;;;;22.39.56;2;1;1;1;2380;;9;2;18;22;11;16;4;18;11;1;10;13;
*20RQ+~~~56B~~~32;;;;;;;22.39.56;2;1;1;1;2380;;9;2;18;22;11;16;4;18;11;1;10;13;
*09EQ+K1C;;;;;;;22.39.56;2;1;1;1;2380;;9;2;18;22;11;16;4;18;11;1;10;13;
*18AQ#J4~31DH1;s;r;;;;;22.40.01;2;1;1;1;2384;;9;2;18;22;11;16;4;18;11;1;10;13;
a04DQ=~~~31D;s;;;;;;22.40.01;2;1;1;1;2384;;9;2;18;22;11;16;4;18;11;1;10;13;
*p10:10;;;;;;;22.40.06;2;1;1;1;2388;;9;2;18;22;11;16;4;18;11;1;10;13;
*z6;;;;;;;22.40.06;2;6;1;1;2388;;2;18;22;11;16;9;4;18;11;1;10;13;
*02SQ=~~~1~~~~N;s;;;;;;22.40.19;2;6;1;1;2403;;2;18;22;11;16;9;4;18;11;1;10;13;
a$$&H#;s;;;;;;22.40.19;2;6;1;1;2403;;2;18;22;11;16;9;4;18;11;1;10;13;
ap10:11;;;;;;;22.40.23;2;6;1;1;2407;;2;18;22;11;16;9;4;18;11;1;10;13;
az6;;;;;;;22.40.23;2;6;6;1;2405;;2;18;22;11;16;9;18;11;1;10;13;4;
a18SQ+~~~65C;;;;;;;22.40.39;2;6;6;1;2423;;2;18;22;11;16;9;18;11;1;10;13;4;
*11RQ-~~~65C;;;;;;;22.40.39;2;6;6;1;2423;;2;18;22;11;16;9;18;11;1;10;13;4;
*20EH+~~B;;;;;;;22.40.43;2;6;6;1;2423;;2;18;22;11;16;9;18;11;1;10;13;4;
*22AH/G2~21~H2;p;r;;;;;22.40.45;2;6;6;1;2429;;2;18;22;11;16;9;18;11;1;10;13;4;
a11BH#~~~~4~~2;p;;;;;;22.40.45;2;6;6;1;2429;;2;18;22;11;16;9;18;11;1;10;13;4;
ap10:12;;;;;;;22.40.47;2;6;6;1;2433;;2;18;22;11;16;9;18;11;1;10;13;4;
a18SQ-~~~66A;;;;;;;22.41.10;2;6;6;1;2454;;2;18;22;11;16;9;18;11;1;10;13;4;
*20RQ+~~~66A~~~32;;;;;;;22.41.10;2;6;6;1;2454;;2;18;22;11;16;9;18;11;1;10;13;4;
*09EQ+K1C;;;;;;;22.41.10;2;6;6;1;2454;;2;18;22;11;16;9;18;11;1;10;13;4;
*18AQ#J4~31~H1;s;r;;;;;22.41.15;2;6;6;1;2459;;2;18;22;11;16;9;18;11;1;10;13;4;
a11BQ=~~~~3~~1;s;;;;;;22.41.15;2;6;6;1;2459;;2;18;22;11;16;9;18;11;1;10;13;4;
*p11:12;;;;;;;22.41.17;2;6;6;1;2463;;2;18;22;11;16;9;18;11;1;10;13;4;
*z5;;;;;;;22.41.17;2;5;6;1;2459;;18;22;11;16;9;2;18;11;1;10;13;4;
*18SM-~~~69A;;;;;;;22.41.32;2;5;6;1;2476;;18;22;11;16;9;2;18;11;1;10;13;4;
a18RM#~~~69A;;;;;;;22.41.32;2;5;6;1;2476;;18;22;11;16;9;2;18;11;1;10;13;4;
a04EQ+K1C~~~2;;;;;;;22.41.32;2;5;6;1;2476;;18;22;11;16;9;2;18;11;1;10;13;4;
a11AQ!J4~36CP1;;r;;;;;22.41.36;2;5;6;1;2480;;18;22;11;16;9;2;18;11;1;10;13;4;
*16BQ/~~~~3~~1;s;;;;;;22.41.36;2;5;6;1;2480;;18;22;11;16;9;2;18;11;1;10;13;4;
a$$&H#;s;;;;;;22.41.36;2;5;6;1;2480;;18;22;11;16;9;2;18;11;1;10;13;4;
ap11:13;;;;;;;22.41.46;2;5;6;1;2484;;18;22;11;16;9;2;18;11;1;10;13;4;
az5;;;;;;;22.41.46;2;5;5;1;2488;;18;22;11;16;9;2;11;1;10;13;4;18;
a11SM-~~~57C;;;;;;;22.41.55;2;5;5;1;2500;;18;22;11;16;9;2;11;1;10;13;4;18;
*11RM#~~~57C;;;;;;;22.41.55;2;5;5;1;2500;;18;22;11;16;9;2;11;1;10;13;4;18;
*09ET+K2F;;;;;;;22.41.55;2;5;5;1;2500;;18;22;11;16;9;2;11;1;10;13;4;18;
*11AT!W4~49AH2;;r;;;;;22.42.00;2;5;5;1;2504;;18;22;11;16;9;2;11;1;10;13;4;18;
a01BT/~~~~2~~2;s;;;;;;22.42.00;2;5;5;1;2504;;18;22;11;16;9;2;11;1;10;13;4;18;
*$$&H#;s;;;;;;22.42.00;2;5;5;1;2504;;18;22;11;16;9;2;11;1;10;13;4;18;
*p12:13;;;;;;;22.42.08;2;5;5;1;2508;;18;22;11;16;9;2;11;1;10;13;4;18;
*z4;;;;;;;22.42.08;2;4;5;1;2510;;22;11;16;9;2;18;11;1;10;13;4;18;
*22SQ-~~~16C;;;;;;;22.42.20;2;4;5;1;2524;;22;11;16;9;2;18;11;1;10;13;4;18;
a18RQ+~~~16C;;;;;;;22.42.20;2;4;5;1;2524;;22;11;16;9;2;18;11;1;10;13;4;18;
a04ET+K2B~~~2;;;;;;;22.42.20;2;4;5;1;2524;;22;11;16;9;2;18;11;1;10;13;4;18;
a01AT#W2~26DH1;s;r;;;;;22.42.24;2;4;5;1;2528;;22;11;16;9;2;18;11;1;10;13;4;18;
*11BT=~~~~4~~1;s;;;;;;22.42.24;2;4;5;1;2528;;22;11;16;9;2;18;11;1;10;13;4;18;
ap12:14;;;;;;;22.42.27;2;4;5;1;2532;;22;11;16;9;2;18;11;1;10;13;4;18;
az4;;;;;;;22.42.27;2;4;4;1;2529;;22;11;16;9;2;18;1;10;13;4;18;11;
a01SQ#~~~66A;p;;;;;;22.42.47;2;4;4;1;2551;;22;11;16;9;2;18;1;10;13;4;18;11;
*20RQ=~~~66AL;p;;;;;;22.42.47;2;4;4;1;2551;;22;11;16;9;2;18;1;10;13;4;18;11;
ap12:15;;;;;;;22.42.52;2;4;4;1;2557;;22;11;16;9;2;18;1;10;13;4;18;11;
*T;;;;;;;22.42.52;2;4;4;1;2554;;22;11;16;9;2;18;1;10;13;4;18;11;
a01SQ/~~~16C;;;;;;;22.44.07;2;4;4;1;2631;;22;11;16;9;2;18;1;10;13;4;18;11;
*02RQ/~~~16C;;;;;;;22.44.07;2;4;4;1;2631;;22;11;16;9;2;18;1;10;13;4;18;11;
a13FH#;;;;;;;22.44.12;2;4;4;1;2633;;22;11;16;9;2;18;1;10;13;4;18;11;
a04ET+~~F;;;;;;;22.44.12;2;4;4;1;2633;;22;11;16;9;2;18;1;10;13;4;18;11;
a10AT=W4~4~~H1N;s;p;;;;;22.44.14;2;4;4;1;2637;;22;11;16;9;2;18;1;10;13;4;18;11;
*$$&H#;s;;;;;;22.44.14;2;4;4;1;2637;;22;11;16;9;2;18;1;10;13;4;18;11;
*p13:15;;;;;;;22.44.16;2;4;4;1;2641;;22;11;16;9;2;18;1;10;13;4;18;11;
*z3;;;;;;;22.44.16;2;3;4;1;2638;;11;16;9;2;18;22;1;10;13;4;18;11;
*11SQ/~~~16A;;;;;;;22.44.36;2;3;4;1;2659;;11;16;9;2;18;22;1;10;13;4;18;11;
a18RQ/~~~16A;;;;;;;22.44.36;2;3;4;1;2659;;11;16;9;2;18;22;1;10;13;4;18;11;
*20FH#;;;;;;;22.44.41;2;3;4;1;2661;;11;16;9;2;18;22;1;10;13;4;18;11;
*09ET+~~B;;;;;;;22.44.41;2;3;4;1;2661;;11;16;9;2;18;22;1;10;13;4;18;11;
*22AT/Y9~91~H2;s;p;;;;;22.44.42;2;3;4;1;2667;;11;16;9;2;18;22;1;10;13;4;18;11;
a13BT#~~~~4~~2;s;;;;;;22.44.42;2;3;4;1;2667;;11;16;9;2;18;22;1;10;13;4;18;11;
ap13:16;;;;;;;22.44.46;2;3;4;1;2671;;11;16;9;2;18;22;1;10;13;4;18;11;
az3;;;;;;;22.44.46;2;3;3;1;2668;;11;16;9;2;18;22;10;13;4;18;11;1;
a10SQ-~~~19D;;;;;;;22.45.05;2;3;3;1;2689;;11;16;9;2;18;22;10;13;4;18;11;1;
*20RQ+~~~19D~~~32;;;;;;;22.45.05;2;3;3;1;2689;;11;16;9;2;18;22;10;13;4;18;11;1;
*09ET+K3F;;;;;;;22.45.05;2;3;3;1;2689;;11;16;9;2;18;22;10;13;4;18;11;1;
*02AT#W4~48~T2;s;r;;;;;22.45.09;2;3;3;1;2693;;11;16;9;2;18;22;10;13;4;18;11;1;
a10DT=~~~48~E;s;;;;;;22.45.09;2;3;3;1;2693;;11;16;9;2;18;22;10;13;4;18;11;1;
*p14:16;;;;;;;22.45.12;2;3;3;1;2695;;11;16;9;2;18;22;10;13;4;18;11;1;
*z2;;;;;;;22.45.12;2;2;3;1;2694;;16;9;2;18;22;11;10;13;4;18;11;1;
*16SQ-~~~16;;;;;;;22.45.29;2;2;3;1;2713;;16;9;2;18;22;11;10;13;4;18;11;1;
a12RQ+~~~16;;;;;;;22.45.29;2;2;3;1;2713;;16;9;2;18;22;11;10;13;4;18;11;1;
a04ET+KBB~~~2;;;;;;;22.45.29;2;2;3;1;2713;;16;9;2;18;22;11;10;13;4;18;11;1;
a01AT#Y9~91AH1;s;r;;;;;22.45.34;2;2;3;1;2717;;16;9;2;18;22;11;10;13;4;18;11;1;
*02BT=~~~~4~~1;s;;;;;;22.45.34;2;2;3;1;2717;;16;9;2;18;22;11;10;13;4;18;11;1;
ap14:17;;;;;;;22.46.24;2;2;3;1;2721;;16;9;2;18;22;11;10;13;4;18;11;1;
az2;;;;;;;22.46.24;2;2;2;1;2766;;16;9;2;18;22;11;13;4;18;11;1;10;
a13SM-~~~57;;;;;;;22.46.57;2;2;2;1;2800;;16;9;2;18;22;11;13;4;18;11;1;10;
*02RM+~~~57~O~~32;;;;;;;22.46.57;2;2;2;1;2800;;16;9;2;18;22;11;13;4;18;11;1;10;
*09EQ+K2C;;;;;;;22.46.57;2;2;2;1;2800;;16;9;2;18;22;11;13;4;18;11;1;10;
*18AQ-J2~31~H1;;r;;;;;22.47.01;2;2;2;1;2804;;16;9;2;18;22;11;13;4;18;11;1;10;
a11BQ+~~~~3~~1;;;;;;;22.47.01;2;2;2;1;2804;;16;9;2;18;22;11;13;4;18;11;1;10;
a01DH+;;;;;;;22.47.03;2;2;2;1;2804;;16;9;2;18;22;11;13;4;18;11;1;10;
a04ET+~~F;;;;;;;22.47.03;2;2;2;1;2804;;16;9;2;18;22;11;13;4;18;11;1;10;
a18AT#W4~49~T1X;p;p;;;;;22.47.05;2;2;2;1;2807;;16;9;2;18;22;11;13;4;18;11;1;10;
*22DT=~~~49~E;p;;;;;;22.47.05;2;2;2;1;2807;;16;9;2;18;22;11;13;4;18;11;1;10;
ap14:18;;;;;;;22.47.10;2;2;2;1;2811;;16;9;2;18;22;11;13;4;18;11;1;10;
*T;;;;;;;22.47.10;2;2;2;1;2812;;16;9;2;18;22;11;13;4;18;11;1;10;
a13SM!~~~57;;;;;;;22.48.25;2;2;2;1;2889;;16;9;2;18;22;11;13;4;18;11;1;10;
*02RM!~~~57~~~~21;;;;;;;22.48.25;2;2;2;1;2889;;16;9;2;18;22;11;13;4;18;11;1;10;
*09ET+KBF;;;;;;;22.48.32;2;2;2;1;2889;;16;9;2;18;22;11;13;4;18;11;1;10;
*02AT+W4~41~H2;;r;;;;;22.48.29;2;2;2;1;2893;;16;9;2;18;22;11;13;4;18;11;1;10;
a04BT-~~~~2~~2;;;;;;;22.48.29;2;2;2;1;2893;;16;9;2;18;22;11;13;4;18;11;1;10;
a04DH+;;;;;;;22.48.31;2;2;2;1;2893;;16;9;2;18;22;11;13;4;18;11;1;10;
a01EH+~~F~~~2;;;;;;;22.48.31;2;2;2;1;2893;;16;9;2;18;22;11;13;4;18;11;1;10;
a18AH+G4~42~T2;;p;;;;;22.48.35;2;2;2;1;2898;;16;9;2;18;22;11;13;4;18;11;1;10;
*09BH-~~~~2~~2;;;;;;;22.48.35;2;2;2;1;2898;;16;9;2;18;22;11;13;4;18;11;1;10;
a11DH+;;;;;;;22.48.37;2;2;2;1;2898;;16;9;2;18;22;11;13;4;18;11;1;10;
a04ET+~~B;;;;;;;22.48.37;2;2;2;1;2898;;16;9;2;18;22;11;13;4;18;11;1;10;
a01AT+Y9~95AH2;;p;;;;;22.48.38;2;2;2;1;2902;;16;9;2;18;22;11;13;4;18;11;1;10;
*11DT/~~~95A;;;;;;;22.48.38;2;2;2;1;2902;;16;9;2;18;22;11;13;4;18;11;1;10;
a18AO#V3~3~~T0;p;p;;;;;22.48.41;2;2;2;1;2903;;16;9;2;18;22;11;13;4;18;11;1;10;
*20DO=~~~3;p;;;;;;22.48.41;2;2;2;1;2903;;16;9;2;18;22;11;13;4;18;11;1;10;
ap14:19;;;;;;;22.48.44;2;2;2;1;2907;;16;9;2;18;22;11;13;4;18;11;1;10;
a13SM-~~~57D;;;;;;;22.49.06;2;2;2;1;2931;;16;9;2;18;22;11;13;4;18;11;1;10;
*02RM+~~~57D~~~32;;;;;;;22.49.06;2;2;2;1;2931;;16;9;2;18;22;11;13;4;18;11;1;10;
*09ET+K2F;;;;;;;22.49.14;2;2;2;1;2931;;16;9;2;18;22;11;13;4;18;11;1;10;
*02AT+W4~45AH2;;r;;;;;22.49.11;2;2;2;1;2935;;16;9;2;18;22;11;13;4;18;11;1;10;
a10DT-~~~45A;;;;;;;22.49.11;2;2;2;1;2935;;16;9;2;18;22;11;13;4;18;11;1;10;
a13EH/~~B~~~2;;;;;;;22.49.11;2;2;2;1;2935;;16;9;2;18;22;11;13;4;18;11;1;10;
*20FH-;;;;;;;22.49.18;2;2;2;1;2938;;16;9;2;18;22;11;13;4;18;11;1;10;
*09ET-~~F;;;;;;;22.49.18;2;2;2;1;2938;;16;9;2;18;22;11;13;4;18;11;1;10;
*02AT#W4~41~T1;s;s;;;;;22.49.20;2;2;2;1;2943;;16;9;2;18;22;11;13;4;18;11;1;10;
a13DT=~~~41;s;;;;;;22.49.20;2;2;2;1;2943;;16;9;2;18;22;11;13;4;18;11;1;10;
*p15:19;;;;;;;22.49.24;2;2;2;1;2947;;16;9;2;18;22;11;13;4;18;11;1;10;
*z1;;;;;;;22.49.24;2;1;2;1;2946;;9;2;18;22;11;16;13;4;18;11;1;10;
*09SM-~~~17D;;;;;;;22.49.39;2;1;2;1;2963;;9;2;18;22;11;16;13;4;18;11;1;10;
a18RM+~~~17D;;;;;;;22.49.39;2;1;2;1;2963;;9;2;18;22;11;16;13;4;18;11;1;10;
a04ET+K2B~~~2;;;;;;;22.49.39;2;1;2;1;2963;;9;2;18;22;11;16;13;4;18;11;1;10;
a01AT-Y9~96AH1;;r;;;;;22.49.45;2;1;2;1;2968;;9;2;18;22;11;16;13;4;18;11;1;10;
*02BT+~~~~4~~1;;;;;;;22.49.45;2;1;2;1;2968;;9;2;18;22;11;16;13;4;18;11;1;10;
a11DH/;;;;;;;22.49.47;2;1;2;1;2968;;9;2;18;22;11;16;13;4;18;11;1;10;
*20FH#;;;;;;;22.49.49;2;1;2;1;2969;;9;2;18;22;11;16;13;4;18;11;1;10;
*09EQ+~~C;;;;;;;22.49.49;2;1;2;1;2969;;9;2;18;22;11;16;13;4;18;11;1;10;
*18AQ/J3~36AH1;s;p;;;;;22.49.52;2;1;2;1;2974;;9;2;18;22;11;16;13;4;18;11;1;10;
a11BQ#~~~~3~~1;s;;;;;;22.49.52;2;1;2;1;2974;;9;2;18;22;11;16;13;4;18;11;1;10;
*22DH=;;;;;;;22.49.56;2;1;2;1;2974;;9;2;18;22;11;16;13;4;18;11;1;10;
ap15:20;;;;;;;22.49.59;2;1;2;1;2978;;9;2;18;22;11;16;13;4;18;11;1;10;
az1;;;;;;;22.49.59;2;1;1;1;2981;;9;2;18;22;11;16;4;18;11;1;10;13;
a04SQ/~~~56A;;;;;;;22.50.22;2;1;1;1;3006;;9;2;18;22;11;16;4;18;11;1;10;13;
*20RQ/~~~56A;;;;;;;22.50.22;2;1;1;1;3006;;9;2;18;22;11;16;4;18;11;1;10;13;
a11AO#V3~3~~H0;p;p;;;;;22.50.27;2;1;1;1;3009;;9;2;18;22;11;16;4;18;11;1;10;13;
*09DO=~~~3;p;;;;;;22.50.27;2;1;1;1;3009;;9;2;18;22;11;16;4;18;11;1;10;13;
ap15:21;;;;;;;22.50.31;2;1;1;1;3013;;9;2;18;22;11;16;4;18;11;1;10;13;
a04SQ=~~~51A;s;;;;;;22.50.47;2;1;1;1;3032;;9;2;18;22;11;16;4;18;11;1;10;13;
*$$&H#;s;;;;;;22.50.47;2;1;1;1;3032;;9;2;18;22;11;16;4;18;11;1;10;13;
*p16:21;;;;;;;22.50.51;2;1;1;1;3036;;9;2;18;22;11;16;4;18;11;1;10;13;
*z6;;;;;;;22.50.51;2;6;1;1;3033;;2;18;22;11;16;9;4;18;11;1;10;13;
*02SQ#~~~16A;p;;;;;;22.51.05;2;6;1;1;3048;;2;18;22;11;16;9;4;18;11;1;10;13;
a12RQ=~~~16A;p;;;;;;22.51.05;2;6;1;1;3048;;2;18;22;11;16;9;4;18;11;1;10;13;
*p17:21;;;;;;;22.51.10;2;6;1;1;3053;;2;18;22;11;16;9;4;18;11;1;10;13;
aT;;;;;;;22.51.10;2;6;1;1;3052;;2;18;22;11;16;9;4;18;11;1;10;13;
*02SQ#~~~16D;p;;;;;;22.52.32;2;6;1;1;3136;;2;18;22;11;16;9;4;18;11;1;10;13;
a12RQ=~~~16D;p;;;;;;22.52.32;2;6;1;1;3136;;2;18;22;11;16;9;4;18;11;1;10;13;
*p18:21;;;;;;;22.52.38;2;6;1;1;3141;;2;18;22;11;16;9;4;18;11;1;10;13;
*02SQ-~~~16A;;;;;;;22.52.53;2;6;1;1;3157;;2;18;22;11;16;9;4;18;11;1;10;13;
a18RQ+~~~16A;;;;;;;22.52.53;2;6;1;1;3157;;2;18;22;11;16;9;4;18;11;1;10;13;
a04ET+K1F;;;;;;;22.52.53;2;6;1;1;3157;;2;18;22;11;16;9;4;18;11;1;10;13;
a01AT/W4~45~H1;p;r;;;;;22.52.58;2;6;1;1;3162;;2;18;22;11;16;9;4;18;11;1;10;13;
*22BT#~~~~2~~1;p;;;;;;22.52.58;2;6;1;1;3162;;2;18;22;11;16;9;4;18;11;1;10;13;
a18DH=;;;;;;;22.53.01;2;6;1;1;3162;;2;18;22;11;16;9;4;18;11;1;10;13;
*p19:21;;;;;;;22.53.08;2;6;1;1;3166;;2;18;22;11;16;9;4;18;11;1;10;13;
*02SQ=~~~16A~~O;s;;;;;;22.54.08;2;6;1;1;3232;;2;18;22;11;16;9;4;18;11;1;10;13;
a$$&H#;s;;;;;;22.54.08;2;6;1;1;3232;;2;18;22;11;16;9;4;18;11;1;10;13;
ap19:22;;;;;;;22.54.11;2;6;1;1;3234;;2;18;22;11;16;9;4;18;11;1;10;13;
az6;;;;;;;22.54.11;2;6;6;1;3233;;2;18;22;11;16;9;18;11;1;10;13;4;
ac10:07;;;;;;;22.54.11;2;6;6;1;3233;;2;18;22;11;16;9;18;11;1;7;13;4;
a18SQ=~~~6~~~~N;s;;;;;;22.54.38;2;6;6;1;3262;;2;18;22;11;16;9;18;11;1;7;13;4;
*$$&H#;s;;;;;;22.54.38;2;6;6;1;3262;;2;18;22;11;16;9;18;11;1;7;13;4;
*p20:22;;;;;;;22.54.41;2;6;6;1;3265;;2;18;22;11;16;9;18;11;1;7;13;4;
*z5;;;;;;;22.54.41;2;5;6;1;3263;;18;22;11;16;9;2;18;11;1;7;13;4;
*18SM-~~~69;;;;;;;22.54.55;2;5;6;1;3279;;18;22;11;16;9;2;18;11;1;7;13;4;
a18RM+~~~69;;;;;;;22.54.55;2;5;6;1;3279;;18;22;11;16;9;2;18;11;1;7;13;4;
a04ET+K1B~~~2;;;;;;;22.54.55;2;5;6;1;3279;;18;22;11;16;9;2;18;11;1;7;13;4;
a01AT#W1~49~H1X;s;r;;;;;22.55.00;2;5;6;1;3283;;18;22;11;16;9;2;18;11;1;7;13;4;
*09DT=~~~49~S;s;;;;;;22.55.00;2;5;6;1;3283;;18;22;11;16;9;2;18;11;1;7;13;4;
ap20:23;;;;;;;22.55.03;2;5;6;1;3287;;18;22;11;16;9;2;18;11;1;7;13;4;
az5;;;;;;;22.55.03;2;5;5;1;3285;;18;22;11;16;9;2;11;1;7;13;4;18;
a11SM!~~~57A;;;;;;;22.55.16;2;5;5;1;3301;;18;22;11;16;9;2;11;1;7;13;4;18;
*02RM!~~~57A~~~32;;;;;;;22.55.16;2;5;5;1;3301;;18;22;11;16;9;2;11;1;7;13;4;18;
*09ET+K7F;;;;;;;22.55.16;2;5;5;1;3301;;18;22;11;16;9;2;11;1;7;13;4;18;
*11AT/W4~45~H2;p;r;;;;;22.55.22;2;5;5;1;3305;;18;22;11;16;9;2;11;1;7;13;4;18;
a01BT#~~~~2~~2;p;;;;;;22.55.22;2;5;5;1;3305;;18;22;11;16;9;2;11;1;7;13;4;18;
ap20:24;;;;;;;22.55.26;2;5;5;1;3309;;18;22;11;16;9;2;11;1;7;13;4;18;
a11SM-~~~55B;;;;;;;22.55.42;2;5;5;1;3326;;18;22;11;16;9;2;11;1;7;13;4;18;
*02RM+~~~55BO~~32;;;;;;;22.55.42;2;5;5;1;3326;;18;22;11;16;9;2;11;1;7;13;4;18;
*09ET+K8F;;;;;;;22.55.42;2;5;5;1;3326;;18;22;11;16;9;2;11;1;7;13;4;18;
*11AT#W4~41~H2;s;r;;;;;22.55.48;2;5;5;1;3331;;18;22;11;16;9;2;11;1;7;13;4;18;
a01BT=~~~~2~~2;s;;;;;;22.55.48;2;5;5;1;3331;;18;22;11;16;9;2;11;1;7;13;4;18;
*p21:24;;;;;;;22.55.50;2;5;5;1;3335;;18;22;11;16;9;2;11;1;7;13;4;18;
*z4;;;;;;;22.55.50;2;4;5;1;3332;;22;11;16;9;2;18;11;1;7;13;4;18;
ac07:10;;;;;;;22.55.50;2;4;5;1;3332;;22;11;16;9;2;18;11;1;10;13;4;18;
*22SQ=~~~1~~~~N;s;;;;;;22.56.09;2;4;5;1;3352;;22;11;16;9;2;18;11;1;10;13;4;18;
a$$&H#;s;;;;;;22.56.09;2;4;5;1;3352;;22;11;16;9;2;18;11;1;10;13;4;18;
ap21:25;;;;;;;22.56.13;2;4;5;1;3356;;22;11;16;9;2;18;11;1;10;13;4;18;
**2set;;;;;;;22.56.13;3;4;5;1;3357;;;;;;;;;;;;;;
*P09>LUp;;;;;;;22.56.13;3;4;5;1;3355;;16;9;2;18;22;11;13;4;18;11;1;10;
*z2>LUp;;;;;;;22.56.13;3;2;5;1;3355;;16;9;2;18;22;11;13;4;18;11;1;10;
aP04>LUp;;;;;;;22.56.13;3;2;5;1;3355;;16;9;2;18;22;11;13;4;18;11;1;10;
az2>LUp;;;;;;;22.56.13;3;2;2;1;3355;;16;9;2;18;22;11;13;4;18;11;1;10;
a13SM!~~~58D;;;;;;;22.59.40;3;2;2;1;3564;;16;9;2;18;22;11;13;4;18;11;1;10;
*20RM!~~~58D~~~42;;;;;;;22.59.40;3;2;2;1;3564;;16;9;2;18;22;11;13;4;18;11;1;10;
*09ET+K7F;;;;;;;22.59.40;3;2;2;1;3564;;16;9;2;18;22;11;13;4;18;11;1;10;
*02AT/W4~42~T2;p;r;;;;;22.59.45;3;2;2;1;3568;;16;9;2;18;22;11;13;4;18;11;1;10;
a04BT#~~~~2~~2;p;;;;;;22.59.45;3;2;2;1;3568;;16;9;2;18;22;11;13;4;18;11;1;10;
ap00:01;;;;;;;22.59.48;3;2;2;1;3572;;16;9;2;18;22;11;13;4;18;11;1;10;
a13SM-~~~56;;;;;;;23.00.11;3;2;2;1;3595;;16;9;2;18;22;11;13;4;18;11;1;10;
*20RM#~~~56;;;;;;;23.00.11;3;2;2;1;3595;;16;9;2;18;22;11;13;4;18;11;1;10;
*09ET+K2B;;;;;;;23.00.11;3;2;2;1;3595;;16;9;2;18;22;11;13;4;18;11;1;10;
*22AT#Y9~91~H1;s;r;;;;;23.00.16;3;2;2;1;3599;;16;9;2;18;22;11;13;4;18;11;1;10;
a18BT=~~~~4~~1;s;;;;;;23.00.16;3;2;2;1;3599;;16;9;2;18;22;11;13;4;18;11;1;10;
*p01:01;;;;;;;23.00.19;3;2;2;1;3603;;16;9;2;18;22;11;13;4;18;11;1;10;
*z1;;;;;;;23.00.19;3;1;2;1;3601;;9;2;18;22;11;16;13;4;18;11;1;10;
*09SM-~~~67;;;;;;;23.00.32;3;1;2;1;3615;;9;2;18;22;11;16;13;4;18;11;1;10;
a18RM+~~~67;;;;;;;23.00.32;3;1;2;1;3615;;9;2;18;22;11;16;13;4;18;11;1;10;
a04EQ+K2C~~~2;;;;;;;23.00.32;3;1;2;1;3615;;9;2;18;22;11;16;13;4;18;11;1;10;
a11AQ#J2~31~H1;s;r;;;;;23.00.36;3;1;2;1;3620;;9;2;18;22;11;16;13;4;18;11;1;10;
*18BQ=~~~~3~~1;s;;;;;;23.00.36;3;1;2;1;3620;;9;2;18;22;11;16;13;4;18;11;1;10;
ap01:02;;;;;;;23.00.39;3;1;2;1;3624;;9;2;18;22;11;16;13;4;18;11;1;10;
az1;;;;;;;23.00.39;3;1;1;1;3621;;9;2;18;22;11;16;4;18;11;1;10;13;
a04SQ!~~~56A;;;;;;;23.00.55;3;1;1;1;3640;;9;2;18;22;11;16;4;18;11;1;10;13;
*20RQ!~~~56A~~~32;;;;;;;23.00.55;3;1;1;1;3640;;9;2;18;22;11;16;4;18;11;1;10;13;
*09ET+K8B;;;;;;;23.00.55;3;1;1;1;3640;;9;2;18;22;11;16;4;18;11;1;10;13;
*02AT#W2~29~H2;s;r;;;;;23.01.01;3;1;1;1;3644;;9;2;18;22;11;16;4;18;11;1;10;13;
a04DT=~~~29;s;;;;;;23.01.01;3;1;1;1;3644;;9;2;18;22;11;16;4;18;11;1;10;13;
*p02:02;;;;;;;23.01.06;3;1;1;1;3648;;9;2;18;22;11;16;4;18;11;1;10;13;
*z6;;;;;;;23.01.06;3;6;1;1;3648;;2;18;22;11;16;9;4;18;11;1;10;13;
*02SQ#~~~11B~~N;p;;;;;;23.01.23;3;6;1;1;3666;;2;18;22;11;16;9;4;18;11;1;10;13;
a18RQ=~~~11B;p;;;;;;23.01.23;3;6;1;1;3666;;2;18;22;11;16;9;4;18;11;1;10;13;
*p03:02;;;;;;;23.01.27;3;6;1;1;3672;;2;18;22;11;16;9;4;18;11;1;10;13;
*02SQ=~~~1~~~~N;s;;;;;;23.01.45;3;6;1;1;3688;;2;18;22;11;16;9;4;18;11;1;10;13;
a$$&H#;s;;;;;;23.01.45;3;6;1;1;3688;;2;18;22;11;16;9;4;18;11;1;10;13;
ap03:03;;;;;;;23.01.48;3;6;1;1;3692;;2;18;22;11;16;9;4;18;11;1;10;13;
az6;;;;;;;23.01.48;3;6;6;1;3690;;2;18;22;11;16;9;18;11;1;10;13;4;
a18SQ!~~~15C;;;;;;;23.02.06;3;6;6;1;3710;;2;18;22;11;16;9;18;11;1;10;13;4;
*11RQ!~~~15C~~~32;;;;;;;23.02.06;3;6;6;1;3710;;2;18;22;11;16;9;18;11;1;10;13;4;
*09ET+K8F;;;;;;;23.02.06;3;6;6;1;3710;;2;18;22;11;16;9;18;11;1;10;13;4;
*11AT#W4~49AP2;s;r;;;;;23.02.11;3;6;6;1;3715;;2;18;22;11;16;9;18;11;1;10;13;4;
a01BT=~~~~2~~2;s;;;;;;23.02.11;3;6;6;1;3715;;2;18;22;11;16;9;18;11;1;10;13;4;
*p04:03;;;;;;;23.02.16;3;6;6;1;3719;;2;18;22;11;16;9;18;11;1;10;13;4;
*z5;;;;;;;23.02.16;3;5;6;1;3718;;18;22;11;16;9;2;18;11;1;10;13;4;
*18SM-~~~68A;;;;;;;23.02.28;3;5;6;1;3732;;18;22;11;16;9;2;18;11;1;10;13;4;
a18RM#~~~68A;;;;;;;23.02.28;3;5;6;1;3732;;18;22;11;16;9;2;18;11;1;10;13;4;
a04EQ+K1C~~~2;;;;;;;23.02.28;3;5;6;1;3732;;18;22;11;16;9;2;18;11;1;10;13;4;
a11AQ-J4~36~P1;;r;;;;;23.02.32;3;5;6;1;3736;;18;22;11;16;9;2;18;11;1;10;13;4;
*02DQ+~~~36;;;;;;;23.02.32;3;5;6;1;3736;;18;22;11;16;9;2;18;11;1;10;13;4;
*09EH+~~F;;;;;;;23.02.32;3;5;6;1;3736;;18;22;11;16;9;2;18;11;1;10;13;4;
*11AH=G4~47CH2S;s;p;;;;;23.02.36;3;5;6;1;3740;;18;22;11;16;9;2;18;11;1;10;13;4;
a$$&H#;s;;;;;;23.02.36;3;5;6;1;3740;;18;22;11;16;9;2;18;11;1;10;13;4;
ap04:04;;;;;;;23.02.38;3;5;6;1;3744;;18;22;11;16;9;2;18;11;1;10;13;4;
az5;;;;;;;23.02.38;3;5;5;1;3740;;18;22;11;16;9;2;11;1;10;13;4;18;
a11SM+~~~57;;;;;;;23.02.54;3;5;5;1;3758;;18;22;11;16;9;2;11;1;10;13;4;18;
*11RM-~~~57~O;;;;;;;23.02.54;3;5;5;1;3758;;18;22;11;16;9;2;11;1;10;13;4;18;
*02EH+~~B~~~2;;;;;;;23.02.58;3;5;5;1;3758;;18;22;11;16;9;2;11;1;10;13;4;18;
*22AH-G2~25~H2;;r;;;;;23.02.59;3;5;5;1;3764;;18;22;11;16;9;2;11;1;10;13;4;18;
a10BH+~~~~4~~2;;;;;;;23.02.59;3;5;5;1;3764;;18;22;11;16;9;2;11;1;10;13;4;18;
a18DH/;;;;;;;23.03.04;3;5;5;1;3764;;18;22;11;16;9;2;11;1;10;13;4;18;
*20FH#;;;;;;;23.03.07;3;5;5;1;3772;;18;22;11;16;9;2;11;1;10;13;4;18;
*09ET+~~P;;;;;;;23.03.07;3;5;5;1;3772;;18;22;11;16;9;2;11;1;10;13;4;18;
*02AT#Y8~81DH1;s;s;;;;;23.03.10;3;5;5;1;3774;;18;22;11;16;9;2;11;1;10;13;4;18;
a04DT=~~~81D;s;;;;;;23.03.10;3;5;5;1;3774;;18;22;11;16;9;2;11;1;10;13;4;18;
*p05:04;;;;;;;23.03.16;3;5;5;1;3778;;18;22;11;16;9;2;11;1;10;13;4;18;
*z4;;;;;;;23.03.16;3;4;5;1;3778;;22;11;16;9;2;18;11;1;10;13;4;18;
*22SQ-~~~16C;;;;;;;23.03.34;3;4;5;1;3797;;22;11;16;9;2;18;11;1;10;13;4;18;
a18RQ+~~~16C;;;;;;;23.03.34;3;4;5;1;3797;;22;11;16;9;2;18;11;1;10;13;4;18;
a04ET+K2B~~~2;;;;;;;23.03.42;3;4;5;1;3797;;22;11;16;9;2;18;11;1;10;13;4;18;
a01AT-W2~21~H1;;r;;;;;23.03.38;3;4;5;1;3802;;22;11;16;9;2;18;11;1;10;13;4;18;
*11BT+~~~~4~~1;;;;;;;23.03.38;3;4;5;1;3802;;22;11;16;9;2;18;11;1;10;13;4;18;
*02DH+;;;;;;;23.03.40;3;4;5;1;3802;;22;11;16;9;2;18;11;1;10;13;4;18;
*20EH+~~F~~~2;;;;;;;23.03.54;3;4;5;1;3802;;22;11;16;9;2;18;11;1;10;13;4;18;
*11AH-G4~49~T2;;p;;;;;23.03.44;3;4;5;1;3807;;22;11;16;9;2;18;11;1;10;13;4;18;
a04DH+~~~49;;;;;;;23.03.44;3;4;5;1;3807;;22;11;16;9;2;18;11;1;10;13;4;18;
a12ET+~~B;;;;;;;23.03.44;3;4;5;1;3807;;22;11;16;9;2;18;11;1;10;13;4;18;
a01AT+W2~23~T1;;s;;;;;23.03.47;3;4;5;1;3811;;22;11;16;9;2;18;11;1;10;13;4;18;
*09DT-~~~23;;;;;;;23.03.47;3;4;5;1;3811;;22;11;16;9;2;18;11;1;10;13;4;18;
*20EH/~~B~~~2;;;;;;;23.03.47;3;4;5;1;3811;;22;11;16;9;2;18;11;1;10;13;4;18;
a04FH-;;;;;;;23.03.52;3;4;5;1;3814;;22;11;16;9;2;18;11;1;10;13;4;18;
a18EH-~~F~~~2;;;;;;;23.03.52;3;4;5;1;3814;;22;11;16;9;2;18;11;1;10;13;4;18;
a10AH+G4~49~P0;;s;;;;;23.03.56;3;4;5;1;3819;;22;11;16;9;2;18;11;1;10;13;4;18;
*22DH-~~~49;;;;;;;23.03.56;3;4;5;1;3819;;22;11;16;9;2;18;11;1;10;13;4;18;
*09EQ+~~C;;;;;;;23.03.56;3;4;5;1;3819;;22;11;16;9;2;18;11;1;10;13;4;18;
*16AQ=J3~3~~T1N;s;p;;;;;23.03.59;3;4;5;1;3822;;22;11;16;9;2;18;11;1;10;13;4;18;
a$$&H#;s;;;;;;23.03.59;3;4;5;1;3822;;22;11;16;9;2;18;11;1;10;13;4;18;
ap05:05;;;;;;;23.04.18;3;4;5;1;3826;;22;11;16;9;2;18;11;1;10;13;4;18;
az4;;;;;;;23.04.18;3;4;4;1;3840;;22;11;16;9;2;18;1;10;13;4;18;11;
a01SQ#~~~16;p;;;;;;23.04.28;3;4;4;1;3851;;22;11;16;9;2;18;1;10;13;4;18;11;
*02RQ=~~~16~W;p;;;;;;23.04.28;3;4;4;1;3851;;22;11;16;9;2;18;1;10;13;4;18;11;
ap05:06;;;;;;;23.04.32;3;4;4;1;3856;;22;11;16;9;2;18;1;10;13;4;18;11;
a01SQ-~~~11~~~N;;;;;;;23.05.16;3;4;4;1;3900;;22;11;16;9;2;18;1;10;13;4;18;11;
*20RQ#~~~11;;;;;;;23.05.16;3;4;4;1;3900;;22;11;16;9;2;18;1;10;13;4;18;11;
*09ET+K2B;;;;;;;23.05.16;3;4;4;1;3900;;22;11;16;9;2;18;1;10;13;4;18;11;
*22AT#Y9~91~H2;s;r;;;;;23.05.21;3;4;4;1;3904;;22;11;16;9;2;18;1;10;13;4;18;11;
a01DT=~~~91~S;s;;;;;;23.05.21;3;4;4;1;3904;;22;11;16;9;2;18;1;10;13;4;18;11;
*p06:06;;;;;;;23.05.25;3;4;4;1;3907;;22;11;16;9;2;18;1;10;13;4;18;11;
*z3;;;;;;;23.05.25;3;3;4;1;3907;;11;16;9;2;18;22;1;10;13;4;18;11;
*11SQ+~~~18;;;;;;;23.05.46;3;3;4;1;3930;;11;16;9;2;18;22;1;10;13;4;18;11;
a12RQ-~~~18;;;;;;;23.05.46;3;3;4;1;3930;;11;16;9;2;18;22;1;10;13;4;18;11;
a04EH=KE~~~~2;p;;;;;;23.05.51;3;3;4;1;3934;;11;16;9;2;18;22;1;10;13;4;18;11;
*$$&H#;p;;;;;;23.05.51;3;3;4;1;3934;;11;16;9;2;18;22;1;10;13;4;18;11;
*p07:06;;;;;;;23.05.54;3;3;4;1;3937;;11;16;9;2;18;22;1;10;13;4;18;11;
*11SQ-~~~15;;;;;;;23.06.45;3;3;4;1;3988;;11;16;9;2;18;22;1;10;13;4;18;11;
a10RQ+~~~15;;;;;;;23.06.45;3;3;4;1;3988;;11;16;9;2;18;22;1;10;13;4;18;11;
a04ET+K2B~~~2;;;;;;;23.06.45;3;3;4;1;3988;;11;16;9;2;18;22;1;10;13;4;18;11;
a01AT#Y9~91~H2;s;r;;;;;23.06.50;3;3;4;1;3994;;11;16;9;2;18;22;1;10;13;4;18;11;
*22DT=~~~91;s;;;;;;23.06.50;3;3;4;1;3994;;11;16;9;2;18;22;1;10;13;4;18;11;
*16BT-~~~~4;;;;;;;23.06.55;3;3;4;1;3994;;11;16;9;2;18;22;1;10;13;4;18;11;
ap07:07;;;;;;;23.06.59;3;3;4;1;3998;;11;16;9;2;18;22;1;10;13;4;18;11;
az3;;;;;;;23.06.59;3;3;3;1;4001;;11;16;9;2;18;22;10;13;4;18;11;1;
a10SQ-~~~16;;;;;;;23.07.12;3;3;3;1;4015;;11;16;9;2;18;22;10;13;4;18;11;1;
*20RQ#~~~16;;;;;;;23.07.12;3;3;3;1;4015;;11;16;9;2;18;22;10;13;4;18;11;1;
*09EQ+K1C;;;;;;;23.07.12;3;3;3;1;4015;;11;16;9;2;18;22;10;13;4;18;11;1;
*16AQ/J4~31~H1;p;r;;;;;23.07.16;3;3;3;1;4019;;11;16;9;2;18;22;10;13;4;18;11;1;
a13BQ#~~~~3~~1;p;;;;;;23.07.16;3;3;3;1;4019;;11;16;9;2;18;22;10;13;4;18;11;1;
ap07:08;;;;;;;23.07.19;3;3;3;1;4023;;11;16;9;2;18;22;10;13;4;18;11;1;
*c16:01;;;;;;;23.07.19;3;3;3;1;4021;;11;1;9;2;18;22;10;13;4;18;11;1;
a10SQ#~~~19A;p;;;;;;23.07.44;3;3;3;1;4047;;11;1;9;2;18;22;10;13;4;18;11;1;
*01RQ=~~~19AM;p;;;;;;23.07.44;3;3;3;1;4047;;11;1;9;2;18;22;10;13;4;18;11;1;
ap07:09;;;;;;;23.07.48;3;3;3;1;4052;;11;1;9;2;18;22;10;13;4;18;11;1;
a10SQ-~~~16A;;;;;;;23.08.06;3;3;3;1;4069;;11;1;9;2;18;22;10;13;4;18;11;1;
*20RQ#~~~16A;;;;;;;23.08.06;3;3;3;1;4069;;11;1;9;2;18;22;10;13;4;18;11;1;
*09ET+K2F;;;;;;;23.08.06;3;3;3;1;4069;;11;1;9;2;18;22;10;13;4;18;11;1;
*02AT/W4~45~H2;p;r;;;;;23.08.10;3;3;3;1;4074;;11;1;9;2;18;22;10;13;4;18;11;1;
a04BT#~~~~2~~2;p;;;;;;23.08.10;3;3;3;1;4074;;11;1;9;2;18;22;10;13;4;18;11;1;
ap07:10;;;;;;;23.08.20;3;3;3;1;4078;;11;1;9;2;18;22;10;13;4;18;11;1;
*c01:16;;;;;;;23.08.20;3;3;3;1;4082;;11;16;9;2;18;22;10;13;4;18;11;1;
a10SQ-~~~19;;;;;;;23.08.43;3;3;3;1;4106;;11;16;9;2;18;22;10;13;4;18;11;1;
*11RQ+~~~19~~~~32;;;;;;;23.08.43;3;3;3;1;4106;;11;16;9;2;18;22;10;13;4;18;11;1;
*09ET+K1F;;;;;;;23.08.43;3;3;3;1;4106;;11;16;9;2;18;22;10;13;4;18;11;1;
*02AT=W4~44~H2S;p;r;;;;;23.08.47;3;3;3;1;4111;;11;16;9;2;18;22;10;13;4;18;11;1;
a$$&H#;p;;;;;;23.08.47;3;3;3;1;4111;;11;16;9;2;18;22;10;13;4;18;11;1;
ap07:11;;;;;;;23.08.51;3;3;3;1;4115;;11;16;9;2;18;22;10;13;4;18;11;1;
*c02:19;;;;;;;23.08.51;3;3;3;1;4113;;11;16;9;19;18;22;10;13;4;18;11;1;
a10SQ-~~~16;;;;;;;23.09.11;3;3;3;1;4134;;11;16;9;19;18;22;10;13;4;18;11;1;
*20RQ+~~~16~~~~32;;;;;;;23.09.11;3;3;3;1;4134;;11;16;9;19;18;22;10;13;4;18;11;1;
*09ET+K2F;;;;;;;23.09.11;3;3;3;1;4134;;11;16;9;19;18;22;10;13;4;18;11;1;
*19AT#W4~44~H2;s;r;;;;;23.09.16;3;3;3;1;4139;;11;16;9;19;18;22;10;13;4;18;11;1;
a18DT=~~~44;s;;;;;;23.09.16;3;3;3;1;4139;;11;16;9;19;18;22;10;13;4;18;11;1;
*p08:11;;;;;;;23.09.19;3;3;3;1;4143;;11;16;9;19;18;22;10;13;4;18;11;1;
*z2;;;;;;;23.09.19;3;2;3;1;4141;;16;9;19;18;22;11;10;13;4;18;11;1;
*16SQ-~~~15~~~N;;;;;;;23.09.38;3;2;3;1;4162;;16;9;19;18;22;11;10;13;4;18;11;1;
a18RQ+~~~15;;;;;;;23.09.38;3;2;3;1;4162;;16;9;19;18;22;11;10;13;4;18;11;1;
a04ET+K3F~~~2;;;;;;;23.09.38;3;2;3;1;4162;;16;9;19;18;22;11;10;13;4;18;11;1;
a18AT/W4~45~H2;p;r;;;;;23.09.44;3;2;3;1;4166;;16;9;19;18;22;11;10;13;4;18;11;1;
*18BT#~~~~2~~2;p;;;;;;23.09.44;3;2;3;1;4166;;16;9;19;18;22;11;10;13;4;18;11;1;
*p09:11;;;;;;;23.09.47;3;2;3;1;4170;;16;9;19;18;22;11;10;13;4;18;11;1;
*16SQ-~~~16C;;;;;;;23.10.02;3;2;3;1;4186;;16;9;19;18;22;11;10;13;4;18;11;1;
a12RQ+~~~16C;;;;;;;23.10.02;3;2;3;1;4186;;16;9;19;18;22;11;10;13;4;18;11;1;
a04EQ+K3C~~~2;;;;;;;23.10.09;3;2;3;1;4186;;16;9;19;18;22;11;10;13;4;18;11;1;
a13AQ+J3~36AH1;;r;;;;;23.10.07;3;2;3;1;4190;;16;9;19;18;22;11;10;13;4;18;11;1;
*11DQ-~~~36A;;;;;;;23.10.07;3;2;3;1;4190;;16;9;19;18;22;11;10;13;4;18;11;1;
*18EH+~~F~~~2;;;;;;;23.10.07;3;2;3;1;4190;;16;9;19;18;22;11;10;13;4;18;11;1;
*19AH=G4~45DH2O;s;p;;;;;23.10.11;3;2;3;1;4194;;16;9;19;18;22;11;10;13;4;18;11;1;
a$$&H#;s;;;;;;23.10.11;3;2;3;1;4194;;16;9;19;18;22;11;10;13;4;18;11;1;
ap09:12;;;;;;;23.10.14;3;2;3;1;4198;;16;9;19;18;22;11;10;13;4;18;11;1;
az2;;;;;;;23.10.14;3;2;2;1;4196;;16;9;19;18;22;11;13;4;18;11;1;10;
a13SM-~~~57;;;;;;;23.10.33;3;2;2;1;4217;;16;9;19;18;22;11;13;4;18;11;1;10;
*11RM+~~~57~~~~32;;;;;;;23.10.33;3;2;2;1;4217;;16;9;19;18;22;11;13;4;18;11;1;10;
*09EQ+K2C;;;;;;;23.10.33;3;2;2;1;4217;;16;9;19;18;22;11;13;4;18;11;1;10;
*18AQ#J2~36AH1;s;r;;;;;23.10.38;3;2;2;1;4221;;16;9;19;18;22;11;13;4;18;11;1;10;
a11BQ=~~~~3~~1;s;;;;;;23.10.38;3;2;2;1;4221;;16;9;19;18;22;11;13;4;18;11;1;10;
*p10:12;;;;;;;23.10.47;3;2;2;1;4225;;16;9;19;18;22;11;13;4;18;11;1;10;
*z1;;;;;;;23.10.47;3;1;2;1;4229;;9;19;18;22;11;16;13;4;18;11;1;10;
*09SM-~~~67;;;;;;;23.10.55;3;1;2;1;4240;;9;19;18;22;11;16;13;4;18;11;1;10;
a10RM#~~~67;;;;;;;23.10.55;3;1;2;1;4240;;9;19;18;22;11;16;13;4;18;11;1;10;
a04ET+K1F~~~2;;;;;;;23.10.55;3;1;2;1;4240;;9;19;18;22;11;16;13;4;18;11;1;10;
a18AT#W4~47~H1;s;r;;;;;23.11.01;3;1;2;1;4244;;9;19;18;22;11;16;13;4;18;11;1;10;
*22BT=~~~~2~~1;s;;;;;;23.11.01;3;1;2;1;4244;;9;19;18;22;11;16;13;4;18;11;1;10;
ap10:13;;;;;;;23.11.09;3;1;2;1;4248;;9;19;18;22;11;16;13;4;18;11;1;10;
az1;;;;;;;23.11.09;3;1;1;1;4251;;9;19;18;22;11;16;4;18;11;1;10;13;
a04SQ=~~~5~~~~N;s;;;;;;23.11.21;3;1;1;1;4265;;9;19;18;22;11;16;4;18;11;1;10;13;
*$$&H#;s;;;;;;23.11.21;3;1;1;1;4265;;9;19;18;22;11;16;4;18;11;1;10;13;
*p11:13;;;;;;;23.11.24;3;1;1;1;4268;;9;19;18;22;11;16;4;18;11;1;10;13;
*z6;;;;;;;23.11.24;3;6;1;1;4266;;19;18;22;11;16;9;4;18;11;1;10;13;
*19SQ+~~~56D;;;;;;;23.11.39;3;6;1;1;4283;;19;18;22;11;16;9;4;18;11;1;10;13;
a12RQ-~~~56D;;;;;;;23.11.39;3;6;1;1;4283;;19;18;22;11;16;9;4;18;11;1;10;13;
a04ET+KEB~~~2;;;;;;;23.11.39;3;6;1;1;4283;;19;18;22;11;16;9;4;18;11;1;10;13;
a18AT-W2~27DP2;;r;;;;;23.11.45;3;6;1;1;4289;;19;18;22;11;16;9;4;18;11;1;10;13;
*20DT+~~~27D;;;;;;;23.11.45;3;6;1;1;4289;;19;18;22;11;16;9;4;18;11;1;10;13;
*09ET+~~B;;;;;;;23.11.45;3;6;1;1;4289;;19;18;22;11;16;9;4;18;11;1;10;13;
*22AT-W2~21~H2;;p;;;;;23.11.48;3;6;1;1;4293;;19;18;22;11;16;9;4;18;11;1;10;13;
a11BT+~~~~4~~2;;;;;;;23.11.48;3;6;1;1;4293;;19;18;22;11;16;9;4;18;11;1;10;13;
*22DH+;;;;;;;23.11.50;3;6;1;1;4293;;19;18;22;11;16;9;4;18;11;1;10;13;
*09EH/~~~~~~2;;;;;;;23.11.50;3;6;1;1;4293;;19;18;22;11;16;9;4;18;11;1;10;13;
a10FH/;;;;;;;23.11.55;3;6;1;1;4296;;19;18;22;11;16;9;4;18;11;1;10;13;
*11AO#V3~3~~H0;p;p;;;;;23.11.56;3;6;1;1;4299;;19;18;22;11;16;9;4;18;11;1;10;13;
a11DO=~~~3;p;;;;;;23.11.56;3;6;1;1;4299;;19;18;22;11;16;9;4;18;11;1;10;13;
*p12:13;;;;;;;23.12.03;3;6;1;1;4303;;19;18;22;11;16;9;4;18;11;1;10;13;
*19SQ-~~~56C;;;;;;;23.12.16;3;6;1;1;4319;;19;18;22;11;16;9;4;18;11;1;10;13;
a10RQ+~~~56C;;;;;;;23.12.16;3;6;1;1;4319;;19;18;22;11;16;9;4;18;11;1;10;13;
a04ET+K2F;;;;;;;23.12.23;3;6;1;1;4319;;19;18;22;11;16;9;4;18;11;1;10;13;
a01AT-W4~45AH1;;r;;;;;23.12.21;3;6;1;1;4324;;19;18;22;11;16;9;4;18;11;1;10;13;
*20DT+~~~45A;;;;;;;23.12.21;3;6;1;1;4324;;19;18;22;11;16;9;4;18;11;1;10;13;
*19EH+~~F~~~2;;;;;;;23.12.21;3;6;1;1;4324;;19;18;22;11;16;9;4;18;11;1;10;13;
*11AH-G4~46AT2;;p;;;;;23.12.25;3;6;1;1;4328;;19;18;22;11;16;9;4;18;11;1;10;13;
a10DH+~~~46A;;;;;;;23.12.25;3;6;1;1;4328;;19;18;22;11;16;9;4;18;11;1;10;13;
a04ET+~~F;;;;;;;23.12.25;3;6;1;1;4328;;19;18;22;11;16;9;4;18;11;1;10;13;
a01AT#W4~42~P1S;s;s;;;;;23.12.28;3;6;1;1;4332;;19;18;22;11;16;9;4;18;11;1;10;13;
*22BT=~~~~2~~1;s;;;;;;23.12.28;3;6;1;1;4332;;19;18;22;11;16;9;4;18;11;1;10;13;
ap12:14;;;;;;;23.12.35;3;6;1;1;4336;;19;18;22;11;16;9;4;18;11;1;10;13;
az6;;;;;;;23.12.35;3;6;6;1;4337;;19;18;22;11;16;9;18;11;1;10;13;4;
a18SQ!~~~15;;;;;;;23.12.55;3;6;6;1;4359;;19;18;22;11;16;9;18;11;1;10;13;4;
*11RQ!~~~15~~~~32;;;;;;;23.12.55;3;6;6;1;4359;;19;18;22;11;16;9;18;11;1;10;13;4;
*09EQ+K9C;;;;;;;23.12.55;3;6;6;1;4359;;19;18;22;11;16;9;18;11;1;10;13;4;
*18AQ#J2~35AH2;s;r;;;;;23.13.00;3;6;6;1;4363;;19;18;22;11;16;9;18;11;1;10;13;4;
a04DQ=~~~35A;s;;;;;;23.13.00;3;6;6;1;4363;;19;18;22;11;16;9;18;11;1;10;13;4;
*p13:14;;;;;;;23.13.04;3;6;6;1;4367;;19;18;22;11;16;9;18;11;1;10;13;4;
*z5;;;;;;;23.13.04;3;5;6;1;4366;;18;22;11;16;9;19;18;11;1;10;13;4;
*18SM-~~~68;;;;;;;23.13.18;3;5;6;1;4382;;18;22;11;16;9;19;18;11;1;10;13;4;
a12RM#~~~68;;;;;;;23.13.18;3;5;6;1;4382;;18;22;11;16;9;19;18;11;1;10;13;4;
a04EQ+K1C;;;;;;;23.13.27;3;5;6;1;4382;;18;22;11;16;9;19;18;11;1;10;13;4;
a11AQ+J4~35~H1;;r;;;;;23.13.22;3;5;6;1;4386;;18;22;11;16;9;19;18;11;1;10;13;4;
*16BQ-~~~~3~~1;;;;;;;23.13.22;3;5;6;1;4386;;18;22;11;16;9;19;18;11;1;10;13;4;
a04DH+;;;;;;;23.13.24;3;5;6;1;4386;;18;22;11;16;9;19;18;11;1;10;13;4;
a18ET+~~B;;;;;;;23.13.24;3;5;6;1;4386;;18;22;11;16;9;19;18;11;1;10;13;4;
a01AT-W2~21DH1;;s;;;;;23.13.25;3;5;6;1;4389;;18;22;11;16;9;19;18;11;1;10;13;4;
*19DT+~~~21D;;;;;;;23.13.25;3;5;6;1;4389;;18;22;11;16;9;19;18;11;1;10;13;4;
*18EH+~~F~~~2;;;;;;;23.13.25;3;5;6;1;4389;;18;22;11;16;9;19;18;11;1;10;13;4;
*11AH-G4~42~P2;;p;;;;;23.13.28;3;5;6;1;4392;;18;22;11;16;9;19;18;11;1;10;13;4;
a11BH+~~~~2~~2;;;;;;;23.13.28;3;5;6;1;4392;;18;22;11;16;9;19;18;11;1;10;13;4;
a18DH+;;;;;;;23.13.30;3;5;6;1;4392;;18;22;11;16;9;19;18;11;1;10;13;4;
a04ET+~~F;;;;;;;23.13.30;3;5;6;1;4392;;18;22;11;16;9;19;18;11;1;10;13;4;
a10AT#W4~41~H1;s;s;;;;;23.13.32;3;5;6;1;4396;;18;22;11;16;9;19;18;11;1;10;13;4;
*22BT=~~~~2~~1;s;;;;;;23.13.32;3;5;6;1;4396;;18;22;11;16;9;19;18;11;1;10;13;4;
ap13:15;;;;;;;23.13.34;3;5;6;1;4400;;18;22;11;16;9;19;18;11;1;10;13;4;
az5;;;;;;;23.13.34;3;5;5;1;4396;;18;22;11;16;9;19;11;1;10;13;4;18;
a11SM-~~~57;;;;;;;23.13.53;3;5;5;1;4416;;18;22;11;16;9;19;11;1;10;13;4;18;
*11RM+~~~57~O~~32;;;;;;;23.13.53;3;5;5;1;4416;;18;22;11;16;9;19;11;1;10;13;4;18;
*09ET+K2B;;;;;;;23.13.53;3;5;5;1;4416;;18;22;11;16;9;19;11;1;10;13;4;18;
*22AT+W2~26AH2;;r;;;;;23.13.57;3;5;5;1;4420;;18;22;11;16;9;19;11;1;10;13;4;18;
a18DT-~~~26A;;;;;;;23.13.57;3;5;5;1;4420;;18;22;11;16;9;19;11;1;10;13;4;18;
a04EH+~~B;;;;;;;23.13.57;3;5;5;1;4420;;18;22;11;16;9;19;11;1;10;13;4;18;
a01AH#G2~21~H1;p;p;;;;;23.14.00;3;5;5;1;4424;;18;22;11;16;9;19;11;1;10;13;4;18;
*11BH=~~~~4~~1;p;;;;;;23.14.00;3;5;5;1;4424;;18;22;11;16;9;19;11;1;10;13;4;18;
ap13:16;;;;;;;23.14.03;3;5;5;1;4428;;18;22;11;16;9;19;11;1;10;13;4;18;
*T;;;;;;;23.14.03;3;5;5;1;4425;;18;22;11;16;9;19;11;1;10;13;4;18;
a11SM-~~~57;;;;;;;23.15.25;3;5;5;1;4509;;18;22;11;16;9;19;11;1;10;13;4;18;
*19RM+~~~57~~~~21;;;;;;;23.15.25;3;5;5;1;4509;;18;22;11;16;9;19;11;1;10;13;4;18;
*09ET+K2F;;;;;;;23.15.25;3;5;5;1;4509;;18;22;11;16;9;19;11;1;10;13;4;18;
*11AT#W4~47~H2;s;r;;;;;23.15.30;3;5;5;1;4514;;18;22;11;16;9;19;11;1;10;13;4;18;
a13BT=~~~~2~~2;s;;;;;;23.15.30;3;5;5;1;4514;;18;22;11;16;9;19;11;1;10;13;4;18;
*p14:16;;;;;;;23.15.32;3;5;5;1;4518;;18;22;11;16;9;19;11;1;10;13;4;18;
*z4;;;;;;;23.15.32;3;4;5;1;4514;;22;11;16;9;19;18;11;1;10;13;4;18;
*c09:07;;;;;;;23.15.32;3;4;5;1;4514;;22;11;16;7;19;18;11;1;10;13;4;18;
*P22;;;;;;;23.15.32;3;4;5;1;4514;;22;11;16;7;19;18;11;1;10;13;4;18;
*z1;;;;;;;23.15.32;3;1;5;1;4514;;22;11;16;7;19;18;11;1;10;13;4;18;
*22SQ!~~~16;;;;;;;23.16.06;3;1;5;1;4549;;22;11;16;7;19;18;11;1;10;13;4;18;
a18RQ!~~~16;;;;;;;23.16.06;3;1;5;1;4549;;22;11;16;7;19;18;11;1;10;13;4;18;
a04EQ+KFC~~~2;;;;;;;23.16.14;3;1;5;1;4549;;22;11;16;7;19;18;11;1;10;13;4;18;
a13AQ-J3~35~H1;;r;;;;;23.16.10;3;1;5;1;4553;;22;11;16;7;19;18;11;1;10;13;4;18;
*16DQ+~~~35;;;;;;;23.16.10;3;1;5;1;4553;;22;11;16;7;19;18;11;1;10;13;4;18;
*11DH+;;;;;;;23.16.12;3;1;5;1;4553;;22;11;16;7;19;18;11;1;10;13;4;18;
*19EH=~~~~~~2;s;;;;;;23.16.12;3;1;5;1;4556;;22;11;16;7;19;18;11;1;10;13;4;18;
a$$&H#;s;;;;;;23.16.12;3;1;5;1;4556;;22;11;16;7;19;18;11;1;10;13;4;18;
ap14:17;;;;;;;23.16.25;3;1;5;1;4560;;22;11;16;7;19;18;11;1;10;13;4;18;
az4;;;;;;;23.16.25;3;1;4;1;4567;;22;11;16;7;19;18;1;10;13;4;18;11;
*c22:06;;;;;;;23.16.25;3;1;4;1;4567;;6;11;16;7;19;18;1;10;13;4;18;11;
*P6;;;;;;;23.16.25;3;1;4;1;4567;;6;11;16;7;19;18;1;10;13;4;18;11;
*z1;;;;;;;23.16.25;3;1;4;1;4567;;6;11;16;7;19;18;1;10;13;4;18;11;
a01SQ+~~~61;;;;;;;23.16.48;3;1;4;1;4592;;6;11;16;7;19;18;1;10;13;4;18;11;
*11RQ-~~~61;;;;;;;23.16.48;3;1;4;1;4592;;6;11;16;7;19;18;1;10;13;4;18;11;
*16EH+~~B~~~2;;;;;;;23.16.52;3;1;4;1;4592;;6;11;16;7;19;18;1;10;13;4;18;11;
*11AH-G2~21~H2;;r;;;;;23.16.53;3;1;4;1;4596;;6;11;16;7;19;18;1;10;13;4;18;11;
a13BH+~~~~4~~2;;;;;;;23.16.53;3;1;4;1;4596;;6;11;16;7;19;18;1;10;13;4;18;11;
a01DH+;;;;;;;23.16.54;3;1;4;1;4596;;6;11;16;7;19;18;1;10;13;4;18;11;
a04ET+~~B;;;;;;;23.16.54;3;1;4;1;4596;;6;11;16;7;19;18;1;10;13;4;18;11;
a01AT#Y9~95AH1;p;p;;;;;23.16.56;3;1;4;1;4600;;6;11;16;7;19;18;1;10;13;4;18;11;
*20DT=~~~95A;p;;;;;;23.16.56;3;1;4;1;4600;;6;11;16;7;19;18;1;10;13;4;18;11;
ap14:18;;;;;;;23.16.59;3;1;4;1;4604;;6;11;16;7;19;18;1;10;13;4;18;11;
ac10:07;;;;;;;23.16.59;3;1;4;1;4601;;6;11;16;7;19;18;1;7;13;4;18;11;
a01SQ/~~~65A;;;;;;;23.17.37;3;1;4;1;4640;;6;11;16;7;19;18;1;7;13;4;18;11;
*19RQ/~~~65A;;;;;;;23.17.37;3;1;4;1;4640;;6;11;16;7;19;18;1;7;13;4;18;11;
*06EH/~~~~~~2;;;;;;;23.17.37;3;1;4;1;4640;;6;11;16;7;19;18;1;7;13;4;18;11;
a18FH+;;;;;;;23.17.45;3;1;4;1;4643;;6;11;16;7;19;18;1;7;13;4;18;11;
a04EQ+~~C;;;;;;;23.17.45;3;1;4;1;4643;;6;11;16;7;19;18;1;7;13;4;18;11;
a13AQ#J4~39DH1;p;p;;;;;23.17.46;3;1;4;1;4649;;6;11;16;7;19;18;1;7;13;4;18;11;
*06DQ=~~~39D;p;;;;;;23.17.46;3;1;4;1;4649;;6;11;16;7;19;18;1;7;13;4;18;11;
ap14:19;;;;;;;23.17.50;3;1;4;1;4653;;6;11;16;7;19;18;1;7;13;4;18;11;
*T;;;;;;;23.17.50;3;1;4;1;4652;;6;11;16;7;19;18;1;7;13;4;18;11;
a01SQ-~~~16A;;;;;;;23.19.13;3;1;4;1;4737;;6;11;16;7;19;18;1;7;13;4;18;11;
*20RQ+~~~16A~~~41;;;;;;;23.19.13;3;1;4;1;4737;;6;11;16;7;19;18;1;7;13;4;18;11;
*06EQ+K1C;;;;;;;23.19.13;3;1;4;1;4737;;6;11;16;7;19;18;1;7;13;4;18;11;
*16AQ=J1~3~~P1N;p;r;;;;;23.19.19;3;1;4;1;4741;;6;11;16;7;19;18;1;7;13;4;18;11;
a$$&H#;p;;;;;;23.19.19;3;1;4;1;4741;;6;11;16;7;19;18;1;7;13;4;18;11;
ap14:20;;;;;;;23.19.21;3;1;4;1;4746;;6;11;16;7;19;18;1;7;13;4;18;11;
a01SQ+~~~15;;;;;;;23.19.43;3;1;4;1;4767;;6;11;16;7;19;18;1;7;13;4;18;11;
*19RQ-~~~15;;;;;;;23.19.43;3;1;4;1;4767;;6;11;16;7;19;18;1;7;13;4;18;11;
*06EH+~~B;;;;;;;23.19.43;3;1;4;1;4767;;6;11;16;7;19;18;1;7;13;4;18;11;
*11AH#G2~21DH2;s;r;;;;;23.19.48;3;1;4;1;4773;;6;11;16;7;19;18;1;7;13;4;18;11;
a01DH=~~~21D;s;;;;;;23.19.48;3;1;4;1;4773;;6;11;16;7;19;18;1;7;13;4;18;11;
*p15:20;;;;;;;23.19.52;3;1;4;1;4778;;6;11;16;7;19;18;1;7;13;4;18;11;
*z6;;;;;;;23.19.52;3;6;4;1;4774;;11;16;7;19;18;6;1;7;13;4;18;11;
*11SQ-~~~16A;;;;;;;23.20.10;3;6;4;1;4794;;11;16;7;19;18;6;1;7;13;4;18;11;
a12RQ+~~~16A;;;;;;;23.20.10;3;6;4;1;4794;;11;16;7;19;18;6;1;7;13;4;18;11;
a04EQ+K1C~~~2;;;;;;;23.20.10;3;6;4;1;4794;;11;16;7;19;18;6;1;7;13;4;18;11;
a13AQ-J1~35~H2;;r;;;;;23.20.15;3;6;4;1;4798;;11;16;7;19;18;6;1;7;13;4;18;11;
*16BQ+~~~~3~~2;;;;;;;23.20.15;3;6;4;1;4798;;11;16;7;19;18;6;1;7;13;4;18;11;
*20DH+;;;;;;;23.20.16;3;6;4;1;4798;;11;16;7;19;18;6;1;7;13;4;18;11;
*06ET+~~P;;;;;;;23.20.16;3;6;4;1;4798;;11;16;7;19;18;6;1;7;13;4;18;11;
*11AT#Y8~86AH1;p;p;;;;;23.20.18;3;6;4;1;4802;;11;16;7;19;18;6;1;7;13;4;18;11;
a01DT=~~~86A;p;;;;;;23.20.18;3;6;4;1;4802;;11;16;7;19;18;6;1;7;13;4;18;11;
*p16:20;;;;;;;23.20.22;3;6;4;1;4806;;11;16;7;19;18;6;1;7;13;4;18;11;
aT;;;;;;;23.20.22;3;6;4;1;4804;;11;16;7;19;18;6;1;7;13;4;18;11;
*11SQ=~~~1~~~~N;s;;;;;;23.21.36;3;6;4;1;4879;;11;16;7;19;18;6;1;7;13;4;18;11;
a$$&H#;s;;;;;;23.21.36;3;6;4;1;4879;;11;16;7;19;18;6;1;7;13;4;18;11;
ap16:21;;;;;;;23.21.39;3;6;4;1;4883;;11;16;7;19;18;6;1;7;13;4;18;11;
az3;;;;;;;23.21.39;3;6;3;1;4881;;11;16;7;19;18;6;7;13;4;18;11;1;
ac07:10;;;;;;;23.21.39;3;6;3;1;4881;;11;16;7;19;18;6;10;13;4;18;11;1;
a10SQ-~~~16A;;;;;;;23.21.59;3;6;3;1;4903;;11;16;7;19;18;6;10;13;4;18;11;1;
*20RQ#~~~16A;;;;;;;23.21.59;3;6;3;1;4903;;11;16;7;19;18;6;10;13;4;18;11;1;
*06ET+K3B;;;;;;;23.21.59;3;6;3;1;4903;;11;16;7;19;18;6;10;13;4;18;11;1;
*07AT#W2~21~H2;s;r;;;;;23.22.05;3;6;3;1;4908;;11;16;7;19;18;6;10;13;4;18;11;1;
a13BT=~~~~4~~2;s;;;;;;23.22.05;3;6;3;1;4908;;11;16;7;19;18;6;10;13;4;18;11;1;
*p17:21;;;;;;;23.22.09;3;6;3;1;4912;;11;16;7;19;18;6;10;13;4;18;11;1;
*z5;;;;;;;23.22.10;3;5;3;1;4912;;16;7;19;18;6;11;10;13;4;18;11;1;
*16SQ#~~~16A;p;;;;;;23.22.23;3;5;3;1;4926;;16;7;19;18;6;11;10;13;4;18;11;1;
a12RQ=~~~16A;p;;;;;;23.22.23;3;5;3;1;4926;;16;7;19;18;6;11;10;13;4;18;11;1;
*p18:21;;;;;;;23.22.28;3;5;3;1;4931;;16;7;19;18;6;11;10;13;4;18;11;1;
*16SQ-~~~16;;;;;;;23.22.46;3;5;3;1;4950;;16;7;19;18;6;11;10;13;4;18;11;1;
a12RQ+~~~16;;;;;;;23.22.46;3;5;3;1;4950;;16;7;19;18;6;11;10;13;4;18;11;1;
a04ET+K1B~~~2;;;;;;;23.22.46;3;5;3;1;4950;;16;7;19;18;6;11;10;13;4;18;11;1;
a01AT#Y9~91~H2;s;r;;;;;23.22.51;3;5;3;1;4955;;16;7;19;18;6;11;10;13;4;18;11;1;
*06DT=~~~91;s;;;;;;23.22.51;3;5;3;1;4955;;16;7;19;18;6;11;10;13;4;18;11;1;
ap18:22;;;;;;;23.22.56;3;5;3;1;4959;;16;7;19;18;6;11;10;13;4;18;11;1;
az2;;;;;;;23.22.56;3;5;2;1;4958;;16;7;19;18;6;11;13;4;18;11;1;10;
ac13:09;;;;;;;23.22.56;3;5;2;1;4958;;16;7;19;18;6;11;9;4;18;11;1;10;
a09SM-~~~11C;;;;;;;23.23.24;3;5;2;1;4988;;16;7;19;18;6;11;9;4;18;11;1;10;
*20RM#~~~11C;;;;;;;23.23.24;3;5;2;1;4988;;16;7;19;18;6;11;9;4;18;11;1;10;
*06ET+K1P;;;;;;;23.23.24;3;5;2;1;4988;;16;7;19;18;6;11;9;4;18;11;1;10;
*11AT#Y8~86~H2;s;r;;;;;23.23.29;3;5;2;1;4992;;16;7;19;18;6;11;9;4;18;11;1;10;
a11BT=~~~~3~~2;s;;;;;;23.23.29;3;5;2;1;4992;;16;7;19;18;6;11;9;4;18;11;1;10;
*p19:22;;;;;;;23.23.32;3;5;2;1;4996;;16;7;19;18;6;11;9;4;18;11;1;10;
*z4;;;;;;;23.23.32;3;4;2;1;4994;;7;19;18;6;11;16;9;4;18;11;1;10;
ac09:13;;;;;;;23.23.32;3;4;2;1;4994;;7;19;18;6;11;16;13;4;18;11;1;10;
*07SQ!~~~16;;;;;;;23.23.53;3;4;2;1;5016;;7;19;18;6;11;16;13;4;18;11;1;10;
a10RQ!~~~16;;;;;;;23.23.53;3;4;2;1;5016;;7;19;18;6;11;16;13;4;18;11;1;10;
a04ET+KBF~~~2;;;;;;;23.23.53;3;4;2;1;5016;;7;19;18;6;11;16;13;4;18;11;1;10;
a18AT#W4~47~H2;s;r;;;;;23.23.58;3;4;2;1;5020;;7;19;18;6;11;16;13;4;18;11;1;10;
*19DT=~~~47;s;;;;;;23.23.58;3;4;2;1;5020;;7;19;18;6;11;16;13;4;18;11;1;10;
ap19:23;;;;;;;23.24.09;3;4;2;1;5024;;7;19;18;6;11;16;13;4;18;11;1;10;
az1;;;;;;;23.24.09;3;4;1;1;5031;;7;19;18;6;11;16;4;18;11;1;10;13;
a04SQ+~~~51C;;;;;;;23.24.18;3;4;1;1;5042;;7;19;18;6;11;16;4;18;11;1;10;13;
*20RQ-~~~51C;;;;;;;23.24.18;3;4;1;1;5042;;7;19;18;6;11;16;4;18;11;1;10;13;
*06ET+K8F;;;;;;;23.24.18;3;4;1;1;5042;;7;19;18;6;11;16;4;18;11;1;10;13;
*19AT+W4~45AH2;;r;;;;;23.24.24;3;4;1;1;5047;;7;19;18;6;11;16;4;18;11;1;10;13;
a10DT-~~~45A;;;;;;;23.24.24;3;4;1;1;5047;;7;19;18;6;11;16;4;18;11;1;10;13;
a04EH-~~P;;;;;;;23.24.24;3;4;1;1;5047;;7;19;18;6;11;16;4;18;11;1;10;13;
a10AH-G8~85~H0;;p;;;;;23.24.28;3;4;1;1;5051;;7;19;18;6;11;16;4;18;11;1;10;13;
*11DH+~~~85;;;;;;;23.24.28;3;4;1;1;5051;;7;19;18;6;11;16;4;18;11;1;10;13;
*06EQ+~~C;;;;;;;23.24.28;3;4;1;1;5051;;7;19;18;6;11;16;4;18;11;1;10;13;
*18AQ-J1~34~T1;;s;;;;;23.24.31;3;4;1;1;5055;;7;19;18;6;11;16;4;18;11;1;10;13;
a15DQ+~~~34;;;;;;;23.24.31;3;4;1;1;5055;;7;19;18;6;11;16;4;18;11;1;10;13;
a04EH+~~P;;;;;;;23.24.31;3;4;1;1;5055;;7;19;18;6;11;16;4;18;11;1;10;13;
a10AH#G8~81CH0;p;p;;;;;23.24.35;3;4;1;1;5058;;7;19;18;6;11;16;4;18;11;1;10;13;
*11DH=~~~81C;p;;;;;;23.24.35;3;4;1;1;5058;;7;19;18;6;11;16;4;18;11;1;10;13;
ap19:24;;;;;;;23.24.39;3;4;1;1;5062;;7;19;18;6;11;16;4;18;11;1;10;13;
a04SQ+~~~56C;;;;;;;23.25.05;3;4;1;1;5089;;7;19;18;6;11;16;4;18;11;1;10;13;
*11RQ-~~~56C;;;;;;;23.25.05;3;4;1;1;5089;;7;19;18;6;11;16;4;18;11;1;10;13;
*06EH+~~B;;;;;;;23.25.05;3;4;1;1;5089;;7;19;18;6;11;16;4;18;11;1;10;13;
*07AH#G9~91~H2;s;r;;;;;23.25.10;3;4;1;1;5095;;7;19;18;6;11;16;4;18;11;1;10;13;
a04DH=~~~91~S;s;;;;;;23.25.10;3;4;1;1;5095;;7;19;18;6;11;16;4;18;11;1;10;13;
*p20:24;;;;;;;23.25.47;3;4;1;1;5097;;7;19;18;6;11;16;4;18;11;1;10;13;
*z3;;;;;;;23.25.47;3;3;1;1;5129;;19;18;6;11;16;7;4;18;11;1;10;13;
*19SQ+~~~55B~~N;;;;;;;23.26.09;3;3;1;1;5172;;19;18;6;11;16;7;4;18;11;1;10;13;
a10RQ-~~~55B;;;;;;;23.26.09;3;3;1;1;5172;;19;18;6;11;16;7;4;18;11;1;10;13;
a04ET+KEF;;;;;;;23.26.21;3;3;1;1;5172;;19;18;6;11;16;7;4;18;11;1;10;13;
a01AT+W4~41~H2;;r;;;;;23.26.15;3;3;1;1;5177;;19;18;6;11;16;7;4;18;11;1;10;13;
*11BT-~~~~2~~2;;;;;;;23.26.15;3;3;1;1;5177;;19;18;6;11;16;7;4;18;11;1;10;13;
a12DH+;;;;;;;23.26.17;3;3;1;1;5177;;19;18;6;11;16;7;4;18;11;1;10;13;
a18EH+~~F;;;;;;;23.26.17;3;3;1;1;5177;;19;18;6;11;16;7;4;18;11;1;10;13;
a01AH-G4~42~T2;;s;;;;;23.26.18;3;3;1;1;5181;;19;18;6;11;16;7;4;18;11;1;10;13;
*06DH+~~~42;;;;;;;23.26.18;3;3;1;1;5181;;19;18;6;11;16;7;4;18;11;1;10;13;
*20EH+~~B~~~2;;;;;;;23.26.18;3;3;1;1;5181;;19;18;6;11;16;7;4;18;11;1;10;13;
*11AH+G2~29~H2;;p;;;;;23.26.22;3;3;1;1;5185;;19;18;6;11;16;7;4;18;11;1;10;13;
a04DH/~~~29;;;;;;;23.26.22;3;3;1;1;5185;;19;18;6;11;16;7;4;18;11;1;10;13;
*11AO#V3~3~~H0;p;p;;;;;23.26.26;3;3;1;1;5187;;19;18;6;11;16;7;4;18;11;1;10;13;
a$$&H=;p;;;;;;23.26.26;3;3;1;1;5187;;19;18;6;11;16;7;4;18;11;1;10;13;
*p21:24;;;;;;;23.26.28;3;3;1;1;5191;;19;18;6;11;16;7;4;18;11;1;10;13;
aT;;;;;;;23.26.28;3;3;1;1;5170;;19;18;6;11;16;7;4;18;11;1;10;13;
*19SQ-~~~56A;;;;;;;23.27.34;3;3;1;1;5256;;19;18;6;11;16;7;4;18;11;1;10;13;
a12RQ+~~~56A;;;;;;;23.27.34;3;3;1;1;5256;;19;18;6;11;16;7;4;18;11;1;10;13;
a04EQ+KBC~~~2;;;;;;;23.27.34;3;3;1;1;5256;;19;18;6;11;16;7;4;18;11;1;10;13;
a11AQ#J1~35~H2;s;r;;;;;23.27.38;3;3;1;1;5261;;19;18;6;11;16;7;4;18;11;1;10;13;
*06BQ=~~~~3~~2;s;;;;;;23.27.38;3;3;1;1;5261;;19;18;6;11;16;7;4;18;11;1;10;13;
ap21:25;;;;;;;23.27.43;3;3;1;1;5266;;19;18;6;11;16;7;4;18;11;1;10;13;
**3set;;;;;;;23.27.43;4;3;1;1;5267;;;;;;;;;;;;;;
