*P05>LUp;;;;;;;;1;6;4;;;;9;3;12;5;16;13;9;18;2;11;13;10;
*z4>LUp;;;;;;;;1;4;4;;;;9;3;12;5;16;13;9;18;2;11;13;10;
aP10>LUp;;;;;;;;1;4;4;;;;9;3;12;5;16;13;9;18;2;11;13;10;
az6>LUp;;;;;;;;1;4;6;;;;9;3;12;5;16;13;9;18;2;11;13;10;
az1;;;;;;;20.54.02;1;4;1;;;;9;3;12;5;16;13;10;9;18;2;11;13;
az2;;;;;;;20.54.02;1;4;2;;;;9;3;12;5;16;13;13;10;9;18;2;11;
a13SM+~~~57;;;;;;;11.00.26;1;4;2;1;166;;9;3;12;5;16;13;13;10;9;18;2;11;
*03RM-~~~57~O;;;;;;;11.00.26;1;4;2;1;166;;9;3;12;5;16;13;13;10;9;18;2;11;
*05EH+~~B;;;;;;;11.00.26;1;4;2;1;166;;9;3;12;5;16;13;13;10;9;18;2;11;
*09AH+G9~96~H2;;r;;;;;11.00.32;1;4;2;1;170;;9;3;12;5;16;13;13;10;9;18;2;11;
a11DH/~~~96;;;;;;;11.00.32;1;4;2;1;170;;9;3;12;5;16;13;13;10;9;18;2;11;
*18FH+~~~~9;;;;;;;11.00.34;1;4;2;1;171;;9;3;12;5;16;13;13;10;9;18;2;11;
*05ET+~~P;;;;;;;11.00.34;1;4;2;1;171;;9;3;12;5;16;13;13;10;9;18;2;11;
*16AT#Y8~85~H1;s;s;;;;;11.00.37;1;4;2;1;175;;9;3;12;5;16;13;13;10;9;18;2;11;
a13DT=~~~85;s;;;;;;11.00.37;1;4;2;1;175;;9;3;12;5;16;13;13;10;9;18;2;11;
*p01:00;;;;;;;11.00.41;1;4;2;1;179;;9;3;12;5;16;13;13;10;9;18;2;11;
*z3;;;;;;;11.00.41;1;3;2;1;181;;3;12;5;16;13;9;13;10;9;18;2;11;
*03SM!~~~15;;;;;;;11.00.57;1;3;2;1;197;;3;12;5;16;13;9;13;10;9;18;2;11;
a11RM!~~~15~O~~32;;;;;;;11.00.57;1;3;2;1;197;;3;12;5;16;13;9;13;10;9;18;2;11;
a10EQ+K1C;;;;;;;11.00.57;1;3;2;1;197;;3;12;5;16;13;9;13;10;9;18;2;11;
a18AQ#J1~37~H1;s;r;;;;;11.01.02;1;3;2;1;200;;3;12;5;16;13;9;13;10;9;18;2;11;
*18DQ=~~~37;s;;;;;;11.01.02;1;3;2;1;200;;3;12;5;16;13;9;13;10;9;18;2;11;
ap01:01;;;;;;;11.01.04;1;3;2;1;204;;3;12;5;16;13;9;13;10;9;18;2;11;
az1;;;;;;;11.01.04;1;3;1;1;204;;3;12;5;16;13;9;10;9;18;2;11;13;
a10SQ-~~~11;;;;;;;11.01.18;1;3;1;1;218;;3;12;5;16;13;9;10;9;18;2;11;13;
*03RQ+~~~11~~~~32;;;;;;;11.01.18;1;3;1;1;218;;3;12;5;16;13;9;10;9;18;2;11;13;
*05ET+K3F;;;;;;;11.01.18;1;3;1;1;218;;3;12;5;16;13;9;10;9;18;2;11;13;
*16AT+W4~42~H2;;r;;;;;11.01.23;1;3;1;1;222;;3;12;5;16;13;9;10;9;18;2;11;13;
a02BT-~~~~2~~2;;;;;;;11.01.23;1;3;1;1;222;;3;12;5;16;13;9;10;9;18;2;11;13;
*18DH+~~~~3;;;;;;;11.01.23;1;3;1;1;222;;3;12;5;16;13;9;10;9;18;2;11;13;
*05EH+~~F;;;;;;;11.01.23;1;3;1;1;224;;3;12;5;16;13;9;10;9;18;2;11;13;
*16AH#G4~41~H2;s;s;;;;;11.01.27;1;3;1;1;226;;3;12;5;16;13;9;10;9;18;2;11;13;
a10DH=~~~41;s;;;;;;11.01.27;1;3;1;1;226;;3;12;5;16;13;9;10;9;18;2;11;13;
*p02:01;;;;;;;11.01.33;1;3;1;1;230;;3;12;5;16;13;9;10;9;18;2;11;13;
*z2;;;;;;;11.01.33;1;2;1;1;233;;12;5;16;13;9;3;10;9;18;2;11;13;
*12SQ!~~~56;;;;;;;11.01.48;1;2;1;1;248;;12;5;16;13;9;3;10;9;18;2;11;13;
a04RQ!~~~56~~~~32;;;;;;;11.01.48;1;2;1;1;248;;12;5;16;13;9;3;10;9;18;2;11;13;
a10EQ+K1C;;;;;;;11.01.59;1;2;1;1;248;;12;5;16;13;9;3;10;9;18;2;11;13;
a18AQ-J4~32~H1;;r;;;;;11.01.53;1;2;1;1;252;;12;5;16;13;9;3;10;9;18;2;11;13;
*13BQ+~~~~3~~1;;;;;;;11.01.53;1;2;1;1;252;;12;5;16;13;9;3;10;9;18;2;11;13;
*03DH+~~~~6;;;;;;;11.01.53;1;2;1;1;252;;12;5;16;13;9;3;10;9;18;2;11;13;
*05ET+~~B;;;;;;;11.01.53;1;2;1;1;252;;12;5;16;13;9;3;10;9;18;2;11;13;
*09AT-Y9~98~H2;;p;;;;;11.01.56;1;2;1;1;256;;12;5;16;13;9;3;10;9;18;2;11;13;
a10DT+~~~98;;;;;;;11.01.56;1;2;1;1;256;;12;5;16;13;9;3;10;9;18;2;11;13;
a11EH+~~B;;;;;;;11.01.56;1;2;1;1;256;;12;5;16;13;9;3;10;9;18;2;11;13;
a09AH#G2~24~H2;s;s;;;;;11.02.01;1;2;1;1;259;;12;5;16;13;9;3;10;9;18;2;11;13;
*13BH=~~~~4~~2;s;;;;;;11.02.01;1;2;1;1;259;;12;5;16;13;9;3;10;9;18;2;11;13;
ap02:02;;;;;;;11.02.10;1;2;1;1;263;;12;5;16;13;9;3;10;9;18;2;11;13;
az6;;;;;;;11.02.10;1;2;6;1;270;;12;5;16;13;9;3;9;18;2;11;13;10;
a09SM!~~~55;;;;;;;11.02.20;1;2;6;1;280;;12;5;16;13;9;3;9;18;2;11;13;10;
*03RM!~~~55~O;;;;;;;11.02.20;1;2;6;1;280;;12;5;16;13;9;3;9;18;2;11;13;10;
*05ET+K8F;;;;;;;11.02.20;1;2;6;1;280;;12;5;16;13;9;3;9;18;2;11;13;10;
*16AT#W4~42~H2F;s;r;;;;;11.02.25;1;2;6;1;283;;12;5;16;13;9;3;9;18;2;11;13;10;
a18BT=~~~~2~~2;s;;;;;;11.02.25;1;2;6;1;283;;12;5;16;13;9;3;9;18;2;11;13;10;
*p03:02;;;;;;;11.02.31;1;2;6;1;287;;12;5;16;13;9;3;9;18;2;11;13;10;
*z1;;;;;;;11.02.31;1;1;6;1;291;;5;16;13;9;3;12;9;18;2;11;13;10;
*05SM-~~~15;;;;;;;11.02.43;1;1;6;1;301;;5;16;13;9;3;12;9;18;2;11;13;10;
a11RM+~~~15~O~~32;;;;;;;11.02.43;1;1;6;1;301;;5;16;13;9;3;12;9;18;2;11;13;10;
a10EN+K3C;;;;;;;11.02.43;1;1;6;1;301;;5;16;13;9;3;12;9;18;2;11;13;10;
a18AQ/J3~33;p;r;;;;;11.02.47;1;1;6;1;304;;5;16;13;9;3;12;9;18;2;11;13;10;
*16BN#~~~~4;p;;;;;;11.02.47;1;1;6;1;304;;5;16;13;9;3;12;9;18;2;11;13;10;
*p04:02;;;;;;;11.02.51;1;1;6;1;308;;5;16;13;9;3;12;9;18;2;11;13;10;
*05SM!~~~16;;;;;;;11.03.05;1;1;6;1;323;;5;16;13;9;3;12;9;18;2;11;13;10;
a04RM!~~~16~~~~22;;;;;;;11.03.05;1;1;6;1;323;;5;16;13;9;3;12;9;18;2;11;13;10;
a10EH+KBB~~~~~~KE;;;;;;;11.03.05;1;1;6;1;323;;5;16;13;9;3;12;9;18;2;11;13;10;
a02AH-G2~28~T3;;r;;;;;11.03.08;1;1;6;1;328;;5;16;13;9;3;12;9;18;2;11;13;10;
*18DH+~~~28;;;;;;;11.03.08;1;1;6;1;328;;5;16;13;9;3;12;9;18;2;11;13;10;
*05EH+~~F;;;;;;;11.03.08;1;1;6;1;328;;5;16;13;9;3;12;9;18;2;11;13;10;
*16AH=G4~41~H2;s;p;;;;;11.03.12;1;1;6;1;332;;5;16;13;9;3;12;9;18;2;11;13;10;
a$$&H#;s;;;;;;11.03.12;1;1;6;1;332;;5;16;13;9;3;12;9;18;2;11;13;10;
ap04:03;;;;;;;11.03.52;1;1;6;1;336;;5;16;13;9;3;12;9;18;2;11;13;10;
az5;;;;;;;11.03.52;1;1;5;1;372;;5;16;13;9;3;12;18;2;11;13;10;9;
a18SM+~~~55;;;;;;;11.04.45;1;1;5;1;425;;5;16;13;9;3;12;18;2;11;13;10;9;
*03RM-~~~55~O;;;;;;;11.04.45;1;1;5;1;425;;5;16;13;9;3;12;18;2;11;13;10;9;
*05EH+~~B;;;;;;;11.04.45;1;1;5;1;425;;5;16;13;9;3;12;18;2;11;13;10;9;
*16AH=G2~27~H2S;p;r;;;;;11.04.50;1;1;5;1;430;;5;16;13;9;3;12;18;2;11;13;10;9;
a$$&H#;p;;;;;;11.04.50;1;1;5;1;430;;5;16;13;9;3;12;18;2;11;13;10;9;
ap04:04;;;;;;;11.04.55;1;1;5;1;434;;5;16;13;9;3;12;18;2;11;13;10;9;
a18SM-~~~55;;;;;;;11.05.10;1;1;5;1;450;;5;16;13;9;3;12;18;2;11;13;10;9;
*03RM#~~~55~O;;;;;;;11.05.10;1;1;5;1;450;;5;16;13;9;3;12;18;2;11;13;10;9;
*05EQ+K1C;;;;;;;11.05.21;1;1;5;1;450;;5;16;13;9;3;12;18;2;11;13;10;9;
*13AQ+J4~33~H2;;r;;;;;11.05.16;1;1;5;1;454;;5;16;13;9;3;12;18;2;11;13;10;9;
a13BQ-~~~~3~~2;;;;;;;11.05.16;1;1;5;1;454;;5;16;13;9;3;12;18;2;11;13;10;9;
*18EH+~~F;;;;;;;11.05.16;1;1;5;1;454;;5;16;13;9;3;12;18;2;11;13;10;9;
*09AH-G4~48~T2;;s;;;;;11.05.19;1;1;5;1;458;;5;16;13;9;3;12;18;2;11;13;10;9;
a10DH+~~~48;;;;;;;11.05.19;1;1;5;1;458;;5;16;13;9;3;12;18;2;11;13;10;9;
a11EH+~~B;;;;;;;11.05.19;1;1;5;1;458;;5;16;13;9;3;12;18;2;11;13;10;9;
a02AH-G2~24~H3;;p;;;;;11.05.22;1;1;5;1;462;;5;16;13;9;3;12;18;2;11;13;10;9;
*13BH+~~~~4~~3;;;;;;;11.05.22;1;1;5;1;462;;5;16;13;9;3;12;18;2;11;13;10;9;
*18DH+~~~~1;;;;;;;11.05.25;1;1;5;1;462;;5;16;13;9;3;12;18;2;11;13;10;9;
*05ET+~~F;;;;;;;11.05.25;1;1;5;1;462;;5;16;13;9;3;12;18;2;11;13;10;9;
*09AT/W4~42~H2;p;s;;;;;11.05.27;1;1;5;1;467;;5;16;13;9;3;12;18;2;11;13;10;9;
a02BT#~~~~2~~2;p;;;;;;11.05.27;1;1;5;1;467;;5;16;13;9;3;12;18;2;11;13;10;9;
ap04:05;;;;;;;11.05.40;1;1;5;1;471;;5;16;13;9;3;12;18;2;11;13;10;9;
a18SM-~~~55;;;;;;;11.05.50;1;1;5;1;490;;5;16;13;9;3;12;18;2;11;13;10;9;
*03RM+~~~55;;;;;;;11.05.50;1;1;5;1;490;;5;16;13;9;3;12;18;2;11;13;10;9;
*05EQ+K9C;;;;;;;11.05.50;1;1;5;1;490;;5;16;13;9;3;12;18;2;11;13;10;9;
*13AQ=J4~35~H1O;p;r;;;;;11.05.57;1;1;5;1;495;;5;16;13;9;3;12;18;2;11;13;10;9;
a$$&H#;p;;;;;;11.05.57;1;1;5;1;495;;5;16;13;9;3;12;18;2;11;13;10;9;
ap04:06;;;;;;;11.05.59;1;1;5;1;499;;5;16;13;9;3;12;18;2;11;13;10;9;
a18SM-~~~55;;;;;;;11.06.19;1;1;5;1;520;;5;16;13;9;3;12;18;2;11;13;10;9;
*03RM#~~~55~O;;;;;;;11.06.19;1;1;5;1;520;;5;16;13;9;3;12;18;2;11;13;10;9;
*05ET+K1B;;;;;;;11.06.19;1;1;5;1;520;;5;16;13;9;3;12;18;2;11;13;10;9;
*16AT#W2~24~H2;s;r;;;;;11.06.24;1;1;5;1;524;;5;16;13;9;3;12;18;2;11;13;10;9;
a13BT=~~~~4~~2;s;;;;;;11.06.24;1;1;5;1;524;;5;16;13;9;3;12;18;2;11;13;10;9;
*p05:06;;;;;;;11.06.31;1;1;5;1;528;;5;16;13;9;3;12;18;2;11;13;10;9;
*z6;;;;;;;11.06.31;1;6;5;1;531;;16;13;9;3;12;5;18;2;11;13;10;9;
*16SQ!~~~16;;;;;;;11.06.56;1;6;5;1;556;;16;13;9;3;12;5;18;2;11;13;10;9;
a09RQ!~~~16~~~~32;;;;;;;11.06.56;1;6;5;1;556;;16;13;9;3;12;5;18;2;11;13;10;9;
a10EQ+K1C;;;;;;;11.06.56;1;6;5;1;556;;16;13;9;3;12;5;18;2;11;13;10;9;
a13AQ#J4~39~H1;s;r;;;;;11.07.01;1;6;5;1;559;;16;13;9;3;12;5;18;2;11;13;10;9;
*05DQ=~~~39;s;;;;;;11.07.01;1;6;5;1;559;;16;13;9;3;12;5;18;2;11;13;10;9;
ap05:07;;;;;;;11.07.04;1;6;5;1;563;;16;13;9;3;12;5;18;2;11;13;10;9;
az4;;;;;;;11.07.04;1;6;4;1;564;;16;13;9;3;12;5;2;11;13;10;9;18;
a02SQ-~~~69;;;;;;;11.07.22;1;6;4;1;582;;16;13;9;3;12;5;2;11;13;10;9;18;
*13RQ#~~~69;;;;;;;11.07.22;1;6;4;1;582;;16;13;9;3;12;5;2;11;13;10;9;18;
*05ET+K1F;;;;;;;11.07.29;1;6;4;1;582;;16;13;9;3;12;5;2;11;13;10;9;18;
*03AT-W4~48~H2;;r;;;;;11.07.27;1;6;4;1;586;;16;13;9;3;12;5;2;11;13;10;9;18;
a09DT+~~~48;;;;;;;11.07.27;1;6;4;1;586;;16;13;9;3;12;5;2;11;13;10;9;18;
a11EH+~~B;;;;;;;11.07.27;1;6;4;1;586;;16;13;9;3;12;5;2;11;13;10;9;18;
a02AH-G9~91AH3;;p;;;;;11.07.30;1;6;4;1;590;;16;13;9;3;12;5;2;11;13;10;9;18;
*16DH+~~~91A;;;;;;;11.07.30;1;6;4;1;590;;16;13;9;3;12;5;2;11;13;10;9;18;
*05ET+~~F;;;;;;;11.07.30;1;6;4;1;590;;16;13;9;3;12;5;2;11;13;10;9;18;
*03AT-W4~43~T2;;s;;;;;11.07.34;1;6;4;1;594;;16;13;9;3;12;5;2;11;13;10;9;18;
a11DT+~~~43;;;;;;;11.07.34;1;6;4;1;594;;16;13;9;3;12;5;2;11;13;10;9;18;
a10ET+~~B;;;;;;;11.07.34;1;6;4;1;594;;16;13;9;3;12;5;2;11;13;10;9;18;
a02AT/Y9~94~H2;s;p;;;;;11.07.38;1;6;4;1;597;;16;13;9;3;12;5;2;11;13;10;9;18;
*13BT#~~~~4~~2;s;;;;;;11.07.38;1;6;4;1;597;;16;13;9;3;12;5;2;11;13;10;9;18;
*p06:07;;;;;;;11.07.46;1;6;4;1;601;;16;13;9;3;12;5;2;11;13;10;9;18;
*z5;;;;;;;11.07.46;1;5;4;1;606;;13;9;3;12;5;16;2;11;13;10;9;18;
*13SQ#~~~65;p;;;;;;11.08.02;1;5;4;1;622;;13;9;3;12;5;16;2;11;13;10;9;18;
a11RQ=~~~65~R;p;;;;;;11.08.02;1;5;4;1;622;;13;9;3;12;5;16;2;11;13;10;9;18;
*p07:07;;;;;;;11.08.06;1;5;4;1;626;;13;9;3;12;5;16;2;11;13;10;9;18;
*13SQ=~~~6~~~~N;s;;;;;;11.08.25;1;5;4;1;645;;13;9;3;12;5;16;2;11;13;10;9;18;
a$$&H#;s;;;;;;11.08.25;1;5;4;1;645;;13;9;3;12;5;16;2;11;13;10;9;18;
ap07:08;;;;;;;11.08.28;1;5;4;1;649;;13;9;3;12;5;16;2;11;13;10;9;18;
az3;;;;;;;11.08.28;1;5;3;1;648;;13;9;3;12;5;16;11;13;10;9;18;2;
a11SM+~~~56;;;;;;;11.08.44;1;5;3;1;664;;13;9;3;12;5;16;11;13;10;9;18;2;
*03RM-~~~56;;;;;;;11.08.44;1;5;3;1;664;;13;9;3;12;5;16;11;13;10;9;18;2;
*05ET+~~F;;;;;;;11.08.44;1;5;3;1;664;;13;9;3;12;5;16;11;13;10;9;18;2;
*03AT-W4~42~H2;;r;;;;;11.08.48;1;5;3;1;668;;13;9;3;12;5;16;11;13;10;9;18;2;
a10BT+~~~~2~~2;;;;;;;11.08.48;1;5;3;1;668;;13;9;3;12;5;16;11;13;10;9;18;2;
a04DH+~~~~7;;;;;;;11.08.51;1;5;3;1;668;;13;9;3;12;5;16;11;13;10;9;18;2;
a10ET+~~F;;;;;;;11.08.51;1;5;3;1;668;;13;9;3;12;5;16;11;13;10;9;18;2;
a09AT#W4~42~H2S;p;p;;;;;11.08.52;1;5;3;1;672;;13;9;3;12;5;16;11;13;10;9;18;2;
*09BT=~~~~2~~2;p;;;;;;11.08.52;1;5;3;1;672;;13;9;3;12;5;16;11;13;10;9;18;2;
ap07:09;;;;;;;11.08.59;1;5;3;1;676;;13;9;3;12;5;16;11;13;10;9;18;2;
a11SM!~~~55;;;;;;;11.09.11;1;5;3;1;691;;13;9;3;12;5;16;11;13;10;9;18;2;
*03RM!~~~55~~~~32;;;;;;;11.09.11;1;5;3;1;691;;13;9;3;12;5;16;11;13;10;9;18;2;
*05ET+K8B;;;;;;;11.09.11;1;5;3;1;691;;13;9;3;12;5;16;11;13;10;9;18;2;
*09AT#W2~24~H2;s;r;;;;;11.09.15;1;5;3;1;695;;13;9;3;12;5;16;11;13;10;9;18;2;
a09BT=~~~~4~~2;s;;;;;;11.09.15;1;5;3;1;695;;13;9;3;12;5;16;11;13;10;9;18;2;
*p08:09;;;;;;;11.09.17;1;5;3;1;699;;13;9;3;12;5;16;11;13;10;9;18;2;
*z4;;;;;;;11.09.17;1;4;3;1;697;;9;3;12;5;16;13;11;13;10;9;18;2;
*09SQ!~~~65;;;;;;;11.09.32;1;4;3;1;712;;9;3;12;5;16;13;11;13;10;9;18;2;
a09RQ!~~~65~~~~32;;;;;;;11.09.32;1;4;3;1;712;;9;3;12;5;16;13;11;13;10;9;18;2;
a10ET+K1F;;;;;;;11.09.32;1;4;3;1;712;;9;3;12;5;16;13;11;13;10;9;18;2;
a09AT+W4~42~H2;;r;;;;;11.09.37;1;4;3;1;716;;9;3;12;5;16;13;11;13;10;9;18;2;
*05BT-~~~~2~~2;;;;;;;11.09.37;1;4;3;1;716;;9;3;12;5;16;13;11;13;10;9;18;2;
a11DH+~~~~8;;;;;;;11.09.37;1;4;3;1;716;;9;3;12;5;16;13;11;13;10;9;18;2;
a10EH+~~B;;;;;;;11.09.37;1;4;3;1;716;;9;3;12;5;16;13;11;13;10;9;18;2;
a02AH=G9~91~H3;p;s;;;;;11.09.41;1;4;3;1;720;;9;3;12;5;16;13;11;13;10;9;18;2;
*$$&H#;p;;;;;;11.09.41;1;4;3;1;720;;9;3;12;5;16;13;11;13;10;9;18;2;
*p09:09;;;;;;;11.10.30;1;4;3;1;724;;9;3;12;5;16;13;11;13;10;9;18;2;
*09SQ+~~~66;;;;;;;11.10.55;1;4;3;1;795;;9;3;12;5;16;13;11;13;10;9;18;2;
a04RQ-~~~66;;;;;;;11.10.55;1;4;3;1;795;;9;3;12;5;16;13;11;13;10;9;18;2;
a10EH/;;;;;;;11.10.55;1;4;3;1;795;;9;3;12;5;16;13;11;13;10;9;18;2;
*03FH+~~~~4;;;;;;;11.11.14;1;4;3;1;802;;9;3;12;5;16;13;11;13;10;9;18;2;
*05AO-JJ~39~T0;;p;;;;;11.11.05;1;4;3;1;802;;9;3;12;5;16;13;11;13;10;9;18;2;
a02DO+~~~39;;;;;;;11.11.05;1;4;3;1;802;;9;3;12;5;16;13;11;13;10;9;18;2;
a11EH+~~F;;;;;;;11.11.05;1;4;3;1;802;;9;3;12;5;16;13;11;13;10;9;18;2;
a09AH+G4~47~H2;;s;;;;;11.11.00;1;4;3;1;807;;9;3;12;5;16;13;11;13;10;9;18;2;
*16DH/~~~47;;;;;;;11.11.00;1;4;3;1;807;;9;3;12;5;16;13;11;13;10;9;18;2;
a04FH+~~~~7;;;;;;;11.11.00;1;4;3;1;814;;9;3;12;5;16;13;11;13;10;9;18;2;
a10ET+~~F;;;;;;;11.11.00;1;4;3;1;815;;9;3;12;5;16;13;11;13;10;9;18;2;
a09AT#W4~42~H2S;s;s;;;;;11.11.17;1;4;3;1;817;;9;3;12;5;16;13;11;13;10;9;18;2;
*05BT=~~~~2~~2;s;;;;;;11.11.17;1;4;3;1;817;;9;3;12;5;16;13;11;13;10;9;18;2;
ap09:10;;;;;;;11.11.33;1;4;3;1;821;;9;3;12;5;16;13;11;13;10;9;18;2;
az2;;;;;;;11.11.33;1;4;2;1;833;;9;3;12;5;16;13;13;10;9;18;2;11;
a13SM-~~~55;;;;;;;11.11.36;1;4;2;1;836;;9;3;12;5;16;13;13;10;9;18;2;11;
*03RM+~~~55~O;;;;;;;11.11.36;1;4;2;1;836;;9;3;12;5;16;13;13;10;9;18;2;11;
*05ET+K8B;;;;;;;11.11.36;1;4;2;1;836;;9;3;12;5;16;13;13;10;9;18;2;11;
*09AT#Y9~91~H1;s;r;;;;;11.11.41;1;4;2;1;840;;9;3;12;5;16;13;13;10;9;18;2;11;
a02DT=~~~91;s;;;;;;11.11.41;1;4;2;1;840;;9;3;12;5;16;13;13;10;9;18;2;11;
*p10:10;;;;;;;11.11.43;1;4;2;1;844;;9;3;12;5;16;13;13;10;9;18;2;11;
*z3;;;;;;;11.11.43;1;3;2;1;843;;3;12;5;16;13;9;13;10;9;18;2;11;
*03SM!~~~15;;;;;;;11.11.59;1;3;2;1;859;;3;12;5;16;13;9;13;10;9;18;2;11;
a11RM!~~~15~O~~32;;;;;;;11.11.59;1;3;2;1;859;;3;12;5;16;13;9;13;10;9;18;2;11;
a10ET+K1B;;;;;;;11.11.59;1;3;2;1;859;;3;12;5;16;13;9;13;10;9;18;2;11;
a02AT#Y9~94~H2S;s;r;;;;;11.12.03;1;3;2;1;863;;3;12;5;16;13;9;13;10;9;18;2;11;
*16BT=~~~~4~~2;s;;;;;;11.12.03;1;3;2;1;863;;3;12;5;16;13;9;13;10;9;18;2;11;
ap10:11;;;;;;;11.12.13;1;3;2;1;867;;3;12;5;16;13;9;13;10;9;18;2;11;
az1;;;;;;;11.12.13;1;3;1;1;873;;3;12;5;16;13;9;10;9;18;2;11;13;
a10SQ!~~~16;;;;;;;11.13.16;1;3;1;1;936;;3;12;5;16;13;9;10;9;18;2;11;13;
*03RQ!~~~16~~~~22;;;;;;;11.13.16;1;3;1;1;936;;3;12;5;16;13;9;10;9;18;2;11;13;
*05ET+KBF~~~~~~K1;;;;;;;11.13.16;1;3;1;1;936;;3;12;5;16;13;9;10;9;18;2;11;13;
*16AT=W4~49~H2S;p;r;;;;;11.13.20;1;3;1;1;940;;3;12;5;16;13;9;10;9;18;2;11;13;
a$$&H#;p;;;;;;11.13.20;1;3;1;1;940;;3;12;5;16;13;9;10;9;18;2;11;13;
ap10:12;;;;;;;11.13.23;1;3;1;1;944;;3;12;5;16;13;9;10;9;18;2;11;13;
a10SQ-~~~15;;;;;;;11.13.38;1;3;1;1;958;;3;12;5;16;13;9;10;9;18;2;11;13;
*16RQ#~~~15;;;;;;;11.13.38;1;3;1;1;958;;3;12;5;16;13;9;10;9;18;2;11;13;
*05ET+K3B;;;;;;;11.13.38;1;3;1;1;958;;3;12;5;16;13;9;10;9;18;2;11;13;
*09AT#Y9~94~H2;s;r;;;;;11.13.42;1;3;1;1;962;;3;12;5;16;13;9;10;9;18;2;11;13;
a18BT=~~~~4~~2;s;;;;;;11.13.42;1;3;1;1;962;;3;12;5;16;13;9;10;9;18;2;11;13;
*p11:12;;;;;;;11.13.48;1;3;1;1;966;;3;12;5;16;13;9;10;9;18;2;11;13;
*z2;;;;;;;11.13.48;1;2;1;1;968;;12;5;16;13;9;3;10;9;18;2;11;13;
*12SQ/~~~55;;;;;;;11.14.03;1;2;1;1;983;;12;5;16;13;9;3;10;9;18;2;11;13;
a11RQ/~~~55~M;;;;;;;11.14.03;1;2;1;1;983;;12;5;16;13;9;3;10;9;18;2;11;13;
*05AO#V2~24;p;p;;;;;11.14.11;1;2;1;1;985;;12;5;16;13;9;3;10;9;18;2;11;13;
a10DH=~~~24;p;;;;;;11.14.11;1;2;1;1;985;;12;5;16;13;9;3;10;9;18;2;11;13;
*p12:12;;;;;;;11.14.17;1;2;1;1;989;;12;5;16;13;9;3;10;9;18;2;11;13;
*12SQ-~~~55;;;;;;;11.14.27;1;2;1;1;1006;;12;5;16;13;9;3;10;9;18;2;11;13;
a11RQ+~~~55;;;;;;;11.14.27;1;2;1;1;1006;;12;5;16;13;9;3;10;9;18;2;11;13;
a10ET+K2B;;;;;;;11.14.27;1;2;1;1;1006;;12;5;16;13;9;3;10;9;18;2;11;13;
a09AT-W2~23~T1;;r;;;;;11.14.31;1;2;1;1;1011;;12;5;16;13;9;3;10;9;18;2;11;13;
*13DT+~~~23;;;;;;;11.14.31;1;2;1;1;1011;;12;5;16;13;9;3;10;9;18;2;11;13;
*05ET+~~F;;;;;;;11.14.31;1;2;1;1;1011;;12;5;16;13;9;3;10;9;18;2;11;13;
*16AT#W4~42~H3;p;p;;;;;11.14.35;1;2;1;1;1015;;12;5;16;13;9;3;10;9;18;2;11;13;
a02BT=~~~~2~~3;p;;;;;;11.14.35;1;2;1;1;1015;;12;5;16;13;9;3;10;9;18;2;11;13;
*p13:12;;;;;;;11.14.48;1;2;1;1;1019;;12;5;16;13;9;3;10;9;18;2;11;13;
*12SQ!~~~55;;;;;;;11.14.57;1;2;1;1;1036;;12;5;16;13;9;3;10;9;18;2;11;13;
a11RQ!~~~55~~~~32;;;;;;;11.14.57;1;2;1;1;1036;;12;5;16;13;9;3;10;9;18;2;11;13;
a10ET+K2F;;;;;;;11.14.57;1;2;1;1;1038;;12;5;16;13;9;3;10;9;18;2;11;13;
a02AT#W4~47~H2;s;r;;;;;11.15.02;1;2;1;1;1041;;12;5;16;13;9;3;10;9;18;2;11;13;
*12DT=~~~47;s;;;;;;11.15.02;1;2;1;1;1041;;12;5;16;13;9;3;10;9;18;2;11;13;
ap13:13;;;;;;;11.15.07;1;2;1;1;1044;;12;5;16;13;9;3;10;9;18;2;11;13;
az6;;;;;;;11.15.07;1;2;6;1;1046;;12;5;16;13;9;3;9;18;2;11;13;10;
a09SM-~~~55;;;;;;;11.15.19;1;2;6;1;1058;;12;5;16;13;9;3;9;18;2;11;13;10;
*03RM#~~~55;;;;;;;11.15.19;1;2;6;1;1058;;12;5;16;13;9;3;9;18;2;11;13;10;
*05ET+K1B;;;;;;;11.15.26;1;2;6;1;1060;;12;5;16;13;9;3;9;18;2;11;13;10;
*09AT+Y9~91~H0;;r;;;;;11.15.23;1;2;6;1;1062;;12;5;16;13;9;3;9;18;2;11;13;10;
a10DT-~~~91;;;;;;;11.15.23;1;2;6;1;1062;;12;5;16;13;9;3;9;18;2;11;13;10;
a02EH+~~F;;;;;;;11.15.23;1;2;6;1;1064;;12;5;16;13;9;3;9;18;2;11;13;10;
a11AH#G4~42~T1;p;p;;;;;11.15.27;1;2;6;1;1066;;12;5;16;13;9;3;9;18;2;11;13;10;
*13BH=~~~~2~~1;p;;;;;;11.15.27;1;2;6;1;1066;;12;5;16;13;9;3;9;18;2;11;13;10;
ap13:14;;;;;;;11.15.35;1;2;6;1;1069;;12;5;16;13;9;3;9;18;2;11;13;10;
a09SM#~~~55;p;;;;;;11.15.46;1;2;6;1;1085;;12;5;16;13;9;3;9;18;2;11;13;10;
*03RM=~~~55~O;p;;;;;;11.15.46;1;2;6;1;1085;;12;5;16;13;9;3;9;18;2;11;13;10;
ap13:15;;;;;;;11.15.49;1;2;6;1;1088;;12;5;16;13;9;3;9;18;2;11;13;10;
a09SM!~~~55;;;;;;;11.16.05;1;2;6;1;1105;;12;5;16;13;9;3;9;18;2;11;13;10;
*03RM!~~~55~O;;;;;;;11.16.05;1;2;6;1;1105;;12;5;16;13;9;3;9;18;2;11;13;10;
*05ET+K8F;;;;;;;11.16.05;1;2;6;1;1107;;12;5;16;13;9;3;9;18;2;11;13;10;
*16AT=W4~47~H2;p;r;;;;;11.16.10;1;2;6;1;1109;;12;5;16;13;9;3;9;18;2;11;13;10;
a$$&H#;p;;;;;;11.16.10;1;2;6;1;1109;;12;5;16;13;9;3;9;18;2;11;13;10;
ap13:16;;;;;;;11.16.16;1;2;6;1;1112;;12;5;16;13;9;3;9;18;2;11;13;10;
*T;;;;;;;11.16.16;1;2;6;1;1115;;12;5;16;13;9;3;9;18;2;11;13;10;
a09SM-~~~56;;;;;;;11.17.31;1;2;6;1;1190;;12;5;16;13;9;3;9;18;2;11;13;10;
*03RM#~~~56;;;;;;;11.17.31;1;2;6;1;1190;;12;5;16;13;9;3;9;18;2;11;13;10;
*05EQ+K1C;;;;;;;11.17.31;1;2;6;1;1192;;12;5;16;13;9;3;9;18;2;11;13;10;
*13AQ#J4~33~H1X;s;r;;;;;11.17.37;1;2;6;1;1195;;12;5;16;13;9;3;9;18;2;11;13;10;
a18BQ=~~~~3~T1F;s;;;;;;11.17.37;1;2;6;1;1195;;12;5;16;13;9;3;9;18;2;11;13;10;
a10DQ=~~~39~B;;;;;;;11.17.37;1;2;6;1;1195;;12;5;16;13;9;3;9;18;2;11;13;10;
*p14:16;;;;;;;11.17.39;1;2;6;1;1199;;12;5;16;13;9;3;9;18;2;11;13;10;
*z1;;;;;;;11.17.39;1;1;6;1;1198;;5;16;13;9;3;12;9;18;2;11;13;10;
*05SM!~~~16;;;;;;;11.17.56;1;1;6;1;1216;;5;16;13;9;3;12;9;18;2;11;13;10;
a04RM!~~~16~O~~42;;;;;;;11.17.56;1;1;6;1;1216;;5;16;13;9;3;12;9;18;2;11;13;10;
a10ET+KEF;;;;;;;11.17.56;1;1;6;1;1216;;5;16;13;9;3;12;9;18;2;11;13;10;
a11AT=W4~49~H2;p;r;;;;;11.18.01;1;1;6;1;1220;;5;16;13;9;3;12;9;18;2;11;13;10;
*$$&H#;p;;;;;;11.18.01;1;1;6;1;1220;;5;16;13;9;3;12;9;18;2;11;13;10;
*p15:16;;;;;;;11.18.07;1;1;6;1;1224;;5;16;13;9;3;12;9;18;2;11;13;10;
*05SM!~~~16;;;;;;;11.18.14;1;1;6;1;1233;;5;16;13;9;3;12;9;18;2;11;13;10;
a04RM!~~~16~O~~21;;;;;;;11.18.14;1;1;6;1;1233;;5;16;13;9;3;12;9;18;2;11;13;10;
a10ET+KBB~~~~~~KE;;;;;;;11.18.14;1;1;6;1;1233;;5;16;13;9;3;12;9;18;2;11;13;10;
a02AT/W2~24~H2;p;r;;;;;11.18.18;1;1;6;1;1237;;5;16;13;9;3;12;9;18;2;11;13;10;
*16BT#~~~~4~~2;p;;;;;;11.18.18;1;1;6;1;1237;;5;16;13;9;3;12;9;18;2;11;13;10;
*p16:16;;;;;;;11.18.23;1;1;6;1;1241;;5;16;13;9;3;12;9;18;2;11;13;10;
*05SM-~~~16;;;;;;;11.18.34;1;1;6;1;1254;;5;16;13;9;3;12;9;18;2;11;13;10;
a09RM#~~~16~O;;;;;;;11.18.34;1;1;6;1;1254;;5;16;13;9;3;12;9;18;2;11;13;10;
a10EQ+K1C;;;;;;;11.18.34;1;1;6;1;1254;;5;16;13;9;3;12;9;18;2;11;13;10;
a18AQ#J4~36~H2;s;r;;;;;11.18.40;1;1;6;1;1258;;5;16;13;9;3;12;9;18;2;11;13;10;
*03DQ=~~~36;s;;;;;;11.18.40;1;1;6;1;1258;;5;16;13;9;3;12;9;18;2;11;13;10;
ap16:17;;;;;;;11.18.42;1;1;6;1;1262;;5;16;13;9;3;12;9;18;2;11;13;10;
az5;;;;;;;11.18.42;1;1;5;1;1261;;5;16;13;9;3;12;18;2;11;13;10;9;
a18SM-~~~55;;;;;;;11.18.59;1;1;5;1;1278;;5;16;13;9;3;12;18;2;11;13;10;9;
*03RM+~~~55~O;;;;;;;11.18.59;1;1;5;1;1278;;5;16;13;9;3;12;18;2;11;13;10;9;
*05EQ+K1C;;;;;;;11.18.59;1;1;5;1;1278;;5;16;13;9;3;12;18;2;11;13;10;9;
*13AQ#J1~32~H1N;s;r;;;;;11.19.04;1;1;5;1;1282;;5;16;13;9;3;12;18;2;11;13;10;9;
a13BQ=~~~~3~~1;s;;;;;;11.19.04;1;1;5;1;1282;;5;16;13;9;3;12;18;2;11;13;10;9;
*p17:17;;;;;;;11.19.06;1;1;5;1;1286;;5;16;13;9;3;12;18;2;11;13;10;9;
*z6;;;;;;;11.19.06;1;6;5;1;1285;;16;13;9;3;12;5;18;2;11;13;10;9;
*c16:06;;;;;;;11.19.06;1;6;5;1;1285;;6;13;9;3;12;5;18;2;11;13;10;9;
*06SM+~~~16;;;;;;;11.19.32;1;6;5;1;1311;;6;13;9;3;12;5;18;2;11;13;10;9;
a04RM-~~~16;;;;;;;11.19.32;1;6;5;1;1311;;6;13;9;3;12;5;18;2;11;13;10;9;
a09EH+~~B;;;;;;;11.19.36;1;6;5;1;1311;;6;13;9;3;12;5;18;2;11;13;10;9;
a02AH-G2~21~P2;;r;;;;;11.19.38;1;6;5;1;1317;;6;13;9;3;12;5;18;2;11;13;10;9;
*05DH+~~~21;;;;;;;11.19.38;1;6;5;1;1317;;6;13;9;3;12;5;18;2;11;13;10;9;
*18EH+~~F;;;;;;;11.19.41;1;6;5;1;1317;;6;13;9;3;12;5;18;2;11;13;10;9;
*09AH=G4~45~H2;s;p;;;;;11.19.43;1;6;5;1;1321;;6;13;9;3;12;5;18;2;11;13;10;9;
a$$&H#;s;;;;;;11.19.43;1;6;5;1;1321;;6;13;9;3;12;5;18;2;11;13;10;9;
ap17:18;;;;;;;11.19.57;1;6;5;1;1325;;6;13;9;3;12;5;18;2;11;13;10;9;
az4;;;;;;;11.19.57;1;6;4;1;1336;;6;13;9;3;12;5;2;11;13;10;9;18;
a02SQ=~~~61~~~O;s;;;;;;11.20.08;1;6;4;1;1347;;6;13;9;3;12;5;2;11;13;10;9;18;
*$$&H#;s;;;;;;11.20.08;1;6;4;1;1347;;6;13;9;3;12;5;2;11;13;10;9;18;
*p18:18;;;;;;;11.20.11;1;6;4;1;1351;;6;13;9;3;12;5;2;11;13;10;9;18;
*z5;;;;;;;11.20.11;1;5;4;1;1350;;13;9;3;12;5;6;2;11;13;10;9;18;
*13SM-~~~56;;;;;;;11.20.31;1;5;4;1;1370;;13;9;3;12;5;6;2;11;13;10;9;18;
a09RM#~~~56~O;;;;;;;11.20.31;1;5;4;1;1370;;13;9;3;12;5;6;2;11;13;10;9;18;
a10EQ+K1C;;;;;;;11.20.38;1;5;4;1;1370;;13;9;3;12;5;6;2;11;13;10;9;18;
a13AQ-J1~32~T1;;r;;;;;11.20.35;1;5;4;1;1374;;13;9;3;12;5;6;2;11;13;10;9;18;
*09DQ+~~~32;;;;;;;11.20.35;1;5;4;1;1374;;13;9;3;12;5;6;2;11;13;10;9;18;
*03EH+~~B;;;;;;;11.20.35;1;5;4;1;1374;;13;9;3;12;5;6;2;11;13;10;9;18;
*09AH-G2~26~H2;;p;;;;;11.20.39;1;5;4;1;1378;;13;9;3;12;5;6;2;11;13;10;9;18;
a09DH+~~~26;;;;;;;11.20.39;1;5;4;1;1378;;13;9;3;12;5;6;2;11;13;10;9;18;
a10ET+~~P;;;;;;;11.20.39;1;5;4;1;1378;;13;9;3;12;5;6;2;11;13;10;9;18;
a09AT#Y8~86~H2;s;s;;;;;11.20.42;1;5;4;1;1382;;13;9;3;12;5;6;2;11;13;10;9;18;
*06DT=~~~86;s;;;;;;11.20.42;1;5;4;1;1382;;13;9;3;12;5;6;2;11;13;10;9;18;
ap18:19;;;;;;;11.20.51;1;5;4;1;1386;;13;9;3;12;5;6;2;11;13;10;9;18;
az3;;;;;;;11.20.51;1;5;3;1;1390;;13;9;3;12;5;6;11;13;10;9;18;2;
ac02:05;;;;;;;11.20.51;1;5;3;1;1390;;13;9;3;12;5;6;11;13;10;9;18;5;
ac10:16;;;;;;;11.20.51;1;5;3;1;1390;;13;9;3;12;5;6;11;13;16;9;18;5;
aP5;;;;;;;11.20.51;1;5;3;1;1390;;13;9;3;12;5;6;11;13;16;9;18;5;
az6;;;;;;;11.20.51;1;5;6;1;1390;;13;9;3;12;5;6;11;13;16;9;18;5;
a11SM+~~~55;;;;;;;11.21.19;1;5;6;1;1418;;13;9;3;12;5;6;11;13;16;9;18;5;
*06RM-~~~55;;;;;;;11.21.19;1;5;6;1;1418;;13;9;3;12;5;6;11;13;16;9;18;5;
*18EH+~~F;;;;;;;11.21.24;1;5;6;1;1418;;13;9;3;12;5;6;11;13;16;9;18;5;
*03AH/G4~42~H2;p;r;;;;;11.21.26;1;5;6;1;1424;;13;9;3;12;5;6;11;13;16;9;18;5;
a13BH#~~~~2~~2;p;;;;;;11.21.26;1;5;6;1;1424;;13;9;3;12;5;6;11;13;16;9;18;5;
ap18:20;;;;;;;11.21.29;1;5;6;1;1428;;13;9;3;12;5;6;11;13;16;9;18;5;
*T;;;;;;;11.21.29;1;5;6;1;1428;;13;9;3;12;5;6;11;13;16;9;18;5;
a11SM!~~~56;;;;;;;11.22.32;1;5;6;1;1491;;13;9;3;12;5;6;11;13;16;9;18;5;
*06RM!~~~56;;;;;;;11.22.32;1;5;6;1;1491;;13;9;3;12;5;6;11;13;16;9;18;5;
*05ET+K8B;;;;;;;11.22.32;1;5;6;1;1491;;13;9;3;12;5;6;11;13;16;9;18;5;
*09AT#W2~24~H2;s;r;;;;;11.22.37;1;5;6;1;1497;;13;9;3;12;5;6;11;13;16;9;18;5;
a09BT=~~~~4~~2;s;;;;;;11.22.37;1;5;6;1;1497;;13;9;3;12;5;6;11;13;16;9;18;5;
*p19:20;;;;;;;11.22.40;1;5;6;1;1501;;13;9;3;12;5;6;11;13;16;9;18;5;
*z4;;;;;;;11.22.40;1;4;6;1;1499;;9;3;12;5;6;13;11;13;16;9;18;5;
ac05:02;;;;;;;11.22.40;1;4;6;1;1499;;9;3;12;5;6;13;11;13;16;9;18;2;
ac16:10;;;;;;;11.22.40;1;4;6;1;1499;;9;3;12;5;6;13;11;13;10;9;18;2;
aP10;;;;;;;11.22.40;1;4;6;1;1499;;9;3;12;5;6;13;11;13;10;9;18;2;
az3;;;;;;;11.22.40;1;4;3;1;1499;;9;3;12;5;6;13;11;13;10;9;18;2;
*c09:02;;;;;;;11.22.40;1;4;3;1;1499;;2;3;12;5;6;13;11;13;10;9;18;2;
*c05:01;;;;;;;11.22.40;1;4;3;1;1499;;2;3;12;1;6;13;11;13;10;9;18;2;
*P2;;;;;;;11.22.40;1;4;3;1;1499;;2;3;12;1;6;13;11;13;10;9;18;2;
*z1;;;;;;;11.22.40;1;1;3;1;1499;;2;3;12;1;6;13;11;13;10;9;18;2;
aT;;;;;;;11.22.40;1;1;3;1;1499;;2;3;12;1;6;13;11;13;10;9;18;2;
*02SM+~~~11;;;;;;;11.24.18;1;1;3;1;1597;;2;3;12;1;6;13;11;13;10;9;18;2;
a11RM-~~~11;;;;;;;11.24.18;1;1;3;1;1597;;2;3;12;1;6;13;11;13;10;9;18;2;
a10ET+~~B;;;;;;;11.24.18;1;1;3;1;1597;;2;3;12;1;6;13;11;13;10;9;18;2;
a02AT=Y9~91AH2O;p;r;;;;;11.24.23;1;1;3;1;1602;;2;3;12;1;6;13;11;13;10;9;18;2;
*$$&H#;p;;;;;;11.24.23;1;1;3;1;1602;;2;3;12;1;6;13;11;13;10;9;18;2;
*p20:20;;;;;;;11.24.28;1;1;3;1;1606;;2;3;12;1;6;13;11;13;10;9;18;2;
*02SM-~~~11;;;;;;;11.24.41;1;1;3;1;1621;;2;3;12;1;6;13;11;13;10;9;18;2;
a11RM#~~~11~O;;;;;;;11.24.41;1;1;3;1;1621;;2;3;12;1;6;13;11;13;10;9;18;2;
a10ET+K3F;;;;;;;11.24.41;1;1;3;1;1621;;2;3;12;1;6;13;11;13;10;9;18;2;
a09AT#W4~48AH1;s;r;;;;;11.24.45;1;1;3;1;1625;;2;3;12;1;6;13;11;13;10;9;18;2;
*$$&H=;s;;;;;;11.24.45;1;1;3;1;1625;;2;3;12;1;6;13;11;13;10;9;18;2;
ap20:21;;;;;;;11.24.49;1;1;3;1;1629;;2;3;12;1;6;13;11;13;10;9;18;2;
az2;;;;;;;11.24.49;1;1;2;1;1628;;2;3;12;1;6;13;13;10;9;18;2;11;
a13SM-~~~55;;;;;;;11.25.04;1;1;2;1;1643;;2;3;12;1;6;13;13;10;9;18;2;11;
*06RM+~~~55~O;;;;;;;11.25.04;1;1;2;1;1643;;2;3;12;1;6;13;13;10;9;18;2;11;
*02ET+K8F;;;;;;;11.25.04;1;1;2;1;1643;;2;3;12;1;6;13;13;10;9;18;2;11;
*01AT#W4~41AH2;s;r;;;;;11.25.09;1;1;2;1;1648;;2;3;12;1;6;13;13;10;9;18;2;11;
a11DT=~~~41A;s;;;;;;11.25.09;1;1;2;1;1648;;2;3;12;1;6;13;13;10;9;18;2;11;
*p21:21;;;;;;;11.25.13;1;1;2;1;1652;;2;3;12;1;6;13;13;10;9;18;2;11;
*z6;;;;;;;11.25.13;1;6;2;1;1652;;3;12;1;6;13;2;13;10;9;18;2;11;
*c06:16;;;;;;;11.25.13;1;6;2;1;1652;;3;12;1;16;13;2;13;10;9;18;2;11;
*03SM-~~~15;;;;;;;11.25.28;1;6;2;1;1667;;3;12;1;16;13;2;13;10;9;18;2;11;
a11RM#~~~15~O;;;;;;;11.25.28;1;6;2;1;1667;;3;12;1;16;13;2;13;10;9;18;2;11;
a10ET+K1B;;;;;;;11.25.40;1;6;2;1;1667;;3;12;1;16;13;2;13;10;9;18;2;11;
a02AT+Y9~91~H1;;r;;;;;11.25.33;1;6;2;1;1672;;3;12;1;16;13;2;13;10;9;18;2;11;
*02DT/~~~91;;;;;;;11.25.33;1;6;2;1;1672;;3;12;1;16;13;2;13;10;9;18;2;11;
a09FH+~~~~4;;;;;;;11.25.36;1;6;2;1;1673;;3;12;1;16;13;2;13;10;9;18;2;11;
a10EQ+~~C;;;;;;;11.25.44;1;6;2;1;1673;;3;12;1;16;13;2;13;10;9;18;2;11;
a18AQ-J4~39~H2;;s;;;;;11.25.38;1;6;2;1;1677;;3;12;1;16;13;2;13;10;9;18;2;11;
*02DQ+~~~39;;;;;;;11.25.38;1;6;2;1;1677;;3;12;1;16;13;2;13;10;9;18;2;11;
*12EH+~~F;;;;;;;11.25.38;1;6;2;1;1677;;3;12;1;16;13;2;13;10;9;18;2;11;
*16AH-G4~45~H1;;p;;;;;11.25.42;1;6;2;1;1681;;3;12;1;16;13;2;13;10;9;18;2;11;
a11DH+~~~45;;;;;;;11.25.42;1;6;2;1;1681;;3;12;1;16;13;2;13;10;9;18;2;11;
a09EH+~~B;;;;;;;11.25.42;1;6;2;1;1681;;3;12;1;16;13;2;13;10;9;18;2;11;
a02AH-G9~94~H2;;s;;;;;11.25.45;1;6;2;1;1685;;3;12;1;16;13;2;13;10;9;18;2;11;
*12BH+~~~~4~~2;;;;;;;11.25.45;1;6;2;1;1685;;3;12;1;16;13;2;13;10;9;18;2;11;
*18DH+~~~~5;;;;;;;11.25.45;1;6;2;1;1685;;3;12;1;16;13;2;13;10;9;18;2;11;
*02ET+~~F;;;;;;;11.25.45;1;6;2;1;1685;;3;12;1;16;13;2;13;10;9;18;2;11;
*16AT#W4~49~T2X;p;p;;;;;11.25.49;1;6;2;1;1688;;3;12;1;16;13;2;13;10;9;18;2;11;
a02DT=~~~49~E;p;;;;;;11.25.49;1;6;2;1;1688;;3;12;1;16;13;2;13;10;9;18;2;11;
*p22:21;;;;;;;11.26.08;1;6;2;1;1693;;3;12;1;16;13;2;13;10;9;18;2;11;
*03SM-~~~11;;;;;;;11.26.24;1;6;2;1;1723;;3;12;1;16;13;2;13;10;9;18;2;11;
a04RM#~~~11~O;;;;;;;11.26.24;1;6;2;1;1723;;3;12;1;16;13;2;13;10;9;18;2;11;
a10ET+K1F;;;;;;;11.26.24;1;6;2;1;1723;;3;12;1;16;13;2;13;10;9;18;2;11;
a09AT/W4~42~H1;p;r;;;;;11.26.28;1;6;2;1;1727;;3;12;1;16;13;2;13;10;9;18;2;11;
*01BT#~~~~2~~1;p;;;;;;11.26.28;1;6;2;1;1727;;3;12;1;16;13;2;13;10;9;18;2;11;
*p23:21;;;;;;;11.26.30;1;6;2;1;1731;;3;12;1;16;13;2;13;10;9;18;2;11;
aT;;;;;;;11.26.30;1;6;2;1;1729;;3;12;1;16;13;2;13;10;9;18;2;11;
*03SM-~~~16;;;;;;;11.27.43;1;6;2;1;1803;;3;12;1;16;13;2;13;10;9;18;2;11;
a04RM#~~~16;;;;;;;11.27.43;1;6;2;1;1803;;3;12;1;16;13;2;13;10;9;18;2;11;
a10EQ+K1C;;;;;;;11.27.43;1;6;2;1;1803;;3;12;1;16;13;2;13;10;9;18;2;11;
a18AQ-J1~33~H1;;r;;;;;11.27.49;1;6;2;1;1808;;3;12;1;16;13;2;13;10;9;18;2;11;
*12BQ+~~~~3~~1;;;;;;;11.27.49;1;6;2;1;1808;;3;12;1;16;13;2;13;10;9;18;2;11;
*12DH+~~~~3;;;;;;;11.27.49;1;6;2;1;1808;;3;12;1;16;13;2;13;10;9;18;2;11;
*02ET+~~F;;;;;;;11.27.49;1;6;2;1;1808;;3;12;1;16;13;2;13;10;9;18;2;11;
*16AT#W4~49~T1X;p;p;;;;;11.27.52;1;6;2;1;1812;;3;12;1;16;13;2;13;10;9;18;2;11;
a02DT=~~~49~E;p;;;;;;11.27.52;1;6;2;1;1812;;3;12;1;16;13;2;13;10;9;18;2;11;
*p24:21;;;;;;;11.28.01;1;6;2;1;1816;;3;12;1;16;13;2;13;10;9;18;2;11;
*03SM-~~~11;;;;;;;11.28.10;1;6;2;1;1830;;3;12;1;16;13;2;13;10;9;18;2;11;
a04RM+~~~11~~~~41;;;;;;;11.28.10;1;6;2;1;1830;;3;12;1;16;13;2;13;10;9;18;2;11;
a10EQ+K1C;;;;;;;11.28.10;1;6;2;1;1830;;3;12;1;16;13;2;13;10;9;18;2;11;
a18AQ#J1~33~H1S;s;r;;;;;11.28.16;1;6;2;1;1834;;3;12;1;16;13;2;13;10;9;18;2;11;
*12BQ=~~~~3~T1S;s;;;;;;11.28.16;1;6;2;1;1834;;3;12;1;16;13;2;13;10;9;18;2;11;
ap24:22;;;;;;;11.28.19;1;6;2;1;1838;;3;12;1;16;13;2;13;10;9;18;2;11;
az1;;;;;;;11.28.19;1;6;1;1;1838;;3;12;1;16;13;2;10;9;18;2;11;13;
a10SQ!~~~11;;;;;;;11.28.34;1;6;1;1;1852;;3;12;1;16;13;2;10;9;18;2;11;13;
*03RQ!~~~11~~~~34;;;;;;;11.28.34;1;6;1;1;1852;;3;12;1;16;13;2;10;9;18;2;11;13;
*02ET+KFF;;;;;;;11.28.34;1;6;1;1;1852;;3;12;1;16;13;2;10;9;18;2;11;13;
*16AT!W4~42~H2;;r;;;;;11.28.38;1;6;1;1;1856;;3;12;1;16;13;2;10;9;18;2;11;13;
a02BT/~~~~2~~2;s;;;;;;11.28.38;1;6;1;1;1856;;3;12;1;16;13;2;10;9;18;2;11;13;
*$$&H#;s;;;;;;11.28.38;1;6;1;1;1856;;3;12;1;16;13;2;10;9;18;2;11;13;
*p25:22;;;;;;;11.28.47;1;6;1;1;1861;;3;12;1;16;13;2;10;9;18;2;11;13;
**1set;;;;;;;11.28.47;2;6;1;1;1866;;;;;;;;;;;;;;
*P05>LUp;;;;;;;11.28.47;2;6;1;1;1866;;16;13;9;3;12;5;13;10;9;18;2;11;
*z6>LUp;;;;;;;11.28.47;2;6;1;1;1866;;16;13;9;3;12;5;13;10;9;18;2;11;
aP10>LUp;;;;;;;11.28.47;2;6;1;1;1866;;16;13;9;3;12;5;13;10;9;18;2;11;
az2>LUp;;;;;;;11.28.47;2;6;2;1;1866;;16;13;9;3;12;5;13;10;9;18;2;11;
*16SQ-~~~18~~~N;;;;;;;11.32.53;2;6;2;1;2113;;16;13;9;3;12;5;13;10;9;18;2;11;
a11RQ#~~~18;;;;;;;11.32.53;2;6;2;1;2113;;16;13;9;3;12;5;13;10;9;18;2;11;
a10ET+K1B;;;;;;;11.32.53;2;6;2;1;2113;;16;13;9;3;12;5;13;10;9;18;2;11;
a02AT/Y9~94~H2;p;r;;;;;11.32.58;2;6;2;1;2118;;16;13;9;3;12;5;13;10;9;18;2;11;
*03BT#~~~~4~~2;p;;;;;;11.32.58;2;6;2;1;2118;;16;13;9;3;12;5;13;10;9;18;2;11;
*p01:00;;;;;;;11.33.01;2;6;2;1;2122;;16;13;9;3;12;5;13;10;9;18;2;11;
*16SQ!~~~15;;;;;;;11.33.14;2;6;2;1;2134;;16;13;9;3;12;5;13;10;9;18;2;11;
a09RQ!~~~15~~~~22;;;;;;;11.33.14;2;6;2;1;2134;;16;13;9;3;12;5;13;10;9;18;2;11;
a10ET+KBF~~~~~~K2;;;;;;;11.33.14;2;6;2;1;2134;;16;13;9;3;12;5;13;10;9;18;2;11;
a09AT+W4~42~H2;;r;;;;;11.33.20;2;6;2;1;2139;;16;13;9;3;12;5;13;10;9;18;2;11;
*13BT-~~~~2~~2;;;;;;;11.33.20;2;6;2;1;2139;;16;13;9;3;12;5;13;10;9;18;2;11;
a11DH+~~~~8;;;;;;;11.33.20;2;6;2;1;2139;;16;13;9;3;12;5;13;10;9;18;2;11;
a10EQ+~~C;;;;;;;11.33.20;2;6;2;1;2140;;16;13;9;3;12;5;13;10;9;18;2;11;
a18AQ-J1~37~H2;;s;;;;;11.33.23;2;6;2;1;2142;;16;13;9;3;12;5;13;10;9;18;2;11;
*18DQ+~~~37;;;;;;;11.33.23;2;6;2;1;2142;;16;13;9;3;12;5;13;10;9;18;2;11;
*05EH+~~F;;;;;;;11.33.23;2;6;2;1;2142;;16;13;9;3;12;5;13;10;9;18;2;11;
*03AH/G4~42~T2;s;p;;;;;11.33.26;2;6;2;1;2146;;16;13;9;3;12;5;13;10;9;18;2;11;
a18BH#~~~~2~~2;s;;;;;;11.33.26;2;6;2;1;2146;;16;13;9;3;12;5;13;10;9;18;2;11;
ap01:01;;;;;;;11.33.40;2;6;2;1;2152;;16;13;9;3;12;5;13;10;9;18;2;11;
az1;;;;;;;11.33.40;2;6;1;1;2159;;16;13;9;3;12;5;10;9;18;2;11;13;
a10SQ+~~~13~~~N;;;;;;;11.33.51;2;6;1;1;2170;;16;13;9;3;12;5;10;9;18;2;11;13;
*05RQ-~~~13~W;;;;;;;11.33.51;2;6;1;1;2170;;16;13;9;3;12;5;10;9;18;2;11;13;
*13EH+~~F;;;;;;;11.33.54;2;6;1;1;2173;;16;13;9;3;12;5;10;9;18;2;11;13;
*03AH-G4~42~H2;;r;;;;;11.33.55;2;6;1;1;2174;;16;13;9;3;12;5;10;9;18;2;11;13;
a18BH+~~~~2~~2;;;;;;;11.33.55;2;6;1;1;2174;;16;13;9;3;12;5;10;9;18;2;11;13;
a09DH+~~~~4;;;;;;;11.33.58;2;6;1;1;2174;;16;13;9;3;12;5;10;9;18;2;11;13;
a10EH+~~B;;;;;;;11.34.03;2;6;1;1;2174;;16;13;9;3;12;5;10;9;18;2;11;13;
a02AH-G2~22~H2;;p;;;;;11.33.59;2;6;1;1;2178;;16;13;9;3;12;5;10;9;18;2;11;13;
*05DH+~~~22;;;;;;;11.33.59;2;6;1;1;2178;;16;13;9;3;12;5;10;9;18;2;11;13;
*16EH+~~F;;;;;;;11.33.59;2;6;1;1;2178;;16;13;9;3;12;5;10;9;18;2;11;13;
*03AH=G4~41~H2;p;s;;;;;11.34.04;2;6;1;1;2183;;16;13;9;3;12;5;10;9;18;2;11;13;
a$$&H#;p;;;;;;11.34.04;2;6;1;1;2183;;16;13;9;3;12;5;10;9;18;2;11;13;
ap01:02;;;;;;;11.34.11;2;6;1;1;2187;;16;13;9;3;12;5;10;9;18;2;11;13;
a10SQ-~~~16;;;;;;;11.34.22;2;6;1;1;2201;;16;13;9;3;12;5;10;9;18;2;11;13;
*18RQ+~~~16;;;;;;;11.34.22;2;6;1;1;2201;;16;13;9;3;12;5;10;9;18;2;11;13;
*05ET+K1B;;;;;;;11.34.22;2;6;1;1;2201;;16;13;9;3;12;5;10;9;18;2;11;13;
*09AT#W2~24~H1;s;r;;;;;11.34.26;2;6;1;1;2205;;16;13;9;3;12;5;10;9;18;2;11;13;
a09BT=~~~~4~~1;s;;;;;;11.34.26;2;6;1;1;2205;;16;13;9;3;12;5;10;9;18;2;11;13;
*p02:02;;;;;;;11.34.29;2;6;1;1;2209;;16;13;9;3;12;5;10;9;18;2;11;13;
*z5;;;;;;;11.34.29;2;5;1;1;2208;;13;9;3;12;5;16;10;9;18;2;11;13;
*13SM+~~~61;;;;;;;11.34.48;2;5;1;1;2226;;13;9;3;12;5;16;10;9;18;2;11;13;
a04RM-~~~61~O;;;;;;;11.34.48;2;5;1;1;2226;;13;9;3;12;5;16;10;9;18;2;11;13;
a10EH+~~B;;;;;;;11.35.00;2;5;1;1;2226;;13;9;3;12;5;16;10;9;18;2;11;13;
a09AH-G2~24~H2;;r;;;;;11.34.52;2;5;1;1;2231;;13;9;3;12;5;16;10;9;18;2;11;13;
*12BH+~~~~4~~2;;;;;;;11.34.52;2;5;1;1;2231;;13;9;3;12;5;16;10;9;18;2;11;13;
*09DH+~~~~3;;;;;;;11.34.53;2;5;1;1;2231;;13;9;3;12;5;16;10;9;18;2;11;13;
*05ET+~~F;;;;;;;11.34.53;2;5;1;1;2231;;13;9;3;12;5;16;10;9;18;2;11;13;
*03AT+W4~42~T2C;;p;;;;;11.34.55;2;5;1;1;2235;;13;9;3;12;5;16;10;9;18;2;11;13;
a18BT-~~~~2~~2;;;;;;;11.34.55;2;5;1;1;2235;;13;9;3;12;5;16;10;9;18;2;11;13;
*18DH-~~~~2;;;;;;;11.34.58;2;5;1;1;2235;;13;9;3;12;5;16;10;9;18;2;11;13;
a11EH/;;;;;;;11.34.58;2;5;1;1;2235;;13;9;3;12;5;16;10;9;18;2;11;13;
*13FH+~~~~7;;;;;;;11.35.02;2;5;1;1;2238;;13;9;3;12;5;16;10;9;18;2;11;13;
*05EQ+~~C;;;;;;;11.35.02;2;5;1;1;2238;;13;9;3;12;5;16;10;9;18;2;11;13;
*12AQ#J3~35~H1X;p;p;;;;;11.35.05;2;5;1;1;2243;;13;9;3;12;5;16;10;9;18;2;11;13;
a11DQ=~~~35;p;;;;;;11.35.05;2;5;1;1;2243;;13;9;3;12;5;16;10;9;18;2;11;13;
*p03:02;;;;;;;11.35.15;2;5;1;1;2247;;13;9;3;12;5;16;10;9;18;2;11;13;
*13SM!~~~69;;;;;;;11.35.26;2;5;1;1;2265;;13;9;3;12;5;16;10;9;18;2;11;13;
a09RM!~~~69~O~~32;;;;;;;11.35.26;2;5;1;1;2265;;13;9;3;12;5;16;10;9;18;2;11;13;
a10EQ+K1C;;;;;;;11.35.26;2;5;1;1;2265;;13;9;3;12;5;16;10;9;18;2;11;13;
a18AQ/J1~33~H2;p;r;;;;;11.35.30;2;5;1;1;2269;;13;9;3;12;5;16;10;9;18;2;11;13;
*09BQ#~~~~3~~2;p;;;;;;11.35.30;2;5;1;1;2269;;13;9;3;12;5;16;10;9;18;2;11;13;
*p04:02;;;;;;;11.35.34;2;5;1;1;2273;;13;9;3;12;5;16;10;9;18;2;11;13;
*13SM+~~~61;;;;;;;11.35.54;2;5;1;1;2293;;13;9;3;12;5;16;10;9;18;2;11;13;
a09RM-~~~61;;;;;;;11.35.54;2;5;1;1;2293;;13;9;3;12;5;16;10;9;18;2;11;13;
a11EH+~~B;;;;;;;11.35.58;2;5;1;1;2293;;13;9;3;12;5;16;10;9;18;2;11;13;
a09AH=G2~21~H2;p;r;;;;;11.35.59;2;5;1;1;2299;;13;9;3;12;5;16;10;9;18;2;11;13;
*$$&H#;p;;;;;;11.35.59;2;5;1;1;2299;;13;9;3;12;5;16;10;9;18;2;11;13;
*p05:02;;;;;;;11.36.03;2;5;1;1;2303;;13;9;3;12;5;16;10;9;18;2;11;13;
aT;;;;;;;11.36.03;2;5;1;1;2302;;13;9;3;12;5;16;10;9;18;2;11;13;
*13SM!~~~61;;;;;;;11.37.07;2;5;1;1;2366;;13;9;3;12;5;16;10;9;18;2;11;13;
a09RM!~~~61~O~~32;;;;;;;11.37.07;2;5;1;1;2366;;13;9;3;12;5;16;10;9;18;2;11;13;
a10ET+K1F;;;;;;;11.37.07;2;5;1;1;2366;;13;9;3;12;5;16;10;9;18;2;11;13;
a02AT#W4~42~H2S;s;r;;;;;11.37.11;2;5;1;1;2371;;13;9;3;12;5;16;10;9;18;2;11;13;
*09BT=~~~~2~~2;s;;;;;;11.37.11;2;5;1;1;2371;;13;9;3;12;5;16;10;9;18;2;11;13;
ap05:03;;;;;;;11.37.13;2;5;1;1;2375;;13;9;3;12;5;16;10;9;18;2;11;13;
az6;;;;;;;11.37.13;2;5;6;1;2372;;13;9;3;12;5;16;9;18;2;11;13;10;
a09SM-~~~55;;;;;;;11.37.31;2;5;6;1;2390;;13;9;3;12;5;16;9;18;2;11;13;10;
*03RM+~~~55~O;;;;;;;11.37.31;2;5;6;1;2390;;13;9;3;12;5;16;9;18;2;11;13;10;
*05ET+KBB;;;;;;;11.37.31;2;5;6;1;2390;;13;9;3;12;5;16;9;18;2;11;13;10;
*09AT#W2~24~H1;s;r;;;;;11.37.35;2;5;6;1;2395;;13;9;3;12;5;16;9;18;2;11;13;10;
a11BT=~~~~4~~1;s;;;;;;11.37.35;2;5;6;1;2395;;13;9;3;12;5;16;9;18;2;11;13;10;
*p06:03;;;;;;;11.37.38;2;5;6;1;2399;;13;9;3;12;5;16;9;18;2;11;13;10;
*z4;;;;;;;11.37.38;2;4;6;1;2397;;9;3;12;5;16;13;9;18;2;11;13;10;
*09SQ#~~~61C;p;;;;;;11.37.56;2;4;6;1;2415;;9;3;12;5;16;13;9;18;2;11;13;10;
a09RQ=~~~61CL;p;;;;;;11.37.56;2;4;6;1;2415;;9;3;12;5;16;13;9;18;2;11;13;10;
*p07:03;;;;;;;11.38.01;2;4;6;1;2419;;9;3;12;5;16;13;9;18;2;11;13;10;
*09SQ#~~~67~~~N;p;;;;;;11.38.17;2;4;6;1;2436;;9;3;12;5;16;13;9;18;2;11;13;10;
a11RQ=~~~67~W;p;;;;;;11.38.17;2;4;6;1;2436;;9;3;12;5;16;13;9;18;2;11;13;10;
*p08:03;;;;;;;11.38.20;2;4;6;1;2440;;9;3;12;5;16;13;9;18;2;11;13;10;
*09SQ!~~~66;;;;;;;11.38.37;2;4;6;1;2456;;9;3;12;5;16;13;9;18;2;11;13;10;
a09RQ!~~~66~~~~21;;;;;;;11.38.37;2;4;6;1;2456;;9;3;12;5;16;13;9;18;2;11;13;10;
a10EQ+KBC~~~~~~K1;;;;;;;11.38.37;2;4;6;1;2456;;9;3;12;5;16;13;9;18;2;11;13;10;
a18AQ#J4~39DH2;s;r;;;;;11.38.42;2;4;6;1;2461;;9;3;12;5;16;13;9;18;2;11;13;10;
*18DQ=~~~39DS;s;;;;;;11.38.42;2;4;6;1;2461;;9;3;12;5;16;13;9;18;2;11;13;10;
ap08:04;;;;;;;11.38.46;2;4;6;1;2465;;9;3;12;5;16;13;9;18;2;11;13;10;
az5;;;;;;;11.38.46;2;4;5;1;2465;;9;3;12;5;16;13;18;2;11;13;10;9;
a18SM!~~~55;;;;;;;11.39.02;2;4;5;1;2482;;9;3;12;5;16;13;18;2;11;13;10;9;
*03RM!~~~55~O;;;;;;;11.39.02;2;4;5;1;2482;;9;3;12;5;16;13;18;2;11;13;10;9;
*05ET+KFF;;;;;;;11.39.16;2;4;5;1;2482;;9;3;12;5;16;13;18;2;11;13;10;9;
*03AT+W4~42~H2;;r;;;;;11.39.07;2;4;5;1;2486;;9;3;12;5;16;13;18;2;11;13;10;9;
a02BT-~~~~2~~2;;;;;;;11.39.07;2;4;5;1;2486;;9;3;12;5;16;13;18;2;11;13;10;9;
a09DH/;;;;;;;11.39.09;2;4;5;1;2488;;9;3;12;5;16;13;18;2;11;13;10;9;
*12FH+~~~~2;;;;;;;11.39.12;2;4;5;1;2491;;9;3;12;5;16;13;18;2;11;13;10;9;
*05ET+~~F;;;;;;;11.39.12;2;4;5;1;2492;;9;3;12;5;16;13;18;2;11;13;10;9;
*03AT-W4~42~T2;;s;;;;;11.39.13;2;4;5;1;2493;;9;3;12;5;16;13;18;2;11;13;10;9;
a10DT+~~~42;;;;;;;11.39.13;2;4;5;1;2493;;9;3;12;5;16;13;18;2;11;13;10;9;
a11EH+~~B;;;;;;;11.39.13;2;4;5;1;2496;;9;3;12;5;16;13;18;2;11;13;10;9;
a02AH-G2~21~H3;;p;;;;;11.39.17;2;4;5;1;2497;;9;3;12;5;16;13;18;2;11;13;10;9;
*05BH+~~~~4~~3;;;;;;;11.39.17;2;4;5;1;2497;;9;3;12;5;16;13;18;2;11;13;10;9;
*16DH+~~~21;;;;;;;11.39.17;2;4;5;1;2499;;9;3;12;5;16;13;18;2;11;13;10;9;
*09EH-~~~~3;;;;;;;11.39.17;2;4;5;1;2501;;9;3;12;5;16;13;18;2;11;13;10;9;
*12AH/G3~33~T1;p;s;;;;;11.39.24;2;4;5;1;2500;;9;3;12;5;16;13;18;2;11;13;10;9;
a13BH#~~~~3~A1;p;;;;;;11.39.24;2;4;5;1;2500;;9;3;12;5;16;13;18;2;11;13;10;9;
ap08:05;;;;;;;11.39.46;2;4;5;1;2504;;9;3;12;5;16;13;18;2;11;13;10;9;
a18SM-~~~55;;;;;;;11.39.56;2;4;5;1;2535;;9;3;12;5;16;13;18;2;11;13;10;9;
*03RM#~~~55~O;;;;;;;11.39.56;2;4;5;1;2535;;9;3;12;5;16;13;18;2;11;13;10;9;
*05EQ+K3C;;;;;;;11.39.56;2;4;5;1;2535;;9;3;12;5;16;13;18;2;11;13;10;9;
*12AQ#J3~34~T1X;s;r;;;;;11.40.00;2;4;5;1;2539;;9;3;12;5;16;13;18;2;11;13;10;9;
a$$&H=;s;;;;;;11.40.00;2;4;5;1;2539;;9;3;12;5;16;13;18;2;11;13;10;9;
*p09:05;;;;;;;11.40.02;2;4;5;1;2543;;9;3;12;5;16;13;18;2;11;13;10;9;
*z3;;;;;;;11.40.02;2;3;5;1;2541;;3;12;5;16;13;9;18;2;11;13;10;9;
*03SM!~~~16;;;;;;;11.40.18;2;3;5;1;2557;;3;12;5;16;13;9;18;2;11;13;10;9;
a04RM!~~~16~O~~32;;;;;;;11.40.18;2;3;5;1;2557;;3;12;5;16;13;9;18;2;11;13;10;9;
a10ET+K1B;;;;;;;11.40.18;2;3;5;1;2557;;3;12;5;16;13;9;18;2;11;13;10;9;
a02AT#W2~29BH2;s;r;;;;;11.40.22;2;3;5;1;2562;;3;12;5;16;13;9;18;2;11;13;10;9;
*$$&H=;s;;;;;;11.40.22;2;3;5;1;2562;;3;12;5;16;13;9;18;2;11;13;10;9;
ap09:06;;;;;;;11.40.27;2;3;5;1;2566;;3;12;5;16;13;9;18;2;11;13;10;9;
az4;;;;;;;11.40.27;2;3;4;1;2566;;3;12;5;16;13;9;2;11;13;10;9;18;
a02SQ+~~~65;;;;;;;11.40.41;2;3;4;1;2581;;3;12;5;16;13;9;2;11;13;10;9;18;
*16RQ-~~~65;;;;;;;11.40.41;2;3;4;1;2581;;3;12;5;16;13;9;2;11;13;10;9;18;
*03EH+~~F;;;;;;;11.40.41;2;3;4;1;2581;;3;12;5;16;13;9;2;11;13;10;9;18;
*16AH#G4~49AH0;s;r;;;;;11.40.47;2;3;4;1;2586;;3;12;5;16;13;9;2;11;13;10;9;18;
a02DH=~~~49AS;s;;;;;;11.40.47;2;3;4;1;2586;;3;12;5;16;13;9;2;11;13;10;9;18;
*p10:06;;;;;;;11.40.53;2;3;4;1;2590;;3;12;5;16;13;9;2;11;13;10;9;18;
*z2;;;;;;;11.40.53;2;2;4;1;2592;;12;5;16;13;9;3;2;11;13;10;9;18;
*12SQ-~~~56;;;;;;;11.41.21;2;2;4;1;2621;;12;5;16;13;9;3;2;11;13;10;9;18;
a09RQ+~~~56;;;;;;;11.41.21;2;2;4;1;2621;;12;5;16;13;9;3;2;11;13;10;9;18;
a10ET+K1F;;;;;;;11.41.21;2;2;4;1;2621;;12;5;16;13;9;3;2;11;13;10;9;18;
a11AT#W4~42~H2S;s;r;;;;;11.41.26;2;2;4;1;2625;;12;5;16;13;9;3;2;11;13;10;9;18;
*05BT=~~~~2~~2;s;;;;;;11.41.26;2;2;4;1;2625;;12;5;16;13;9;3;2;11;13;10;9;18;
ap10:07;;;;;;;11.41.27;2;2;4;1;2629;;12;5;16;13;9;3;2;11;13;10;9;18;
az3;;;;;;;11.41.27;2;2;3;1;2626;;12;5;16;13;9;3;11;13;10;9;18;2;
a11SM!~~~55;;;;;;;11.41.42;2;2;3;1;2642;;12;5;16;13;9;3;11;13;10;9;18;2;
*03RM!~~~55~O;;;;;;;11.41.42;2;2;3;1;2642;;12;5;16;13;9;3;11;13;10;9;18;2;
*05ET+K8B;;;;;;;11.41.42;2;2;3;1;2642;;12;5;16;13;9;3;11;13;10;9;18;2;
*09AT=Y9~96~H1;p;r;;;;;11.41.47;2;2;3;1;2647;;12;5;16;13;9;3;11;13;10;9;18;2;
a$$&H#;p;;;;;;11.41.47;2;2;3;1;2647;;12;5;16;13;9;3;11;13;10;9;18;2;
ap10:08;;;;;;;11.41.54;2;2;3;1;2651;;12;5;16;13;9;3;11;13;10;9;18;2;
a11SM!~~~55;;;;;;;11.42.02;2;2;3;1;2663;;12;5;16;13;9;3;11;13;10;9;18;2;
*03RM!~~~55~O;;;;;;;11.42.02;2;2;3;1;2663;;12;5;16;13;9;3;11;13;10;9;18;2;
*05ET+KCF;;;;;;;11.42.11;2;2;3;1;2663;;12;5;16;13;9;3;11;13;10;9;18;2;
*16AT-W4~42~H2;;r;;;;;11.42.08;2;2;3;1;2667;;12;5;16;13;9;3;11;13;10;9;18;2;
a10BT+~~~~2~~2;;;;;;;11.42.08;2;2;3;1;2667;;12;5;16;13;9;3;11;13;10;9;18;2;
a11DH+~~~~6;;;;;;;11.42.08;2;2;3;1;2667;;12;5;16;13;9;3;11;13;10;9;18;2;
a04EH+~~F;;;;;;;11.42.08;2;2;3;1;2669;;12;5;16;13;9;3;11;13;10;9;18;2;
a09AH-G4~46~T0;;p;;;;;11.42.12;2;2;3;1;2671;;12;5;16;13;9;3;11;13;10;9;18;2;
*18DH+~~~46;;;;;;;11.42.12;2;2;3;1;2671;;12;5;16;13;9;3;11;13;10;9;18;2;
*05ET+~~F;;;;;;;11.42.12;2;2;3;1;2671;;12;5;16;13;9;3;11;13;10;9;18;2;
*16AT#W4~42~H2S;s;s;;;;;11.42.14;2;2;3;1;2674;;12;5;16;13;9;3;11;13;10;9;18;2;
a13BT=~~~~2~~2;s;;;;;;11.42.14;2;2;3;1;2674;;12;5;16;13;9;3;11;13;10;9;18;2;
*p11:08;;;;;;;11.42.25;2;2;3;1;2678;;12;5;16;13;9;3;11;13;10;9;18;2;
*z1;;;;;;;11.42.25;2;1;3;1;2684;;5;16;13;9;3;12;11;13;10;9;18;2;
*05SM!~~~16;;;;;;;11.42.36;2;1;3;1;2695;;5;16;13;9;3;12;11;13;10;9;18;2;
a04RM!~~~16~O~~22;;;;;;;11.42.36;2;1;3;1;2695;;5;16;13;9;3;12;11;13;10;9;18;2;
a10ET+K9B;;;;;;;11.42.36;2;1;3;1;2695;;5;16;13;9;3;12;11;13;10;9;18;2;
a02AT#Y9~94~H2;s;r;;;;;11.42.39;2;1;3;1;2699;;5;16;13;9;3;12;11;13;10;9;18;2;
*16BT=~~~~4~~2;s;;;;;;11.42.39;2;1;3;1;2699;;5;16;13;9;3;12;11;13;10;9;18;2;
ap11:09;;;;;;;11.42.50;2;1;3;1;2703;;5;16;13;9;3;12;11;13;10;9;18;2;
az2;;;;;;;11.42.50;2;1;2;1;2709;;5;16;13;9;3;12;13;10;9;18;2;11;
a13SM=~~~5~~~~N;s;;;;;;11.43.04;2;1;2;1;2724;;5;16;13;9;3;12;13;10;9;18;2;11;
*$$&H#;s;;;;;;11.43.04;2;1;2;1;2724;;5;16;13;9;3;12;13;10;9;18;2;11;
*p12:09;;;;;;;11.43.07;2;1;2;1;2727;;5;16;13;9;3;12;13;10;9;18;2;11;
*z6;;;;;;;11.43.07;2;6;2;1;2726;;16;13;9;3;12;5;13;10;9;18;2;11;
*16SQ!~~~16;;;;;;;11.43.22;2;6;2;1;2742;;16;13;9;3;12;5;13;10;9;18;2;11;
a11RQ!~~~16~~~~32;;;;;;;11.43.22;2;6;2;1;2742;;16;13;9;3;12;5;13;10;9;18;2;11;
a10ET+K2F;;;;;;;11.43.22;2;6;2;1;2742;;16;13;9;3;12;5;13;10;9;18;2;11;
a09AT#W4~42~H2;s;r;;;;;11.43.27;2;6;2;1;2747;;16;13;9;3;12;5;13;10;9;18;2;11;
*09BT=~~~~2~~2;s;;;;;;11.43.27;2;6;2;1;2747;;16;13;9;3;12;5;13;10;9;18;2;11;
ap12:10;;;;;;;11.43.29;2;6;2;1;2751;;16;13;9;3;12;5;13;10;9;18;2;11;
az1;;;;;;;11.43.29;2;6;1;1;2748;;16;13;9;3;12;5;10;9;18;2;11;13;
a10SQ-~~~16;;;;;;;11.43.47;2;6;1;1;2767;;16;13;9;3;12;5;10;9;18;2;11;13;
*18RQ#~~~16;;;;;;;11.43.47;2;6;1;1;2767;;16;13;9;3;12;5;10;9;18;2;11;13;
*05ET+K2B;;;;;;;11.43.47;2;6;1;1;2767;;16;13;9;3;12;5;10;9;18;2;11;13;
*09AT#W2~27DH1;s;r;;;;;11.43.51;2;6;1;1;2771;;16;13;9;3;12;5;10;9;18;2;11;13;
a04DT=~~~27D;s;;;;;;11.43.51;2;6;1;1;2771;;16;13;9;3;12;5;10;9;18;2;11;13;
*p13:10;;;;;;;11.43.55;2;6;1;1;2775;;16;13;9;3;12;5;10;9;18;2;11;13;
*z5;;;;;;;11.43.55;2;5;1;1;2774;;13;9;3;12;5;16;10;9;18;2;11;13;
*13SM!~~~61;;;;;;;11.44.14;2;5;1;1;2793;;13;9;3;12;5;16;10;9;18;2;11;13;
a09RM!~~~61~O~~32;;;;;;;11.44.14;2;5;1;1;2793;;13;9;3;12;5;16;10;9;18;2;11;13;
a10ET+K1B;;;;;;;11.44.14;2;5;1;1;2793;;13;9;3;12;5;16;10;9;18;2;11;13;
a09AT#W2~21~H2;s;r;;;;;11.44.17;2;5;1;1;2797;;13;9;3;12;5;16;10;9;18;2;11;13;
*05DT=~~~21;s;;;;;;11.44.17;2;5;1;1;2797;;13;9;3;12;5;16;10;9;18;2;11;13;
ap13:11;;;;;;;11.44.22;2;5;1;1;2801;;13;9;3;12;5;16;10;9;18;2;11;13;
az6;;;;;;;11.44.22;2;5;6;1;2801;;13;9;3;12;5;16;9;18;2;11;13;10;
a09SM=~~~5~~~~N;s;;;;;;11.44.36;2;5;6;1;2816;;13;9;3;12;5;16;9;18;2;11;13;10;
*$$&H#;s;;;;;;11.44.36;2;5;6;1;2816;;13;9;3;12;5;16;9;18;2;11;13;10;
*p14:11;;;;;;;11.44.39;2;5;6;1;2820;;13;9;3;12;5;16;9;18;2;11;13;10;
*z4;;;;;;;11.44.39;2;4;6;1;2818;;9;3;12;5;16;13;9;18;2;11;13;10;
*09SQ-~~~66;;;;;;;11.44.56;2;4;6;1;2836;;9;3;12;5;16;13;9;18;2;11;13;10;
a09RQ#~~~66;;;;;;;11.44.56;2;4;6;1;2836;;9;3;12;5;16;13;9;18;2;11;13;10;
a10EQ+K1C;;;;;;;11.44.56;2;4;6;1;2836;;9;3;12;5;16;13;9;18;2;11;13;10;
a18AQ-J4~33~H1;;r;;;;;11.45.02;2;4;6;1;2840;;9;3;12;5;16;13;9;18;2;11;13;10;
*12BQ+~~~~3~~1;;;;;;;11.45.02;2;4;6;1;2840;;9;3;12;5;16;13;9;18;2;11;13;10;
*12EH+~~F;;;;;;;11.45.02;2;4;6;1;2840;;9;3;12;5;16;13;9;18;2;11;13;10;
*03AH#G4~41~P2X;p;p;;;;;11.45.04;2;4;6;1;2844;;9;3;12;5;16;13;9;18;2;11;13;10;
a09DH=~~~41~E;p;;;;;;11.45.04;2;4;6;1;2844;;9;3;12;5;16;13;9;18;2;11;13;10;
*p15:11;;;;;;;11.45.18;2;4;6;1;2848;;9;3;12;5;16;13;9;18;2;11;13;10;
ac18:06;;;;;;;11.45.18;2;4;6;1;2857;;9;3;12;5;16;13;9;6;2;11;13;10;
*09SQ!~~~66;;;;;;;11.45.30;2;4;6;1;2870;;9;3;12;5;16;13;9;6;2;11;13;10;
a09RQ!~~~66~~~~41;;;;;;;11.45.30;2;4;6;1;2870;;9;3;12;5;16;13;9;6;2;11;13;10;
a10ET+K3B;;;;;;;11.45.30;2;4;6;1;2870;;9;3;12;5;16;13;9;6;2;11;13;10;
a02AT=W2~29~H2;p;r;;;;;11.45.35;2;4;6;1;2874;;9;3;12;5;16;13;9;6;2;11;13;10;
*$$&H#;p;;;;;;11.45.35;2;4;6;1;2874;;9;3;12;5;16;13;9;6;2;11;13;10;
*p16:11;;;;;;;11.46.01;2;4;6;1;2878;;9;3;12;5;16;13;9;6;2;11;13;10;
*09SQ=~~~6~~~~N;s;;;;;;11.46.15;2;4;6;1;2915;;9;3;12;5;16;13;9;6;2;11;13;10;
a$$&H#;s;;;;;;11.46.15;2;4;6;1;2915;;9;3;12;5;16;13;9;6;2;11;13;10;
ap16:12;;;;;;;11.46.18;2;4;6;1;2918;;9;3;12;5;16;13;9;6;2;11;13;10;
az5;;;;;;;11.46.18;2;4;5;1;2917;;9;3;12;5;16;13;6;2;11;13;10;9;
*c09:02;;;;;;;11.46.18;2;4;5;1;2917;;2;3;12;5;16;13;6;2;11;13;10;9;
*c05:01;;;;;;;11.46.18;2;4;5;1;2917;;2;3;12;1;16;13;6;2;11;13;10;9;
*P2;;;;;;;11.46.18;2;4;5;1;2917;;2;3;12;1;16;13;6;2;11;13;10;9;
*z1;;;;;;;11.46.18;2;1;5;1;2917;;2;3;12;1;16;13;6;2;11;13;10;9;
a06SM-~~~11;;;;;;;11.46.47;2;1;5;1;2948;;2;3;12;1;16;13;6;2;11;13;10;9;
*03RM+~~~11~O;;;;;;;11.46.47;2;1;5;1;2948;;2;3;12;1;16;13;6;2;11;13;10;9;
*02EQ+K1C;;;;;;;11.46.47;2;1;5;1;2948;;2;3;12;1;16;13;6;2;11;13;10;9;
*12AQ#J4~39CH1N;s;r;;;;;11.46.53;2;1;5;1;2952;;2;3;12;1;16;13;6;2;11;13;10;9;
a10DQ=~~~39CE;s;;;;;;11.46.53;2;1;5;1;2952;;2;3;12;1;16;13;6;2;11;13;10;9;
*p17:12;;;;;;;11.46.55;2;1;5;1;2956;;2;3;12;1;16;13;6;2;11;13;10;9;
*z6;;;;;;;11.46.55;2;6;5;1;2954;;3;12;1;16;13;2;6;2;11;13;10;9;
*03SM-~~~16;;;;;;;11.47.09;2;6;5;1;2968;;3;12;1;16;13;2;6;2;11;13;10;9;
a09RM+~~~16~O;;;;;;;11.47.09;2;6;5;1;2968;;3;12;1;16;13;2;6;2;11;13;10;9;
a10EQ+K1C;;;;;;;11.47.09;2;6;5;1;2968;;3;12;1;16;13;2;6;2;11;13;10;9;
a13AQ#J1~37~H1X;s;r;;;;;11.47.13;2;6;5;1;2972;;3;12;1;16;13;2;6;2;11;13;10;9;
*18DQ=~~~37~S;s;;;;;;11.47.13;2;6;5;1;2972;;3;12;1;16;13;2;6;2;11;13;10;9;
ap17:13;;;;;;;11.47.17;2;6;5;1;2976;;3;12;1;16;13;2;6;2;11;13;10;9;
az4;;;;;;;11.47.17;2;6;4;1;2976;;3;12;1;16;13;2;2;11;13;10;9;6;
a02SQ-~~~65;;;;;;;11.47.31;2;6;4;1;2990;;3;12;1;16;13;2;2;11;13;10;9;6;
*18RQ#~~~65;;;;;;;11.47.31;2;6;4;1;2990;;3;12;1;16;13;2;2;11;13;10;9;6;
*02ET+K2F;;;;;;;11.47.38;2;6;4;1;2990;;3;12;1;16;13;2;2;11;13;10;9;6;
*16AT-W4~49~T2;;r;;;;;11.47.36;2;6;4;1;2994;;3;12;1;16;13;2;2;11;13;10;9;6;
a02DT+~~~49;;;;;;;11.47.36;2;6;4;1;2994;;3;12;1;16;13;2;2;11;13;10;9;6;
a04EH+~~F;;;;;;;11.47.36;2;6;4;1;2996;;3;12;1;16;13;2;2;11;13;10;9;6;
a11AH-G4~48~T2;;p;;;;;11.47.39;2;6;4;1;2998;;3;12;1;16;13;2;2;11;13;10;9;6;
*18DH+~~~48;;;;;;;11.47.39;2;6;4;1;2998;;3;12;1;16;13;2;2;11;13;10;9;6;
*02ET+~~B;;;;;;;11.47.39;2;6;4;1;2998;;3;12;1;16;13;2;2;11;13;10;9;6;
*01AT#W2~24~H2S;s;s;;;;;11.47.41;2;6;4;1;3002;;3;12;1;16;13;2;2;11;13;10;9;6;
a11BT=~~~~4~~2;s;;;;;;11.47.41;2;6;4;1;3002;;3;12;1;16;13;2;2;11;13;10;9;6;
*p18:13;;;;;;;11.47.51;2;6;4;1;3006;;3;12;1;16;13;2;2;11;13;10;9;6;
*z5;;;;;;;11.47.51;2;5;4;1;3010;;12;1;16;13;2;3;2;11;13;10;9;6;
*12SQ#~~~56;p;;;;;;11.48.09;2;5;4;1;3028;;12;1;16;13;2;3;2;11;13;10;9;6;
a09RQ=~~~56~M;p;;;;;;11.48.09;2;5;4;1;3028;;12;1;16;13;2;3;2;11;13;10;9;6;
*p19:13;;;;;;;11.48.13;2;5;4;1;3033;;12;1;16;13;2;3;2;11;13;10;9;6;
aT;;;;;;;11.48.13;2;5;4;1;3032;;12;1;16;13;2;3;2;11;13;10;9;6;
*12SQ=~~~56~~~O;s;;;;;;11.49.35;2;5;4;1;3114;;12;1;16;13;2;3;2;11;13;10;9;6;
a$$&H#;s;;;;;;11.49.35;2;5;4;1;3114;;12;1;16;13;2;3;2;11;13;10;9;6;
ap19:14;;;;;;;11.49.38;2;5;4;1;3118;;12;1;16;13;2;3;2;11;13;10;9;6;
az3;;;;;;;11.49.38;2;5;3;1;3117;;12;1;16;13;2;3;11;13;10;9;6;2;
ac02:05;;;;;;;11.49.38;2;5;3;1;3117;;12;1;16;13;2;3;11;13;10;9;6;5;
ac10:16;;;;;;;11.49.38;2;5;3;1;3117;;12;1;16;13;2;3;11;13;16;9;6;5;
aP5;;;;;;;11.49.38;2;5;3;1;3117;;12;1;16;13;2;3;11;13;16;9;6;5;
az6;;;;;;;11.49.38;2;5;6;1;3117;;12;1;16;13;2;3;11;13;16;9;6;5;
a11SM-~~~55;;;;;;;11.50.02;2;5;6;1;3142;;12;1;16;13;2;3;11;13;16;9;6;5;
*03RM+~~~55~O;;;;;;;11.50.02;2;5;6;1;3142;;12;1;16;13;2;3;11;13;16;9;6;5;
*02EQ+K1C;;;;;;;11.50.02;2;5;6;1;3142;;12;1;16;13;2;3;11;13;16;9;6;5;
*13AQ#J1~35~H1X;s;r;;;;;11.50.08;2;5;6;1;3146;;12;1;16;13;2;3;11;13;16;9;6;5;
a04DQ=~~~35~S;s;;;;;;11.50.08;2;5;6;1;3146;;12;1;16;13;2;3;11;13;16;9;6;5;
*p20:14;;;;;;;11.50.11;2;5;6;1;3150;;12;1;16;13;2;3;11;13;16;9;6;5;
*z4;;;;;;;11.50.11;2;4;6;1;3150;;1;16;13;2;3;12;11;13;16;9;6;5;
*c01:05;;;;;;;11.50.11;2;4;6;1;3150;;5;16;13;2;3;12;11;13;16;9;6;5;
*c02:09;;;;;;;11.50.11;2;4;6;1;3150;;5;16;13;9;3;12;11;13;16;9;6;5;
*P5;;;;;;;11.50.11;2;4;6;1;3150;;5;16;13;9;3;12;11;13;16;9;6;5;
*z1;;;;;;;11.50.11;2;1;6;1;3150;;5;16;13;9;3;12;11;13;16;9;6;5;
*05SM-~~~16;;;;;;;11.50.43;2;1;6;1;3183;;5;16;13;9;3;12;11;13;16;9;6;5;
a11RM#~~~16~O;;;;;;;11.50.43;2;1;6;1;3183;;5;16;13;9;3;12;11;13;16;9;6;5;
a05EQ+K1C;;;;;;;11.50.43;2;1;6;1;3183;;5;16;13;9;3;12;11;13;16;9;6;5;
a13AQ+J4~33~H1;;r;;;;;11.50.47;2;1;6;1;3186;;5;16;13;9;3;12;11;13;16;9;6;5;
*13BQ-~~~~3~~1;;;;;;;11.50.47;2;1;6;1;3186;;5;16;13;9;3;12;11;13;16;9;6;5;
a16FH+~~~~2;;;;;;;11.50.51;2;1;6;1;3191;;5;16;13;9;3;12;11;13;16;9;6;5;
a05ET+~~F;;;;;;;11.50.51;2;1;6;1;3192;;5;16;13;9;3;12;11;13;16;9;6;5;
a09AT+W4~42~T2;;s;;;;;11.50.53;2;1;6;1;3193;;5;16;13;9;3;12;11;13;16;9;6;5;
*09BT-~~~~2~~2;;;;;;;11.50.53;2;1;6;1;3193;;5;16;13;9;3;12;11;13;16;9;6;5;
a13DH+~~~~3;;;;;;;11.50.55;2;1;6;1;3193;;5;16;13;9;3;12;11;13;16;9;6;5;
a05ET+~~B;;;;;;;11.50.55;2;1;6;1;3195;;5;16;13;9;3;12;11;13;16;9;6;5;
a16AT#W2~24~H1S;s;s;;;;;11.50.57;2;1;6;1;3196;;5;16;13;9;3;12;11;13;16;9;6;5;
*16BT=~~~~4~A1S;s;;;;;;11.50.57;2;1;6;1;3196;;5;16;13;9;3;12;11;13;16;9;6;5;
ap20:15;;;;;;;11.51.11;2;1;6;1;3200;;5;16;13;9;3;12;11;13;16;9;6;5;
az5;;;;;;;11.51.11;2;1;5;1;3210;;5;16;13;9;3;12;13;16;9;6;5;11;
a13SM=~~~56~~~O;s;;;;;;11.51.18;2;1;5;1;3218;;5;16;13;9;3;12;13;16;9;6;5;11;
*$$&H#;s;;;;;;11.51.18;2;1;5;1;3218;;5;16;13;9;3;12;13;16;9;6;5;11;
*p21:15;;;;;;;11.51.22;2;1;5;1;3222;;5;16;13;9;3;12;13;16;9;6;5;11;
*z6;;;;;;;11.51.22;2;6;5;1;3221;;16;13;9;3;12;5;13;16;9;6;5;11;
*c16:06;;;;;;;11.51.22;2;6;5;1;3221;;6;13;9;3;12;5;13;16;9;6;5;11;
*06SM+~~~11;;;;;;;11.51.48;2;6;5;1;3248;;6;13;9;3;12;5;13;16;9;6;5;11;
a04RM-~~~11;;;;;;;11.51.48;2;6;5;1;3248;;6;13;9;3;12;5;13;16;9;6;5;11;
a05ET+~~F;;;;;;;11.51.48;2;6;5;1;3248;;6;13;9;3;12;5;13;16;9;6;5;11;
a09AT/W4~42~H2;p;r;;;;;11.51.53;2;6;5;1;3253;;6;13;9;3;12;5;13;16;9;6;5;11;
*13BT#~~~~2~~2;p;;;;;;11.51.53;2;6;5;1;3253;;6;13;9;3;12;5;13;16;9;6;5;11;
*p22:15;;;;;;;11.51.56;2;6;5;1;3257;;6;13;9;3;12;5;13;16;9;6;5;11;
*06SM!~~~11;;;;;;;11.52.17;2;6;5;1;3278;;6;13;9;3;12;5;13;16;9;6;5;11;
a04RM!~~~11~O~~21;;;;;;;11.52.17;2;6;5;1;3278;;6;13;9;3;12;5;13;16;9;6;5;11;
a05ET+KBB~~~~~~K1;;;;;;;11.52.17;2;6;5;1;3278;;6;13;9;3;12;5;13;16;9;6;5;11;
a16AT#W2~24~H2;s;r;;;;;11.52.23;2;6;5;1;3282;;6;13;9;3;12;5;13;16;9;6;5;11;
*13BT=~~~~4~~2;s;;;;;;11.52.23;2;6;5;1;3282;;6;13;9;3;12;5;13;16;9;6;5;11;
ap22:16;;;;;;;11.52.26;2;6;5;1;3286;;6;13;9;3;12;5;13;16;9;6;5;11;
az4;;;;;;;11.52.26;2;6;4;1;3285;;6;13;9;3;12;5;16;9;6;5;11;13;
a16SQ=~~~6~~~~N;s;;;;;;11.52.48;2;6;4;1;3307;;6;13;9;3;12;5;16;9;6;5;11;13;
*$$&H#;s;;;;;;11.52.48;2;6;4;1;3307;;6;13;9;3;12;5;16;9;6;5;11;13;
*p23:16;;;;;;;11.52.50;2;6;4;1;3311;;6;13;9;3;12;5;16;9;6;5;11;13;
*z5;;;;;;;11.52.50;2;5;4;1;3309;;13;9;3;12;5;6;16;9;6;5;11;13;
*13SM=~~~6~~~~N;s;;;;;;11.53.09;2;5;4;1;3328;;13;9;3;12;5;6;16;9;6;5;11;13;
a$$&H#;s;;;;;;11.53.09;2;5;4;1;3328;;13;9;3;12;5;6;16;9;6;5;11;13;
ap23:17;;;;;;;11.53.12;2;5;4;1;3332;;13;9;3;12;5;6;16;9;6;5;11;13;
az3;;;;;;;11.53.12;2;5;3;1;3331;;13;9;3;12;5;6;9;6;5;11;13;16;
a09SM-~~~55;;;;;;;11.53.30;2;5;3;1;3350;;13;9;3;12;5;6;9;6;5;11;13;16;
*06RM#~~~55;;;;;;;11.53.30;2;5;3;1;3350;;13;9;3;12;5;6;9;6;5;11;13;16;
*05EQ+K1C;;;;;;;11.53.30;2;5;3;1;3350;;13;9;3;12;5;6;9;6;5;11;13;16;
*12AQ-J1~39~H1;;r;;;;;11.53.35;2;5;3;1;3354;;13;9;3;12;5;6;9;6;5;11;13;16;
a16DQ+~~~39~S;;;;;;;11.53.35;2;5;3;1;3354;;13;9;3;12;5;6;9;6;5;11;13;16;
a05EH+~~F;;;;;;;11.53.35;2;5;3;1;3354;;13;9;3;12;5;6;9;6;5;11;13;16;
a11AH-G4~48~T2;;p;;;;;11.53.38;2;5;3;1;3358;;13;9;3;12;5;6;9;6;5;11;13;16;
*18DH+~~~48;;;;;;;11.53.38;2;5;3;1;3358;;13;9;3;12;5;6;9;6;5;11;13;16;
*05ET+~~F;;;;;;;11.53.38;2;5;3;1;3360;;13;9;3;12;5;6;9;6;5;11;13;16;
*03AT#W4~42~H2S;s;s;;;;;11.53.41;2;5;3;1;3360;;13;9;3;12;5;6;9;6;5;11;13;16;
a05BT=~~~~2~~2;s;;;;;;11.53.41;2;5;3;1;3360;;13;9;3;12;5;6;9;6;5;11;13;16;
*p24:17;;;;;;;11.53.46;2;5;3;1;3364;;13;9;3;12;5;6;9;6;5;11;13;16;
*z4;;;;;;;11.53.46;2;4;3;1;3365;;9;3;12;5;6;13;9;6;5;11;13;16;
*09SQ-~~~61;;;;;;;11.54.08;2;4;3;1;3388;;9;3;12;5;6;13;9;6;5;11;13;16;
a09RQ#~~~61;;;;;;;11.54.08;2;4;3;1;3388;;9;3;12;5;6;13;9;6;5;11;13;16;
a05EQ+K1C;;;;;;;11.54.08;2;4;3;1;3388;;9;3;12;5;6;13;9;6;5;11;13;16;
a06AQ-J4~35~H2;;r;;;;;11.54.14;2;4;3;1;3392;;9;3;12;5;6;13;9;6;5;11;13;16;
*06DQ+~~~35;;;;;;;11.54.14;2;4;3;1;3392;;9;3;12;5;6;13;9;6;5;11;13;16;
*05EH+~~B;;;;;;;11.54.14;2;4;3;1;3392;;9;3;12;5;6;13;9;6;5;11;13;16;
*09AH#G9~94~H2;p;p;;;;;11.54.17;2;4;3;1;3396;;9;3;12;5;6;13;9;6;5;11;13;16;
a11BH=~~~~4~~2;p;;;;;;11.54.17;2;4;3;1;3396;;9;3;12;5;6;13;9;6;5;11;13;16;
*p25:17;;;;;;;11.54.21;2;4;3;1;3400;;9;3;12;5;6;13;9;6;5;11;13;16;
**2set;;;;;;;11.54.21;3;4;3;1;3401;;;;;;;;;;;;;;
*P05>LUp;;;;;;;11.54.21;3;4;3;1;3400;;16;13;9;3;12;5;9;18;2;11;13;10;
*z6>LUp;;;;;;;11.54.21;3;6;3;1;3400;;16;13;9;3;12;5;9;18;2;11;13;10;
aP10>LUp;;;;;;;11.54.21;3;6;3;1;3400;;16;13;9;3;12;5;9;18;2;11;13;10;
az6>LUp;;;;;;;11.54.21;3;6;6;1;3400;;16;13;9;3;12;5;9;18;2;11;13;10;
a09SM-~~~56;;;;;;;11.57.36;3;6;6;1;3595;;16;13;9;3;12;5;9;18;2;11;13;10;
*18RM#~~~56;;;;;;;11.57.36;3;6;6;1;3595;;16;13;9;3;12;5;9;18;2;11;13;10;
*05ET+K1B;;;;;;;11.57.36;3;6;6;1;3595;;16;13;9;3;12;5;9;18;2;11;13;10;
*09AT+W2~24~H2;;r;;;;;11.57.40;3;6;6;1;3600;;16;13;9;3;12;5;9;18;2;11;13;10;
a18BT-~~~~4~~2;;;;;;;11.57.40;3;6;6;1;3600;;16;13;9;3;12;5;9;18;2;11;13;10;
*09DH+~~~~2;;;;;;;11.57.40;3;6;6;1;3600;;16;13;9;3;12;5;9;18;2;11;13;10;
*05ET+~~F;;;;;;;11.57.40;3;6;6;1;3602;;16;13;9;3;12;5;9;18;2;11;13;10;
*03AT=W4~46~H1;p;s;;;;;11.57.44;3;6;6;1;3604;;16;13;9;3;12;5;9;18;2;11;13;10;
a$$&H#;p;;;;;;11.57.44;3;6;6;1;3604;;16;13;9;3;12;5;9;18;2;11;13;10;
ap00:01;;;;;;;11.57.51;3;6;6;1;3608;;16;13;9;3;12;5;9;18;2;11;13;10;
a09SM!~~~55;;;;;;;11.57.59;3;6;6;1;3619;;16;13;9;3;12;5;9;18;2;11;13;10;
*03RM!~~~55~~~~32;;;;;;;11.57.59;3;6;6;1;3619;;16;13;9;3;12;5;9;18;2;11;13;10;
*05ET/K8B;;;;;;;11.57.59;3;6;6;1;3619;;16;13;9;3;12;5;9;18;2;11;13;10;
a02FT+~~~22;;;;;;;11.58.04;3;6;6;1;3623;;16;13;9;3;12;5;9;18;2;11;13;10;
a10ET+~~F;;;;;;;11.58.04;3;6;6;1;3626;;16;13;9;3;12;5;9;18;2;11;13;10;
a11AT/W4~42~H2;s;p;;;;;11.58.07;3;6;6;1;3627;;16;13;9;3;12;5;9;18;2;11;13;10;
*09BT#~~~~2~~2;s;;;;;;11.58.07;3;6;6;1;3627;;16;13;9;3;12;5;9;18;2;11;13;10;
*p01:01;;;;;;;11.58.11;3;6;6;1;3631;;16;13;9;3;12;5;9;18;2;11;13;10;
*z5;;;;;;;11.58.11;3;5;6;1;3630;;13;9;3;12;5;16;9;18;2;11;13;10;
*13SM!~~~61;;;;;;;11.58.28;3;5;6;1;3648;;13;9;3;12;5;16;9;18;2;11;13;10;
a09RM!~~~61~~~~32;;;;;;;11.58.28;3;5;6;1;3648;;13;9;3;12;5;16;9;18;2;11;13;10;
a10ET+K3B;;;;;;;11.58.36;3;5;6;1;3648;;13;9;3;12;5;16;9;18;2;11;13;10;
a02AT-W2~22~H2;;r;;;;;11.58.33;3;5;6;1;3653;;13;9;3;12;5;16;9;18;2;11;13;10;
*03DT+~~~22;;;;;;;11.58.33;3;5;6;1;3653;;13;9;3;12;5;16;9;18;2;11;13;10;
*13EH+~~P~8;;;;;;;11.58.37;3;5;6;1;3657;;13;9;3;12;5;16;9;18;2;11;13;10;
*16AH-G8~88~H0;;p;;;;;11.58.37;3;5;6;1;3657;;13;9;3;12;5;16;9;18;2;11;13;10;
a10DH+~~~88;;;;;;;11.58.37;3;5;6;1;3657;;13;9;3;12;5;16;9;18;2;11;13;10;
a04EH+~~B;;;;;;;11.58.37;3;5;6;1;3659;;13;9;3;12;5;16;9;18;2;11;13;10;
a02AH-G2~28~T2;;s;;;;;11.58.40;3;5;6;1;3660;;13;9;3;12;5;16;9;18;2;11;13;10;
*13DH+~~~28;;;;;;;11.58.40;3;5;6;1;3660;;13;9;3;12;5;16;9;18;2;11;13;10;
*05EH+~~B;;;;;;;11.58.40;3;5;6;1;3663;;13;9;3;12;5;16;9;18;2;11;13;10;
*03AH+G2~24~T2;;p;;;;;11.58.44;3;5;6;1;3664;;13;9;3;12;5;16;9;18;2;11;13;10;
a04DH/~~~24;;;;;;;11.58.44;3;5;6;1;3664;;13;9;3;12;5;16;9;18;2;11;13;10;
*12FH+~~~~2;;;;;;;11.58.49;3;5;6;1;3665;;13;9;3;12;5;16;9;18;2;11;13;10;
*05ET+~~B;;;;;;;11.58.49;3;5;6;1;3665;;13;9;3;12;5;16;9;18;2;11;13;10;
*03AT/W2~24~H2;s;p;;;;;11.58.51;3;5;6;1;3671;;13;9;3;12;5;16;9;18;2;11;13;10;
a18BT#~~~~4~~2;s;;;;;;11.58.51;3;5;6;1;3671;;13;9;3;12;5;16;9;18;2;11;13;10;
ap01:02;;;;;;;11.58.59;3;5;6;1;3675;;13;9;3;12;5;16;9;18;2;11;13;10;
az5;;;;;;;11.58.59;3;5;5;1;3678;;13;9;3;12;5;16;18;2;11;13;10;9;
a18SM+~~~56C;;;;;;;11.59.18;3;5;5;1;3698;;13;9;3;12;5;16;18;2;11;13;10;9;
*03RM-~~~56CO;;;;;;;11.59.18;3;5;5;1;3698;;13;9;3;12;5;16;18;2;11;13;10;9;
*05ET+~~B;;;;;;;11.59.18;3;5;5;1;3698;;13;9;3;12;5;16;18;2;11;13;10;9;
*09AT#W2~24~H2S;s;r;;;;;11.59.23;3;5;5;1;3702;;13;9;3;12;5;16;18;2;11;13;10;9;
a11BT=~~~~4~~2;s;;;;;;11.59.23;3;5;5;1;3702;;13;9;3;12;5;16;18;2;11;13;10;9;
*p02:02;;;;;;;11.59.24;3;5;5;1;3706;;13;9;3;12;5;16;18;2;11;13;10;9;
*z4;;;;;;;11.59.24;3;4;5;1;3703;;9;3;12;5;16;13;18;2;11;13;10;9;
*09SQ!~~~66;;;;;;;11.59.39;3;4;5;1;3719;;9;3;12;5;16;13;18;2;11;13;10;9;
a09RQ!~~~66~~~~22;;;;;;;11.59.39;3;4;5;1;3719;;9;3;12;5;16;13;18;2;11;13;10;9;
a10ET+KBB~~~~~~K1;;;;;;;11.59.39;3;4;5;1;3719;;9;3;12;5;16;13;18;2;11;13;10;9;
a02AT#W2~29BH2;s;r;;;;;11.59.43;3;4;5;1;3723;;9;3;12;5;16;13;18;2;11;13;10;9;
*09DT=~~~29B;s;;;;;;11.59.43;3;4;5;1;3723;;9;3;12;5;16;13;18;2;11;13;10;9;
ap02:03;;;;;;;11.59.48;3;4;5;1;3727;;9;3;12;5;16;13;18;2;11;13;10;9;
az4;;;;;;;11.59.48;3;4;4;1;3727;;9;3;12;5;16;13;2;11;13;10;9;18;
a02SQ!~~~68;;;;;;;12.00.02;3;4;4;1;3742;;9;3;12;5;16;13;2;11;13;10;9;18;
*03RQ!~~~68;;;;;;;12.00.02;3;4;4;1;3742;;9;3;12;5;16;13;2;11;13;10;9;18;
*05ET+K8B;;;;;;;12.00.02;3;4;4;1;3742;;9;3;12;5;16;13;2;11;13;10;9;18;
*09AT#Y9~99AH2;s;r;;;;;12.00.07;3;4;4;1;3747;;9;3;12;5;16;13;2;11;13;10;9;18;
a$$&H=;s;;;;;;12.00.07;3;4;4;1;3747;;9;3;12;5;16;13;2;11;13;10;9;18;
*p03:03;;;;;;;12.00.10;3;4;4;1;3751;;9;3;12;5;16;13;2;11;13;10;9;18;
*z3;;;;;;;12.00.10;3;3;4;1;3749;;3;12;5;16;13;9;2;11;13;10;9;18;
*03SM!~~~16;;;;;;;12.00.26;3;3;4;1;3766;;3;12;5;16;13;9;2;11;13;10;9;18;
a04RM!~~~16~O~~22;;;;;;;12.00.26;3;3;4;1;3766;;3;12;5;16;13;9;2;11;13;10;9;18;
a10ET+KBB~~~~~~K1;;;;;;;12.00.26;3;3;4;1;3766;;3;12;5;16;13;9;2;11;13;10;9;18;
a02AT#Y9~94~H2;s;r;;;;;12.00.31;3;3;4;1;3770;;3;12;5;16;13;9;2;11;13;10;9;18;
*16BT=~~~~4~~2;s;;;;;;12.00.31;3;3;4;1;3770;;3;12;5;16;13;9;2;11;13;10;9;18;
ap03:04;;;;;;;12.00.35;3;3;4;1;3774;;3;12;5;16;13;9;2;11;13;10;9;18;
az3;;;;;;;12.00.35;3;3;3;1;3774;;3;12;5;16;13;9;11;13;10;9;18;2;
a11SM-~~~51;;;;;;;12.00.50;3;3;3;1;3790;;3;12;5;16;13;9;11;13;10;9;18;2;
*03RM+~~~51~O;;;;;;;12.00.50;3;3;3;1;3790;;3;12;5;16;13;9;11;13;10;9;18;2;
*05ET+KCF;;;;;;;12.00.50;3;3;3;1;3790;;3;12;5;16;13;9;11;13;10;9;18;2;
*16AT#W4~42~T2;s;r;;;;;12.00.55;3;3;3;1;3794;;3;12;5;16;13;9;11;13;10;9;18;2;
a13BT=~~~~2~~2;s;;;;;;12.00.55;3;3;3;1;3794;;3;12;5;16;13;9;11;13;10;9;18;2;
*p04:04;;;;;;;12.00.57;3;3;3;1;3798;;3;12;5;16;13;9;11;13;10;9;18;2;
*z2;;;;;;;12.00.57;3;2;3;1;3796;;12;5;16;13;9;3;11;13;10;9;18;2;
*12SQ-~~~58;;;;;;;12.01.20;3;2;3;1;3819;;12;5;16;13;9;3;11;13;10;9;18;2;
a04RQ+~~~58;;;;;;;12.01.20;3;2;3;1;3819;;12;5;16;13;9;3;11;13;10;9;18;2;
a10ET+K3B;;;;;;;12.01.20;3;2;3;1;3819;;12;5;16;13;9;3;11;13;10;9;18;2;
a02AT#Y9~94~H2S;s;r;;;;;12.01.26;3;2;3;1;3825;;12;5;16;13;9;3;11;13;10;9;18;2;
*13BT=~~~~4~~2;s;;;;;;12.01.26;3;2;3;1;3825;;12;5;16;13;9;3;11;13;10;9;18;2;
ap04:05;;;;;;;12.01.29;3;2;3;1;3829;;12;5;16;13;9;3;11;13;10;9;18;2;
az2;;;;;;;12.01.30;3;2;2;1;3829;;12;5;16;13;9;3;13;10;9;18;2;11;
a13SM+~~~55;;;;;;;12.01.42;3;2;2;1;3842;;12;5;16;13;9;3;13;10;9;18;2;11;
*03RM-~~~55~O;;;;;;;12.01.42;3;2;2;1;3842;;12;5;16;13;9;3;13;10;9;18;2;11;
*18EH+~~F;;;;;;;12.01.51;3;2;2;1;3845;;12;5;16;13;9;3;13;10;9;18;2;11;
*16AH-G4~42~H2;;r;;;;;12.01.47;3;2;2;1;3847;;12;5;16;13;9;3;13;10;9;18;2;11;
a18BH+~~~~2~~2;;;;;;;12.01.47;3;2;2;1;3847;;12;5;16;13;9;3;13;10;9;18;2;11;
a10DH+~~~~4;;;;;;;12.01.47;3;2;2;1;3847;;12;5;16;13;9;3;13;10;9;18;2;11;
a11EH+~~B;;;;;;;12.01.47;3;2;2;1;3849;;12;5;16;13;9;3;13;10;9;18;2;11;
a02AH=G9~91~H2;s;p;;;;;12.01.53;3;2;2;1;3851;;12;5;16;13;9;3;13;10;9;18;2;11;
*$$&H#;s;;;;;;12.01.53;3;2;2;1;3851;;12;5;16;13;9;3;13;10;9;18;2;11;
*p05:05;;;;;;;12.02.06;3;2;2;1;3855;;12;5;16;13;9;3;13;10;9;18;2;11;
*z1;;;;;;;12.02.06;3;1;2;1;3865;;5;16;13;9;3;12;13;10;9;18;2;11;
*05SM+~~~16;;;;;;;12.02.15;3;1;2;1;3872;;5;16;13;9;3;12;13;10;9;18;2;11;
a11RM-~~~16;;;;;;;12.02.15;3;1;2;1;3872;;5;16;13;9;3;12;13;10;9;18;2;11;
a04EH+~~F;;;;;;;12.02.15;3;1;2;1;3875;;5;16;13;9;3;12;13;10;9;18;2;11;
a09AH/G4~42~H2;p;r;;;;;12.02.18;3;1;2;1;3877;;5;16;13;9;3;12;13;10;9;18;2;11;
*13BH#~~~~2~~2;p;;;;;;12.02.18;3;1;2;1;3877;;5;16;13;9;3;12;13;10;9;18;2;11;
*p06:05;;;;;;;12.02.25;3;1;2;1;3881;;5;16;13;9;3;12;13;10;9;18;2;11;
*05SM!~~~16;;;;;;;12.02.34;3;1;2;1;3893;;5;16;13;9;3;12;13;10;9;18;2;11;
a11RM!~~~16~~~~32;;;;;;;12.02.34;3;1;2;1;3893;;5;16;13;9;3;12;13;10;9;18;2;11;
a10ET+K1F;;;;;;;12.02.40;3;1;2;1;3893;;5;16;13;9;3;12;13;10;9;18;2;11;
a09AT-W4~41~H1;;r;;;;;12.02.38;3;1;2;1;3897;;5;16;13;9;3;12;13;10;9;18;2;11;
*05DT+~~~41;;;;;;;12.02.38;3;1;2;1;3897;;5;16;13;9;3;12;13;10;9;18;2;11;
*03EH+~~F;;;;;;;12.02.44;3;1;2;1;3897;;5;16;13;9;3;12;13;10;9;18;2;11;
*16AH+G4~46~T2;;p;;;;;12.02.44;3;1;2;1;3901;;5;16;13;9;3;12;13;10;9;18;2;11;
a02DH/~~~46;;;;;;;12.02.44;3;1;2;1;3901;;5;16;13;9;3;12;13;10;9;18;2;11;
a11EH+~~F;;;;;;;12.02.49;3;1;2;1;3903;;5;16;13;9;3;12;13;10;9;18;2;11;
a09AH-G4~41~P2;;s;;;;;12.02.42;3;1;2;1;3905;;5;16;13;9;3;12;13;10;9;18;2;11;
*03DH+~~~41;;;;;;;12.02.42;3;1;2;1;3905;;5;16;13;9;3;12;13;10;9;18;2;11;
*18EH+~~F;;;;;;;12.02.42;3;1;2;1;3908;;5;16;13;9;3;12;13;10;9;18;2;11;
*16AH+G4~42~H2;;p;;;;;12.02.45;3;1;2;1;3910;;5;16;13;9;3;12;13;10;9;18;2;11;
a18BH-~~~~2~~2;;;;;;;12.02.45;3;1;2;1;3910;;5;16;13;9;3;12;13;10;9;18;2;11;
*05DH+~~~~8;;;;;;;12.02.45;3;1;2;1;3910;;5;16;13;9;3;12;13;10;9;18;2;11;
*13EH+~~F;;;;;;;12.02.45;3;1;2;1;3912;;5;16;13;9;3;12;13;10;9;18;2;11;
*16AH+G4~42~T2;;p;;;;;12.02.50;3;1;2;1;3913;;5;16;13;9;3;12;13;10;9;18;2;11;
a18BH-~~~~2~~2;;;;;;;12.02.50;3;1;2;1;3913;;5;16;13;9;3;12;13;10;9;18;2;11;
*13DH+~~~~3;;;;;;;12.02.50;3;1;2;1;3915;;5;16;13;9;3;12;13;10;9;18;2;11;
*05ET+~~B;;;;;;;12.02.50;3;1;2;1;3916;;5;16;13;9;3;12;13;10;9;18;2;11;
*09AT#W2~24~H2;p;p;;;;;12.02.50;3;1;2;1;3917;;5;16;13;9;3;12;13;10;9;18;2;11;
a18BT=~~~~4~~2;p;;;;;;12.02.50;3;1;2;1;3917;;5;16;13;9;3;12;13;10;9;18;2;11;
*p07:05;;;;;;;12.03.17;3;1;2;1;3921;;5;16;13;9;3;12;13;10;9;18;2;11;
*05SM!~~~16;;;;;;;12.03.18;3;1;2;1;3936;;5;16;13;9;3;12;13;10;9;18;2;11;
a11RM!~~~16~O~~21;;;;;;;12.03.18;3;1;2;1;3936;;5;16;13;9;3;12;13;10;9;18;2;11;
a10ET+KEF;;;;;;;12.03.18;3;1;2;1;3936;;5;16;13;9;3;12;13;10;9;18;2;11;
a09AT#W4~41~H2X;s;r;;;;;12.03.21;3;1;2;1;3940;;5;16;13;9;3;12;13;10;9;18;2;11;
*05DT=~~~41~S;s;;;;;;12.03.21;3;1;2;1;3940;;5;16;13;9;3;12;13;10;9;18;2;11;
ap07:06;;;;;;;12.03.59;3;1;2;1;3942;;5;16;13;9;3;12;13;10;9;18;2;11;
az1;;;;;;;12.03.59;3;1;1;1;3978;;5;16;13;9;3;12;10;9;18;2;11;13;
a10SQ-~~~15;;;;;;;12.04.08;3;1;1;1;3986;;5;16;13;9;3;12;10;9;18;2;11;13;
*03RQ+~~~15;;;;;;;12.04.08;3;1;1;1;3986;;5;16;13;9;3;12;10;9;18;2;11;13;
*05EQ+K1C;;;;;;;12.04.08;3;1;1;1;3986;;5;16;13;9;3;12;10;9;18;2;11;13;
*13AQ=J4~35~H2O;p;r;;;;;12.04.11;3;1;1;1;3990;;5;16;13;9;3;12;10;9;18;2;11;13;
a$$&H#;p;;;;;;12.04.11;3;1;1;1;3990;;5;16;13;9;3;12;10;9;18;2;11;13;
ap07:07;;;;;;;12.04.48;3;1;1;1;3994;;5;16;13;9;3;12;10;9;18;2;11;13;
a10SQ!~~~16;;;;;;;12.05.11;3;1;1;1;4051;;5;16;13;9;3;12;10;9;18;2;11;13;
*18RQ!~~~16;;;;;;;12.05.11;3;1;1;1;4051;;5;16;13;9;3;12;10;9;18;2;11;13;
*05ET+K8B;;;;;;;12.05.18;3;1;1;1;4051;;5;16;13;9;3;12;10;9;18;2;11;13;
*16AT+W2~29~H2;;r;;;;;12.05.15;3;1;1;1;4055;;5;16;13;9;3;12;10;9;18;2;11;13;
a02DT/~~~29;;;;;;;12.05.15;3;1;1;1;4055;;5;16;13;9;3;12;10;9;18;2;11;13;
a04EH/;;;;;;;12.05.15;3;1;1;1;4057;;5;16;13;9;3;12;10;9;18;2;11;13;
*18FH!~~~~3;;;;;;;12.05.24;3;1;1;1;4062;;5;16;13;9;3;12;10;9;18;2;11;13;
*05ET+~~B;;;;;;;12.05.24;3;1;1;1;4064;;5;16;13;9;3;12;10;9;18;2;11;13;
*16AT=W2~26~H2;p;s;;;;;12.05.25;3;1;1;1;4065;;5;16;13;9;3;12;10;9;18;2;11;13;
a$$&H#;p;;;;;;12.05.25;3;1;1;1;4065;;5;16;13;9;3;12;10;9;18;2;11;13;
ap07:08;;;;;;;12.05.34;3;1;1;1;4069;;5;16;13;9;3;12;10;9;18;2;11;13;
a10SQ!~~~15;;;;;;;12.05.48;3;1;1;1;4088;;5;16;13;9;3;12;10;9;18;2;11;13;
*09RQ!~~~15;;;;;;;12.05.48;3;1;1;1;4088;;5;16;13;9;3;12;10;9;18;2;11;13;
*05ET+K8B;;;;;;;12.05.48;3;1;1;1;4088;;5;16;13;9;3;12;10;9;18;2;11;13;
*16AT+W2~29~H2;;r;;;;;12.05.52;3;1;1;1;4092;;5;16;13;9;3;12;10;9;18;2;11;13;
a02DT/~~~29;;;;;;;12.05.52;3;1;1;1;4092;;5;16;13;9;3;12;10;9;18;2;11;13;
*03FH+~~~~5;;;;;;;12.05.56;3;1;1;1;4093;;5;16;13;9;3;12;10;9;18;2;11;13;
*13EH+~~F;;;;;;;12.05.56;3;1;1;1;4094;;5;16;13;9;3;12;10;9;18;2;11;13;
*09AH=G4~41~H2S;p;s;;;;;12.05.57;3;1;1;1;4096;;5;16;13;9;3;12;10;9;18;2;11;13;
a$$&H#;p;;;;;;12.05.57;3;1;1;1;4096;;5;16;13;9;3;12;10;9;18;2;11;13;
ap07:09;;;;;;;12.06.06;3;1;1;1;4100;;5;16;13;9;3;12;10;9;18;2;11;13;
a10SM+~~~15;;;;;;;12.06.15;3;1;1;1;4115;;5;16;13;9;3;12;10;9;18;2;11;13;
*03RM-~~~15~O;;;;;;;12.06.15;3;1;1;1;4115;;5;16;13;9;3;12;10;9;18;2;11;13;
*05EH+~~B;;;;;;;12.06.15;3;1;1;1;4115;;5;16;13;9;3;12;10;9;18;2;11;13;
*16AH#G2~25~H2X;s;r;;;;;12.06.20;3;1;1;1;4120;;5;16;13;9;3;12;10;9;18;2;11;13;
a04DH=~~~25~S;s;;;;;;12.06.20;3;1;1;1;4120;;5;16;13;9;3;12;10;9;18;2;11;13;
*p08:09;;;;;;;12.06.50;3;1;1;1;4124;;5;16;13;9;3;12;10;9;18;2;11;13;
*z6;;;;;;;12.06.50;3;6;1;1;4149;;16;13;9;3;12;5;10;9;18;2;11;13;
*16SQ#~~~11D;p;;;;;;12.07.08;3;6;1;1;4167;;16;13;9;3;12;5;10;9;18;2;11;13;
a09RQ=~~~11DL;p;;;;;;12.07.08;3;6;1;1;4167;;16;13;9;3;12;5;10;9;18;2;11;13;
*p09:09;;;;;;;12.07.13;3;6;1;1;4171;;16;13;9;3;12;5;10;9;18;2;11;13;
aT;;;;;;;12.07.13;3;6;1;1;4172;;16;13;9;3;12;5;10;9;18;2;11;13;
*16SQ+~~~11;;;;;;;12.08.28;3;6;1;1;4248;;16;13;9;3;12;5;10;9;18;2;11;13;
a09RQ-~~~11;;;;;;;12.08.28;3;6;1;1;4248;;16;13;9;3;12;5;10;9;18;2;11;13;
a18EH+~~B;;;;;;;12.08.33;3;6;1;1;4252;;16;13;9;3;12;5;10;9;18;2;11;13;
a09AH+G2~26~H3;;r;;;;;12.08.34;3;6;1;1;4253;;16;13;9;3;12;5;10;9;18;2;11;13;
*16DH/~~~26;;;;;;;12.08.34;3;6;1;1;4253;;16;13;9;3;12;5;10;9;18;2;11;13;
a18FH+~~~~2;;;;;;;12.08.40;3;6;1;1;4259;;16;13;9;3;12;5;10;9;18;2;11;13;
a10ET+~~B;;;;;;;12.08.40;3;6;1;1;4260;;16;13;9;3;12;5;10;9;18;2;11;13;
a09AT#W2~24~H2S;s;s;;;;;12.08.42;3;6;1;1;4261;;16;13;9;3;12;5;10;9;18;2;11;13;
*03BT=~~~~4~~2;s;;;;;;12.08.42;3;6;1;1;4261;;16;13;9;3;12;5;10;9;18;2;11;13;
ap09:10;;;;;;;12.08.49;3;6;1;1;4265;;16;13;9;3;12;5;10;9;18;2;11;13;
az6;;;;;;;12.08.49;3;6;6;1;4268;;16;13;9;3;12;5;9;18;2;11;13;10;
a09SM!~~~55;;;;;;;12.09.11;3;6;6;1;4291;;16;13;9;3;12;5;9;18;2;11;13;10;
*03RM!~~~55~~~~42;;;;;;;12.09.11;3;6;6;1;4291;;16;13;9;3;12;5;9;18;2;11;13;10;
*05ET+K7F;;;;;;;12.09.11;3;6;6;1;4291;;16;13;9;3;12;5;9;18;2;11;13;10;
*03AT#W4~46~H2;s;r;;;;;12.09.16;3;6;6;1;4295;;16;13;9;3;12;5;9;18;2;11;13;10;
a09DT=~~~46;s;;;;;;12.09.16;3;6;6;1;4295;;16;13;9;3;12;5;9;18;2;11;13;10;
*p10:10;;;;;;;12.10.09;3;6;6;1;4302;;16;13;9;3;12;5;9;18;2;11;13;10;
*z5;;;;;;;12.10.09;3;5;6;1;4348;;13;9;3;12;5;16;9;18;2;11;13;10;
*13SM-~~~66;;;;;;;12.10.38;3;5;6;1;4378;;13;9;3;12;5;16;9;18;2;11;13;10;
a09RM#~~~66~O;;;;;;;12.10.38;3;5;6;1;4378;;13;9;3;12;5;16;9;18;2;11;13;10;
a10EQ+K1C;;;;;;;12.10.38;3;5;6;1;4378;;13;9;3;12;5;16;9;18;2;11;13;10;
a18AQ#J4~32~T2X;s;r;;;;;12.10.43;3;5;6;1;4382;;13;9;3;12;5;16;9;18;2;11;13;10;
*05DQ=~~~32~E;s;;;;;;12.10.43;3;5;6;1;4382;;13;9;3;12;5;16;9;18;2;11;13;10;
ap10:11;;;;;;;12.10.46;3;5;6;1;4386;;13;9;3;12;5;16;9;18;2;11;13;10;
az5;;;;;;;12.10.46;3;5;5;1;4385;;13;9;3;12;5;16;18;2;11;13;10;9;
a18SM=~~~5~~~~N;s;;;;;;12.11.03;3;5;5;1;4403;;13;9;3;12;5;16;18;2;11;13;10;9;
*$$&H#;s;;;;;;12.11.03;3;5;5;1;4403;;13;9;3;12;5;16;18;2;11;13;10;9;
*p11:11;;;;;;;12.11.06;3;5;5;1;4407;;13;9;3;12;5;16;18;2;11;13;10;9;
*z4;;;;;;;12.11.06;3;4;5;1;4405;;9;3;12;5;16;13;18;2;11;13;10;9;
*09SQ!~~~66;;;;;;;12.11.21;3;4;5;1;4421;;9;3;12;5;16;13;18;2;11;13;10;9;
a09RQ!~~~66~~~~32;;;;;;;12.11.21;3;4;5;1;4421;;9;3;12;5;16;13;18;2;11;13;10;9;
a10ET+K1B;;;;;;;12.11.21;3;4;5;1;4421;;9;3;12;5;16;13;18;2;11;13;10;9;
a02AT=W2~22~H2S;p;r;;;;;12.11.26;3;4;5;1;4425;;9;3;12;5;16;13;18;2;11;13;10;9;
*$$&H#;p;;;;;;12.11.26;3;4;5;1;4425;;9;3;12;5;16;13;18;2;11;13;10;9;
*p12:11;;;;;;;12.11.28;3;4;5;1;4429;;9;3;12;5;16;13;18;2;11;13;10;9;
*09SQ!~~~66;;;;;;;12.11.42;3;4;5;1;4442;;9;3;12;5;16;13;18;2;11;13;10;9;
a09RQ!~~~66~~~~41;;;;;;;12.11.42;3;4;5;1;4442;;9;3;12;5;16;13;18;2;11;13;10;9;
a10ET+K3F;;;;;;;12.11.42;3;4;5;1;4442;;9;3;12;5;16;13;18;2;11;13;10;9;
a11AT-W4~42~H1;;r;;;;;12.11.47;3;4;5;1;4447;;9;3;12;5;16;13;18;2;11;13;10;9;
*05BT+~~~~2~~1;;;;;;;12.11.47;3;4;5;1;4447;;9;3;12;5;16;13;18;2;11;13;10;9;
*03DH+~~~~4;;;;;;;12.11.49;3;4;5;1;4448;;9;3;12;5;16;13;18;2;11;13;10;9;
*05ET+~~B;;;;;;;12.11.49;3;4;5;1;4450;;9;3;12;5;16;13;18;2;11;13;10;9;
*09AT#Y9~94~H2S;p;p;;;;;12.11.51;3;4;5;1;4451;;9;3;12;5;16;13;18;2;11;13;10;9;
a11BT=~~~~4~~2;p;;;;;;12.11.51;3;4;5;1;4451;;9;3;12;5;16;13;18;2;11;13;10;9;
*p13:11;;;;;;;12.11.55;3;4;5;1;4455;;9;3;12;5;16;13;18;2;11;13;10;9;
ac11:16;;;;;;;12.11.55;3;4;5;1;4454;;9;3;12;5;16;13;18;2;16;13;10;9;
*09SQ+~~~67;;;;;;;12.12.17;3;4;5;1;4477;;9;3;12;5;16;13;18;2;16;13;10;9;
a16RQ-~~~67~W;;;;;;;12.12.17;3;4;5;1;4477;;9;3;12;5;16;13;18;2;16;13;10;9;
a09EH+~~B;;;;;;;12.12.17;3;4;5;1;4481;;9;3;12;5;16;13;18;2;16;13;10;9;
a02AH+G2~24~H2;;r;;;;;12.12.22;3;4;5;1;4482;;9;3;12;5;16;13;18;2;16;13;10;9;
*12BH-~~~~4~~2;;;;;;;12.12.22;3;4;5;1;4482;;9;3;12;5;16;13;18;2;16;13;10;9;
a10DH+~~~~2;;;;;;;12.12.22;3;4;5;1;4482;;9;3;12;5;16;13;18;2;16;13;10;9;
a16EH+~~B;;;;;;;12.12.26;3;4;5;1;4484;;9;3;12;5;16;13;18;2;16;13;10;9;
a02AH#G2~28~P3;s;s;;;;;12.12.27;3;4;5;1;4486;;9;3;12;5;16;13;18;2;16;13;10;9;
*09DH=~~~28;s;;;;;;12.12.27;3;4;5;1;4486;;9;3;12;5;16;13;18;2;16;13;10;9;
ap13:12;;;;;;;12.12.35;3;4;5;1;4491;;9;3;12;5;16;13;18;2;16;13;10;9;
az4;;;;;;;12.12.35;3;4;4;1;4494;;9;3;12;5;16;13;2;16;13;10;9;18;
a02SQ!~~~68;;;;;;;12.13.21;3;4;4;1;4541;;9;3;12;5;16;13;2;16;13;10;9;18;
*03RQ!~~~68~~~~22;;;;;;;12.13.21;3;4;4;1;4541;;9;3;12;5;16;13;2;16;13;10;9;18;
*05ET+KBB~~~~~~KE;;;;;;;12.13.21;3;4;4;1;4541;;9;3;12;5;16;13;2;16;13;10;9;18;
*09AT-Y9~99~H1;;r;;;;;12.13.26;3;4;4;1;4546;;9;3;12;5;16;13;2;16;13;10;9;18;
a02DT+~~~99;;;;;;;12.13.26;3;4;4;1;4546;;9;3;12;5;16;13;2;16;13;10;9;18;
a10ET+~~P;;;;;;;12.13.26;3;4;4;1;4548;;9;3;12;5;16;13;2;16;13;10;9;18;
a09AT+Y8~83~H2;;p;;;;;12.13.29;3;4;4;1;4549;;9;3;12;5;16;13;2;16;13;10;9;18;
*03BT-~~~~3~~2;;;;;;;12.13.29;3;4;4;1;4549;;9;3;12;5;16;13;2;16;13;10;9;18;
a13EH+~~F;;;;;;;12.13.29;3;4;4;1;4551;;9;3;12;5;16;13;2;16;13;10;9;18;
a16AH#G4~46~H2;p;p;;;;;12.13.29;3;4;4;1;4552;;9;3;12;5;16;13;2;16;13;10;9;18;
*16DH=~~~46;p;;;;;;12.13.29;3;4;4;1;4552;;9;3;12;5;16;13;2;16;13;10;9;18;
ap13:13;;;;;;;12.13.43;3;4;4;1;4556;;9;3;12;5;16;13;2;16;13;10;9;18;
a02SQ-~~~68~~~N;;;;;;;12.13.57;3;4;4;1;4577;;9;3;12;5;16;13;2;16;13;10;9;18;
*03RQ#~~~68;;;;;;;12.13.57;3;4;4;1;4577;;9;3;12;5;16;13;2;16;13;10;9;18;
*05EO+K2S;;;;;;;12.13.57;3;4;4;1;4577;;9;3;12;5;16;13;2;16;13;10;9;18;
*05AO#JJ~39~T1X;s;r;;;;;12.14.02;3;4;4;1;4579;;9;3;12;5;16;13;2;16;13;10;9;18;
a02DO=~~~39~E;s;;;;;;12.14.02;3;4;4;1;4579;;9;3;12;5;16;13;2;16;13;10;9;18;
*p14:13;;;;;;;12.14.06;3;4;4;1;4583;;9;3;12;5;16;13;2;16;13;10;9;18;
*z3;;;;;;;12.14.06;3;3;4;1;4585;;3;12;5;16;13;9;2;16;13;10;9;18;
*03SM-~~~16;;;;;;;12.14.22;3;3;4;1;4602;;3;12;5;16;13;9;2;16;13;10;9;18;
a09RM+~~~16~O;;;;;;;12.14.22;3;3;4;1;4602;;3;12;5;16;13;9;2;16;13;10;9;18;
a10EQ+K1C;;;;;;;12.14.22;3;3;4;1;4602;;3;12;5;16;13;9;2;16;13;10;9;18;
a13AQ#J1~37~H1X;s;r;;;;;12.14.27;3;3;4;1;4606;;3;12;5;16;13;9;2;16;13;10;9;18;
*18DQ=~~~37~S;s;;;;;;12.14.27;3;3;4;1;4606;;3;12;5;16;13;9;2;16;13;10;9;18;
ap14:14;;;;;;;12.14.29;3;3;4;1;4610;;3;12;5;16;13;9;2;16;13;10;9;18;
az3;;;;;;;12.14.29;3;3;3;1;4608;;3;12;5;16;13;9;16;13;10;9;18;2;
a16SM-~~~16;;;;;;;12.14.47;3;3;3;1;4626;;3;12;5;16;13;9;16;13;10;9;18;2;
*03RM+~~~16;;;;;;;12.14.47;3;3;3;1;4626;;3;12;5;16;13;9;16;13;10;9;18;2;
*05ET+K8F;;;;;;;12.14.47;3;3;3;1;4626;;3;12;5;16;13;9;16;13;10;9;18;2;
*16AT#W4~44~H2X;s;r;;;;;12.14.51;3;3;3;1;4630;;3;12;5;16;13;9;16;13;10;9;18;2;
a09DT=~~~44~S;s;;;;;;12.14.51;3;3;3;1;4630;;3;12;5;16;13;9;16;13;10;9;18;2;
*p15:14;;;;;;;12.14.54;3;3;3;1;4634;;3;12;5;16;13;9;16;13;10;9;18;2;
*z2;;;;;;;12.14.54;3;2;3;1;4633;;12;5;16;13;9;3;16;13;10;9;18;2;
*12SQ!~~~56;;;;;;;12.15.19;3;2;3;1;4657;;12;5;16;13;9;3;16;13;10;9;18;2;
a04RQ!~~~56~~~~42;;;;;;;12.15.19;3;2;3;1;4657;;12;5;16;13;9;3;16;13;10;9;18;2;
a10ET+KEF;;;;;;;12.15.19;3;2;3;1;4657;;12;5;16;13;9;3;16;13;10;9;18;2;
a09AT#W4~46DH2;s;r;;;;;12.15.23;3;2;3;1;4663;;12;5;16;13;9;3;16;13;10;9;18;2;
*03DT=~~~46DS;s;;;;;;12.15.23;3;2;3;1;4663;;12;5;16;13;9;3;16;13;10;9;18;2;
ap15:15;;;;;;;12.15.26;3;2;3;1;4667;;12;5;16;13;9;3;16;13;10;9;18;2;
az2;;;;;;;12.15.26;3;2;2;1;4665;;12;5;16;13;9;3;13;10;9;18;2;16;
a13SM-~~~58;;;;;;;12.15.41;3;2;2;1;4680;;12;5;16;13;9;3;13;10;9;18;2;16;
*03RM#~~~58~O;;;;;;;12.15.41;3;2;2;1;4680;;12;5;16;13;9;3;13;10;9;18;2;16;
*05ET+K1B;;;;;;;12.15.41;3;2;2;1;4680;;12;5;16;13;9;3;13;10;9;18;2;16;
*09AT#Y9~91~H2;s;r;;;;;12.15.46;3;2;2;1;4686;;12;5;16;13;9;3;13;10;9;18;2;16;
a02DT=~~~91;s;;;;;;12.15.46;3;2;2;1;4686;;12;5;16;13;9;3;13;10;9;18;2;16;
*p16:15;;;;;;;12.15.50;3;2;2;1;4690;;12;5;16;13;9;3;13;10;9;18;2;16;
*z1;;;;;;;12.15.50;3;1;2;1;4689;;5;16;13;9;3;12;13;10;9;18;2;16;
*05SM/~~~16;;;;;;;12.16.12;3;1;2;1;4712;;5;16;13;9;3;12;13;10;9;18;2;16;
a16RM/~~~16~W;;;;;;;12.16.12;3;1;2;1;4712;;5;16;13;9;3;12;13;10;9;18;2;16;
*16FH+~~~~4;;;;;;;12.16.17;3;1;2;1;4716;;5;16;13;9;3;12;13;10;9;18;2;16;
*05ET+~~F;;;;;;;12.16.17;3;1;2;1;4717;;5;16;13;9;3;12;13;10;9;18;2;16;
*16AT#W4~49~T2X;p;p;;;;;12.16.19;3;1;2;1;4719;;5;16;13;9;3;12;13;10;9;18;2;16;
a02DT=~~~49~E;p;;;;;;12.16.19;3;1;2;1;4719;;5;16;13;9;3;12;13;10;9;18;2;16;
*p17:15;;;;;;;12.16.24;3;1;2;1;4724;;5;16;13;9;3;12;13;10;9;18;2;16;
aT;;;;;;;12.16.24;3;1;2;1;4723;;5;16;13;9;3;12;13;10;9;18;2;16;
*05SM!~~~16;;;;;;;12.17.25;3;1;2;1;4785;;5;16;13;9;3;12;13;10;9;18;2;16;
a16RM!~~~16~O~~31;;;;;;;12.17.25;3;1;2;1;4785;;5;16;13;9;3;12;13;10;9;18;2;16;
a10EQ+K1C;;;;;;;12.17.25;3;1;2;1;4785;;5;16;13;9;3;12;13;10;9;18;2;16;
a18AQ-J1~35~H1;;r;;;;;12.17.30;3;1;2;1;4789;;5;16;13;9;3;12;13;10;9;18;2;16;
*03DQ+~~~35;;;;;;;12.17.30;3;1;2;1;4789;;5;16;13;9;3;12;13;10;9;18;2;16;
*05EH+~~F;;;;;;;12.17.30;3;1;2;1;4790;;5;16;13;9;3;12;13;10;9;18;2;16;
*16AH#G4~42~H2X;p;p;;;;;12.17.33;3;1;2;1;4792;;5;16;13;9;3;12;13;10;9;18;2;16;
a10BH=~~~~2~A2S;p;;;;;;12.17.33;3;1;2;1;4792;;5;16;13;9;3;12;13;10;9;18;2;16;
*p18:15;;;;;;;12.17.40;3;1;2;1;4796;;5;16;13;9;3;12;13;10;9;18;2;16;
*05SM-~~~16;;;;;;;12.17.50;3;1;2;1;4809;;5;16;13;9;3;12;13;10;9;18;2;16;
a16RM#~~~16~O;;;;;;;12.17.50;3;1;2;1;4809;;5;16;13;9;3;12;13;10;9;18;2;16;
a10EQ+K1C;;;;;;;12.17.50;3;1;2;1;4809;;5;16;13;9;3;12;13;10;9;18;2;16;
a18AQ#J1~31CH1X;s;r;;;;;12.17.54;3;1;2;1;4813;;5;16;13;9;3;12;13;10;9;18;2;16;
*05DQ=~~~31CS;s;;;;;;12.17.54;3;1;2;1;4813;;5;16;13;9;3;12;13;10;9;18;2;16;
ap18:16;;;;;;;12.17.57;3;1;2;1;4815;;5;16;13;9;3;12;13;10;9;18;2;16;
az1;;;;;;;12.17.57;3;1;1;1;4816;;5;16;13;9;3;12;10;9;18;2;16;13;
a10SQ#~~~11B;p;;;;;;12.18.11;3;1;1;1;4831;;5;16;13;9;3;12;10;9;18;2;16;13;
*18RQ=~~~11BR;p;;;;;;12.18.11;3;1;1;1;4831;;5;16;13;9;3;12;10;9;18;2;16;13;
ap18:17;;;;;;;12.18.34;3;1;1;1;4836;;5;16;13;9;3;12;10;9;18;2;16;13;
a10SQ!~~~16;;;;;;;12.18.56;3;1;1;1;4875;;5;16;13;9;3;12;10;9;18;2;16;13;
*18RQ!~~~16~~~~32;;;;;;;12.18.56;3;1;1;1;4875;;5;16;13;9;3;12;10;9;18;2;16;13;
*05EQ+K8C;;;;;;;12.18.56;3;1;1;1;4875;;5;16;13;9;3;12;10;9;18;2;16;13;
*13AQ+J4~33~T2;;r;;;;;12.19.01;3;1;1;1;4879;;5;16;13;9;3;12;10;9;18;2;16;13;
a02BQ-~~~~3~~2;;;;;;;12.19.01;3;1;1;1;4879;;5;16;13;9;3;12;10;9;18;2;16;13;
*18DH+~~~3~~C;;;;;;;12.19.01;3;1;1;1;4880;;5;16;13;9;3;12;10;9;18;2;16;13;
*13EH+~~F~4;;;;;;;12.19.01;3;1;1;1;4881;;5;16;13;9;3;12;10;9;18;2;16;13;
*09AH#G4~41~P1X;s;s;;;;;12.19.01;3;1;1;1;4883;;5;16;13;9;3;12;10;9;18;2;16;13;
a16DH=~~~41~E;s;;;;;;12.19.01;3;1;1;1;4883;;5;16;13;9;3;12;10;9;18;2;16;13;
*p19:17;;;;;;;12.19.14;3;1;1;1;4886;;5;16;13;9;3;12;10;9;18;2;16;13;
*z6;;;;;;;12.19.14;3;6;1;1;4893;;16;13;9;3;12;5;10;9;18;2;16;13;
*c16:06;;;;;;;12.19.14;3;6;1;1;4893;;6;13;9;3;12;5;10;9;18;2;16;13;
*06SM+~~~18;;;;;;;12.19.32;3;6;1;1;4912;;6;13;9;3;12;5;10;9;18;2;16;13;
a09RM-~~~18~O;;;;;;;12.19.32;3;6;1;1;4912;;6;13;9;3;12;5;10;9;18;2;16;13;
a10EH+~~F;;;;;;;12.19.32;3;6;1;1;4912;;6;13;9;3;12;5;10;9;18;2;16;13;
a02AH+G4~42~T2;;r;;;;;12.19.36;3;6;1;1;4916;;6;13;9;3;12;5;10;9;18;2;16;13;
*09BH-~~~~2~~2;;;;;;;12.19.36;3;6;1;1;4916;;6;13;9;3;12;5;10;9;18;2;16;13;
a04EH+~~F;;;;;;;12.19.36;3;6;1;1;4918;;6;13;9;3;12;5;10;9;18;2;16;13;
a02AH-G4~48~P0;;s;;;;;12.19.40;3;6;1;1;4919;;6;13;9;3;12;5;10;9;18;2;16;13;
*13DH+~~~48;;;;;;;12.19.40;3;6;1;1;4919;;6;13;9;3;12;5;10;9;18;2;16;13;
*05ET+~~F;;;;;;;12.19.40;3;6;1;1;4922;;6;13;9;3;12;5;10;9;18;2;16;13;
*03AT#W4~47BH1X;p;p;;;;;12.19.43;3;6;1;1;4923;;6;13;9;3;12;5;10;9;18;2;16;13;
a04DT=~~~47BS;p;;;;;;12.19.43;3;6;1;1;4923;;6;13;9;3;12;5;10;9;18;2;16;13;
*p20:17;;;;;;;12.19.56;3;6;1;1;4927;;6;13;9;3;12;5;10;9;18;2;16;13;
*06SM-~~~11;;;;;;;12.20.05;3;6;1;1;4945;;6;13;9;3;12;5;10;9;18;2;16;13;
a09RM#~~~11~O;;;;;;;12.20.05;3;6;1;1;4945;;6;13;9;3;12;5;10;9;18;2;16;13;
a10ET+K1F;;;;;;;12.20.05;3;6;1;1;4945;;6;13;9;3;12;5;10;9;18;2;16;13;
a02AT#W4~42~H1O;s;r;;;;;12.20.11;3;6;1;1;4949;;6;13;9;3;12;5;10;9;18;2;16;13;
*09BT=~~~~2~A1O;s;;;;;;12.20.11;3;6;1;1;4949;;6;13;9;3;12;5;10;9;18;2;16;13;
ap20:18;;;;;;;12.20.22;3;6;1;1;4953;;6;13;9;3;12;5;10;9;18;2;16;13;
az6;;;;;;;12.20.22;3;6;6;1;4961;;6;13;9;3;12;5;9;18;2;16;13;10;
a09SM!~~~55;;;;;;;12.20.29;3;6;6;1;4969;;6;13;9;3;12;5;9;18;2;16;13;10;
*18RM!~~~55;;;;;;;12.20.29;3;6;6;1;4969;;6;13;9;3;12;5;9;18;2;16;13;10;
*05ET+K8B;;;;;;;12.20.29;3;6;6;1;4969;;6;13;9;3;12;5;9;18;2;16;13;10;
*09AT#W2~24~H2;s;r;;;;;12.20.33;3;6;6;1;4973;;6;13;9;3;12;5;9;18;2;16;13;10;
a16BT=~~~~4~~2;s;;;;;;12.20.33;3;6;6;1;4973;;6;13;9;3;12;5;9;18;2;16;13;10;
*p21:18;;;;;;;12.20.39;3;6;6;1;4977;;6;13;9;3;12;5;9;18;2;16;13;10;
*z5;;;;;;;12.20.39;3;5;6;1;4978;;13;9;3;12;5;6;9;18;2;16;13;10;
*13SM+~~~61;;;;;;;12.20.53;3;5;6;1;4992;;13;9;3;12;5;6;9;18;2;16;13;10;
a09RM-~~~61~R;;;;;;;12.20.53;3;5;6;1;4992;;13;9;3;12;5;6;9;18;2;16;13;10;
a10EH=~~~~~~3~U;p;;;;;;12.20.53;3;5;6;1;4992;;13;9;3;12;5;6;9;18;2;16;13;10;
*$$&H#;p;;;;;;12.20.53;3;5;6;1;4992;;13;9;3;12;5;6;9;18;2;16;13;10;
*p22:18;;;;;;;12.20.59;3;5;6;1;4998;;13;9;3;12;5;6;9;18;2;16;13;10;
*13SM!~~~68;;;;;;;12.21.14;3;5;6;1;5014;;13;9;3;12;5;6;9;18;2;16;13;10;
a09RM!~~~68~O~~32;;;;;;;12.21.14;3;5;6;1;5014;;13;9;3;12;5;6;9;18;2;16;13;10;
a10EQ+K1C;;;;;;;12.21.14;3;5;6;1;5014;;13;9;3;12;5;6;9;18;2;16;13;10;
a18AQ#J4~39~H1X;s;r;;;;;12.21.20;3;5;6;1;5018;;13;9;3;12;5;6;9;18;2;16;13;10;
*05DQ=~~~39~S;s;;;;;;12.21.20;3;5;6;1;5018;;13;9;3;12;5;6;9;18;2;16;13;10;
ap22:19;;;;;;;12.21.23;3;5;6;1;5022;;13;9;3;12;5;6;9;18;2;16;13;10;
az5;;;;;;;12.21.23;3;5;5;1;5022;;13;9;3;12;5;6;18;2;16;13;10;9;
a18SM/~~~58;;;;;;;12.21.40;3;5;5;1;5040;;13;9;3;12;5;6;18;2;16;13;10;9;
*06RM/~~~58~O;;;;;;;12.21.40;3;5;5;1;5040;;13;9;3;12;5;6;18;2;16;13;10;9;
a13AO#V3~39;p;p;;;;;12.21.47;3;5;5;1;5044;;13;9;3;12;5;6;18;2;16;13;10;9;
*$$&H=;p;;;;;;12.21.47;3;5;5;1;5044;;13;9;3;12;5;6;18;2;16;13;10;9;
ap22:20;;;;;;;12.21.48;3;5;5;1;5048;;13;9;3;12;5;6;18;2;16;13;10;9;
a18SM-~~~55;;;;;;;12.22.05;3;5;5;1;5065;;13;9;3;12;5;6;18;2;16;13;10;9;
*03RM#~~~55~O;;;;;;;12.22.05;3;5;5;1;5065;;13;9;3;12;5;6;18;2;16;13;10;9;
*05ET+K2B;;;;;;;12.22.05;3;5;5;1;5065;;13;9;3;12;5;6;18;2;16;13;10;9;
*09AT#W2~27~H1X;s;r;;;;;12.22.10;3;5;5;1;5069;;13;9;3;12;5;6;18;2;16;13;10;9;
a18DT=~~~27~S;s;;;;;;12.22.10;3;5;5;1;5069;;13;9;3;12;5;6;18;2;16;13;10;9;
*p23:20;;;;;;;12.22.15;3;5;5;1;5073;;13;9;3;12;5;6;18;2;16;13;10;9;
*z4;;;;;;;12.22.15;3;4;5;1;5074;;9;3;12;5;6;13;18;2;16;13;10;9;
*c05:01;;;;;;;12.22.15;3;4;5;1;5074;;9;3;12;1;6;13;18;2;16;13;10;9;
*c09:02;;;;;;;12.22.15;3;4;5;1;5074;;2;3;12;1;6;13;18;2;16;13;10;9;
*P2;;;;;;;12.22.15;3;4;5;1;5074;;2;3;12;1;6;13;18;2;16;13;10;9;
*z1;;;;;;;12.22.15;3;1;5;1;5074;;2;3;12;1;6;13;18;2;16;13;10;9;
*02SM!~~~16;;;;;;;12.22.39;3;1;5;1;5099;;2;3;12;1;6;13;18;2;16;13;10;9;
a09RM!~~~16~~~~21;;;;;;;12.22.39;3;1;5;1;5099;;2;3;12;1;6;13;18;2;16;13;10;9;
a10ET+KBB~~~~~~K1;;;;;;;12.22.39;3;1;5;1;5099;;2;3;12;1;6;13;18;2;16;13;10;9;
a02AT#W2~29~H1X;s;r;;;;;12.22.43;3;1;5;1;5103;;2;3;12;1;6;13;18;2;16;13;10;9;
*02DT=~~~29~S;s;;;;;;12.22.43;3;1;5;1;5103;;2;3;12;1;6;13;18;2;16;13;10;9;
ap23:21;;;;;;;12.22.49;3;1;5;1;5106;;2;3;12;1;6;13;18;2;16;13;10;9;
az4;;;;;;;12.22.49;3;1;4;1;5108;;2;3;12;1;6;13;2;16;13;10;9;18;
a02SQ+~~~66;;;;;;;12.23.04;3;1;4;1;5124;;2;3;12;1;6;13;2;16;13;10;9;18;
*18RQ-~~~66;;;;;;;12.23.04;3;1;4;1;5124;;2;3;12;1;6;13;2;16;13;10;9;18;
*02EH+~~F;;;;;;;12.23.04;3;1;4;1;5127;;2;3;12;1;6;13;2;16;13;10;9;18;
*01AH#G4~42~H2S;s;r;;;;;12.23.09;3;1;4;1;5129;;2;3;12;1;6;13;2;16;13;10;9;18;
a13BH=~~~~2~~2;s;;;;;;12.23.09;3;1;4;1;5129;;2;3;12;1;6;13;2;16;13;10;9;18;
*p24:21;;;;;;;12.23.12;3;1;4;1;5133;;2;3;12;1;6;13;2;16;13;10;9;18;
*z6;;;;;;;12.23.12;3;6;4;1;5131;;3;12;1;6;13;2;2;16;13;10;9;18;
*c06:16;;;;;;;12.23.12;3;6;4;1;5131;;3;12;1;16;13;2;2;16;13;10;9;18;
*03SM!~~~11;;;;;;;12.23.31;3;6;4;1;5151;;3;12;1;16;13;2;2;16;13;10;9;18;
a04RM!~~~11~O~~22;;;;;;;12.23.31;3;6;4;1;5151;;3;12;1;16;13;2;2;16;13;10;9;18;
a10ET+KBB~~~~~~K1;;;;;;;12.23.31;3;6;4;1;5151;;3;12;1;16;13;2;2;16;13;10;9;18;
a02AT/Y9~94~H2;p;r;;;;;12.23.34;3;6;4;1;5155;;3;12;1;16;13;2;2;16;13;10;9;18;
*12BT#~~~~4~~2;p;;;;;;12.23.34;3;6;4;1;5155;;3;12;1;16;13;2;2;16;13;10;9;18;
*p25:21;;;;;;;12.23.44;3;6;4;1;5160;;3;12;1;16;13;2;2;16;13;10;9;18;
**3set;;;;;;;12.23.44;4;6;4;1;5161;;;;;;;;;;;;;;
