*P04>LUp;;;;;;;;1;6;5;;;;13;4;18;11;1;10;9;6;2;16;18;10;
*z2>LUp;;;;;;;;1;2;5;;;;13;4;18;11;1;10;9;6;2;16;18;10;
aP10>LUp;;;;;;;;1;2;5;;;;13;4;18;11;1;10;9;6;2;16;18;10;
az6>LUp;;;;;;;;1;2;6;;;;13;4;18;11;1;10;9;6;2;16;18;10;
*13SM+~~~55;;;;;;;17.12.53;1;2;6;1;148;;13;4;18;11;1;10;9;6;2;16;18;10;
a16RM-~~~55~O;;;;;;;17.12.53;1;2;6;1;148;;13;4;18;11;1;10;9;6;2;16;18;10;
a10ET+~~F;;;;;;;17.12.53;1;2;6;1;148;;13;4;18;11;1;10;9;6;2;16;18;10;
a16AT+W4~42~H2C;;r;;;;;17.12.58;1;2;6;1;153;;13;4;18;11;1;10;9;6;2;16;18;10;
*11BT-~~~~2~A2;;;;;;;17.12.58;1;2;6;1;153;;13;4;18;11;1;10;9;6;2;16;18;10;
a11EH+;;;;;;;17.12.58;1;2;6;1;153;;13;4;18;11;1;10;9;6;2;16;18;10;
a02AH=G2~25~H2S;p;s;;;;;17.13.01;1;2;6;1;157;;13;4;18;11;1;10;9;6;2;16;18;10;
*$$&H#;p;;;;;;17.13.01;1;2;6;1;157;;13;4;18;11;1;10;9;6;2;16;18;10;
*p01:00;;;;;;;17.13.06;1;2;6;1;161;;13;4;18;11;1;10;9;6;2;16;18;10;
*13SM-~~~56;;;;;;;17.13.23;1;2;6;1;178;;13;4;18;11;1;10;9;6;2;16;18;10;
a11RM+~~~56~~~~21;;;;;;;17.13.23;1;2;6;1;178;;13;4;18;11;1;10;9;6;2;16;18;10;
a10ET+KBB;;;;;;;17.13.23;1;2;6;1;178;;13;4;18;11;1;10;9;6;2;16;18;10;
a02AT=W2~26~H1O;p;r;;;;;17.13.28;1;2;6;1;183;;13;4;18;11;1;10;9;6;2;16;18;10;
*$$&H#;p;;;;;;17.13.28;1;2;6;1;183;;13;4;18;11;1;10;9;6;2;16;18;10;
*p02:00;;;;;;;17.13.38;1;2;6;1;187;;13;4;18;11;1;10;9;6;2;16;18;10;
*13SM-~~~67;;;;;;;17.13.50;1;2;6;1;205;;13;4;18;11;1;10;9;6;2;16;18;10;
a16RM#~~~67~O;;;;;;;17.13.50;1;2;6;1;205;;13;4;18;11;1;10;9;6;2;16;18;10;
a10EQ+K1C;;;;;;;17.13.50;1;2;6;1;205;;13;4;18;11;1;10;9;6;2;16;18;10;
a06AQ=J4~31~H2O;p;r;;;;;17.13.57;1;2;6;1;208;;13;4;18;11;1;10;9;6;2;16;18;10;
*$$&H#;p;;;;;;17.13.57;1;2;6;1;208;;13;4;18;11;1;10;9;6;2;16;18;10;
*p03:00;;;;;;;17.14.01;1;2;6;1;212;;13;4;18;11;1;10;9;6;2;16;18;10;
*13SM#~~~63~~~N;p;;;;;;17.14.18;1;2;6;1;233;;13;4;18;11;1;10;9;6;2;16;18;10;
a10RM=~~~63~W;p;;;;;;17.14.18;1;2;6;1;233;;13;4;18;11;1;10;9;6;2;16;18;10;
*p04:00;;;;;;;17.14.24;1;2;6;1;237;;13;4;18;11;1;10;9;6;2;16;18;10;
*13SM+~~~66;;;;;;;17.14.42;1;2;6;1;257;;13;4;18;11;1;10;9;6;2;16;18;10;
a11RM-~~~66;;;;;;;17.14.42;1;2;6;1;257;;13;4;18;11;1;10;9;6;2;16;18;10;
a10EH+~~B;;;;;;;17.14.42;1;2;6;1;257;;13;4;18;11;1;10;9;6;2;16;18;10;
a02AH-G2~21~H;;r;;;;;17.14.46;1;2;6;1;262;;13;4;18;11;1;10;9;6;2;16;18;10;
*01DH+~~~21;;;;;;;17.14.46;1;2;6;1;262;;13;4;18;11;1;10;9;6;2;16;18;10;
*04EQ+~~C;;;;;;;17.14.46;1;2;6;1;262;;13;4;18;11;1;10;9;6;2;16;18;10;
*11AQ-J1~35~H1~1;;p;;;;;17.14.50;1;2;6;1;265;;13;4;18;11;1;10;9;6;2;16;18;10;
a11DQ+~~~35;;;;;;;17.14.50;1;2;6;1;265;;13;4;18;11;1;10;9;6;2;16;18;10;
a10EH+;;;;;;;17.14.50;1;2;6;1;265;;13;4;18;11;1;10;9;6;2;16;18;10;
a09AH#G8~83~H2O;s;s;;;;;17.14.56;1;2;6;1;269;;13;4;18;11;1;10;9;6;2;16;18;10;
*11BH=~~~~3~A2O;s;;;;;;17.14.56;1;2;6;1;269;;13;4;18;11;1;10;9;6;2;16;18;10;
ap04:01;;;;;;;17.15.00;1;2;6;1;273;;13;4;18;11;1;10;9;6;2;16;18;10;
az5;;;;;;;17.15.00;1;2;5;1;274;;13;4;18;11;1;10;6;2;16;18;10;9;
a06SM-~~~51;;;;;;;17.15.17;1;2;5;1;291;;13;4;18;11;1;10;6;2;16;18;10;9;
*12RM#~~~51;;;;;;;17.15.17;1;2;5;1;291;;13;4;18;11;1;10;6;2;16;18;10;9;
*04EQ+K1C;;;;;;;17.15.17;1;2;5;1;291;;13;4;18;11;1;10;6;2;16;18;10;9;
*11AQ-J1~37~H2;;r;;;;;17.15.22;1;2;5;1;296;;13;4;18;11;1;10;6;2;16;18;10;9;
a06DQ+~~~37~S;;;;;;;17.15.22;1;2;5;1;296;;13;4;18;11;1;10;6;2;16;18;10;9;
a10ET+~~B;;;;;;;17.15.22;1;2;5;1;296;;13;4;18;11;1;10;6;2;16;18;10;9;
a02AT-W2~24~H2C;;p;;;;;17.15.25;1;2;5;1;299;;13;4;18;11;1;10;6;2;16;18;10;9;
*11BT+~~~~4~A2;;;;;;;17.15.25;1;2;5;1;299;;13;4;18;11;1;10;6;2;16;18;10;9;
*01DH+~~~21~B;;;;;;;17.15.27;1;2;5;1;299;;13;4;18;11;1;10;6;2;16;18;10;9;
*04ET+~~F;;;;;;;17.15.27;1;2;5;1;299;;13;4;18;11;1;10;6;2;16;18;10;9;
*18AT+W4~42~T2C2;;s;;;;;17.15.30;1;2;5;1;303;;13;4;18;11;1;10;6;2;16;18;10;9;
a02BT-~~~~2~A2;;;;;;;17.15.30;1;2;5;1;303;;13;4;18;11;1;10;6;2;16;18;10;9;
*10ET+~~B~9;;;;;;;17.15.30;1;2;5;1;303;;13;4;18;11;1;10;6;2;16;18;10;9;
*01AT#Y9~96~H1X4;s;s;;;;;17.15.38;1;2;5;1;307;;13;4;18;11;1;10;6;2;16;18;10;9;
a09DT=~~~96~S;s;;;;;;17.15.38;1;2;5;1;307;;13;4;18;11;1;10;6;2;16;18;10;9;
*p05:01;;;;;;;17.15.43;1;2;5;1;311;;13;4;18;11;1;10;6;2;16;18;10;9;
*z1;;;;;;;17.15.43;1;1;5;1;317;;4;18;11;1;10;13;6;2;16;18;10;9;
*04SQ-~~~51;;;;;;;17.15.59;1;1;5;1;334;;4;18;11;1;10;13;6;2;16;18;10;9;
a11RQ#~~~51;;;;;;;17.15.59;1;1;5;1;334;;4;18;11;1;10;13;6;2;16;18;10;9;
a10EQ+K1C;;;;;;;17.15.59;1;1;5;1;334;;4;18;11;1;10;13;6;2;16;18;10;9;
a18AQ#J4~39~H1X;s;r;;;;;17.16.04;1;1;5;1;338;;4;18;11;1;10;13;6;2;16;18;10;9;
*04DQ=~~~39~S;s;;;;;;17.16.04;1;1;5;1;338;;4;18;11;1;10;13;6;2;16;18;10;9;
ap05:02;;;;;;;17.16.07;1;1;5;1;342;;4;18;11;1;10;13;6;2;16;18;10;9;
az4;;;;;;;17.16.07;1;1;4;1;341;;4;18;11;1;10;13;2;16;18;10;9;6;
a02SQ-~~~68;;;;;;;17.16.27;1;1;4;1;361;;4;18;11;1;10;13;2;16;18;10;9;6;
*12RQ#~~~68;;;;;;;17.16.27;1;1;4;1;361;;4;18;11;1;10;13;2;16;18;10;9;6;
*04ET+K1F;;;;;;;17.16.27;1;1;4;1;361;;4;18;11;1;10;13;2;16;18;10;9;6;
*01AT#W4~47~H1X;s;r;;;;;17.16.31;1;1;4;1;366;;4;18;11;1;10;13;2;16;18;10;9;6;
a09DT=~~~47~S;s;;;;;;17.16.31;1;1;4;1;366;;4;18;11;1;10;13;2;16;18;10;9;6;
*p06:02;;;;;;;17.16.35;1;1;4;1;370;;4;18;11;1;10;13;2;16;18;10;9;6;
*z6;;;;;;;17.16.35;1;6;4;1;369;;18;11;1;10;13;4;2;16;18;10;9;6;
*18SQ+~~~65;;;;;;;17.16.54;1;6;4;1;388;;18;11;1;10;13;4;2;16;18;10;9;6;
a16RQ-~~~65;;;;;;;17.16.54;1;6;4;1;388;;18;11;1;10;13;4;2;16;18;10;9;6;
a10EH+~~B;;;;;;;17.16.54;1;6;4;1;388;;18;11;1;10;13;4;2;16;18;10;9;6;
a02AH+G9~94~H2C;;r;;;;;17.16.59;1;6;4;1;393;;18;11;1;10;13;4;2;16;18;10;9;6;
*11BH-~~~~4~A2;;;;;;;17.16.59;1;6;4;1;393;;18;11;1;10;13;4;2;16;18;10;9;6;
a10EQ+;;;;;;;17.16.59;1;6;4;1;393;;18;11;1;10;13;4;2;16;18;10;9;6;
a18AQ/J2~33~H2T;p;s;;;;;17.17.02;1;6;4;1;397;;18;11;1;10;13;4;2;16;18;10;9;6;
*11BQ#~~~~3~T2T;p;;;;;;17.17.02;1;6;4;1;397;;18;11;1;10;13;4;2;16;18;10;9;6;
*p07:02;;;;;;;17.17.05;1;6;4;1;401;;18;11;1;10;13;4;2;16;18;10;9;6;
*18SQ+~~~15;;;;;;;17.17.24;1;6;4;1;419;;18;11;1;10;13;4;2;16;18;10;9;6;
a16RQ-~~~15;;;;;;;17.17.24;1;6;4;1;419;;18;11;1;10;13;4;2;16;18;10;9;6;
a09EH+~~F~4;;;;;;;17.17.24;1;6;4;1;419;;18;11;1;10;13;4;2;16;18;10;9;6;
a16AH!G4~42~P2A;;r;;;;;17.17.30;1;6;4;1;425;;18;11;1;10;13;4;2;16;18;10;9;6;
*11BH/~~~~2~A2A;s;;;;;;17.17.30;1;6;4;1;425;;18;11;1;10;13;4;2;16;18;10;9;6;
a$$&H#;s;;;;;;17.17.30;1;6;4;1;425;;18;11;1;10;13;4;2;16;18;10;9;6;
ap07:03;;;;;;;17.17.36;1;6;4;1;429;;18;11;1;10;13;4;2;16;18;10;9;6;
az3;;;;;;;17.17.36;1;6;3;1;430;;18;11;1;10;13;4;16;18;10;9;6;2;
a16SM-~~~51B;;;;;;;17.18.00;1;6;3;1;455;;18;11;1;10;13;4;16;18;10;9;6;2;
*18RM#~~~51B;;;;;;;17.18.00;1;6;3;1;455;;18;11;1;10;13;4;16;18;10;9;6;2;
*04EQ+K3C;;;;;;;17.18.00;1;6;3;1;455;;18;11;1;10;13;4;16;18;10;9;6;2;
*11AQ-J3~37~T1;;r;;;;;17.18.07;1;6;3;1;459;;18;11;1;10;13;4;16;18;10;9;6;2;
a16DQ+~~~37~E;;;;;;;17.18.07;1;6;3;1;459;;18;11;1;10;13;4;16;18;10;9;6;2;
a10EH/;;;;;;;17.18.07;1;6;3;1;459;;18;11;1;10;13;4;16;18;10;9;6;2;
*01FH#;;;;;;;17.18.17;1;6;3;1;464;;18;11;1;10;13;4;16;18;10;9;6;2;
*04ET+~~F;;;;;;;17.18.17;1;6;3;1;463;;18;11;1;10;13;4;16;18;10;9;6;2;
*10AT#W4~42~T1X1;s;s;;;;;17.18.18;1;6;3;1;467;;18;11;1;10;13;4;16;18;10;9;6;2;
a02DT=~~~42~E~E;s;;;;;;17.18.18;1;6;3;1;467;;18;11;1;10;13;4;16;18;10;9;6;2;
*p08:03;;;;;;;17.18.23;1;6;3;1;471;;18;11;1;10;13;4;16;18;10;9;6;2;
*z5;;;;;;;17.18.23;1;5;3;1;477;;11;1;10;13;4;18;16;18;10;9;6;2;
*11SM=~~~5~~~~N;s;;;;;;17.18.32;1;5;3;1;486;;11;1;10;13;4;18;16;18;10;9;6;2;
a$$&H#;s;;;;;;17.18.32;1;5;3;1;486;;11;1;10;13;4;18;16;18;10;9;6;2;
ap08:04;;;;;;;17.18.35;1;5;3;1;489;;11;1;10;13;4;18;16;18;10;9;6;2;
az2;;;;;;;17.18.35;1;5;2;1;489;;11;1;10;13;4;18;18;10;9;6;2;16;
a18SQ-~~~15;;;;;;;17.18.54;1;5;2;1;509;;11;1;10;13;4;18;18;10;9;6;2;16;
*10RQ#~~~15;;;;;;;17.18.54;1;5;2;1;509;;11;1;10;13;4;18;18;10;9;6;2;16;
*04ET+K1B;;;;;;;17.18.54;1;5;2;1;509;;11;1;10;13;4;18;18;10;9;6;2;16;
*01AT#W2~24~H4S;s;r;;;;;17.18.58;1;5;2;1;513;;11;1;10;13;4;18;18;10;9;6;2;16;
a06BT=~~~~4~A4S;s;;;;;;17.18.58;1;5;2;1;513;;11;1;10;13;4;18;18;10;9;6;2;16;
*p09:04;;;;;;;17.19.02;1;5;2;1;517;;11;1;10;13;4;18;18;10;9;6;2;16;
*z4;;;;;;;17.19.02;1;4;2;1;516;;1;10;13;4;18;11;18;10;9;6;2;16;
*01SQ=~~~1~~~~N;s;;;;;;17.19.21;1;4;2;1;535;;1;10;13;4;18;11;18;10;9;6;2;16;
a$$&H#;s;;;;;;17.19.21;1;4;2;1;535;;1;10;13;4;18;11;18;10;9;6;2;16;
ap09:05;;;;;;;17.19.25;1;4;2;1;540;;1;10;13;4;18;11;18;10;9;6;2;16;
az1;;;;;;;17.19.25;1;4;1;1;539;;1;10;13;4;18;11;10;9;6;2;16;18;
a10SM+~~~59;;;;;;;17.19.44;1;4;1;1;558;;1;10;13;4;18;11;10;9;6;2;16;18;
*12RM-~~~59;;;;;;;17.19.44;1;4;1;1;558;;1;10;13;4;18;11;10;9;6;2;16;18;
*04EH+~~F;;;;;;;17.19.44;1;4;1;1;558;;1;10;13;4;18;11;10;9;6;2;16;18;
*10AH+G4~42~H3C;;r;;;;;17.19.49;1;4;1;1;563;;1;10;13;4;18;11;10;9;6;2;16;18;
a02BH-~~~~2~~3;;;;;;;17.19.49;1;4;1;1;563;;1;10;13;4;18;11;10;9;6;2;16;18;
*12EH+~~F~4;;;;;;;17.19.49;1;4;1;1;563;;1;10;13;4;18;11;10;9;6;2;16;18;
*10AH-G4~42~P2C;;s;;;;;17.19.53;1;4;1;1;567;;1;10;13;4;18;11;10;9;6;2;16;18;
a02BH+~~~~2~A2;;;;;;;17.19.53;1;4;1;1;567;;1;10;13;4;18;11;10;9;6;2;16;18;
a11EH+~~B~2;;;;;;;17.19.53;1;4;1;1;567;;1;10;13;4;18;11;10;9;6;2;16;18;
a02AH#G2~21~H2X;p;p;;;;;17.19.59;1;4;1;1;571;;1;10;13;4;18;11;10;9;6;2;16;18;
*01DH=~~~21~S;p;;;;;;17.19.59;1;4;1;1;571;;1;10;13;4;18;11;10;9;6;2;16;18;
ap09:06;;;;;;;17.20.02;1;4;1;1;575;;1;10;13;4;18;11;10;9;6;2;16;18;
a10SM!~~~59~~~N;;;;;;;17.20.19;1;4;1;1;594;;1;10;13;4;18;11;10;9;6;2;16;18;
*12RM!~~~59~O~~31;;;;;;;17.20.19;1;4;1;1;594;;1;10;13;4;18;11;10;9;6;2;16;18;
*04EQ+KCC;;;;;;;17.20.19;1;4;1;1;594;;1;10;13;4;18;11;10;9;6;2;16;18;
*13AQ-J4~37~H1;;r;;;;;17.20.24;1;4;1;1;597;;1;10;13;4;18;11;10;9;6;2;16;18;
a16DQ+~~~37~S;;;;;;;17.20.24;1;4;1;1;597;;1;10;13;4;18;11;10;9;6;2;16;18;
a11EH+~~B;;;;;;;17.20.24;1;4;1;1;597;;1;10;13;4;18;11;10;9;6;2;16;18;
a02AH=G2~2~~H3S4;s;p;;;;;17.20.27;1;4;1;1;601;;1;10;13;4;18;11;10;9;6;2;16;18;
*04BH/~~~~4~A3A;p;;;;;;17.20.45;1;4;1;1;601;;1;10;13;4;18;11;10;9;6;2;16;18;
ap09:07;;;;;;;17.20.49;1;4;1;1;605;;1;10;13;4;18;11;10;9;6;2;16;18;
a10SM-~~~51;;;;;;;17.20.50;1;4;1;1;625;;1;10;13;4;18;11;10;9;6;2;16;18;
*12RM#~~~51;;;;;;;17.20.50;1;4;1;1;625;;1;10;13;4;18;11;10;9;6;2;16;18;
*04EQ+K1C;;;;;;;17.20.50;1;4;1;1;625;;1;10;13;4;18;11;10;9;6;2;16;18;
*13AQ#J1~31~H1X;s;r;;;;;17.20.54;1;4;1;1;629;;1;10;13;4;18;11;10;9;6;2;16;18;
a10DQ=~~~31~S;s;;;;;;17.20.54;1;4;1;1;629;;1;10;13;4;18;11;10;9;6;2;16;18;
*p10:07;;;;;;;17.20.58;1;4;1;1;633;;1;10;13;4;18;11;10;9;6;2;16;18;
*z3;;;;;;;17.20.58;1;3;1;1;632;;10;13;4;18;11;1;10;9;6;2;16;18;
*10SQ-~~~11~~~N;;;;;;;17.21.16;1;3;1;1;650;;10;13;4;18;11;1;10;9;6;2;16;18;
a09RQ#~~~11~W;;;;;;;17.21.16;1;3;1;1;650;;10;13;4;18;11;1;10;9;6;2;16;18;
a10EQ+K1C;;;;;;;17.21.16;1;3;1;1;650;;10;13;4;18;11;1;10;9;6;2;16;18;
a06AQ#J1~37~H1X;s;r;;;;;17.21.20;1;3;1;1;654;;10;13;4;18;11;1;10;9;6;2;16;18;
*15DQ=~~~37~S;s;;;;;;17.21.20;1;3;1;1;654;;10;13;4;18;11;1;10;9;6;2;16;18;
ap10:08;;;;;;;17.21.25;1;3;1;1;658;;10;13;4;18;11;1;10;9;6;2;16;18;
az6;;;;;;;17.21.25;1;3;6;1;659;;10;13;4;18;11;1;9;6;2;16;18;10;
a09SM-~~~59;;;;;;;17.21.48;1;3;6;1;682;;10;13;4;18;11;1;9;6;2;16;18;10;
*10RM+~~~59~~~~2;;;;;;;17.21.48;1;3;6;1;682;;10;13;4;18;11;1;9;6;2;16;18;10;
*04ET+K1B;;;;;;;17.21.48;1;3;6;1;682;;10;13;4;18;11;1;9;6;2;16;18;10;
*01AT+Y9~95~H4;;r;;;;;17.21.53;1;3;6;1;688;;10;13;4;18;11;1;9;6;2;16;18;10;
a11DT/~~~95;;;;;;;17.21.53;1;3;6;1;688;;10;13;4;18;11;1;9;6;2;16;18;10;
*12FH#;;;;;;;17.21.58;1;3;6;1;689;;10;13;4;18;11;1;9;6;2;16;18;10;
*04ET#;;;;;;;17.21.58;1;3;6;1;689;;10;13;4;18;11;1;9;6;2;16;18;10;
*01AT/Y9~94~H1A;p;s;;;;;17.22.01;1;3;6;1;695;;10;13;4;18;11;1;9;6;2;16;18;10;
a16BT#~~~~4~A1A;p;;;;;;17.22.01;1;3;6;1;695;;10;13;4;18;11;1;9;6;2;16;18;10;
ap10:09;;;;;;;17.22.04;1;3;6;1;699;;10;13;4;18;11;1;9;6;2;16;18;10;
a09SM+~~~51;;;;;;;17.22.30;1;3;6;1;724;;10;13;4;18;11;1;9;6;2;16;18;10;
*10RM-~~~51;;;;;;;17.22.30;1;3;6;1;724;;10;13;4;18;11;1;9;6;2;16;18;10;
*12EH+~~F;;;;;;;17.22.30;1;3;6;1;724;;10;13;4;18;11;1;9;6;2;16;18;10;
*18AH#G4~42~P2O;s;r;;;;;17.22.37;1;3;6;1;731;;10;13;4;18;11;1;9;6;2;16;18;10;
a02BH=~~~~2~A2O;s;;;;;;17.22.37;1;3;6;1;731;;10;13;4;18;11;1;9;6;2;16;18;10;
*p11:09;;;;;;;17.22.40;1;3;6;1;736;;10;13;4;18;11;1;9;6;2;16;18;10;
*z2;;;;;;;17.22.40;1;2;6;1;734;;13;4;18;11;1;10;9;6;2;16;18;10;
*13SM#~~~66;p;;;;;;17.23.01;1;2;6;1;755;;13;4;18;11;1;10;9;6;2;16;18;10;
a11RM=~~~66~M;p;;;;;;17.23.01;1;2;6;1;755;;13;4;18;11;1;10;9;6;2;16;18;10;
*p12:09;;;;;;;17.23.05;1;2;6;1;759;;13;4;18;11;1;10;9;6;2;16;18;10;
*13SM-~~~67~~~N;;;;;;;17.23.25;1;2;6;1;780;;13;4;18;11;1;10;9;6;2;16;18;10;
a16RM+~~~67~O~~32;;;;;;;17.23.25;1;2;6;1;780;;13;4;18;11;1;10;9;6;2;16;18;10;
a10ET+K1P;;;;;;;17.23.34;1;2;6;1;780;;13;4;18;11;1;10;9;6;2;16;18;10;
a09AT-Y8~82~T0;;r;;;;;17.23.31;1;2;6;1;784;;13;4;18;11;1;10;9;6;2;16;18;10;
*04DT+~~~82~S;;;;;;;17.23.31;1;2;6;1;784;;13;4;18;11;1;10;9;6;2;16;18;10;
*10ET+~~F~4;;;;;;;17.23.31;1;2;6;1;784;;13;4;18;11;1;10;9;6;2;16;18;10;
*18AT#W4~45~H2X4;p;p;;;;;17.23.36;1;2;6;1;788;;13;4;18;11;1;10;9;6;2;16;18;10;
a11DT=~~~45~S;p;;;;;;17.23.36;1;2;6;1;788;;13;4;18;11;1;10;9;6;2;16;18;10;
*p13:09;;;;;;;17.23.41;1;2;6;1;792;;13;4;18;11;1;10;9;6;2;16;18;10;
*13SM-~~~68;;;;;;;17.23.56;1;2;6;1;810;;13;4;18;11;1;10;9;6;2;16;18;10;
a16RM+~~~68~O~~31;;;;;;;17.23.56;1;2;6;1;810;;13;4;18;11;1;10;9;6;2;16;18;10;
a10ET+KFB;;;;;;;17.23.56;1;2;6;1;810;;13;4;18;11;1;10;9;6;2;16;18;10;
a02AT#W2~24~H2F;s;r;;;;;17.24.01;1;2;6;1;815;;13;4;18;11;1;10;9;6;2;16;18;10;
*11BT=~~~~4~A2F;s;;;;;;17.24.01;1;2;6;1;815;;13;4;18;11;1;10;9;6;2;16;18;10;
ap13:10;;;;;;;17.24.05;1;2;6;1;819;;13;4;18;11;1;10;9;6;2;16;18;10;
az5;;;;;;;17.24.05;1;2;5;1;819;;13;4;18;11;1;10;6;2;16;18;10;9;
a06SM+~~~51;;;;;;;17.24.21;1;2;5;1;835;;13;4;18;11;1;10;6;2;16;18;10;9;
*12RM-~~~51;;;;;;;17.24.21;1;2;5;1;835;;13;4;18;11;1;10;6;2;16;18;10;9;
*18EH+~~~~8;;;;;;;17.24.21;1;2;5;1;835;;13;4;18;11;1;10;6;2;16;18;10;9;
*10AH=G8~8~~H3N;p;r;;;;;17.24.29;1;2;5;1;841;;13;4;18;11;1;10;6;2;16;18;10;9;
a$$&H#;p;;;;;;17.24.29;1;2;5;1;841;;13;4;18;11;1;10;6;2;16;18;10;9;
ap13:11;;;;;;;17.24.34;1;2;5;1;845;;13;4;18;11;1;10;6;2;16;18;10;9;
a06SM-~~~51;;;;;;;17.24.46;1;2;5;1;861;;13;4;18;11;1;10;6;2;16;18;10;9;
*12RM+~~~51~O~~22;;;;;;;17.24.46;1;2;5;1;861;;13;4;18;11;1;10;6;2;16;18;10;9;
*04ET#K9P;;;;;;;17.24.46;1;2;5;1;861;;13;4;18;11;1;10;6;2;16;18;10;9;
*10AT=Y8~81~H1O;p;r;;;;;17.24.53;1;2;5;1;865;;13;4;18;11;1;10;6;2;16;18;10;9;
a$$&H#;p;;;;;;17.24.53;1;2;5;1;865;;13;4;18;11;1;10;6;2;16;18;10;9;
ap13:12;;;;;;;17.24.59;1;2;5;1;869;;13;4;18;11;1;10;6;2;16;18;10;9;
a06SM-~~~51;;;;;;;17.25.44;1;2;5;1;919;;13;4;18;11;1;10;6;2;16;18;10;9;
*12RM+~~~51~~~~21;;;;;;;17.25.44;1;2;5;1;919;;13;4;18;11;1;10;6;2;16;18;10;9;
*04ET+KBF;;;;;;;17.25.44;1;2;5;1;919;;13;4;18;11;1;10;6;2;16;18;10;9;
*18AT!W4~42~P1A;;r;;;;;17.25.49;1;2;5;1;923;;13;4;18;11;1;10;6;2;16;18;10;9;
a02BT/~~~~2~A1A;s;;;;;;17.25.49;1;2;5;1;923;;13;4;18;11;1;10;6;2;16;18;10;9;
*$$&H#;s;;;;;;17.25.49;1;2;5;1;923;;13;4;18;11;1;10;6;2;16;18;10;9;
*p14:12;;;;;;;17.25.55;1;2;5;1;927;;13;4;18;11;1;10;6;2;16;18;10;9;
*z1;;;;;;;17.25.55;1;1;5;1;929;;4;18;11;1;10;13;6;2;16;18;10;9;
*04SQ=~~~51~~~O;s;;;;;;17.26.14;1;1;5;1;949;;4;18;11;1;10;13;6;2;16;18;10;9;
a$$&H#;s;;;;;;17.26.14;1;1;5;1;949;;4;18;11;1;10;13;6;2;16;18;10;9;
ap14:13;;;;;;;17.26.17;1;1;5;1;952;;4;18;11;1;10;13;6;2;16;18;10;9;
az4;;;;;;;17.26.17;1;1;4;1;951;;4;18;11;1;10;13;2;16;18;10;9;6;
a02SQ+~~~66;;;;;;;17.26.38;1;1;4;1;972;;4;18;11;1;10;13;2;16;18;10;9;6;
*12RQ-~~~66;;;;;;;17.26.38;1;1;4;1;972;;4;18;11;1;10;13;2;16;18;10;9;6;
*10EH+~~B;;;;;;;17.26.38;1;1;4;1;972;;4;18;11;1;10;13;2;16;18;10;9;6;
*18AH+G2~26~H2;;r;;;;;17.26.44;1;1;4;1;978;;4;18;11;1;10;13;2;16;18;10;9;6;
a02DH/~~~26~S;;;;;;;17.26.44;1;1;4;1;978;;4;18;11;1;10;13;2;16;18;10;9;6;
*12FH#;;;;;;;17.26.51;1;1;4;1;979;;4;18;11;1;10;13;2;16;18;10;9;6;
*04ET#~~F;;;;;;;17.26.51;1;1;4;1;979;;4;18;11;1;10;13;2;16;18;10;9;6;
*01AT=W4~46~H1O;p;s;;;;;17.26.57;1;1;4;1;987;;4;18;11;1;10;13;2;16;18;10;9;6;
a$$&H#;p;;;;;;17.26.57;1;1;4;1;987;;4;18;11;1;10;13;2;16;18;10;9;6;
ap14:14;;;;;;;17.27.02;1;1;4;1;991;;4;18;11;1;10;13;2;16;18;10;9;6;
a02SQ=~~~6~~~~N;s;;;;;;17.27.26;1;1;4;1;1021;;4;18;11;1;10;13;2;16;18;10;9;6;
*$$&H#;s;;;;;;17.27.26;1;1;4;1;1021;;4;18;11;1;10;13;2;16;18;10;9;6;
*p15:14;;;;;;;17.27.30;1;1;4;1;1025;;4;18;11;1;10;13;2;16;18;10;9;6;
*z6;;;;;;;17.27.30;1;6;4;1;1024;;18;11;1;10;13;4;2;16;18;10;9;6;
*18SQ+~~~66;;;;;;;17.27.54;1;6;4;1;1049;;18;11;1;10;13;4;2;16;18;10;9;6;
a09RQ-~~~66;;;;;;;17.27.54;1;6;4;1;1049;;18;11;1;10;13;4;2;16;18;10;9;6;
a10ET+;;;;;;;17.27.54;1;6;4;1;1049;;18;11;1;10;13;4;2;16;18;10;9;6;
a16AT=W4~4~~T2S;p;r;;;;;17.28.00;1;6;4;1;1054;;18;11;1;10;13;4;2;16;18;10;9;6;
*$$&H#;p;;;;;;17.28.00;1;6;4;1;1054;;18;11;1;10;13;4;2;16;18;10;9;6;
*p16:14;;;;;;;17.28.05;1;6;4;1;1058;;18;11;1;10;13;4;2;16;18;10;9;6;
*18SQ!~~~16;;;;;;;17.28.27;1;6;4;1;1082;;18;11;1;10;13;4;2;16;18;10;9;6;
a09RQ!~~~16~~~~41;;;;;;;17.28.27;1;6;4;1;1082;;18;11;1;10;13;4;2;16;18;10;9;6;
a10EQ+KFC;;;;;;;17.28.27;1;6;4;1;1082;;18;11;1;10;13;4;2;16;18;10;9;6;
a18AQ#J4~37~H1X;s;r;;;;;17.28.32;1;6;4;1;1086;;18;11;1;10;13;4;2;16;18;10;9;6;
*15DQ=~~~37~S;s;;;;;;17.28.32;1;6;4;1;1086;;18;11;1;10;13;4;2;16;18;10;9;6;
ap16:15;;;;;;;17.28.35;1;6;4;1;1090;;18;11;1;10;13;4;2;16;18;10;9;6;
az3;;;;;;;17.28.35;1;6;3;1;1089;;18;11;1;10;13;4;16;18;10;9;6;2;
ac10:20;;;;;;;17.28.35;1;6;3;1;1089;;18;11;1;10;13;4;16;18;20;9;6;2;
ac02:05;;;;;;;17.28.35;1;6;3;1;1089;;18;11;1;10;13;4;16;18;20;9;6;5;
aP5;;;;;;;17.28.35;1;6;3;1;1089;;18;11;1;10;13;4;16;18;20;9;6;5;
az6;;;;;;;17.28.35;1;6;6;1;1089;;18;11;1;10;13;4;16;18;20;9;6;5;
a16SM-~~~51;;;;;;;17.29.15;1;6;6;1;1129;;18;11;1;10;13;4;16;18;20;9;6;5;
*18RM#~~~51;;;;;;;17.29.15;1;6;6;1;1129;;18;11;1;10;13;4;16;18;20;9;6;5;
*04ET+K3B;;;;;;;17.29.15;1;6;6;1;1129;;18;11;1;10;13;4;16;18;20;9;6;5;
*01AT+W2~29~H4;;r;;;;;17.29.20;1;6;6;1;1134;;18;11;1;10;13;4;16;18;20;9;6;5;
a05DT/~~~29;;;;;;;17.29.20;1;6;6;1;1134;;18;11;1;10;13;4;16;18;20;9;6;5;
a16EH+~~F~4;;;;;;;17.29.20;1;6;6;1;1136;;18;11;1;10;13;4;16;18;20;9;6;5;
a09AH-G4~42~T1C;;p;;;;;17.29.24;1;6;6;1;1139;;18;11;1;10;13;4;16;18;20;9;6;5;
*11BH+~~~~2~A1;;;;;;;17.29.24;1;6;6;1;1139;;18;11;1;10;13;4;16;18;20;9;6;5;
*01EH+;;;;;;;17.29.24;1;6;6;1;1140;;18;11;1;10;13;4;16;18;20;9;6;5;
*10AT#W4~42~H2S;s;s;;;;;17.29.24;1;6;6;1;1142;;18;11;1;10;13;4;16;18;20;9;6;5;
a20BT=~~~~2~A2S;s;;;;;;17.29.24;1;6;6;1;1142;;18;11;1;10;13;4;16;18;20;9;6;5;
*p17:15;;;;;;;17.29.39;1;6;6;1;1146;;18;11;1;10;13;4;16;18;20;9;6;5;
*z5;;;;;;;17.29.39;1;5;6;1;1153;;11;1;10;13;4;18;16;18;20;9;6;5;
ac20:10;;;;;;;17.29.39;1;5;6;1;1153;;11;1;10;13;4;18;16;18;10;9;6;5;
ac05:02;;;;;;;17.29.39;1;5;6;1;1153;;11;1;10;13;4;18;16;18;10;9;6;2;
aP10;;;;;;;17.29.39;1;5;6;1;1153;;11;1;10;13;4;18;16;18;10;9;6;2;
az3;;;;;;;17.29.39;1;5;3;1;1153;;11;1;10;13;4;18;16;18;10;9;6;2;
*11SM-~~~56;;;;;;;17.29.53;1;5;3;1;1167;;11;1;10;13;4;18;16;18;10;9;6;2;
a11RM+~~~56~~~~32;;;;;;;17.29.53;1;5;3;1;1167;;11;1;10;13;4;18;16;18;10;9;6;2;
a10EQ+K1C;;;;;;;17.29.53;1;5;3;1;1167;;11;1;10;13;4;18;16;18;10;9;6;2;
a18AQ-J4~37~H;;r;;;;;17.29.58;1;5;3;1;1171;;11;1;10;13;4;18;16;18;10;9;6;2;
*11DQ+~~~37;;;;;;;17.29.58;1;5;3;1;1171;;11;1;10;13;4;18;16;18;10;9;6;2;
*04ET+;;;;;;;17.29.58;1;5;3;1;1171;;11;1;10;13;4;18;16;18;10;9;6;2;
*10AT#W4~42~H2O;p;p;;;;;17.30.00;1;5;3;1;1175;;11;1;10;13;4;18;16;18;10;9;6;2;
a10BT=~~~~2~A2O;p;;;;;;17.30.00;1;5;3;1;1175;;11;1;10;13;4;18;16;18;10;9;6;2;
*p18:15;;;;;;;17.30.09;1;5;3;1;1179;;11;1;10;13;4;18;16;18;10;9;6;2;
*11SM-~~~55;;;;;;;17.30.23;1;5;3;1;1198;;11;1;10;13;4;18;16;18;10;9;6;2;
a11RM+~~~55~O~~31;;;;;;;17.30.23;1;5;3;1;1198;;11;1;10;13;4;18;16;18;10;9;6;2;
a10ET+KCB;;;;;;;17.30.23;1;5;3;1;1198;;11;1;10;13;4;18;16;18;10;9;6;2;
a02AT#Y9~95~H1X;s;r;;;;;17.30.27;1;5;3;1;1202;;11;1;10;13;4;18;16;18;10;9;6;2;
*11DT=~~~95~S;s;;;;;;17.30.27;1;5;3;1;1202;;11;1;10;13;4;18;16;18;10;9;6;2;
ap18:16;;;;;;;17.30.32;1;5;3;1;1206;;11;1;10;13;4;18;16;18;10;9;6;2;
az2;;;;;;;17.30.32;1;5;2;1;1206;;11;1;10;13;4;18;18;10;9;6;2;16;
a18SQ-~~~61;;;;;;;17.30.53;1;5;2;1;1228;;11;1;10;13;4;18;18;10;9;6;2;16;
*12RQ#~~~61;;;;;;;17.30.53;1;5;2;1;1228;;11;1;10;13;4;18;18;10;9;6;2;16;
*04EQ+K2C;;;;;;;17.30.53;1;5;2;1;1228;;11;1;10;13;4;18;18;10;9;6;2;16;
*13AQ#J2~38~H0X;s;r;;;;;17.30.58;1;5;2;1;1233;;11;1;10;13;4;18;18;10;9;6;2;16;
a16DQ=~~~38~S;s;;;;;;17.30.58;1;5;2;1;1233;;11;1;10;13;4;18;18;10;9;6;2;16;
*p19:16;;;;;;;17.31.02;1;5;2;1;1237;;11;1;10;13;4;18;18;10;9;6;2;16;
*z4;;;;;;;17.31.02;1;4;2;1;1236;;1;10;13;4;18;11;18;10;9;6;2;16;
*01SQ#~~~11;p;;;;;;17.31.20;1;4;2;1;1255;;1;10;13;4;18;11;18;10;9;6;2;16;
a11RQ=~~~11~R;p;;;;;;17.31.20;1;4;2;1;1255;;1;10;13;4;18;11;18;10;9;6;2;16;
*p20:16;;;;;;;17.31.25;1;4;2;1;1259;;1;10;13;4;18;11;18;10;9;6;2;16;
aT;;;;;;;17.31.25;1;4;2;1;1259;;1;10;13;4;18;11;18;10;9;6;2;16;
*01SQ!~~~16;;;;;;;17.32.49;1;4;2;1;1343;;1;10;13;4;18;11;18;10;9;6;2;16;
a16RQ!~~~16~~~~22;;;;;;;17.32.49;1;4;2;1;1343;;1;10;13;4;18;11;18;10;9;6;2;16;
a10ET+K9F;;;;;;;17.33.08;1;4;2;1;1343;;1;10;13;4;18;11;18;10;9;6;2;16;
a09AT+W4~45~H2;;r;;;;;17.32.55;1;4;2;1;1349;;1;10;13;4;18;11;18;10;9;6;2;16;
*15DT/~~~45~S;;;;;;;17.32.55;1;4;2;1;1349;;1;10;13;4;18;11;18;10;9;6;2;16;
a06FH#;;;;;;;17.32.58;1;4;2;1;1350;;1;10;13;4;18;11;18;10;9;6;2;16;
a10ET+~~F;;;;;;;17.32.58;1;4;2;1;1350;;1;10;13;4;18;11;18;10;9;6;2;16;
a09AT-W4~42~H2C;;s;;;;;17.33.00;1;4;2;1;1354;;1;10;13;4;18;11;18;10;9;6;2;16;
*04BT+~~~~2~A2;;;;;;;17.33.00;1;4;2;1;1354;;1;10;13;4;18;11;18;10;9;6;2;16;
*15EH+~~F~4;;;;;;;17.33.00;1;4;2;1;1354;;1;10;13;4;18;11;18;10;9;6;2;16;
*10AH-G4~42~H2C;;p;;;;;17.33.09;1;4;2;1;1358;;1;10;13;4;18;11;18;10;9;6;2;16;
a10BH+~~~~2~A2;;;;;;;17.33.09;1;4;2;1;1358;;1;10;13;4;18;11;18;10;9;6;2;16;
a16EH+~~F~4;;;;;;;17.33.09;1;4;2;1;1358;;1;10;13;4;18;11;18;10;9;6;2;16;
a09AH-G4~48~P2;;s;;;;;17.33.14;1;4;2;1;1363;;1;10;13;4;18;11;18;10;9;6;2;16;
*15DH+~~~48~E;;;;;;;17.33.14;1;4;2;1;1363;;1;10;13;4;18;11;18;10;9;6;2;16;
a18EH+~~~~4;;;;;;;17.33.14;1;4;2;1;1365;;1;10;13;4;18;11;18;10;9;6;2;16;
*10AH=G4~46~H2O;s;p;;;;;17.33.18;1;4;2;1;1366;;1;10;13;4;18;11;18;10;9;6;2;16;
a$$&H#;s;;;;;;17.33.18;1;4;2;1;1366;;1;10;13;4;18;11;18;10;9;6;2;16;
ap20:17;;;;;;;17.33.24;1;4;2;1;1370;;1;10;13;4;18;11;18;10;9;6;2;16;
az1;;;;;;;17.33.24;1;4;1;1;1378;;1;10;13;4;18;11;10;9;6;2;16;18;
a10SM-~~~51;;;;;;;17.33.37;1;4;1;1;1392;;1;10;13;4;18;11;10;9;6;2;16;18;
*12RM#~~~51;;;;;;;17.33.37;1;4;1;1;1392;;1;10;13;4;18;11;10;9;6;2;16;18;
*04ET+K1F;;;;;;;17.33.37;1;4;1;1;1392;;1;10;13;4;18;11;10;9;6;2;16;18;
*10AT#W4~47BH1X;s;r;;;;;17.33.41;1;4;1;1;1396;;1;10;13;4;18;11;10;9;6;2;16;18;
a11DT=~~~47BS;s;;;;;;17.33.41;1;4;1;1;1396;;1;10;13;4;18;11;10;9;6;2;16;18;
*p21:17;;;;;;;17.33.50;1;4;1;1;1400;;1;10;13;4;18;11;10;9;6;2;16;18;
*z3;;;;;;;17.33.50;1;3;1;1;1404;;10;13;4;18;11;1;10;9;6;2;16;18;
*10SQ!~~~16;;;;;;;17.34.01;1;3;1;1;1415;;10;13;4;18;11;1;10;9;6;2;16;18;
a11RQ!~~~16~~~~21;;;;;;;17.34.01;1;3;1;1;1415;;10;13;4;18;11;1;10;9;6;2;16;18;
a10ET+KBF;;;;;;;17.34.01;1;3;1;1;1415;;10;13;4;18;11;1;10;9;6;2;16;18;
a02AT+W4~42~H2C;;r;;;;;17.34.05;1;3;1;1;1419;;10;13;4;18;11;1;10;9;6;2;16;18;
*04BT-~~~~2~A2;;;;;;;17.34.05;1;3;1;1;1419;;10;13;4;18;11;1;10;9;6;2;16;18;
a16DH+~~~4~~C;;;;;;;17.34.08;1;3;1;1;1419;;10;13;4;18;11;1;10;9;6;2;16;18;
a10EH+~~F;;;;;;;17.34.08;1;3;1;1;1420;;10;13;4;18;11;1;10;9;6;2;16;18;
a02AH-G4~42~H2C;;s;;;;;17.34.09;1;3;1;1;1423;;10;13;4;18;11;1;10;9;6;2;16;18;
*13BH+~~~~2~A2;;;;;;;17.34.09;1;3;1;1;1423;;10;13;4;18;11;1;10;9;6;2;16;18;
*15DH+~~~44~B;;;;;;;17.34.11;1;3;1;1;1423;;10;13;4;18;11;1;10;9;6;2;16;18;
*04ET+~~F;;;;;;;17.34.11;1;3;1;1;1423;;10;13;4;18;11;1;10;9;6;2;16;18;
*18AT#W4~41~P4X;p;p;;;;;17.34.13;1;3;1;1;1427;;10;13;4;18;11;1;10;9;6;2;16;18;
a10DT=~~~41~S;p;;;;;;17.34.13;1;3;1;1;1427;;10;13;4;18;11;1;10;9;6;2;16;18;
*p22:17;;;;;;;17.34.22;1;3;1;1;1431;;10;13;4;18;11;1;10;9;6;2;16;18;
*10SQ!~~~18~~~N;;;;;;;17.34.40;1;3;1;1;1453;;10;13;4;18;11;1;10;9;6;2;16;18;
a11RQ!~~~18~~~~21;;;;;;;17.34.40;1;3;1;1;1453;;10;13;4;18;11;1;10;9;6;2;16;18;
a10ET+KBB;;;;;;;17.34.49;1;3;1;1;1453;;10;13;4;18;11;1;10;9;6;2;16;18;
a09AT-W2~26~H2;;r;;;;;17.34.44;1;3;1;1;1458;;10;13;4;18;11;1;10;9;6;2;16;18;
*10DT+~~~26~S;;;;;;;17.34.44;1;3;1;1;1458;;10;13;4;18;11;1;10;9;6;2;16;18;
*04EQ+~~C;;;;;;;17.34.44;1;3;1;1;1458;;10;13;4;18;11;1;10;9;6;2;16;18;
*13AQ-J4~33~H1C;;p;;;;;17.34.48;1;3;1;1;1461;;10;13;4;18;11;1;10;9;6;2;16;18;
a06BQ+~~~~3~T1;;;;;;;17.34.48;1;3;1;1;1461;;10;13;4;18;11;1;10;9;6;2;16;18;
a10DQ+~~~39~B;;;;;;;17.34.48;1;3;1;1;1461;;10;13;4;18;11;1;10;9;6;2;16;18;
a06EH+~~B~2;;;;;;;17.34.48;1;3;1;1;1461;;10;13;4;18;11;1;10;9;6;2;16;18;
a09AH=G2~21~H2O4;p;s;;;;;17.34.51;1;3;1;1;1465;;10;13;4;18;11;1;10;9;6;2;16;18;
*$$&H#;p;;;;;;17.34.51;1;3;1;1;1465;;10;13;4;18;11;1;10;9;6;2;16;18;
*p23:17;;;;;;;17.34.55;1;3;1;1;1469;;10;13;4;18;11;1;10;9;6;2;16;18;
aT;;;;;;;17.34.55;1;3;1;1;1469;;10;13;4;18;11;1;10;9;6;2;16;18;
*10SQ-~~~16~~~N;;;;;;;17.36.37;1;3;1;1;1572;;10;13;4;18;11;1;10;9;6;2;16;18;
a11RQ+~~~16~~~~21;;;;;;;17.36.37;1;3;1;1;1572;;10;13;4;18;11;1;10;9;6;2;16;18;
a10ET+KBB;;;;;;;17.36.37;1;3;1;1;1572;;10;13;4;18;11;1;10;9;6;2;16;18;
a09AT#W2~24~H2S;s;r;;;;;17.36.42;1;3;1;1;1576;;10;13;4;18;11;1;10;9;6;2;16;18;
*18BT=~~~~4~A2S;s;;;;;;17.36.42;1;3;1;1;1576;;10;13;4;18;11;1;10;9;6;2;16;18;
ap23:18;;;;;;;17.36.48;1;3;1;1;1580;;10;13;4;18;11;1;10;9;6;2;16;18;
az6;;;;;;;17.36.48;1;3;6;1;1582;;10;13;4;18;11;1;9;6;2;16;18;10;
a09SM+~~~58;;;;;;;17.37.01;1;3;6;1;1595;;10;13;4;18;11;1;9;6;2;16;18;10;
*10RM-~~~58~O;;;;;;;17.37.01;1;3;6;1;1595;;10;13;4;18;11;1;9;6;2;16;18;10;
*18EH+~~B;;;;;;;17.37.01;1;3;6;1;1595;;10;13;4;18;11;1;9;6;2;16;18;10;
*01AH+G9~94~H3C;;r;;;;;17.37.07;1;3;6;1;1602;;10;13;4;18;11;1;9;6;2;16;18;10;
a06BH-~~~~4~A3;;;;;;;17.37.07;1;3;6;1;1602;;10;13;4;18;11;1;9;6;2;16;18;10;
*04EQ+~~C;;;;;;;17.37.07;1;3;6;1;1603;;10;13;4;18;11;1;9;6;2;16;18;10;
*13AQ-J2~36~H4;;s;;;;;17.37.10;1;3;6;1;1605;;10;13;4;18;11;1;9;6;2;16;18;10;
a09DQ+~~~36;;;;;;;17.37.10;1;3;6;1;1605;;10;13;4;18;11;1;9;6;2;16;18;10;
a10ET+;;;;;;;17.37.10;1;3;6;1;1605;;10;13;4;18;11;1;9;6;2;16;18;10;
a16AT=W4~47~H2S;s;p;;;;;17.37.14;1;3;6;1;1609;;10;13;4;18;11;1;9;6;2;16;18;10;
*$$&H#;s;;;;;;17.37.14;1;3;6;1;1609;;10;13;4;18;11;1;9;6;2;16;18;10;
*p24:18;;;;;;;17.37.21;1;3;6;1;1613;;10;13;4;18;11;1;9;6;2;16;18;10;
*z2;;;;;;;17.37.21;1;2;6;1;1615;;13;4;18;11;1;10;9;6;2;16;18;10;
*c18:07;;;;;;;17.37.21;1;2;6;1;1615;;13;4;7;11;1;10;9;6;2;16;18;10;
*13SM-~~~67;;;;;;;17.37.48;1;2;6;1;1642;;13;4;7;11;1;10;9;6;2;16;18;10;
a16RM#~~~67~O;;;;;;;17.37.48;1;2;6;1;1642;;13;4;7;11;1;10;9;6;2;16;18;10;
a10EQ+K3C;;;;;;;17.37.48;1;2;6;1;1642;;13;4;7;11;1;10;9;6;2;16;18;10;
a06AQ-J3~35~H1;;r;;;;;17.37.54;1;2;6;1;1645;;13;4;7;11;1;10;9;6;2;16;18;10;
*13DQ+~~~35~S;;;;;;;17.37.54;1;2;6;1;1645;;13;4;7;11;1;10;9;6;2;16;18;10;
*04ET+;;;;;;;17.37.54;1;2;6;1;1645;;13;4;7;11;1;10;9;6;2;16;18;10;
*07AT#W4~42~H2S;p;p;;;;;17.38.00;1;2;6;1;1649;;13;4;7;11;1;10;9;6;2;16;18;10;
a06BT=~~~~2~A2S;p;;;;;;17.38.00;1;2;6;1;1649;;13;4;7;11;1;10;9;6;2;16;18;10;
*p25:18;;;;;;;17.38.04;1;2;6;1;1653;;13;4;7;11;1;10;9;6;2;16;18;10;
**1set;;;;;;;17.38.04;2;2;6;1;1657;;;;;;;;;;;;;;
*P04>LUp;;;;;;;17.38.04;2;2;6;1;1658;;13;4;18;11;1;10;9;6;2;16;18;10;
*z2>LUp;;;;;;;17.38.04;2;2;6;1;1658;;13;4;18;11;1;10;9;6;2;16;18;10;
aP10>LUp;;;;;;;17.38.04;2;2;6;1;1658;;13;4;18;11;1;10;9;6;2;16;18;10;
az6>LUp;;;;;;;17.38.04;2;2;6;1;1658;;13;4;18;11;1;10;9;6;2;16;18;10;
a09SM-~~~51;;;;;;;17.42.43;2;2;6;1;1935;;13;4;18;11;1;10;9;6;2;16;18;10;
*12RM+~~~51~~~~32;;;;;;;17.42.43;2;2;6;1;1935;;13;4;18;11;1;10;9;6;2;16;18;10;
*04ET+K8B;;;;;;;17.42.43;2;2;6;1;1935;;13;4;18;11;1;10;9;6;2;16;18;10;
*01AT#Y9~91~H1;s;r;;;;;17.42.50;2;2;6;1;1939;;13;4;18;11;1;10;9;6;2;16;18;10;
a10DT=~~~91~S;s;;;;;;17.42.50;2;2;6;1;1939;;13;4;18;11;1;10;9;6;2;16;18;10;
*p01:00;;;;;;;17.42.53;2;2;6;1;1943;;13;4;18;11;1;10;9;6;2;16;18;10;
*z1;;;;;;;17.42.53;2;1;6;1;1947;;4;18;11;1;10;13;9;6;2;16;18;10;
*04SQ/~~~56;;;;;;;17.43.05;2;1;6;1;1960;;4;18;11;1;10;13;9;6;2;16;18;10;
a09RQ/~~~56~L;;;;;;;17.43.05;2;1;6;1;1960;;4;18;11;1;10;13;9;6;2;16;18;10;
*15FH#;;;;;;;17.43.12;2;1;6;1;1962;;4;18;11;1;10;13;9;6;2;16;18;10;
*04EQ+~~C;;;;;;;17.43.12;2;1;6;1;1962;;4;18;11;1;10;13;9;6;2;16;18;10;
*11AQ-J4~36~H1;;p;;;;;17.43.13;2;1;6;1;1968;;4;18;11;1;10;13;9;6;2;16;18;10;
a09DQ+~~~36;;;;;;;17.43.13;2;1;6;1;1968;;4;18;11;1;10;13;9;6;2;16;18;10;
a10ET+;;;;;;;17.43.13;2;1;6;1;1968;;4;18;11;1;10;13;9;6;2;16;18;10;
a02AT#W2~26CH;s;s;;;;;17.43.17;2;1;6;1;1971;;4;18;11;1;10;13;9;6;2;16;18;10;
*10DT=~~~26CS;s;;;;;;17.43.17;2;1;6;1;1971;;4;18;11;1;10;13;9;6;2;16;18;10;
ap01:01;;;;;;;17.43.21;2;1;6;1;1975;;4;18;11;1;10;13;9;6;2;16;18;10;
az5;;;;;;;17.43.21;2;1;5;1;1975;;4;18;11;1;10;13;6;2;16;18;10;9;
a06SM-~~~51;;;;;;;17.43.38;2;1;5;1;1992;;4;18;11;1;10;13;6;2;16;18;10;9;
*12RM#~~~51;;;;;;;17.43.38;2;1;5;1;1992;;4;18;11;1;10;13;6;2;16;18;10;9;
*04EQ+K1C;;;;;;;17.43.38;2;1;5;1;1992;;4;18;11;1;10;13;6;2;16;18;10;9;
*11AQ#J4~37~H1X;s;r;;;;;17.43.43;2;1;5;1;1996;;4;18;11;1;10;13;6;2;16;18;10;9;
a06DQ=~~~37~S;s;;;;;;17.43.43;2;1;5;1;1996;;4;18;11;1;10;13;6;2;16;18;10;9;
*p02:01;;;;;;;17.43.47;2;1;5;1;2000;;4;18;11;1;10;13;6;2;16;18;10;9;
*z6;;;;;;;17.43.47;2;6;5;1;2001;;18;11;1;10;13;4;6;2;16;18;10;9;
*18SQ=~~~6~~~~N;s;;;;;;17.44.14;2;6;5;1;2029;;18;11;1;10;13;4;6;2;16;18;10;9;
a$$&H#;s;;;;;;17.44.14;2;6;5;1;2029;;18;11;1;10;13;4;6;2;16;18;10;9;
ap02:02;;;;;;;17.44.18;2;6;5;1;2033;;18;11;1;10;13;4;6;2;16;18;10;9;
az4;;;;;;;17.44.18;2;6;4;1;2032;;18;11;1;10;13;4;2;16;18;10;9;6;
a02SQ#~~~69;p;;;;;;17.44.34;2;6;4;1;2048;;18;11;1;10;13;4;2;16;18;10;9;6;
*18RQ=~~~69~W;p;;;;;;17.44.34;2;6;4;1;2048;;18;11;1;10;13;4;2;16;18;10;9;6;
ap02:03;;;;;;;17.44.45;2;6;4;1;2052;;18;11;1;10;13;4;2;16;18;10;9;6;
a02SQ=~~~6~~~~N;s;;;;;;17.44.58;2;6;4;1;2072;;18;11;1;10;13;4;2;16;18;10;9;6;
*$$&H#;s;;;;;;17.44.58;2;6;4;1;2072;;18;11;1;10;13;4;2;16;18;10;9;6;
*p03:03;;;;;;;17.45.03;2;6;4;1;2077;;18;11;1;10;13;4;2;16;18;10;9;6;
*z5;;;;;;;17.45.03;2;5;4;1;2077;;11;1;10;13;4;18;2;16;18;10;9;6;
*11SM!~~~58;;;;;;;17.45.17;2;5;4;1;2092;;11;1;10;13;4;18;2;16;18;10;9;6;
a16RM!~~~58~O~~32;;;;;;;17.45.17;2;5;4;1;2092;;11;1;10;13;4;18;2;16;18;10;9;6;
a10EQ+K8C;;;;;;;17.45.17;2;5;4;1;2092;;11;1;10;13;4;18;2;16;18;10;9;6;
a18AQ-J2~33~T1;;r;;;;;17.45.22;2;5;4;1;2096;;11;1;10;13;4;18;2;16;18;10;9;6;
*10DQ+~~~33~E;;;;;;;17.45.22;2;5;4;1;2096;;11;1;10;13;4;18;2;16;18;10;9;6;
*04ET+~~B;;;;;;;17.45.22;2;5;4;1;2096;;11;1;10;13;4;18;2;16;18;10;9;6;
*01AT+W2~24~H2C;;p;;;;;17.45.24;2;5;4;1;2100;;11;1;10;13;4;18;2;16;18;10;9;6;
a16BT-~~~~4~A2;;;;;;;17.45.24;2;5;4;1;2100;;11;1;10;13;4;18;2;16;18;10;9;6;
*10DH+~~~2~~C;;;;;;;17.45.28;2;5;4;1;2100;;11;1;10;13;4;18;2;16;18;10;9;6;
*12ET+~~B;;;;;;;17.45.28;2;5;4;1;2100;;11;1;10;13;4;18;2;16;18;10;9;6;
*01AT+W2~26BH2C;;p;;;;;17.45.28;2;5;4;1;2104;;11;1;10;13;4;18;2;16;18;10;9;6;
a11DT-~~~26BS;;;;;;;17.45.28;2;5;4;1;2104;;11;1;10;13;4;18;2;16;18;10;9;6;
a10EH+~~F;;;;;;;17.45.28;2;5;4;1;2104;;11;1;10;13;4;18;2;16;18;10;9;6;
a16AH#G4~49~P2X;s;s;;;;;17.45.32;2;5;4;1;2108;;11;1;10;13;4;18;2;16;18;10;9;6;
*04DH=~~~49~E~E;s;;;;;;17.45.32;2;5;4;1;2108;;11;1;10;13;4;18;2;16;18;10;9;6;
ap03:04;;;;;;;17.45.38;2;5;4;1;2112;;11;1;10;13;4;18;2;16;18;10;9;6;
az3;;;;;;;17.45.38;2;5;3;1;2112;;11;1;10;13;4;18;16;18;10;9;6;2;
a16SM-~~~51;;;;;;;17.46.06;2;5;3;1;2141;;11;1;10;13;4;18;16;18;10;9;6;2;
*12RM#~~~51~O;;;;;;;17.46.06;2;5;3;1;2141;;11;1;10;13;4;18;16;18;10;9;6;2;
*04ET+K1F;;;;;;;17.46.06;2;5;3;1;2141;;11;1;10;13;4;18;16;18;10;9;6;2;
*10AT-W4~42~T1;;r;;;;;17.46.11;2;5;3;1;2145;;11;1;10;13;4;18;16;18;10;9;6;2;
a10DT+~~~42~S;;;;;;;17.46.11;2;5;3;1;2145;;11;1;10;13;4;18;16;18;10;9;6;2;
a11EH+;;;;;;;17.46.11;2;5;3;1;2145;;11;1;10;13;4;18;16;18;10;9;6;2;
a02AH#G9~94~H0A;p;p;;;;;17.46.15;2;5;3;1;2149;;11;1;10;13;4;18;16;18;10;9;6;2;
*10BH=~~~~4~A0A;p;;;;;;17.46.15;2;5;3;1;2149;;11;1;10;13;4;18;16;18;10;9;6;2;
ap03:05;;;;;;;17.46.22;2;5;3;1;2153;;11;1;10;13;4;18;16;18;10;9;6;2;
a16SM-~~~59;;;;;;;17.46.42;2;5;3;1;2177;;11;1;10;13;4;18;16;18;10;9;6;2;
*12RM+~~~59~O~~31;;;;;;;17.46.42;2;5;3;1;2177;;11;1;10;13;4;18;16;18;10;9;6;2;
*04EQ+K8C;;;;;;;17.46.42;2;5;3;1;2177;;11;1;10;13;4;18;16;18;10;9;6;2;
*13AQ/J4~33~H1T;p;r;;;;;17.46.46;2;5;3;1;2181;;11;1;10;13;4;18;16;18;10;9;6;2;
a18BQ#~~~~3~T1T;p;;;;;;17.46.46;2;5;3;1;2181;;11;1;10;13;4;18;16;18;10;9;6;2;
ap03:06;;;;;;;17.46.54;2;5;3;1;2185;;11;1;10;13;4;18;16;18;10;9;6;2;
a16SM-~~~51;;;;;;;17.47.31;2;5;3;1;2226;;11;1;10;13;4;18;16;18;10;9;6;2;
*12RM+~~~51~~~~32;;;;;;;17.47.31;2;5;3;1;2226;;11;1;10;13;4;18;16;18;10;9;6;2;
*04EQ+K2C;;;;;;;17.47.31;2;5;3;1;2226;;11;1;10;13;4;18;16;18;10;9;6;2;
*13AQ#J2~38~H1X;s;r;;;;;17.47.35;2;5;3;1;2229;;11;1;10;13;4;18;16;18;10;9;6;2;
a16DQ=~~~38~S;s;;;;;;17.47.35;2;5;3;1;2229;;11;1;10;13;4;18;16;18;10;9;6;2;
*p04:06;;;;;;;17.47.41;2;5;3;1;2233;;11;1;10;13;4;18;16;18;10;9;6;2;
*z4;;;;;;;17.47.41;2;4;3;1;2235;;1;10;13;4;18;11;16;18;10;9;6;2;
*01SQ+~~~16;;;;;;;17.47.57;2;4;3;1;2252;;1;10;13;4;18;11;16;18;10;9;6;2;
a11RQ-~~~16;;;;;;;17.47.57;2;4;3;1;2252;;1;10;13;4;18;11;16;18;10;9;6;2;
a10ET+;;;;;;;17.47.57;2;4;3;1;2252;;1;10;13;4;18;11;16;18;10;9;6;2;
a02AT#Y9~94~H2F;s;r;;;;;17.48.03;2;4;3;1;2258;;1;10;13;4;18;11;16;18;10;9;6;2;
*13BT=~~~~4~A2F;s;;;;;;17.48.03;2;4;3;1;2258;;1;10;13;4;18;11;16;18;10;9;6;2;
ap04:07;;;;;;;17.48.09;2;4;3;1;2262;;1;10;13;4;18;11;16;18;10;9;6;2;
az2;;;;;;;17.48.09;2;4;2;1;2263;;1;10;13;4;18;11;18;10;9;6;2;16;
a18SQ=~~~11~~~O;s;;;;;;17.48.30;2;4;2;1;2284;;1;10;13;4;18;11;18;10;9;6;2;16;
*$$&H#;s;;;;;;17.48.30;2;4;2;1;2284;;1;10;13;4;18;11;18;10;9;6;2;16;
*p05:07;;;;;;;17.48.32;2;4;2;1;2287;;1;10;13;4;18;11;18;10;9;6;2;16;
*z3;;;;;;;17.48.32;2;3;2;1;2286;;10;13;4;18;11;1;18;10;9;6;2;16;
*10SQ-~~~16;;;;;;;17.48.47;2;3;2;1;2302;;10;13;4;18;11;1;18;10;9;6;2;16;
a16RQ#~~~16;;;;;;;17.48.47;2;3;2;1;2302;;10;13;4;18;11;1;18;10;9;6;2;16;
a10ET+K1F;;;;;;;17.48.47;2;3;2;1;2302;;10;13;4;18;11;1;18;10;9;6;2;16;
a09AT-W4~42~H2C;;r;;;;;17.48.52;2;3;2;1;2306;;10;13;4;18;11;1;18;10;9;6;2;16;
*13BT+~~~~2~A2;;;;;;;17.48.52;2;3;2;1;2306;;10;13;4;18;11;1;18;10;9;6;2;16;
*10DT+~~~46~B;;;;;;;17.48.55;2;3;2;1;2306;;10;13;4;18;11;1;18;10;9;6;2;16;
*04ET+~~F;;;;;;;17.48.55;2;3;2;1;2306;;10;13;4;18;11;1;18;10;9;6;2;16;
*18AT#W4~45~H2X;p;p;;;;;17.48.56;2;3;2;1;2310;;10;13;4;18;11;1;18;10;9;6;2;16;
a16DT=~~~45~S;p;;;;;;17.48.56;2;3;2;1;2310;;10;13;4;18;11;1;18;10;9;6;2;16;
*p06:07;;;;;;;17.48.59;2;3;2;1;2314;;10;13;4;18;11;1;18;10;9;6;2;16;
*10SQ-~~~16;;;;;;;17.49.14;2;3;2;1;2329;;10;13;4;18;11;1;18;10;9;6;2;16;
a16RQ#~~~16;;;;;;;17.49.14;2;3;2;1;2329;;10;13;4;18;11;1;18;10;9;6;2;16;
a10ET+K1F;;;;;;;17.49.14;2;3;2;1;2329;;10;13;4;18;11;1;18;10;9;6;2;16;
a09AT/W4~42~H4A;p;r;;;;;17.49.18;2;3;2;1;2333;;10;13;4;18;11;1;18;10;9;6;2;16;
*04BT#~~~~2~A4A;p;;;;;;17.49.18;2;3;2;1;2333;;10;13;4;18;11;1;18;10;9;6;2;16;
*p07:07;;;;;;;17.49.22;2;3;2;1;2337;;10;13;4;18;11;1;18;10;9;6;2;16;
*10SM!~~~17;;;;;;;17.49.38;2;3;2;1;2353;;10;13;4;18;11;1;18;10;9;6;2;16;
a09RM!~~~17~~~~32;;;;;;;17.49.38;2;3;2;1;2353;;10;13;4;18;11;1;18;10;9;6;2;16;
a10EQ+K8C;;;;;;;17.49.38;2;3;2;1;2353;;10;13;4;18;11;1;18;10;9;6;2;16;
a06AQ#J2~35~H1X;s;r;;;;;17.49.44;2;3;2;1;2357;;10;13;4;18;11;1;18;10;9;6;2;16;
*15DQ=~~~35~S;s;;;;;;17.49.44;2;3;2;1;2357;;10;13;4;18;11;1;18;10;9;6;2;16;
ap07:08;;;;;;;17.49.47;2;3;2;1;2361;;10;13;4;18;11;1;18;10;9;6;2;16;
az1;;;;;;;17.49.47;2;3;1;1;2361;;10;13;4;18;11;1;10;9;6;2;16;18;
a10SM-~~~51;;;;;;;17.50.01;2;3;1;1;2375;;10;13;4;18;11;1;10;9;6;2;16;18;
*10RM+~~~51~~~~31;;;;;;;17.50.01;2;3;1;1;2375;;10;13;4;18;11;1;10;9;6;2;16;18;
*04ET+KFB;;;;;;;17.50.01;2;3;1;1;2375;;10;13;4;18;11;1;10;9;6;2;16;18;
*01AT#Y9~94~H1O;s;r;;;;;17.50.07;2;3;1;1;2381;;10;13;4;18;11;1;10;9;6;2;16;18;
a09BT=~~~~4~A1O;s;;;;;;17.50.07;2;3;1;1;2381;;10;13;4;18;11;1;10;9;6;2;16;18;
*p08:08;;;;;;;17.50.11;2;3;1;1;2385;;10;13;4;18;11;1;10;9;6;2;16;18;
*z2;;;;;;;17.50.11;2;2;1;1;2385;;13;4;18;11;1;10;10;9;6;2;16;18;
*13SM=~~~66~~~O;s;;;;;;17.50.32;2;2;1;1;2407;;13;4;18;11;1;10;10;9;6;2;16;18;
a$$&H#;s;;;;;;17.50.32;2;2;1;1;2407;;13;4;18;11;1;10;10;9;6;2;16;18;
ap08:09;;;;;;;17.50.38;2;2;1;1;2413;;13;4;18;11;1;10;10;9;6;2;16;18;
az6;;;;;;;17.50.38;2;2;6;1;2412;;13;4;18;11;1;10;9;6;2;16;18;10;
a09SM=~~~51~~~O;s;;;;;;17.50.53;2;2;6;1;2427;;13;4;18;11;1;10;9;6;2;16;18;10;
*$$&H#;s;;;;;;17.50.53;2;2;6;1;2427;;13;4;18;11;1;10;9;6;2;16;18;10;
*p09:09;;;;;;;17.50.58;2;2;6;1;2432;;13;4;18;11;1;10;9;6;2;16;18;10;
*z1;;;;;;;17.50.58;2;1;6;1;2432;;4;18;11;1;10;13;9;6;2;16;18;10;
*04SQ!~~~56;;;;;;;17.51.14;2;1;6;1;2449;;4;18;11;1;10;13;9;6;2;16;18;10;
a11RQ!~~~56~~~~22;;;;;;;17.51.14;2;1;6;1;2449;;4;18;11;1;10;13;9;6;2;16;18;10;
a10ET+K9B;;;;;;;17.51.14;2;1;6;1;2449;;4;18;11;1;10;13;9;6;2;16;18;10;
a02AT-W2~29~H2;;r;;;;;17.51.19;2;1;6;1;2454;;4;18;11;1;10;13;9;6;2;16;18;10;
*04DT+~~~29~S;;;;;;;17.51.19;2;1;6;1;2454;;4;18;11;1;10;13;9;6;2;16;18;10;
*10EH+~~F~4;;;;;;;17.51.19;2;1;6;1;2454;;4;18;11;1;10;13;9;6;2;16;18;10;
*18AH#G4~42~H3S4;p;p;;;;;17.51.23;2;1;6;1;2458;;4;18;11;1;10;13;9;6;2;16;18;10;
a06BH=~~~~2~A3S;p;;;;;;17.51.23;2;1;6;1;2458;;4;18;11;1;10;13;9;6;2;16;18;10;
*p10:09;;;;;;;17.51.34;2;1;6;1;2462;;4;18;11;1;10;13;9;6;2;16;18;10;
*04SQ#~~~51;p;;;;;;17.51.49;2;1;6;1;2484;;4;18;11;1;10;13;9;6;2;16;18;10;
a09RQ=~~~51~M;p;;;;;;17.51.49;2;1;6;1;2484;;4;18;11;1;10;13;9;6;2;16;18;10;
*p11:09;;;;;;;17.51.54;2;1;6;1;2489;;4;18;11;1;10;13;9;6;2;16;18;10;
aT;;;;;;;17.51.54;2;1;6;1;2488;;4;18;11;1;10;13;9;6;2;16;18;10;
*04SQ+~~~56~~~N;;;;;;;17.53.18;2;1;6;1;2572;;4;18;11;1;10;13;9;6;2;16;18;10;
a11RQ-~~~56;;;;;;;17.53.18;2;1;6;1;2572;;4;18;11;1;10;13;9;6;2;16;18;10;
a10EH+~~F;;;;;;;17.53.18;2;1;6;1;2572;;4;18;11;1;10;13;9;6;2;16;18;10;
a16AH#G4~48~P2X;s;r;;;;;17.53.23;2;1;6;1;2578;;4;18;11;1;10;13;9;6;2;16;18;10;
*10DH=~~~48~E~E;s;;;;;;17.53.23;2;1;6;1;2578;;4;18;11;1;10;13;9;6;2;16;18;10;
ap11:10;;;;;;;17.53.27;2;1;6;1;2582;;4;18;11;1;10;13;9;6;2;16;18;10;
az5;;;;;;;17.53.27;2;1;5;1;2581;;4;18;11;1;10;13;6;2;16;18;10;9;
a06SM-~~~51;;;;;;;17.53.47;2;1;5;1;2602;;4;18;11;1;10;13;6;2;16;18;10;9;
*18RM+~~~51~~~~21;;;;;;;17.53.47;2;1;5;1;2602;;4;18;11;1;10;13;6;2;16;18;10;9;
*04ET+K2B;;;;;;;17.53.47;2;1;5;1;2602;;4;18;11;1;10;13;6;2;16;18;10;9;
*18AT-W2~24~T1C;;r;;;;;17.53.53;2;1;5;1;2606;;4;18;11;1;10;13;6;2;16;18;10;9;
a16BT+~~~~4~A1;;;;;;;17.53.53;2;1;5;1;2606;;4;18;11;1;10;13;6;2;16;18;10;9;
a10EH+~~F;;;;;;;17.53.53;2;1;5;1;2606;;4;18;11;1;10;13;6;2;16;18;10;9;
a16AH+G4~42~T2C;;p;;;;;17.53.55;2;1;5;1;2610;;4;18;11;1;10;13;6;2;16;18;10;9;
*11BH-~~~~2~A2;;;;;;;17.53.55;2;1;5;1;2610;;4;18;11;1;10;13;6;2;16;18;10;9;
a02DH+~~~4~~C;;;;;;;17.53.57;2;1;5;1;2610;;4;18;11;1;10;13;6;2;16;18;10;9;
a10ET+~~B;;;;;;;17.53.57;2;1;5;1;2610;;4;18;11;1;10;13;6;2;16;18;10;9;
a02AT#W2~28~T2X;p;p;;;;;17.53.58;2;1;5;1;2613;;4;18;11;1;10;13;6;2;16;18;10;9;
*10DT=~~~28~E~E;p;;;;;;17.53.58;2;1;5;1;2613;;4;18;11;1;10;13;6;2;16;18;10;9;
ap11:11;;;;;;;17.54.02;2;1;5;1;2617;;4;18;11;1;10;13;6;2;16;18;10;9;
a06SM!~~~51;;;;;;;17.54.17;2;1;5;1;2633;;4;18;11;1;10;13;6;2;16;18;10;9;
*18RM!~~~51~~~~32;;;;;;;17.54.17;2;1;5;1;2633;;4;18;11;1;10;13;6;2;16;18;10;9;
*04EQ+K8C;;;;;;;17.54.25;2;1;5;1;2633;;4;18;11;1;10;13;6;2;16;18;10;9;
*11AQ-J4~39~T1;;r;;;;;17.54.23;2;1;5;1;2637;;4;18;11;1;10;13;6;2;16;18;10;9;
a10DQ+~~~39~S;;;;;;;17.54.23;2;1;5;1;2637;;4;18;11;1;10;13;6;2;16;18;10;9;
a02EH+~~F~4;;;;;;;17.54.23;2;1;5;1;2637;;4;18;11;1;10;13;6;2;16;18;10;9;
a16AH-G4~42~T2~4;;p;;;;;17.54.26;2;1;5;1;2641;;4;18;11;1;10;13;6;2;16;18;10;9;
*04DH+~~~42~E;;;;;;;17.54.26;2;1;5;1;2641;;4;18;11;1;10;13;6;2;16;18;10;9;
*10ET+~~F~4;;;;;;;17.54.26;2;1;5;1;2641;;4;18;11;1;10;13;6;2;16;18;10;9;
*01AT#W4~47~H2X4;s;s;;;;;17.54.29;2;1;5;1;2644;;4;18;11;1;10;13;6;2;16;18;10;9;
a06DT=~~~47~S;s;;;;;;17.54.29;2;1;5;1;2644;;4;18;11;1;10;13;6;2;16;18;10;9;
*p12:11;;;;;;;17.54.35;2;1;5;1;2648;;4;18;11;1;10;13;6;2;16;18;10;9;
*z6;;;;;;;17.54.35;2;6;5;1;2649;;18;11;1;10;13;4;6;2;16;18;10;9;
*18SQ=~~~1~~~~N;s;;;;;;17.54.56;2;6;5;1;2670;;18;11;1;10;13;4;6;2;16;18;10;9;
a$$&H#;s;;;;;;17.54.56;2;6;5;1;2670;;18;11;1;10;13;4;6;2;16;18;10;9;
ap12:12;;;;;;;17.54.59;2;6;5;1;2674;;18;11;1;10;13;4;6;2;16;18;10;9;
az4;;;;;;;17.54.59;2;6;4;1;2673;;18;11;1;10;13;4;2;16;18;10;9;6;
a02SQ/~~~66;;;;;;;17.55.18;2;6;4;1;2693;;18;11;1;10;13;4;2;16;18;10;9;6;
*12RQ/~~~66~M;;;;;;;17.55.18;2;6;4;1;2693;;18;11;1;10;13;4;2;16;18;10;9;6;
a18AO-V3~34~T0;;p;;;;;17.55.23;2;6;4;1;2697;;18;11;1;10;13;4;2;16;18;10;9;6;
*10DO+~~~34~E;;;;;;;17.55.23;2;6;4;1;2697;;18;11;1;10;13;4;2;16;18;10;9;6;
*04ET+~~F;;;;;;;17.55.23;2;6;4;1;2697;;18;11;1;10;13;4;2;16;18;10;9;6;
*10AT-W4~46~H1;;s;;;;;17.55.27;2;6;4;1;2699;;18;11;1;10;13;4;2;16;18;10;9;6;
a02DT+~~~46~S;;;;;;;17.55.27;2;6;4;1;2699;;18;11;1;10;13;4;2;16;18;10;9;6;
a10ET+~~B;;;;;;;17.55.27;2;6;4;1;2699;;18;11;1;10;13;4;2;16;18;10;9;6;
a02AT#Y9~91~H2X;p;p;;;;;17.55.28;2;6;4;1;2702;;18;11;1;10;13;4;2;16;18;10;9;6;
*04DT=~~~91~S;p;;;;;;17.55.28;2;6;4;1;2702;;18;11;1;10;13;4;2;16;18;10;9;6;
ap12:13;;;;;;;17.55.34;2;6;4;1;2706;;18;11;1;10;13;4;2;16;18;10;9;6;
a02SQ-~~~68~~~N;;;;;;;17.55.51;2;6;4;1;2726;;18;11;1;10;13;4;2;16;18;10;9;6;
*12RQ+~~~68~W~~32;;;;;;;17.55.51;2;6;4;1;2726;;18;11;1;10;13;4;2;16;18;10;9;6;
*04ET+K1B;;;;;;;17.55.51;2;6;4;1;2726;;18;11;1;10;13;4;2;16;18;10;9;6;
*01AT-W2~24~H2C;;r;;;;;17.55.58;2;6;4;1;2731;;18;11;1;10;13;4;2;16;18;10;9;6;
a18BT+~~~~4~A2;;;;;;;17.55.58;2;6;4;1;2731;;18;11;1;10;13;4;2;16;18;10;9;6;
a10DH+~~~22~B;;;;;;;17.55.58;2;6;4;1;2731;;18;11;1;10;13;4;2;16;18;10;9;6;
a11EH+;;;;;;;17.55.58;2;6;4;1;2731;;18;11;1;10;13;4;2;16;18;10;9;6;
a02AH=G9~91~H2O;s;p;;;;;17.56.03;2;6;4;1;2735;;18;11;1;10;13;4;2;16;18;10;9;6;
*$$&H#;s;;;;;;17.56.03;2;6;4;1;2735;;18;11;1;10;13;4;2;16;18;10;9;6;
*p13:13;;;;;;;17.56.07;2;6;4;1;2739;;18;11;1;10;13;4;2;16;18;10;9;6;
*z5;;;;;;;17.56.07;2;5;4;1;2741;;11;1;10;13;4;18;2;16;18;10;9;6;
*11SM-~~~55;;;;;;;17.56.21;2;5;4;1;2755;;11;1;10;13;4;18;2;16;18;10;9;6;
a09RM+~~~55~O~~32;;;;;;;17.56.21;2;5;4;1;2755;;11;1;10;13;4;18;2;16;18;10;9;6;
a10ET+K1B;;;;;;;17.56.21;2;5;4;1;2755;;11;1;10;13;4;18;2;16;18;10;9;6;
a02AT/Y9~94~H2A;p;r;;;;;17.56.25;2;5;4;1;2759;;11;1;10;13;4;18;2;16;18;10;9;6;
*10BT#~~~~4~A2A;p;;;;;;17.56.25;2;5;4;1;2759;;11;1;10;13;4;18;2;16;18;10;9;6;
*p14:13;;;;;;;17.56.33;2;5;4;1;2763;;11;1;10;13;4;18;2;16;18;10;9;6;
*11SM=~~~5~~~~N;s;;;;;;17.56.46;2;5;4;1;2780;;11;1;10;13;4;18;2;16;18;10;9;6;
a$$&H#;s;;;;;;17.56.46;2;5;4;1;2780;;11;1;10;13;4;18;2;16;18;10;9;6;
ap14:14;;;;;;;17.56.48;2;5;4;1;2782;;11;1;10;13;4;18;2;16;18;10;9;6;
az3;;;;;;;17.56.48;2;5;3;1;2782;;11;1;10;13;4;18;16;18;10;9;6;2;
ac02:05;;;;;;;17.56.48;2;5;3;1;2782;;11;1;10;13;4;18;16;18;10;9;6;5;
ac10:20;;;;;;;17.56.48;2;5;3;1;2782;;11;1;10;13;4;18;16;18;20;9;6;5;
aP5;;;;;;;17.56.48;2;5;3;1;2782;;11;1;10;13;4;18;16;18;20;9;6;5;
az6;;;;;;;17.56.48;2;5;6;1;2782;;11;1;10;13;4;18;16;18;20;9;6;5;
a16SM!~~~51;;;;;;;17.57.35;2;5;6;1;2829;;11;1;10;13;4;18;16;18;20;9;6;5;
*12RM!~~~51~~~~41;;;;;;;17.57.35;2;5;6;1;2829;;11;1;10;13;4;18;16;18;20;9;6;5;
*04ET+KFF;;;;;;;17.57.35;2;5;6;1;2829;;11;1;10;13;4;18;16;18;20;9;6;5;
*10AT#W4~46~H4X;s;r;;;;;17.57.40;2;5;6;1;2834;;11;1;10;13;4;18;16;18;20;9;6;5;
a16DT=~~~46~S;s;;;;;;17.57.40;2;5;6;1;2834;;11;1;10;13;4;18;16;18;20;9;6;5;
*p15:14;;;;;;;17.57.44;2;5;6;1;2838;;11;1;10;13;4;18;16;18;20;9;6;5;
*z4;;;;;;;17.57.44;2;4;6;1;2838;;1;10;13;4;18;11;16;18;20;9;6;5;
ac05:02;;;;;;;17.57.44;2;4;6;1;2838;;1;10;13;4;18;11;16;18;20;9;6;2;
ac20:10;;;;;;;17.57.44;2;4;6;1;2838;;1;10;13;4;18;11;16;18;10;9;6;2;
aP10;;;;;;;17.57.44;2;4;6;1;2838;;1;10;13;4;18;11;16;18;10;9;6;2;
az3;;;;;;;17.57.44;2;4;3;1;2838;;1;10;13;4;18;11;16;18;10;9;6;2;
*01SQ!~~~16;;;;;;;17.58.08;2;4;3;1;2862;;1;10;13;4;18;11;16;18;10;9;6;2;
a11RQ!~~~16~~~~32;;;;;;;17.58.08;2;4;3;1;2862;;1;10;13;4;18;11;16;18;10;9;6;2;
a10EQ+K1C;;;;;;;17.58.08;2;4;3;1;2862;;1;10;13;4;18;11;16;18;10;9;6;2;
a18AQ+J4~35~H1;;r;;;;;17.58.13;2;4;3;1;2867;;1;10;13;4;18;11;16;18;10;9;6;2;
*15DQ/~~~35;;;;;;;17.58.13;2;4;3;1;2867;;1;10;13;4;18;11;16;18;10;9;6;2;
a16FH#;;;;;;;17.58.15;2;4;3;1;2868;;1;10;13;4;18;11;16;18;10;9;6;2;
a10EQ+~~C;;;;;;;17.58.15;2;4;3;1;2868;;1;10;13;4;18;11;16;18;10;9;6;2;
a18AQ-J4~33~H2C;;s;;;;;17.58.17;2;4;3;1;2871;;1;10;13;4;18;11;16;18;10;9;6;2;
*10BQ+~~~~3~T2;;;;;;;17.58.17;2;4;3;1;2871;;1;10;13;4;18;11;16;18;10;9;6;2;
*15DQ+~~~37~B;;;;;;;17.58.17;2;4;3;1;2871;;1;10;13;4;18;11;16;18;10;9;6;2;
*04ET+~~F;;;;;;;17.58.17;2;4;3;1;2871;;1;10;13;4;18;11;16;18;10;9;6;2;
*10AT+W4~42~T4C;;p;;;;;17.58.20;2;4;3;1;2875;;1;10;13;4;18;11;16;18;10;9;6;2;
a18BT-~~~~2~A4;;;;;;;17.58.20;2;4;3;1;2875;;1;10;13;4;18;11;16;18;10;9;6;2;
a02EH+~~F~4;;;;;;;17.58.20;2;4;3;1;2875;;1;10;13;4;18;11;16;18;10;9;6;2;
a09AH=G4~46~H2O4;p;s;;;;;17.58.24;2;4;3;1;2878;;1;10;13;4;18;11;16;18;10;9;6;2;
*$$&H#;p;;;;;;17.58.24;2;4;3;1;2878;;1;10;13;4;18;11;16;18;10;9;6;2;
*p16:14;;;;;;;17.58.28;2;4;3;1;2882;;1;10;13;4;18;11;16;18;10;9;6;2;
*01SQ/~~~15B;;;;;;;17.58.48;2;4;3;1;2902;;1;10;13;4;18;11;16;18;10;9;6;2;
a11RQ/~~~15BL;;;;;;;17.58.48;2;4;3;1;2902;;1;10;13;4;18;11;16;18;10;9;6;2;
*10FH#;;;;;;;17.58.53;2;4;3;1;2904;;1;10;13;4;18;11;16;18;10;9;6;2;
*04ET+~~B;;;;;;;17.58.53;2;4;3;1;2904;;1;10;13;4;18;11;16;18;10;9;6;2;
*01AT#Y9~91~H2X;p;p;;;;;17.58.54;2;4;3;1;2909;;1;10;13;4;18;11;16;18;10;9;6;2;
a02DT=~~~91~S;p;;;;;;17.58.54;2;4;3;1;2909;;1;10;13;4;18;11;16;18;10;9;6;2;
*p17:14;;;;;;;17.58.57;2;4;3;1;2913;;1;10;13;4;18;11;16;18;10;9;6;2;
aT;;;;;;;17.58.57;2;4;3;1;2911;;1;10;13;4;18;11;16;18;10;9;6;2;
*01SQ-~~~11;;;;;;;18.00.15;2;4;3;1;2989;;1;10;13;4;18;11;16;18;10;9;6;2;
a16RQ+~~~11~~~~21;;;;;;;18.00.15;2;4;3;1;2989;;1;10;13;4;18;11;16;18;10;9;6;2;
a10EQ+K1C;;;;;;;18.00.15;2;4;3;1;2989;;1;10;13;4;18;11;16;18;10;9;6;2;
a18AQ#J4~39~H1X;s;r;;;;;18.00.19;2;4;3;1;2993;;1;10;13;4;18;11;16;18;10;9;6;2;
*01DQ=~~~39~S;s;;;;;;18.00.19;2;4;3;1;2993;;1;10;13;4;18;11;16;18;10;9;6;2;
ap17:15;;;;;;;18.00.21;2;4;3;1;2997;;1;10;13;4;18;11;16;18;10;9;6;2;
az2;;;;;;;18.00.21;2;4;2;1;2995;;1;10;13;4;18;11;18;10;9;6;2;16;
a18SQ+~~~16;;;;;;;18.00.42;2;4;2;1;3017;;1;10;13;4;18;11;18;10;9;6;2;16;
*18RQ-~~~16;;;;;;;18.00.42;2;4;2;1;3017;;1;10;13;4;18;11;18;10;9;6;2;16;
*12EH+~~F~4;;;;;;;18.00.42;2;4;2;1;3017;;1;10;13;4;18;11;18;10;9;6;2;16;
*10AH-G4~41~P2;;r;;;;;18.00.50;2;4;2;1;3023;;1;10;13;4;18;11;18;10;9;6;2;16;
a02DH+~~~41~S;;;;;;;18.00.50;2;4;2;1;3023;;1;10;13;4;18;11;18;10;9;6;2;16;
a10EH+~~~~9;;;;;;;18.00.50;2;4;2;1;3023;;1;10;13;4;18;11;18;10;9;6;2;16;
a02AH=G9~96~H1O;s;p;;;;;18.00.52;2;4;2;1;3027;;1;10;13;4;18;11;18;10;9;6;2;16;
*$$&H#;s;;;;;;18.00.52;2;4;2;1;3027;;1;10;13;4;18;11;18;10;9;6;2;16;
*p18:15;;;;;;;18.00.55;2;4;2;1;3031;;1;10;13;4;18;11;18;10;9;6;2;16;
*z3;;;;;;;18.00.55;2;3;2;1;3029;;10;13;4;18;11;1;18;10;9;6;2;16;
*c04:17;;;;;;;18.00.55;2;3;2;1;3029;;10;13;17;18;11;1;18;10;9;6;2;16;
*c01:09;;;;;;;18.00.55;2;3;2;1;3029;;10;13;17;18;11;9;18;10;9;6;2;16;
*P9;;;;;;;18.00.55;2;3;2;1;3029;;10;13;17;18;11;9;18;10;9;6;2;16;
*z6;;;;;;;18.00.55;2;6;2;1;3029;;10;13;17;18;11;9;18;10;9;6;2;16;
*10SQ-~~~11;;;;;;;18.01.32;2;6;2;1;3066;;10;13;17;18;11;9;18;10;9;6;2;16;
a11RQ#~~~11;;;;;;;18.01.32;2;6;2;1;3066;;10;13;17;18;11;9;18;10;9;6;2;16;
a10EQ+K1C;;;;;;;18.01.32;2;6;2;1;3066;;10;13;17;18;11;9;18;10;9;6;2;16;
a06AQ#J4~33~H2S;s;r;;;;;18.01.36;2;6;2;1;3071;;10;13;17;18;11;9;18;10;9;6;2;16;
*13BQ=~~~~3~T2S;s;;;;;;18.01.36;2;6;2;1;3071;;10;13;17;18;11;9;18;10;9;6;2;16;
ap18:16;;;;;;;18.01.39;2;6;2;1;3075;;10;13;17;18;11;9;18;10;9;6;2;16;
az1;;;;;;;18.01.39;2;6;1;1;3073;;10;13;17;18;11;9;10;9;6;2;16;18;
a10SM-~~~51;;;;;;;18.02.10;2;6;1;1;3088;;10;13;17;18;11;9;10;9;6;2;16;18;
*12RM+~~~51~~~~32;;;;;;;18.02.10;2;6;1;1;3088;;10;13;17;18;11;9;10;9;6;2;16;18;
*09ET+K1B;;;;;;;18.02.10;2;6;1;1;3088;;10;13;17;18;11;9;10;9;6;2;16;18;
*17AT-W2~24~H2C;;r;;;;;18.02.19;2;6;1;1;3093;;10;13;17;18;11;9;10;9;6;2;16;18;
a06BT+~~~~4~A2;;;;;;;18.02.19;2;6;1;1;3093;;10;13;17;18;11;9;10;9;6;2;16;18;
a02DT+~~~23~E;;;;;;;18.02.19;2;6;1;1;3093;;10;13;17;18;11;9;10;9;6;2;16;18;
a10EH+~~F;;;;;;;18.02.19;2;6;1;1;3093;;10;13;17;18;11;9;10;9;6;2;16;18;
a09AH+G4~42~T2C;;p;;;;;18.02.21;2;6;1;1;3098;;10;13;17;18;11;9;10;9;6;2;16;18;
*13BH-~~~~2~A2;;;;;;;18.02.21;2;6;1;1;3098;;10;13;17;18;11;9;10;9;6;2;16;18;
a10ET+~~B;;;;;;;18.02.21;2;6;1;1;3098;;10;13;17;18;11;9;10;9;6;2;16;18;
a02AT#W2~28~T2X;p;p;;;;;18.02.26;2;6;1;1;3102;;10;13;17;18;11;9;10;9;6;2;16;18;
*17DT=~~~28~E~E;p;;;;;;18.02.26;2;6;1;1;3102;;10;13;17;18;11;9;10;9;6;2;16;18;
ap18:17;;;;;;;18.02.30;2;6;1;1;3107;;10;13;17;18;11;9;10;9;6;2;16;18;
*c09:01;;;;;;;18.02.30;2;6;1;1;3124;;10;13;17;18;11;1;10;9;6;2;16;18;
*c17:04;;;;;;;18.02.30;2;6;1;1;3124;;10;13;4;18;11;1;10;9;6;2;16;18;
*P4;;;;;;;18.02.30;2;6;1;1;3124;;10;13;4;18;11;1;10;9;6;2;16;18;
*z3;;;;;;;18.02.30;2;3;1;1;3124;;10;13;4;18;11;1;10;9;6;2;16;18;
a10SM-~~~56;;;;;;;18.02.49;2;3;1;1;3143;;10;13;4;18;11;1;10;9;6;2;16;18;
*12RM#~~~56~O;;;;;;;18.02.49;2;3;1;1;3143;;10;13;4;18;11;1;10;9;6;2;16;18;
*04EQ+K1C;;;;;;;18.02.49;2;3;1;1;3143;;10;13;4;18;11;1;10;9;6;2;16;18;
*13AQ+J4~36~T1;;r;;;;;18.02.53;2;3;1;1;3148;;10;13;4;18;11;1;10;9;6;2;16;18;
a16DQ/~~~36~S;;;;;;;18.02.53;2;3;1;1;3148;;10;13;4;18;11;1;10;9;6;2;16;18;
*10FH#;;;;;;;18.02.57;2;3;1;1;3149;;10;13;4;18;11;1;10;9;6;2;16;18;
*04EQ+~~C;;;;;;;18.02.57;2;3;1;1;3149;;10;13;4;18;11;1;10;9;6;2;16;18;
*13AQ#J4~39~H1X;s;s;;;;;18.02.58;2;3;1;1;3154;;10;13;4;18;11;1;10;9;6;2;16;18;
a10DQ=~~~39~S;s;;;;;;18.02.58;2;3;1;1;3154;;10;13;4;18;11;1;10;9;6;2;16;18;
*p19:17;;;;;;;18.03.02;2;3;1;1;3158;;10;13;4;18;11;1;10;9;6;2;16;18;
*z2;;;;;;;18.03.02;2;2;1;1;3156;;13;4;18;11;1;10;10;9;6;2;16;18;
*13SM!~~~56;;;;;;;18.03.26;2;2;1;1;3181;;13;4;18;11;1;10;10;9;6;2;16;18;
a11RM!~~~56~~~~42;;;;;;;18.03.26;2;2;1;1;3181;;13;4;18;11;1;10;10;9;6;2;16;18;
a10ET+K7F;;;;;;;18.03.26;2;2;1;1;3181;;13;4;18;11;1;10;10;9;6;2;16;18;
a02AT#W4~42~H2O;s;r;;;;;18.03.32;2;2;1;1;3186;;13;4;18;11;1;10;10;9;6;2;16;18;
*04BT=~~~~2~A2O;s;;;;;;18.03.32;2;2;1;1;3186;;13;4;18;11;1;10;10;9;6;2;16;18;
ap19:18;;;;;;;18.03.41;2;2;1;1;3190;;13;4;18;11;1;10;10;9;6;2;16;18;
az6;;;;;;;18.03.41;2;2;6;1;3195;;13;4;18;11;1;10;9;6;2;16;18;10;
a09SM!~~~56D;;;;;;;18.03.54;2;2;6;1;3208;;13;4;18;11;1;10;9;6;2;16;18;10;
*10RM!~~~56D~~~42;;;;;;;18.03.54;2;2;6;1;3208;;13;4;18;11;1;10;9;6;2;16;18;10;
*04ET+K7F;;;;;;;18.03.54;2;2;6;1;3208;;13;4;18;11;1;10;9;6;2;16;18;10;
*18AT#W4~47~H2X;s;r;;;;;18.03.58;2;2;6;1;3213;;13;4;18;11;1;10;9;6;2;16;18;10;
a11DT=~~~47~S;s;;;;;;18.03.58;2;2;6;1;3213;;13;4;18;11;1;10;9;6;2;16;18;10;
*p20:18;;;;;;;18.04.03;2;2;6;1;3217;;13;4;18;11;1;10;9;6;2;16;18;10;
*z1;;;;;;;18.04.03;2;1;6;1;3217;;4;18;11;1;10;13;9;6;2;16;18;10;
ac09:04;;;;;;;18.04.03;2;1;6;1;3217;;4;18;11;1;10;13;4;6;2;16;18;10;
*04SQ/~~~51;;;;;;;18.04.29;2;1;6;1;3244;;4;18;11;1;10;13;4;6;2;16;18;10;
a04RQ/~~~51~R;;;;;;;18.04.29;2;1;6;1;3244;;4;18;11;1;10;13;4;6;2;16;18;10;
*01FH#;;;;;;;18.04.36;2;1;6;1;3246;;4;18;11;1;10;13;4;6;2;16;18;10;
*04ET+~~F;;;;;;;18.04.36;2;1;6;1;3246;;4;18;11;1;10;13;4;6;2;16;18;10;
*18AT#W4~41~H1X1;p;p;;;;;18.04.38;2;1;6;1;3253;;4;18;11;1;10;13;4;6;2;16;18;10;
a10DT=~~~41~S;p;;;;;;18.04.38;2;1;6;1;3253;;4;18;11;1;10;13;4;6;2;16;18;10;
*p21:18;;;;;;;18.04.41;2;1;6;1;3257;;4;18;11;1;10;13;4;6;2;16;18;10;
*04SQ-~~~51;;;;;;;18.05.03;2;1;6;1;3278;;4;18;11;1;10;13;4;6;2;16;18;10;
a04RQ#~~~51;;;;;;;18.05.03;2;1;6;1;3278;;4;18;11;1;10;13;4;6;2;16;18;10;
a10ET+K3B;;;;;;;18.05.03;2;1;6;1;3278;;4;18;11;1;10;13;4;6;2;16;18;10;
a02AT#W2~29~H4X;s;r;;;;;18.05.09;2;1;6;1;3283;;4;18;11;1;10;13;4;6;2;16;18;10;
*04DT=~~~29~S;s;;;;;;18.05.09;2;1;6;1;3283;;4;18;11;1;10;13;4;6;2;16;18;10;
ap21:19;;;;;;;18.05.14;2;1;6;1;3287;;4;18;11;1;10;13;4;6;2;16;18;10;
az5;;;;;;;18.05.14;2;1;5;1;3288;;4;18;11;1;10;13;6;2;16;18;10;4;
a06SM=~~~51~~~O;s;;;;;;18.05.29;2;1;5;1;3304;;4;18;11;1;10;13;6;2;16;18;10;4;
*$$&H#;s;;;;;;18.05.29;2;1;5;1;3304;;4;18;11;1;10;13;6;2;16;18;10;4;
*p22:19;;;;;;;18.05.32;2;1;5;1;3308;;4;18;11;1;10;13;6;2;16;18;10;4;
*z6;;;;;;;18.05.32;2;6;5;1;3306;;18;11;1;10;13;4;6;2;16;18;10;4;
*18SQ!~~~66;;;;;;;18.05.54;2;6;5;1;3329;;18;11;1;10;13;4;6;2;16;18;10;4;
a04RQ!~~~66~~~~32;;;;;;;18.05.54;2;6;5;1;3329;;18;11;1;10;13;4;6;2;16;18;10;4;
a10ET+K8B;;;;;;;18.05.54;2;6;5;1;3329;;18;11;1;10;13;4;6;2;16;18;10;4;
a02AT-W2~24~T2C;;r;;;;;18.06.00;2;6;5;1;3334;;18;11;1;10;13;4;6;2;16;18;10;4;
*10BT+~~~~4~A2;;;;;;;18.06.00;2;6;5;1;3334;;18;11;1;10;13;4;6;2;16;18;10;4;
*10DH+~~~24~B;;;;;;;18.06.00;2;6;5;1;3334;;18;11;1;10;13;4;6;2;16;18;10;4;
*10AT-W4~42~H2C;;p;;;;;18.06.03;2;6;5;1;3338;;18;11;1;10;13;4;6;2;16;18;10;4;
a02BT+~~~~2~A2;;;;;;;18.06.03;2;6;5;1;3338;;18;11;1;10;13;4;6;2;16;18;10;4;
a11EH+~~F;;;;;;;18.06.03;2;6;5;1;3338;;18;11;1;10;13;4;6;2;16;18;10;4;
a16AH-G4~42~H2C;;s;;;;;18.06.07;2;6;5;1;3342;;18;11;1;10;13;4;6;2;16;18;10;4;
*01BH+~~~~2~A2;;;;;;;18.06.07;2;6;5;1;3342;;18;11;1;10;13;4;6;2;16;18;10;4;
*10DH+~~~43~B;;;;;;;18.06.09;2;6;5;1;3342;;18;11;1;10;13;4;6;2;16;18;10;4;
*04ET+~~B;;;;;;;18.06.09;2;6;5;1;3342;;18;11;1;10;13;4;6;2;16;18;10;4;
*01AT#W2~2~~H2S;p;p;;;;;18.06.10;2;6;5;1;3346;;18;11;1;10;13;4;6;2;16;18;10;4;
a16BT=~~~~4~A2S;p;;;;;;18.06.10;2;6;5;1;3346;;18;11;1;10;13;4;6;2;16;18;10;4;
*p23:19;;;;;;;18.06.18;2;6;5;1;3350;;18;11;1;10;13;4;6;2;16;18;10;4;
*18SQ!~~~65;;;;;;;18.07.07;2;6;5;1;3402;;18;11;1;10;13;4;6;2;16;18;10;4;
a16RQ!~~~65~~~~41;;;;;;;18.07.07;2;6;5;1;3402;;18;11;1;10;13;4;6;2;16;18;10;4;
a10ET+KFB;;;;;;;18.07.07;2;6;5;1;3402;;18;11;1;10;13;4;6;2;16;18;10;4;
a02AT#W2~25~H1X;s;r;;;;;18.07.12;2;6;5;1;3407;;18;11;1;10;13;4;6;2;16;18;10;4;
*15DT=~~~25;s;;;;;;18.07.12;2;6;5;1;3407;;18;11;1;10;13;4;6;2;16;18;10;4;
ap23:20;;;;;;;18.07.18;2;6;5;1;3411;;18;11;1;10;13;4;6;2;16;18;10;4;
az4;;;;;;;18.07.18;2;6;4;1;3412;;18;11;1;10;13;4;2;16;18;10;4;6;
a02SQ/~~~61C;;;;;;;18.07.38;2;6;4;1;3433;;18;11;1;10;13;4;2;16;18;10;4;6;
*12RQ/~~~61CR;;;;;;;18.07.38;2;6;4;1;3433;;18;11;1;10;13;4;2;16;18;10;4;6;
*04EH=~~~~~~~~U;p;;;;;;18.07.44;2;6;4;1;3436;;18;11;1;10;13;4;2;16;18;10;4;6;
a$$&H#;p;;;;;;18.07.44;2;6;4;1;3436;;18;11;1;10;13;4;2;16;18;10;4;6;
ap23:21;;;;;;;18.07.54;2;6;4;1;3440;;18;11;1;10;13;4;2;16;18;10;4;6;
*T;;;;;;;18.07.54;2;6;4;1;3448;;18;11;1;10;13;4;2;16;18;10;4;6;
a02SQ=~~~6~~~~N;s;;;;;;18.09.03;2;6;4;1;3517;;18;11;1;10;13;4;2;16;18;10;4;6;
*$$&H#;s;;;;;;18.09.03;2;6;4;1;3517;;18;11;1;10;13;4;2;16;18;10;4;6;
*p24:21;;;;;;;18.09.06;2;6;4;1;3520;;18;11;1;10;13;4;2;16;18;10;4;6;
*z5;;;;;;;18.09.06;2;5;4;1;3520;;11;1;10;13;4;18;2;16;18;10;4;6;
*c10:07;;;;;;;18.09.06;2;5;4;1;3520;;11;1;7;13;4;18;2;16;18;10;4;6;
*11SM-~~~56;;;;;;;18.09.34;2;5;4;1;3548;;11;1;7;13;4;18;2;16;18;10;4;6;
a04RM#~~~56~O;;;;;;;18.09.34;2;5;4;1;3548;;11;1;7;13;4;18;2;16;18;10;4;6;
a10ET+K2F;;;;;;;18.09.34;2;5;4;1;3548;;11;1;7;13;4;18;2;16;18;10;4;6;
a16AT-W4~46~H0;;r;;;;;18.09.38;2;5;4;1;3553;;11;1;7;13;4;18;2;16;18;10;4;6;
*18DT+~~~46~S;;;;;;;18.09.38;2;5;4;1;3553;;11;1;7;13;4;18;2;16;18;10;4;6;
*04EH+~~P;;;;;;;18.09.38;2;5;4;1;3553;;11;1;7;13;4;18;2;16;18;10;4;6;
*18AH-G8~85~P0;;p;;;;;18.09.42;2;5;4;1;3556;;11;1;7;13;4;18;2;16;18;10;4;6;
a04DH+~~~85~S;;;;;;;18.09.42;2;5;4;1;3556;;11;1;7;13;4;18;2;16;18;10;4;6;
a10EH+~~F;;;;;;;18.09.42;2;5;4;1;3556;;11;1;7;13;4;18;2;16;18;10;4;6;
a16AH-G4~45~P2;;s;;;;;18.09.47;2;5;4;1;3561;;11;1;7;13;4;18;2;16;18;10;4;6;
*18DH+~~~45~S;;;;;;;18.09.47;2;5;4;1;3561;;11;1;7;13;4;18;2;16;18;10;4;6;
*04EQ#~~C;;;;;;;18.09.47;2;5;4;1;3561;;11;1;7;13;4;18;2;16;18;10;4;6;
*13AQ#J2~33~H1S1;p;p;;;;;18.09.50;2;5;4;1;3564;;11;1;7;13;4;18;2;16;18;10;4;6;
a18BQ=~~~~3~T1S;p;;;;;;18.09.50;2;5;4;1;3564;;11;1;7;13;4;18;2;16;18;10;4;6;
*p25:21;;;;;;;18.09.55;2;5;4;1;3568;;11;1;7;13;4;18;2;16;18;10;4;6;
**2set;;;;;;;18.09.55;3;5;4;1;3569;;;;;;;;;;;;;;
*P04>LUp;;;;;;;18.09.55;3;5;4;1;3569;;13;4;18;11;1;10;18;10;9;6;2;16;
*z2>LUp;;;;;;;18.09.55;3;2;4;1;3569;;13;4;18;11;1;10;18;10;9;6;2;16;
aP10>LUp;;;;;;;18.09.55;3;2;4;1;3569;;13;4;18;11;1;10;18;10;9;6;2;16;
az2>LUp;;;;;;;18.09.55;3;2;2;1;3569;;13;4;18;11;1;10;18;10;9;6;2;16;
*13SM!~~~56;;;;;;;18.14.06;3;2;2;1;3820;;13;4;18;11;1;10;18;10;9;6;2;16;
a11RM!~~~56~O~~41;;;;;;;18.14.06;3;2;2;1;3820;;13;4;18;11;1;10;18;10;9;6;2;16;
a10ET+KFF;;;;;;;18.14.06;3;2;2;1;3820;;13;4;18;11;1;10;18;10;9;6;2;16;
a09AT#W4~43~T2X;s;r;;;;;18.14.11;3;2;2;1;3825;;13;4;18;11;1;10;18;10;9;6;2;16;
*18DT=~~~43~E~E;s;;;;;;18.14.11;3;2;2;1;3825;;13;4;18;11;1;10;18;10;9;6;2;16;
ap00:01;;;;;;;18.14.18;3;2;2;1;3829;;13;4;18;11;1;10;18;10;9;6;2;16;
az1;;;;;;;18.14.18;3;2;1;1;3832;;13;4;18;11;1;10;10;9;6;2;16;18;
a10SM-~~~59;;;;;;;18.14.28;3;2;1;1;3842;;13;4;18;11;1;10;10;9;6;2;16;18;
*12RM#~~~59;;;;;;;18.14.28;3;2;1;1;3842;;13;4;18;11;1;10;10;9;6;2;16;18;
*04EQ+K2C;;;;;;;18.14.28;3;2;1;1;3842;;13;4;18;11;1;10;10;9;6;2;16;18;
*11AQ#J2~39~H1X;s;r;;;;;18.14.33;3;2;1;1;3847;;13;4;18;11;1;10;10;9;6;2;16;18;
a10DQ=~~~39~S;s;;;;;;18.14.33;3;2;1;1;3847;;13;4;18;11;1;10;10;9;6;2;16;18;
*p01:01;;;;;;;18.14.36;3;2;1;1;3851;;13;4;18;11;1;10;10;9;6;2;16;18;
*z1;;;;;;;18.14.36;3;1;1;1;3850;;4;18;11;1;10;13;10;9;6;2;16;18;
*04SQ!~~~51;;;;;;;18.14.55;3;1;1;1;3869;;4;18;11;1;10;13;10;9;6;2;16;18;
a09RQ!~~~51~~~~32;;;;;;;18.14.55;3;1;1;1;3869;;4;18;11;1;10;13;10;9;6;2;16;18;
a10ET+K8B;;;;;;;18.14.55;3;1;1;1;3869;;4;18;11;1;10;13;10;9;6;2;16;18;
a09AT#W2~24~H2S;s;r;;;;;18.15.00;3;1;1;1;3874;;4;18;11;1;10;13;10;9;6;2;16;18;
*18BT=~~~~4~A2S;s;;;;;;18.15.00;3;1;1;1;3874;;4;18;11;1;10;13;10;9;6;2;16;18;
ap01:02;;;;;;;18.15.04;3;1;1;1;3878;;4;18;11;1;10;13;10;9;6;2;16;18;
az6;;;;;;;18.15.04;3;1;6;1;3878;;4;18;11;1;10;13;9;6;2;16;18;10;
a09SM!~~~59;;;;;;;18.15.20;3;1;6;1;3894;;4;18;11;1;10;13;9;6;2;16;18;10;
*18RM!~~~59~O~~32;;;;;;;18.15.20;3;1;6;1;3894;;4;18;11;1;10;13;9;6;2;16;18;10;
*04EQ+K8C;;;;;;;18.15.20;3;1;6;1;3894;;4;18;11;1;10;13;9;6;2;16;18;10;
*11AQ-J4~37~H1;;r;;;;;18.15.25;3;1;6;1;3899;;4;18;11;1;10;13;9;6;2;16;18;10;
a11DQ+~~~37~S;;;;;;;18.15.25;3;1;6;1;3899;;4;18;11;1;10;13;9;6;2;16;18;10;
a10ET+;;;;;;;18.15.25;3;1;6;1;3899;;4;18;11;1;10;13;9;6;2;16;18;10;
a02AT!W2~24~H2A;;p;;;;;18.15.27;3;1;6;1;3902;;4;18;11;1;10;13;9;6;2;16;18;10;
*01BT/~~~~4~A2A;p;;;;;;18.15.27;3;1;6;1;3902;;4;18;11;1;10;13;9;6;2;16;18;10;
a$$&H#;p;;;;;;18.15.27;3;1;6;1;3902;;4;18;11;1;10;13;9;6;2;16;18;10;
ap01:03;;;;;;;18.15.34;3;1;6;1;3906;;4;18;11;1;10;13;9;6;2;16;18;10;
a09SM-~~~59;;;;;;;18.15.54;3;1;6;1;3929;;4;18;11;1;10;13;9;6;2;16;18;10;
*18RM#~~~59~O;;;;;;;18.15.54;3;1;6;1;3929;;4;18;11;1;10;13;9;6;2;16;18;10;
*04EQ+K1C;;;;;;;18.15.54;3;1;6;1;3929;;4;18;11;1;10;13;9;6;2;16;18;10;
*11AQ-J1~37~H1;;r;;;;;18.15.58;3;1;6;1;3933;;4;18;11;1;10;13;9;6;2;16;18;10;
a11DQ+~~~37~S;;;;;;;18.15.58;3;1;6;1;3933;;4;18;11;1;10;13;9;6;2;16;18;10;
a10ET+;;;;;;;18.15.58;3;1;6;1;3933;;4;18;11;1;10;13;9;6;2;16;18;10;
a02AT/W2~24~H2A;s;p;;;;;18.16.01;3;1;6;1;3936;;4;18;11;1;10;13;9;6;2;16;18;10;
*01BT#~~~~4~A2A;s;;;;;;18.16.01;3;1;6;1;3936;;4;18;11;1;10;13;9;6;2;16;18;10;
*p02:03;;;;;;;18.16.04;3;1;6;1;3940;;4;18;11;1;10;13;9;6;2;16;18;10;
*z6;;;;;;;18.16.05;3;6;6;1;3939;;18;11;1;10;13;4;9;6;2;16;18;10;
*18SQ/~~~65;;;;;;;18.16.25;3;6;6;1;3959;;18;11;1;10;13;4;9;6;2;16;18;10;
a16RQ/~~~65~M;;;;;;;18.16.25;3;6;6;1;3959;;18;11;1;10;13;4;9;6;2;16;18;10;
*11AO=V3~3~~H0S;s;p;;;;;18.16.29;3;6;6;1;3962;;18;11;1;10;13;4;9;6;2;16;18;10;
a$$&H#;s;;;;;;18.16.29;3;6;6;1;3962;;18;11;1;10;13;4;9;6;2;16;18;10;
ap02:04;;;;;;;18.16.32;3;6;6;1;3964;;18;11;1;10;13;4;9;6;2;16;18;10;
az5;;;;;;;18.16.32;3;6;5;1;3966;;18;11;1;10;13;4;6;2;16;18;10;9;
a06SM!~~~51;;;;;;;18.16.50;3;6;5;1;3984;;18;11;1;10;13;4;6;2;16;18;10;9;
*18RM!~~~51~~~~21;;;;;;;18.16.50;3;6;5;1;3984;;18;11;1;10;13;4;6;2;16;18;10;9;
*04ET+KBB;;;;;;;18.16.50;3;6;5;1;3984;;18;11;1;10;13;4;6;2;16;18;10;9;
*01AT+W2~24~H2C;;r;;;;;18.16.56;3;6;5;1;3990;;18;11;1;10;13;4;6;2;16;18;10;9;
a18BT-~~~~4~A2;;;;;;;18.16.56;3;6;5;1;3990;;18;11;1;10;13;4;6;2;16;18;10;9;
*10DT+~~~2~~C;;;;;;;18.16.58;3;6;5;1;3990;;18;11;1;10;13;4;6;2;16;18;10;9;
*04ET+~~F;;;;;;;18.16.58;3;6;5;1;3990;;18;11;1;10;13;4;6;2;16;18;10;9;
*10AT+W4~42~T1;;s;;;;;18.16.58;3;6;5;1;3993;;18;11;1;10;13;4;6;2;16;18;10;9;
a10DT/~~~42~E;;;;;;;18.16.58;3;6;5;1;3993;;18;11;1;10;13;4;6;2;16;18;10;9;
*01FH#;;;;;;;18.17.03;3;6;5;1;3994;;18;11;1;10;13;4;6;2;16;18;10;9;
*04EQ#;;;;;;;18.17.03;3;6;5;1;3994;;18;11;1;10;13;4;6;2;16;18;10;9;
*11AQ=J1~35~H1S1;p;s;;;;;18.17.05;3;6;5;1;4000;;18;11;1;10;13;4;6;2;16;18;10;9;
a$$&H#;p;;;;;;18.17.05;3;6;5;1;4000;;18;11;1;10;13;4;6;2;16;18;10;9;
ap02:05;;;;;;;18.17.09;3;6;5;1;4004;;18;11;1;10;13;4;6;2;16;18;10;9;
a06SM-~~~51;;;;;;;18.17.27;3;6;5;1;4022;;18;11;1;10;13;4;6;2;16;18;10;9;
*18RM#~~~51;;;;;;;18.17.27;3;6;5;1;4022;;18;11;1;10;13;4;6;2;16;18;10;9;
*04ET+K1B;;;;;;;18.17.27;3;6;5;1;4022;;18;11;1;10;13;4;6;2;16;18;10;9;
*01AT-W2~26~H2C;;r;;;;;18.17.31;3;6;5;1;4025;;18;11;1;10;13;4;6;2;16;18;10;9;
a16BT+~~~~4~A2;;;;;;;18.17.31;3;6;5;1;4025;;18;11;1;10;13;4;6;2;16;18;10;9;
a09DT+~~~26~B;;;;;;;18.17.32;3;6;5;1;4025;;18;11;1;10;13;4;6;2;16;18;10;9;
a10ET+;;;;;;;18.17.32;3;6;5;1;4025;;18;11;1;10;13;4;6;2;16;18;10;9;
a02AT=W2~2~~T2I;s;p;;;;;18.17.35;3;6;5;1;4030;;18;11;1;10;13;4;6;2;16;18;10;9;
*$$&H#;s;;;;;;18.17.35;3;6;5;1;4030;;18;11;1;10;13;4;6;2;16;18;10;9;
*p03:05;;;;;;;18.17.40;3;6;5;1;4035;;18;11;1;10;13;4;6;2;16;18;10;9;
*z5;;;;;;;18.17.40;3;5;5;1;4034;;11;1;10;13;4;18;6;2;16;18;10;9;
*11SM-~~~57;;;;;;;18.17.58;3;5;5;1;4053;;11;1;10;13;4;18;6;2;16;18;10;9;
a16RM#~~~57~O;;;;;;;18.17.58;3;5;5;1;4053;;11;1;10;13;4;18;6;2;16;18;10;9;
a10EQ+K1C;;;;;;;18.17.58;3;5;5;1;4053;;11;1;10;13;4;18;6;2;16;18;10;9;
a18AQ#J4~31~H1X;s;r;;;;;18.18.02;3;5;5;1;4057;;11;1;10;13;4;18;6;2;16;18;10;9;
*04DQ=~~~31~S;s;;;;;;18.18.02;3;5;5;1;4057;;11;1;10;13;4;18;6;2;16;18;10;9;
ap03:06;;;;;;;18.18.07;3;5;5;1;4061;;11;1;10;13;4;18;6;2;16;18;10;9;
az4;;;;;;;18.18.07;3;5;4;1;4061;;11;1;10;13;4;18;2;16;18;10;9;6;
a02SQ!~~~66;;;;;;;18.18.25;3;5;4;1;4079;;11;1;10;13;4;18;2;16;18;10;9;6;
*18RQ!~~~66~~~~42;;;;;;;18.18.25;3;5;4;1;4079;;11;1;10;13;4;18;2;16;18;10;9;6;
*04ET+K7F;;;;;;;18.18.25;3;5;4;1;4079;;11;1;10;13;4;18;2;16;18;10;9;6;
*10AT#W4~42~H2S;s;r;;;;;18.18.31;3;5;4;1;4085;;11;1;10;13;4;18;2;16;18;10;9;6;
a18BT=~~~~2~A2S;s;;;;;;18.18.31;3;5;4;1;4085;;11;1;10;13;4;18;2;16;18;10;9;6;
*p04:06;;;;;;;18.18.39;3;5;4;1;4089;;11;1;10;13;4;18;2;16;18;10;9;6;
*z4;;;;;;;18.18.39;3;4;4;1;4093;;1;10;13;4;18;11;2;16;18;10;9;6;
*01SQ=~~~1~~~~N;s;;;;;;18.18.52;3;4;4;1;4106;;1;10;13;4;18;11;2;16;18;10;9;6;
a$$&H#;s;;;;;;18.18.52;3;4;4;1;4106;;1;10;13;4;18;11;2;16;18;10;9;6;
ap04:07;;;;;;;18.18.57;3;4;4;1;4111;;1;10;13;4;18;11;2;16;18;10;9;6;
az3;;;;;;;18.18.57;3;4;3;1;4111;;1;10;13;4;18;11;16;18;10;9;6;2;
a16SM!~~~51;;;;;;;18.19.18;3;4;3;1;4133;;1;10;13;4;18;11;16;18;10;9;6;2;
*12RM!~~~51~O~~21;;;;;;;18.19.18;3;4;3;1;4133;;1;10;13;4;18;11;16;18;10;9;6;2;
*04EQ+KBC;;;;;;;18.19.18;3;4;3;1;4133;;1;10;13;4;18;11;16;18;10;9;6;2;
*13AQ#J1~38DH4X;s;r;;;;;18.19.22;3;4;3;1;4137;;1;10;13;4;18;11;16;18;10;9;6;2;
a16DQ=~~~38DS;s;;;;;;18.19.22;3;4;3;1;4137;;1;10;13;4;18;11;16;18;10;9;6;2;
*p05:07;;;;;;;18.19.27;3;4;3;1;4141;;1;10;13;4;18;11;16;18;10;9;6;2;
*z3;;;;;;;18.19.27;3;3;3;1;4141;;10;13;4;18;11;1;16;18;10;9;6;2;
*10SQ#~~~19;p;;;;;;18.19.42;3;3;3;1;4156;;10;13;4;18;11;1;16;18;10;9;6;2;
a10RQ=~~~19~O;p;;;;;;18.19.42;3;3;3;1;4156;;10;13;4;18;11;1;16;18;10;9;6;2;
*p06:07;;;;;;;18.19.50;3;3;3;1;4161;;10;13;4;18;11;1;16;18;10;9;6;2;
*10SQ-~~~11;;;;;;;18.20.13;3;3;3;1;4188;;10;13;4;18;11;1;16;18;10;9;6;2;
a16RQ#~~~11;;;;;;;18.20.13;3;3;3;1;4188;;10;13;4;18;11;1;16;18;10;9;6;2;
a10EQ+K1C;;;;;;;18.20.13;3;3;3;1;4188;;10;13;4;18;11;1;16;18;10;9;6;2;
a18AQ+J4~33~H1C;;r;;;;;18.20.17;3;3;3;1;4192;;10;13;4;18;11;1;16;18;10;9;6;2;
*13BQ-~~~~3~T1;;;;;;;18.20.17;3;3;3;1;4192;;10;13;4;18;11;1;16;18;10;9;6;2;
a10EH+~~F;;;;;;;18.20.17;3;3;3;1;4192;;10;13;4;18;11;1;16;18;10;9;6;2;
a09AH-G4~42~T2C;;s;;;;;18.20.21;3;3;3;1;4195;;10;13;4;18;11;1;16;18;10;9;6;2;
*13BH+~~~~2~A2;;;;;;;18.20.21;3;3;3;1;4195;;10;13;4;18;11;1;16;18;10;9;6;2;
*18DH+~~~43~E;;;;;;;18.20.24;3;3;3;1;4195;;10;13;4;18;11;1;16;18;10;9;6;2;
*04ET+~~F;;;;;;;18.20.24;3;3;3;1;4195;;10;13;4;18;11;1;16;18;10;9;6;2;
*18AT#W4~47~H1X;p;p;;;;;18.20.26;3;3;3;1;4198;;10;13;4;18;11;1;16;18;10;9;6;2;
a11DT=~~~47~S;p;;;;;;18.20.26;3;3;3;1;4198;;10;13;4;18;11;1;16;18;10;9;6;2;
*p07:07;;;;;;;18.20.30;3;3;3;1;4202;;10;13;4;18;11;1;16;18;10;9;6;2;
*10SQ-~~~11;;;;;;;18.20.47;3;3;3;1;4222;;10;13;4;18;11;1;16;18;10;9;6;2;
a16RQ+~~~11~~~~21;;;;;;;18.20.47;3;3;3;1;4222;;10;13;4;18;11;1;16;18;10;9;6;2;
a10ET+KBF;;;;;;;18.20.47;3;3;3;1;4222;;10;13;4;18;11;1;16;18;10;9;6;2;
a09AT#W4~42~T2S;s;r;;;;;18.20.52;3;3;3;1;4227;;10;13;4;18;11;1;16;18;10;9;6;2;
*04BT=~~~~2~A2S;s;;;;;;18.20.52;3;3;3;1;4227;;10;13;4;18;11;1;16;18;10;9;6;2;
ap07:08;;;;;;;18.20.55;3;3;3;1;4231;;10;13;4;18;11;1;16;18;10;9;6;2;
az2;;;;;;;18.20.55;3;3;2;1;4229;;10;13;4;18;11;1;18;10;9;6;2;16;
a18SQ!~~~15;;;;;;;18.21.18;3;3;2;1;4252;;10;13;4;18;11;1;18;10;9;6;2;16;
*18RQ!~~~15~~~~32;;;;;;;18.21.18;3;3;2;1;4252;;10;13;4;18;11;1;18;10;9;6;2;16;
*04ET+K9B;;;;;;;18.21.18;3;3;2;1;4252;;10;13;4;18;11;1;18;10;9;6;2;16;
*01AT-Y9~94~H2C;;r;;;;;18.21.24;3;3;2;1;4259;;10;13;4;18;11;1;18;10;9;6;2;16;
a09BT+~~~~4~A2;;;;;;;18.21.24;3;3;2;1;4259;;10;13;4;18;11;1;18;10;9;6;2;16;
a02DH+~~~21~B;;;;;;;18.21.24;3;3;2;1;4259;;10;13;4;18;11;1;18;10;9;6;2;16;
a16EH+~~F~4;;;;;;;18.21.24;3;3;2;1;4261;;10;13;4;18;11;1;18;10;9;6;2;16;
a09AH=G4~4~~H2I4;s;p;;;;;18.21.29;3;3;2;1;4263;;10;13;4;18;11;1;18;10;9;6;2;16;
*$$&H#;s;;;;;;18.21.29;3;3;2;1;4263;;10;13;4;18;11;1;18;10;9;6;2;16;
*p08:08;;;;;;;18.21.33;3;3;2;1;4267;;10;13;4;18;11;1;18;10;9;6;2;16;
*z2;;;;;;;18.21.33;3;2;2;1;4267;;13;4;18;11;1;10;18;10;9;6;2;16;
*13SM-~~~56;;;;;;;18.21.56;3;2;2;1;4290;;13;4;18;11;1;10;18;10;9;6;2;16;
a11RM#~~~56;;;;;;;18.21.56;3;2;2;1;4290;;13;4;18;11;1;10;18;10;9;6;2;16;
a10ET+K1B;;;;;;;18.21.56;3;2;2;1;4290;;13;4;18;11;1;10;18;10;9;6;2;16;
a02AT=Y9~9~~H2N;p;r;;;;;18.22.01;3;2;2;1;4295;;13;4;18;11;1;10;18;10;9;6;2;16;
*$$&H#;p;;;;;;18.22.01;3;2;2;1;4295;;13;4;18;11;1;10;18;10;9;6;2;16;
*p09:08;;;;;;;18.22.10;3;2;2;1;4299;;13;4;18;11;1;10;18;10;9;6;2;16;
aT;;;;;;;18.22.10;3;2;2;1;4304;;13;4;18;11;1;10;18;10;9;6;2;16;
*13SM=~~~5~~~~N;s;;;;;;18.23.28;3;2;2;1;4383;;13;4;18;11;1;10;18;10;9;6;2;16;
a$$&H#;s;;;;;;18.23.28;3;2;2;1;4383;;13;4;18;11;1;10;18;10;9;6;2;16;
ap09:09;;;;;;;18.23.31;3;2;2;1;4387;;13;4;18;11;1;10;18;10;9;6;2;16;
az1;;;;;;;18.23.31;3;2;1;1;4385;;13;4;18;11;1;10;10;9;6;2;16;18;
a10SM-~~~59;;;;;;;18.23.46;3;2;1;1;4400;;13;4;18;11;1;10;10;9;6;2;16;18;
*12RM#~~~59~O;;;;;;;18.23.46;3;2;1;1;4400;;13;4;18;11;1;10;10;9;6;2;16;18;
*04ET+K1P;;;;;;;18.23.56;3;2;1;1;4400;;13;4;18;11;1;10;10;9;6;2;16;18;
*10AT-Y8~86~P0;;r;;;;;18.23.53;3;2;1;1;4405;;13;4;18;11;1;10;10;9;6;2;16;18;
a16DT+~~~86~S;;;;;;;18.23.53;3;2;1;1;4405;;13;4;18;11;1;10;10;9;6;2;16;18;
a06EH+~~F~4;;;;;;;18.23.53;3;2;1;1;4405;;13;4;18;11;1;10;10;9;6;2;16;18;
a09AH-G4~42~H2C4;;p;;;;;18.23.57;3;2;1;1;4409;;13;4;18;11;1;10;10;9;6;2;16;18;
*11BH+~~~~2~A2;;;;;;;18.23.57;3;2;1;1;4409;;13;4;18;11;1;10;10;9;6;2;16;18;
*04ET+~~F;;;;;;;18.23.57;3;2;1;1;4409;;13;4;18;11;1;10;10;9;6;2;16;18;
*18AT-W4~45~H2;;s;;;;;18.24.00;3;2;1;1;4414;;13;4;18;11;1;10;10;9;6;2;16;18;
a11DT+~~~45~S;;;;;;;18.24.00;3;2;1;1;4414;;13;4;18;11;1;10;10;9;6;2;16;18;
a10ET+~~B;;;;;;;18.24.00;3;2;1;1;4414;;13;4;18;11;1;10;10;9;6;2;16;18;
a02AT-W2~28~P2;;p;;;;;18.24.04;3;2;1;1;4418;;13;4;18;11;1;10;10;9;6;2;16;18;
*10DT+~~~28~E;;;;;;;18.24.04;3;2;1;1;4418;;13;4;18;11;1;10;10;9;6;2;16;18;
*04EH+~~F;;;;;;;18.24.04;3;2;1;1;4418;;13;4;18;11;1;10;10;9;6;2;16;18;
*18AH-G4~41~P2;;s;;;;;18.24.07;3;2;1;1;4422;;13;4;18;11;1;10;10;9;6;2;16;18;
a16DH+~~~41~S;;;;;;;18.24.07;3;2;1;1;4422;;13;4;18;11;1;10;10;9;6;2;16;18;
a10ET+~~B;;;;;;;18.24.07;3;2;1;1;4422;;13;4;18;11;1;10;10;9;6;2;16;18;
a02AT#W2~29~H2X;p;p;;;;;18.24.10;3;2;1;1;4426;;13;4;18;11;1;10;10;9;6;2;16;18;
*01DT=~~~29~S;p;;;;;;18.24.10;3;2;1;1;4426;;13;4;18;11;1;10;10;9;6;2;16;18;
ap09:10;;;;;;;18.24.14;3;2;1;1;4430;;13;4;18;11;1;10;10;9;6;2;16;18;
a10SM-~~~51;;;;;;;18.24.36;3;2;1;1;4451;;13;4;18;11;1;10;10;9;6;2;16;18;
*12RM#~~~51;;;;;;;18.24.36;3;2;1;1;4451;;13;4;18;11;1;10;10;9;6;2;16;18;
*04ET+K2B;;;;;;;18.24.36;3;2;1;1;4451;;13;4;18;11;1;10;10;9;6;2;16;18;
*01AT+Y9~94~H4C;;r;;;;;18.24.42;3;2;1;1;4456;;13;4;18;11;1;10;10;9;6;2;16;18;
a06BT-~~~~4~A4;;;;;;;18.24.42;3;2;1;1;4456;;13;4;18;11;1;10;10;9;6;2;16;18;
*12DH+~~~9~~C;;;;;;;18.24.42;3;2;1;1;4456;;13;4;18;11;1;10;10;9;6;2;16;18;
*04ET+~~F;;;;;;;18.24.42;3;2;1;1;4456;;13;4;18;11;1;10;10;9;6;2;16;18;
*18AT#W4~42~H4S;s;s;;;;;18.24.47;3;2;1;1;4460;;13;4;18;11;1;10;10;9;6;2;16;18;
a06BT=~~~~2~A4S;s;;;;;;18.24.47;3;2;1;1;4460;;13;4;18;11;1;10;10;9;6;2;16;18;
*p10:10;;;;;;;18.24.55;3;2;1;1;4464;;13;4;18;11;1;10;10;9;6;2;16;18;
*z1;;;;;;;18.24.55;3;1;1;1;4469;;4;18;11;1;10;13;10;9;6;2;16;18;
*04SQ+~~~51;;;;;;;18.25.09;3;1;1;1;4483;;4;18;11;1;10;13;10;9;6;2;16;18;
a09RQ-~~~51;;;;;;;18.25.09;3;1;1;1;4483;;4;18;11;1;10;13;10;9;6;2;16;18;
a02EH+~~B~2;;;;;;;18.25.13;3;1;1;1;4483;;4;18;11;1;10;13;10;9;6;2;16;18;
a09AH-G2~21~H2;;r;;;;;18.25.15;3;1;1;1;4489;;4;18;11;1;10;13;10;9;6;2;16;18;
*04DH+~~~21~S;;;;;;;18.25.15;3;1;1;1;4489;;4;18;11;1;10;13;10;9;6;2;16;18;
*10ET+~~B~2;;;;;;;18.25.19;3;1;1;1;4489;;4;18;11;1;10;13;10;9;6;2;16;18;
*01AT/W2~24~H4A;s;p;;;;;18.25.19;3;1;1;1;4493;;4;18;11;1;10;13;10;9;6;2;16;18;
a02BT#~~~~4~A4A;s;;;;;;18.25.19;3;1;1;1;4493;;4;18;11;1;10;13;10;9;6;2;16;18;
ap10:11;;;;;;;18.25.30;3;1;1;1;4497;;4;18;11;1;10;13;10;9;6;2;16;18;
az6;;;;;;;18.25.30;3;1;6;1;4504;;4;18;11;1;10;13;9;6;2;16;18;10;
a09SM-~~~56;;;;;;;18.25.40;3;1;6;1;4515;;4;18;11;1;10;13;9;6;2;16;18;10;
*12RM#~~~56;;;;;;;18.25.40;3;1;6;1;4515;;4;18;11;1;10;13;9;6;2;16;18;10;
*04ET+K1F;;;;;;;18.25.40;3;1;6;1;4515;;4;18;11;1;10;13;9;6;2;16;18;10;
*01AT-W4~42~H1C;;r;;;;;18.25.44;3;1;6;1;4519;;4;18;11;1;10;13;9;6;2;16;18;10;
a02BT+~~~~2~A1;;;;;;;18.25.44;3;1;6;1;4519;;4;18;11;1;10;13;9;6;2;16;18;10;
a09DT+~~~46~B;;;;;;;18.25.46;3;1;6;1;4519;;4;18;11;1;10;13;9;6;2;16;18;10;
a10ET+~~B;;;;;;;18.25.46;3;1;6;1;4519;;4;18;11;1;10;13;9;6;2;16;18;10;
a02AT+W2~24~H2C;;p;;;;;18.25.47;3;1;6;1;4523;;4;18;11;1;10;13;9;6;2;16;18;10;
*11BT-~~~~4~A2;;;;;;;18.25.47;3;1;6;1;4523;;4;18;11;1;10;13;9;6;2;16;18;10;
a09DH+~~~2~~C;;;;;;;18.25.49;3;1;6;1;4523;;4;18;11;1;10;13;9;6;2;16;18;10;
a10EH+;;;;;;;18.25.49;3;1;6;1;4523;;4;18;11;1;10;13;9;6;2;16;18;10;
a16AH#G4~42~H2F;p;p;;;;;18.25.51;3;1;6;1;4527;;4;18;11;1;10;13;9;6;2;16;18;10;
*11BH=~~~~2~A2F;p;;;;;;18.25.51;3;1;6;1;4527;;4;18;11;1;10;13;9;6;2;16;18;10;
ap10:12;;;;;;;18.25.55;3;1;6;1;4531;;4;18;11;1;10;13;9;6;2;16;18;10;
a09SM!~~~59;;;;;;;18.26.14;3;1;6;1;4549;;4;18;11;1;10;13;9;6;2;16;18;10;
*18RM!~~~59~~~~42;;;;;;;18.26.14;3;1;6;1;4549;;4;18;11;1;10;13;9;6;2;16;18;10;
*04ET+K7F;;;;;;;18.26.14;3;1;6;1;4549;;4;18;11;1;10;13;9;6;2;16;18;10;
*01AT#W4~47~H2X;s;r;;;;;18.26.19;3;1;6;1;4553;;4;18;11;1;10;13;9;6;2;16;18;10;
a11DT=~~~47~S;s;;;;;;18.26.19;3;1;6;1;4553;;4;18;11;1;10;13;9;6;2;16;18;10;
*p11:12;;;;;;;18.26.24;3;1;6;1;4557;;4;18;11;1;10;13;9;6;2;16;18;10;
*z6;;;;;;;18.26.24;3;6;6;1;4558;;18;11;1;10;13;4;9;6;2;16;18;10;
*18SQ+~~~67;;;;;;;18.26.40;3;6;6;1;4574;;18;11;1;10;13;4;9;6;2;16;18;10;
a16RQ-~~~67;;;;;;;18.26.40;3;6;6;1;4574;;18;11;1;10;13;4;9;6;2;16;18;10;
*11EH+~~B~2;;;;;;;18.26.40;3;6;6;1;4574;;18;11;1;10;13;4;9;6;2;16;18;10;
a02AH+G2~24~H2C;;r;;;;;18.26.47;3;6;6;1;4581;;18;11;1;10;13;4;9;6;2;16;18;10;
*11BH-~~~~4~A2;;;;;;;18.26.47;3;6;6;1;4581;;18;11;1;10;13;4;9;6;2;16;18;10;
a10ET+~~B;;;;;;;18.26.47;3;6;6;1;4581;;18;11;1;10;13;4;9;6;2;16;18;10;
a02AT+W2~24~T2C;;s;;;;;18.26.49;3;6;6;1;4585;;18;11;1;10;13;4;9;6;2;16;18;10;
*11BT-~~~~4~A2;;;;;;;18.26.49;3;6;6;1;4585;;18;11;1;10;13;4;9;6;2;16;18;10;
a09DH+~~~2~~C;;;;;;;18.26.52;3;6;6;1;4585;;18;11;1;10;13;4;9;6;2;16;18;10;
a10EQ#;;;;;;;18.26.52;3;6;6;1;4585;;18;11;1;10;13;4;9;6;2;16;18;10;
a06AQ/J2~33~H1T;p;s;;;;;18.26.54;3;6;6;1;4589;;18;11;1;10;13;4;9;6;2;16;18;10;
*01BQ#~~~~3~T1T;p;;;;;;18.26.54;3;6;6;1;4589;;18;11;1;10;13;4;9;6;2;16;18;10;
*p12:12;;;;;;;18.26.59;3;6;6;1;4593;;18;11;1;10;13;4;9;6;2;16;18;10;
*18SQ!~~~66;;;;;;;18.27.19;3;6;6;1;4614;;18;11;1;10;13;4;9;6;2;16;18;10;
a11RQ!~~~66~~~~41;;;;;;;18.27.19;3;6;6;1;4614;;18;11;1;10;13;4;9;6;2;16;18;10;
a10ET+KFB;;;;;;;18.27.19;3;6;6;1;4614;;18;11;1;10;13;4;9;6;2;16;18;10;
a02AT#W2~24~T2S;s;r;;;;;18.27.24;3;6;6;1;4619;;18;11;1;10;13;4;9;6;2;16;18;10;
*11BT=~~~~4~A2S;s;;;;;;18.27.24;3;6;6;1;4619;;18;11;1;10;13;4;9;6;2;16;18;10;
ap12:13;;;;;;;18.27.28;3;6;6;1;4623;;18;11;1;10;13;4;9;6;2;16;18;10;
az5;;;;;;;18.27.28;3;6;5;1;4622;;18;11;1;10;13;4;6;2;16;18;10;9;
a06SM-~~~51;;;;;;;18.27.48;3;6;5;1;4642;;18;11;1;10;13;4;6;2;16;18;10;9;
*18RM+~~~51~~~~32;;;;;;;18.27.48;3;6;5;1;4642;;18;11;1;10;13;4;6;2;16;18;10;9;
*04ET+K1F;;;;;;;18.27.48;3;6;5;1;4642;;18;11;1;10;13;4;6;2;16;18;10;9;
*10AT-W4~42~T1;;r;;;;;18.27.53;3;6;5;1;4647;;18;11;1;10;13;4;6;2;16;18;10;9;
a02DT+~~~42~E;;;;;;;18.27.53;3;6;5;1;4647;;18;11;1;10;13;4;6;2;16;18;10;9;
a10EH#;;;;;;;18.27.53;3;6;5;1;4647;;18;11;1;10;13;4;6;2;16;18;10;9;
a16AH/G4~42~H1A;s;p;;;;;18.27.56;3;6;5;1;4650;;18;11;1;10;13;4;6;2;16;18;10;9;
*11BH#~~~~2~A1A;s;;;;;;18.27.56;3;6;5;1;4650;;18;11;1;10;13;4;6;2;16;18;10;9;
*p13:13;;;;;;;18.27.59;3;6;5;1;4654;;18;11;1;10;13;4;6;2;16;18;10;9;
*z5;;;;;;;18.27.59;3;5;5;1;4653;;11;1;10;13;4;18;6;2;16;18;10;9;
*11SM-~~~58;;;;;;;18.28.19;3;5;5;1;4673;;11;1;10;13;4;18;6;2;16;18;10;9;
a16RM#~~~58~O;;;;;;;18.28.19;3;5;5;1;4673;;11;1;10;13;4;18;6;2;16;18;10;9;
a10EQ+K1C;;;;;;;18.28.25;3;5;5;1;4673;;11;1;10;13;4;18;6;2;16;18;10;9;
a18AQ-J4~39~H1;;r;;;;;18.28.23;3;5;5;1;4677;;11;1;10;13;4;18;6;2;16;18;10;9;
*04DQ+~~~39~S;;;;;;;18.28.23;3;5;5;1;4677;;11;1;10;13;4;18;6;2;16;18;10;9;
*11EH+~~B~2;;;;;;;18.28.23;3;5;5;1;4677;;11;1;10;13;4;18;6;2;16;18;10;9;
*01AH-G2~26~P0;;p;;;;;18.28.27;3;5;5;1;4682;;11;1;10;13;4;18;6;2;16;18;10;9;
a11DH+~~~26~S;;;;;;;18.28.27;3;5;5;1;4682;;11;1;10;13;4;18;6;2;16;18;10;9;
a10ET+~~B;;;;;;;18.28.27;3;5;5;1;4682;;11;1;10;13;4;18;6;2;16;18;10;9;
a02AT-W2~24~H2C;;s;;;;;18.28.30;3;5;5;1;4685;;11;1;10;13;4;18;6;2;16;18;10;9;
*13BT+~~~~4~A2;;;;;;;18.28.30;3;5;5;1;4685;;11;1;10;13;4;18;6;2;16;18;10;9;
*11FH#;;;;;;;18.28.32;3;5;5;1;4688;;11;1;10;13;4;18;6;2;16;18;10;9;
*04EQ+~~C;;;;;;;18.28.32;3;5;5;1;4688;;11;1;10;13;4;18;6;2;16;18;10;9;
*13AQ#J1~33~H2S1;p;p;;;;;18.28.34;3;5;5;1;4689;;11;1;10;13;4;18;6;2;16;18;10;9;
a18BQ=~~~~3~T2S;p;;;;;;18.28.34;3;5;5;1;4689;;11;1;10;13;4;18;6;2;16;18;10;9;
*p14:13;;;;;;;18.28.38;3;5;5;1;4693;;11;1;10;13;4;18;6;2;16;18;10;9;
*11SM!~~~57;;;;;;;18.28.55;3;5;5;1;4710;;11;1;10;13;4;18;6;2;16;18;10;9;
a16RM!~~~57~O~~42;;;;;;;18.28.55;3;5;5;1;4710;;11;1;10;13;4;18;6;2;16;18;10;9;
a10ET+K7B;;;;;;;18.28.55;3;5;5;1;4710;;11;1;10;13;4;18;6;2;16;18;10;9;
a02AT+W2~24~H2C;;r;;;;;18.28.59;3;5;5;1;4714;;11;1;10;13;4;18;6;2;16;18;10;9;
*10BT-~~~~4~A2;;;;;;;18.28.59;3;5;5;1;4714;;11;1;10;13;4;18;6;2;16;18;10;9;
*18DH/~~~26~B;;;;;;;18.29.11;3;5;5;1;4715;;11;1;10;13;4;18;6;2;16;18;10;9;
*13FH=;s;;;;;;18.29.13;3;5;5;1;4718;;11;1;10;13;4;18;6;2;16;18;10;9;
a$$&H#;s;;;;;;18.29.13;3;5;5;1;4718;;11;1;10;13;4;18;6;2;16;18;10;9;
ap14:14;;;;;;;18.29.16;3;5;5;1;4721;;11;1;10;13;4;18;6;2;16;18;10;9;
az4;;;;;;;18.29.16;3;5;4;1;4730;;11;1;10;13;4;18;2;16;18;10;9;6;
a02SQ-~~~66;;;;;;;18.30.08;3;5;4;1;4782;;11;1;10;13;4;18;2;16;18;10;9;6;
*18RQ+~~~66~~~~32;;;;;;;18.30.08;3;5;4;1;4782;;11;1;10;13;4;18;2;16;18;10;9;6;
*04EQ+K2C;;;;;;;18.30.08;3;5;4;1;4782;;11;1;10;13;4;18;2;16;18;10;9;6;
*13AQ-J2~33~H4C;;r;;;;;18.30.13;3;5;4;1;4787;;11;1;10;13;4;18;2;16;18;10;9;6;
a16BQ+~~~~3~T4;;;;;;;18.30.13;3;5;4;1;4787;;11;1;10;13;4;18;2;16;18;10;9;6;
a02DH+~~~39~B;;;;;;;18.30.15;3;5;4;1;4787;;11;1;10;13;4;18;2;16;18;10;9;6;
a10ET+~~B;;;;;;;18.30.15;3;5;4;1;4787;;11;1;10;13;4;18;2;16;18;10;9;6;
a02AT-Y9~91~H2;;p;;;;;18.30.18;3;5;4;1;4792;;11;1;10;13;4;18;2;16;18;10;9;6;
*18DT+~~~91~S;;;;;;;18.30.18;3;5;4;1;4792;;11;1;10;13;4;18;2;16;18;10;9;6;
*04ET+~~B;;;;;;;18.30.18;3;5;4;1;4792;;11;1;10;13;4;18;2;16;18;10;9;6;
*01AT-W2~24~T2C;;s;;;;;18.30.20;3;5;4;1;4796;;11;1;10;13;4;18;2;16;18;10;9;6;
a18BT+~~~~4~A2;;;;;;;18.30.20;3;5;4;1;4796;;11;1;10;13;4;18;2;16;18;10;9;6;
a11EH+~~B;;;;;;;18.30.20;3;5;4;1;4796;;11;1;10;13;4;18;2;16;18;10;9;6;
a02AH-G9~98~H2;;p;;;;;18.30.24;3;5;4;1;4799;;11;1;10;13;4;18;2;16;18;10;9;6;
*04DH+~~~98~S;;;;;;;18.30.24;3;5;4;1;4799;;11;1;10;13;4;18;2;16;18;10;9;6;
*18ET+~~F~4;;;;;;;18.30.24;3;5;4;1;4799;;11;1;10;13;4;18;2;16;18;10;9;6;
*10AT#W4~46~H2X4;s;s;;;;;18.30.32;3;5;4;1;4803;;11;1;10;13;4;18;2;16;18;10;9;6;
a11DT=~~~46~S;s;;;;;;18.30.32;3;5;4;1;4803;;11;1;10;13;4;18;2;16;18;10;9;6;
*p15:14;;;;;;;18.30.37;3;5;4;1;4807;;11;1;10;13;4;18;2;16;18;10;9;6;
*z4;;;;;;;18.30.37;3;4;4;1;4811;;1;10;13;4;18;11;2;16;18;10;9;6;
*01SQ=~~~16~~~O;s;;;;;;18.30.56;3;4;4;1;4831;;1;10;13;4;18;11;2;16;18;10;9;6;
a$$&H#;s;;;;;;18.30.56;3;4;4;1;4831;;1;10;13;4;18;11;2;16;18;10;9;6;
ap15:15;;;;;;;18.31.02;3;4;4;1;4837;;1;10;13;4;18;11;2;16;18;10;9;6;
az3;;;;;;;18.31.02;3;4;3;1;4836;;1;10;13;4;18;11;16;18;10;9;6;2;
ac10:20;;;;;;;18.31.02;3;4;3;1;4836;;1;10;13;4;18;11;16;18;20;9;6;2;
ac02:05;;;;;;;18.31.02;3;4;3;1;4836;;1;10;13;4;18;11;16;18;20;9;6;5;
aP5;;;;;;;18.31.02;3;4;3;1;4836;;1;10;13;4;18;11;16;18;20;9;6;5;
az6;;;;;;;18.31.02;3;4;6;1;4836;;1;10;13;4;18;11;16;18;20;9;6;5;
a16SM!~~~51;;;;;;;18.31.53;3;4;6;1;4870;;1;10;13;4;18;11;16;18;20;9;6;5;
*12RM!~~~51~~~~32;;;;;;;18.31.53;3;4;6;1;4870;;1;10;13;4;18;11;16;18;20;9;6;5;
*04ET+K8F;;;;;;;18.31.53;3;4;6;1;4870;;1;10;13;4;18;11;16;18;20;9;6;5;
*10AT-W4~45~H4;;r;;;;;18.31.39;3;4;6;1;4874;;1;10;13;4;18;11;16;18;20;9;6;5;
a18BT+~~~~2~A4;;;;;;;18.31.39;3;4;6;1;4874;;1;10;13;4;18;11;16;18;20;9;6;5;
a11DT+~~~45~B;;;;;;;18.31.39;3;4;6;1;4874;;1;10;13;4;18;11;16;18;20;9;6;5;
a05ET+~~F;;;;;;;18.31.39;3;4;6;1;4874;;1;10;13;4;18;11;16;18;20;9;6;5;
a09AT+W4~42~T4C;;p;;;;;18.31.43;3;4;6;1;4877;;1;10;13;4;18;11;16;18;20;9;6;5;
*13BT-~~~~2~A4;;;;;;;18.31.43;3;4;6;1;4877;;1;10;13;4;18;11;16;18;20;9;6;5;
a05ET+;;;;;;;18.31.43;3;4;6;1;4877;;1;10;13;4;18;11;16;18;20;9;6;5;
a09AT/W4~42~H2A;s;p;;;;;18.31.48;3;4;6;1;4883;;1;10;13;4;18;11;16;18;20;9;6;5;
*13BT#~~~~2~A2A;s;;;;;;18.31.48;3;4;6;1;4883;;1;10;13;4;18;11;16;18;20;9;6;5;
*p16:15;;;;;;;18.31.53;3;4;6;1;4887;;1;10;13;4;18;11;16;18;20;9;6;5;
*z3;;;;;;;18.31.53;3;3;6;1;4887;;10;13;4;18;11;1;16;18;20;9;6;5;
ac05:02;;;;;;;18.31.53;3;3;6;1;4887;;10;13;4;18;11;1;16;18;20;9;6;2;
ac20:10;;;;;;;18.31.53;3;3;6;1;4887;;10;13;4;18;11;1;16;18;10;9;6;2;
aP10;;;;;;;18.31.53;3;3;6;1;4887;;10;13;4;18;11;1;16;18;10;9;6;2;
az3;;;;;;;18.31.53;3;3;3;1;4887;;10;13;4;18;11;1;16;18;10;9;6;2;
*10SQ!~~~11;;;;;;;18.32.21;3;3;3;1;4915;;10;13;4;18;11;1;16;18;10;9;6;2;
a16RQ!~~~11~~~~22;;;;;;;18.32.21;3;3;3;1;4915;;10;13;4;18;11;1;16;18;10;9;6;2;
a02ET+K9F;;;;;;;18.32.21;3;3;3;1;4915;;10;13;4;18;11;1;16;18;10;9;6;2;
a09AT#W4~42~H3S;s;r;;;;;18.32.26;3;3;3;1;4920;;10;13;4;18;11;1;16;18;10;9;6;2;
*04BT=~~~~2~A3S;s;;;;;;18.32.26;3;3;3;1;4920;;10;13;4;18;11;1;16;18;10;9;6;2;
ap16:16;;;;;;;18.32.30;3;3;3;1;4924;;10;13;4;18;11;1;16;18;10;9;6;2;
az2;;;;;;;18.32.30;3;3;2;1;4924;;10;13;4;18;11;1;18;10;9;6;2;16;
a18SQ=~~~1~~~~N;s;;;;;;18.32.52;3;3;2;1;4947;;10;13;4;18;11;1;18;10;9;6;2;16;
*$$&H#;s;;;;;;18.32.52;3;3;2;1;4947;;10;13;4;18;11;1;18;10;9;6;2;16;
*p17:16;;;;;;;18.32.56;3;3;2;1;4950;;10;13;4;18;11;1;18;10;9;6;2;16;
*z2;;;;;;;18.32.56;3;2;2;1;4950;;13;4;18;11;1;10;18;10;9;6;2;16;
*13SM=~~~5~~~~N;s;;;;;;18.33.19;3;2;2;1;4974;;13;4;18;11;1;10;18;10;9;6;2;16;
a$$&H#;s;;;;;;18.33.19;3;2;2;1;4974;;13;4;18;11;1;10;18;10;9;6;2;16;
ap17:17;;;;;;;18.33.22;3;2;2;1;4977;;13;4;18;11;1;10;18;10;9;6;2;16;
az1;;;;;;;18.33.22;3;2;1;1;4976;;13;4;18;11;1;10;10;9;6;2;16;18;
a10SM-~~~51;;;;;;;18.33.38;3;2;1;1;4993;;13;4;18;11;1;10;10;9;6;2;16;18;
*12RM+~~~51~~~~32;;;;;;;18.33.38;3;2;1;1;4993;;13;4;18;11;1;10;10;9;6;2;16;18;
*04ET+K2B;;;;;;;18.33.38;3;2;1;1;4993;;13;4;18;11;1;10;10;9;6;2;16;18;
*01AT#Y9~95~H1X;s;r;;;;;18.33.44;3;2;1;1;4998;;13;4;18;11;1;10;10;9;6;2;16;18;
a11DT=~~~95~S;s;;;;;;18.33.44;3;2;1;1;4998;;13;4;18;11;1;10;10;9;6;2;16;18;
*p18:17;;;;;;;18.33.49;3;2;1;1;5002;;13;4;18;11;1;10;10;9;6;2;16;18;
*z1;;;;;;;18.33.49;3;1;1;1;5003;;4;18;11;1;10;13;10;9;6;2;16;18;
*04SQ!~~~56;;;;;;;18.34.07;3;1;1;1;5022;;4;18;11;1;10;13;10;9;6;2;16;18;
a11RQ!~~~56~~~~32;;;;;;;18.34.07;3;1;1;1;5022;;4;18;11;1;10;13;10;9;6;2;16;18;
a10ET+K8F;;;;;;;18.34.07;3;1;1;1;5022;;4;18;11;1;10;13;10;9;6;2;16;18;
a02AT/W4~42~H2S;p;r;;;;;18.34.11;3;1;1;1;5026;;4;18;11;1;10;13;10;9;6;2;16;18;
*11BT#~~~~2~A2S;p;;;;;;18.34.11;3;1;1;1;5026;;4;18;11;1;10;13;10;9;6;2;16;18;
*p19:17;;;;;;;18.34.20;3;1;1;1;5030;;4;18;11;1;10;13;10;9;6;2;16;18;
aT;;;;;;;18.34.20;3;1;1;1;5034;;4;18;11;1;10;13;10;9;6;2;16;18;
*04SQ+~~~51~~~N;;;;;;;18.35.58;3;1;1;1;5133;;4;18;11;1;10;13;10;9;6;2;16;18;
a09RQ-~~~51;;;;;;;18.35.58;3;1;1;1;5133;;4;18;11;1;10;13;10;9;6;2;16;18;
a11EH+~~~~4;;;;;;;18.35.58;3;1;1;1;5133;;4;18;11;1;10;13;10;9;6;2;16;18;
a02AH=G4~45~P2O;p;r;;;;;18.36.03;3;1;1;1;5138;;4;18;11;1;10;13;10;9;6;2;16;18;
*$$&H#;p;;;;;;18.36.03;3;1;1;1;5138;;4;18;11;1;10;13;10;9;6;2;16;18;
*p20:17;;;;;;;18.36.08;3;1;1;1;5142;;4;18;11;1;10;13;10;9;6;2;16;18;
*04SQ!~~~56;;;;;;;18.37.04;3;1;1;1;5198;;4;18;11;1;10;13;10;9;6;2;16;18;
a11RQ!~~~56~~~~23;;;;;;;18.37.04;3;1;1;1;5198;;4;18;11;1;10;13;10;9;6;2;16;18;
a10ET+K8B;;;;;;;18.37.14;3;1;1;1;5198;;4;18;11;1;10;13;10;9;6;2;16;18;
a09AT-W2~24~H2C;;r;;;;;18.37.10;3;1;1;1;5203;;4;18;11;1;10;13;10;9;6;2;16;18;
*11BT+~~~~4~A2;;;;;;;18.37.10;3;1;1;1;5203;;4;18;11;1;10;13;10;9;6;2;16;18;
*15EH/~~~~4;;;;;;;18.37.10;3;1;1;1;5203;;4;18;11;1;10;13;10;9;6;2;16;18;
a11FH!;;;;;;;18.37.15;3;1;1;1;5206;;4;18;11;1;10;13;10;9;6;2;16;18;
a10ET+~~F;;;;;;;18.37.15;3;1;1;1;5206;;4;18;11;1;10;13;10;9;6;2;16;18;
a02AT+W4~42~H2C;;s;;;;;18.37.17;3;1;1;1;5212;;4;18;11;1;10;13;10;9;6;2;16;18;
*11BT-~~~~2~A2;;;;;;;18.37.17;3;1;1;1;5212;;4;18;11;1;10;13;10;9;6;2;16;18;
a06DH+~~~4~~C;;;;;;;18.37.17;3;1;1;1;5212;;4;18;11;1;10;13;10;9;6;2;16;18;
a11EH+~~F;;;;;;;18.37.17;3;1;1;1;5212;;4;18;11;1;10;13;10;9;6;2;16;18;
a02AH-G4~49~T1~4;;s;;;;;18.37.21;3;1;1;1;5216;;4;18;11;1;10;13;10;9;6;2;16;18;
*04DH+~~~49~S;;;;;;;18.37.21;3;1;1;1;5216;;4;18;11;1;10;13;10;9;6;2;16;18;
*10ET+~~F;;;;;;;18.37.21;3;1;1;1;5216;;4;18;11;1;10;13;10;9;6;2;16;18;
*18AT+W4~42~H2C4;;p;;;;;18.37.25;3;1;1;1;5220;;4;18;11;1;10;13;10;9;6;2;16;18;
a06BT-~~~~2~A2;;;;;;;18.37.25;3;1;1;1;5220;;4;18;11;1;10;13;10;9;6;2;16;18;
*10FH#;;;;;;;18.37.30;3;1;1;1;5223;;4;18;11;1;10;13;10;9;6;2;16;18;
*04ET+~~F;;;;;;;18.37.30;3;1;1;1;5223;;4;18;11;1;10;13;10;9;6;2;16;18;
*18AT#W4~47~H4X;p;p;;;;;18.37.32;3;1;1;1;5227;;4;18;11;1;10;13;10;9;6;2;16;18;
a11DT=~~~47~S;p;;;;;;18.37.32;3;1;1;1;5227;;4;18;11;1;10;13;10;9;6;2;16;18;
*p21:17;;;;;;;18.37.37;3;1;1;1;5231;;4;18;11;1;10;13;10;9;6;2;16;18;
*04SQ#~~~53~~~N;p;;;;;;18.38.08;3;1;1;1;5263;;4;18;11;1;10;13;10;9;6;2;16;18;
a06RQ=~~~53~W;p;;;;;;18.38.08;3;1;1;1;5263;;4;18;11;1;10;13;10;9;6;2;16;18;
*p22:17;;;;;;;18.38.14;3;1;1;1;5267;;4;18;11;1;10;13;10;9;6;2;16;18;
*04SQ#~~~53~~~N;p;;;;;;18.38.33;3;1;1;1;5288;;4;18;11;1;10;13;10;9;6;2;16;18;
a06RQ=~~~53~W;p;;;;;;18.38.33;3;1;1;1;5288;;4;18;11;1;10;13;10;9;6;2;16;18;
*p23:17;;;;;;;18.38.38;3;1;1;1;5293;;4;18;11;1;10;13;10;9;6;2;16;18;
*04SQ+~~~56;;;;;;;18.38.58;3;1;1;1;5313;;4;18;11;1;10;13;10;9;6;2;16;18;
a11RQ-~~~56;;;;;;;18.38.58;3;1;1;1;5313;;4;18;11;1;10;13;10;9;6;2;16;18;
a10ET+~~F;;;;;;;18.38.58;3;1;1;1;5313;;4;18;11;1;10;13;10;9;6;2;16;18;
a02AT+W4~42~H2C;;r;;;;;18.39.03;3;1;1;1;5318;;4;18;11;1;10;13;10;9;6;2;16;18;
*11BT-~~~~2~A2;;;;;;;18.39.03;3;1;1;1;5318;;4;18;11;1;10;13;10;9;6;2;16;18;
a06DT+~~~4~~C;;;;;;;18.39.06;3;1;1;1;5318;;4;18;11;1;10;13;10;9;6;2;16;18;
a10ET+~~F;;;;;;;18.39.06;3;1;1;1;5318;;4;18;11;1;10;13;10;9;6;2;16;18;
a02AT#W4~45~H1X;s;s;;;;;18.39.07;3;1;1;1;5322;;4;18;11;1;10;13;10;9;6;2;16;18;
*15DT=~~~45~S;s;;;;;;18.39.07;3;1;1;1;5322;;4;18;11;1;10;13;10;9;6;2;16;18;
ap23:18;;;;;;;18.39.14;3;1;1;1;5326;;4;18;11;1;10;13;10;9;6;2;16;18;
az6;;;;;;;18.39.14;3;1;6;1;5328;;4;18;11;1;10;13;9;6;2;16;18;10;
a09SM-~~~51;;;;;;;18.39.30;3;1;6;1;5344;;4;18;11;1;10;13;9;6;2;16;18;10;
*18RM+~~~51~O~~32;;;;;;;18.39.30;3;1;6;1;5344;;4;18;11;1;10;13;9;6;2;16;18;10;
*04ET+K8F;;;;;;;18.39.30;3;1;6;1;5344;;4;18;11;1;10;13;9;6;2;16;18;10;
*01AT#W4~42~T2F;s;r;;;;;18.39.37;3;1;6;1;5350;;4;18;11;1;10;13;9;6;2;16;18;10;
a06BT=~~~~2~A2F;s;;;;;;18.39.37;3;1;6;1;5350;;4;18;11;1;10;13;9;6;2;16;18;10;
*p24:18;;;;;;;18.39.43;3;1;6;1;5354;;4;18;11;1;10;13;9;6;2;16;18;10;
*z6;;;;;;;18.39.43;3;6;6;1;5357;;18;11;1;10;13;4;9;6;2;16;18;10;
*c10:07;;;;;;;18.39.43;3;6;6;1;5357;;18;11;1;7;13;4;9;6;2;16;18;10;
*18SQ=~~~66~~~O;s;;;;;;18.40.04;3;6;6;1;5379;;18;11;1;7;13;4;9;6;2;16;18;10;
a$$&H#;s;;;;;;18.40.04;3;6;6;1;5379;;18;11;1;7;13;4;9;6;2;16;18;10;
ap24:19;;;;;;;18.40.07;3;6;6;1;5383;;18;11;1;7;13;4;9;6;2;16;18;10;
az5;;;;;;;18.40.08;3;6;5;1;5382;;18;11;1;7;13;4;6;2;16;18;10;9;
ac09:04;;;;;;;18.40.08;3;6;5;1;5382;;18;11;1;7;13;4;6;2;16;18;10;4;
a06SM-~~~59;;;;;;;18.40.37;3;6;5;1;5411;;18;11;1;7;13;4;6;2;16;18;10;4;
*18RM#~~~59;;;;;;;18.40.37;3;6;5;1;5411;;18;11;1;7;13;4;6;2;16;18;10;4;
*04EQ+K1C;;;;;;;18.40.37;3;6;5;1;5411;;18;11;1;7;13;4;6;2;16;18;10;4;
*11AQ#J4~37~H1X;s;r;;;;;18.40.42;3;6;5;1;5416;;18;11;1;7;13;4;6;2;16;18;10;4;
a04DQ=~~~37~S;s;;;;;;18.40.42;3;6;5;1;5416;;18;11;1;7;13;4;6;2;16;18;10;4;
*p25:19;;;;;;;18.40.45;3;6;5;1;5420;;18;11;1;7;13;4;6;2;16;18;10;4;
**3set;;;;;;;18.40.45;4;6;5;1;5419;;;;;;;;;;;;;;
