*P04>LUp;;;;;;;15.01.02;1;5;3;;;;7;3;6;1;5;4;9;16;3;12;18;5;
*z6>LUp;;;;;;;15.01.02;1;6;3;;;;7;3;6;1;5;4;9;16;3;12;18;5;
aP03>LUp;;;;;;;15.01.02;1;6;3;;;;7;3;6;1;5;4;9;16;3;12;18;5;
az3>LUp;;;;;;;15.01.02;1;6;3;;;;7;3;6;1;5;4;9;16;3;12;18;5;
a09SM!~~~66;;;;;;;15.01.02;1;6;3;1;3;;7;3;6;1;5;4;9;16;3;12;18;5;
*14RM!~~~66~O~~32;;;;;;;15.01.02;1;6;3;1;3;;7;3;6;1;5;4;9;16;3;12;18;5;
*04ET+K8F;;;;;;;15.01.02;1;6;3;1;3;;7;3;6;1;5;4;9;16;3;12;18;5;
*01AT-W4~47~H2;;r;;;;;15.01.09;1;6;3;1;6;;7;3;6;1;5;4;9;16;3;12;18;5;
a10DT+~~~47~B;;;;;;;15.01.09;1;6;3;1;6;;7;3;6;1;5;4;9;16;3;12;18;5;
a03EH+~~F;;;;;;;15.01.09;1;6;3;1;6;;7;3;6;1;5;4;9;16;3;12;18;5;
a12AH=G4~45~H2O;s;p;;;;;15.01.12;1;6;3;1;9;;7;3;6;1;5;4;9;16;3;12;18;5;
*$$&H#;s;;;;;;15.01.12;1;6;3;1;9;;7;3;6;1;5;4;9;16;3;12;18;5;
*p01:00;;;;;;;15.01.18;1;6;3;1;13;;7;3;6;1;5;4;9;16;3;12;18;5;
*z5;;;;;;;15.01.18;1;5;3;1;17;;3;6;1;5;4;7;9;16;3;12;18;5;
*03SM!~~~51;;;;;;;15.01.30;1;5;3;1;30;;3;6;1;5;4;7;9;16;3;12;18;5;
a09RM!~~~51~~~~32;;;;;;;15.01.30;1;5;3;1;30;;3;6;1;5;4;7;9;16;3;12;18;5;
a03ET+K3F;;;;;;;15.01.42;1;5;3;1;30;;3;6;1;5;4;7;9;16;3;12;18;5;
a12AT-W4~42~H2C;;r;;;;;15.01.35;1;5;3;1;33;;3;6;1;5;4;7;9;16;3;12;18;5;
*05BT+~~~~2~A2;;;;;;;15.01.35;1;5;3;1;33;;3;6;1;5;4;7;9;16;3;12;18;5;
*03DT+~~~~2;;;;;;;15.01.35;1;5;3;1;33;;3;6;1;5;4;7;9;16;3;12;18;5;
*04ET+~~B;;;;;;;15.01.35;1;5;3;1;33;;3;6;1;5;4;7;9;16;3;12;18;5;
*06AT-W2~21~H2C;;p;;;;;15.01.38;1;5;3;1;36;;3;6;1;5;4;7;9;16;3;12;18;5;
a16BT+~~~~4~A2;;;;;;;15.01.38;1;5;3;1;36;;3;6;1;5;4;7;9;16;3;12;18;5;
a05DT-~~~21~S;;;;;;;15.01.38;1;5;3;1;36;;3;6;1;5;4;7;9;16;3;12;18;5;
a03ET+~~F;;;;;;;15.01.38;1;5;3;1;36;;3;6;1;5;4;7;9;16;3;12;18;5;
a12AT-W4~46~H2C;;s;;;;;15.01.46;1;5;3;1;39;;3;6;1;5;4;7;9;16;3;12;18;5;
*07DT+~~~46~B;;;;;;;15.01.46;1;5;3;1;39;;3;6;1;5;4;7;9;16;3;12;18;5;
*04ET+~~B;;;;;;;15.01.46;1;5;3;1;39;;3;6;1;5;4;7;9;16;3;12;18;5;
*06AT#W2~24~H2S;p;p;;;;;15.01.48;1;5;3;1;43;;3;6;1;5;4;7;9;16;3;12;18;5;
a16BT=~~~~4~A2S;p;;;;;;15.01.48;1;5;3;1;43;;3;6;1;5;4;7;9;16;3;12;18;5;
*p02:00;;;;;;;15.01.53;1;5;3;1;47;;3;6;1;5;4;7;9;16;3;12;18;5;
*03SM-~~~56;;;;;;;15.02.18;1;5;3;1;98;;3;6;1;5;4;7;9;16;3;12;18;5;
a09RM#~~~56;;;;;;;15.02.18;1;5;3;1;98;;3;6;1;5;4;7;9;16;3;12;18;5;
a03ET+K3B;;;;;;;15.02.18;1;5;3;1;98;;3;6;1;5;4;7;9;16;3;12;18;5;
a05AT-Y9~96~H~C;;r;;;;;15.02.24;1;5;3;1;101;;3;6;1;5;4;7;9;16;3;12;18;5;
*01BH+;;;;;;;15.02.24;1;5;3;1;101;;3;6;1;5;4;7;9;16;3;12;18;5;
*07DT+~~~96~B;;;;;;;15.02.24;1;5;3;1;101;;3;6;1;5;4;7;9;16;3;12;18;5;
*04ET+~~B;;;;;;;15.02.24;1;5;3;1;101;;3;6;1;5;4;7;9;16;3;12;18;5;
*06AT#W2~24~H2O;p;p;;;;;15.02.27;1;5;3;1;104;;3;6;1;5;4;7;9;16;3;12;18;5;
a16BT=~~~~4~A2O;p;;;;;;15.02.27;1;5;3;1;104;;3;6;1;5;4;7;9;16;3;12;18;5;
*p03:00;;;;;;;15.02.31;1;5;3;1;108;;3;6;1;5;4;7;9;16;3;12;18;5;
*03SM!~~~56;;;;;;;15.02.46;1;5;3;1;126;;3;6;1;5;4;7;9;16;3;12;18;5;
a10RM!~~~56~~~~42;;;;;;;15.02.46;1;5;3;1;126;;3;6;1;5;4;7;9;16;3;12;18;5;
a03ET+K7F~~~~~~KE;;;;;;;15.02.46;1;5;3;1;126;;3;6;1;5;4;7;9;16;3;12;18;5;
a12AT=W4~4~~H2N;p;r;;;;;15.02.51;1;5;3;1;129;;3;6;1;5;4;7;9;16;3;12;18;5;
*$$&H#;p;;;;;;15.02.51;1;5;3;1;129;;3;6;1;5;4;7;9;16;3;12;18;5;
*p04:00;;;;;;;15.02.54;1;5;3;1;133;;3;6;1;5;4;7;9;16;3;12;18;5;
*03SM-~~~56;;;;;;;15.03.08;1;5;3;1;149;;3;6;1;5;4;7;9;16;3;12;18;5;
a10RM+~~~56~~~~34;;;;;;;15.03.08;1;5;3;1;149;;3;6;1;5;4;7;9;16;3;12;18;5;
a03EQ+KFC;;;;;;;15.03.08;1;5;3;1;149;;3;6;1;5;4;7;9;16;3;12;18;5;
a16AQ#J4~33~H2F;s;r;;;;;15.03.14;1;5;3;1;152;;3;6;1;5;4;7;9;16;3;12;18;5;
*05BQ=~~~~3~T2F;s;;;;;;15.03.14;1;5;3;1;152;;3;6;1;5;4;7;9;16;3;12;18;5;
ap04:01;;;;;;;15.03.21;1;5;3;1;156;;3;6;1;5;4;7;9;16;3;12;18;5;
az2;;;;;;;15.03.21;1;5;2;1;160;;3;6;1;5;4;7;16;3;12;18;5;9;
a16SM!~~~11;;;;;;;15.03.31;1;5;2;1;171;;3;6;1;5;4;7;16;3;12;18;5;9;
*14RM!~~~11~~~~31;;;;;;;15.03.31;1;5;2;1;171;;3;6;1;5;4;7;16;3;12;18;5;9;
*04EQ+KCC;;;;;;;15.03.31;1;5;2;1;171;;3;6;1;5;4;7;16;3;12;18;5;9;
*05AQ#J4~39~H1X;s;r;;;;;15.03.38;1;5;2;1;174;;3;6;1;5;4;7;16;3;12;18;5;9;
a05DQ=~~~39~S;s;;;;;;15.03.38;1;5;2;1;174;;3;6;1;5;4;7;16;3;12;18;5;9;
*p05:01;;;;;;;15.03.45;1;5;2;1;178;;3;6;1;5;4;7;16;3;12;18;5;9;
*z4;;;;;;;15.03.45;1;4;2;1;184;;6;1;5;4;7;3;16;3;12;18;5;9;
*06SQ-~~~15;;;;;;;15.04.00;1;4;2;1;200;;6;1;5;4;7;3;16;3;12;18;5;9;
a12RQ+~~~15~~~~32;;;;;;;15.04.00;1;4;2;1;200;;6;1;5;4;7;3;16;3;12;18;5;9;
a03EQ+K8C;;;;;;;15.04.00;1;4;2;1;200;;6;1;5;4;7;3;16;3;12;18;5;9;
a18AQ-J2~33~H2C;;r;;;;;15.04.07;1;4;2;1;203;;6;1;5;4;7;3;16;3;12;18;5;9;
*05BQ+~~~~3~T2;;;;;;;15.04.07;1;4;2;1;203;;6;1;5;4;7;3;16;3;12;18;5;9;
*14DQ+~~~35;;;;;;;15.04.07;1;4;2;1;203;;6;1;5;4;7;3;16;3;12;18;5;9;
*04EH+~~F;;;;;;;15.04.07;1;4;2;1;203;;6;1;5;4;7;3;16;3;12;18;5;9;
*01AH-G4~46~H2C;;p;;;;;15.04.09;1;4;2;1;206;;6;1;5;4;7;3;16;3;12;18;5;9;
a09DH+~~~46~B;;;;;;;15.04.09;1;4;2;1;206;;6;1;5;4;7;3;16;3;12;18;5;9;
a03EH+~~F;;;;;;;15.04.09;1;4;2;1;206;;6;1;5;4;7;3;16;3;12;18;5;9;
a12AH#G4~41~H2X;s;s;;;;;15.04.12;1;4;2;1;211;;6;1;5;4;7;3;16;3;12;18;5;9;
*06DH=~~~41~S;s;;;;;;15.04.12;1;4;2;1;211;;6;1;5;4;7;3;16;3;12;18;5;9;
ap05:02;;;;;;;15.04.16;1;4;2;1;214;;6;1;5;4;7;3;16;3;12;18;5;9;
az1;;;;;;;15.04.16;1;4;1;1;215;;6;1;5;4;7;3;3;12;18;5;9;16;
a03SQ=~~~1~~~~N;s;;;;;;15.04.31;1;4;1;1;230;;6;1;5;4;7;3;3;12;18;5;9;16;
*$$&H#;s;;;;;;15.04.31;1;4;1;1;230;;6;1;5;4;7;3;3;12;18;5;9;16;
*p06:02;;;;;;;15.04.34;1;4;1;1;233;;6;1;5;4;7;3;3;12;18;5;9;16;
*z3;;;;;;;15.04.34;1;3;1;1;232;;1;5;4;7;3;6;3;12;18;5;9;16;
*01SQ=~~~11~~~O;s;;;;;;15.04.53;1;3;1;1;252;;1;5;4;7;3;6;3;12;18;5;9;16;
a$$&H#;s;;;;;;15.04.53;1;3;1;1;252;;1;5;4;7;3;6;3;12;18;5;9;16;
ap06:03;;;;;;;15.04.58;1;3;1;1;257;;1;5;4;7;3;6;3;12;18;5;9;16;
az6;;;;;;;15.05.27;1;3;6;1;285;;1;5;4;7;3;6;12;18;5;9;16;3;
a12SQ!~~~56;;;;;;;15.05.31;1;3;6;1;290;;1;5;4;7;3;6;12;18;5;9;16;3;
*14RQ!~~~56~~~~21;;;;;;;15.05.31;1;3;6;1;290;;1;5;4;7;3;6;12;18;5;9;16;3;
*04ET+KBB~~~~~~K1;;;;;;;15.05.31;1;3;6;1;290;;1;5;4;7;3;6;12;18;5;9;16;3;
*06AT-Y9~96~H2;;r;;;;;15.05.36;1;3;6;1;293;;1;5;4;7;3;6;12;18;5;9;16;3;
a12DT+~~~96~S;;;;;;;15.05.36;1;3;6;1;293;;1;5;4;7;3;6;12;18;5;9;16;3;
a10EH+~~B;;;;;;;15.05.36;1;3;6;1;293;;1;5;4;7;3;6;12;18;5;9;16;3;
a05AH=G2~21~H3O;s;p;;;;;15.05.40;1;3;6;1;296;;1;5;4;7;3;6;12;18;5;9;16;3;
*$$&H#;s;;;;;;15.05.40;1;3;6;1;296;;1;5;4;7;3;6;12;18;5;9;16;3;
*p07:03;;;;;;;15.05.53;1;3;6;1;300;;1;5;4;7;3;6;12;18;5;9;16;3;
*z2;;;;;;;15.05.53;1;2;6;1;311;;5;4;7;3;6;1;12;18;5;9;16;3;
*05SM+~~~55;;;;;;;15.06.03;1;2;6;1;324;;5;4;7;3;6;1;12;18;5;9;16;3;
a09RM-~~~55~~~~31;;;;;;;15.06.03;1;2;6;1;324;;5;4;7;3;6;1;12;18;5;9;16;3;
a03EQ+~~C;;;;;;;15.06.03;1;2;6;1;324;;5;4;7;3;6;1;12;18;5;9;16;3;
a18AQ#J4~35~H2A;s;r;;;;;15.06.11;1;2;6;1;327;;5;4;7;3;6;1;12;18;5;9;16;3;
*05DQ=~~~35~S;s;;;;;;15.06.11;1;2;6;1;327;;5;4;7;3;6;1;12;18;5;9;16;3;
ap07:04;;;;;;;15.06.18;1;2;6;1;331;;5;4;7;3;6;1;12;18;5;9;16;3;
az5;;;;;;;15.06.18;1;2;5;1;336;;5;4;7;3;6;1;18;5;9;16;3;12;
a18SM!~~~59;;;;;;;15.06.26;1;2;5;1;344;;5;4;7;3;6;1;18;5;9;16;3;12;
*14RM!~~~59~O~~21;;;;;;;15.06.26;1;2;5;1;344;;5;4;7;3;6;1;18;5;9;16;3;12;
*04ET+KCB;;;;;;;15.06.26;1;2;5;1;344;;5;4;7;3;6;1;18;5;9;16;3;12;
*06AT#Y9~96~H2;s;r;;;;;15.06.30;1;2;5;1;347;;5;4;7;3;6;1;18;5;9;16;3;12;
a12DT=~~~96~S;s;;;;;;15.06.30;1;2;5;1;347;;5;4;7;3;6;1;18;5;9;16;3;12;
*p08:04;;;;;;;15.06.36;1;2;5;1;351;;5;4;7;3;6;1;18;5;9;16;3;12;
*z1;;;;;;;15.06.36;1;1;5;1;354;;4;7;3;6;1;5;18;5;9;16;3;12;
*04SM+~~~17;;;;;;;15.06.54;1;1;5;1;374;;4;7;3;6;1;5;18;5;9;16;3;12;
a09RM-~~~17;;;;;;;15.06.54;1;1;5;1;374;;4;7;3;6;1;5;18;5;9;16;3;12;
a03EH+~~F;;;;;;;15.06.54;1;1;5;1;374;;4;7;3;6;1;5;18;5;9;16;3;12;
a09AH#G4~48~T2X;s;r;;;;;15.07.00;1;1;5;1;377;;4;7;3;6;1;5;18;5;9;16;3;12;
*04DH=~~~48~E~E;s;;;;;;15.07.00;1;1;5;1;377;;4;7;3;6;1;5;18;5;9;16;3;12;
ap08:05;;;;;;;15.07.04;1;1;5;1;381;;4;7;3;6;1;5;18;5;9;16;3;12;
az4;;;;;;;15.07.04;1;1;4;1;382;;4;7;3;6;1;5;5;9;16;3;12;18;
a05SQ-~~~66;;;;;;;15.07.21;1;1;4;1;401;;4;7;3;6;1;5;5;9;16;3;12;18;
*01RQ#~~~66;;;;;;;15.07.21;1;1;4;1;401;;4;7;3;6;1;5;5;9;16;3;12;18;
*04EQ+K1C;;;;;;;15.07.21;1;1;4;1;401;;4;7;3;6;1;5;5;9;16;3;12;18;
*03AQ/J1~33~H2T;p;r;;;;;15.07.26;1;1;4;1;404;;4;7;3;6;1;5;5;9;16;3;12;18;
a16BQ#~~~~3~T2T;p;;;;;;15.07.26;1;1;4;1;404;;4;7;3;6;1;5;5;9;16;3;12;18;
ap08:06;;;;;;;15.07.31;1;1;4;1;408;;4;7;3;6;1;5;5;9;16;3;12;18;
a05SQ+~~~63~~~N;;;;;;;15.07.45;1;1;4;1;425;;4;7;3;6;1;5;5;9;16;3;12;18;
*04RQ-~~~63~W;;;;;;;15.07.45;1;1;4;1;425;;4;7;3;6;1;5;5;9;16;3;12;18;
*14EH+~~F~4;;;;;;;15.07.45;1;1;4;1;425;;4;7;3;6;1;5;5;9;16;3;12;18;
*06AH+G4~42~H3C;;r;;;;;15.07.53;1;1;4;1;428;;4;7;3;6;1;5;5;9;16;3;12;18;
a03BH-~~~~2~A3;;;;;;;15.07.53;1;1;4;1;428;;4;7;3;6;1;5;5;9;16;3;12;18;
*03DH+~~~4~~C;;;;;;;15.07.53;1;1;4;1;428;;4;7;3;6;1;5;5;9;16;3;12;18;
*14EH+~~B~2;;;;;;;15.07.55;1;1;4;1;428;;4;7;3;6;1;5;5;9;16;3;12;18;
*07AH#G2~24~H2O;s;s;;;;;15.07.55;1;1;4;1;431;;4;7;3;6;1;5;5;9;16;3;12;18;
a09BH=~~~~4~A2O;s;;;;;;15.07.55;1;1;4;1;431;;4;7;3;6;1;5;5;9;16;3;12;18;
*p09:06;;;;;;;15.08.05;1;1;4;1;435;;4;7;3;6;1;5;5;9;16;3;12;18;
*z6;;;;;;;15.08.05;1;6;4;1;443;;7;3;6;1;5;4;5;9;16;3;12;18;
*07SQ-~~~17~~~N;;;;;;;15.08.16;1;6;4;1;456;;7;3;6;1;5;4;5;9;16;3;12;18;
a09RQ#~~~17;;;;;;;15.08.16;1;6;4;1;456;;7;3;6;1;5;4;5;9;16;3;12;18;
a03ET+K1F;;;;;;;15.08.16;1;6;4;1;456;;7;3;6;1;5;4;5;9;16;3;12;18;
a09AT#W4~47~H1X;s;r;;;;;15.08.22;1;6;4;1;459;;7;3;6;1;5;4;5;9;16;3;12;18;
*14DT=~~~47~S;s;;;;;;15.08.22;1;6;4;1;459;;7;3;6;1;5;4;5;9;16;3;12;18;
ap09:07;;;;;;;15.08.26;1;6;4;1;463;;7;3;6;1;5;4;5;9;16;3;12;18;
az3;;;;;;;15.08.26;1;6;3;1;464;;7;3;6;1;5;4;9;16;3;12;18;5;
a09SM+~~~17;;;;;;;15.08.36;1;6;3;1;476;;7;3;6;1;5;4;9;16;3;12;18;5;
*01RM-~~~17;;;;;;;15.08.36;1;6;3;1;476;;7;3;6;1;5;4;9;16;3;12;18;5;
*04EH+~~B;;;;;;;15.08.36;1;6;3;1;476;;7;3;6;1;5;4;9;16;3;12;18;5;
*06AH-G2~27~T2;;r;;;;;15.08.41;1;6;3;1;479;;7;3;6;1;5;4;9;16;3;12;18;5;
a10DH+~~~27~S;;;;;;;15.08.41;1;6;3;1;479;;7;3;6;1;5;4;9;16;3;12;18;5;
a09EH+~~B;;;;;;;15.08.41;1;6;3;1;479;;7;3;6;1;5;4;9;16;3;12;18;5;
a05AH+G9~96~H2;;p;;;;;15.08.41;1;6;3;1;482;;7;3;6;1;5;4;9;16;3;12;18;5;
*03BH-~~~~4~~2;;;;;;;15.08.41;1;6;3;1;482;;7;3;6;1;5;4;9;16;3;12;18;5;
a03DH+;;;;;;;15.08.41;1;6;3;1;482;;7;3;6;1;5;4;9;16;3;12;18;5;
a16EH+~~F~4;;;;;;;15.08.46;1;6;3;1;482;;7;3;6;1;5;4;9;16;3;12;18;5;
a12AH+G4~42~T2C;;p;;;;;15.08.46;1;6;3;1;485;;7;3;6;1;5;4;9;16;3;12;18;5;
*06BH-~~~~2~A2;;;;;;;15.08.46;1;6;3;1;485;;7;3;6;1;5;4;9;16;3;12;18;5;
a10DH+;;;;;;;15.08.46;1;6;3;1;485;;7;3;6;1;5;4;9;16;3;12;18;5;
a03ET+~~F;;;;;;;15.08.46;1;6;3;1;485;;7;3;6;1;5;4;9;16;3;12;18;5;
a12AT#W4~42~H1O;p;p;;;;;15.08.54;1;6;3;1;489;;7;3;6;1;5;4;9;16;3;12;18;5;
*06BT=~~~~2~A1O;p;;;;;;15.08.54;1;6;3;1;489;;7;3;6;1;5;4;9;16;3;12;18;5;
ap09:08;;;;;;;15.08.59;1;6;3;1;493;;7;3;6;1;5;4;9;16;3;12;18;5;
a09SM-~~~17;;;;;;;15.09.10;1;6;3;1;509;;7;3;6;1;5;4;9;16;3;12;18;5;
*01RM+~~~17~O~~32;;;;;;;15.09.10;1;6;3;1;509;;7;3;6;1;5;4;9;16;3;12;18;5;
*04ET+K1F;;;;;;;15.09.22;1;6;3;1;509;;7;3;6;1;5;4;9;16;3;12;18;5;
*01AT-W4~44~H2;;r;;;;;15.09.13;1;6;3;1;512;;7;3;6;1;5;4;9;16;3;12;18;5;
a12DT+~~~44;;;;;;;15.09.13;1;6;3;1;512;;7;3;6;1;5;4;9;16;3;12;18;5;
a10EH+~~F;;;;;;;15.09.13;1;6;3;1;512;;7;3;6;1;5;4;9;16;3;12;18;5;
a12AH-G4~45~H2;;p;;;;;15.09.18;1;6;3;1;515;;7;3;6;1;5;4;9;16;3;12;18;5;
*14DH+~~~45;;;;;;;15.09.18;1;6;3;1;515;;7;3;6;1;5;4;9;16;3;12;18;5;
*04EH/~~~~4;;;;;;;15.09.18;1;6;3;1;515;;7;3;6;1;5;4;9;16;3;12;18;5;
a09FH#;;;;;;;15.09.25;1;6;3;1;518;;7;3;6;1;5;4;9;16;3;12;18;5;
a03EQ+~~C;;;;;;;15.09.25;1;6;3;1;518;;7;3;6;1;5;4;9;16;3;12;18;5;
a16AQ#J1~35~H2;p;p;;;;;15.09.28;1;6;3;1;522;;7;3;6;1;5;4;9;16;3;12;18;5;
*14DQ=~~~35~S;p;;;;;;15.09.28;1;6;3;1;522;;7;3;6;1;5;4;9;16;3;12;18;5;
ap09:09;;;;;;;15.09.32;1;6;3;1;526;;7;3;6;1;5;4;9;16;3;12;18;5;
a09SM-~~~17;;;;;;;15.09.42;1;6;3;1;541;;7;3;6;1;5;4;9;16;3;12;18;5;
*01RM#~~~17~O;;;;;;;15.09.42;1;6;3;1;541;;7;3;6;1;5;4;9;16;3;12;18;5;
*04EQ+K1C;;;;;;;15.09.42;1;6;3;1;541;;7;3;6;1;5;4;9;16;3;12;18;5;
*03AQ=J4~39~H1S;p;r;;;;;15.09.45;1;6;3;1;544;;7;3;6;1;5;4;9;16;3;12;18;5;
a$$&H#;p;;;;;;15.09.45;1;6;3;1;544;;7;3;6;1;5;4;9;16;3;12;18;5;
ap09:10;;;;;;;15.09.50;1;6;3;1;548;;7;3;6;1;5;4;9;16;3;12;18;5;
*T;;;;;;;15.09.50;1;6;3;1;548;;7;3;6;1;5;4;9;16;3;12;18;5;
a09SM-~~~18;;;;;;;15.10.58;1;6;3;1;616;;7;3;6;1;5;4;9;16;3;12;18;5;
*14RM+~~~18~~~~21;;;;;;;15.10.58;1;6;3;1;616;;7;3;6;1;5;4;9;16;3;12;18;5;
*04ET+K1B;;;;;;;15.10.58;1;6;3;1;616;;7;3;6;1;5;4;9;16;3;12;18;5;
*06AT#W2~24~H2O;s;r;;;;;15.11.02;1;6;3;1;619;;7;3;6;1;5;4;9;16;3;12;18;5;
a16BT=~~~~4~A2O;s;;;;;;15.11.02;1;6;3;1;619;;7;3;6;1;5;4;9;16;3;12;18;5;
*p10:10;;;;;;;15.11.05;1;6;3;1;623;;7;3;6;1;5;4;9;16;3;12;18;5;
*z5;;;;;;;15.11.05;1;5;3;1;623;;3;6;1;5;4;7;9;16;3;12;18;5;
*03SM!~~~58;;;;;;;15.11.17;1;5;3;1;637;;3;6;1;5;4;7;9;16;3;12;18;5;
a09RM!~~~58~~~~22;;;;;;;15.11.17;1;5;3;1;637;;3;6;1;5;4;7;9;16;3;12;18;5;
a03EQ+KBC~~~~~~K1;;;;;;;15.11.17;1;5;3;1;637;;3;6;1;5;4;7;9;16;3;12;18;5;
a16AQ-J4~33~T1;;r;;;;;15.11.23;1;5;3;1;640;;3;6;1;5;4;7;9;16;3;12;18;5;
*03DQ+~~~~3;;;;;;;15.11.23;1;5;3;1;640;;3;6;1;5;4;7;9;16;3;12;18;5;
*05AH+G3~33~H1;;p;;;;;15.11.27;1;5;3;1;643;;3;6;1;5;4;7;9;16;3;12;18;5;
a16BH-~~~~3~~1;;;;;;;15.11.27;1;5;3;1;643;;3;6;1;5;4;7;9;16;3;12;18;5;
*04DH+;;;;;;;15.11.27;1;5;3;1;643;;3;6;1;5;4;7;9;16;3;12;18;5;
*04EH+~~B;;;;;;;15.11.27;1;5;3;1;643;;3;6;1;5;4;7;9;16;3;12;18;5;
*06AH#G2~21~H2S;p;p;;;;;15.11.27;1;5;3;1;646;;3;6;1;5;4;7;9;16;3;12;18;5;
a12BH=~~~~4~A2O;p;;;;;;15.11.27;1;5;3;1;646;;3;6;1;5;4;7;9;16;3;12;18;5;
*p11:10;;;;;;;15.11.39;1;5;3;1;650;;3;6;1;5;4;7;9;16;3;12;18;5;
*03SM!~~~56;;;;;;;15.11.48;1;5;3;1;666;;3;6;1;5;4;7;9;16;3;12;18;5;
a10RM!~~~56~~~~22;;;;;;;15.11.48;1;5;3;1;666;;3;6;1;5;4;7;9;16;3;12;18;5;
a03ET+KBB~~~~~~KE;;;;;;;15.11.48;1;5;3;1;666;;3;6;1;5;4;7;9;16;3;12;18;5;
a05AT-Y9~99~H2;;r;;;;;15.11.54;1;5;3;1;669;;3;6;1;5;4;7;9;16;3;12;18;5;
*06DT+~~~99;;;;;;;15.11.54;1;5;3;1;669;;3;6;1;5;4;7;9;16;3;12;18;5;
*04EH+~~B;;;;;;;15.11.54;1;5;3;1;669;;3;6;1;5;4;7;9;16;3;12;18;5;
*06AH+G2~24~H2C;;p;;;;;15.11.56;1;5;3;1;672;;3;6;1;5;4;7;9;16;3;12;18;5;
a16BH-~~~~4~A2;;;;;;;15.11.56;1;5;3;1;672;;3;6;1;5;4;7;9;16;3;12;18;5;
*07DH+;;;;;;;15.11.56;1;5;3;1;672;;3;6;1;5;4;7;9;16;3;12;18;5;
*04ET+~~F;;;;;;;15.11.56;1;5;3;1;672;;3;6;1;5;4;7;9;16;3;12;18;5;
*01AT#W4~41~H1X;p;p;;;;;15.11.59;1;5;3;1;675;;3;6;1;5;4;7;9;16;3;12;18;5;
a05DT=~~~41~S;p;;;;;;15.11.59;1;5;3;1;675;;3;6;1;5;4;7;9;16;3;12;18;5;
*p12:10;;;;;;;15.12.05;1;5;3;1;679;;3;6;1;5;4;7;9;16;3;12;18;5;
*03SM-~~~56;;;;;;;15.12.20;1;5;3;1;699;;3;6;1;5;4;7;9;16;3;12;18;5;
a10RM#~~~56~O;;;;;;;15.12.20;1;5;3;1;699;;3;6;1;5;4;7;9;16;3;12;18;5;
a03ET+K1F;;;;;;;15.12.20;1;5;3;1;699;;3;6;1;5;4;7;9;16;3;12;18;5;
a12AT#W4~41~H1X;s;r;;;;;15.12.20;1;5;3;1;702;;3;6;1;5;4;7;9;16;3;12;18;5;
*04DT=~~~41~S;s;;;;;;15.12.20;1;5;3;1;702;;3;6;1;5;4;7;9;16;3;12;18;5;
ap12:11;;;;;;;15.12.27;1;5;3;1;706;;3;6;1;5;4;7;9;16;3;12;18;5;
az2;;;;;;;15.12.27;1;5;2;1;705;;3;6;1;5;4;7;16;3;12;18;5;9;
a16SM-~~~11;;;;;;;15.12.43;1;5;2;1;722;;3;6;1;5;4;7;16;3;12;18;5;9;
*14RM+~~~11~O~~31;;;;;;;15.12.43;1;5;2;1;722;;3;6;1;5;4;7;16;3;12;18;5;9;
*04EH=KCC~~~1;p;;;;;;15.12.49;1;5;2;1;722;;3;6;1;5;4;7;16;3;12;18;5;9;
a$$&H#;p;;;;;;15.12.49;1;5;2;1;722;;3;6;1;5;4;7;16;3;12;18;5;9;
ap12:12;;;;;;;15.12.53;1;5;2;1;726;;3;6;1;5;4;7;16;3;12;18;5;9;
a16SM/~~~56;;;;;;;15.13.01;1;5;2;1;741;;3;6;1;5;4;7;16;3;12;18;5;9;
*07RM/~~~56~M;;;;;;;15.13.01;1;5;2;1;741;;3;6;1;5;4;7;16;3;12;18;5;9;
a12AO#V4~4~~T0X;p;p;;;;;15.13.08;1;5;2;1;743;;3;6;1;5;4;7;16;3;12;18;5;9;
*$$&H=;p;;;;;;15.13.08;1;5;2;1;743;;3;6;1;5;4;7;16;3;12;18;5;9;
ap12:13;;;;;;;15.13.13;1;5;2;1;747;;3;6;1;5;4;7;16;3;12;18;5;9;
a16SM-~~~11;;;;;;;15.13.20;1;5;2;1;760;;3;6;1;5;4;7;16;3;12;18;5;9;
*14RM#~~~11~O;;;;;;;15.13.20;1;5;2;1;760;;3;6;1;5;4;7;16;3;12;18;5;9;
*04ET+K1F;;;;;;;15.13.20;1;5;2;1;760;;3;6;1;5;4;7;16;3;12;18;5;9;
*01AT-W4~42~H1C;;r;;;;;15.13.25;1;5;2;1;763;;3;6;1;5;4;7;16;3;12;18;5;9;
a03BT+~~~~2~A1;;;;;;;15.13.25;1;5;2;1;763;;3;6;1;5;4;7;16;3;12;18;5;9;
a12DH+~~~44~B;;;;;;;15.13.27;1;5;2;1;763;;3;6;1;5;4;7;16;3;12;18;5;9;
a03ET+~~F;;;;;;;15.13.27;1;5;2;1;763;;3;6;1;5;4;7;16;3;12;18;5;9;
a12AT#W4~41~H1F;p;p;;;;;15.13.28;1;5;2;1;766;;3;6;1;5;4;7;16;3;12;18;5;9;
*04DT=~~~41~S;p;;;;;;15.13.28;1;5;2;1;766;;3;6;1;5;4;7;16;3;12;18;5;9;
ap12:14;;;;;;;15.13.31;1;5;2;1;770;;3;6;1;5;4;7;16;3;12;18;5;9;
a16SM/~~~11;;;;;;;15.13.46;1;5;2;1;785;;3;6;1;5;4;7;16;3;12;18;5;9;
*14RM/~~~11~O;;;;;;;15.13.46;1;5;2;1;785;;3;6;1;5;4;7;16;3;12;18;5;9;
a18AO#V3~3~~T0X;p;p;;;;;15.13.50;1;5;2;1;787;;3;6;1;5;4;7;16;3;12;18;5;9;
*$$&H=;p;;;;;;15.13.50;1;5;2;1;787;;3;6;1;5;4;7;16;3;12;18;5;9;
ap12:15;;;;;;;15.14.04;1;5;2;1;791;;3;6;1;5;4;7;16;3;12;18;5;9;
*T;;;;;;;15.14.04;1;5;2;1;802;;3;6;1;5;4;7;16;3;12;18;5;9;
a16SM-~~~11;;;;;;;15.15.04;1;5;2;1;865;;3;6;1;5;4;7;16;3;12;18;5;9;
*14RM+~~~11~~~~32;;;;;;;15.15.04;1;5;2;1;865;;3;6;1;5;4;7;16;3;12;18;5;9;
*04ET+K1B;;;;;;;15.15.04;1;5;2;1;865;;3;6;1;5;4;7;16;3;12;18;5;9;
*06AT!W2~24~H2A;;r;;;;;15.15.09;1;5;2;1;868;;3;6;1;5;4;7;16;3;12;18;5;9;
a12BT/~~~~4~A2A;s;;;;;;15.15.09;1;5;2;1;868;;3;6;1;5;4;7;16;3;12;18;5;9;
*$$&H#;s;;;;;;15.15.09;1;5;2;1;868;;3;6;1;5;4;7;16;3;12;18;5;9;
*p13:15;;;;;;;15.15.37;1;5;2;1;872;;3;6;1;5;4;7;16;3;12;18;5;9;
*z4;;;;;;;15.15.37;1;4;2;1;895;;6;1;5;4;7;3;16;3;12;18;5;9;
*06SQ!~~~16;;;;;;;15.15.44;1;4;2;1;903;;6;1;5;4;7;3;16;3;12;18;5;9;
a10RQ!~~~16~~~~42;;;;;;;15.15.44;1;4;2;1;903;;6;1;5;4;7;3;16;3;12;18;5;9;
a03ET+K7B~~~~~~K1;;;;;;;15.15.44;1;4;2;1;903;;6;1;5;4;7;3;16;3;12;18;5;9;
a05AT-Y9~95~H2;;r;;;;;15.15.51;1;4;2;1;906;;6;1;5;4;7;3;16;3;12;18;5;9;
*07DT+~~~95~S;;;;;;;15.15.51;1;4;2;1;906;;6;1;5;4;7;3;16;3;12;18;5;9;
*04ET+~~F;;;;;;;15.15.51;1;4;2;1;906;;6;1;5;4;7;3;16;3;12;18;5;9;
*01AT+W4~42~H2C;;p;;;;;15.15.53;1;4;2;1;909;;6;1;5;4;7;3;16;3;12;18;5;9;
a03BT-~~~~2~A2;;;;;;;15.15.53;1;4;2;1;909;;6;1;5;4;7;3;16;3;12;18;5;9;
*14FH+;;;;;;;15.15.56;1;4;2;1;912;;6;1;5;4;7;3;16;3;12;18;5;9;
*04ET+;;;;;;;15.15.56;1;4;2;1;912;;6;1;5;4;7;3;16;3;12;18;5;9;
*06AT#Y9~94~H2S;p;p;;;;;15.15.58;1;4;2;1;916;;6;1;5;4;7;3;16;3;12;18;5;9;
a12BT=~~~~4~A2S;p;;;;;;15.15.58;1;4;2;1;916;;6;1;5;4;7;3;16;3;12;18;5;9;
*p14:15;;;;;;;15.16.01;1;4;2;1;920;;6;1;5;4;7;3;16;3;12;18;5;9;
*06SQ-~~~16~~~N;;;;;;;15.16.24;1;4;2;1;944;;6;1;5;4;7;3;16;3;12;18;5;9;
a09RQ#~~~16;;;;;;;15.16.24;1;4;2;1;944;;6;1;5;4;7;3;16;3;12;18;5;9;
a03EQ+K1C;;;;;;;15.16.24;1;4;2;1;944;;6;1;5;4;7;3;16;3;12;18;5;9;
a18AQ#J4~39~H1X;s;r;;;;;15.16.29;1;4;2;1;947;;6;1;5;4;7;3;16;3;12;18;5;9;
*06DQ=~~~39~S;s;;;;;;15.16.29;1;4;2;1;947;;6;1;5;4;7;3;16;3;12;18;5;9;
ap14:16;;;;;;;15.16.33;1;4;2;1;951;;6;1;5;4;7;3;16;3;12;18;5;9;
az1;;;;;;;15.16.33;1;4;1;1;951;;6;1;5;4;7;3;3;12;18;5;9;16;
a03SM-~~~19;;;;;;;15.16.44;1;4;1;1;964;;6;1;5;4;7;3;3;12;18;5;9;16;
*14RM#~~~19;;;;;;;15.16.44;1;4;1;1;964;;6;1;5;4;7;3;3;12;18;5;9;16;
*04ET+K1P;;;;;;;15.16.44;1;4;1;1;964;;6;1;5;4;7;3;3;12;18;5;9;16;
*07AT#Y8~86~H0X;s;r;;;;;15.16.49;1;4;1;1;967;;6;1;5;4;7;3;3;12;18;5;9;16;
a09DT=~~~86~S;s;;;;;;15.16.49;1;4;1;1;967;;6;1;5;4;7;3;3;12;18;5;9;16;
*p15:16;;;;;;;15.16.53;1;4;1;1;971;;6;1;5;4;7;3;3;12;18;5;9;16;
*z3;;;;;;;15.16.53;1;3;1;1;971;;1;5;4;7;3;6;3;12;18;5;9;16;
*01SQ=~~~11~~~O;s;;;;;;15.17.15;1;3;1;1;995;;1;5;4;7;3;6;3;12;18;5;9;16;
a$$&H#;s;;;;;;15.17.15;1;3;1;1;995;;1;5;4;7;3;6;3;12;18;5;9;16;
ap15:17;;;;;;;15.17.19;1;3;1;1;999;;1;5;4;7;3;6;3;12;18;5;9;16;
az6;;;;;;;15.17.19;1;3;6;1;997;;1;5;4;7;3;6;12;18;5;9;16;3;
a12SQ=~~~56~~~O;s;;;;;;15.17.34;1;3;6;1;1012;;1;5;4;7;3;6;12;18;5;9;16;3;
*$$&H#;s;;;;;;15.17.34;1;3;6;1;1012;;1;5;4;7;3;6;12;18;5;9;16;3;
*p16:17;;;;;;;15.17.36;1;3;6;1;1015;;1;5;4;7;3;6;12;18;5;9;16;3;
*z2;;;;;;;15.17.36;1;2;6;1;1014;;5;4;7;3;6;1;12;18;5;9;16;3;
*05SM+~~~56;;;;;;;15.17.55;1;2;6;1;1035;;5;4;7;3;6;1;12;18;5;9;16;3;
a10RM-~~~56;;;;;;;15.17.55;1;2;6;1;1035;;5;4;7;3;6;1;12;18;5;9;16;3;
a03ET+~~F;;;;;;;15.17.55;1;2;6;1;1035;;5;4;7;3;6;1;12;18;5;9;16;3;
a09AT+W4~42~H2C;;r;;;;;15.18.02;1;2;6;1;1038;;5;4;7;3;6;1;12;18;5;9;16;3;
*04BT-~~~~2~A2;;;;;;;15.18.02;1;2;6;1;1038;;5;4;7;3;6;1;12;18;5;9;16;3;
a10DH+;;;;;;;15.18.02;1;2;6;1;1038;;5;4;7;3;6;1;12;18;5;9;16;3;
a03EQ+~~C;;;;;;;15.18.02;1;2;6;1;1038;;5;4;7;3;6;1;12;18;5;9;16;3;
a18AQ-J4~37~H1;;s;;;;;15.18.04;1;2;6;1;1041;;5;4;7;3;6;1;12;18;5;9;16;3;
*05DQ+~~~37~S;;;;;;;15.18.04;1;2;6;1;1041;;5;4;7;3;6;1;12;18;5;9;16;3;
*04ET+~~F;;;;;;;15.18.04;1;2;6;1;1041;;5;4;7;3;6;1;12;18;5;9;16;3;
*07AT#W4~42~H2S;p;p;;;;;15.18.07;1;2;6;1;1044;;5;4;7;3;6;1;12;18;5;9;16;3;
a05BT=~~~~2~A2S;p;;;;;;15.18.07;1;2;6;1;1044;;5;4;7;3;6;1;12;18;5;9;16;3;
*p17:17;;;;;;;15.18.10;1;2;6;1;1048;;5;4;7;3;6;1;12;18;5;9;16;3;
*05SM+~~~55;;;;;;;15.18.29;1;2;6;1;1069;;5;4;7;3;6;1;12;18;5;9;16;3;
a09RM-~~~55;;;;;;;15.18.29;1;2;6;1;1069;;5;4;7;3;6;1;12;18;5;9;16;3;
a03ET+~~B;;;;;;;15.18.29;1;2;6;1;1069;;5;4;7;3;6;1;12;18;5;9;16;3;
a05AT=W2~25~H2O;p;r;;;;;15.18.34;1;2;6;1;1072;;5;4;7;3;6;1;12;18;5;9;16;3;
*$$&H#;p;;;;;;15.18.34;1;2;6;1;1072;;5;4;7;3;6;1;12;18;5;9;16;3;
*p18:17;;;;;;;15.18.38;1;2;6;1;1076;;5;4;7;3;6;1;12;18;5;9;16;3;
aT;;;;;;;15.18.38;1;2;6;1;1076;;5;4;7;3;6;1;12;18;5;9;16;3;
*05SM-~~~55;;;;;;;15.20.02;1;2;6;1;1162;;5;4;7;3;6;1;12;18;5;9;16;3;
a10RM#~~~55~O;;;;;;;15.20.02;1;2;6;1;1162;;5;4;7;3;6;1;12;18;5;9;16;3;
a03ET+K1P;;;;;;;15.20.02;1;2;6;1;1162;;5;4;7;3;6;1;12;18;5;9;16;3;
a12AT#Y8~86~H0X;s;r;;;;;15.20.07;1;2;6;1;1165;;5;4;7;3;6;1;12;18;5;9;16;3;
*01DT=~~~86~S;s;;;;;;15.20.07;1;2;6;1;1165;;5;4;7;3;6;1;12;18;5;9;16;3;
ap18:18;;;;;;;15.20.10;1;2;6;1;1169;;5;4;7;3;6;1;12;18;5;9;16;3;
az5;;;;;;;15.20.10;1;2;5;1;1168;;5;4;7;3;6;1;18;5;9;16;3;12;
a18SM-~~~51;;;;;;;15.20.29;1;2;5;1;1184;;5;4;7;3;6;1;18;5;9;16;3;12;
*14RM+~~~51~O~~32;;;;;;;15.20.29;1;2;5;1;1184;;5;4;7;3;6;1;18;5;9;16;3;12;
*04ET+K1B;;;;;;;15.20.29;1;2;5;1;1184;;5;4;7;3;6;1;18;5;9;16;3;12;
*06AT#Y9~94~H2X;s;r;;;;;15.20.34;1;2;5;1;1187;;5;4;7;3;6;1;18;5;9;16;3;12;
a09BT=~~~~4~A2S;s;;;;;;15.20.34;1;2;5;1;1187;;5;4;7;3;6;1;18;5;9;16;3;12;
*p19:18;;;;;;;15.20.45;1;2;5;1;1191;;5;4;7;3;6;1;18;5;9;16;3;12;
*z1;;;;;;;15.20.45;1;1;5;1;1203;;4;7;3;6;1;5;18;5;9;16;3;12;
*04SM-~~~19;;;;;;;15.20.48;1;1;5;1;1209;;4;7;3;6;1;5;18;5;9;16;3;12;
a10RM#~~~19;;;;;;;15.20.48;1;1;5;1;1209;;4;7;3;6;1;5;18;5;9;16;3;12;
a03ET+K1P;;;;;;;15.20.48;1;1;5;1;1209;;4;7;3;6;1;5;18;5;9;16;3;12;
a12AT#Y8~88~T0X;s;r;;;;;15.20.54;1;1;5;1;1212;;4;7;3;6;1;5;18;5;9;16;3;12;
*01DT=~~~88~E~E;s;;;;;;15.20.54;1;1;5;1;1212;;4;7;3;6;1;5;18;5;9;16;3;12;
ap19:19;;;;;;;15.20.58;1;1;5;1;1216;;4;7;3;6;1;5;18;5;9;16;3;12;
az4;;;;;;;15.20.58;1;1;4;1;1216;;4;7;3;6;1;5;5;9;16;3;12;18;
a05SQ+~~~11;;;;;;;15.21.16;1;1;4;1;1236;;4;7;3;6;1;5;5;9;16;3;12;18;
*14RQ-~~~11;;;;;;;15.21.16;1;1;4;1;1236;;4;7;3;6;1;5;5;9;16;3;12;18;
*07EH+~~F~4;;;;;;;15.21.22;1;1;4;1;1236;;4;7;3;6;1;5;5;9;16;3;12;18;
*06AH-G4~45~H3;;r;;;;;15.21.23;1;1;4;1;1239;;4;7;3;6;1;5;5;9;16;3;12;18;
a12DH+~~~45~S;;;;;;;15.21.23;1;1;4;1;1239;;4;7;3;6;1;5;5;9;16;3;12;18;
a03ET+;;;;;;;15.21.23;1;1;4;1;1239;;4;7;3;6;1;5;5;9;16;3;12;18;
a05AT/Y9~94~H2A;s;p;;;;;15.21.27;1;1;4;1;1242;;4;7;3;6;1;5;5;9;16;3;12;18;
*06BT#~~~~4~A2A;s;;;;;;15.21.27;1;1;4;1;1242;;4;7;3;6;1;5;5;9;16;3;12;18;
*p20:19;;;;;;;15.21.36;1;1;4;1;1246;;4;7;3;6;1;5;5;9;16;3;12;18;
*z6;;;;;;;15.21.36;1;6;4;1;1254;;7;3;6;1;5;4;5;9;16;3;12;18;
*07SQ=~~~61~~~O;s;;;;;;15.21.49;1;6;4;1;1268;;7;3;6;1;5;4;5;9;16;3;12;18;
a$$&H#;s;;;;;;15.21.49;1;6;4;1;1268;;7;3;6;1;5;4;5;9;16;3;12;18;
ap20:20;;;;;;;15.21.54;1;6;4;1;1274;;7;3;6;1;5;4;5;9;16;3;12;18;
az3;;;;;;;15.21.54;1;6;3;1;1272;;7;3;6;1;5;4;9;16;3;12;18;5;
a09SM-~~~16;;;;;;;15.22.03;1;6;3;1;1283;;7;3;6;1;5;4;9;16;3;12;18;5;
*14RM#~~~16~O;;;;;;;15.22.03;1;6;3;1;1283;;7;3;6;1;5;4;9;16;3;12;18;5;
*04ET+K3P;;;;;;;15.22.03;1;6;3;1;1283;;7;3;6;1;5;4;9;16;3;12;18;5;
*07AT#Y8~81~H0X;s;r;;;;;15.22.09;1;6;3;1;1286;;7;3;6;1;5;4;9;16;3;12;18;5;
a05DT=~~~81~S;s;;;;;;15.22.09;1;6;3;1;1286;;7;3;6;1;5;4;9;16;3;12;18;5;
*p21:20;;;;;;;15.22.13;1;6;3;1;1290;;7;3;6;1;5;4;9;16;3;12;18;5;
*z5;;;;;;;15.22.13;1;5;3;1;1291;;3;6;1;5;4;7;9;16;3;12;18;5;
*c03:15;;;;;;;15.22.13;1;5;3;1;1291;;15;6;1;5;4;7;9;16;3;12;18;5;
*15SM-~~~56;;;;;;;15.22.40;1;5;3;1;1321;;15;6;1;5;4;7;9;16;3;12;18;5;
a09RM#~~~56;;;;;;;15.22.40;1;5;3;1;1321;;15;6;1;5;4;7;9;16;3;12;18;5;
a03EQ+K3C;;;;;;;15.22.40;1;5;3;1;1321;;15;6;1;5;4;7;9;16;3;12;18;5;
a16AQ-J3~33~H1C;;r;;;;;15.22.46;1;5;3;1;1324;;15;6;1;5;4;7;9;16;3;12;18;5;
*01BQ+~~~~3~T1;;;;;;;15.22.46;1;5;3;1;1324;;15;6;1;5;4;7;9;16;3;12;18;5;
*04DH+;;;;;;;15.22.46;1;5;3;1;1324;;15;6;1;5;4;7;9;16;3;12;18;5;
*15EH+~~F~4;;;;;;;15.22.46;1;5;3;1;1324;;15;6;1;5;4;7;9;16;3;12;18;5;
*01AH+G4~47~H2;;p;;;;;15.22.50;1;5;3;1;1327;;15;6;1;5;4;7;9;16;3;12;18;5;
a10DH/~~~47~S;;;;;;;15.22.50;1;5;3;1;1327;;15;6;1;5;4;7;9;16;3;12;18;5;
*04EQ+~~C;;;;;;;15.22.50;1;5;3;1;1327;;15;6;1;5;4;7;9;16;3;12;18;5;
*05AQ#J1~35~H1X;p;p;;;;;15.22.53;1;5;3;1;1330;;15;6;1;5;4;7;9;16;3;12;18;5;
a10DQ=~~~35~S;p;;;;;;15.22.53;1;5;3;1;1330;;15;6;1;5;4;7;9;16;3;12;18;5;
*p22:20;;;;;;;15.22.57;1;5;3;1;1334;;15;6;1;5;4;7;9;16;3;12;18;5;
*15SM!~~~56;;;;;;;15.23.21;1;5;3;1;1361;;15;6;1;5;4;7;9;16;3;12;18;5;
a10RM!~~~56~O~~34;;;;;;;15.23.21;1;5;3;1;1361;;15;6;1;5;4;7;9;16;3;12;18;5;
a03ET+K7F;;;;;;;15.23.21;1;5;3;1;1361;;15;6;1;5;4;7;9;16;3;12;18;5;
a12AT+W4~47~H2;;r;;;;;15.23.26;1;5;3;1;1364;;15;6;1;5;4;7;9;16;3;12;18;5;
*15DT/~~~47~S;;;;;;;15.23.26;1;5;3;1;1364;;15;6;1;5;4;7;9;16;3;12;18;5;
a10FH#;;;;;;;15.23.29;1;5;3;1;1365;;15;6;1;5;4;7;9;16;3;12;18;5;
a03ET+~~F;;;;;;;15.23.29;1;5;3;1;1365;;15;6;1;5;4;7;9;16;3;12;18;5;
a12AT/W4~4~~H2A;p;s;;;;;15.23.31;1;5;3;1;1368;;15;6;1;5;4;7;9;16;3;12;18;5;
*06BT#~~~~2~A2A;p;;;;;;15.23.31;1;5;3;1;1368;;15;6;1;5;4;7;9;16;3;12;18;5;
*p23:20;;;;;;;15.23.36;1;5;3;1;1372;;15;6;1;5;4;7;9;16;3;12;18;5;
aT;;;;;;;15.23.36;1;5;3;1;1374;;15;6;1;5;4;7;9;16;3;12;18;5;
*15SM#~~~56;p;;;;;;15.24.47;1;5;3;1;1446;;15;6;1;5;4;7;9;16;3;12;18;5;
a10RM=~~~56~W;p;;;;;;15.24.47;1;5;3;1;1446;;15;6;1;5;4;7;9;16;3;12;18;5;
*p24:20;;;;;;;15.24.54;1;5;3;1;1450;;15;6;1;5;4;7;9;16;3;12;18;5;
*15SM!~~~56;;;;;;;15.25.13;1;5;3;1;1473;;15;6;1;5;4;7;9;16;3;12;18;5;
a10RM!~~~56~~~~31;;;;;;;15.25.13;1;5;3;1;1473;;15;6;1;5;4;7;9;16;3;12;18;5;
a03EQ+KCC;;;;;;;15.25.13;1;5;3;1;1473;;15;6;1;5;4;7;9;16;3;12;18;5;
a16AQ-J4~33~T;;r;;;;;15.25.18;1;5;3;1;1476;;15;6;1;5;4;7;9;16;3;12;18;5;
*05BH+;;;;;;;15.25.18;1;5;3;1;1476;;15;6;1;5;4;7;9;16;3;12;18;5;
*01DQ/~~~33;;;;;;;15.25.18;1;5;3;1;1476;;15;6;1;5;4;7;9;16;3;12;18;5;
a16AO!V3~33~H1A;;s;;;;;15.25.21;1;5;3;1;1478;;15;6;1;5;4;7;9;16;3;12;18;5;
*05BO/~~~~3~A1A;s;;;;;;15.25.21;1;5;3;1;1478;;15;6;1;5;4;7;9;16;3;12;18;5;
a$$&H#;s;;;;;;15.25.21;1;5;3;1;1478;;15;6;1;5;4;7;9;16;3;12;18;5;
ap24:21;;;;;;;15.25.30;1;5;3;1;1482;;15;6;1;5;4;7;9;16;3;12;18;5;
az2;;;;;;;15.25.30;1;5;2;1;1488;;15;6;1;5;4;7;16;3;12;18;5;9;
*c15:03;;;;;;;15.25.30;1;5;2;1;1488;;3;6;1;5;4;7;16;3;12;18;5;9;
a16SM!~~~16;;;;;;;15.25.41;1;5;2;1;1501;;3;6;1;5;4;7;16;3;12;18;5;9;
*07RM!~~~16~~~~31;;;;;;;15.25.41;1;5;2;1;1501;;3;6;1;5;4;7;16;3;12;18;5;9;
*04ET+KCB~~~1;;;;;;;15.25.41;1;5;2;1;1501;;3;6;1;5;4;7;16;3;12;18;5;9;
*06AT#W2~24~T2;s;r;;;;;15.25.47;1;5;2;1;1504;;3;6;1;5;4;7;16;3;12;18;5;9;
a16DT=~~~24~E~E;s;;;;;;15.25.47;1;5;2;1;1504;;3;6;1;5;4;7;16;3;12;18;5;9;
*p25:21;;;;;;;15.25.56;1;5;2;1;1508;;3;6;1;5;4;7;16;3;12;18;5;9;
**1set;;;;;;;15.25.56;2;5;2;1;1514;;;;;;;;;;;;;;
*P04>LUp;;;;;;;15.25.56;2;5;2;1;1514;;7;3;6;1;5;4;9;16;3;12;18;5;
*z6>LUp;;;;;;;15.25.56;2;6;2;1;1514;;7;3;6;1;5;4;9;16;3;12;18;5;
aP03>LUp;;;;;;;15.25.56;2;6;2;1;1514;;7;3;6;1;5;4;9;16;3;12;18;5;
az3>LUp;;;;;;;15.25.56;2;6;3;1;1514;;7;3;6;1;5;4;9;16;3;12;18;5;
*07SQ/~~~65;;;;;;;15.30.56;2;6;3;1;1816;;7;3;6;1;5;4;9;16;3;12;18;5;
a12RQ/~~~65~W;;;;;;;15.30.56;2;6;3;1;1816;;7;3;6;1;5;4;9;16;3;12;18;5;
*01AO/V3~33~H1A;s;p;;;;;15.31.01;2;6;3;1;1818;;7;3;6;1;5;4;9;16;3;12;18;5;
a03BO#~~~~3~A1A;s;;;;;;15.31.01;2;6;3;1;1818;;7;3;6;1;5;4;9;16;3;12;18;5;
ap00:01;;;;;;;15.31.04;2;6;3;1;1822;;7;3;6;1;5;4;9;16;3;12;18;5;
az2;;;;;;;15.31.04;2;6;2;1;1822;;7;3;6;1;5;4;16;3;12;18;5;9;
a16SM!~~~16;;;;;;;15.31.04;2;6;2;1;1836;;7;3;6;1;5;4;16;3;12;18;5;9;
*07RM!~~~16~~~~22;;;;;;;15.31.04;2;6;2;1;1836;;7;3;6;1;5;4;16;3;12;18;5;9;
*04ET+KBB~~~~~~K3;;;;;;;15.31.04;2;6;2;1;1836;;7;3;6;1;5;4;16;3;12;18;5;9;
*06AT#W2~25~H2;s;r;;;;;15.31.18;2;6;2;1;1839;;7;3;6;1;5;4;16;3;12;18;5;9;
a16DT=~~~25~~~F;s;;;;;;15.31.18;2;6;2;1;1839;;7;3;6;1;5;4;16;3;12;18;5;9;
*p01:01;;;;;;;15.31.32;2;6;2;1;1843;;7;3;6;1;5;4;16;3;12;18;5;9;
*z5;;;;;;;15.31.32;2;5;2;1;1850;;3;6;1;5;4;7;16;3;12;18;5;9;
*03SM=~~~5~~~~N;s;;;;;;15.31.39;2;5;2;1;1858;;3;6;1;5;4;7;16;3;12;18;5;9;
a$$&H#;s;;;;;;15.31.39;2;5;2;1;1858;;3;6;1;5;4;7;16;3;12;18;5;9;
ap01:02;;;;;;;15.31.43;2;5;2;1;1862;;3;6;1;5;4;7;16;3;12;18;5;9;
az1;;;;;;;15.31.43;2;5;1;1;1861;;3;6;1;5;4;7;3;12;18;5;9;16;
a03SQ+~~~67;;;;;;;15.31.57;2;5;1;1;1875;;3;6;1;5;4;7;3;12;18;5;9;16;
*05RQ-~~~67;;;;;;;15.31.57;2;5;1;1;1875;;3;6;1;5;4;7;3;12;18;5;9;16;
*05AH#G3~33~P1F;s;r;;;;;15.32.04;2;5;1;1;1878;;3;6;1;5;4;7;3;12;18;5;9;16;
a18BH=~~~~3~A1F;s;;;;;;15.32.04;2;5;1;1;1878;;3;6;1;5;4;7;3;12;18;5;9;16;
*p02:02;;;;;;;15.32.10;2;5;1;1;1882;;3;6;1;5;4;7;3;12;18;5;9;16;
*z4;;;;;;;15.32.10;2;4;1;1;1888;;6;1;5;4;7;3;3;12;18;5;9;16;
*06SQ-~~~16;;;;;;;15.32.24;2;4;1;1;1904;;6;1;5;4;7;3;3;12;18;5;9;16;
a10RQ+~~~16~~~~32;;;;;;;15.32.24;2;4;1;1;1904;;6;1;5;4;7;3;3;12;18;5;9;16;
a03EQ+K1C;;;;;;;15.32.24;2;4;1;1;1904;;6;1;5;4;7;3;3;12;18;5;9;16;
a18AQ/J2~33~H1T;p;r;;;;;15.32.30;2;4;1;1;1907;;6;1;5;4;7;3;3;12;18;5;9;16;
*05BQ#~~~~3~T1T;p;;;;;;15.32.30;2;4;1;1;1907;;6;1;5;4;7;3;3;12;18;5;9;16;
*p03:02;;;;;;;15.32.33;2;4;1;1;1911;;6;1;5;4;7;3;3;12;18;5;9;16;
*06SQ-~~~65;;;;;;;15.32.53;2;4;1;1;1933;;6;1;5;4;7;3;3;12;18;5;9;16;
a09RQ#~~~65;;;;;;;15.32.53;2;4;1;1;1933;;6;1;5;4;7;3;3;12;18;5;9;16;
a03EQ+K1C;;;;;;;15.32.53;2;4;1;1;1933;;6;1;5;4;7;3;3;12;18;5;9;16;
a18AQ#J4~39~H1X;s;r;;;;;15.32.59;2;4;1;1;1936;;6;1;5;4;7;3;3;12;18;5;9;16;
*06DQ=~~~39~S;s;;;;;;15.32.59;2;4;1;1;1936;;6;1;5;4;7;3;3;12;18;5;9;16;
ap03:03;;;;;;;15.33.02;2;4;1;1;1940;;6;1;5;4;7;3;3;12;18;5;9;16;
az6;;;;;;;15.33.02;2;4;6;1;1940;;6;1;5;4;7;3;12;18;5;9;16;3;
a12SQ-~~~55;;;;;;;15.33.15;2;4;6;1;1955;;6;1;5;4;7;3;12;18;5;9;16;3;
*01RQ+~~~55~~~~32;;;;;;;15.33.15;2;4;6;1;1955;;6;1;5;4;7;3;12;18;5;9;16;3;
*04ET+K1P;;;;;;;15.33.21;2;4;6;1;1955;;6;1;5;4;7;3;12;18;5;9;16;3;
*07AT-Y8~86~H1;;r;;;;;15.33.20;2;4;6;1;1958;;6;1;5;4;7;3;12;18;5;9;16;3;
a12DT+~~~86~S;;;;;;;15.33.20;2;4;6;1;1958;;6;1;5;4;7;3;12;18;5;9;16;3;
a10EH/~~~~8;;;;;;;15.33.20;2;4;6;1;1958;;6;1;5;4;7;3;12;18;5;9;16;3;
*06FH+;;;;;;;15.33.25;2;4;6;1;1961;;6;1;5;4;7;3;12;18;5;9;16;3;
*04ET+~~B;;;;;;;15.33.25;2;4;6;1;1961;;6;1;5;4;7;3;12;18;5;9;16;3;
*06AT+Y9~94~H2C;;s;;;;;15.33.27;2;4;6;1;1964;;6;1;5;4;7;3;12;18;5;9;16;3;
a09BT-~~~~4~A2;;;;;;;15.33.27;2;4;6;1;1964;;6;1;5;4;7;3;12;18;5;9;16;3;
*04DH+;;;;;;;15.33.27;2;4;6;1;1964;;6;1;5;4;7;3;12;18;5;9;16;3;
*14EH+~~F;;;;;;;15.33.27;2;4;6;1;1964;;6;1;5;4;7;3;12;18;5;9;16;3;
*01AH/G4~42~H3A;p;s;;;;;15.33.30;2;4;6;1;1968;;6;1;5;4;7;3;12;18;5;9;16;3;
a09BH#~~~~2~A3A;p;;;;;;15.33.30;2;4;6;1;1968;;6;1;5;4;7;3;12;18;5;9;16;3;
ap03:04;;;;;;;15.33.37;2;4;6;1;1972;;6;1;5;4;7;3;12;18;5;9;16;3;
a12SQ!~~~55;;;;;;;15.33.49;2;4;6;1;1988;;6;1;5;4;7;3;12;18;5;9;16;3;
*01RQ!~~~55~~~~32;;;;;;;15.33.49;2;4;6;1;1988;;6;1;5;4;7;3;12;18;5;9;16;3;
*04ET+K8F;;;;;;;15.33.49;2;4;6;1;1988;;6;1;5;4;7;3;12;18;5;9;16;3;
*01AT#W4~48AP2;s;r;;;;;15.33.53;2;4;6;1;1991;;6;1;5;4;7;3;12;18;5;9;16;3;
a12DT=~~~48AE~E;s;;;;;;15.33.53;2;4;6;1;1991;;6;1;5;4;7;3;12;18;5;9;16;3;
*p04:04;;;;;;;15.33.57;2;4;6;1;1995;;6;1;5;4;7;3;12;18;5;9;16;3;
*z3;;;;;;;15.33.57;2;3;6;1;1995;;1;5;4;7;3;6;12;18;5;9;16;3;
*01SQ!~~~56;;;;;;;15.34.12;2;3;6;1;2013;;1;5;4;7;3;6;12;18;5;9;16;3;
a10RQ!~~~56~~~~32;;;;;;;15.34.12;2;3;6;1;2013;;1;5;4;7;3;6;12;18;5;9;16;3;
a03ET+K8F;;;;;;;15.34.12;2;3;6;1;2013;;1;5;4;7;3;6;12;18;5;9;16;3;
a09AT#W4~48AT2X;s;r;;;;;15.34.18;2;3;6;1;2016;;1;5;4;7;3;6;12;18;5;9;16;3;
*01DT=~~~48AE~E;s;;;;;;15.34.18;2;3;6;1;2016;;1;5;4;7;3;6;12;18;5;9;16;3;
ap04:05;;;;;;;15.34.22;2;3;6;1;2020;;1;5;4;7;3;6;12;18;5;9;16;3;
az5;;;;;;;15.34.22;2;3;5;1;2020;;1;5;4;7;3;6;18;5;9;16;3;12;
a18SM!~~~51;;;;;;;15.34.34;2;3;5;1;2034;;1;5;4;7;3;6;18;5;9;16;3;12;
*01RM!~~~51~O~~32;;;;;;;15.34.34;2;3;5;1;2034;;1;5;4;7;3;6;18;5;9;16;3;12;
*04EQ+KCC;;;;;;;15.34.34;2;3;5;1;2034;;1;5;4;7;3;6;18;5;9;16;3;12;
*05AQ/J3~33~H2T;p;r;;;;;15.34.40;2;3;5;1;2037;;1;5;4;7;3;6;18;5;9;16;3;12;
a09BQ#~~~~3~T2T;p;;;;;;15.34.40;2;3;5;1;2037;;1;5;4;7;3;6;18;5;9;16;3;12;
ap04:06;;;;;;;15.34.44;2;3;5;1;2041;;1;5;4;7;3;6;18;5;9;16;3;12;
a18SM+~~~51;;;;;;;15.34.51;2;3;5;1;2052;;1;5;4;7;3;6;18;5;9;16;3;12;
*01RM-~~~51~O;;;;;;;15.34.51;2;3;5;1;2052;;1;5;4;7;3;6;18;5;9;16;3;12;
*05EH+~~F~4;;;;;;;15.34.51;2;3;5;1;2052;;1;5;4;7;3;6;18;5;9;16;3;12;
*07AH#G4~45~H2X;s;r;;;;;15.34.57;2;3;5;1;2055;;1;5;4;7;3;6;18;5;9;16;3;12;
a18DH=~~~45~S;s;;;;;;15.34.57;2;3;5;1;2055;;1;5;4;7;3;6;18;5;9;16;3;12;
*p05:06;;;;;;;15.35.01;2;3;5;1;2059;;1;5;4;7;3;6;18;5;9;16;3;12;
*z2;;;;;;;15.35.01;2;2;5;1;2059;;5;4;7;3;6;1;18;5;9;16;3;12;
*05SM-~~~51;;;;;;;15.35.20;2;2;5;1;2080;;5;4;7;3;6;1;18;5;9;16;3;12;
a10RM+~~~51~O;;;;;;;15.35.20;2;2;5;1;2080;;5;4;7;3;6;1;18;5;9;16;3;12;
a03EQ+KCC;;;;;;;15.35.20;2;2;5;1;2080;;5;4;7;3;6;1;18;5;9;16;3;12;
a16AQ-J4~32~T1C;;r;;;;;15.35.26;2;2;5;1;2083;;5;4;7;3;6;1;18;5;9;16;3;12;
*03BQ+~~~~3~~1;;;;;;;15.35.26;2;2;5;1;2083;;5;4;7;3;6;1;18;5;9;16;3;12;
*04DQ+~~~32~B;;;;;;;15.35.26;2;2;5;1;2083;;5;4;7;3;6;1;18;5;9;16;3;12;
*14EH+;;;;;;;15.35.26;2;2;5;1;2083;;5;4;7;3;6;1;18;5;9;16;3;12;
*06AH/G9~94~H3A;s;p;;;;;15.35.30;2;2;5;1;2086;;5;4;7;3;6;1;18;5;9;16;3;12;
a16BH#~~~~4~A3A;s;;;;;;15.35.30;2;2;5;1;2086;;5;4;7;3;6;1;18;5;9;16;3;12;
ap05:07;;;;;;;15.35.35;2;2;5;1;2090;;5;4;7;3;6;1;18;5;9;16;3;12;
az4;;;;;;;15.35.35;2;2;4;1;2093;;5;4;7;3;6;1;5;9;16;3;12;18;
a05SQ!~~~65~~~N;;;;;;;15.35.51;2;2;4;1;2111;;5;4;7;3;6;1;5;9;16;3;12;18;
*07RQ!~~~65~~~~32;;;;;;;15.35.51;2;2;4;1;2111;;5;4;7;3;6;1;5;9;16;3;12;18;
*04ET+K1F;;;;;;;15.35.51;2;2;4;1;2111;;5;4;7;3;6;1;5;9;16;3;12;18;
*07AT-W4~42~H2C;;r;;;;;15.35.57;2;2;4;1;2114;;5;4;7;3;6;1;5;9;16;3;12;18;
a16BT+~~~~2~A2;;;;;;;15.35.57;2;2;4;1;2114;;5;4;7;3;6;1;5;9;16;3;12;18;
a09DH+;;;;;;;15.35.59;2;2;4;1;2114;;5;4;7;3;6;1;5;9;16;3;12;18;
a03ET+~~B;;;;;;;15.35.59;2;2;4;1;2114;;5;4;7;3;6;1;5;9;16;3;12;18;
a05AT-Y9~96~H2;;p;;;;;15.36.01;2;2;4;1;2117;;5;4;7;3;6;1;5;9;16;3;12;18;
*01DT+~~~96~C;;;;;;;15.36.01;2;2;4;1;2117;;5;4;7;3;6;1;5;9;16;3;12;18;
*04EH+~~B;;;;;;;15.36.01;2;2;4;1;2117;;5;4;7;3;6;1;5;9;16;3;12;18;
*05AH#G9~94~H1F;s;s;;;;;15.36.04;2;2;4;1;2120;;5;4;7;3;6;1;5;9;16;3;12;18;
a09BH=~~~~4~A1F;s;;;;;;15.36.04;2;2;4;1;2120;;5;4;7;3;6;1;5;9;16;3;12;18;
*p06:07;;;;;;;15.36.13;2;2;4;1;2124;;5;4;7;3;6;1;5;9;16;3;12;18;
*z1;;;;;;;15.36.13;2;1;4;1;2131;;4;7;3;6;1;5;5;9;16;3;12;18;
*04SM-~~~11;;;;;;;15.36.26;2;1;4;1;2145;;4;7;3;6;1;5;5;9;16;3;12;18;
a10RM#~~~11~O;;;;;;;15.36.26;2;1;4;1;2145;;4;7;3;6;1;5;5;9;16;3;12;18;
a03ET#K1B;;;;;;;15.36.26;2;1;4;1;2145;;4;7;3;6;1;5;5;9;16;3;12;18;
a05AT=Y9~96~H0O;p;r;;;;;15.36.31;2;1;4;1;2148;;4;7;3;6;1;5;5;9;16;3;12;18;
*$$&H#;p;;;;;;15.36.31;2;1;4;1;2148;;4;7;3;6;1;5;5;9;16;3;12;18;
*p07:07;;;;;;;15.36.34;2;1;4;1;2152;;4;7;3;6;1;5;5;9;16;3;12;18;
*04SM!~~~56;;;;;;;15.37.12;2;1;4;1;2189;;4;7;3;6;1;5;5;9;16;3;12;18;
a10RM!~~~56~O;;;;;;;15.37.12;2;1;4;1;2189;;4;7;3;6;1;5;5;9;16;3;12;18;
a03EQ+KCC~~~1;;;;;;;15.37.12;2;1;4;1;2189;;4;7;3;6;1;5;5;9;16;3;12;18;
a16AQ-J4~38~T2;;r;;;;;15.37.16;2;1;4;1;2192;;4;7;3;6;1;5;5;9;16;3;12;18;
*14DQ+~~~38~E;;;;;;;15.37.16;2;1;4;1;2192;;4;7;3;6;1;5;5;9;16;3;12;18;
*07EH+~~B;;;;;;;15.37.16;2;1;4;1;2192;;4;7;3;6;1;5;5;9;16;3;12;18;
*06AH#G2~25~H3X;p;p;;;;;15.37.19;2;1;4;1;2195;;4;7;3;6;1;5;5;9;16;3;12;18;
a12DH=~~~25~S;p;;;;;;15.37.19;2;1;4;1;2195;;4;7;3;6;1;5;5;9;16;3;12;18;
*p08:07;;;;;;;15.37.23;2;1;4;1;2199;;4;7;3;6;1;5;5;9;16;3;12;18;
*04SM-~~~11;;;;;;;15.37.40;2;1;4;1;2219;;4;7;3;6;1;5;5;9;16;3;12;18;
a10RM#~~~11~O;;;;;;;15.37.40;2;1;4;1;2219;;4;7;3;6;1;5;5;9;16;3;12;18;
a03ET+K1B;;;;;;;15.37.40;2;1;4;1;2219;;4;7;3;6;1;5;5;9;16;3;12;18;
a05AT#Y9~95~H1X;s;r;;;;;15.37.45;2;1;4;1;2222;;4;7;3;6;1;5;5;9;16;3;12;18;
*14DT=~~~95~S;s;;;;;;15.37.45;2;1;4;1;2222;;4;7;3;6;1;5;5;9;16;3;12;18;
ap08:08;;;;;;;15.37.50;2;1;4;1;2226;;4;7;3;6;1;5;5;9;16;3;12;18;
az3;;;;;;;15.37.50;2;1;3;1;2228;;4;7;3;6;1;5;9;16;3;12;18;5;
a09SM!~~~17;;;;;;;15.38.03;2;1;3;1;2243;;4;7;3;6;1;5;9;16;3;12;18;5;
*01RM!~~~17~O~~32;;;;;;;15.38.03;2;1;3;1;2243;;4;7;3;6;1;5;9;16;3;12;18;5;
*04ET+KCF;;;;;;;15.38.03;2;1;3;1;2243;;4;7;3;6;1;5;9;16;3;12;18;5;
*07AT#W4~41~H1X;s;r;;;;;15.38.10;2;1;3;1;2246;;4;7;3;6;1;5;9;16;3;12;18;5;
a05DT=~~~41~S;s;;;;;;15.38.10;2;1;3;1;2246;;4;7;3;6;1;5;9;16;3;12;18;5;
*p09:08;;;;;;;15.38.16;2;1;3;1;2250;;4;7;3;6;1;5;9;16;3;12;18;5;
*z6;;;;;;;15.38.16;2;6;3;1;2254;;7;3;6;1;5;4;9;16;3;12;18;5;
*07SQ-~~~61;;;;;;;15.38.28;2;6;3;1;2267;;7;3;6;1;5;4;9;16;3;12;18;5;
a09RQ+~~~61~~~~34;;;;;;;15.38.28;2;6;3;1;2267;;7;3;6;1;5;4;9;16;3;12;18;5;
a03EQ+KFC;;;;;;;15.38.28;2;6;3;1;2267;;7;3;6;1;5;4;9;16;3;12;18;5;
a16AQ-J4~36~H1;;r;;;;;15.38.34;2;6;3;1;2270;;7;3;6;1;5;4;9;16;3;12;18;5;
*07DQ+~~~36~S;;;;;;;15.38.34;2;6;3;1;2270;;7;3;6;1;5;4;9;16;3;12;18;5;
*04ET+~~B;;;;;;;15.38.34;2;6;3;1;2270;;7;3;6;1;5;4;9;16;3;12;18;5;
*06AT#W2~24~H2O;p;p;;;;;15.38.38;2;6;3;1;2273;;7;3;6;1;5;4;9;16;3;12;18;5;
a12BT=~~~~4~A2O;p;;;;;;15.38.38;2;6;3;1;2273;;7;3;6;1;5;4;9;16;3;12;18;5;
*p10:08;;;;;;;15.38.42;2;6;3;1;2277;;7;3;6;1;5;4;9;16;3;12;18;5;
*07SQ+~~~65;;;;;;;15.38.57;2;6;3;1;2296;;7;3;6;1;5;4;9;16;3;12;18;5;
a12RQ-~~~65;;;;;;;15.38.57;2;6;3;1;2296;;7;3;6;1;5;4;9;16;3;12;18;5;
a03EH+~~F;;;;;;;15.38.57;2;6;3;1;2296;;7;3;6;1;5;4;9;16;3;12;18;5;
a12AH-G4~47~H2;;r;;;;;15.39.02;2;6;3;1;2299;;7;3;6;1;5;4;9;16;3;12;18;5;
*14DH+~~~47;;;;;;;15.39.02;2;6;3;1;2299;;7;3;6;1;5;4;9;16;3;12;18;5;
*04ET+~~P;;;;;;;15.39.02;2;6;3;1;2299;;7;3;6;1;5;4;9;16;3;12;18;5;
*07AT#Y8~86AH1;p;p;;;;;15.39.06;2;6;3;1;2302;;7;3;6;1;5;4;9;16;3;12;18;5;
a05DT=~~~86AS;p;;;;;;15.39.06;2;6;3;1;2302;;7;3;6;1;5;4;9;16;3;12;18;5;
*p11:08;;;;;;;15.39.10;2;6;3;1;2306;;7;3;6;1;5;4;9;16;3;12;18;5;
aT;;;;;;;15.39.10;2;6;3;1;2308;;7;3;6;1;5;4;9;16;3;12;18;5;
*07SQ/~~~65;;;;;;;15.40.25;2;6;3;1;2385;;7;3;6;1;5;4;9;16;3;12;18;5;
a12RQ/~~~65~W;;;;;;;15.40.25;2;6;3;1;2385;;7;3;6;1;5;4;9;16;3;12;18;5;
*06FH+;;;;;;;15.40.30;2;6;3;1;2387;;7;3;6;1;5;4;9;16;3;12;18;5;
*04ET+~~B;;;;;;;15.40.30;2;6;3;1;2387;;7;3;6;1;5;4;9;16;3;12;18;5;
*06AT-W2~29~H2;;p;;;;;15.40.32;2;6;3;1;2390;;7;3;6;1;5;4;9;16;3;12;18;5;
a05DT+~~~29~S;;;;;;;15.40.32;2;6;3;1;2390;;7;3;6;1;5;4;9;16;3;12;18;5;
a03EH+~~F;;;;;;;15.40.32;2;6;3;1;2390;;7;3;6;1;5;4;9;16;3;12;18;5;
a12AH#G4~45~H2X;s;s;;;;;15.40.34;2;6;3;1;2393;;7;3;6;1;5;4;9;16;3;12;18;5;
*14DH=~~~45~S;s;;;;;;15.40.34;2;6;3;1;2393;;7;3;6;1;5;4;9;16;3;12;18;5;
ap11:09;;;;;;;15.40.38;2;6;3;1;2397;;7;3;6;1;5;4;9;16;3;12;18;5;
az2;;;;;;;15.40.38;2;6;2;1;2396;;7;3;6;1;5;4;16;3;12;18;5;9;
a16SM!~~~15;;;;;;;15.40.52;2;6;2;1;2413;;7;3;6;1;5;4;16;3;12;18;5;9;
*14RM!~~~15~O~~31;;;;;;;15.40.52;2;6;2;1;2413;;7;3;6;1;5;4;16;3;12;18;5;9;
*04EQ+KCC~~~1;;;;;;;15.40.52;2;6;2;1;2413;;7;3;6;1;5;4;16;3;12;18;5;9;
*03AQ+J3~33~T1C;;r;;;;;15.40.58;2;6;2;1;2416;;7;3;6;1;5;4;16;3;12;18;5;9;
a12BQ-~~~~3~T1;;;;;;;15.40.58;2;6;2;1;2416;;7;3;6;1;5;4;16;3;12;18;5;9;
*06DH+;;;;;;;15.40.58;2;6;2;1;2416;;7;3;6;1;5;4;16;3;12;18;5;9;
*04ET+~~F;;;;;;;15.40.58;2;6;2;1;2416;;7;3;6;1;5;4;16;3;12;18;5;9;
*01AT=W4~41DT2O;p;s;;;;;15.41.05;2;6;2;1;2419;;7;3;6;1;5;4;16;3;12;18;5;9;
a$$&H#;p;;;;;;15.41.05;2;6;2;1;2419;;7;3;6;1;5;4;16;3;12;18;5;9;
ap11:10;;;;;;;15.41.11;2;6;2;1;2423;;7;3;6;1;5;4;16;3;12;18;5;9;
a16SM-~~~17;;;;;;;15.41.16;2;6;2;1;2436;;7;3;6;1;5;4;16;3;12;18;5;9;
*01RM+~~~17~O~~31;;;;;;;15.41.16;2;6;2;1;2436;;7;3;6;1;5;4;16;3;12;18;5;9;
*04ET+KCF;;;;;;;15.41.16;2;6;2;1;2436;;7;3;6;1;5;4;16;3;12;18;5;9;
*01AT#W4~47~H1X;s;r;;;;;15.41.20;2;6;2;1;2439;;7;3;6;1;5;4;16;3;12;18;5;9;
a16DT=~~~47~S;s;;;;;;15.41.20;2;6;2;1;2439;;7;3;6;1;5;4;16;3;12;18;5;9;
*p12:10;;;;;;;15.41.24;2;6;2;1;2443;;7;3;6;1;5;4;16;3;12;18;5;9;
*z5;;;;;;;15.41.24;2;5;2;1;2442;;3;6;1;5;4;7;16;3;12;18;5;9;
*03SM/~~~59;;;;;;;15.41.36;2;5;2;1;2457;;3;6;1;5;4;7;16;3;12;18;5;9;
a10RM/~~~59~W;;;;;;;15.41.36;2;5;2;1;2457;;3;6;1;5;4;7;16;3;12;18;5;9;
*07FH+;;;;;;;15.41.36;2;5;2;1;2459;;3;6;1;5;4;7;16;3;12;18;5;9;
*04EQ+~~C;;;;;;;15.41.36;2;5;2;1;2459;;3;6;1;5;4;7;16;3;12;18;5;9;
*05AQ+J4~39~H2;;p;;;;;15.41.48;2;5;2;1;2462;;3;6;1;5;4;7;16;3;12;18;5;9;
a05DQ/~~~39~S;;;;;;;15.41.48;2;5;2;1;2462;;3;6;1;5;4;7;16;3;12;18;5;9;
*04ET+;;;;;;;15.41.48;2;5;2;1;2462;;3;6;1;5;4;7;16;3;12;18;5;9;
*06FH+;;;;;;;15.41.48;2;5;2;1;2465;;3;6;1;5;4;7;16;3;12;18;5;9;
*01AT#W4~41~P1O;p;p;;;;;15.41.50;2;5;2;1;2469;;3;6;1;5;4;7;16;3;12;18;5;9;
a03BT=~~~~2~A1O;p;;;;;;15.41.50;2;5;2;1;2469;;3;6;1;5;4;7;16;3;12;18;5;9;
*p13:10;;;;;;;15.42.00;2;5;2;1;2473;;3;6;1;5;4;7;16;3;12;18;5;9;
*03SM-~~~51;;;;;;;15.42.22;2;5;2;1;2502;;3;6;1;5;4;7;16;3;12;18;5;9;
a10RM#~~~51~O;;;;;;;15.42.22;2;5;2;1;2502;;3;6;1;5;4;7;16;3;12;18;5;9;
a03ET#K1B;;;;;;;15.42.22;2;5;2;1;2502;;3;6;1;5;4;7;16;3;12;18;5;9;
a05AT=Y9~95DH1O;p;r;;;;;15.42.27;2;5;2;1;2505;;3;6;1;5;4;7;16;3;12;18;5;9;
*$$&H#;p;;;;;;15.42.27;2;5;2;1;2505;;3;6;1;5;4;7;16;3;12;18;5;9;
*p14:10;;;;;;;15.42.32;2;5;2;1;2509;;3;6;1;5;4;7;16;3;12;18;5;9;
ac05:07;;;;;;;15.42.32;2;5;2;1;2510;;3;6;1;5;4;7;16;3;12;18;7;9;
*03SM+~~~58;;;;;;;15.42.47;2;5;2;1;2527;;3;6;1;5;4;7;16;3;12;18;7;9;
a09RM-~~~58;;;;;;;15.42.47;2;5;2;1;2527;;3;6;1;5;4;7;16;3;12;18;7;9;
a03ET+~~F;;;;;;;15.42.47;2;5;2;1;2527;;3;6;1;5;4;7;16;3;12;18;7;9;
a12AT#W4~45~H2F;s;r;;;;;15.42.53;2;5;2;1;2530;;3;6;1;5;4;7;16;3;12;18;7;9;
*03DT=~~~45~B;s;;;;;;15.42.53;2;5;2;1;2530;;3;6;1;5;4;7;16;3;12;18;7;9;
ap14:11;;;;;;;15.43.01;2;5;2;1;2534;;3;6;1;5;4;7;16;3;12;18;7;9;
az1;;;;;;;15.43.01;2;5;1;1;2539;;3;6;1;5;4;7;3;12;18;7;9;16;
a03SQ!~~~16;;;;;;;15.43.11;2;5;1;1;2550;;3;6;1;5;4;7;3;12;18;7;9;16;
*07RQ!~~~16~~~~32;;;;;;;15.43.11;2;5;1;1;2550;;3;6;1;5;4;7;3;12;18;7;9;16;
*04ET+K8B;;;;;;;15.43.11;2;5;1;1;2550;;3;6;1;5;4;7;3;12;18;7;9;16;
*06AT#W2~24~H2S;s;r;;;;;15.43.16;2;5;1;1;2553;;3;6;1;5;4;7;3;12;18;7;9;16;
a18BT=~~~~4~A2S;s;;;;;;15.43.16;2;5;1;1;2553;;3;6;1;5;4;7;3;12;18;7;9;16;
*p15:11;;;;;;;15.43.21;2;5;1;1;2557;;3;6;1;5;4;7;3;12;18;7;9;16;
*z4;;;;;;;15.43.21;2;4;1;1;2559;;6;1;5;4;7;3;3;12;18;7;9;16;
*06SQ=~~~15~~~O;s;;;;;;15.43.44;2;4;1;1;2584;;6;1;5;4;7;3;3;12;18;7;9;16;
a$$&H#;s;;;;;;15.43.44;2;4;1;1;2584;;6;1;5;4;7;3;3;12;18;7;9;16;
ap15:12;;;;;;;15.43.47;2;4;1;1;2587;;6;1;5;4;7;3;3;12;18;7;9;16;
az6;;;;;;;15.43.47;2;4;6;1;2585;;6;1;5;4;7;3;12;18;7;9;16;3;
a12SQ-~~~55;;;;;;;15.44.01;2;4;6;1;2601;;6;1;5;4;7;3;12;18;7;9;16;3;
*01RQ#~~~55;;;;;;;15.44.01;2;4;6;1;2601;;6;1;5;4;7;3;12;18;7;9;16;3;
*04EQ+K1C;;;;;;;15.44.01;2;4;6;1;2601;;6;1;5;4;7;3;12;18;7;9;16;3;
*05AQ=J1~37~H1S;p;r;;;;;15.44.04;2;4;6;1;2604;;6;1;5;4;7;3;12;18;7;9;16;3;
a$$&H#;p;;;;;;15.44.04;2;4;6;1;2604;;6;1;5;4;7;3;12;18;7;9;16;3;
ap15:13;;;;;;;15.44.07;2;4;6;1;2608;;6;1;5;4;7;3;12;18;7;9;16;3;
a12SQ+~~~58;;;;;;;15.44.22;2;4;6;1;2622;;6;1;5;4;7;3;12;18;7;9;16;3;
*07RQ-~~~58;;;;;;;15.44.22;2;4;6;1;2622;;6;1;5;4;7;3;12;18;7;9;16;3;
*05EH+~~F~4;;;;;;;15.44.22;2;4;6;1;2622;;6;1;5;4;7;3;12;18;7;9;16;3;
*01AH=G4~41DP1O;p;r;;;;;15.44.34;2;4;6;1;2625;;6;1;5;4;7;3;12;18;7;9;16;3;
a$$&H#;p;;;;;;15.44.34;2;4;6;1;2625;;6;1;5;4;7;3;12;18;7;9;16;3;
ap15:14;;;;;;;15.44.37;2;4;6;1;2629;;6;1;5;4;7;3;12;18;7;9;16;3;
a12SQ-~~~55;;;;;;;15.44.46;2;4;6;1;2646;;6;1;5;4;7;3;12;18;7;9;16;3;
*01RQ+~~~55~~~~41;;;;;;;15.44.46;2;4;6;1;2646;;6;1;5;4;7;3;12;18;7;9;16;3;
*04ET+KFB;;;;;;;15.44.46;2;4;6;1;2646;;6;1;5;4;7;3;12;18;7;9;16;3;
*06AT-Y9~95~T2C;;r;;;;;15.44.46;2;4;6;1;2649;;6;1;5;4;7;3;12;18;7;9;16;3;
a18DT+~~~95;;;;;;;15.44.46;2;4;6;1;2649;;6;1;5;4;7;3;12;18;7;9;16;3;
a03ET+~~B;;;;;;;15.44.46;2;4;6;1;2649;;6;1;5;4;7;3;12;18;7;9;16;3;
a07AT-W2~23~T2~+;;p;;;;;15.44.55;2;4;6;1;2652;;6;1;5;4;7;3;12;18;7;9;16;3;
*04DT+~~~23~E;;;;;;;15.44.55;2;4;6;1;2652;;6;1;5;4;7;3;12;18;7;9;16;3;
*14EH+~~B;;;;;;;15.44.55;2;4;6;1;2652;;6;1;5;4;7;3;12;18;7;9;16;3;
*06AH#G9~95~T2X;s;s;;;;;15.44.59;2;4;6;1;2655;;6;1;5;4;7;3;12;18;7;9;16;3;
a10DH=~~~95~S;s;;;;;;15.44.59;2;4;6;1;2655;;6;1;5;4;7;3;12;18;7;9;16;3;
*p16:14;;;;;;;15.45.19;2;4;6;1;2659;;6;1;5;4;7;3;12;18;7;9;16;3;
*z3;;;;;;;15.45.19;2;3;6;1;2677;;1;5;4;7;3;6;12;18;7;9;16;3;
*01SQ-~~~11;;;;;;;15.45.23;2;3;6;1;2683;;1;5;4;7;3;6;12;18;7;9;16;3;
a12RQ+~~~11~~~~22;;;;;;;15.45.23;2;3;6;1;2683;;1;5;4;7;3;6;12;18;7;9;16;3;
a03ET+K1B;;;;;;;15.45.23;2;3;6;1;2683;;1;5;4;7;3;6;12;18;7;9;16;3;
a07AT#W2~21~H2;s;r;;;;;15.45.28;2;3;6;1;2686;;1;5;4;7;3;6;12;18;7;9;16;3;
*01DT=~~~21~S;s;;;;;;15.45.28;2;3;6;1;2686;;1;5;4;7;3;6;12;18;7;9;16;3;
ap16:15;;;;;;;15.45.32;2;3;6;1;2690;;1;5;4;7;3;6;12;18;7;9;16;3;
az5;;;;;;;15.45.32;2;3;5;1;2690;;1;5;4;7;3;6;18;7;9;16;3;12;
a18SM!~~~51;;;;;;;15.45.45;2;3;5;1;2704;;1;5;4;7;3;6;18;7;9;16;3;12;
*01RM!~~~51~~~~22;;;;;;;15.45.45;2;3;5;1;2704;;1;5;4;7;3;6;18;7;9;16;3;12;
*04ET+KBF~~~~~~K1;;;;;;;15.45.45;2;3;5;1;2704;;1;5;4;7;3;6;18;7;9;16;3;12;
*07AT#W4~46CH2;s;r;;;;;15.45.50;2;3;5;1;2707;;1;5;4;7;3;6;18;7;9;16;3;12;
a12DT=~~~46CS;s;;;;;;15.45.50;2;3;5;1;2707;;1;5;4;7;3;6;18;7;9;16;3;12;
*p17:15;;;;;;;15.45.54;2;3;5;1;2711;;1;5;4;7;3;6;18;7;9;16;3;12;
*z2;;;;;;;15.45.54;2;2;5;1;2712;;5;4;7;3;6;1;18;7;9;16;3;12;
*05SM=~~~5~~~~N;s;;;;;;15.46.12;2;2;5;1;2731;;5;4;7;3;6;1;18;7;9;16;3;12;
a$$&H#;s;;;;;;15.46.12;2;2;5;1;2731;;5;4;7;3;6;1;18;7;9;16;3;12;
ap17:16;;;;;;;15.46.15;2;2;5;1;2734;;5;4;7;3;6;1;18;7;9;16;3;12;
az4;;;;;;;15.46.15;2;2;4;1;2733;;5;4;7;3;6;1;7;9;16;3;12;18;
a07SQ-~~~11;;;;;;;15.46.40;2;2;4;1;2760;;5;4;7;3;6;1;7;9;16;3;12;18;
*14RQ+~~~11~~~~41;;;;;;;15.46.40;2;2;4;1;2760;;5;4;7;3;6;1;7;9;16;3;12;18;
*04ET+KFF;;;;;;;15.46.40;2;2;4;1;2760;;5;4;7;3;6;1;7;9;16;3;12;18;
*07AT-W4~42~H2C;;r;;;;;15.46.47;2;2;4;1;2763;;5;4;7;3;6;1;7;9;16;3;12;18;
a16BT+~~~~2~A2;;;;;;;15.46.47;2;2;4;1;2763;;5;4;7;3;6;1;7;9;16;3;12;18;
a10DT+~~~47~B;;;;;;;15.46.47;2;2;4;1;2763;;5;4;7;3;6;1;7;9;16;3;12;18;
a03ET+~~F;;;;;;;15.46.47;2;2;4;1;2763;;5;4;7;3;6;1;7;9;16;3;12;18;
a09AT#W4~42~T2F;p;p;;;;;15.46.51;2;2;4;1;2766;;5;4;7;3;6;1;7;9;16;3;12;18;
*03BT=~~~~2~A2F;p;;;;;;15.46.51;2;2;4;1;2766;;5;4;7;3;6;1;7;9;16;3;12;18;
ap17:17;;;;;;;15.46.54;2;2;4;1;2770;;5;4;7;3;6;1;7;9;16;3;12;18;
*T;;;;;;;15.46.54;2;2;4;1;2772;;5;4;7;3;6;1;7;9;16;3;12;18;
a07SQ+~~~16;;;;;;;15.48.06;2;2;4;1;2846;;5;4;7;3;6;1;7;9;16;3;12;18;
*01RQ-~~~16;;;;;;;15.48.06;2;2;4;1;2846;;5;4;7;3;6;1;7;9;16;3;12;18;
*07EH/~~~~9;;;;;;;15.48.12;2;2;4;1;2846;;5;4;7;3;6;1;7;9;16;3;12;18;
a12FH!;;;;;;;15.48.14;2;2;4;1;2849;;5;4;7;3;6;1;7;9;16;3;12;18;
a03ET+~~F;;;;;;;15.48.14;2;2;4;1;2849;;5;4;7;3;6;1;7;9;16;3;12;18;
a09AT/W4~42~H2A;s;p;;;;;15.48.18;2;2;4;1;2852;;5;4;7;3;6;1;7;9;16;3;12;18;
*03BT#~~~~2~A2A;s;;;;;;15.48.18;2;2;4;1;2852;;5;4;7;3;6;1;7;9;16;3;12;18;
*p18:17;;;;;;;15.48.32;2;2;4;1;2856;;5;4;7;3;6;1;7;9;16;3;12;18;
*z1;;;;;;;15.48.32;2;1;4;1;2870;;4;7;3;6;1;5;7;9;16;3;12;18;
*04SM-~~~17;;;;;;;15.48.43;2;1;4;1;2883;;4;7;3;6;1;5;7;9;16;3;12;18;
a09RM#~~~17;;;;;;;15.48.43;2;1;4;1;2883;;4;7;3;6;1;5;7;9;16;3;12;18;
a03ET+K1P;;;;;;;15.48.43;2;1;4;1;2883;;4;7;3;6;1;5;7;9;16;3;12;18;
a12AT#Y8~83~H2S;s;r;;;;;15.48.49;2;1;4;1;2886;;4;7;3;6;1;5;7;9;16;3;12;18;
*07BT=~~~~3~A2S;s;;;;;;15.48.49;2;1;4;1;2886;;4;7;3;6;1;5;7;9;16;3;12;18;
ap18:18;;;;;;;15.48.52;2;1;4;1;2890;;4;7;3;6;1;5;7;9;16;3;12;18;
az3;;;;;;;15.48.52;2;1;3;1;2890;;4;7;3;6;1;5;9;16;3;12;18;7;
a09SM-~~~15;;;;;;;15.49.02;2;1;3;1;2901;;4;7;3;6;1;5;9;16;3;12;18;7;
*01RM+~~~15~O~~21;;;;;;;15.49.02;2;1;3;1;2901;;4;7;3;6;1;5;9;16;3;12;18;7;
*04ET+KBF;;;;;;;15.49.02;2;1;3;1;2901;;4;7;3;6;1;5;9;16;3;12;18;7;
*06AT#W4~47~T2X;s;r;;;;;15.49.08;2;1;3;1;2904;;4;7;3;6;1;5;9;16;3;12;18;7;
a09DT=~~~47~E;s;;;;;;15.49.08;2;1;3;1;2904;;4;7;3;6;1;5;9;16;3;12;18;7;
*p19:18;;;;;;;15.49.12;2;1;3;1;2908;;4;7;3;6;1;5;9;16;3;12;18;7;
*z6;;;;;;;15.49.12;2;6;3;1;2910;;7;3;6;1;5;4;9;16;3;12;18;7;
*07SQ+~~~66;;;;;;;15.49.31;2;6;3;1;2931;;7;3;6;1;5;4;9;16;3;12;18;7;
a10RQ-~~~66;;;;;;;15.49.31;2;6;3;1;2931;;7;3;6;1;5;4;9;16;3;12;18;7;
a03EH+~~B;;;;;;;15.49.31;2;6;3;1;2931;;7;3;6;1;5;4;9;16;3;12;18;7;
a07AH+G9~94~H2C;;r;;;;;15.49.37;2;6;3;1;2934;;7;3;6;1;5;4;9;16;3;12;18;7;
*03BH-~~~~4~A2;;;;;;;15.49.37;2;6;3;1;2934;;7;3;6;1;5;4;9;16;3;12;18;7;
a16DH+;;;;;;;15.49.37;2;6;3;1;2934;;7;3;6;1;5;4;9;16;3;12;18;7;
a03ET+~~F;;;;;;;15.49.37;2;6;3;1;2934;;7;3;6;1;5;4;9;16;3;12;18;7;
a12AT+W4~42~T2C;;s;;;;;15.49.40;2;6;3;1;2937;;7;3;6;1;5;4;9;16;3;12;18;7;
*06BT-~~~~2~A2;;;;;;;15.49.40;2;6;3;1;2937;;7;3;6;1;5;4;9;16;3;12;18;7;
a10DH+;;;;;;;15.49.40;2;6;3;1;2937;;7;3;6;1;5;4;9;16;3;12;18;7;
a03EH+~~~~4;;;;;;;15.49.40;2;6;3;1;2937;;7;3;6;1;5;4;9;16;3;12;18;7;
a12AT-W4~47~H2;;s;;;;;15.49.40;2;6;3;1;2940;;7;3;6;1;5;4;9;16;3;12;18;7;
*14DT+~~~47~S;;;;;;;15.49.40;2;6;3;1;2940;;7;3;6;1;5;4;9;16;3;12;18;7;
*04ET+~~P;;;;;;;15.49.40;2;6;3;1;2940;;7;3;6;1;5;4;9;16;3;12;18;7;
*07AT-Y8~84~H2C;;p;;;;;15.49.48;2;6;3;1;2944;;7;3;6;1;5;4;9;16;3;12;18;7;
a16BT+~~~~3~A2;;;;;;;15.49.48;2;6;3;1;2944;;7;3;6;1;5;4;9;16;3;12;18;7;
a12DH+;;;;;;;15.49.48;2;6;3;1;2944;;7;3;6;1;5;4;9;16;3;12;18;7;
a03ET+~~F;;;;;;;15.49.48;2;6;3;1;2944;;7;3;6;1;5;4;9;16;3;12;18;7;
a12AT#W4~42~H2S;s;s;;;;;15.49.43;2;6;3;1;2947;;7;3;6;1;5;4;9;16;3;12;18;7;
*06BT=~~~~2~A2S;s;;;;;;15.49.43;2;6;3;1;2947;;7;3;6;1;5;4;9;16;3;12;18;7;
ap19:19;;;;;;;15.49.53;2;6;3;1;2951;;7;3;6;1;5;4;9;16;3;12;18;7;
az2;;;;;;;15.49.53;2;6;2;1;2951;;7;3;6;1;5;4;16;3;12;18;7;9;
a16SM+~~~15;;;;;;;15.50.12;2;6;2;1;2971;;7;3;6;1;5;4;16;3;12;18;7;9;
*14RM-~~~15;;;;;;;15.50.12;2;6;2;1;2971;;7;3;6;1;5;4;16;3;12;18;7;9;
*01EH+~~B~2;;;;;;;15.50.19;2;6;2;1;2971;;7;3;6;1;5;4;16;3;12;18;7;9;
*06AH#G2~29~H2X;s;r;;;;;15.50.20;2;6;2;1;2974;;7;3;6;1;5;4;16;3;12;18;7;9;
a07DH=~~~29~S;s;;;;;;15.50.20;2;6;2;1;2974;;7;3;6;1;5;4;16;3;12;18;7;9;
*p20:19;;;;;;;15.50.28;2;6;2;1;2978;;7;3;6;1;5;4;16;3;12;18;7;9;
*z5;;;;;;;15.50.28;2;5;2;1;2986;;3;6;1;5;4;7;16;3;12;18;7;9;
*c04:20;;;;;;;15.50.28;2;5;2;1;2986;;3;6;1;5;20;7;16;3;12;18;7;9;
*c03:15;;;;;;;15.50.28;2;5;2;1;2986;;15;6;1;5;20;7;16;3;12;18;7;9;
*P20;;;;;;;15.50.28;2;5;2;1;2986;;15;6;1;5;20;7;16;3;12;18;7;9;
*z5;;;;;;;15.50.28;2;5;2;1;2986;;15;6;1;5;20;7;16;3;12;18;7;9;
*15SM+~~~51;;;;;;;15.50.50;2;5;2;1;3010;;15;6;1;5;20;7;16;3;12;18;7;9;
a10RM-~~~51;;;;;;;15.50.50;2;5;2;1;3010;;15;6;1;5;20;7;16;3;12;18;7;9;
a03EH+~~F;;;;;;;15.50.50;2;5;2;1;3010;;15;6;1;5;20;7;16;3;12;18;7;9;
a12AH#G4~42~H3F;s;r;;;;;15.50.54;2;5;2;1;3013;;15;6;1;5;20;7;16;3;12;18;7;9;
*05BH=~~~~2~A3F;s;;;;;;15.50.54;2;5;2;1;3013;;15;6;1;5;20;7;16;3;12;18;7;9;
ap20:20;;;;;;;15.50.59;2;5;2;1;3017;;15;6;1;5;20;7;16;3;12;18;7;9;
az1;;;;;;;15.50.59;2;5;1;1;3017;;15;6;1;5;20;7;3;12;18;7;9;16;
*c20:04;;;;;;;15.50.59;2;5;1;1;3017;;15;6;1;5;4;7;3;12;18;7;9;16;
*c15:03;;;;;;;15.50.59;2;5;1;1;3017;;3;6;1;5;4;7;3;12;18;7;9;16;
*P4;;;;;;;15.50.59;2;5;1;1;3017;;3;6;1;5;4;7;3;12;18;7;9;16;
*z5;;;;;;;15.50.59;2;5;1;1;3017;;3;6;1;5;4;7;3;12;18;7;9;16;
a03SQ-~~~66;;;;;;;15.51.22;2;5;1;1;3040;;3;6;1;5;4;7;3;12;18;7;9;16;
*07RQ#~~~66;;;;;;;15.51.22;2;5;1;1;3040;;3;6;1;5;4;7;3;12;18;7;9;16;
*04ET+K1P;;;;;;;15.51.22;2;5;1;1;3040;;3;6;1;5;4;7;3;12;18;7;9;16;
*07AT#Y8~86~H0X;s;r;;;;;15.51.26;2;5;1;1;3043;;3;6;1;5;4;7;3;12;18;7;9;16;
a09DT=~~~86~S;s;;;;;;15.51.26;2;5;1;1;3043;;3;6;1;5;4;7;3;12;18;7;9;16;
*p21:20;;;;;;;15.51.29;2;5;1;1;3047;;3;6;1;5;4;7;3;12;18;7;9;16;
*z4;;;;;;;15.51.29;2;4;1;1;3047;;6;1;5;4;7;3;3;12;18;7;9;16;
*06SQ-~~~16;;;;;;;15.51.52;2;4;1;1;3072;;6;1;5;4;7;3;3;12;18;7;9;16;
a09RQ+~~~16~~~~34;;;;;;;15.51.52;2;4;1;1;3072;;6;1;5;4;7;3;3;12;18;7;9;16;
a03ET+KFB;;;;;;;15.52.01;2;4;1;1;3072;;6;1;5;4;7;3;3;12;18;7;9;16;
a12AT-W2~24~H2C;;r;;;;;15.51.57;2;4;1;1;3075;;6;1;5;4;7;3;3;12;18;7;9;16;
*01BT+~~~~4~A2;;;;;;;15.51.57;2;4;1;1;3075;;6;1;5;4;7;3;3;12;18;7;9;16;
*04DH+~~~22~B;;;;;;;15.51.59;2;4;1;1;3075;;6;1;5;4;7;3;3;12;18;7;9;16;
*06EH+~~F~4;;;;;;;15.51.59;2;4;1;1;3075;;6;1;5;4;7;3;3;12;18;7;9;16;
*01AH-G4~48~T3;;p;;;;;15.52.02;2;4;1;1;3078;;6;1;5;4;7;3;3;12;18;7;9;16;
a03DH+~~~48~E;;;;;;;15.52.02;2;4;1;1;3078;;6;1;5;4;7;3;3;12;18;7;9;16;
a10EH+~~B;;;;;;;15.52.02;2;4;1;1;3078;;6;1;5;4;7;3;3;12;18;7;9;16;
a12AH/G2~24~H2A4;p;s;;;;;15.52.07;2;4;1;1;3081;;6;1;5;4;7;3;3;12;18;7;9;16;
*05BH#~~~~4~A2A;p;;;;;;15.52.07;2;4;1;1;3081;;6;1;5;4;7;3;3;12;18;7;9;16;
*p22:20;;;;;;;15.52.12;2;4;1;1;3085;;6;1;5;4;7;3;3;12;18;7;9;16;
aT;;;;;;;15.52.12;2;4;1;1;3090;;6;1;5;4;7;3;3;12;18;7;9;16;
*06SQ-~~~16;;;;;;;15.53.32;2;4;1;1;3172;;6;1;5;4;7;3;3;12;18;7;9;16;
a10RQ#~~~16;;;;;;;15.53.32;2;4;1;1;3172;;6;1;5;4;7;3;3;12;18;7;9;16;
a03EQ+K1C;;;;;;;15.53.32;2;4;1;1;3172;;6;1;5;4;7;3;3;12;18;7;9;16;
a18AQ-J4~31~H1;;r;;;;;15.53.38;2;4;1;1;3175;;6;1;5;4;7;3;3;12;18;7;9;16;
*06DQ+~~~31~S;;;;;;;15.53.38;2;4;1;1;3175;;6;1;5;4;7;3;3;12;18;7;9;16;
*14EH+~~B;;;;;;;15.53.38;2;4;1;1;3175;;6;1;5;4;7;3;3;12;18;7;9;16;
*06AH-G9~96~H2;;p;;;;;15.53.41;2;4;1;1;3178;;6;1;5;4;7;3;3;12;18;7;9;16;
a10DH+~~~96~B;;;;;;;15.53.41;2;4;1;1;3178;;6;1;5;4;7;3;3;12;18;7;9;16;
a03ET+~~F;;;;;;;15.53.41;2;4;1;1;3178;;6;1;5;4;7;3;3;12;18;7;9;16;
a07AT/W4~42~T2A;p;s;;;;;15.53.45;2;4;1;1;3181;;6;1;5;4;7;3;3;12;18;7;9;16;
*04BT#~~~~2~A2A;p;;;;;;15.53.45;2;4;1;1;3181;;6;1;5;4;7;3;3;12;18;7;9;16;
*p23:20;;;;;;;15.53.51;2;4;1;1;3185;;6;1;5;4;7;3;3;12;18;7;9;16;
*06SQ!~~~16;;;;;;;15.54.15;2;4;1;1;3212;;6;1;5;4;7;3;3;12;18;7;9;16;
a10RQ!~~~16~~~~21;;;;;;;15.54.15;2;4;1;1;3212;;6;1;5;4;7;3;3;12;18;7;9;16;
a03ET+KBF~~~~~~K1;;;;;;;15.54.15;2;4;1;1;3212;;6;1;5;4;7;3;3;12;18;7;9;16;
a07AT/W4~42~H1;p;r;;;;;15.54.23;2;4;1;1;3215;;6;1;5;4;7;3;3;12;18;7;9;16;
*04BT#~~~~2~A1;p;;;;;;15.54.23;2;4;1;1;3215;;6;1;5;4;7;3;3;12;18;7;9;16;
*p24:20;;;;;;;15.54.45;2;4;1;1;3219;;6;1;5;4;7;3;3;12;18;7;9;16;
*06SQ-~~~15;;;;;;;15.54.48;2;4;1;1;3248;;6;1;5;4;7;3;3;12;18;7;9;16;
a09RQ#~~~15;;;;;;;15.54.48;2;4;1;1;3248;;6;1;5;4;7;3;3;12;18;7;9;16;
a03ET+K1B;;;;;;;15.54.48;2;4;1;1;3248;;6;1;5;4;7;3;3;12;18;7;9;16;
a12AT#W2~21~H1X;s;r;;;;;15.54.53;2;4;1;1;3251;;6;1;5;4;7;3;3;12;18;7;9;16;
*06DT=~~~21~S;s;;;;;;15.54.53;2;4;1;1;3251;;6;1;5;4;7;3;3;12;18;7;9;16;
ap24:21;;;;;;;15.54.58;2;4;1;1;3255;;6;1;5;4;7;3;3;12;18;7;9;16;
az6;;;;;;;15.54.58;2;4;6;1;3256;;6;1;5;4;7;3;12;18;7;9;16;3;
ac09:13;;;;;;;15.54.58;2;4;6;1;3256;;6;1;5;4;7;3;12;18;7;13;16;3;
a12SQ-~~~58;;;;;;;15.55.41;2;4;6;1;3300;;6;1;5;4;7;3;12;18;7;13;16;3;
*07RQ#~~~58;;;;;;;15.55.41;2;4;6;1;3300;;6;1;5;4;7;3;12;18;7;13;16;3;
*04ET+K1B;;;;;;;15.55.41;2;4;6;1;3300;;6;1;5;4;7;3;12;18;7;13;16;3;
*06AT#Y9~94~H2S;s;r;;;;;15.55.46;2;4;6;1;3303;;6;1;5;4;7;3;12;18;7;13;16;3;
a13BT=~~~~4~A2S;s;;;;;;15.55.46;2;4;6;1;3303;;6;1;5;4;7;3;12;18;7;13;16;3;
*p25:21;;;;;;;15.55.55;2;4;6;1;3307;;6;1;5;4;7;3;12;18;7;13;16;3;
**2set;;;;;;;15.55.55;3;4;6;1;3313;;;;;;;;;;;;;;
*P04>LUp;;;;;;;15.55.55;3;4;6;1;3313;;7;3;6;1;5;4;9;16;3;12;18;7;
*z6>LUp;;;;;;;15.55.55;3;6;6;1;3313;;7;3;6;1;5;4;9;16;3;12;18;7;
aP03>LUp;;;;;;;15.55.55;3;6;6;1;3313;;7;3;6;1;5;4;9;16;3;12;18;7;
az3>LUp;;;;;;;15.55.55;3;6;3;1;3313;;7;3;6;1;5;4;9;16;3;12;18;7;
a09SM-~~~16;;;;;;;16.00.11;3;6;3;1;3568;;7;3;6;1;5;4;9;16;3;12;18;7;
*14RM+~~~16~~~~32;;;;;;;16.00.11;3;6;3;1;3568;;7;3;6;1;5;4;9;16;3;12;18;7;
*04ET+K1F;;;;;;;16.00.11;3;6;3;1;3568;;7;3;6;1;5;4;9;16;3;12;18;7;
*01AT-W4~46~H1;;r;;;;;16.00.14;3;6;3;1;3571;;7;3;6;1;5;4;9;16;3;12;18;7;
a03BT+~~~~2~A1;;;;;;;16.00.14;3;6;3;1;3571;;7;3;6;1;5;4;9;16;3;12;18;7;
a10DT+~~~~4;;;;;;;16.00.14;3;6;3;1;3571;;7;3;6;1;5;4;9;16;3;12;18;7;
a03EH+~~F;;;;;;;16.00.14;3;6;3;1;3571;;7;3;6;1;5;4;9;16;3;12;18;7;
a12AH#G4~42~H2S;p;p;;;;;16.00.16;3;6;3;1;3574;;7;3;6;1;5;4;9;16;3;12;18;7;
*06BH=~~~~2~A2S;p;;;;;;16.00.16;3;6;3;1;3574;;7;3;6;1;5;4;9;16;3;12;18;7;
ap00:01;;;;;;;16.00.26;3;6;3;1;3578;;7;3;6;1;5;4;9;16;3;12;18;7;
a09SM-~~~15A;;;;;;;16.00.34;3;6;3;1;3593;;7;3;6;1;5;4;9;16;3;12;18;7;
*14RM+~~~15AO~~21;;;;;;;16.00.34;3;6;3;1;3593;;7;3;6;1;5;4;9;16;3;12;18;7;
*04ET+K1B;;;;;;;16.00.34;3;6;3;1;3593;;7;3;6;1;5;4;9;16;3;12;18;7;
*06AT-W2~24~H2;;r;;;;;16.00.38;3;6;3;1;3596;;7;3;6;1;5;4;9;16;3;12;18;7;
a12BT+~~~~4~~2;;;;;;;16.00.38;3;6;3;1;3596;;7;3;6;1;5;4;9;16;3;12;18;7;
a10DH+;;;;;;;16.00.40;3;6;3;1;3596;;7;3;6;1;5;4;9;16;3;12;18;7;
a03ET+~~F;;;;;;;16.00.40;3;6;3;1;3596;;7;3;6;1;5;4;9;16;3;12;18;7;
a12AT#W4~46CH1;p;p;;;;;16.00.41;3;6;3;1;3599;;7;3;6;1;5;4;9;16;3;12;18;7;
*07DT=~~~46CS;p;;;;;;16.00.41;3;6;3;1;3599;;7;3;6;1;5;4;9;16;3;12;18;7;
ap00:02;;;;;;;16.00.46;3;6;3;1;3603;;7;3;6;1;5;4;9;16;3;12;18;7;
a09SM!~~~17;;;;;;;16.00.57;3;6;3;1;3616;;7;3;6;1;5;4;9;16;3;12;18;7;
*01RM!~~~17~O~~32;;;;;;;16.00.57;3;6;3;1;3616;;7;3;6;1;5;4;9;16;3;12;18;7;
*04EQ+K8C;;;;;;;16.01.10;3;6;3;1;3616;;7;3;6;1;5;4;9;16;3;12;18;7;
*03AQ-J4~31~H2;;r;;;;;16.01.01;3;6;3;1;3619;;7;3;6;1;5;4;9;16;3;12;18;7;
a03BQ+~~~~3~~2;;;;;;;16.01.01;3;6;3;1;3619;;7;3;6;1;5;4;9;16;3;12;18;7;
a12DH+;;;;;;;16.01.01;3;6;3;1;3619;;7;3;6;1;5;4;9;16;3;12;18;7;
a03ET+~~B;;;;;;;16.01.01;3;6;3;1;3619;;7;3;6;1;5;4;9;16;3;12;18;7;
a07AT-Y9~96AH1;;p;;;;;16.01.05;3;6;3;1;3622;;7;3;6;1;5;4;9;16;3;12;18;7;
*07DT+~~~96A;;;;;;;16.01.05;3;6;3;1;3622;;7;3;6;1;5;4;9;16;3;12;18;7;
*04EH-~~F~4;;;;;;;16.01.05;3;6;3;1;3622;;7;3;6;1;5;4;9;16;3;12;18;7;
*01AH-G4~48~P1;;s;;;;;16.01.05;3;6;3;1;3625;;7;3;6;1;5;4;9;16;3;12;18;7;
a07DH+~~~48;;;;;;;16.01.05;3;6;3;1;3625;;7;3;6;1;5;4;9;16;3;12;18;7;
a16AQ-J3~31~H1;;p;;;;;16.01.12;3;6;3;1;3629;;7;3;6;1;5;4;9;16;3;12;18;7;
*04DQ+~~~31;;;;;;;16.01.12;3;6;3;1;3629;;7;3;6;1;5;4;9;16;3;12;18;7;
*03EH+~~F;;;;;;;16.01.12;3;6;3;1;3629;;7;3;6;1;5;4;9;16;3;12;18;7;
*01AH!G4~42~H2A;;s;;;;;16.01.16;3;6;3;1;3632;;7;3;6;1;5;4;9;16;3;12;18;7;
a16BH/~~~~2~A2A;s;;;;;;16.01.16;3;6;3;1;3632;;7;3;6;1;5;4;9;16;3;12;18;7;
*$$&H#;s;;;;;;16.01.16;3;6;3;1;3632;;7;3;6;1;5;4;9;16;3;12;18;7;
*p01:02;;;;;;;16.01.22;3;6;3;1;3636;;7;3;6;1;5;4;9;16;3;12;18;7;
*z5;;;;;;;16.01.22;3;5;3;1;3639;;3;6;1;5;4;7;9;16;3;12;18;7;
*03SM-~~~58;;;;;;;16.02.28;3;5;3;1;3655;;3;6;1;5;4;7;9;16;3;12;18;7;
a10RM+~~~58~~~~32;;;;;;;16.02.28;3;5;3;1;3655;;3;6;1;5;4;7;9;16;3;12;18;7;
a03EQ+K1C;;;;;;;16.02.28;3;5;3;1;3655;;3;6;1;5;4;7;9;16;3;12;18;7;
a16AQ+J1~35~H2;;r;;;;;16.02.32;3;5;3;1;3658;;3;6;1;5;4;7;9;16;3;12;18;7;
*03DQ/~~~35;;;;;;;16.02.32;3;5;3;1;3658;;3;6;1;5;4;7;9;16;3;12;18;7;
a07FH!;;;;;;;16.02.40;3;5;3;1;3659;;3;6;1;5;4;7;9;16;3;12;18;7;
a03EQ+~~C;;;;;;;16.02.40;3;5;3;1;3659;;3;6;1;5;4;7;9;16;3;12;18;7;
a16AQ+J4~33~T1;;s;;;;;16.02.41;3;5;3;1;3662;;3;6;1;5;4;7;9;16;3;12;18;7;
*05BQ-~~~~3~~1;;;;;;;16.02.41;3;5;3;1;3662;;3;6;1;5;4;7;9;16;3;12;18;7;
a16DH+;;;;;;;16.02.41;3;5;3;1;3662;;3;6;1;5;4;7;9;16;3;12;18;7;
a03EH+~~F;;;;;;;16.02.41;3;5;3;1;3662;;3;6;1;5;4;7;9;16;3;12;18;7;
a12AH+G4~45~H2;;s;;;;;16.02.45;3;5;3;1;3666;;3;6;1;5;4;7;9;16;3;12;18;7;
*05BH-~~~~2~~2;;;;;;;16.02.45;3;5;3;1;3666;;3;6;1;5;4;7;9;16;3;12;18;7;
a07DH+;;;;;;;16.02.45;3;5;3;1;3666;;3;6;1;5;4;7;9;16;3;12;18;7;
a03ET+~~F;;;;;;;16.02.45;3;5;3;1;3666;;3;6;1;5;4;7;9;16;3;12;18;7;
a12AT+W4~42~T2;;s;;;;;16.02.47;3;5;3;1;3669;;3;6;1;5;4;7;9;16;3;12;18;7;
*05BT-~~~~2~~2;;;;;;;16.02.47;3;5;3;1;3669;;3;6;1;5;4;7;9;16;3;12;18;7;
a09DH+;;;;;;;16.02.47;3;5;3;1;3669;;3;6;1;5;4;7;9;16;3;12;18;7;
a03ET+~~B;;;;;;;16.02.47;3;5;3;1;3669;;3;6;1;5;4;7;9;16;3;12;18;7;
a07AT#Y9~98~T1;s;s;;;;;16.02.53;3;5;3;1;3672;;3;6;1;5;4;7;9;16;3;12;18;7;
*03DT=~~~98~E~E;s;;;;;;16.02.53;3;5;3;1;3672;;3;6;1;5;4;7;9;16;3;12;18;7;
ap01:03;;;;;;;16.02.58;3;5;3;1;3676;;3;6;1;5;4;7;9;16;3;12;18;7;
az2;;;;;;;16.02.58;3;5;2;1;3684;;3;6;1;5;4;7;16;3;12;18;7;9;
a16SM-~~~16;;;;;;;16.03.16;3;5;2;1;3703;;3;6;1;5;4;7;16;3;12;18;7;9;
*07RM+~~~16~~~~41;;;;;;;16.03.16;3;5;2;1;3703;;3;6;1;5;4;7;16;3;12;18;7;9;
*04EQ+KFC;;;;;;;16.03.16;3;5;2;1;3703;;3;6;1;5;4;7;16;3;12;18;7;9;
*05AQ-J4~39~H1;;r;;;;;16.03.24;3;5;2;1;3706;;3;6;1;5;4;7;16;3;12;18;7;9;
a07DQ+~~~39~S;;;;;;;16.03.24;3;5;2;1;3706;;3;6;1;5;4;7;16;3;12;18;7;9;
a03EH+~~F;;;;;;;16.03.24;3;5;2;1;3706;;3;6;1;5;4;7;16;3;12;18;7;9;
a12AH!G4~42~T2A;;p;;;;;16.03.27;3;5;2;1;3709;;3;6;1;5;4;7;16;3;12;18;7;9;
*05BH/~~~~2~A2A;p;;;;;;16.03.27;3;5;2;1;3709;;3;6;1;5;4;7;16;3;12;18;7;9;
a$$&H#;p;;;;;;16.03.27;3;5;2;1;3709;;3;6;1;5;4;7;16;3;12;18;7;9;
ap01:04;;;;;;;16.03.32;3;5;2;1;3713;;3;6;1;5;4;7;16;3;12;18;7;9;
a16SM-~~~11;;;;;;;16.03.43;3;5;2;1;3729;;3;6;1;5;4;7;16;3;12;18;7;9;
*14RM#~~~11;;;;;;;16.03.43;3;5;2;1;3729;;3;6;1;5;4;7;16;3;12;18;7;9;
*04EQ+K1C;;;;;;;16.03.43;3;5;2;1;3729;;3;6;1;5;4;7;16;3;12;18;7;9;
*05AQ#J4~37~H2X;s;r;;;;;16.03.47;3;5;2;1;3732;;3;6;1;5;4;7;16;3;12;18;7;9;
a16DQ=~~~37~S;s;;;;;;16.03.47;3;5;2;1;3732;;3;6;1;5;4;7;16;3;12;18;7;9;
*p02:04;;;;;;;16.03.50;3;5;2;1;3736;;3;6;1;5;4;7;16;3;12;18;7;9;
*z4;;;;;;;16.03.50;3;4;2;1;3736;;6;1;5;4;7;3;16;3;12;18;7;9;
*06SQ+~~~15~~~N;;;;;;;16.04.10;3;4;2;1;3757;;6;1;5;4;7;3;16;3;12;18;7;9;
a12RQ-~~~15;;;;;;;16.04.10;3;4;2;1;3757;;6;1;5;4;7;3;16;3;12;18;7;9;
a03AO/JJ~33~T1A;p;r;;;;;16.04.17;3;4;2;1;3759;;6;1;5;4;7;3;16;3;12;18;7;9;
*05BO#~~~~3~A1A;p;;;;;;16.04.17;3;4;2;1;3759;;6;1;5;4;7;3;16;3;12;18;7;9;
*p03:04;;;;;;;16.04.20;3;4;2;1;3763;;6;1;5;4;7;3;16;3;12;18;7;9;
*06SQ=~~~1~~~~N;s;;;;;;16.04.38;3;4;2;1;3785;;6;1;5;4;7;3;16;3;12;18;7;9;
a$$&H#;s;;;;;;16.04.38;3;4;2;1;3785;;6;1;5;4;7;3;16;3;12;18;7;9;
ap03:05;;;;;;;16.04.42;3;4;2;1;3789;;6;1;5;4;7;3;16;3;12;18;7;9;
az1;;;;;;;16.04.42;3;4;1;1;3788;;6;1;5;4;7;3;3;12;18;7;9;16;
a03SQ-~~~15;;;;;;;16.04.56;3;4;1;1;3804;;6;1;5;4;7;3;3;12;18;7;9;16;
*01RQ#~~~15;;;;;;;16.04.56;3;4;1;1;3804;;6;1;5;4;7;3;3;12;18;7;9;16;
*04ET+K1P;;;;;;;16.04.56;3;4;1;1;3804;;6;1;5;4;7;3;3;12;18;7;9;16;
*07AT=Y8~81~H0O;p;r;;;;;16.05.02;3;4;1;1;3807;;6;1;5;4;7;3;3;12;18;7;9;16;
a$$&H#;p;;;;;;16.05.02;3;4;1;1;3807;;6;1;5;4;7;3;3;12;18;7;9;16;
ap03:06;;;;;;;16.05.06;3;4;1;1;3811;;6;1;5;4;7;3;3;12;18;7;9;16;
a03SQ!~~~65;;;;;;;16.05.22;3;4;1;1;3825;;6;1;5;4;7;3;3;12;18;7;9;16;
*01RQ!~~~65~~~~41;;;;;;;16.05.22;3;4;1;1;3825;;6;1;5;4;7;3;3;12;18;7;9;16;
*04EQ+KFC~~~~~~K1;;;;;;;16.05.22;3;4;1;1;3825;;6;1;5;4;7;3;3;12;18;7;9;16;
*05AQ=J4~3~~P1O;p;r;;;;;16.05.28;3;4;1;1;3828;;6;1;5;4;7;3;3;12;18;7;9;16;
a$$&H#;p;;;;;;16.05.28;3;4;1;1;3828;;6;1;5;4;7;3;3;12;18;7;9;16;
ap03:07;;;;;;;16.05.33;3;4;1;1;3832;;6;1;5;4;7;3;3;12;18;7;9;16;
*T;;;;;;;16.05.33;3;4;1;1;3839;;6;1;5;4;7;3;3;12;18;7;9;16;
a03SQ-~~~16;;;;;;;16.06.05;3;4;1;1;3905;;6;1;5;4;7;3;3;12;18;7;9;16;
*07RQ#~~~16;;;;;;;16.06.05;3;4;1;1;3905;;6;1;5;4;7;3;3;12;18;7;9;16;
*04EQ+K1C;;;;;;;16.06.05;3;4;1;1;3905;;6;1;5;4;7;3;3;12;18;7;9;16;
*05AQ#J4~38~H1X;s;r;;;;;16.06.11;3;4;1;1;3908;;6;1;5;4;7;3;3;12;18;7;9;16;
a10DQ=~~~38~S;s;;;;;;16.06.11;3;4;1;1;3908;;6;1;5;4;7;3;3;12;18;7;9;16;
*p04:07;;;;;;;16.06.15;3;4;1;1;3912;;6;1;5;4;7;3;3;12;18;7;9;16;
*z3;;;;;;;16.06.15;3;3;1;1;3881;;1;5;4;7;3;6;3;12;18;7;9;16;
*01SQ/~~~55;;;;;;;16.06.36;3;3;1;1;3936;;1;5;4;7;3;6;3;12;18;7;9;16;
a09RQ/~~~55~M;;;;;;;16.06.36;3;3;1;1;3936;;1;5;4;7;3;6;3;12;18;7;9;16;
*14FH#;;;;;;;16.06.41;3;3;1;1;3938;;1;5;4;7;3;6;3;12;18;7;9;16;
*04EQ+~~C;;;;;;;16.06.41;3;3;1;1;3938;;1;5;4;7;3;6;3;12;18;7;9;16;
*05AQ#J3~37~H1X;p;p;;;;;16.06.42;3;3;1;1;3941;;1;5;4;7;3;6;3;12;18;7;9;16;
a09DQ=~~~37~S;p;;;;;;16.06.42;3;3;1;1;3941;;1;5;4;7;3;6;3;12;18;7;9;16;
*p05:07;;;;;;;16.06.49;3;3;1;1;3945;;1;5;4;7;3;6;3;12;18;7;9;16;
*01SQ!~~~57~~~N;;;;;;;16.07.02;3;3;1;1;3962;;1;5;4;7;3;6;3;12;18;7;9;16;
a09RQ!~~~57~~~~34;;;;;;;16.07.02;3;3;1;1;3962;;1;5;4;7;3;6;3;12;18;7;9;16;
a03ET+KFB;;;;;;;16.07.02;3;3;1;1;3962;;1;5;4;7;3;6;3;12;18;7;9;16;
a12AT#W2~25~H1X;s;r;;;;;16.07.08;3;3;1;1;3965;;1;5;4;7;3;6;3;12;18;7;9;16;
*14DT=~~~25~S;s;;;;;;16.07.08;3;3;1;1;3965;;1;5;4;7;3;6;3;12;18;7;9;16;
ap05:08;;;;;;;16.07.13;3;3;1;1;3969;;1;5;4;7;3;6;3;12;18;7;9;16;
az6;;;;;;;16.07.13;3;3;6;1;3969;;1;5;4;7;3;6;12;18;7;9;16;3;
a12SQ=~~~56~~~O;s;;;;;;16.07.26;3;3;6;1;3986;;1;5;4;7;3;6;12;18;7;9;16;3;
*$$&H#;s;;;;;;16.07.26;3;3;6;1;3986;;1;5;4;7;3;6;12;18;7;9;16;3;
*p06:08;;;;;;;16.07.29;3;3;6;1;3992;;1;5;4;7;3;6;12;18;7;9;16;3;
*z2;;;;;;;16.07.29;3;2;6;1;3987;;5;4;7;3;6;1;12;18;7;9;16;3;
*05SM+~~~53~~~N;;;;;;;16.07.48;3;2;6;1;4008;;5;4;7;3;6;1;12;18;7;9;16;3;
a03RM-~~~53~W;;;;;;;16.07.48;3;2;6;1;4008;;5;4;7;3;6;1;12;18;7;9;16;3;
a10EH+~~B~2;;;;;;;16.07.53;3;2;6;1;4008;;5;4;7;3;6;1;12;18;7;9;16;3;
a07AH-G2~21~H2C;;r;;;;;16.07.55;3;2;6;1;4011;;5;4;7;3;6;1;12;18;7;9;16;3;
*07BH+~~~~4~A2;;;;;;;16.07.55;3;2;6;1;4011;;5;4;7;3;6;1;12;18;7;9;16;3;
*06DH+~~~21;;;;;;;16.07.55;3;2;6;1;4011;;5;4;7;3;6;1;12;18;7;9;16;3;
*04ET+~~B;;;;;;;16.07.55;3;2;6;1;4011;;5;4;7;3;6;1;12;18;7;9;16;3;
*06AT-Y9~91~H2;;p;;;;;16.07.58;3;2;6;1;4014;;5;4;7;3;6;1;12;18;7;9;16;3;
a12DT+~~~91;;;;;;;16.07.58;3;2;6;1;4014;;5;4;7;3;6;1;12;18;7;9;16;3;
a03EQ#~~C;;;;;;;16.07.58;3;2;6;1;4014;;5;4;7;3;6;1;12;18;7;9;16;3;
a18AQ/J4~33~H1T;p;s;;;;;16.08.02;3;2;6;1;4017;;5;4;7;3;6;1;12;18;7;9;16;3;
*03BQ#~~~~3~T1T;p;;;;;;16.08.02;3;2;6;1;4017;;5;4;7;3;6;1;12;18;7;9;16;3;
*p07:08;;;;;;;16.08.08;3;2;6;1;4021;;5;4;7;3;6;1;12;18;7;9;16;3;
*05SM-~~~56;;;;;;;16.08.25;3;2;6;1;4045;;5;4;7;3;6;1;12;18;7;9;16;3;
a10RM+~~~56;;;;;;;16.08.25;3;2;6;1;4045;;5;4;7;3;6;1;12;18;7;9;16;3;
a03EQ+K1C;;;;;;;16.08.25;3;2;6;1;4045;;5;4;7;3;6;1;12;18;7;9;16;3;
a18AQ+J3~39~H1;;r;;;;;16.08.31;3;2;6;1;4048;;5;4;7;3;6;1;12;18;7;9;16;3;
*06DQ/~~~39~S;;;;;;;16.08.31;3;2;6;1;4048;;5;4;7;3;6;1;12;18;7;9;16;3;
a10FH#;;;;;;;16.08.33;3;2;6;1;4049;;5;4;7;3;6;1;12;18;7;9;16;3;
a03EQ+~~C;;;;;;;16.08.33;3;2;6;1;4049;;5;4;7;3;6;1;12;18;7;9;16;3;
a18AQ-J4~37~H1;;s;;;;;16.08.36;3;2;6;1;4052;;5;4;7;3;6;1;12;18;7;9;16;3;
*05DQ+~~~37;;;;;;;16.08.36;3;2;6;1;4052;;5;4;7;3;6;1;12;18;7;9;16;3;
*06EH+~~F~4;;;;;;;16.08.36;3;2;6;1;4052;;5;4;7;3;6;1;12;18;7;9;16;3;
*07AH-G4~4~~T2;;p;;;;;16.08.39;3;2;6;1;4056;;5;4;7;3;6;1;12;18;7;9;16;3;
a09DH+~~~4;;;;;;;16.08.39;3;2;6;1;4056;;5;4;7;3;6;1;12;18;7;9;16;3;
a03ET+~~B;;;;;;;16.08.39;3;2;6;1;4056;;5;4;7;3;6;1;12;18;7;9;16;3;
a07AT-W2~21~H1;;s;;;;;16.08.43;3;2;6;1;4059;;5;4;7;3;6;1;12;18;7;9;16;3;
*06DT+~~~21;;;;;;;16.08.43;3;2;6;1;4059;;5;4;7;3;6;1;12;18;7;9;16;3;
*04ET+~~B;;;;;;;16.08.43;3;2;6;1;4059;;5;4;7;3;6;1;12;18;7;9;16;3;
*06AT-Y9~95~H2;;p;;;;;16.08.46;3;2;6;1;4062;;5;4;7;3;6;1;12;18;7;9;16;3;
a10DT+~~~95;;;;;;;16.08.46;3;2;6;1;4062;;5;4;7;3;6;1;12;18;7;9;16;3;
a03ET+~~P;;;;;;;16.08.46;3;2;6;1;4062;;5;4;7;3;6;1;12;18;7;9;16;3;
a12AT#Y8~86~H1;s;s;;;;;16.08.49;3;2;6;1;4065;;5;4;7;3;6;1;12;18;7;9;16;3;
*01DT=~~~86~S;s;;;;;;16.08.49;3;2;6;1;4065;;5;4;7;3;6;1;12;18;7;9;16;3;
ap07:09;;;;;;;16.08.55;3;2;6;1;4069;;5;4;7;3;6;1;12;18;7;9;16;3;
az5;;;;;;;16.08.55;3;2;5;1;4073;;5;4;7;3;6;1;18;7;9;16;3;12;
a18SM+~~~59;;;;;;;16.09.13;3;2;5;1;4093;;5;4;7;3;6;1;18;7;9;16;3;12;
*14RM-~~~59;;;;;;;16.09.13;3;2;5;1;4093;;5;4;7;3;6;1;18;7;9;16;3;12;
*04EH+~~F;;;;;;;16.09.13;3;2;5;1;4093;;5;4;7;3;6;1;18;7;9;16;3;12;
*07AH#G4~42~P3O;s;r;;;;;16.09.18;3;2;5;1;4096;;5;4;7;3;6;1;18;7;9;16;3;12;
a16BH=~~~~2~A3O;s;;;;;;16.09.18;3;2;5;1;4096;;5;4;7;3;6;1;18;7;9;16;3;12;
*p08:09;;;;;;;16.09.22;3;2;5;1;4100;;5;4;7;3;6;1;18;7;9;16;3;12;
*z1;;;;;;;16.09.22;3;1;5;1;4100;;4;7;3;6;1;5;18;7;9;16;3;12;
*04SM+~~~57;;;;;;;16.09.41;3;1;5;1;4120;;4;7;3;6;1;5;18;7;9;16;3;12;
a09RM-~~~57;;;;;;;16.09.41;3;1;5;1;4120;;4;7;3;6;1;5;18;7;9;16;3;12;
a03EQ+~~C;;;;;;;16.09.57;3;1;5;1;4120;;4;7;3;6;1;5;18;7;9;16;3;12;
a16AQ-J4~36~H1;;r;;;;;16.09.45;3;1;5;1;4123;;4;7;3;6;1;5;18;7;9;16;3;12;
*04DQ+~~~36~S;;;;;;;16.09.45;3;1;5;1;4123;;4;7;3;6;1;5;18;7;9;16;3;12;
*04ET+~~B;;;;;;;16.09.45;3;1;5;1;4123;;4;7;3;6;1;5;18;7;9;16;3;12;
*06AT-W2~25~H2;;p;;;;;16.09.48;3;1;5;1;4126;;4;7;3;6;1;5;18;7;9;16;3;12;
a12DT+~~~45~B;;;;;;;16.09.48;3;1;5;1;4126;;4;7;3;6;1;5;18;7;9;16;3;12;
*07EH+~~~~8;;;;;;;16.09.48;3;1;5;1;4126;;4;7;3;6;1;5;18;7;9;16;3;12;
a12AH-G8~87~P0;;s;;;;;16.09.48;3;1;5;1;4129;;4;7;3;6;1;5;18;7;9;16;3;12;
*14DH+~~~87;;;;;;;16.09.48;3;1;5;1;4129;;4;7;3;6;1;5;18;7;9;16;3;12;
*03EH+~~F~4;;;;;;;16.09.48;3;1;5;1;4129;;4;7;3;6;1;5;18;7;9;16;3;12;
*07AH-G4~48~T2;;p;;;;;16.09.48;3;1;5;1;4133;;4;7;3;6;1;5;18;7;9;16;3;12;
a03DH+~~~48;;;;;;;16.09.48;3;1;5;1;4133;;4;7;3;6;1;5;18;7;9;16;3;12;
a10EH+~~B;;;;;;;16.09.48;3;1;5;1;4133;;4;7;3;6;1;5;18;7;9;16;3;12;
a07AH-G2~28~P2;;s;;;;;16.10.00;3;1;5;1;4136;;4;7;3;6;1;5;18;7;9;16;3;12;
*06DH+~~~28;;;;;;;16.10.00;3;1;5;1;4136;;4;7;3;6;1;5;18;7;9;16;3;12;
*04ET+~~B;;;;;;;16.10.00;3;1;5;1;4136;;4;7;3;6;1;5;18;7;9;16;3;12;
*06AT+W2~24~H2C;;p;;;;;16.10.05;3;1;5;1;4139;;4;7;3;6;1;5;18;7;9;16;3;12;
a09BT-~~~~4~A2;;;;;;;16.10.05;3;1;5;1;4139;;4;7;3;6;1;5;18;7;9;16;3;12;
*03DH+;;;;;;;16.10.05;3;1;5;1;4139;;4;7;3;6;1;5;18;7;9;16;3;12;
*04ET+~~F;;;;;;;16.10.05;3;1;5;1;4139;;4;7;3;6;1;5;18;7;9;16;3;12;
*07AT#W4~45CH2X;p;p;;;;;16.10.08;3;1;5;1;4142;;4;7;3;6;1;5;18;7;9;16;3;12;
a12DT=~~~45CS;p;;;;;;16.10.08;3;1;5;1;4142;;4;7;3;6;1;5;18;7;9;16;3;12;
*p09:09;;;;;;;16.10.11;3;1;5;1;4146;;4;7;3;6;1;5;18;7;9;16;3;12;
*04SM!~~~16;;;;;;;16.11.37;3;1;5;1;4256;;4;7;3;6;1;5;18;7;9;16;3;12;
a12RM!~~~16~~~~32;;;;;;;16.11.37;3;1;5;1;4256;;4;7;3;6;1;5;18;7;9;16;3;12;
a03ET+KBB;;;;;;;16.11.37;3;1;5;1;4256;;4;7;3;6;1;5;18;7;9;16;3;12;
a07AT+W2~24~T2C;;r;;;;;16.11.44;3;1;5;1;4259;;4;7;3;6;1;5;18;7;9;16;3;12;
*03BT-~~~~4~A2;;;;;;;16.11.44;3;1;5;1;4259;;4;7;3;6;1;5;18;7;9;16;3;12;
a03DH+;;;;;;;16.11.44;3;1;5;1;4259;;4;7;3;6;1;5;18;7;9;16;3;12;
a12EH+~~F;;;;;;;16.11.44;3;1;5;1;4259;;4;7;3;6;1;5;18;7;9;16;3;12;
a09AH+G4~42~T2C;;s;;;;;16.11.47;3;1;5;1;4262;;4;7;3;6;1;5;18;7;9;16;3;12;
*03BH-~~~~2~A2;;;;;;;16.11.47;3;1;5;1;4262;;4;7;3;6;1;5;18;7;9;16;3;12;
a12FH#;;;;;;;16.11.51;3;1;5;1;4265;;4;7;3;6;1;5;18;7;9;16;3;12;
a03ET+~~B;;;;;;;16.11.51;3;1;5;1;4265;;4;7;3;6;1;5;18;7;9;16;3;12;
a07AT-W2~29~H1C;;s;;;;;16.11.53;3;1;5;1;4269;;4;7;3;6;1;5;18;7;9;16;3;12;
*04DT+~~~29;;;;;;;16.11.53;3;1;5;1;4269;;4;7;3;6;1;5;18;7;9;16;3;12;
*14ET+~~B;;;;;;;16.11.53;3;1;5;1;4269;;4;7;3;6;1;5;18;7;9;16;3;12;
*06AT/W2~24~H2A;s;p;;;;;16.11.58;3;1;5;1;4272;;4;7;3;6;1;5;18;7;9;16;3;12;
a09BT#~~~~4~A2A;s;;;;;;16.11.58;3;1;5;1;4272;;4;7;3;6;1;5;18;7;9;16;3;12;
ap09:10;;;;;;;16.12.09;3;1;5;1;4276;;4;7;3;6;1;5;18;7;9;16;3;12;
az4;;;;;;;16.12.09;3;1;4;1;4277;;4;7;3;6;1;5;7;9;16;3;12;18;
a07SQ!~~~61;;;;;;;16.12.35;3;1;4;1;4313;;4;7;3;6;1;5;7;9;16;3;12;18;
*07RQ!~~~61~~~~21;;;;;;;16.12.35;3;1;4;1;4313;;4;7;3;6;1;5;7;9;16;3;12;18;
*04ET+KBB;;;;;;;16.12.35;3;1;4;1;4313;;4;7;3;6;1;5;7;9;16;3;12;18;
*07AT-W2~24~T2;;r;;;;;16.12.40;3;1;4;1;4316;;4;7;3;6;1;5;7;9;16;3;12;18;
a12DT+~~~24;;;;;;;16.12.40;3;1;4;1;4316;;4;7;3;6;1;5;7;9;16;3;12;18;
a03ET+~~F;;;;;;;16.12.40;3;1;4;1;4316;;4;7;3;6;1;5;7;9;16;3;12;18;
a09AT#W4~42~T2S;p;p;;;;;16.12.40;3;1;4;1;4319;;4;7;3;6;1;5;7;9;16;3;12;18;
*07BT=~~~~2~A2S;p;;;;;;16.12.40;3;1;4;1;4319;;4;7;3;6;1;5;7;9;16;3;12;18;
ap09:11;;;;;;;16.12.49;3;1;4;1;4323;;4;7;3;6;1;5;7;9;16;3;12;18;
a07SQ-~~~61;;;;;;;16.13.09;3;1;4;1;4346;;4;7;3;6;1;5;7;9;16;3;12;18;
*07RQ#~~~61;;;;;;;16.13.09;3;1;4;1;4346;;4;7;3;6;1;5;7;9;16;3;12;18;
*04ET+K1B;;;;;;;16.13.09;3;1;4;1;4346;;4;7;3;6;1;5;7;9;16;3;12;18;
*07AT#W2~21~H2;s;r;;;;;16.13.13;3;1;4;1;4349;;4;7;3;6;1;5;7;9;16;3;12;18;
a07DT=~~~21~S;s;;;;;;16.13.13;3;1;4;1;4349;;4;7;3;6;1;5;7;9;16;3;12;18;
*p10:11;;;;;;;16.13.19;3;1;4;1;4353;;4;7;3;6;1;5;7;9;16;3;12;18;
*z6;;;;;;;16.13.19;3;6;4;1;4337;;7;3;6;1;5;4;7;9;16;3;12;18;
*07SQ=~~~66~~~O;s;;;;;;16.13.35;3;6;4;1;4372;;7;3;6;1;5;4;7;9;16;3;12;18;
a$$&H#;s;;;;;;16.13.35;3;6;4;1;4372;;7;3;6;1;5;4;7;9;16;3;12;18;
ap10:12;;;;;;;16.13.39;3;6;4;1;4376;;7;3;6;1;5;4;7;9;16;3;12;18;
az3;;;;;;;16.13.39;3;6;3;1;4375;;7;3;6;1;5;4;9;16;3;12;18;7;
a09SM-~~~15;;;;;;;16.13.51;3;6;3;1;4388;;7;3;6;1;5;4;9;16;3;12;18;7;
*01RM+~~~15~O~~32;;;;;;;16.13.51;3;6;3;1;4388;;7;3;6;1;5;4;9;16;3;12;18;7;
*04EQ+K1C;;;;;;;16.13.51;3;6;3;1;4388;;7;3;6;1;5;4;9;16;3;12;18;7;
*03AQ#J4~33~H2F;s;r;;;;;16.13.58;3;6;3;1;4391;;7;3;6;1;5;4;9;16;3;12;18;7;
a03BQ=~~~~3~T2F;s;;;;;;16.13.58;3;6;3;1;4391;;7;3;6;1;5;4;9;16;3;12;18;7;
*p11:12;;;;;;;16.14.02;3;6;3;1;4395;;7;3;6;1;5;4;9;16;3;12;18;7;
*z5;;;;;;;16.14.02;3;5;3;1;4398;;3;6;1;5;4;7;9;16;3;12;18;7;
*03SM/~~~56;;;;;;;16.14.12;3;5;3;1;4410;;3;6;1;5;4;7;9;16;3;12;18;7;
a10RM/~~~56~O;;;;;;;16.14.12;3;5;3;1;4410;;3;6;1;5;4;7;9;16;3;12;18;7;
*06ET#~~P;;;;;;;16.14.12;3;5;3;1;4410;;3;6;1;5;4;7;9;16;3;12;18;7;
*07AT#Y8~88~H0X;p;p;;;;;16.14.22;3;5;3;1;4413;;3;6;1;5;4;7;9;16;3;12;18;7;
a10DT=~~~88~S;p;;;;;;16.14.22;3;5;3;1;4413;;3;6;1;5;4;7;9;16;3;12;18;7;
*p12:12;;;;;;;16.14.26;3;5;3;1;4417;;3;6;1;5;4;7;9;16;3;12;18;7;
*03SM!~~~58;;;;;;;16.14.46;3;5;3;1;4444;;3;6;1;5;4;7;9;16;3;12;18;7;
a10RM!~~~58~~~~32;;;;;;;16.14.46;3;5;3;1;4444;;3;6;1;5;4;7;9;16;3;12;18;7;
a03ET+K1B;;;;;;;16.14.46;3;5;3;1;4444;;3;6;1;5;4;7;9;16;3;12;18;7;
a07AT#Y9~95AH2X;s;r;;;;;16.14.52;3;5;3;1;4447;;3;6;1;5;4;7;9;16;3;12;18;7;
*03DT=~~~95AS;s;;;;;;16.14.52;3;5;3;1;4447;;3;6;1;5;4;7;9;16;3;12;18;7;
ap12:13;;;;;;;16.14.58;3;5;3;1;4451;;3;6;1;5;4;7;9;16;3;12;18;7;
az2;;;;;;;16.14.58;3;5;2;1;4454;;3;6;1;5;4;7;16;3;12;18;7;9;
a16SM#~~~16;p;;;;;;16.15.38;3;5;2;1;4497;;3;6;1;5;4;7;16;3;12;18;7;9;
*07RM=~~~16~R;p;;;;;;16.15.38;3;5;2;1;4497;;3;6;1;5;4;7;16;3;12;18;7;9;
ap12:14;;;;;;;16.15.47;3;5;2;1;4501;;3;6;1;5;4;7;16;3;12;18;7;9;
a16SM!~~~16;;;;;;;16.16.00;3;5;2;1;4519;;3;6;1;5;4;7;16;3;12;18;7;9;
*07RM!~~~16~~~~31;;;;;;;16.16.00;3;5;2;1;4519;;3;6;1;5;4;7;16;3;12;18;7;9;
*04ET+KCB;;;;;;;16.16.00;3;5;2;1;4519;;3;6;1;5;4;7;16;3;12;18;7;9;
*06AT#W2~21~H2X;s;r;;;;;16.16.06;3;5;2;1;4522;;3;6;1;5;4;7;16;3;12;18;7;9;
a07DT=~~~21~S;s;;;;;;16.16.06;3;5;2;1;4522;;3;6;1;5;4;7;16;3;12;18;7;9;
*p13:14;;;;;;;16.16.09;3;5;2;1;4526;;3;6;1;5;4;7;16;3;12;18;7;9;
*z4;;;;;;;16.16.09;3;4;2;1;4525;;6;1;5;4;7;3;16;3;12;18;7;9;
*06SQ+~~~16;;;;;;;16.16.31;3;4;2;1;4547;;6;1;5;4;7;3;16;3;12;18;7;9;
a09RQ-~~~16;;;;;;;16.16.31;3;4;2;1;4547;;6;1;5;4;7;3;16;3;12;18;7;9;
a03EH+~~F;;;;;;;16.16.31;3;4;2;1;4547;;6;1;5;4;7;3;16;3;12;18;7;9;
a12AH/G4~42~H3A;p;r;;;;;16.16.35;3;4;2;1;4550;;6;1;5;4;7;3;16;3;12;18;7;9;
*01BH#~~~~2~A3A;p;;;;;;16.16.35;3;4;2;1;4550;;6;1;5;4;7;3;16;3;12;18;7;9;
*p14:14;;;;;;;16.16.39;3;4;2;1;4554;;6;1;5;4;7;3;16;3;12;18;7;9;
*06SQ/~~~15;;;;;;;16.17.03;3;4;2;1;4579;;6;1;5;4;7;3;16;3;12;18;7;9;
a12RQ/~~~15~M;;;;;;;16.17.03;3;4;2;1;4579;;6;1;5;4;7;3;16;3;12;18;7;9;
*01AO-V3~33~T1;;p;;;;;16.17.06;3;4;2;1;4581;;6;1;5;4;7;3;16;3;12;18;7;9;
a03BO+~~~~3~~1;;;;;;;16.17.06;3;4;2;1;4581;;6;1;5;4;7;3;16;3;12;18;7;9;
a18DO+~~~33~E;;;;;;;16.17.06;3;4;2;1;4581;;6;1;5;4;7;3;16;3;12;18;7;9;
a03ET+~~F;;;;;;;16.17.06;3;4;2;1;4581;;6;1;5;4;7;3;16;3;12;18;7;9;
a12AT/W4~42~H2A;p;s;;;;;16.17.08;3;4;2;1;4584;;6;1;5;4;7;3;16;3;12;18;7;9;
*05BT#~~~~2~A2A;p;;;;;;16.17.08;3;4;2;1;4584;;6;1;5;4;7;3;16;3;12;18;7;9;
*p15:14;;;;;;;16.17.12;3;4;2;1;4588;;6;1;5;4;7;3;16;3;12;18;7;9;
*06SQ-~~~15;;;;;;;16.17.37;3;4;2;1;4614;;6;1;5;4;7;3;16;3;12;18;7;9;
a12RQ+~~~15~~~~32;;;;;;;16.17.37;3;4;2;1;4614;;6;1;5;4;7;3;16;3;12;18;7;9;
a03ET+K1B;;;;;;;16.17.37;3;4;2;1;4614;;6;1;5;4;7;3;16;3;12;18;7;9;
a07AT+Y9~91~H2;;r;;;;;16.17.42;3;4;2;1;4617;;6;1;5;4;7;3;16;3;12;18;7;9;
*06DT/~~~91~S;;;;;;;16.17.42;3;4;2;1;4617;;6;1;5;4;7;3;16;3;12;18;7;9;
a09FH+;;;;;;;16.17.42;3;4;2;1;4618;;6;1;5;4;7;3;16;3;12;18;7;9;
a03EQ+~~C;;;;;;;16.17.42;3;4;2;1;4618;;6;1;5;4;7;3;16;3;12;18;7;9;
a18AQ#J4~31~H1X;s;s;;;;;16.17.47;3;4;2;1;4621;;6;1;5;4;7;3;16;3;12;18;7;9;
*07DQ=~~~31~S;s;;;;;;16.17.47;3;4;2;1;4621;;6;1;5;4;7;3;16;3;12;18;7;9;
ap15:15;;;;;;;16.17.54;3;4;2;1;4625;;6;1;5;4;7;3;16;3;12;18;7;9;
az1;;;;;;;16.17.54;3;4;1;1;4630;;6;1;5;4;7;3;3;12;18;7;9;16;
a03SQ-~~~65A;;;;;;;16.18.06;3;4;1;1;4644;;6;1;5;4;7;3;3;12;18;7;9;16;
*01RQ#~~~65A;;;;;;;16.18.06;3;4;1;1;4644;;6;1;5;4;7;3;3;12;18;7;9;16;
*04ET+K1B;;;;;;;16.18.06;3;4;1;1;4644;;6;1;5;4;7;3;3;12;18;7;9;16;
*06AT#Y9~91~H2X;s;r;;;;;16.18.12;3;4;1;1;4647;;6;1;5;4;7;3;3;12;18;7;9;16;
a03DT=~~~91~S;s;;;;;;16.18.12;3;4;1;1;4647;;6;1;5;4;7;3;3;12;18;7;9;16;
*p16:15;;;;;;;16.18.15;3;4;1;1;4651;;6;1;5;4;7;3;3;12;18;7;9;16;
*z3;;;;;;;16.18.15;3;3;1;1;4651;;1;5;4;7;3;6;3;12;18;7;9;16;
*01SQ#~~~51;p;;;;;;16.18.34;3;3;1;1;4672;;1;5;4;7;3;6;3;12;18;7;9;16;
a12RQ=~~~51~R;p;;;;;;16.18.34;3;3;1;1;4672;;1;5;4;7;3;6;3;12;18;7;9;16;
*p17:15;;;;;;;16.18.41;3;3;1;1;4676;;1;5;4;7;3;6;3;12;18;7;9;16;
aT;;;;;;;16.18.41;3;3;1;1;4677;;1;5;4;7;3;6;3;12;18;7;9;16;
*01SQ+~~~55;;;;;;;16.20.02;3;3;1;1;4760;;1;5;4;7;3;6;3;12;18;7;9;16;
a09RQ-~~~55;;;;;;;16.20.02;3;3;1;1;4760;;1;5;4;7;3;6;3;12;18;7;9;16;
a03EH+~~F;;;;;;;16.20.02;3;3;1;1;4760;;1;5;4;7;3;6;3;12;18;7;9;16;
a07AH-G4~42~H2C;;r;;;;;16.20.07;3;3;1;1;4763;;1;5;4;7;3;6;3;12;18;7;9;16;
*04BH+~~~~2~A2;;;;;;;16.20.07;3;3;1;1;4763;;1;5;4;7;3;6;3;12;18;7;9;16;
*07DH+~~~43~E;;;;;;;16.20.10;3;3;1;1;4763;;1;5;4;7;3;6;3;12;18;7;9;16;
*04ET+~~B;;;;;;;16.20.10;3;3;1;1;4763;;1;5;4;7;3;6;3;12;18;7;9;16;
*06AT#Y9~91~H2X;p;p;;;;;16.20.12;3;3;1;1;4766;;1;5;4;7;3;6;3;12;18;7;9;16;
a03DT=~~~91~S;p;;;;;;16.20.12;3;3;1;1;4766;;1;5;4;7;3;6;3;12;18;7;9;16;
*p18:15;;;;;;;16.20.19;3;3;1;1;4770;;1;5;4;7;3;6;3;12;18;7;9;16;
*01SQ#~~~55;p;;;;;;16.20.39;3;3;1;1;4797;;1;5;4;7;3;6;3;12;18;7;9;16;
a09RQ=~~~55~W;p;;;;;;16.20.39;3;3;1;1;4797;;1;5;4;7;3;6;3;12;18;7;9;16;
*p19:15;;;;;;;16.20.44;3;3;1;1;4801;;1;5;4;7;3;6;3;12;18;7;9;16;
*01SQ+~~~56;;;;;;;16.21.16;3;3;1;1;4826;;1;5;4;7;3;6;3;12;18;7;9;16;
a10RQ-~~~56;;;;;;;16.21.16;3;3;1;1;4826;;1;5;4;7;3;6;3;12;18;7;9;16;
a03EH+~~B;;;;;;;16.21.16;3;3;1;1;4826;;1;5;4;7;3;6;3;12;18;7;9;16;
a12AH#G2~24~H2S;s;r;;;;;16.21.16;3;3;1;1;4829;;1;5;4;7;3;6;3;12;18;7;9;16;
*05BH=~~~~4~A2S;s;;;;;;16.21.16;3;3;1;1;4830;;1;5;4;7;3;6;3;12;18;7;9;16;
ap19:16;;;;;;;16.21.26;3;3;1;1;4832;;1;5;4;7;3;6;3;12;18;7;9;16;
az6;;;;;;;16.21.26;3;3;6;1;4842;;1;5;4;7;3;6;12;18;7;9;16;3;
a12SQ-~~~51;;;;;;;16.21.31;3;3;6;1;4848;;1;5;4;7;3;6;12;18;7;9;16;3;
*01RQ+~~~51~~~~21;;;;;;;16.21.31;3;3;6;1;4848;;1;5;4;7;3;6;12;18;7;9;16;3;
*04EQ+K1C;;;;;;;16.21.31;3;3;6;1;4848;;1;5;4;7;3;6;12;18;7;9;16;3;
*05AQ/J1~33~H2T;p;r;;;;;16.21.36;3;3;6;1;4851;;1;5;4;7;3;6;12;18;7;9;16;3;
a18BQ#~~~~3~T2T;p;;;;;;16.21.36;3;3;6;1;4851;;1;5;4;7;3;6;12;18;7;9;16;3;
ap19:17;;;;;;;16.21.41;3;3;6;1;4855;;1;5;4;7;3;6;12;18;7;9;16;3;
a12SQ#~~~55;p;;;;;;16.21.52;3;3;6;1;4870;;1;5;4;7;3;6;12;18;7;9;16;3;
*07RQ=~~~55~L;p;;;;;;16.21.52;3;3;6;1;4870;;1;5;4;7;3;6;12;18;7;9;16;3;
ap19:18;;;;;;;16.21.56;3;3;6;1;4874;;1;5;4;7;3;6;12;18;7;9;16;3;
*T;;;;;;;16.21.56;3;3;6;1;4872;;1;5;4;7;3;6;12;18;7;9;16;3;
a12SQ+~~~55;;;;;;;16.22.59;3;3;6;1;4937;;1;5;4;7;3;6;12;18;7;9;16;3;
*07RQ-~~~55;;;;;;;16.22.59;3;3;6;1;4937;;1;5;4;7;3;6;12;18;7;9;16;3;
*04EH+~~F;;;;;;;16.22.59;3;3;6;1;4937;;1;5;4;7;3;6;12;18;7;9;16;3;
*07AH-G4~45~H2;;r;;;;;16.23.04;3;3;6;1;4940;;1;5;4;7;3;6;12;18;7;9;16;3;
a12DH+~~~45;;;;;;;16.23.04;3;3;6;1;4940;;1;5;4;7;3;6;12;18;7;9;16;3;
a03EH#~~F;;;;;;;16.23.04;3;3;6;1;4940;;1;5;4;7;3;6;12;18;7;9;16;3;
a09AH#G4~42~H1S;p;p;;;;;16.23.07;3;3;6;1;4943;;1;5;4;7;3;6;12;18;7;9;16;3;
*05BH=~~~~2~A1S;p;;;;;;16.23.07;3;3;6;1;4943;;1;5;4;7;3;6;12;18;7;9;16;3;
ap19:19;;;;;;;16.23.10;3;3;6;1;4947;;1;5;4;7;3;6;12;18;7;9;16;3;
*c04:20;;;;;;;16.23.10;3;3;6;1;4946;;1;5;20;7;3;6;12;18;7;9;16;3;
*c06:10;;;;;;;16.23.10;3;3;6;1;4946;;1;5;20;7;3;10;12;18;7;9;16;3;
*P10;;;;;;;16.23.10;3;3;6;1;4946;;1;5;20;7;3;10;12;18;7;9;16;3;
*z6;;;;;;;16.23.10;3;6;6;1;4946;;1;5;20;7;3;10;12;18;7;9;16;3;
a12SM+~~~53;;;;;;;16.23.35;3;6;6;1;4971;;1;5;20;7;3;10;12;18;7;9;16;3;
*14RM-~~~53~W;;;;;;;16.23.35;3;6;6;1;4971;;1;5;20;7;3;10;12;18;7;9;16;3;
*05AH+G3~31~H2;;r;;;;;16.23.39;3;6;6;1;4974;;1;5;20;7;3;10;12;18;7;9;16;3;
a03DH/~~~31;;;;;;;16.23.39;3;6;6;1;4974;;1;5;20;7;3;10;12;18;7;9;16;3;
*20FH#;;;;;;;16.23.45;3;6;6;1;4975;;1;5;20;7;3;10;12;18;7;9;16;3;
*10EQ+~~C;;;;;;;16.23.45;3;6;6;1;4975;;1;5;20;7;3;10;12;18;7;9;16;3;
*05AQ#J4~36~H1;s;s;;;;;16.23.46;3;6;6;1;4978;;1;5;20;7;3;10;12;18;7;9;16;3;
a10DQ=~~~36~S;s;;;;;;16.23.46;3;6;6;1;4978;;1;5;20;7;3;10;12;18;7;9;16;3;
*p20:19;;;;;;;16.23.53;3;6;6;1;4985;;1;5;20;7;3;10;12;18;7;9;16;3;
*z5;;;;;;;16.23.53;3;5;6;1;4989;;5;20;7;3;10;1;12;18;7;9;16;3;
*c05:15;;;;;;;16.23.53;3;5;6;1;4989;;15;20;7;3;10;1;12;18;7;9;16;3;
*15SM!~~~51~~~~41;;;;;;;16.24.18;3;5;6;1;5017;;15;20;7;3;10;1;12;18;7;9;16;3;
a12RM!~~~51;;;;;;;16.24.18;3;5;6;1;5017;;15;20;7;3;10;1;12;18;7;9;16;3;
a03ET+KFB~~~~~~K1;;;;;;;16.24.18;3;5;6;1;5017;;15;20;7;3;10;1;12;18;7;9;16;3;
a07AT#W2~21~H2;s;r;;;;;16.24.24;3;5;6;1;5020;;15;20;7;3;10;1;12;18;7;9;16;3;
*01DT=~~~21~S;s;;;;;;16.24.24;3;5;6;1;5020;;15;20;7;3;10;1;12;18;7;9;16;3;
ap20:20;;;;;;;16.24.27;3;5;6;1;5024;;15;20;7;3;10;1;12;18;7;9;16;3;
az5;;;;;;;16.24.27;3;5;5;1;5023;;15;20;7;3;10;1;18;7;9;16;3;12;
*c15:05;;;;;;;16.24.27;3;5;5;1;5023;;5;20;7;3;10;1;18;7;9;16;3;12;
ac18:15;;;;;;;16.24.27;3;5;5;1;5023;;5;20;7;3;10;1;15;7;9;16;3;12;
a15SM!~~~59;;;;;;;16.24.56;3;5;5;1;5055;;5;20;7;3;10;1;15;7;9;16;3;12;
*14RM!~~~59~~~~22;;;;;;;16.24.56;3;5;5;1;5055;;5;20;7;3;10;1;15;7;9;16;3;12;
*10ET+K9B~~~~~~KE;;;;;;;16.24.56;3;5;5;1;5055;;5;20;7;3;10;1;15;7;9;16;3;12;
*20AT=W2~22~H2S;p;r;;;;;16.25.03;3;5;5;1;5058;;5;20;7;3;10;1;15;7;9;16;3;12;
a$$&H#;p;;;;;;16.25.03;3;5;5;1;5058;;5;20;7;3;10;1;15;7;9;16;3;12;
ap20:21;;;;;;;16.25.06;3;5;5;1;5062;;5;20;7;3;10;1;15;7;9;16;3;12;
a15SM=~~~51~~~O;s;;;;;;16.25.24;3;5;5;1;5083;;5;20;7;3;10;1;15;7;9;16;3;12;
*$$&H#;s;;;;;;16.25.24;3;5;5;1;5083;;5;20;7;3;10;1;15;7;9;16;3;12;
*p21:21;;;;;;;16.25.28;3;5;5;1;5089;;5;20;7;3;10;1;15;7;9;16;3;12;
*z4;;;;;;;16.25.28;3;4;5;1;5084;;20;7;3;10;1;5;15;7;9;16;3;12;
ac13:18;;;;;;;16.25.28;3;4;5;1;5084;;20;7;3;10;1;5;15;7;9;16;3;12;
*c20:04;;;;;;;16.25.28;3;4;5;1;5084;;4;7;3;10;1;5;15;7;9;16;3;12;
*c10:06;;;;;;;16.25.28;3;4;5;1;5084;;4;7;3;6;1;5;15;7;9;16;3;12;
*P4;;;;;;;16.25.28;3;4;5;1;5084;;4;7;3;6;1;5;15;7;9;16;3;12;
*z1;;;;;;;16.25.28;3;1;5;1;5084;;4;7;3;6;1;5;15;7;9;16;3;12;
*04SM-~~~17;;;;;;;16.26.01;3;1;5;1;5120;;4;7;3;6;1;5;15;7;9;16;3;12;
a09RM+~~~17~O;;;;;;;16.26.01;3;1;5;1;5120;;4;7;3;6;1;5;15;7;9;16;3;12;
a03EQ+K1C;;;;;;;16.26.01;3;1;5;1;5120;;4;7;3;6;1;5;15;7;9;16;3;12;
a16AQ#J4~39~H1X;s;r;;;;;16.26.07;3;1;5;1;5123;;4;7;3;6;1;5;15;7;9;16;3;12;
*04DQ=~~~39~S;s;;;;;;16.26.07;3;1;5;1;5123;;4;7;3;6;1;5;15;7;9;16;3;12;
ap21:22;;;;;;;16.26.11;3;1;5;1;5127;;4;7;3;6;1;5;15;7;9;16;3;12;
az4;;;;;;;16.26.11;3;1;4;1;5127;;4;7;3;6;1;5;7;9;16;3;12;15;
a07SQ=~~~66~~~O;s;;;;;;16.26.30;3;1;4;1;5147;;4;7;3;6;1;5;7;9;16;3;12;15;
*$$&H#;s;;;;;;16.26.30;3;1;4;1;5147;;4;7;3;6;1;5;7;9;16;3;12;15;
*p22:22;;;;;;;16.26.33;3;1;4;1;5152;;4;7;3;6;1;5;7;9;16;3;12;15;
*z6;;;;;;;16.26.33;3;6;4;1;5149;;7;3;6;1;5;4;7;9;16;3;12;15;
*07SQ-~~~66;;;;;;;16.26.51;3;6;4;1;5169;;7;3;6;1;5;4;7;9;16;3;12;15;
a12RQ+~~~66~~~~32;;;;;;;16.26.51;3;6;4;1;5169;;7;3;6;1;5;4;7;9;16;3;12;15;
a03ET+KBP;;;;;;;16.26.51;3;6;4;1;5169;;7;3;6;1;5;4;7;9;16;3;12;15;
a12AT+Y8~86~H2;;r;;;;;16.26.57;3;6;4;1;5172;;7;3;6;1;5;4;7;9;16;3;12;15;
*07DT/~~~86;;;;;;;16.26.57;3;6;4;1;5172;;7;3;6;1;5;4;7;9;16;3;12;15;
a10FH#;;;;;;;16.27.01;3;6;4;1;5173;;7;3;6;1;5;4;7;9;16;3;12;15;
a03ET+~~P;;;;;;;16.27.01;3;6;4;1;5173;;7;3;6;1;5;4;7;9;16;3;12;15;
a12AT-Y8~83~H3;;s;;;;;16.27.04;3;6;4;1;5176;;7;3;6;1;5;4;7;9;16;3;12;15;
*03BT+~~~~3~~3;;;;;;;16.27.04;3;6;4;1;5176;;7;3;6;1;5;4;7;9;16;3;12;15;
*07DH+;;;;;;;16.27.07;3;6;4;1;5176;;7;3;6;1;5;4;7;9;16;3;12;15;
*04EH+~~B;;;;;;;16.27.07;3;6;4;1;5176;;7;3;6;1;5;4;7;9;16;3;12;15;
*06AH+G2~24~T2;;p;;;;;16.27.09;3;6;4;1;5180;;7;3;6;1;5;4;7;9;16;3;12;15;
a16BH-~~~~4~~2;;;;;;;16.27.09;3;6;4;1;5180;;7;3;6;1;5;4;7;9;16;3;12;15;
*06DH/;;;;;;;16.27.09;3;6;4;1;5180;;7;3;6;1;5;4;7;9;16;3;12;15;
a16AO-V3~36~T1;;s;;;;;16.27.09;3;6;4;1;5182;;7;3;6;1;5;4;7;9;16;3;12;15;
*07DO+~~~36;;;;;;;16.27.09;3;6;4;1;5182;;7;3;6;1;5;4;7;9;16;3;12;15;
*04ET+~~B;;;;;;;16.27.09;3;6;4;1;5182;;7;3;6;1;5;4;7;9;16;3;12;15;
*06AT-W2~25~H2;;p;;;;;16.27.14;3;6;4;1;5185;;7;3;6;1;5;4;7;9;16;3;12;15;
a12DT+~~~25;;;;;;;16.27.14;3;6;4;1;5185;;7;3;6;1;5;4;7;9;16;3;12;15;
a07EH+~~F;;;;;;;16.27.14;3;6;4;1;5185;;7;3;6;1;5;4;7;9;16;3;12;15;
a09AH+G4~42~T1;;s;;;;;16.27.19;3;6;4;1;5188;;7;3;6;1;5;4;7;9;16;3;12;15;
*06BH-~~~~2~~1;;;;;;;16.27.19;3;6;4;1;5188;;7;3;6;1;5;4;7;9;16;3;12;15;
a09DH+;;;;;;;16.27.19;3;6;4;1;5188;;7;3;6;1;5;4;7;9;16;3;12;15;
a03ET+~~B;;;;;;;16.27.19;3;6;4;1;5188;;7;3;6;1;5;4;7;9;16;3;12;15;
a07AT+Y9~96DH1;;s;;;;;16.27.22;3;6;4;1;5191;;7;3;6;1;5;4;7;9;16;3;12;15;
*07DT/~~~96D;;;;;;;16.27.22;3;6;4;1;5191;;7;3;6;1;5;4;7;9;16;3;12;15;
a12FH+;;;;;;;16.27.22;3;6;4;1;5193;;7;3;6;1;5;4;7;9;16;3;12;15;
a03AO-JJ~33~T1C;;s;;;;;16.27.26;3;6;4;1;5195;;7;3;6;1;5;4;7;9;16;3;12;15;
*01BO+~~~~3~A1;;;;;;;16.27.26;3;6;4;1;5195;;7;3;6;1;5;4;7;9;16;3;12;15;
*01DH+;;;;;;;16.27.26;3;6;4;1;5195;;7;3;6;1;5;4;7;9;16;3;12;15;
*04EH+~~F;;;;;;;16.27.26;3;6;4;1;5195;;7;3;6;1;5;4;7;9;16;3;12;15;
*01AH#G4~41~H2;p;p;;;;;16.27.29;3;6;4;1;5198;;7;3;6;1;5;4;7;9;16;3;12;15;
a07DH=~~~41~S;p;;;;;;16.27.29;3;6;4;1;5198;;7;3;6;1;5;4;7;9;16;3;12;15;
*p23:22;;;;;;;16.27.34;3;6;4;1;5202;;7;3;6;1;5;4;7;9;16;3;12;15;
*07SQ-~~~66;;;;;;;16.28.06;3;6;4;1;5243;;7;3;6;1;5;4;7;9;16;3;12;15;
a12RQ+~~~66~~~~32;;;;;;;16.28.06;3;6;4;1;5243;;7;3;6;1;5;4;7;9;16;3;12;15;
a03ET+K1F;;;;;;;16.28.06;3;6;4;1;5243;;7;3;6;1;5;4;7;9;16;3;12;15;
a09AT#W4~42~H2F;s;r;;;;;16.28.11;3;6;4;1;5246;;7;3;6;1;5;4;7;9;16;3;12;15;
*06BT=~~~~2~A2F;s;;;;;;16.28.11;3;6;4;1;5246;;7;3;6;1;5;4;7;9;16;3;12;15;
ap23:23;;;;;;;16.28.18;3;6;4;1;5250;;7;3;6;1;5;4;7;9;16;3;12;15;
az3;;;;;;;16.28.18;3;6;3;1;5254;;7;3;6;1;5;4;9;16;3;12;15;7;
a09SM-~~~15;;;;;;;16.28.26;3;6;3;1;5264;;7;3;6;1;5;4;9;16;3;12;15;7;
*14RM#~~~15~O;;;;;;;16.28.26;3;6;3;1;5264;;7;3;6;1;5;4;9;16;3;12;15;7;
*04EQ+K1C;;;;;;;16.28.26;3;6;3;1;5264;;7;3;6;1;5;4;9;16;3;12;15;7;
*03AQ#J4~39BH1X;s;r;;;;;16.28.31;3;6;3;1;5267;;7;3;6;1;5;4;9;16;3;12;15;7;
a07DQ=~~~39BS;s;;;;;;16.28.31;3;6;3;1;5267;;7;3;6;1;5;4;9;16;3;12;15;7;
*p24:23;;;;;;;16.28.38;3;6;3;1;5271;;7;3;6;1;5;4;9;16;3;12;15;7;
*z5;;;;;;;16.28.38;3;5;3;1;5274;;3;6;1;5;4;7;9;16;3;12;15;7;
aT;;;;;;;16.28.38;3;5;3;1;5274;;3;6;1;5;4;7;9;16;3;12;15;7;
*03SM-~~~57;;;;;;;16.29.46;3;5;3;1;5345;;3;6;1;5;4;7;9;16;3;12;15;7;
a10RM#~~~57~O;;;;;;;16.29.46;3;5;3;1;5345;;3;6;1;5;4;7;9;16;3;12;15;7;
a03ET+K1F;;;;;;;16.29.46;3;5;3;1;5345;;3;6;1;5;4;7;9;16;3;12;15;7;
a12AT/W4~42~H2A;p;r;;;;;16.29.50;3;5;3;1;5348;;3;6;1;5;4;7;9;16;3;12;15;7;
*05BT#~~~~2~A2A;p;;;;;;16.29.50;3;5;3;1;5348;;3;6;1;5;4;7;9;16;3;12;15;7;
*p25:23;;;;;;;16.29.58;3;5;3;1;5352;;3;6;1;5;4;7;9;16;3;12;15;7;
**3set;;;;;;;16.29.58;4;5;3;1;5354;;;;;;;;;;;;;;
