*P16>LUp;;;;;;;;1;1;1;;;;12;16;14;17;3;11;13;22;11;12;26;15;
*z2>LUp;;;;;;;;1;2;1;;;;12;16;14;17;3;11;13;22;11;12;26;15;
aP13>LUp;;;;;;;;1;2;1;;;;12;16;14;17;3;11;13;22;11;12;26;15;
az1>LUp;;;;;;;;1;2;1;;;;12;16;14;17;3;11;13;22;11;12;26;15;
a13SM#~~~17A;p;;;;;;21.10.37;1;2;1;1;766;;12;16;14;17;3;11;13;22;11;12;26;15;
*14RM=~~~17AM;p;;;;;;21.10.37;1;2;1;1;766;;12;16;14;17;3;11;13;22;11;12;26;15;
ap00:01;;;;;;;21.10.42;1;2;1;1;771;;12;16;14;17;3;11;13;22;11;12;26;15;
a13SM+~~~15;;;;;;;21.10.57;1;2;1;1;785;;12;16;14;17;3;11;13;22;11;12;26;15;
*14RM-~~~15~O;;;;;;;21.10.57;1;2;1;1;785;;12;16;14;17;3;11;13;22;11;12;26;15;
*08EH+~~~~4;;;;;;;21.10.57;1;2;1;1;788;;12;16;14;17;3;11;13;22;11;12;26;15;
*14AH/G4~42~H3A;p;r;;;;;21.11.00;1;2;1;1;790;;12;16;14;17;3;11;13;22;11;12;26;15;
a11BH#~~~~2~A3A;p;;;;;;21.11.00;1;2;1;1;790;;12;16;14;17;3;11;13;22;11;12;26;15;
ap00:02;;;;;;;21.11.04;1;2;1;1;793;;12;16;14;17;3;11;13;22;11;12;26;15;
a13SM-~~~16C;;;;;;;21.11.19;1;2;1;1;809;;12;16;14;17;3;11;13;22;11;12;26;15;
*11RM+~~~16C~~~41;;;;;;;21.11.19;1;2;1;1;809;;12;16;14;17;3;11;13;22;11;12;26;15;
*16ET+KFF;;;;;;;21.11.19;1;2;1;1;809;;12;16;14;17;3;11;13;22;11;12;26;15;
*14AT+W4~49~H2;;r;;;;;21.11.24;1;2;1;1;814;;12;16;14;17;3;11;13;22;11;12;26;15;
a13DT/~~~49~S;;;;;;;21.11.24;1;2;1;1;814;;12;16;14;17;3;11;13;22;11;12;26;15;
*08FH#;;;;;;;21.11.28;1;2;1;1;819;;12;16;14;17;3;11;13;22;11;12;26;15;
*11AT#Y8~87~H0X1;s;s;;;;;21.11.31;1;2;1;1;821;;12;16;14;17;3;11;13;22;11;12;26;15;
a16DT=~~~87~S;s;;;;;;21.11.31;1;2;1;1;821;;12;16;14;17;3;11;13;22;11;12;26;15;
*p01:02;;;;;;;21.11.35;1;2;1;1;826;;12;16;14;17;3;11;13;22;11;12;26;15;
*z1;;;;;;;21.11.35;1;1;1;1;824;;16;14;17;3;11;12;13;22;11;12;26;15;
*16SM-~~~17;;;;;;;21.11.50;1;1;1;1;840;;16;14;17;3;11;12;13;22;11;12;26;15;
a26RM#~~~17~O;;;;;;;21.11.50;1;1;1;1;840;;16;14;17;3;11;12;13;22;11;12;26;15;
a13EQ+K1C;;;;;;;21.11.50;1;1;1;1;840;;16;14;17;3;11;12;13;22;11;12;26;15;
a11AQ#J4~31~H1X;s;r;;;;;21.11.55;1;1;1;1;843;;16;14;17;3;11;12;13;22;11;12;26;15;
*16DQ=~~~31~S;s;;;;;;21.11.55;1;1;1;1;843;;16;14;17;3;11;12;13;22;11;12;26;15;
ap01:03;;;;;;;21.11.58;1;1;1;1;845;;16;14;17;3;11;12;13;22;11;12;26;15;
az6;;;;;;;21.11.58;1;1;6;1;856;;16;14;17;3;11;12;22;11;12;26;15;13;
a22SM-~~~19;;;;;;;21.12.09;1;1;6;1;858;;16;14;17;3;11;12;22;11;12;26;15;13;
*14RM#~~~19;;;;;;;21.12.09;1;1;6;1;858;;16;14;17;3;11;12;22;11;12;26;15;13;
*16ET+K1F;;;;;;;21.12.09;1;1;6;1;858;;16;14;17;3;11;12;22;11;12;26;15;13;
*03AT#W4~47~H1X;s;r;;;;;21.12.12;1;1;6;1;862;;16;14;17;3;11;12;22;11;12;26;15;13;
a16DT=~~~47~S;s;;;;;;21.12.12;1;1;6;1;862;;16;14;17;3;11;12;22;11;12;26;15;13;
*p02:03;;;;;;;21.12.15;1;1;6;1;865;;16;14;17;3;11;12;22;11;12;26;15;13;
*z6;;;;;;;21.12.15;1;6;6;1;866;;14;17;3;11;12;16;22;11;12;26;15;13;
*14SQ-~~~11;;;;;;;21.12.34;1;6;6;1;883;;14;17;3;11;12;16;22;11;12;26;15;13;
a22RQ#~~~11;;;;;;;21.12.34;1;6;6;1;883;;14;17;3;11;12;16;22;11;12;26;15;13;
a13ET+K1B;;;;;;;21.12.34;1;6;6;1;883;;14;17;3;11;12;16;22;11;12;26;15;13;
a12AT-W2~24~H2C;;r;;;;;21.12.38;1;6;6;1;889;;14;17;3;11;12;16;22;11;12;26;15;13;
*11BT+~~~~4~A2;;;;;;;21.12.38;1;6;6;1;889;;14;17;3;11;12;16;22;11;12;26;15;13;
a16DH+;;;;;;;21.12.41;1;6;6;1;890;;14;17;3;11;12;16;22;11;12;26;15;13;
a12AT#W2~25~H2X1;s;s;;;;;21.12.42;1;6;6;1;893;;14;17;3;11;12;16;22;11;12;26;15;13;
*08DT=~~~25~E~E;s;;;;;;21.12.42;1;6;6;1;893;;14;17;3;11;12;16;22;11;12;26;15;13;
ap02:04;;;;;;;21.12.59;1;6;6;1;897;;14;17;3;11;12;16;22;11;12;26;15;13;
az5;;;;;;;21.12.59;1;6;5;1;903;;14;17;3;11;12;16;11;12;26;15;13;22;
a11SQ-~~~11D;;;;;;;21.13.09;1;6;5;1;918;;14;17;3;11;12;16;11;12;26;15;13;22;
*14RQ+~~~11D~~~31;;;;;;;21.13.09;1;6;5;1;918;;14;17;3;11;12;16;11;12;26;15;13;22;
*16ET+K1B;;;;;;;21.13.09;1;6;5;1;918;;14;17;3;11;12;16;11;12;26;15;13;22;
*03AT=W2~25~H2O;p;r;;;;;21.13.13;1;6;5;1;923;;14;17;3;11;12;16;11;12;26;15;13;22;
a$$&H#;p;;;;;;21.13.13;1;6;5;1;923;;14;17;3;11;12;16;11;12;26;15;13;22;
ap02:05;;;;;;;21.13.25;1;6;5;1;927;;14;17;3;11;12;16;11;12;26;15;13;22;
a11SQ-~~~16;;;;;;;21.13.55;1;6;5;1;966;;14;17;3;11;12;16;11;12;26;15;13;22;
*08RQ+~~~16~~~~41;;;;;;;21.13.55;1;6;5;1;966;;14;17;3;11;12;16;11;12;26;15;13;22;
*16ET+KFF;;;;;;;21.13.55;1;6;5;1;966;;14;17;3;11;12;16;11;12;26;15;13;22;
*11AT-W4~49~T2;;r;;;;;21.14.01;1;6;5;1;971;;14;17;3;11;12;16;11;12;26;15;13;22;
a13DT+~~~49~E;;;;;;;21.14.01;1;6;5;1;971;;14;17;3;11;12;16;11;12;26;15;13;22;
a26AT/W4~42~H3A4;s;p;;;;;21.14.07;1;6;5;1;975;;14;17;3;11;12;16;11;12;26;15;13;22;
*03BT#~~~~2~A3A;s;;;;;;21.14.07;1;6;5;1;975;;14;17;3;11;12;16;11;12;26;15;13;22;
*p03:05;;;;;;;21.14.17;1;6;5;1;977;;14;17;3;11;12;16;11;12;26;15;13;22;
*z5;;;;;;;21.14.17;1;5;5;1;979;;17;3;11;12;16;14;11;12;26;15;13;22;
*17SM-~~~59;;;;;;;21.14.21;1;5;5;1;992;;17;3;11;12;16;14;11;12;26;15;13;22;
a16RM#~~~59;;;;;;;21.14.21;1;5;5;1;992;;17;3;11;12;16;14;11;12;26;15;13;22;
a13EQ+KCC;;;;;;;21.14.21;1;5;5;1;992;;17;3;11;12;16;14;11;12;26;15;13;22;
a15AQ+J4~39~T4;;r;;;;;21.14.27;1;5;5;1;996;;17;3;11;12;16;14;11;12;26;15;13;22;
*16DQ/~~~39;;;;;;;21.14.27;1;5;5;1;996;;17;3;11;12;16;14;11;12;26;15;13;22;
a12FH+;;;;;;;21.14.31;1;5;5;1;1001;;17;3;11;12;16;14;11;12;26;15;13;22;
a12AT#W2~24~H2O1;s;s;;;;;21.14.32;1;5;5;1;1004;;17;3;11;12;16;14;11;12;26;15;13;22;
*11BT=~~~~4~A2O;s;;;;;;21.14.32;1;5;5;1;1004;;17;3;11;12;16;14;11;12;26;15;13;22;
ap03:06;;;;;;;21.14.36;1;5;5;1;1007;;17;3;11;12;16;14;11;12;26;15;13;22;
az4;;;;;;;21.14.36;1;5;4;1;1025;;17;3;11;12;16;14;12;26;15;13;22;11;
a12SQ=~~~16~~~O;s;;;;;;21.14.51;1;5;4;1;1021;;17;3;11;12;16;14;12;26;15;13;22;11;
*$$&H#;s;;;;;;21.14.51;1;5;4;1;1021;;17;3;11;12;16;14;12;26;15;13;22;11;
*p04:06;;;;;;;21.14.55;1;5;4;1;1026;;17;3;11;12;16;14;12;26;15;13;22;11;
*z4;;;;;;;21.14.55;1;4;4;1;1024;;3;11;12;16;14;17;12;26;15;13;22;11;
*03SQ-~~~11;;;;;;;21.15.11;1;4;4;1;1042;;3;11;12;16;14;17;12;26;15;13;22;11;
a16RQ+~~~11~~~~32;;;;;;;21.15.11;1;4;4;1;1042;;3;11;12;16;14;17;12;26;15;13;22;11;
a13ET+K1B;;;;;;;21.15.11;1;4;4;1;1042;;3;11;12;16;14;17;12;26;15;13;22;11;
a12AT-Y9~9~~H2C;;r;;;;;21.15.17;1;4;4;1;1047;;3;11;12;16;14;17;12;26;15;13;22;11;
*12BT+~~~~4~~2;;;;;;;21.15.17;1;4;4;1;1047;;3;11;12;16;14;17;12;26;15;13;22;11;
*03DT+~~~91~B;;;;;;;21.15.17;1;4;4;1;1049;;3;11;12;16;14;17;12;26;15;13;22;11;
*11AT-W4~42~H2C2;;p;;;;;21.15.20;1;4;4;1;1051;;3;11;12;16;14;17;12;26;15;13;22;11;
a13BT+~~~~2~A2;;;;;;;21.15.20;1;4;4;1;1051;;3;11;12;16;14;17;12;26;15;13;22;11;
a12DH+~~~41~B;;;;;;;21.15.22;1;4;4;1;1051;;3;11;12;16;14;17;12;26;15;13;22;11;
a13EH/;;;;;;;21.15.19;1;4;4;1;1053;;3;11;12;16;14;17;12;26;15;13;22;11;
*16FH+;;;;;;;21.15.19;1;4;4;1;1056;;3;11;12;16;14;17;12;26;15;13;22;11;
*11EH+~~B~9;;;;;;;21.15.25;1;4;4;1;1056;;3;11;12;16;14;17;12;26;15;13;22;11;
*03AH#G9~94~H3O4;p;p;;;;;21.15.28;1;4;4;1;1059;;3;11;12;16;14;17;12;26;15;13;22;11;
a15BH=~~~~4~A3O;p;;;;;;21.15.28;1;4;4;1;1059;;3;11;12;16;14;17;12;26;15;13;22;11;
*p05:06;;;;;;;21.15.41;1;4;4;1;1064;;3;11;12;16;14;17;12;26;15;13;22;11;
*03SQ/~~~16;;;;;;;21.15.51;1;4;4;1;1081;;3;11;12;16;14;17;12;26;15;13;22;11;
a22RQ/~~~16;;;;;;;21.15.51;1;4;4;1;1081;;3;11;12;16;14;17;12;26;15;13;22;11;
*12AO-V3~3~~T1C;;p;;;;;21.15.56;1;4;4;1;1085;;3;11;12;16;14;17;12;26;15;13;22;11;
a22DO+~~~3~~S;;;;;;;21.15.56;1;4;4;1;1085;;3;11;12;16;14;17;12;26;15;13;22;11;
a15AQ+J4~39~H2C1;;s;;;;;21.16.10;1;4;4;1;1088;;3;11;12;16;14;17;12;26;15;13;22;11;
*03DQ/~~~39~B;;;;;;;21.16.10;1;4;4;1;1087;;3;11;12;16;14;17;12;26;15;13;22;11;
a15FH#;;;;;;;21.16.10;1;4;4;1;1090;;3;11;12;16;14;17;12;26;15;13;22;11;
a12AT#Y9~91~H2X1;s;s;;;;;21.16.14;1;4;4;1;1093;;3;11;12;16;14;17;12;26;15;13;22;11;
*14DT=~~~91~S;s;;;;;;21.16.14;1;4;4;1;1093;;3;11;12;16;14;17;12;26;15;13;22;11;
ap05:07;;;;;;;21.16.19;1;4;4;1;1096;;3;11;12;16;14;17;12;26;15;13;22;11;
az3;;;;;;;21.16.19;1;4;3;1;1102;;3;11;12;16;14;17;26;15;13;22;11;12;
a26SM#~~~17;p;;;;;;21.16.20;1;4;3;1;1110;;3;11;12;16;14;17;26;15;13;22;11;12;
*11RM=~~~17~M;p;;;;;;21.16.20;1;4;3;1;1110;;3;11;12;16;14;17;26;15;13;22;11;12;
ap05:08;;;;;;;21.16.25;1;4;3;1;1114;;3;11;12;16;14;17;26;15;13;22;11;12;
a26SM!~~~15;;;;;;;21.16.37;1;4;3;1;1127;;3;11;12;16;14;17;26;15;13;22;11;12;
*11RM!~~~15~~~~42;;;;;;;21.16.37;1;4;3;1;1127;;3;11;12;16;14;17;26;15;13;22;11;12;
*16ET+KFB;;;;;;;21.16.37;1;4;3;1;1127;;3;11;12;16;14;17;26;15;13;22;11;12;
*03AT/Y9~94~H2A;p;r;;;;;21.16.42;1;4;3;1;1132;;3;11;12;16;14;17;26;15;13;22;11;12;
a22BT#~~~~4~A2A;p;;;;;;21.16.42;1;4;3;1;1132;;3;11;12;16;14;17;26;15;13;22;11;12;
ap05:09;;;;;;;21.16.48;1;4;3;1;1135;;3;11;12;16;14;17;26;15;13;22;11;12;
a26SM=~~~1~~~~N;s;;;;;;21.16.59;1;4;3;1;1149;;3;11;12;16;14;17;26;15;13;22;11;12;
*$$&H#;s;;;;;;21.16.59;1;4;3;1;1149;;3;11;12;16;14;17;26;15;13;22;11;12;
*p06:09;;;;;;;21.17.03;1;4;3;1;1154;;3;11;12;16;14;17;26;15;13;22;11;12;
*z3;;;;;;;21.17.03;1;3;3;1;1155;;11;12;16;14;17;3;26;15;13;22;11;12;
*11SQ=~~~55~~~O;s;;;;;;21.17.28;1;3;3;1;1178;;11;12;16;14;17;3;26;15;13;22;11;12;
a$$&H#;s;;;;;;21.17.28;1;3;3;1;1178;;11;12;16;14;17;3;26;15;13;22;11;12;
ap06:10;;;;;;;21.17.32;1;3;3;1;1183;;11;12;16;14;17;3;26;15;13;22;11;12;
az2;;;;;;;21.17.32;1;3;2;1;1185;;11;12;16;14;17;3;15;13;22;11;12;26;
a15SM-~~~18;;;;;;;21.17.49;1;3;2;1;1200;;11;12;16;14;17;3;15;13;22;11;12;26;
*08RM#~~~18;;;;;;;21.17.49;1;3;2;1;1200;;11;12;16;14;17;3;15;13;22;11;12;26;
*16ET+K2B;;;;;;;21.17.49;1;3;2;1;1200;;11;12;16;14;17;3;15;13;22;11;12;26;
*03AT#Y9~96AH1X;s;r;;;;;21.17.55;1;3;2;1;1205;;11;12;16;14;17;3;15;13;22;11;12;26;
a26DT=~~~96AS;s;;;;;;21.17.55;1;3;2;1;1205;;11;12;16;14;17;3;15;13;22;11;12;26;
*p07:10;;;;;;;21.17.59;1;3;2;1;1208;;11;12;16;14;17;3;15;13;22;11;12;26;
*z2;;;;;;;21.17.59;1;2;2;1;1210;;12;16;14;17;3;11;15;13;22;11;12;26;
*12SM-~~~51;;;;;;;21.18.11;1;2;2;1;1222;;12;16;14;17;3;11;15;13;22;11;12;26;
a16RM#~~~51~O;;;;;;;21.18.11;1;2;2;1;1222;;12;16;14;17;3;11;15;13;22;11;12;26;
a13EQ+K1C;;;;;;;21.18.11;1;2;2;1;1222;;12;16;14;17;3;11;15;13;22;11;12;26;
a11AQ+J4~33~H2C;;r;;;;;21.18.17;1;2;2;1;1224;;12;16;14;17;3;11;15;13;22;11;12;26;
*17BQ-~~~~3~T2;;;;;;;21.18.17;1;2;2;1;1224;;12;16;14;17;3;11;15;13;22;11;12;26;
a16EH+~~B~9;;;;;;;21.18.21;1;2;2;1;1229;;12;16;14;17;3;11;15;13;22;11;12;26;
a12AH=G9~91~H2O4;p;s;;;;;21.18.21;1;2;2;1;1230;;12;16;14;17;3;11;15;13;22;11;12;26;
*$$&H#;p;;;;;;21.18.21;1;2;2;1;1230;;12;16;14;17;3;11;15;13;22;11;12;26;
*p08:10;;;;;;;21.18.24;1;2;2;1;1233;;12;16;14;17;3;11;15;13;22;11;12;26;
*12SM-~~~59;;;;;;;21.18.37;1;2;2;1;1249;;12;16;14;17;3;11;15;13;22;11;12;26;
a16RM+~~~59~~~~21;;;;;;;21.18.37;1;2;2;1;1249;;12;16;14;17;3;11;15;13;22;11;12;26;
a13ET+K2B;;;;;;;21.18.37;1;2;2;1;1249;;12;16;14;17;3;11;15;13;22;11;12;26;
a12AT+Y9~96~H4C;;r;;;;;21.18.43;1;2;2;1;1252;;12;16;14;17;3;11;15;13;22;11;12;26;
*11DT-~~~96~B;;;;;;;21.18.43;1;2;2;1;1252;;12;16;14;17;3;11;15;13;22;11;12;26;
*14AO#V4~4~~T0X;p;p;;;;;21.18.50;1;2;2;1;1255;;12;16;14;17;3;11;15;13;22;11;12;26;
a$$&H=;p;;;;;;21.18.50;1;2;2;1;1255;;12;16;14;17;3;11;15;13;22;11;12;26;
*p09:10;;;;;;;21.18.57;1;2;2;1;1260;;12;16;14;17;3;11;15;13;22;11;12;26;
aT;;;;;;;21.18.57;1;2;2;1;1268;;12;16;14;17;3;11;15;13;22;11;12;26;
*12SM-~~~51;;;;;;;21.20.03;1;2;2;1;1334;;12;16;14;17;3;11;15;13;22;11;12;26;
a16RM+~~~51~O~~31;;;;;;;21.20.03;1;2;2;1;1334;;12;16;14;17;3;11;15;13;22;11;12;26;
a13ET+KCF;;;;;;;21.20.03;1;2;2;1;1334;;12;16;14;17;3;11;15;13;22;11;12;26;
a22AT!W4~42~H2A;;r;;;;;21.20.08;1;2;2;1;1338;;12;16;14;17;3;11;15;13;22;11;12;26;
*17BT/~~~~2~A2A;s;;;;;;21.20.08;1;2;2;1;1338;;12;16;14;17;3;11;15;13;22;11;12;26;
a$$&H#;s;;;;;;21.20.08;1;2;2;1;1338;;12;16;14;17;3;11;15;13;22;11;12;26;
ap09:11;;;;;;;21.20.21;1;2;2;1;1342;;12;16;14;17;3;11;15;13;22;11;12;26;
az1;;;;;;;21.20.21;1;2;1;1;1331;;12;16;14;17;3;11;13;22;11;12;26;15;
a13SM-~~~18D;;;;;;;21.20.28;1;2;1;1;1359;;12;16;14;17;3;11;13;22;11;12;26;15;
*14RM#~~~18DO;;;;;;;21.20.28;1;2;1;1;1359;;12;16;14;17;3;11;13;22;11;12;26;15;
*16EQ+K2C;;;;;;;21.20.28;1;2;1;1;1359;;12;16;14;17;3;11;13;22;11;12;26;15;
*17AQ-J2~36~H1C;;r;;;;;21.20.34;1;2;1;1;1362;;12;16;14;17;3;11;13;22;11;12;26;15;
a11BQ+~~~~3~T1;;;;;;;21.20.34;1;2;1;1;1362;;12;16;14;17;3;11;13;22;11;12;26;15;
a22AT+W4~41~H2C2;;p;;;;;21.20.36;1;2;1;1;1366;;12;16;14;17;3;11;13;22;11;12;26;15;
*08DT/~~~41~B;;;;;;;21.20.36;1;2;1;1;1366;;12;16;14;17;3;11;13;22;11;12;26;15;
a11FH#;;;;;;;21.20.36;1;2;1;1;1370;;12;16;14;17;3;11;13;22;11;12;26;15;
a11AQ#J4~33~H1F2;p;p;;;;;21.20.42;1;2;1;1;1373;;12;16;14;17;3;11;13;22;11;12;26;15;
*17BQ=~~~~3~T1F;p;;;;;;21.20.42;1;2;1;1;1373;;12;16;14;17;3;11;13;22;11;12;26;15;
ap09:12;;;;;;;21.20.47;1;2;1;1;1374;;12;16;14;17;3;11;13;22;11;12;26;15;
a13SM+~~~17;;;;;;;21.21.00;1;2;1;1;1391;;12;16;14;17;3;11;13;22;11;12;26;15;
*14RM-~~~17~O;;;;;;;21.21.00;1;2;1;1;1391;;12;16;14;17;3;11;13;22;11;12;26;15;
*17EH+~~~~4;;;;;;;21.21.00;1;2;1;1;1394;;12;16;14;17;3;11;13;22;11;12;26;15;
*14AH=G4~4~~P2N;p;r;;;;;21.21.05;1;2;1;1;1396;;12;16;14;17;3;11;13;22;11;12;26;15;
a$$&H#;p;;;;;;21.21.05;1;2;1;1;1396;;12;16;14;17;3;11;13;22;11;12;26;15;
ap09:13;;;;;;;21.21.13;1;2;1;1;1399;;12;16;14;17;3;11;13;22;11;12;26;15;
*T;;;;;;;21.21.13;1;2;1;1;1393;;12;16;14;17;3;11;13;22;11;12;26;15;
a13SM-~~~17;;;;;;;21.22.10;1;2;1;1;1461;;12;16;14;17;3;11;13;22;11;12;26;15;
*14RM+~~~17~~~~32;;;;;;;21.22.10;1;2;1;1;1461;;12;16;14;17;3;11;13;22;11;12;26;15;
*16ET+K1F;;;;;;;21.22.10;1;2;1;1;1461;;12;16;14;17;3;11;13;22;11;12;26;15;
*14AT#W4~42~H2O;s;r;;;;;21.22.15;1;2;1;1;1465;;12;16;14;17;3;11;13;22;11;12;26;15;
a11BT=~~~~2~A2O;s;;;;;;21.22.15;1;2;1;1;1465;;12;16;14;17;3;11;13;22;11;12;26;15;
a26DT=~~~45~B;;;;;;;21.22.20;1;2;1;1;1466;;12;16;14;17;3;11;13;22;11;12;26;15;
*p10:13;;;;;;;21.22.25;1;2;1;1;1470;;12;16;14;17;3;11;13;22;11;12;26;15;
*z1;;;;;;;21.22.25;1;1;1;1;1473;;16;14;17;3;11;12;13;22;11;12;26;15;
*16SQ/~~~16;;;;;;;21.22.33;1;1;1;1;1483;;16;14;17;3;11;12;13;22;11;12;26;15;
a26RQ/~~~16~W;;;;;;;21.22.33;1;1;1;1;1483;;16;14;17;3;11;12;13;22;11;12;26;15;
a13EH=~~~~~~~~U;p;;;;;;21.22.33;1;1;1;1;1483;;16;14;17;3;11;12;13;22;11;12;26;15;
*$$&H#;p;;;;;;21.22.33;1;1;1;1;1483;;16;14;17;3;11;12;13;22;11;12;26;15;
*p11:13;;;;;;;21.22.41;1;1;1;1;1488;;16;14;17;3;11;12;13;22;11;12;26;15;
*16SQ-~~~16;;;;;;;21.22.55;1;1;1;1;1504;;16;14;17;3;11;12;13;22;11;12;26;15;
a16RQ#~~~16;;;;;;;21.22.55;1;1;1;1;1504;;16;14;17;3;11;12;13;22;11;12;26;15;
a13ET+K1F;;;;;;;21.22.55;1;1;1;1;1504;;16;14;17;3;11;12;13;22;11;12;26;15;
a12AT-W4~49~T2;;r;;;;;21.22.59;1;1;1;1;1508;;16;14;17;3;11;12;13;22;11;12;26;15;
*16DT+~~~49~E;;;;;;;21.22.59;1;1;1;1;1508;;16;14;17;3;11;12;13;22;11;12;26;15;
*08EH+~~B~2;;;;;;;21.22.59;1;1;1;1;1511;;16;14;17;3;11;12;13;22;11;12;26;15;
*03AH#G2~24~H2S4;p;p;;;;;21.23.03;1;1;1;1;1513;;16;14;17;3;11;12;13;22;11;12;26;15;
a22BH=~~~~4~A2S;p;;;;;;21.23.03;1;1;1;1;1513;;16;14;17;3;11;12;13;22;11;12;26;15;
*p12:13;;;;;;;21.23.12;1;1;1;1;1516;;16;14;17;3;11;12;13;22;11;12;26;15;
*16SQ+~~~16C;;;;;;;21.23.20;1;1;1;1;1529;;16;14;17;3;11;12;13;22;11;12;26;15;
a16RQ-~~~16C;;;;;;;21.23.20;1;1;1;1;1529;;16;14;17;3;11;12;13;22;11;12;26;15;
a12AH#G4~42~H2F;s;r;;;;;21.23.24;1;1;1;1;1535;;16;14;17;3;11;12;13;22;11;12;26;15;
*03BH=~~~~2~A2F;s;;;;;;21.23.24;1;1;1;1;1535;;16;14;17;3;11;12;13;22;11;12;26;15;
ap12:14;;;;;;;21.23.29;1;1;1;1;1538;;16;14;17;3;11;12;13;22;11;12;26;15;
az6;;;;;;;21.23.29;1;1;6;1;1539;;16;14;17;3;11;12;22;11;12;26;15;13;
a22SM-~~~59;;;;;;;21.23.43;1;1;6;1;1553;;16;14;17;3;11;12;22;11;12;26;15;13;
*14RM+~~~59~O~~21;;;;;;;21.23.43;1;1;6;1;1553;;16;14;17;3;11;12;22;11;12;26;15;13;
*16ET+KBF;;;;;;;21.23.43;1;1;6;1;1553;;16;14;17;3;11;12;22;11;12;26;15;13;
*03AT=W4~41~H4S;p;r;;;;;21.23.46;1;1;6;1;1557;;16;14;17;3;11;12;22;11;12;26;15;13;
a$$&H#;p;;;;;;21.23.46;1;1;6;1;1557;;16;14;17;3;11;12;22;11;12;26;15;13;
ap12:15;;;;;;;21.23.53;1;1;6;1;1559;;16;14;17;3;11;12;22;11;12;26;15;13;
a22SM+~~~59;;;;;;;21.24.00;1;1;6;1;1570;;16;14;17;3;11;12;22;11;12;26;15;13;
*14RM-~~~59;;;;;;;21.24.00;1;1;6;1;1570;;16;14;17;3;11;12;22;11;12;26;15;13;
*08EH+~~F~4;;;;;;;21.24.04;1;1;6;1;1574;;16;14;17;3;11;12;22;11;12;26;15;13;
*03AH#G4~45~H3X;s;r;;;;;21.24.05;1;1;6;1;1575;;16;14;17;3;11;12;22;11;12;26;15;13;
a16DH=~~~45~S;s;;;;;;21.24.05;1;1;6;1;1575;;16;14;17;3;11;12;22;11;12;26;15;13;
*p13:15;;;;;;;21.24.11;1;1;6;1;1578;;16;14;17;3;11;12;22;11;12;26;15;13;
*z6;;;;;;;21.24.11;1;6;6;1;1571;;14;17;3;11;12;16;22;11;12;26;15;13;
*14SQ!~~~16;;;;;;;21.24.29;1;6;6;1;1598;;14;17;3;11;12;16;22;11;12;26;15;13;
a16RQ!~~~16~~~~21;;;;;;;21.24.29;1;6;6;1;1598;;14;17;3;11;12;16;22;11;12;26;15;13;
a13EQ+KCC;;;;;;;21.24.29;1;6;6;1;1598;;14;17;3;11;12;16;22;11;12;26;15;13;
a11AQ-J4~33~H1C;;r;;;;;21.24.33;1;6;6;1;1603;;14;17;3;11;12;16;22;11;12;26;15;13;
*17BQ+~~~~3~A1;;;;;;;21.24.33;1;6;6;1;1603;;14;17;3;11;12;16;22;11;12;26;15;13;
*16DQ+~~~39;;;;;;;21.24.33;1;6;6;1;1605;;14;17;3;11;12;16;22;11;12;26;15;13;
*14AH#G8~85~H1X3;p;p;;;;;21.24.36;1;6;6;1;1606;;14;17;3;11;12;16;22;11;12;26;15;13;
a16DH=~~~85~S;p;;;;;;21.24.36;1;6;6;1;1606;;14;17;3;11;12;16;22;11;12;26;15;13;
*p14:15;;;;;;;21.24.40;1;6;6;1;1610;;14;17;3;11;12;16;22;11;12;26;15;13;
*14SQ#~~~16B;p;;;;;;21.25.01;1;6;6;1;1631;;14;17;3;11;12;16;22;11;12;26;15;13;
a22RQ=~~~16BL;p;;;;;;21.25.01;1;6;6;1;1631;;14;17;3;11;12;16;22;11;12;26;15;13;
*p15:15;;;;;;;21.25.07;1;6;6;1;1637;;14;17;3;11;12;16;22;11;12;26;15;13;
*14SQ+~~~16;;;;;;;21.25.28;1;6;6;1;1659;;14;17;3;11;12;16;22;11;12;26;15;13;
a16RQ-~~~16;;;;;;;21.25.28;1;6;6;1;1659;;14;17;3;11;12;16;22;11;12;26;15;13;
a12AH+G2~26~P0;;r;;;;;21.25.33;1;6;6;1;1665;;14;17;3;11;12;16;22;11;12;26;15;13;
*14DH-~~~26~S;;;;;;;21.25.33;1;6;6;1;1665;;14;17;3;11;12;16;22;11;12;26;15;13;
*11AT#W4~46~H2X2;p;p;;;;;21.25.37;1;6;6;1;1669;;14;17;3;11;12;16;22;11;12;26;15;13;
a22DT=~~~46~S;p;;;;;;21.25.37;1;6;6;1;1669;;14;17;3;11;12;16;22;11;12;26;15;13;
*p16:15;;;;;;;21.25.42;1;6;6;1;1672;;14;17;3;11;12;16;22;11;12;26;15;13;
*14SQ-~~~11;;;;;;;21.26.02;1;6;6;1;1693;;14;17;3;11;12;16;22;11;12;26;15;13;
a22RQ+~~~11~~~~41;;;;;;;21.26.02;1;6;6;1;1693;;14;17;3;11;12;16;22;11;12;26;15;13;
a13ET+KFF;;;;;;;21.26.02;1;6;6;1;1693;;14;17;3;11;12;16;22;11;12;26;15;13;
a26AT-W4~44~H2;;r;;;;;21.26.08;1;6;6;1;1698;;14;17;3;11;12;16;22;11;12;26;15;13;
*11DT+~~~44~S;;;;;;;21.26.08;1;6;6;1;1698;;14;17;3;11;12;16;22;11;12;26;15;13;
*11AT-W4~46~H2~2;;p;;;;;21.26.11;1;6;6;1;1702;;14;17;3;11;12;16;22;11;12;26;15;13;
a22DT+~~~46~B;;;;;;;21.26.11;1;6;6;1;1702;;14;17;3;11;12;16;22;11;12;26;15;13;
a26EH+~~B~2;;;;;;;21.26.11;1;6;6;1;1703;;14;17;3;11;12;16;22;11;12;26;15;13;
a12AH#G2~24~H2S4;s;s;;;;;21.26.14;1;6;6;1;1705;;14;17;3;11;12;16;22;11;12;26;15;13;
*11BH=~~~~4~A2S;s;;;;;;21.26.14;1;6;6;1;1705;;14;17;3;11;12;16;22;11;12;26;15;13;
ap16:16;;;;;;;21.26.22;1;6;6;1;1708;;14;17;3;11;12;16;22;11;12;26;15;13;
az5;;;;;;;21.26.22;1;6;5;1;1692;;14;17;3;11;12;16;11;12;26;15;13;22;
a11SQ=~~~1~~~~N;s;;;;;;21.27.10;1;6;5;1;1760;;14;17;3;11;12;16;11;12;26;15;13;22;
*$$&H#;s;;;;;;21.27.10;1;6;5;1;1760;;14;17;3;11;12;16;11;12;26;15;13;22;
*p17:16;;;;;;;21.27.13;1;6;5;1;1765;;14;17;3;11;12;16;11;12;26;15;13;22;
*z5;;;;;;;21.27.13;1;5;5;1;1753;;17;3;11;12;16;14;11;12;26;15;13;22;
*c17:07;;;;;;;21.27.13;1;5;5;1;1753;;7;3;11;12;16;14;11;12;26;15;13;22;
*07SM-~~~56;;;;;;;21.27.38;1;5;5;1;1789;;7;3;11;12;16;14;11;12;26;15;13;22;
a22RM+~~~56~O~~21;;;;;;;21.27.38;1;5;5;1;1789;;7;3;11;12;16;14;11;12;26;15;13;22;
a13ET+K1B;;;;;;;21.27.38;1;5;5;1;1789;;7;3;11;12;16;14;11;12;26;15;13;22;
a12AT#W2~21~H2X;s;r;;;;;21.27.43;1;5;5;1;1794;;7;3;11;12;16;14;11;12;26;15;13;22;
*14DT=~~~21~S;s;;;;;;21.27.43;1;5;5;1;1794;;7;3;11;12;16;14;11;12;26;15;13;22;
ap17:17;;;;;;;21.27.46;1;5;5;1;1797;;7;3;11;12;16;14;11;12;26;15;13;22;
az4;;;;;;;21.27.46;1;5;4;1;1756;;7;3;11;12;16;14;12;26;15;13;22;11;
*c07:17;;;;;;;21.27.46;1;5;4;1;1756;;17;3;11;12;16;14;12;26;15;13;22;11;
a12SQ=~~~15~~~O;s;;;;;;21.28.05;1;5;4;1;1815;;17;3;11;12;16;14;12;26;15;13;22;11;
*$$&H#;s;;;;;;21.28.05;1;5;4;1;1815;;17;3;11;12;16;14;12;26;15;13;22;11;
*p18:17;;;;;;;21.28.09;1;5;4;1;1820;;17;3;11;12;16;14;12;26;15;13;22;11;
*z4;;;;;;;21.28.09;1;4;4;1;1821;;3;11;12;16;14;17;12;26;15;13;22;11;
*03SQ!~~~16;;;;;;;21.28.25;1;4;4;1;1836;;3;11;12;16;14;17;12;26;15;13;22;11;
a22RQ!~~~16~~~~41;;;;;;;21.28.25;1;4;4;1;1836;;3;11;12;16;14;17;12;26;15;13;22;11;
a13ET+KFF;;;;;;;21.28.25;1;4;4;1;1836;;3;11;12;16;14;17;12;26;15;13;22;11;
a26AT#W4~47~H2X;s;r;;;;;21.28.31;1;4;4;1;1841;;3;11;12;16;14;17;12;26;15;13;22;11;
*08DT=~~~47~S;s;;;;;;21.28.31;1;4;4;1;1841;;3;11;12;16;14;17;12;26;15;13;22;11;
ap18:18;;;;;;;21.28.34;1;4;4;1;1844;;3;11;12;16;14;17;12;26;15;13;22;11;
az3;;;;;;;21.28.34;1;4;3;1;1845;;3;11;12;16;14;17;26;15;13;22;11;12;
a26SM-~~~18;;;;;;;21.28.52;1;4;3;1;1863;;3;11;12;16;14;17;26;15;13;22;11;12;
*14RM+~~~18~~~~31;;;;;;;21.28.52;1;4;3;1;1863;;3;11;12;16;14;17;26;15;13;22;11;12;
*16ET+K1F;;;;;;;21.28.52;1;4;3;1;1863;;3;11;12;16;14;17;26;15;13;22;11;12;
*11AT#W4~47~H1X;s;r;;;;;21.28.56;1;4;3;1;1866;;3;11;12;16;14;17;26;15;13;22;11;12;
a26DT=~~~47~S;s;;;;;;21.28.56;1;4;3;1;1866;;3;11;12;16;14;17;26;15;13;22;11;12;
*p19:18;;;;;;;21.29.00;1;4;3;1;1869;;3;11;12;16;14;17;26;15;13;22;11;12;
*z3;;;;;;;21.29.00;1;3;3;1;1870;;11;12;16;14;17;3;26;15;13;22;11;12;
*11SQ=~~~55~~~O;s;;;;;;21.29.20;1;3;3;1;1891;;11;12;16;14;17;3;26;15;13;22;11;12;
a$$&H#;s;;;;;;21.29.20;1;3;3;1;1891;;11;12;16;14;17;3;26;15;13;22;11;12;
ap19:19;;;;;;;21.29.24;1;3;3;1;1895;;11;12;16;14;17;3;26;15;13;22;11;12;
az2;;;;;;;21.29.24;1;3;2;1;1897;;11;12;16;14;17;3;15;13;22;11;12;26;
a15SM-~~~16;;;;;;;21.29.45;1;3;2;1;1916;;11;12;16;14;17;3;15;13;22;11;12;26;
*08RM#~~~16;;;;;;;21.29.45;1;3;2;1;1916;;11;12;16;14;17;3;15;13;22;11;12;26;
*16ET+K1P;;;;;;;21.29.45;1;3;2;1;1916;;11;12;16;14;17;3;15;13;22;11;12;26;
*11AT#Y8~85~H0X;s;r;;;;;21.29.50;1;3;2;1;1920;;11;12;16;14;17;3;15;13;22;11;12;26;
a26DT=~~~85~S;s;;;;;;21.29.50;1;3;2;1;1920;;11;12;16;14;17;3;15;13;22;11;12;26;
*p20:19;;;;;;;21.29.53;1;3;2;1;1922;;11;12;16;14;17;3;15;13;22;11;12;26;
*z2;;;;;;;21.29.53;1;2;2;1;1924;;12;16;14;17;3;11;15;13;22;11;12;26;
*12SM-~~~59;;;;;;;21.30.08;1;2;2;1;1938;;12;16;14;17;3;11;15;13;22;11;12;26;
a16RM#~~~59;;;;;;;21.30.08;1;2;2;1;1938;;12;16;14;17;3;11;15;13;22;11;12;26;
a13ET+K1B;;;;;;;21.30.08;1;2;2;1;1938;;12;16;14;17;3;11;15;13;22;11;12;26;
a12AT#Y9~95~H2X;s;r;;;;;21.30.12;1;2;2;1;1942;;12;16;14;17;3;11;15;13;22;11;12;26;
*11DT=~~~95~S;s;;;;;;21.30.12;1;2;2;1;1942;;12;16;14;17;3;11;15;13;22;11;12;26;
ap20:20;;;;;;;21.30.17;1;2;2;1;1945;;12;16;14;17;3;11;15;13;22;11;12;26;
az1;;;;;;;21.30.17;1;2;1;1;1947;;12;16;14;17;3;11;13;22;11;12;26;15;
a13SM-~~~17;;;;;;;21.30.31;1;2;1;1;1961;;12;16;14;17;3;11;13;22;11;12;26;15;
*14RM#~~~17;;;;;;;21.30.31;1;2;1;1;1961;;12;16;14;17;3;11;13;22;11;12;26;15;
*16ET+K2B;;;;;;;21.30.31;1;2;1;1;1961;;12;16;14;17;3;11;13;22;11;12;26;15;
*03AT/Y9~94~H1A;p;r;;;;;21.30.36;1;2;1;1;1965;;12;16;14;17;3;11;13;22;11;12;26;15;
a22BT#~~~~4~A1A;p;;;;;;21.30.36;1;2;1;1;1964;;12;16;14;17;3;11;13;22;11;12;26;15;
ap20:21;;;;;;;21.30.39;1;2;1;1;1969;;12;16;14;17;3;11;13;22;11;12;26;15;
a13SM-~~~59;;;;;;;21.30.55;1;2;1;1;1986;;12;16;14;17;3;11;13;22;11;12;26;15;
*08RM#~~~59;;;;;;;21.30.55;1;2;1;1;1986;;12;16;14;17;3;11;13;22;11;12;26;15;
*16EQ+K1C;;;;;;;21.30.55;1;2;1;1;1986;;12;16;14;17;3;11;13;22;11;12;26;15;
*17AQ-J4~39~H4C;;r;;;;;21.31.01;1;2;1;1;1990;;12;16;14;17;3;11;13;22;11;12;26;15;
a22BQ+~~~~3~T4;;;;;;;21.31.01;1;2;1;1;1990;;12;16;14;17;3;11;13;22;11;12;26;15;
a13DQ+~~~39~S;;;;;;;21.31.01;1;2;1;1;1991;;12;16;14;17;3;11;13;22;11;12;26;15;
a16EH+~~B~2;;;;;;;21.31.03;1;2;1;1;1992;;12;16;14;17;3;11;13;22;11;12;26;15;
a12AH/G2~24~H2A4;s;p;;;;;21.31.04;1;2;1;1;1994;;12;16;14;17;3;11;13;22;11;12;26;15;
*17BH#~~~~4~A2;s;;;;;;21.31.04;1;2;1;1;1994;;12;16;14;17;3;11;13;22;11;12;26;15;
*p21:21;;;;;;;21.31.08;1;2;1;1;1997;;12;16;14;17;3;11;13;22;11;12;26;15;
*z1;;;;;;;21.31.08;1;1;1;1;2001;;16;14;17;3;11;12;13;22;11;12;26;15;
*16SQ=~~~16~~~O;s;;;;;;21.31.24;1;1;1;1;2013;;16;14;17;3;11;12;13;22;11;12;26;15;
a$$&H#;s;;;;;;21.31.24;1;1;1;1;2013;;16;14;17;3;11;12;13;22;11;12;26;15;
ap21:22;;;;;;;21.31.25;1;1;1;1;2018;;16;14;17;3;11;12;13;22;11;12;26;15;
az6;;;;;;;21.31.25;1;1;6;1;2022;;16;14;17;3;11;12;22;11;12;26;15;13;
a22SM-~~~59;;;;;;;21.31.39;1;1;6;1;2029;;16;14;17;3;11;12;22;11;12;26;15;13;
*14RM+~~~59~~~~21;;;;;;;21.31.39;1;1;6;1;2029;;16;14;17;3;11;12;22;11;12;26;15;13;
*16ET+KBB;;;;;;;21.31.39;1;1;6;1;2029;;16;14;17;3;11;12;22;11;12;26;15;13;
*14AT+W2~24~H2C;;r;;;;;21.31.43;1;1;6;1;2033;;16;14;17;3;11;12;22;11;12;26;15;13;
a11BT-~~~~4~A2;;;;;;;21.31.43;1;1;6;1;2034;;16;14;17;3;11;12;22;11;12;26;15;13;
a13DH/;;;;;;;21.31.43;1;1;6;1;2035;;16;14;17;3;11;12;22;11;12;26;15;13;
*08FH#;;;;;;;21.31.48;1;1;6;1;2038;;16;14;17;3;11;12;22;11;12;26;15;13;
*11AT#Y8~81~H0X1;s;s;;;;;21.31.51;1;1;6;1;2040;;16;14;17;3;11;12;22;11;12;26;15;13;
a13DT=~~~81~S;s;;;;;;21.31.51;1;1;6;1;2040;;16;14;17;3;11;12;22;11;12;26;15;13;
*p22:22;;;;;;;21.31.54;1;1;6;1;2044;;16;14;17;3;11;12;22;11;12;26;15;13;
*z6;;;;;;;21.31.54;1;6;6;1;2047;;14;17;3;11;12;16;22;11;12;26;15;13;
*14SQ/~~~16;;;;;;;21.32.14;1;6;6;1;2064;;14;17;3;11;12;16;22;11;12;26;15;13;
a16RQ/~~~16;;;;;;;21.32.14;1;6;6;1;2064;;14;17;3;11;12;16;22;11;12;26;15;13;
a13EH=~~~~~~~~Z;p;;;;;;21.32.21;1;6;6;1;2069;;14;17;3;11;12;16;22;11;12;26;15;13;
*$$&H#;p;;;;;;21.32.21;1;6;6;1;2069;;14;17;3;11;12;16;22;11;12;26;15;13;
*p23:22;;;;;;;21.32.23;1;6;6;1;2073;;14;17;3;11;12;16;22;11;12;26;15;13;
aT;;;;;;;21.32.23;1;6;6;1;2081;;14;17;3;11;12;16;22;11;12;26;15;13;
*14SQ-~~~11;;;;;;;21.33.37;1;6;6;1;2147;;14;17;3;11;12;16;22;11;12;26;15;13;
a22RQ+~~~11~~~~41;;;;;;;21.33.37;1;6;6;1;2147;;14;17;3;11;12;16;22;11;12;26;15;13;
a13EQ+KFC;;;;;;;21.33.37;1;6;6;1;2147;;14;17;3;11;12;16;22;11;12;26;15;13;
a11AQ-J4~39~T4;;r;;;;;21.33.42;1;6;6;1;2150;;14;17;3;11;12;16;22;11;12;26;15;13;
*16DQ+~~~39~S;;;;;;;21.33.42;1;6;6;1;2150;;14;17;3;11;12;16;22;11;12;26;15;13;
*08EH+~~B~2;;;;;;;21.33.45;1;6;6;1;2154;;14;17;3;11;12;16;22;11;12;26;15;13;
*03AH+G2~29~H2~4;;p;;;;;21.33.47;1;6;6;1;2156;;14;17;3;11;12;16;22;11;12;26;15;13;
a13DH/~~~29;;;;;;;21.33.47;1;6;6;1;2156;;14;17;3;11;12;16;22;11;12;26;15;13;
*08FH+;;;;;;;21.33.50;1;6;6;1;2159;;14;17;3;11;12;16;22;11;12;26;15;13;
*11AT-W4~46~H2~1;;p;;;;;21.33.51;1;6;6;1;2161;;14;17;3;11;12;16;22;11;12;26;15;13;
a26DT+~~~46~S;;;;;;;21.33.51;1;6;6;1;2161;;14;17;3;11;12;16;22;11;12;26;15;13;
a16EH=~~~~~~~~Z;p;;;;;;21.33.54;1;6;6;1;2164;;14;17;3;11;12;16;22;11;12;26;15;13;
*$$&H#;p;;;;;;21.33.54;1;6;6;1;2164;;14;17;3;11;12;16;22;11;12;26;15;13;
*p24:22;;;;;;;21.34.02;1;6;6;1;2168;;14;17;3;11;12;16;22;11;12;26;15;13;
*14SQ/~~~16;;;;;;;21.34.32;1;6;6;1;2202;;14;17;3;11;12;16;22;11;12;26;15;13;
a16RQ/~~~16;;;;;;;21.34.32;1;6;6;1;2202;;14;17;3;11;12;16;22;11;12;26;15;13;
a13EH=;p;;;;;;21.34.45;1;6;6;1;2206;;14;17;3;11;12;16;22;11;12;26;15;13;
*$$&H#;p;;;;;;21.34.45;1;6;6;1;2206;;14;17;3;11;12;16;22;11;12;26;15;13;
*p25:22;;;;;;;21.34.46;1;6;6;1;2213;;14;17;3;11;12;16;22;11;12;26;15;13;
**1set;;;;;;;21.34.46;2;6;6;1;2215;;;;;;;;;;;;;;
*P16>LUp;;;;;;;21.34.46;2;6;6;1;2273;;16;14;17;3;11;12;15;13;22;11;12;26;
*z1>LUp;;;;;;;21.34.46;2;1;6;1;2275;;16;14;17;3;11;12;15;13;22;11;12;26;
aP13>LUp;;;;;;;21.34.46;2;1;6;1;2276;;16;14;17;3;11;12;15;13;22;11;12;26;
az2>LUp;;;;;;;21.34.46;2;1;2;1;2277;;16;14;17;3;11;12;15;13;22;11;12;26;
*16SM+~~~15;;;;;;;21.39.04;2;1;2;1;2474;;16;14;17;3;11;12;15;13;22;11;12;26;
a22RM-~~~15;;;;;;;21.39.04;2;1;2;1;2474;;16;14;17;3;11;12;15;13;22;11;12;26;
a16EH+~~~~9;;;;;;;21.39.07;2;1;2;1;2477;;16;14;17;3;11;12;15;13;22;11;12;26;
a12AH=G9~96~P2O;p;r;;;;;21.39.09;2;1;2;1;2479;;16;14;17;3;11;12;15;13;22;11;12;26;
*$$&H#;p;;;;;;21.39.09;2;1;2;1;2479;;16;14;17;3;11;12;15;13;22;11;12;26;
*p01:00;;;;;;;21.39.14;2;1;2;1;2482;;16;14;17;3;11;12;15;13;22;11;12;26;
*16SM#~~~17;p;;;;;;21.39.25;2;1;2;1;2495;;16;14;17;3;11;12;15;13;22;11;12;26;
a22RM=~~~17~M;p;;;;;;21.39.25;2;1;2;1;2495;;16;14;17;3;11;12;15;13;22;11;12;26;
*p02:00;;;;;;;21.39.31;2;1;2;1;2501;;16;14;17;3;11;12;15;13;22;11;12;26;
*16SM-~~~17;;;;;;;21.39.43;2;1;2;1;2513;;16;14;17;3;11;12;15;13;22;11;12;26;
a22RM+~~~17~~~~32;;;;;;;21.39.43;2;1;2;1;2513;;16;14;17;3;11;12;15;13;22;11;12;26;
a13EQ+K1C;;;;;;;21.39.43;2;1;2;1;2513;;16;14;17;3;11;12;15;13;22;11;12;26;
a11AQ+J1~37~H1;;r;;;;;21.39.47;2;1;2;1;2517;;16;14;17;3;11;12;15;13;22;11;12;26;
*08DQ/~~~37~S;;;;;;;21.39.47;2;1;2;1;2517;;16;14;17;3;11;12;15;13;22;11;12;26;
a26FH#;;;;;;;21.39.51;2;1;2;1;2521;;16;14;17;3;11;12;15;13;22;11;12;26;
a12AT+Y9~96~H4~1;;s;;;;;21.39.53;2;1;2;1;2524;;16;14;17;3;11;12;15;13;22;11;12;26;
*11DT/~~~96~S;;;;;;;21.39.53;2;1;2;1;2524;;16;14;17;3;11;12;15;13;22;11;12;26;
a22AT-W4~49~T2~1;;s;;;;;21.39.58;2;1;2;1;2528;;16;14;17;3;11;12;15;13;22;11;12;26;
*16DT+~~~49~E;;;;;;;21.39.58;2;1;2;1;2528;;16;14;17;3;11;12;15;13;22;11;12;26;
*11EH+~~B~2;;;;;;;21.40.00;2;1;2;1;2530;;16;14;17;3;11;12;15;13;22;11;12;26;
*03AH/G2~24~H2A4;s;p;;;;;21.40.06;2;1;2;1;2532;;16;14;17;3;11;12;15;13;22;11;12;26;
a22BH#~~~~4~A2A;s;;;;;;21.40.06;2;1;2;1;2532;;16;14;17;3;11;12;15;13;22;11;12;26;
ap02:01;;;;;;;21.40.12;2;1;2;1;2535;;16;14;17;3;11;12;15;13;22;11;12;26;
az1;;;;;;;21.40.12;2;1;1;1;2536;;16;14;17;3;11;12;13;22;11;12;26;15;
a13SM-~~~15;;;;;;;21.40.23;2;1;1;1;2553;;16;14;17;3;11;12;13;22;11;12;26;15;
*11RM#~~~15;;;;;;;21.40.23;2;1;1;1;2553;;16;14;17;3;11;12;13;22;11;12;26;15;
*16EQ+K1C;;;;;;;21.40.23;2;1;1;1;2553;;16;14;17;3;11;12;13;22;11;12;26;15;
*17AQ=J4~31~H2O;p;r;;;;;21.40.27;2;1;1;1;2557;;16;14;17;3;11;12;13;22;11;12;26;15;
a11BQ/~~~~3~T2T;s;;;;;;21.40.27;2;1;1;1;2557;;16;14;17;3;11;12;13;22;11;12;26;15;
*p03:01;;;;;;;21.40.41;2;1;1;1;2560;;16;14;17;3;11;12;13;22;11;12;26;15;
*z6;;;;;;;21.40.41;2;6;1;1;2563;;14;17;3;11;12;16;13;22;11;12;26;15;
*14SQ+~~~11;;;;;;;21.40.52;2;6;1;1;2582;;14;17;3;11;12;16;13;22;11;12;26;15;
a22RQ-~~~11;;;;;;;21.40.52;2;6;1;1;2582;;14;17;3;11;12;16;13;22;11;12;26;15;
a22AH/G2~24~H2A;p;r;;;;;21.40.58;2;6;1;1;2589;;14;17;3;11;12;16;13;22;11;12;26;15;
*11BH#~~~~4~A2A;p;;;;;;21.40.58;2;6;1;1;2589;;14;17;3;11;12;16;13;22;11;12;26;15;
*p04:01;;;;;;;21.41.03;2;6;1;1;2592;;14;17;3;11;12;16;13;22;11;12;26;15;
*14SQ!~~~16;;;;;;;21.41.21;2;6;1;1;2611;;14;17;3;11;12;16;13;22;11;12;26;15;
a16RQ!~~~16~~~~32;;;;;;;21.41.21;2;6;1;1;2611;;14;17;3;11;12;16;13;22;11;12;26;15;
a13ET+K8F;;;;;;;21.41.21;2;6;1;1;2611;;14;17;3;11;12;16;13;22;11;12;26;15;
a12AT#W4~42~H2F;s;r;;;;;21.41.26;2;6;1;1;2617;;14;17;3;11;12;16;13;22;11;12;26;15;
*17BT=~~~~2~A2F;s;;;;;;21.41.26;2;6;1;1;2617;;14;17;3;11;12;16;13;22;11;12;26;15;
ap04:02;;;;;;;21.41.30;2;6;1;1;2619;;14;17;3;11;12;16;13;22;11;12;26;15;
az6;;;;;;;21.41.30;2;6;6;1;2626;;14;17;3;11;12;16;22;11;12;26;15;13;
a22SM-~~~51C;;;;;;;21.41.43;2;6;6;1;2633;;14;17;3;11;12;16;22;11;12;26;15;13;
*14RM+~~~51CO~~31;;;;;;;21.41.43;2;6;6;1;2633;;14;17;3;11;12;16;22;11;12;26;15;13;
*16EQ+K1C;;;;;;;21.41.43;2;6;6;1;2633;;14;17;3;11;12;16;22;11;12;26;15;13;
*17AQ=J4~35~H1S;p;r;;;;;21.41.49;2;6;6;1;2637;;14;17;3;11;12;16;22;11;12;26;15;13;
a$$&H#;p;;;;;;21.41.49;2;6;6;1;2637;;14;17;3;11;12;16;22;11;12;26;15;13;
ap04:03;;;;;;;21.41.52;2;6;6;1;2640;;14;17;3;11;12;16;22;11;12;26;15;13;
*c17:01;;;;;;;21.41.52;2;6;6;1;2641;;14;1;3;11;12;16;22;11;12;26;15;13;
a22SM-~~~59;;;;;;;21.42.06;2;6;6;1;2656;;14;1;3;11;12;16;22;11;12;26;15;13;
*14RM+~~~59~~~~22;;;;;;;21.42.06;2;6;6;1;2656;;14;1;3;11;12;16;22;11;12;26;15;13;
*16EQ+K1C;;;;;;;21.42.06;2;6;6;1;2656;;14;1;3;11;12;16;22;11;12;26;15;13;
*01AQ#J4~35~H1X;s;r;;;;;21.42.09;2;6;6;1;2659;;14;1;3;11;12;16;22;11;12;26;15;13;
a16DQ=~~~35~S;s;;;;;;21.42.09;2;6;6;1;2659;;14;1;3;11;12;16;22;11;12;26;15;13;
*p05:03;;;;;;;21.42.12;2;6;6;1;2663;;14;1;3;11;12;16;22;11;12;26;15;13;
*z5;;;;;;;21.42.12;2;5;6;1;2670;;1;3;11;12;16;14;22;11;12;26;15;13;
*01SQ#~~~16;p;;;;;;21.42.26;2;5;6;1;2676;;1;3;11;12;16;14;22;11;12;26;15;13;
a16RQ=~~~16~M;p;;;;;;21.42.26;2;5;6;1;2676;;1;3;11;12;16;14;22;11;12;26;15;13;
*p06:03;;;;;;;21.42.37;2;5;6;1;2684;;1;3;11;12;16;14;22;11;12;26;15;13;
*01SQ=~~~1~~~~N;s;;;;;;21.42.47;2;5;6;1;2697;;1;3;11;12;16;14;22;11;12;26;15;13;
a$$&H#;s;;;;;;21.42.47;2;5;6;1;2697;;1;3;11;12;16;14;22;11;12;26;15;13;
ap06:04;;;;;;;21.42.50;2;5;6;1;2702;;1;3;11;12;16;14;22;11;12;26;15;13;
az5;;;;;;;21.42.50;2;5;5;1;2703;;1;3;11;12;16;14;11;12;26;15;13;22;
a11SQ-~~~11;;;;;;;21.43.08;2;5;5;1;2718;;1;3;11;12;16;14;11;12;26;15;13;22;
*08RQ#~~~11;;;;;;;21.43.08;2;5;5;1;2718;;1;3;11;12;16;14;11;12;26;15;13;22;
*16EQ+K1C;;;;;;;21.43.08;2;5;5;1;2718;;1;3;11;12;16;14;11;12;26;15;13;22;
*12AQ#J1~37~H1S;s;r;;;;;21.43.12;2;5;5;1;2723;;1;3;11;12;16;14;11;12;26;15;13;22;
a15BQ=~~~~3~T1S;s;;;;;;21.43.12;2;5;5;1;2723;;1;3;11;12;16;14;11;12;26;15;13;22;
*p07:04;;;;;;;21.43.16;2;5;5;1;2725;;1;3;11;12;16;14;11;12;26;15;13;22;
*z4;;;;;;;21.43.16;2;4;5;1;2727;;3;11;12;16;14;1;11;12;26;15;13;22;
*03SQ!~~~11;;;;;;;21.43.31;2;4;5;1;2741;;3;11;12;16;14;1;11;12;26;15;13;22;
a16RQ!~~~11~~~~32;;;;;;;21.43.31;2;4;5;1;2741;;3;11;12;16;14;1;11;12;26;15;13;22;
a13ET+K8B;;;;;;;21.43.31;2;4;5;1;2741;;3;11;12;16;14;1;11;12;26;15;13;22;
a12AT/W2~24~H2A;p;r;;;;;21.43.36;2;4;5;1;2747;;3;11;12;16;14;1;11;12;26;15;13;22;
*11BT#~~~~4~A2A;p;;;;;;21.43.36;2;4;5;1;2747;;3;11;12;16;14;1;11;12;26;15;13;22;
*p08:04;;;;;;;21.43.40;2;4;5;1;2751;;3;11;12;16;14;1;11;12;26;15;13;22;
*03SQ-~~~15;;;;;;;21.43.58;2;4;5;1;2768;;3;11;12;16;14;1;11;12;26;15;13;22;
a26RQ#~~~15;;;;;;;21.43.58;2;4;5;1;2768;;3;11;12;16;14;1;11;12;26;15;13;22;
a13EQ+K1C;;;;;;;21.43.58;2;4;5;1;2768;;3;11;12;16;14;1;11;12;26;15;13;22;
a15AQ#J4~33~H1F;s;r;;;;;21.44.02;2;4;5;1;2773;;3;11;12;16;14;1;11;12;26;15;13;22;
*12BQ=~~~~3~T1F;s;;;;;;21.44.02;2;4;5;1;2773;;3;11;12;16;14;1;11;12;26;15;13;22;
ap08:05;;;;;;;21.44.09;2;4;5;1;2775;;3;11;12;16;14;1;11;12;26;15;13;22;
az4;;;;;;;21.44.09;2;4;4;1;2797;;3;11;12;16;14;1;12;26;15;13;22;11;
a12SQ!~~~11C;;;;;;;21.44.20;2;4;4;1;2790;;3;11;12;16;14;1;12;26;15;13;22;11;
*08RQ!~~~11C~~~42;;;;;;;21.44.20;2;4;4;1;2790;;3;11;12;16;14;1;12;26;15;13;22;11;
*16ET+K8F;;;;;;;21.44.20;2;4;4;1;2790;;3;11;12;16;14;1;12;26;15;13;22;11;
*11AT+W4~42~T2;;r;;;;;21.44.25;2;4;4;1;2795;;3;11;12;16;14;1;12;26;15;13;22;11;
a13DT/~~~42~E;;;;;;;21.44.25;2;4;4;1;2795;;3;11;12;16;14;1;12;26;15;13;22;11;
*03FH#;;;;;;;21.44.29;2;4;4;1;2800;;3;11;12;16;14;1;12;26;15;13;22;11;
*12AQ#J1~37~H1X1;s;s;;;;;21.44.31;2;4;4;1;2802;;3;11;12;16;14;1;12;26;15;13;22;11;
a22DQ=~~~37~S;s;;;;;;21.44.31;2;4;4;1;2802;;3;11;12;16;14;1;12;26;15;13;22;11;
*p09:05;;;;;;;21.44.42;2;4;4;1;2807;;3;11;12;16;14;1;12;26;15;13;22;11;
*z3;;;;;;;21.44.42;2;3;4;1;2808;;11;12;16;14;1;3;12;26;15;13;22;11;
*11SQ=~~~5~~~~N;s;;;;;;21.44.58;2;3;4;1;2828;;11;12;16;14;1;3;12;26;15;13;22;11;
a$$&H#;s;;;;;;21.44.58;2;3;4;1;2828;;11;12;16;14;1;3;12;26;15;13;22;11;
ap09:06;;;;;;;21.45.01;2;3;4;1;2833;;11;12;16;14;1;3;12;26;15;13;22;11;
az3;;;;;;;21.45.01;2;3;3;1;2836;;11;12;16;14;1;3;26;15;13;22;11;12;
a26SM-~~~18;;;;;;;21.45.14;2;3;3;1;2845;;11;12;16;14;1;3;26;15;13;22;11;12;
*14RM+~~~18~O~~32;;;;;;;21.45.14;2;3;3;1;2845;;11;12;16;14;1;3;26;15;13;22;11;12;
*16ET+K8B;;;;;;;21.45.14;2;3;3;1;2845;;11;12;16;14;1;3;26;15;13;22;11;12;
*03AT#Y9~94~H2S;s;r;;;;;21.45.19;2;3;3;1;2849;;11;12;16;14;1;3;26;15;13;22;11;12;
a15BT=~~~~4~A2S;s;;;;;;21.45.19;2;3;3;1;2849;;11;12;16;14;1;3;26;15;13;22;11;12;
*p10:06;;;;;;;21.45.24;2;3;3;1;2852;;11;12;16;14;1;3;26;15;13;22;11;12;
*z2;;;;;;;21.45.24;2;2;3;1;2852;;12;16;14;1;3;11;26;15;13;22;11;12;
*12SM-~~~56;;;;;;;21.45.33;2;2;3;1;2864;;12;16;14;1;3;11;26;15;13;22;11;12;
a16RM+~~~56~~~~21;;;;;;;21.45.33;2;2;3;1;2864;;12;16;14;1;3;11;26;15;13;22;11;12;
a13ET+KBB;;;;;;;21.45.33;2;2;3;1;2864;;12;16;14;1;3;11;26;15;13;22;11;12;
a12AT-Y9~94~H2C;;r;;;;;21.45.39;2;2;3;1;2868;;12;16;14;1;3;11;26;15;13;22;11;12;
*14BT+~~~~4~A2;;;;;;;21.45.39;2;2;3;1;2868;;12;16;14;1;3;11;26;15;13;22;11;12;
a15DH+~~~9~~C;;;;;;;21.45.39;2;2;3;1;2868;;12;16;14;1;3;11;26;15;13;22;11;12;
a22AO-V4~42~T1C;;s;;;;;21.45.42;2;2;3;1;2871;;12;16;14;1;3;11;26;15;13;22;11;12;
*16BO+~~~~2~A1;;;;;;;21.45.42;2;2;3;1;2871;;12;16;14;1;3;11;26;15;13;22;11;12;
*14FH+;;;;;;;21.45.45;2;2;3;1;2875;;12;16;14;1;3;11;26;15;13;22;11;12;
*01AQ+J4~33~H1C1;;p;;;;;21.45.46;2;2;3;1;2877;;12;16;14;1;3;11;26;15;13;22;11;12;
a15BQ-~~~~3~T1;;;;;;;21.45.46;2;2;3;1;2878;;12;16;14;1;3;11;26;15;13;22;11;12;
a15AO=V3~3~~T0;p;s;;;;;21.45.51;2;2;3;1;2878;;12;16;14;1;3;11;26;15;13;22;11;12;
*$$&H#;p;;;;;;21.45.51;2;2;3;1;2878;;12;16;14;1;3;11;26;15;13;22;11;12;
*p11:06;;;;;;;21.45.55;2;2;3;1;2883;;12;16;14;1;3;11;26;15;13;22;11;12;
*12SM+~~~51;;;;;;;21.46.05;2;2;3;1;2896;;12;16;14;1;3;11;26;15;13;22;11;12;
a26RM-~~~51;;;;;;;21.46.05;2;2;3;1;2896;;12;16;14;1;3;11;26;15;13;22;11;12;
a13AO+JJ~33~T1C;;r;;;;;21.46.13;2;2;3;1;2898;;12;16;14;1;3;11;26;15;13;22;11;12;
*14BO-~~~~3~A1;;;;;;;21.46.13;2;2;3;1;2898;;12;16;14;1;3;11;26;15;13;22;11;12;
a12AT#Y9~91~H2X2;s;s;;;;;21.46.19;2;2;3;1;2903;;12;16;14;1;3;11;26;15;13;22;11;12;
*11DT=~~~91~S;s;;;;;;21.46.19;2;2;3;1;2903;;12;16;14;1;3;11;26;15;13;22;11;12;
ap11:07;;;;;;;21.46.23;2;2;3;1;2907;;12;16;14;1;3;11;26;15;13;22;11;12;
az2;;;;;;;21.46.23;2;2;2;1;2911;;12;16;14;1;3;11;15;13;22;11;12;26;
a15SM!~~~57;;;;;;;21.46.36;2;2;2;1;2926;;12;16;14;1;3;11;15;13;22;11;12;26;
*14RM!~~~57~~~~32;;;;;;;21.46.36;2;2;2;1;2926;;12;16;14;1;3;11;15;13;22;11;12;26;
*16ET+K8F;;;;;;;21.46.36;2;2;2;1;2926;;12;16;14;1;3;11;15;13;22;11;12;26;
*14AT#W4~42~H2O;s;r;;;;;21.46.39;2;2;2;1;2930;;12;16;14;1;3;11;15;13;22;11;12;26;
a11BT=~~~~2~A2O;s;;;;;;21.46.39;2;2;2;1;2930;;12;16;14;1;3;11;15;13;22;11;12;26;
*p12:07;;;;;;;21.46.43;2;2;2;1;2933;;12;16;14;1;3;11;15;13;22;11;12;26;
*z1;;;;;;;21.46.43;2;1;2;1;2936;;16;14;1;3;11;12;15;13;22;11;12;26;
*16SQ/~~~16;;;;;;;21.46.58;2;1;2;1;2948;;16;14;1;3;11;12;15;13;22;11;12;26;
a26RQ/~~~16;;;;;;;21.46.58;2;1;2;1;2948;;16;14;1;3;11;12;15;13;22;11;12;26;
*14FH#;;;;;;;21.47.02;2;1;2;1;2951;;16;14;1;3;11;12;15;13;22;11;12;26;
*01AQ#J4~39~H1X1;p;p;;;;;21.47.03;2;1;2;1;2954;;16;14;1;3;11;12;15;13;22;11;12;26;
a12DQ=~~~39~S;p;;;;;;21.47.03;2;1;2;1;2954;;16;14;1;3;11;12;15;13;22;11;12;26;
*p13:07;;;;;;;21.47.14;2;1;2;1;2956;;16;14;1;3;11;12;15;13;22;11;12;26;
*16SQ+~~~15;;;;;;;21.47.28;2;1;2;1;2974;;16;14;1;3;11;12;15;13;22;11;12;26;
a22RQ-~~~15;;;;;;;21.47.28;2;1;2;1;2974;;16;14;1;3;11;12;15;13;22;11;12;26;
a22AT#W4~45~H2X;s;r;;;;;21.47.33;2;1;2;1;2979;;16;14;1;3;11;12;15;13;22;11;12;26;
*11DT=~~~45~S;s;;;;;;21.47.33;2;1;2;1;2979;;16;14;1;3;11;12;15;13;22;11;12;26;
ap13:08;;;;;;;21.47.37;2;1;2;1;2983;;16;14;1;3;11;12;15;13;22;11;12;26;
az1;;;;;;;21.47.37;2;1;1;1;2984;;16;14;1;3;11;12;13;22;11;12;26;15;
a13SM-~~~15;;;;;;;21.47.46;2;1;1;1;2997;;16;14;1;3;11;12;13;22;11;12;26;15;
*11RM#~~~15;;;;;;;21.47.46;2;1;1;1;2997;;16;14;1;3;11;12;13;22;11;12;26;15;
*16EQ+K1C;;;;;;;21.47.46;2;1;1;1;2997;;16;14;1;3;11;12;13;22;11;12;26;15;
*01AQ/J1~33~H1T;p;r;;;;;21.47.51;2;1;1;1;3001;;16;14;1;3;11;12;13;22;11;12;26;15;
a11BQ#~~~~3~T1T;p;;;;;;21.47.51;2;1;1;1;3001;;16;14;1;3;11;12;13;22;11;12;26;15;
ap13:09;;;;;;;21.47.55;2;1;1;1;3004;;16;14;1;3;11;12;13;22;11;12;26;15;
a13SM-~~~15;;;;;;;21.48.06;2;1;1;1;3017;;16;14;1;3;11;12;13;22;11;12;26;15;
*11RM+~~~15~~~~32;;;;;;;21.48.06;2;1;1;1;3017;;16;14;1;3;11;12;13;22;11;12;26;15;
*16ET+K8B;;;;;;;21.48.06;2;1;1;1;3017;;16;14;1;3;11;12;13;22;11;12;26;15;
*14AT#W2~24~H2O;s;r;;;;;21.48.11;2;1;1;1;3022;;16;14;1;3;11;12;13;22;11;12;26;15;
a22BT=~~~~4~A2O;s;;;;;;21.48.11;2;1;1;1;3022;;16;14;1;3;11;12;13;22;11;12;26;15;
*p14:09;;;;;;;21.48.14;2;1;1;1;3025;;16;14;1;3;11;12;13;22;11;12;26;15;
*z6;;;;;;;21.48.15;2;6;1;1;3042;;14;1;3;11;12;16;13;22;11;12;26;15;
*14SQ-~~~11;;;;;;;21.48.35;2;6;1;1;3045;;14;1;3;11;12;16;13;22;11;12;26;15;
a22RQ+~~~11~~~~32;;;;;;;21.48.35;2;6;1;1;3045;;14;1;3;11;12;16;13;22;11;12;26;15;
a13ET+K1F;;;;;;;21.48.35;2;6;1;1;3045;;14;1;3;11;12;16;13;22;11;12;26;15;
a12AT-W4~41~H2C;;r;;;;;21.48.40;2;6;1;1;3050;;14;1;3;11;12;16;13;22;11;12;26;15;
*01BT+~~~~2~A2;;;;;;;21.48.40;2;6;1;1;3050;;14;1;3;11;12;16;13;22;11;12;26;15;
*16DH/~~~41~B;;;;;;;21.48.45;2;6;1;1;3051;;14;1;3;11;12;16;13;22;11;12;26;15;
*03AO=V4~4~~T0S;s;p;;;;;21.48.48;2;6;1;1;3053;;14;1;3;11;12;16;13;22;11;12;26;15;
a$$&H#;s;;;;;;21.48.48;2;6;1;1;3053;;14;1;3;11;12;16;13;22;11;12;26;15;
ap14:10;;;;;;;21.48.53;2;6;1;1;3057;;14;1;3;11;12;16;13;22;11;12;26;15;
az6;;;;;;;21.48.53;2;6;6;1;3059;;14;1;3;11;12;16;22;11;12;26;15;13;
a22SM+~~~51;;;;;;;21.49.00;2;6;6;1;3070;;14;1;3;11;12;16;22;11;12;26;15;13;
*14RM-~~~51;;;;;;;21.49.00;2;6;6;1;3070;;14;1;3;11;12;16;22;11;12;26;15;13;
*03EH+~~~~4;;;;;;;21.49.03;2;6;6;1;3073;;14;1;3;11;12;16;22;11;12;26;15;13;
*11AH/G4~42~H2A;p;r;;;;;21.49.04;2;6;6;1;3075;;14;1;3;11;12;16;22;11;12;26;15;13;
a12BH#~~~~2~A2A;p;;;;;;21.49.04;2;6;6;1;3074;;14;1;3;11;12;16;22;11;12;26;15;13;
ap14:11;;;;;;;21.49.08;2;6;6;1;3078;;14;1;3;11;12;16;22;11;12;26;15;13;
a22SM-~~~51;;;;;;;21.49.22;2;6;6;1;3091;;14;1;3;11;12;16;22;11;12;26;15;13;
*14RM+~~~51~~~~22;;;;;;;21.49.22;2;6;6;1;3091;;14;1;3;11;12;16;22;11;12;26;15;13;
*16ET+KBB;;;;;;;21.49.22;2;6;6;1;3091;;14;1;3;11;12;16;22;11;12;26;15;13;
*03AT#W2~21~H4X;s;r;;;;;21.49.26;2;6;6;1;3095;;14;1;3;11;12;16;22;11;12;26;15;13;
a22DT=~~~21~S;s;;;;;;21.49.26;2;6;6;1;3095;;14;1;3;11;12;16;22;11;12;26;15;13;
*p15:11;;;;;;;21.49.30;2;6;6;1;3099;;14;1;3;11;12;16;22;11;12;26;15;13;
*z5;;;;;;;21.49.30;2;5;6;1;3097;;1;3;11;12;16;14;22;11;12;26;15;13;
*01SQ-~~~16;;;;;;;21.49.48;2;5;6;1;3118;;1;3;11;12;16;14;22;11;12;26;15;13;
a16RQ+~~~16~~~~32;;;;;;;21.49.48;2;5;6;1;3118;;1;3;11;12;16;14;22;11;12;26;15;13;
a13EQ+K1C;;;;;;;21.49.48;2;5;6;1;3118;;1;3;11;12;16;14;22;11;12;26;15;13;
a11AQ-J4~36BH1;;r;;;;;21.49.53;2;5;6;1;3122;;1;3;11;12;16;14;22;11;12;26;15;13;
*14DQ+~~~36BS;;;;;;;21.49.53;2;5;6;1;3122;;1;3;11;12;16;14;22;11;12;26;15;13;
*03AT#W2~24~H2O2;p;p;;;;;21.49.55;2;5;6;1;3126;;1;3;11;12;16;14;22;11;12;26;15;13;
a26BT=~~~~4~A2O;p;;;;;;21.49.55;2;5;6;1;3126;;1;3;11;12;16;14;22;11;12;26;15;13;
*p16:11;;;;;;;21.49.59;2;5;6;1;3129;;1;3;11;12;16;14;22;11;12;26;15;13;
*01SQ-~~~16;;;;;;;21.50.13;2;5;6;1;3143;;1;3;11;12;16;14;22;11;12;26;15;13;
a16RQ+~~~16~~~~41;;;;;;;21.50.13;2;5;6;1;3143;;1;3;11;12;16;14;22;11;12;26;15;13;
a13ET+KFB;;;;;;;21.50.13;2;5;6;1;3143;;1;3;11;12;16;14;22;11;12;26;15;13;
a12AT#W2~26CH2F;s;r;;;;;21.50.18;2;5;6;1;3149;;1;3;11;12;16;14;22;11;12;26;15;13;
*11BT=~~~~4~A2F;s;;;;;;21.50.18;2;5;6;1;3149;;1;3;11;12;16;14;22;11;12;26;15;13;
*14DT=~~~26DB;;;;;;;21.50.18;2;5;6;1;3149;;1;3;11;12;16;14;22;11;12;26;15;13;
ap16:12;;;;;;;21.50.32;2;5;6;1;3152;;1;3;11;12;16;14;22;11;12;26;15;13;
az5;;;;;;;21.50.32;2;5;5;1;3154;;1;3;11;12;16;14;11;12;26;15;13;22;
a11SQ!~~~11;;;;;;;21.51.02;2;5;5;1;3192;;1;3;11;12;16;14;11;12;26;15;13;22;
*08RQ!~~~11~~~~22;;;;;;;21.51.02;2;5;5;1;3192;;1;3;11;12;16;14;11;12;26;15;13;22;
*16ET+K9B;;;;;;;21.51.02;2;5;5;1;3192;;1;3;11;12;16;14;11;12;26;15;13;22;
*03AT#W2~21~H2X;s;r;;;;;21.51.07;2;5;5;1;3198;;1;3;11;12;16;14;11;12;26;15;13;22;
a13DT=~~~21~S;s;;;;;;21.51.07;2;5;5;1;3198;;1;3;11;12;16;14;11;12;26;15;13;22;
*p17:12;;;;;;;21.51.11;2;5;5;1;3202;;1;3;11;12;16;14;11;12;26;15;13;22;
*z4;;;;;;;21.51.11;2;4;5;1;3203;;3;11;12;16;14;1;11;12;26;15;13;22;
*c03:07;;;;;;;21.51.11;2;4;5;1;3207;;7;11;12;16;14;1;11;12;26;15;13;22;
aT;;;;;;;21.51.11;2;4;5;1;3209;;7;11;12;16;14;1;11;12;26;15;13;22;
*07SM-~~~55;;;;;;;21.52.38;2;4;5;1;3286;;7;11;12;16;14;1;11;12;26;15;13;22;
a26RM#~~~55;;;;;;;21.52.38;2;4;5;1;3286;;7;11;12;16;14;1;11;12;26;15;13;22;
a13EQ+K1C;;;;;;;21.52.38;2;4;5;1;3286;;7;11;12;16;14;1;11;12;26;15;13;22;
a15AQ#J4~31~H1X;s;r;;;;;21.52.44;2;4;5;1;3290;;7;11;12;16;14;1;11;12;26;15;13;22;
*07DQ=~~~31~S;s;;;;;;21.52.44;2;4;5;1;3290;;7;11;12;16;14;1;11;12;26;15;13;22;
ap17:13;;;;;;;21.52.50;2;4;5;1;3293;;7;11;12;16;14;1;11;12;26;15;13;22;
az4;;;;;;;21.52.50;2;4;4;1;3295;;7;11;12;16;14;1;12;26;15;13;22;11;
a12SQ+~~~11;;;;;;;21.52.59;2;4;4;1;3307;;7;11;12;16;14;1;12;26;15;13;22;11;
*07RQ-~~~11;;;;;;;21.52.59;2;4;4;1;3307;;7;11;12;16;14;1;12;26;15;13;22;11;
*11AH/G4~42~H3A;p;r;;;;;21.53.07;2;4;4;1;3313;;7;11;12;16;14;1;12;26;15;13;22;11;
a15BH#~~~~2~A3;p;;;;;;21.53.07;2;4;4;1;3313;;7;11;12;16;14;1;12;26;15;13;22;11;
ap17:14;;;;;;;21.53.12;2;4;4;1;3316;;7;11;12;16;14;1;12;26;15;13;22;11;
a12SQ#~~~11;p;;;;;;21.53.21;2;4;4;1;3330;;7;11;12;16;14;1;12;26;15;13;22;11;
*07RQ=~~~11~O;p;;;;;;21.53.21;2;4;4;1;3330;;7;11;12;16;14;1;12;26;15;13;22;11;
ap17:15;;;;;;;21.53.29;2;4;4;1;3335;;7;11;12;16;14;1;12;26;15;13;22;11;
a12SQ#~~~16;p;;;;;;21.53.42;2;4;4;1;3351;;7;11;12;16;14;1;12;26;15;13;22;11;
*14RQ=~~~16~R;p;;;;;;21.53.42;2;4;4;1;3351;;7;11;12;16;14;1;12;26;15;13;22;11;
ap17:16;;;;;;;21.53.46;2;4;4;1;3356;;7;11;12;16;14;1;12;26;15;13;22;11;
*c07:03;;;;;;;21.53.46;2;4;4;1;3358;;3;11;12;16;14;1;12;26;15;13;22;11;
*T;;;;;;;21.53.46;2;4;4;1;3359;;3;11;12;16;14;1;12;26;15;13;22;11;
a12SQ!~~~16;;;;;;;21.55.03;2;4;4;1;3432;;3;11;12;16;14;1;12;26;15;13;22;11;
*14RQ!~~~16~~~~22;;;;;;;21.55.03;2;4;4;1;3432;;3;11;12;16;14;1;12;26;15;13;22;11;
*16ET+K9F;;;;;;;21.55.03;2;4;4;1;3432;;3;11;12;16;14;1;12;26;15;13;22;11;
*11AT-W4~41~H2N;;r;;;;;21.55.07;2;4;4;1;3437;;3;11;12;16;14;1;12;26;15;13;22;11;
a12DT+~~~41~S;;;;;;;21.55.07;2;4;4;1;3437;;3;11;12;16;14;1;12;26;15;13;22;11;
a12AH#G9~9~~H2O3;p;p;;;;;21.55.07;2;4;4;1;3441;;3;11;12;16;14;1;12;26;15;13;22;11;
*11BH=~~~~4~A2O;p;;;;;;21.55.07;2;4;4;1;3441;;3;11;12;16;14;1;12;26;15;13;22;11;
ap17:17;;;;;;;21.55.17;2;4;4;1;3444;;3;11;12;16;14;1;12;26;15;13;22;11;
a12SQ+~~~11D;;;;;;;21.55.31;2;4;4;1;3462;;3;11;12;16;14;1;12;26;15;13;22;11;
*08RQ-~~~11D;;;;;;;21.55.31;2;4;4;1;3462;;3;11;12;16;14;1;12;26;15;13;22;11;
*11AH=G4~41~H3S;p;r;;;;;21.55.36;2;4;4;1;3467;;3;11;12;16;14;1;12;26;15;13;22;11;
a$$&H#;p;;;;;;21.55.36;2;4;4;1;3467;;3;11;12;16;14;1;12;26;15;13;22;11;
ap17:18;;;;;;;21.55.41;2;4;4;1;3472;;3;11;12;16;14;1;12;26;15;13;22;11;
a12SQ=~~~1~~~~N;s;;;;;;21.55.57;2;4;4;1;3486;;3;11;12;16;14;1;12;26;15;13;22;11;
*$$&H#;s;;;;;;21.55.57;2;4;4;1;3486;;3;11;12;16;14;1;12;26;15;13;22;11;
*p18:18;;;;;;;21.55.59;2;4;4;1;3492;;3;11;12;16;14;1;12;26;15;13;22;11;
*z3;;;;;;;21.56.00;2;3;4;1;3493;;11;12;16;14;1;3;12;26;15;13;22;11;
*11SM-~~~58;;;;;;;21.56.18;2;3;4;1;3508;;11;12;16;14;1;3;12;26;15;13;22;11;
a22RM#~~~58;;;;;;;21.56.18;2;3;4;1;3508;;11;12;16;14;1;3;12;26;15;13;22;11;
a13EQ+K1C;;;;;;;21.56.18;2;3;4;1;3508;;11;12;16;14;1;3;12;26;15;13;22;11;
a15AQ#J4~37~H1X;s;r;;;;;21.56.22;2;3;4;1;3512;;11;12;16;14;1;3;12;26;15;13;22;11;
*08DQ=~~~37~S;s;;;;;;21.56.22;2;3;4;1;3512;;11;12;16;14;1;3;12;26;15;13;22;11;
ap18:19;;;;;;;21.56.28;2;3;4;1;3515;;11;12;16;14;1;3;12;26;15;13;22;11;
az3;;;;;;;21.56.28;2;3;3;1;3516;;11;12;16;14;1;3;26;15;13;22;11;12;
a26SM-~~~17;;;;;;;21.56.42;2;3;3;1;3532;;11;12;16;14;1;3;26;15;13;22;11;12;
*14RM+~~~17~O~~32;;;;;;;21.56.42;2;3;3;1;3532;;11;12;16;14;1;3;26;15;13;22;11;12;
*16ET+K1F;;;;;;;21.56.42;2;3;3;1;3532;;11;12;16;14;1;3;26;15;13;22;11;12;
*14AT#W4~42~H1S;s;r;;;;;21.56.45;2;3;3;1;3536;;11;12;16;14;1;3;26;15;13;22;11;12;
a13BT=~~~~2~A1S;s;;;;;;21.56.45;2;3;3;1;3536;;11;12;16;14;1;3;26;15;13;22;11;12;
*p19:19;;;;;;;21.56.50;2;3;3;1;3540;;11;12;16;14;1;3;26;15;13;22;11;12;
*z2;;;;;;;21.56.50;2;2;3;1;3541;;12;16;14;1;3;11;26;15;13;22;11;12;
*12SM-~~~56;;;;;;;21.57.02;2;2;3;1;3553;;12;16;14;1;3;11;26;15;13;22;11;12;
a16RM+~~~56~~~~32;;;;;;;21.57.02;2;2;3;1;3553;;12;16;14;1;3;11;26;15;13;22;11;12;
a13ET+K1B;;;;;;;21.57.02;2;2;3;1;3553;;12;16;14;1;3;11;26;15;13;22;11;12;
a12AT#Y9~94~H2S;s;r;;;;;21.57.08;2;2;3;1;3557;;12;16;14;1;3;11;26;15;13;22;11;12;
*14BT=~~~~4~A2S;s;;;;;;21.57.08;2;2;3;1;3557;;12;16;14;1;3;11;26;15;13;22;11;12;
ap19:20;;;;;;;21.57.11;2;2;3;1;3561;;12;16;14;1;3;11;26;15;13;22;11;12;
az2;;;;;;;21.57.11;2;2;2;1;3562;;12;16;14;1;3;11;15;13;22;11;12;26;
ac15:24;;;;;;;21.57.11;2;2;2;1;3565;;12;16;14;1;3;11;24;13;22;11;12;26;
a24SM-~~~17;;;;;;;21.57.34;2;2;2;1;3584;;12;16;14;1;3;11;24;13;22;11;12;26;
*14RM#~~~17;;;;;;;21.57.34;2;2;2;1;3584;;12;16;14;1;3;11;24;13;22;11;12;26;
*16ET+K2F;;;;;;;21.57.34;2;2;2;1;3584;;12;16;14;1;3;11;24;13;22;11;12;26;
*14AT#W4~44~H1X;s;r;;;;;21.57.38;2;2;2;1;3589;;12;16;14;1;3;11;24;13;22;11;12;26;
a22DT=~~~44~S;s;;;;;;21.57.38;2;2;2;1;3589;;12;16;14;1;3;11;24;13;22;11;12;26;
*p20:20;;;;;;;21.57.42;2;2;2;1;3592;;12;16;14;1;3;11;24;13;22;11;12;26;
*z1;;;;;;;21.57.42;2;1;2;1;3593;;16;14;1;3;11;12;24;13;22;11;12;26;
ac24:15;;;;;;;21.57.42;2;1;2;1;3595;;16;14;1;3;11;12;15;13;22;11;12;26;
*16SM/~~~16;;;;;;;21.57.59;2;1;2;1;3608;;16;14;1;3;11;12;15;13;22;11;12;26;
a26RM/~~~16;;;;;;;21.57.59;2;1;2;1;3608;;16;14;1;3;11;12;15;13;22;11;12;26;
*14FH#;;;;;;;21.58.05;2;1;2;1;3616;;16;14;1;3;11;12;15;13;22;11;12;26;
*03AT-W2~26~H2~1;;p;;;;;21.58.07;2;1;2;1;3618;;16;14;1;3;11;12;15;13;22;11;12;26;
a26DT+~~~26~S;;;;;;;21.58.07;2;1;2;1;3618;;16;14;1;3;11;12;15;13;22;11;12;26;
a12AT#Y9~94~H2S3;s;s;;;;;21.58.12;2;1;2;1;3621;;16;14;1;3;11;12;15;13;22;11;12;26;
*14BT=~~~~4~A2S;s;;;;;;21.58.12;2;1;2;1;3621;;16;14;1;3;11;12;15;13;22;11;12;26;
ap20:21;;;;;;;21.58.15;2;1;2;1;3625;;16;14;1;3;11;12;15;13;22;11;12;26;
az1;;;;;;;21.58.15;2;1;1;1;3628;;16;14;1;3;11;12;13;22;11;12;26;15;
a13SM!~~~17;;;;;;;21.58.34;2;1;1;1;3645;;16;14;1;3;11;12;13;22;11;12;26;15;
*11RM!~~~17~~~~41;;;;;;;21.58.34;2;1;1;1;3645;;16;14;1;3;11;12;13;22;11;12;26;15;
*16ET+KFF;;;;;;;21.58.34;2;1;1;1;3645;;16;14;1;3;11;12;13;22;11;12;26;15;
*03AT#W4~47~H1X;s;r;;;;;21.58.39;2;1;1;1;3649;;16;14;1;3;11;12;13;22;11;12;26;15;
a26DT=~~~47~S;s;;;;;;21.58.39;2;1;1;1;3649;;16;14;1;3;11;12;13;22;11;12;26;15;
*p21:21;;;;;;;21.58.42;2;1;1;1;3653;;16;14;1;3;11;12;13;22;11;12;26;15;
*z6;;;;;;;21.58.42;2;6;1;1;3655;;14;1;3;11;12;16;13;22;11;12;26;15;
*14SQ+~~~11;;;;;;;21.59.03;2;6;1;1;3673;;14;1;3;11;12;16;13;22;11;12;26;15;
a22RQ-~~~11;;;;;;;21.59.03;2;6;1;1;3673;;14;1;3;11;12;16;13;22;11;12;26;15;
a12EH/~~~~4;;;;;;;21.59.08;2;6;1;1;3678;;14;1;3;11;12;16;13;22;11;12;26;15;
*03AT#W2~26DH2X2;p;p;;;;;21.59.12;2;6;1;1;3683;;14;1;3;11;12;16;13;22;11;12;26;15;
a26DT=~~~26DS;p;;;;;;21.59.12;2;6;1;1;3683;;14;1;3;11;12;16;13;22;11;12;26;15;
*p22:21;;;;;;;21.59.17;2;6;1;1;3686;;14;1;3;11;12;16;13;22;11;12;26;15;
*14SQ-~~~16;;;;;;;21.59.39;2;6;1;1;3709;;14;1;3;11;12;16;13;22;11;12;26;15;
a16RQ#~~~16;;;;;;;21.59.39;2;6;1;1;3709;;14;1;3;11;12;16;13;22;11;12;26;15;
a13ET+K1F;;;;;;;21.59.39;2;6;1;1;3709;;14;1;3;11;12;16;13;22;11;12;26;15;
a12AT#W4~47~H2X;s;r;;;;;21.59.44;2;6;1;1;3714;;14;1;3;11;12;16;13;22;11;12;26;15;
*08DT=~~~47~S;s;;;;;;21.59.44;2;6;1;1;3714;;14;1;3;11;12;16;13;22;11;12;26;15;
ap22:22;;;;;;;21.59.55;2;6;1;1;3717;;14;1;3;11;12;16;13;22;11;12;26;15;
az6;;;;;;;21.59.55;2;6;6;1;3720;;14;1;3;11;12;16;22;11;12;26;15;13;
a22SM-~~~59;;;;;;;22.00.02;2;6;6;1;3732;;14;1;3;11;12;16;22;11;12;26;15;13;
*14RM+~~~59~~~~32;;;;;;;22.00.02;2;6;6;1;3732;;14;1;3;11;12;16;22;11;12;26;15;13;
*16ET+K8B;;;;;;;22.00.02;2;6;6;1;3732;;14;1;3;11;12;16;22;11;12;26;15;13;
*03AT#W2~29~H2X;s;r;;;;;22.00.06;2;6;6;1;3736;;14;1;3;11;12;16;22;11;12;26;15;13;
a13DT=~~~29~S;s;;;;;;22.00.06;2;6;6;1;3736;;14;1;3;11;12;16;22;11;12;26;15;13;
*p23:22;;;;;;;22.00.10;2;6;6;1;3740;;14;1;3;11;12;16;22;11;12;26;15;13;
*z5;;;;;;;22.00.10;2;5;6;1;3742;;1;3;11;12;16;14;22;11;12;26;15;13;
*01SM-~~~18;;;;;;;22.00.28;2;5;6;1;3758;;1;3;11;12;16;14;22;11;12;26;15;13;
a16RM+~~~18~~~~41;;;;;;;22.00.28;2;5;6;1;3758;;1;3;11;12;16;14;22;11;12;26;15;13;
a13ET+KFB;;;;;;;22.00.28;2;5;6;1;3758;;1;3;11;12;16;14;22;11;12;26;15;13;
a12AT#W2~29DH2F;s;r;;;;;22.00.32;2;5;6;1;3762;;1;3;11;12;16;14;22;11;12;26;15;13;
*11BT=~~~~4~A2F;s;;;;;;22.00.32;2;5;6;1;3762;;1;3;11;12;16;14;22;11;12;26;15;13;
*16DH=~~~29~B;;;;;;;22.00.37;2;5;6;1;3762;;1;3;11;12;16;14;22;11;12;26;15;13;
ap23:23;;;;;;;22.00.41;2;5;6;1;3766;;1;3;11;12;16;14;22;11;12;26;15;13;
az5;;;;;;;22.00.41;2;5;5;1;3767;;1;3;11;12;16;14;11;12;26;15;13;22;
a11SQ-~~~16;;;;;;;22.00.56;2;5;5;1;3786;;1;3;11;12;16;14;11;12;26;15;13;22;
*14RQ+~~~16~~~~32;;;;;;;22.00.56;2;5;5;1;3786;;1;3;11;12;16;14;11;12;26;15;13;22;
*16EQ+K1C;;;;;;;22.00.56;2;5;5;1;3786;;1;3;11;12;16;14;11;12;26;15;13;22;
*12AQ#J1~35~H1X;s;r;;;;;22.01.05;2;5;5;1;3791;;1;3;11;12;16;14;11;12;26;15;13;22;
a11DQ=~~~35~S;s;;;;;;22.01.05;2;5;5;1;3791;;1;3;11;12;16;14;11;12;26;15;13;22;
*p24:23;;;;;;;22.01.11;2;5;5;1;3794;;1;3;11;12;16;14;11;12;26;15;13;22;
*z4;;;;;;;22.01.11;2;4;5;1;3796;;3;11;12;16;14;1;11;12;26;15;13;22;
aT;;;;;;;22.01.11;2;4;5;1;3805;;3;11;12;16;14;1;11;12;26;15;13;22;
*03SQ!~~~15;;;;;;;22.02.19;2;4;5;1;3869;;3;11;12;16;14;1;11;12;26;15;13;22;
a26RQ!~~~15~~~~31;;;;;;;22.02.19;2;4;5;1;3869;;3;11;12;16;14;1;11;12;26;15;13;22;
a13EQ+KCC~~~1;;;;;;;22.02.19;2;4;5;1;3869;;3;11;12;16;14;1;11;12;26;15;13;22;
a15AQ=J4~3~~T0;p;r;;;;;22.02.24;2;4;5;1;3874;;3;11;12;16;14;1;11;12;26;15;13;22;
*$$&H#;p;;;;;;22.02.24;2;4;5;1;3874;;3;11;12;16;14;1;11;12;26;15;13;22;
*p25:23;;;;;;;22.02.32;2;4;5;1;3878;;3;11;12;16;14;1;11;12;26;15;13;22;
**2set;;;;;;;22.02.32;3;4;5;1;3879;;;;;;;;;;;;;;
*P16>LUp;;;;;;;22.02.32;3;4;5;1;3883;;12;16;14;1;3;11;13;22;11;12;26;15;
*z2>LUp;;;;;;;22.02.32;3;2;5;1;3884;;12;16;14;1;3;11;13;22;11;12;26;15;
aP13>LUp;;;;;;;22.02.32;3;2;5;1;3884;;12;16;14;1;3;11;13;22;11;12;26;15;
az1>LUp;;;;;;;22.02.32;3;2;1;1;3885;;12;16;14;1;3;11;13;22;11;12;26;15;
a13SM-~~~17;;;;;;;22.06.44;3;2;1;1;4134;;12;16;14;1;3;11;13;22;11;12;26;15;
*14RM#~~~17;;;;;;;22.06.44;3;2;1;1;4134;;12;16;14;1;3;11;13;22;11;12;26;15;
*16ET+K1F;;;;;;;22.06.44;3;2;1;1;4134;;12;16;14;1;3;11;13;22;11;12;26;15;
*14AT#W3~47~H4X;s;r;;;;;22.06.49;3;2;1;1;4139;;12;16;14;1;3;11;13;22;11;12;26;15;
a16DT=~~~47~S;s;;;;;;22.06.49;3;2;1;1;4139;;12;16;14;1;3;11;13;22;11;12;26;15;
*p01:00;;;;;;;22.06.54;3;2;1;1;4141;;12;16;14;1;3;11;13;22;11;12;26;15;
*z1;;;;;;;22.06.54;3;1;1;1;4144;;16;14;1;3;11;12;13;22;11;12;26;15;
*16SM!~~~18;;;;;;;22.07.07;3;1;1;1;4156;;16;14;1;3;11;12;13;22;11;12;26;15;
a16RM!~~~18~~~~22;;;;;;;22.07.07;3;1;1;1;4156;;16;14;1;3;11;12;13;22;11;12;26;15;
a13ET+KBB;;;;;;;22.07.07;3;1;1;1;4156;;16;14;1;3;11;12;13;22;11;12;26;15;
a22AT-W2~21~H4;;r;;;;;22.07.12;3;1;1;1;4161;;16;14;1;3;11;12;13;22;11;12;26;15;
*11DT+~~~21~S;;;;;;;22.07.12;3;1;1;1;4161;;16;14;1;3;11;12;13;22;11;12;26;15;
*14AH#G4~42~H2O3;p;p;;;;;22.07.15;3;1;1;1;4165;;16;14;1;3;11;12;13;22;11;12;26;15;
a11BH=~~~~2~A2O;p;;;;;;22.07.15;3;1;1;1;4165;;16;14;1;3;11;12;13;22;11;12;26;15;
*p02:00;;;;;;;22.07.18;3;1;1;1;4168;;16;14;1;3;11;12;13;22;11;12;26;15;
*16SQ-~~~16;;;;;;;22.07.32;3;1;1;1;4182;;16;14;1;3;11;12;13;22;11;12;26;15;
a16RQ+~~~16~~~~21;;;;;;;22.07.32;3;1;1;1;4182;;16;14;1;3;11;12;13;22;11;12;26;15;
a13EQ+K1C;;;;;;;22.07.32;3;1;1;1;4182;;16;14;1;3;11;12;13;22;11;12;26;15;
a11AQ+J4~35~H4C;;r;;;;;22.07.36;3;1;1;1;4186;;16;14;1;3;11;12;13;22;11;12;26;15;
*14BQ-~~~~3~T4;;;;;;;22.07.36;3;1;1;1;4186;;16;14;1;3;11;12;13;22;11;12;26;15;
*11DQ+~~~35~B;;;;;;;22.07.36;3;1;1;1;4186;;16;14;1;3;11;12;13;22;11;12;26;15;
*01AO+V3~33~T1C;;p;;;;;22.07.40;3;1;1;1;4188;;16;14;1;3;11;12;13;22;11;12;26;15;
a11BO-~~~~3~A1;;;;;;;22.07.40;3;1;1;1;4188;;16;14;1;3;11;12;13;22;11;12;26;15;
*03AH#G2~29~H2X3;p;p;;;;;22.07.43;3;1;1;1;4193;;16;14;1;3;11;12;13;22;11;12;26;15;
a13DH=~~~29~S;p;;;;;;22.07.43;3;1;1;1;4193;;16;14;1;3;11;12;13;22;11;12;26;15;
*p03:00;;;;;;;22.07.48;3;1;1;1;4196;;16;14;1;3;11;12;13;22;11;12;26;15;
*16SM!~~~17;;;;;;;22.08.01;3;1;1;1;4211;;16;14;1;3;11;12;13;22;11;12;26;15;
a26RM!~~~17~~~~42;;;;;;;22.08.01;3;1;1;1;4211;;16;14;1;3;11;12;13;22;11;12;26;15;
a13ET+K8F;;;;;;;22.08.01;3;1;1;1;4211;;16;14;1;3;11;12;13;22;11;12;26;15;
a12AT-W4~45~H2;;r;;;;;22.08.06;3;1;1;1;4216;;16;14;1;3;11;12;13;22;11;12;26;15;
*08DT+~~~45~S;;;;;;;22.08.06;3;1;1;1;4216;;16;14;1;3;11;12;13;22;11;12;26;15;
*14EH+~~B~2;;;;;;;22.08.09;3;1;1;1;4218;;16;14;1;3;11;12;13;22;11;12;26;15;
*03AH-G2~24~H2C4;;p;;;;;22.08.09;3;1;1;1;4219;;16;14;1;3;11;12;13;22;11;12;26;15;
a11BH+~~~~4~A2;;;;;;;22.08.09;3;1;1;1;4219;;16;14;1;3;11;12;13;22;11;12;26;15;
*08DH+~~~2~~C;;;;;;;22.08.11;3;1;1;1;4221;;16;14;1;3;11;12;13;22;11;12;26;15;
*14AT#W4~41~H2X2;p;p;;;;;22.08.12;3;1;1;1;4223;;16;14;1;3;11;12;13;22;11;12;26;15;
a13DT=~~~41~S;p;;;;;;22.08.12;3;1;1;1;4223;;16;14;1;3;11;12;13;22;11;12;26;15;
*p04:00;;;;;;;22.08.17;3;1;1;1;4226;;16;14;1;3;11;12;13;22;11;12;26;15;
*16SM!~~~11;;;;;;;22.08.34;3;1;1;1;4244;;16;14;1;3;11;12;13;22;11;12;26;15;
a22RM!~~~11~~~~32;;;;;;;22.08.34;3;1;1;1;4244;;16;14;1;3;11;12;13;22;11;12;26;15;
a13ET+K8F;;;;;;;22.08.34;3;1;1;1;4244;;16;14;1;3;11;12;13;22;11;12;26;15;
a12AT=W4~41~H2O;p;r;;;;;22.08.39;3;1;1;1;4249;;16;14;1;3;11;12;13;22;11;12;26;15;
*$$&H#;p;;;;;;22.08.39;3;1;1;1;4249;;16;14;1;3;11;12;13;22;11;12;26;15;
*p05:00;;;;;;;22.08.48;3;1;1;1;4253;;16;14;1;3;11;12;13;22;11;12;26;15;
*16SM-~~~19D;;;;;;;22.09.28;3;1;1;1;4296;;16;14;1;3;11;12;13;22;11;12;26;15;
a16RM#~~~19D;;;;;;;22.09.28;3;1;1;1;4296;;16;14;1;3;11;12;13;22;11;12;26;15;
a13EQ+K1C;;;;;;;22.09.28;3;1;1;1;4296;;16;14;1;3;11;12;13;22;11;12;26;15;
a11AQ-J4~33~H2C;;r;;;;;22.09.31;3;1;1;1;4301;;16;14;1;3;11;12;13;22;11;12;26;15;
*14BQ+~~~~3~T2;;;;;;;22.09.31;3;1;1;1;4301;;16;14;1;3;11;12;13;22;11;12;26;15;
*16DQ+~~~31~B;;;;;;;22.09.33;3;1;1;1;4301;;16;14;1;3;11;12;13;22;11;12;26;15;
*11EH+~~B~2;;;;;;;22.09.34;3;1;1;1;4304;;16;14;1;3;11;12;13;22;11;12;26;15;
*03AH-G2~26~H2C4;;p;;;;;22.09.35;3;1;1;1;4306;;16;14;1;3;11;12;13;22;11;12;26;15;
a26DH+~~~26~B;;;;;;;22.09.35;3;1;1;1;4306;;16;14;1;3;11;12;13;22;11;12;26;15;
a12AH=G4~45~H2O3;p;s;;;;;22.09.39;3;1;1;1;4310;;16;14;1;3;11;12;13;22;11;12;26;15;
*$$&H#;p;;;;;;22.09.39;3;1;1;1;4310;;16;14;1;3;11;12;13;22;11;12;26;15;
*p06:00;;;;;;;22.09.44;3;1;1;1;4314;;16;14;1;3;11;12;13;22;11;12;26;15;
*16SM-~~~16;;;;;;;22.09.58;3;1;1;1;4328;;16;14;1;3;11;12;13;22;11;12;26;15;
a16RM#~~~16;;;;;;;22.09.58;3;1;1;1;4328;;16;14;1;3;11;12;13;22;11;12;26;15;
a13EQ+K1C;;;;;;;22.09.58;3;1;1;1;4328;;16;14;1;3;11;12;13;22;11;12;26;15;
a11AQ+J4~33~T2C;;r;;;;;22.10.02;3;1;1;1;4332;;16;14;1;3;11;12;13;22;11;12;26;15;
*14BQ-~~~~3~T2;;;;;;;22.10.02;3;1;1;1;4331;;16;14;1;3;11;12;13;22;11;12;26;15;
a11FH#;;;;;;;22.10.05;3;1;1;1;4333;;16;14;1;3;11;12;13;22;11;12;26;15;
a12AT-W4~42~H2C1;;s;;;;;22.10.06;3;1;1;1;4337;;16;14;1;3;11;12;13;22;11;12;26;15;
*03BT+~~~~2~A2;;;;;;;22.10.06;3;1;1;1;4337;;16;14;1;3;11;12;13;22;11;12;26;15;
a22AH#G2~24~H2S3;s;s;;;;;22.10.09;3;1;1;1;4341;;16;14;1;3;11;12;13;22;11;12;26;15;
*14BH=~~~~4~A2S;s;;;;;;22.10.09;3;1;1;1;4341;;16;14;1;3;11;12;13;22;11;12;26;15;
ap06:01;;;;;;;22.10.13;3;1;1;1;4343;;16;14;1;3;11;12;13;22;11;12;26;15;
az6;;;;;;;22.10.13;3;1;6;1;4341;;16;14;1;3;11;12;22;11;12;26;15;13;
a22SM-~~~59;;;;;;;22.10.28;3;1;6;1;4358;;16;14;1;3;11;12;22;11;12;26;15;13;
*14RM+~~~59~~~~21;;;;;;;22.10.28;3;1;6;1;4358;;16;14;1;3;11;12;22;11;12;26;15;13;
*16ET+KBB;;;;;;;22.10.28;3;1;6;1;4358;;16;14;1;3;11;12;22;11;12;26;15;13;
*14AT#W2~25~H1X;s;r;;;;;22.10.31;3;1;6;1;4362;;16;14;1;3;11;12;22;11;12;26;15;13;
a16DT=~~~25~S;s;;;;;;22.10.31;3;1;6;1;4362;;16;14;1;3;11;12;22;11;12;26;15;13;
*p07:01;;;;;;;22.10.35;3;1;6;1;4367;;16;14;1;3;11;12;22;11;12;26;15;13;
*z6;;;;;;;22.10.35;3;6;6;1;4363;;14;1;3;11;12;16;22;11;12;26;15;13;
*14SQ+~~~15;;;;;;;22.10.56;3;6;6;1;4385;;14;1;3;11;12;16;22;11;12;26;15;13;
a26RQ-~~~15;;;;;;;22.10.56;3;6;6;1;4385;;14;1;3;11;12;16;22;11;12;26;15;13;
a26AH+G4~42~P3C;;r;;;;;22.11.02;3;6;6;1;4392;;14;1;3;11;12;16;22;11;12;26;15;13;
*01BH-~~~~2~A3;;;;;;;22.11.02;3;6;6;1;4392;;14;1;3;11;12;16;22;11;12;26;15;13;
a16EH+~~F~4;;;;;;;22.11.05;3;6;6;1;4395;;14;1;3;11;12;16;22;11;12;26;15;13;
a26AH-G4~4~~T3~4;;s;;;;;22.11.08;3;6;6;1;4397;;14;1;3;11;12;16;22;11;12;26;15;13;
*16DH+~~~4~~E;;;;;;;22.11.08;3;6;6;1;4397;;14;1;3;11;12;16;22;11;12;26;15;13;
*08EH+~~B;;;;;;;22.11.12;3;6;6;1;4400;;14;1;3;11;12;16;22;11;12;26;15;13;
*03AH=G2~2~~H2I4;s;p;;;;;22.11.14;3;6;6;1;4401;;14;1;3;11;12;16;22;11;12;26;15;13;
a$$&H#;s;;;;;;22.11.14;3;6;6;1;4401;;14;1;3;11;12;16;22;11;12;26;15;13;
ap07:02;;;;;;;22.11.19;3;6;6;1;4406;;14;1;3;11;12;16;22;11;12;26;15;13;
az5;;;;;;;22.11.19;3;6;5;1;4407;;14;1;3;11;12;16;11;12;26;15;13;22;
a11SQ-~~~11;;;;;;;22.11.38;3;6;5;1;4429;;14;1;3;11;12;16;11;12;26;15;13;22;
*14RQ#~~~11;;;;;;;22.11.38;3;6;5;1;4429;;14;1;3;11;12;16;11;12;26;15;13;22;
*16EQ+K3C;;;;;;;22.11.38;3;6;5;1;4429;;14;1;3;11;12;16;11;12;26;15;13;22;
*01AQ#J3~37~H2X;s;r;;;;;22.11.43;3;6;5;1;4433;;14;1;3;11;12;16;11;12;26;15;13;22;
a11DQ=~~~37~S;s;;;;;;22.11.43;3;6;5;1;4433;;14;1;3;11;12;16;11;12;26;15;13;22;
*p08:02;;;;;;;22.11.47;3;6;5;1;4436;;14;1;3;11;12;16;11;12;26;15;13;22;
*z5;;;;;;;22.11.47;3;5;5;1;4439;;1;3;11;12;16;14;11;12;26;15;13;22;
*01SQ+~~~16;;;;;;;22.12.03;3;5;5;1;4452;;1;3;11;12;16;14;11;12;26;15;13;22;
a22RQ-~~~16;;;;;;;22.12.03;3;5;5;1;4452;;1;3;11;12;16;14;11;12;26;15;13;22;
a12AH#G2~24~H3O;s;r;;;;;22.12.07;3;5;5;1;4458;;1;3;11;12;16;14;11;12;26;15;13;22;
*03BH=~~~~4~A3O;s;;;;;;22.12.07;3;5;5;1;4458;;1;3;11;12;16;14;11;12;26;15;13;22;
ap08:03;;;;;;;22.12.12;3;5;5;1;4461;;1;3;11;12;16;14;11;12;26;15;13;22;
az4;;;;;;;22.12.12;3;5;4;1;4460;;1;3;11;12;16;14;12;26;15;13;22;11;
a12SQ+~~~11;;;;;;;22.12.27;3;5;4;1;4477;;1;3;11;12;16;14;12;26;15;13;22;11;
*08RQ-~~~11;;;;;;;22.12.27;3;5;4;1;4477;;1;3;11;12;16;14;12;26;15;13;22;11;
*11AT#W4~42~H2S;s;r;;;;;22.12.32;3;5;4;1;4482;;1;3;11;12;16;14;12;26;15;13;22;11;
a13BT=~~~~2~A2S;s;;;;;;22.12.32;3;5;4;1;4482;;1;3;11;12;16;14;12;26;15;13;22;11;
*p09:03;;;;;;;22.12.35;3;5;4;1;4485;;1;3;11;12;16;14;12;26;15;13;22;11;
*z4;;;;;;;22.12.35;3;4;4;1;4483;;3;11;12;16;14;1;12;26;15;13;22;11;
*03SQ/~~~16;;;;;;;22.12.52;3;4;4;1;4501;;3;11;12;16;14;1;12;26;15;13;22;11;
a22RQ/~~~16;;;;;;;22.12.52;3;4;4;1;4501;;3;11;12;16;14;1;12;26;15;13;22;11;
*12AO#V3~31~H0X;p;p;;;;;22.12.55;3;4;4;1;4505;;3;11;12;16;14;1;12;26;15;13;22;11;
a12DO=~~~31~S;p;;;;;;22.12.55;3;4;4;1;4505;;3;11;12;16;14;1;12;26;15;13;22;11;
*p10:03;;;;;;;22.12.58;3;4;4;1;4508;;3;11;12;16;14;1;12;26;15;13;22;11;
aT;;;;;;;22.12.58;3;4;4;1;4506;;3;11;12;16;14;1;12;26;15;13;22;11;
*03SQ!~~~11;;;;;;;22.14.12;3;4;4;1;4582;;3;11;12;16;14;1;12;26;15;13;22;11;
a16RQ!~~~11~~~~42;;;;;;;22.14.12;3;4;4;1;4582;;3;11;12;16;14;1;12;26;15;13;22;11;
a13ET+K7F;;;;;;;22.14.12;3;4;4;1;4582;;3;11;12;16;14;1;12;26;15;13;22;11;
a26AT#W4~41~P3X;s;r;;;;;22.14.16;3;4;4;1;4587;;3;11;12;16;14;1;12;26;15;13;22;11;
*03DT=~~~41~S;s;;;;;;22.14.16;3;4;4;1;4587;;3;11;12;16;14;1;12;26;15;13;22;11;
ap10:04;;;;;;;22.14.20;3;4;4;1;4590;;3;11;12;16;14;1;12;26;15;13;22;11;
az3;;;;;;;22.14.20;3;4;3;1;4588;;3;11;12;16;14;1;26;15;13;22;11;12;
a26SM-~~~17;;;;;;;22.14.34;3;4;3;1;4604;;3;11;12;16;14;1;26;15;13;22;11;12;
*11RM#~~~17;;;;;;;22.14.34;3;4;3;1;4604;;3;11;12;16;14;1;26;15;13;22;11;12;
*16EQ+K1C;;;;;;;22.14.34;3;4;3;1;4604;;3;11;12;16;14;1;26;15;13;22;11;12;
*12AQ!J1~33~H1T;;r;;;;;22.14.38;3;4;3;1;4608;;3;11;12;16;14;1;26;15;13;22;11;12;
a15BQ/~~~~3~T1T;s;;;;;;22.14.38;3;4;3;1;4608;;3;11;12;16;14;1;26;15;13;22;11;12;
*$$&H#;s;;;;;;22.14.38;3;4;3;1;4608;;3;11;12;16;14;1;26;15;13;22;11;12;
*p11:04;;;;;;;22.14.43;3;4;3;1;4611;;3;11;12;16;14;1;26;15;13;22;11;12;
*z3;;;;;;;22.14.43;3;3;3;1;4611;;11;12;16;14;1;3;26;15;13;22;11;12;
*11SM=~~~6~~~~N;s;;;;;;22.14.59;3;3;3;1;4628;;11;12;16;14;1;3;26;15;13;22;11;12;
a$$&H#;s;;;;;;22.14.59;3;3;3;1;4628;;11;12;16;14;1;3;26;15;13;22;11;12;
ap11:05;;;;;;;22.15.02;3;3;3;1;4633;;11;12;16;14;1;3;26;15;13;22;11;12;
az2;;;;;;;22.15.02;3;3;2;1;4630;;11;12;16;14;1;3;15;13;22;11;12;26;
a15SM-~~~55;;;;;;;22.15.19;3;3;2;1;4648;;11;12;16;14;1;3;15;13;22;11;12;26;
*14RM#~~~55~O;;;;;;;22.15.19;3;3;2;1;4648;;11;12;16;14;1;3;15;13;22;11;12;26;
*16EQ+K2C;;;;;;;22.15.19;3;3;2;1;4648;;11;12;16;14;1;3;15;13;22;11;12;26;
*12AQ#J2~31~H1X;s;r;;;;;22.15.22;3;3;2;1;4652;;11;12;16;14;1;3;15;13;22;11;12;26;
a12DQ=~~~31~S;s;;;;;;22.15.22;3;3;2;1;4652;;11;12;16;14;1;3;15;13;22;11;12;26;
*p12:05;;;;;;;22.15.27;3;3;2;1;4655;;11;12;16;14;1;3;15;13;22;11;12;26;
*z2;;;;;;;22.15.27;3;2;2;1;4655;;12;16;14;1;3;11;15;13;22;11;12;26;
*12SM!~~~51;;;;;;;22.15.39;3;2;2;1;4669;;12;16;14;1;3;11;15;13;22;11;12;26;
a16RM!~~~51~O~~31;;;;;;;22.15.39;3;2;2;1;4669;;12;16;14;1;3;11;15;13;22;11;12;26;
a13ET+KCB;;;;;;;22.15.39;3;2;2;1;4669;;12;16;14;1;3;11;15;13;22;11;12;26;
a12AT/Y9~94~H2A;p;r;;;;;22.15.44;3;2;2;1;4673;;12;16;14;1;3;11;15;13;22;11;12;26;
*14BT#~~~~4~A2A;p;;;;;;22.15.44;3;2;2;1;4673;;12;16;14;1;3;11;15;13;22;11;12;26;
*p13:05;;;;;;;22.15.46;3;2;2;1;4677;;12;16;14;1;3;11;15;13;22;11;12;26;
*12SM!~~~58;;;;;;;22.16.01;3;2;2;1;4692;;12;16;14;1;3;11;15;13;22;11;12;26;
a16RM!~~~58~~~~42;;;;;;;22.16.01;3;2;2;1;4692;;12;16;14;1;3;11;15;13;22;11;12;26;
a13ET+K8F;;;;;;;22.16.01;3;2;2;1;4692;;12;16;14;1;3;11;15;13;22;11;12;26;
a22AT=W4~46~H2;p;r;;;;;22.16.06;3;2;2;1;4696;;12;16;14;1;3;11;15;13;22;11;12;26;
*$$&H#;p;;;;;;22.16.06;3;2;2;1;4696;;12;16;14;1;3;11;15;13;22;11;12;26;
*p14:05;;;;;;;22.16.10;3;2;2;1;4699;;12;16;14;1;3;11;15;13;22;11;12;26;
*12SM-~~~56;;;;;;;22.16.48;3;2;2;1;4738;;12;16;14;1;3;11;15;13;22;11;12;26;
a26RM+~~~56~~~~32;;;;;;;22.16.48;3;2;2;1;4738;;12;16;14;1;3;11;15;13;22;11;12;26;
a13ET+K8F;;;;;;;22.16.48;3;2;2;1;4738;;12;16;14;1;3;11;15;13;22;11;12;26;
a22AT#W4~41~H2X;s;r;;;;;22.16.53;3;2;2;1;4742;;12;16;14;1;3;11;15;13;22;11;12;26;
*03DT=~~~41~S;s;;;;;;22.16.53;3;2;2;1;4742;;12;16;14;1;3;11;15;13;22;11;12;26;
ap14:06;;;;;;;22.16.58;3;2;2;1;4746;;12;16;14;1;3;11;15;13;22;11;12;26;
az1;;;;;;;22.16.58;3;2;1;1;4748;;12;16;14;1;3;11;13;22;11;12;26;15;
a13SM+~~~15;;;;;;;22.17.10;3;2;1;1;4760;;12;16;14;1;3;11;13;22;11;12;26;15;
*14RM-~~~15;;;;;;;22.17.10;3;2;1;1;4760;;12;16;14;1;3;11;13;22;11;12;26;15;
*11EH+~~F~4;;;;;;;22.17.14;3;2;1;1;4764;;12;16;14;1;3;11;13;22;11;12;26;15;
*14AH+G4~46~H2C;;r;;;;;22.17.15;3;2;1;1;4765;;12;16;14;1;3;11;13;22;11;12;26;15;
a26DH/~~~46~B;;;;;;;22.17.15;3;2;1;1;4765;;12;16;14;1;3;11;13;22;11;12;26;15;
*08FH#;;;;;;;22.17.23;3;2;1;1;4772;;12;16;14;1;3;11;13;22;11;12;26;15;
*14AT-W3~47~H2C1;;s;;;;;22.17.24;3;2;1;1;4774;;12;16;14;1;3;11;13;22;11;12;26;15;
a16DT+~~~47~S;;;;;;;22.17.24;3;2;1;1;4774;;12;16;14;1;3;11;13;22;11;12;26;15;
a22EH+~~B~2;;;;;;;22.17.27;3;2;1;1;4777;;12;16;14;1;3;11;13;22;11;12;26;15;
a12AH#G2~24~H3O4;p;p;;;;;22.17.27;3;2;1;1;4778;;12;16;14;1;3;11;13;22;11;12;26;15;
*14BH=~~~~4~A3O;p;;;;;;22.17.27;3;2;1;1;4778;;12;16;14;1;3;11;13;22;11;12;26;15;
ap14:07;;;;;;;22.17.31;3;2;1;1;4781;;12;16;14;1;3;11;13;22;11;12;26;15;
a13SM-~~~17;;;;;;;22.17.50;3;2;1;1;4800;;12;16;14;1;3;11;13;22;11;12;26;15;
*14RM#~~~17~O;;;;;;;22.17.50;3;2;1;1;4800;;12;16;14;1;3;11;13;22;11;12;26;15;
*16EQ+K2C;;;;;;;22.17.50;3;2;1;1;4800;;12;16;14;1;3;11;13;22;11;12;26;15;
*01AQ#J2~31~H1X;s;r;;;;;22.17.53;3;2;1;1;4804;;12;16;14;1;3;11;13;22;11;12;26;15;
a13DQ=~~~31~S;s;;;;;;22.17.53;3;2;1;1;4804;;12;16;14;1;3;11;13;22;11;12;26;15;
*p15:07;;;;;;;22.18.00;3;2;1;1;4807;;12;16;14;1;3;11;13;22;11;12;26;15;
*z1;;;;;;;22.18.00;3;1;1;1;4810;;16;14;1;3;11;12;13;22;11;12;26;15;
*c03:07;;;;;;;22.18.00;3;1;1;1;4810;;16;14;1;7;11;12;13;22;11;12;26;15;
*16SM!~~~16;;;;;;;22.18.38;3;1;1;1;4848;;16;14;1;7;11;12;13;22;11;12;26;15;
a16RM!~~~16~O~~32;;;;;;;22.18.38;3;1;1;1;4848;;16;14;1;7;11;12;13;22;11;12;26;15;
a13ET+K8B;;;;;;;22.18.38;3;1;1;1;4848;;16;14;1;7;11;12;13;22;11;12;26;15;
a22AT#W2~26DP2X;s;r;;;;;22.18.42;3;1;1;1;4852;;16;14;1;7;11;12;13;22;11;12;26;15;
*11DT=~~~26DS;s;;;;;;22.18.42;3;1;1;1;4852;;16;14;1;7;11;12;13;22;11;12;26;15;
ap15:08;;;;;;;22.18.46;3;1;1;1;4855;;16;14;1;7;11;12;13;22;11;12;26;15;
az6;;;;;;;22.18.46;3;1;6;1;4856;;16;14;1;7;11;12;22;11;12;26;15;13;
a22SM-~~~59;;;;;;;22.19.00;3;1;6;1;4870;;16;14;1;7;11;12;22;11;12;26;15;13;
*14RM+~~~59~~~~32;;;;;;;22.19.00;3;1;6;1;4870;;16;14;1;7;11;12;22;11;12;26;15;13;
*16EQ+K1C;;;;;;;22.19.00;3;1;6;1;4870;;16;14;1;7;11;12;22;11;12;26;15;13;
*01AQ#J4~33~H1F;s;r;;;;;22.19.04;3;1;6;1;4874;;16;14;1;7;11;12;22;11;12;26;15;13;
a11BQ=~~~~3~T1F;s;;;;;;22.19.04;3;1;6;1;4874;;16;14;1;7;11;12;22;11;12;26;15;13;
*p16:08;;;;;;;22.19.09;3;1;6;1;4877;;16;14;1;7;11;12;22;11;12;26;15;13;
*z6;;;;;;;22.19.09;3;6;6;1;4879;;14;1;7;11;12;16;22;11;12;26;15;13;
*14SQ=~~~1~~~~Z;s;;;;;;22.19.29;3;6;6;1;4899;;14;1;7;11;12;16;22;11;12;26;15;13;
a$$&H#;s;;;;;;22.19.29;3;6;6;1;4899;;14;1;7;11;12;16;22;11;12;26;15;13;
ap16:09;;;;;;;22.19.33;3;6;6;1;4903;;14;1;7;11;12;16;22;11;12;26;15;13;
az5;;;;;;;22.19.33;3;6;5;1;4903;;14;1;7;11;12;16;11;12;26;15;13;22;
ac11:18;;;;;;;22.19.33;3;6;5;1;4903;;14;1;7;11;12;16;18;12;26;15;13;22;
a18SM!~~~16;;;;;;;22.19.59;3;6;5;1;4929;;14;1;7;11;12;16;18;12;26;15;13;22;
*08RM!~~~16~~~~41;;;;;;;22.19.59;3;6;5;1;4929;;14;1;7;11;12;16;18;12;26;15;13;22;
*16ET+KFP;;;;;;;22.19.59;3;6;5;1;4929;;14;1;7;11;12;16;18;12;26;15;13;22;
*14AT#Y8~83~H1O;s;r;;;;;22.20.05;3;6;5;1;4934;;14;1;7;11;12;16;18;12;26;15;13;22;
a15BT=~~~~3~A1O;s;;;;;;22.20.05;3;6;5;1;4934;;14;1;7;11;12;16;18;12;26;15;13;22;
*p17:09;;;;;;;22.20.14;3;6;5;1;4937;;14;1;7;11;12;16;18;12;26;15;13;22;
*z5;;;;;;;22.20.14;3;5;5;1;4944;;1;7;11;12;16;14;18;12;26;15;13;22;
ac18:11;;;;;;;22.20.14;3;5;5;1;4944;;1;7;11;12;16;14;11;12;26;15;13;22;
*01SQ!~~~15;;;;;;;22.20.24;3;5;5;1;4952;;1;7;11;12;16;14;11;12;26;15;13;22;
a26RQ!~~~15~~~~32;;;;;;;22.20.24;3;5;5;1;4952;;1;7;11;12;16;14;11;12;26;15;13;22;
a13ET+K8B;;;;;;;22.20.24;3;5;5;1;4952;;1;7;11;12;16;14;11;12;26;15;13;22;
a12AT#W2~21~H2X;s;r;;;;;22.20.29;3;5;5;1;4958;;1;7;11;12;16;14;11;12;26;15;13;22;
*14DT=~~~21~S;s;;;;;;22.20.29;3;5;5;1;4958;;1;7;11;12;16;14;11;12;26;15;13;22;
ap17:10;;;;;;;22.20.35;3;5;5;1;4961;;1;7;11;12;16;14;11;12;26;15;13;22;
az4;;;;;;;22.20.35;3;5;4;1;4965;;1;7;11;12;16;14;12;26;15;13;22;11;
a12SQ=~~~11~~~L;s;;;;;;22.20.45;3;5;4;1;4975;;1;7;11;12;16;14;12;26;15;13;22;11;
*$$&H#;s;;;;;;22.20.45;3;5;4;1;4975;;1;7;11;12;16;14;12;26;15;13;22;11;
*p18:10;;;;;;;22.20.50;3;5;4;1;4980;;1;7;11;12;16;14;12;26;15;13;22;11;
*z4;;;;;;;22.20.50;3;4;4;1;4980;;7;11;12;16;14;1;12;26;15;13;22;11;
*07SM+~~~55;;;;;;;22.21.06;3;4;4;1;4995;;7;11;12;16;14;1;12;26;15;13;22;11;
a12RM-~~~55~O;;;;;;;22.21.06;3;4;4;1;4995;;7;11;12;16;14;1;12;26;15;13;22;11;
a26AT/W4~42~H2;p;r;;;;;22.21.11;3;4;4;1;4999;;7;11;12;16;14;1;12;26;15;13;22;11;
*12BT#~~~~2~A2;p;;;;;;22.21.11;3;4;4;1;4999;;7;11;12;16;14;1;12;26;15;13;22;11;
*p19:10;;;;;;;22.21.22;3;4;4;1;5003;;7;11;12;16;14;1;12;26;15;13;22;11;
*07SM!~~~57;;;;;;;22.21.30;3;4;4;1;5020;;7;11;12;16;14;1;12;26;15;13;22;11;
a26RM!~~~57~~~~21;;;;;;;22.21.30;3;4;4;1;5020;;7;11;12;16;14;1;12;26;15;13;22;11;
a13EQ+KBC;;;;;;;22.21.30;3;4;4;1;5020;;7;11;12;16;14;1;12;26;15;13;22;11;
a15AQ#J2~31~H2X;s;r;;;;;22.21.35;3;4;4;1;5024;;7;11;12;16;14;1;12;26;15;13;22;11;
*14DQ=~~~31~S;s;;;;;;22.21.35;3;4;4;1;5024;;7;11;12;16;14;1;12;26;15;13;22;11;
ap19:11;;;;;;;22.21.42;3;4;4;1;5027;;7;11;12;16;14;1;12;26;15;13;22;11;
az3;;;;;;;22.21.42;3;4;3;1;5032;;7;11;12;16;14;1;26;15;13;22;11;12;
a26SM-~~~17;;;;;;;22.21.52;3;4;3;1;5043;;7;11;12;16;14;1;26;15;13;22;11;12;
*11RM#~~~17;;;;;;;22.21.52;3;4;3;1;5043;;7;11;12;16;14;1;26;15;13;22;11;12;
*16ET+K2F;;;;;;;22.21.52;3;4;3;1;5043;;7;11;12;16;14;1;26;15;13;22;11;12;
*11AT#W4~42~H1O;s;r;;;;;22.21.55;3;4;3;1;5046;;7;11;12;16;14;1;26;15;13;22;11;12;
a13BT=~~~~2~A1O;s;;;;;;22.21.55;3;4;3;1;5046;;7;11;12;16;14;1;26;15;13;22;11;12;
*p20:11;;;;;;;22.21.58;3;4;3;1;5049;;7;11;12;16;14;1;26;15;13;22;11;12;
*z3;;;;;;;22.21.58;3;3;3;1;5048;;11;12;16;14;1;7;26;15;13;22;11;12;
*11SQ-~~~55;;;;;;;22.22.24;3;3;3;1;5074;;11;12;16;14;1;7;26;15;13;22;11;12;
a22RQ#~~~55;;;;;;;22.22.24;3;3;3;1;5074;;11;12;16;14;1;7;26;15;13;22;11;12;
a13EQ+K1C;;;;;;;22.22.24;3;3;3;1;5074;;11;12;16;14;1;7;26;15;13;22;11;12;
a15AQ-J4~33~H1C;;r;;;;;22.22.28;3;3;3;1;5078;;11;12;16;14;1;7;26;15;13;22;11;12;
*12BQ+~~~~3~T1;;;;;;;22.22.28;3;3;3;1;5078;;11;12;16;14;1;7;26;15;13;22;11;12;
*14AT#W4~47~H2X2;p;p;;;;;22.22.31;3;3;3;1;5082;;11;12;16;14;1;7;26;15;13;22;11;12;
a16DT=~~~47~S;p;;;;;;22.22.31;3;3;3;1;5082;;11;12;16;14;1;7;26;15;13;22;11;12;
a15BT/~~~~~~A2A;;;;;;;22.22.37;3;3;3;1;5082;;11;12;16;14;1;7;26;15;13;22;11;12;
*p21:11;;;;;;;22.22.39;3;3;3;1;5085;;11;12;16;14;1;7;26;15;13;22;11;12;
*11SQ=~~~55~~~Z;s;;;;;;22.22.57;3;3;3;1;5107;;11;12;16;14;1;7;26;15;13;22;11;12;
a$$&H#;s;;;;;;22.22.57;3;3;3;1;5107;;11;12;16;14;1;7;26;15;13;22;11;12;
ap21:12;;;;;;;22.23.06;3;3;3;1;5112;;11;12;16;14;1;7;26;15;13;22;11;12;
az2;;;;;;;22.23.06;3;3;2;1;5116;;11;12;16;14;1;7;15;13;22;11;12;26;
ac15:21;;;;;;;22.23.06;3;3;2;1;5116;;11;12;16;14;1;7;21;13;22;11;12;26;
a21SM-~~~16;;;;;;;22.23.33;3;3;2;1;5141;;11;12;16;14;1;7;21;13;22;11;12;26;
*08RM#~~~16;;;;;;;22.23.33;3;3;2;1;5141;;11;12;16;14;1;7;21;13;22;11;12;26;
*16ET+K2F;;;;;;;22.23.33;3;3;2;1;5141;;11;12;16;14;1;7;21;13;22;11;12;26;
*14AT-W4~42~H1C;;r;;;;;22.23.37;3;3;2;1;5147;;11;12;16;14;1;7;21;13;22;11;12;26;
a13BT+~~~~2~A1;;;;;;;22.23.37;3;3;2;1;5147;;11;12;16;14;1;7;21;13;22;11;12;26;
*11FH+;;;;;;;22.23.41;3;3;2;1;5151;;11;12;16;14;1;7;21;13;22;11;12;26;
*12AQ#J1~35~H1X1;s;s;;;;;22.23.41;3;3;2;1;5154;;11;12;16;14;1;7;21;13;22;11;12;26;
a08DQ=~~~35~S;s;;;;;;22.23.41;3;3;2;1;5154;;11;12;16;14;1;7;21;13;22;11;12;26;
*p22:12;;;;;;;22.24.02;3;3;2;1;5157;;11;12;16;14;1;7;21;13;22;11;12;26;
*z2;;;;;;;22.24.02;3;2;2;1;5172;;12;16;14;1;7;11;21;13;22;11;12;26;
ac21:15;;;;;;;22.24.02;3;2;2;1;5172;;12;16;14;1;7;11;15;13;22;11;12;26;
*12SM-~~~56;;;;;;;22.24.04;3;2;2;1;5174;;12;16;14;1;7;11;15;13;22;11;12;26;
a16RM+~~~56~~~~31;;;;;;;22.24.04;3;2;2;1;5174;;12;16;14;1;7;11;15;13;22;11;12;26;
a13ET+KCB;;;;;;;22.24.04;3;2;2;1;5174;;12;16;14;1;7;11;15;13;22;11;12;26;
a12AT#Y9~96~H2O;s;r;;;;;22.24.10;3;2;2;1;5179;;12;16;14;1;7;11;15;13;22;11;12;26;
*14BT=~~~~4~A2O;s;;;;;;22.24.10;3;2;2;1;5179;;12;16;14;1;7;11;15;13;22;11;12;26;
ap22:13;;;;;;;22.24.13;3;2;2;1;5182;;12;16;14;1;7;11;15;13;22;11;12;26;
*c16:19;;;;;;;22.24.13;3;2;2;1;5183;;12;19;14;1;7;11;15;13;22;11;12;26;
*P19;;;;;;;22.24.13;3;2;2;1;5183;;12;19;14;1;7;11;15;13;22;11;12;26;
*z2;;;;;;;22.24.13;3;2;2;1;5183;;12;19;14;1;7;11;15;13;22;11;12;26;
az1;;;;;;;22.24.13;3;2;1;1;5183;;12;19;14;1;7;11;13;22;11;12;26;15;
a13SM-~~~17;;;;;;;22.24.32;3;2;1;1;5201;;12;19;14;1;7;11;13;22;11;12;26;15;
*14RM+~~~17~~~~31;;;;;;;22.24.32;3;2;1;1;5201;;12;19;14;1;7;11;13;22;11;12;26;15;
*19EO+K1S;;;;;;;22.24.32;3;2;1;1;5201;;12;19;14;1;7;11;13;22;11;12;26;15;
*19AO#JJ~39~T0X;s;r;;;;;22.24.36;3;2;1;1;5204;;12;19;14;1;7;11;13;22;11;12;26;15;
a13DO=~~~39~E~E;s;;;;;;22.24.36;3;2;1;1;5204;;12;19;14;1;7;11;13;22;11;12;26;15;
*p23:13;;;;;;;22.24.41;3;2;1;1;5207;;12;19;14;1;7;11;13;22;11;12;26;15;
*z1;;;;;;;22.24.41;3;1;1;1;5210;;19;14;1;7;11;12;13;22;11;12;26;15;
*19SM-~~~17;;;;;;;22.24.41;3;1;1;1;5223;;19;14;1;7;11;12;13;22;11;12;26;15;
a26RM+~~~17~O~~31;;;;;;;22.24.41;3;1;1;1;5223;;19;14;1;7;11;12;13;22;11;12;26;15;
a13EQ+KCC;;;;;;;22.24.41;3;1;1;1;5223;;19;14;1;7;11;12;13;22;11;12;26;15;
a11AQ/J4~33~H1;p;r;;;;;22.24.41;3;1;1;1;5227;;19;14;1;7;11;12;13;22;11;12;26;15;
*01BQ#~~~~3~T1;p;;;;;;22.24.41;3;1;1;1;5227;;19;14;1;7;11;12;13;22;11;12;26;15;
*p24:13;;;;;;;22.25.18;3;1;1;1;5231;;19;14;1;7;11;12;13;22;11;12;26;15;
*19SM-~~~15B;;;;;;;22.25.22;3;1;1;1;5253;;19;14;1;7;11;12;13;22;11;12;26;15;
a26RM#~~~15BO;;;;;;;22.25.22;3;1;1;1;5253;;19;14;1;7;11;12;13;22;11;12;26;15;
a13ET+K1F;;;;;;;22.25.22;3;1;1;1;5253;;19;14;1;7;11;12;13;22;11;12;26;15;
a12AT-W4~45~H2;;r;;;;;22.25.27;3;1;1;1;5257;;19;14;1;7;11;12;13;22;11;12;26;15;
*11DT+~~~45~S;;;;;;;22.25.27;3;1;1;1;5257;;19;14;1;7;11;12;13;22;11;12;26;15;
*08EH/~~~~4;;;;;;;22.25.30;3;1;1;1;5260;;19;14;1;7;11;12;13;22;11;12;26;15;
a11FH#;;;;;;;22.25.34;3;1;1;1;5264;;19;14;1;7;11;12;13;22;11;12;26;15;
a12AT/W4~42~H2A1;p;s;;;;;22.25.37;3;1;1;1;5266;;19;14;1;7;11;12;13;22;11;12;26;15;
*14BT#~~~~2~A2A;p;;;;;;22.25.37;3;1;1;1;5266;;19;14;1;7;11;12;13;22;11;12;26;15;
*p25:13;;;;;;;22.25.41;3;1;1;1;5270;;19;14;1;7;11;12;13;22;11;12;26;15;
**3set;;;;;;;22.25.41;4;1;1;1;5271;;;;;;;;;;;;;;
