*P09>LUp;;;;;;;;1;1;3;;;;13;4;5;8;2;9;7;3;6;1;5;4;
*z6>LUp;;;;;;;;1;6;3;;;;13;4;5;8;2;9;7;3;6;1;5;4;
aP04>LUp;;;;;;;;1;6;3;;;;13;4;5;8;2;9;7;3;6;1;5;4;
az6>LUp;;;;;;;;1;6;6;;;;13;4;5;8;2;9;7;3;6;1;5;4;
*13SQ=~~~61~~~N;s;;;;;;15.02.02;1;6;6;1;295;;13;4;5;8;2;9;7;3;6;1;5;4;
a$$&H#;s;;;;;;15.02.02;1;6;6;1;295;;13;4;5;8;2;9;7;3;6;1;5;4;
ap00:01;;;;;;;15.02.05;1;6;6;1;298;;13;4;5;8;2;9;7;3;6;1;5;4;
az5;;;;;;;15.02.05;1;6;5;1;298;;13;4;5;8;2;9;3;6;1;5;4;7;
a03SM+~~~55;;;;;;;15.02.18;1;6;5;1;312;;13;4;5;8;2;9;3;6;1;5;4;7;
*08RM-~~~55;;;;;;;15.02.18;1;6;5;1;312;;13;4;5;8;2;9;3;6;1;5;4;7;
*09EH+~~F;;;;;;;15.02.26;1;6;5;1;312;;13;4;5;8;2;9;3;6;1;5;4;7;
*08AH-G4~43~P2;;r;;;;;15.02.22;1;6;5;1;315;;13;4;5;8;2;9;3;6;1;5;4;7;
a05BH+~~~~2~~2;;;;;;;15.02.22;1;6;5;1;315;;13;4;5;8;2;9;3;6;1;5;4;7;
a04DH+;;;;;;;15.02.25;1;6;5;1;315;;13;4;5;8;2;9;3;6;1;5;4;7;
a05EH+~~F~4;;;;;;;15.02.35;1;6;5;1;315;;13;4;5;8;2;9;3;6;1;5;4;7;
a01AH-G4~46DH2;;p;;;;;15.02.28;1;6;5;1;318;;13;4;5;8;2;9;3;6;1;5;4;7;
*10DH+~~~46D;;;;;;;15.02.28;1;6;5;1;318;;13;4;5;8;2;9;3;6;1;5;4;7;
*09EH+~~F;;;;;;;15.02.38;1;6;5;1;318;;13;4;5;8;2;9;3;6;1;5;4;7;
*08AH-G4~41~H2;;s;;;;;15.02.30;1;6;5;1;321;;13;4;5;8;2;9;3;6;1;5;4;7;
a04DH+~~~41;;;;;;;15.02.30;1;6;5;1;321;;13;4;5;8;2;9;3;6;1;5;4;7;
a05EH+~~F~4;;;;;;;15.02.30;1;6;5;1;321;;13;4;5;8;2;9;3;6;1;5;4;7;
a01AH-G4~41~H2;;p;;;;;15.02.36;1;6;5;1;325;;13;4;5;8;2;9;3;6;1;5;4;7;
*05BH+~~~~2~~2;;;;;;;15.02.36;1;6;5;1;325;;13;4;5;8;2;9;3;6;1;5;4;7;
*09DH+;;;;;;;15.02.37;1;6;5;1;325;;13;4;5;8;2;9;3;6;1;5;4;7;
*10EH+~~~~4;;;;;;;15.02.37;1;6;5;1;325;;13;4;5;8;2;9;3;6;1;5;4;7;
*08AH#G4~46~H2O;s;s;;;;;15.02.41;1;6;5;1;328;;13;4;5;8;2;9;3;6;1;5;4;7;
a06BH=~~~~2~~2O;s;;;;;;15.02.41;1;6;5;1;328;;13;4;5;8;2;9;3;6;1;5;4;7;
*p01:01;;;;;;;15.02.53;1;6;5;1;332;;13;4;5;8;2;9;3;6;1;5;4;7;
*z5;;;;;;;15.02.53;1;5;5;1;346;;4;5;8;2;9;13;3;6;1;5;4;7;
*04SM-~~~16;;;;;;;15.02.59;1;5;5;1;353;;4;5;8;2;9;13;3;6;1;5;4;7;
a07RM#~~~16;;;;;;;15.02.59;1;5;5;1;353;;4;5;8;2;9;13;3;6;1;5;4;7;
a04ET+K1B;;;;;;;15.02.59;1;5;5;1;353;;4;5;8;2;9;13;3;6;1;5;4;7;
a06AT/W2~21~H2;p;r;;;;;15.03.04;1;5;5;1;356;;4;5;8;2;9;13;3;6;1;5;4;7;
*02BT#~~~~4~~2;p;;;;;;15.03.04;1;5;5;1;356;;4;5;8;2;9;13;3;6;1;5;4;7;
*p02:01;;;;;;;15.03.09;1;5;5;1;360;;4;5;8;2;9;13;3;6;1;5;4;7;
*04SM-~~~16;;;;;;;15.03.20;1;5;5;1;374;;4;5;8;2;9;13;3;6;1;5;4;7;
a07RM#~~~16;;;;;;;15.03.20;1;5;5;1;374;;4;5;8;2;9;13;3;6;1;5;4;7;
a04EQ+K1C;;;;;;;15.03.20;1;5;5;1;374;;4;5;8;2;9;13;3;6;1;5;4;7;
a05AQ-J4~36~H2;;r;;;;;15.03.25;1;5;5;1;377;;4;5;8;2;9;13;3;6;1;5;4;7;
*02BQ+~~~~3~~2;;;;;;;15.03.25;1;5;5;1;377;;4;5;8;2;9;13;3;6;1;5;4;7;
*13DQ+~~~36;;;;;;;15.03.25;1;5;5;1;377;;4;5;8;2;9;13;3;6;1;5;4;7;
*09EH+;;;;;;;15.03.25;1;5;5;1;377;;4;5;8;2;9;13;3;6;1;5;4;7;
*05AH-G2~25~H2;;p;;;;;15.03.27;1;5;5;1;380;;4;5;8;2;9;13;3;6;1;5;4;7;
a14DH+~~~25;;;;;;;15.03.27;1;5;5;1;380;;4;5;8;2;9;13;3;6;1;5;4;7;
a04EH+;;;;;;;15.03.27;1;5;5;1;380;;4;5;8;2;9;13;3;6;1;5;4;7;
a06AH=G2~2~~H2A;p;s;;;;;15.03.31;1;5;5;1;383;;4;5;8;2;9;13;3;6;1;5;4;7;
*$$&H#;p;;;;;;15.03.31;1;5;5;1;383;;4;5;8;2;9;13;3;6;1;5;4;7;
*p03:01;;;;;;;15.03.44;1;5;5;1;387;;4;5;8;2;9;13;3;6;1;5;4;7;
*04SM-~~~16;;;;;;;15.03.48;1;5;5;1;402;;4;5;8;2;9;13;3;6;1;5;4;7;
a07RM+~~~16~~~~31;;;;;;;15.03.48;1;5;5;1;402;;4;5;8;2;9;13;3;6;1;5;4;7;
a04ET+K1P;;;;;;;15.03.48;1;5;5;1;402;;4;5;8;2;9;13;3;6;1;5;4;7;
a07AT#Y8~86AH3;s;r;;;;;15.03.53;1;5;5;1;405;;4;5;8;2;9;13;3;6;1;5;4;7;
*13DT=~~~86A;s;;;;;;15.03.53;1;5;5;1;405;;4;5;8;2;9;13;3;6;1;5;4;7;
ap03:02;;;;;;;15.04.03;1;5;5;1;409;;4;5;8;2;9;13;3;6;1;5;4;7;
az4;;;;;;;15.04.03;1;5;4;1;416;;4;5;8;2;9;13;6;1;5;4;7;3;
a06SQ!~~~65;;;;;;;15.04.16;1;5;4;1;430;;4;5;8;2;9;13;6;1;5;4;7;3;
*08RQ!~~~65~~~~33;;;;;;;15.04.16;1;5;4;1;430;;4;5;8;2;9;13;6;1;5;4;7;3;
*09ET+K8F;;;;;;;15.04.16;1;5;4;1;430;;4;5;8;2;9;13;6;1;5;4;7;3;
*08AT#W4~48~T1;s;r;;;;;15.04.22;1;5;4;1;433;;4;5;8;2;9;13;6;1;5;4;7;3;
a$$&H=;s;;;;;;15.04.22;1;5;4;1;433;;4;5;8;2;9;13;6;1;5;4;7;3;
*p04:02;;;;;;;15.04.28;1;5;4;1;437;;4;5;8;2;9;13;6;1;5;4;7;3;
*z4;;;;;;;15.04.28;1;4;4;1;441;;5;8;2;9;13;4;6;1;5;4;7;3;
*05SQ+~~~66;;;;;;;15.04.42;1;4;4;1;456;;5;8;2;9;13;4;6;1;5;4;7;3;
a07RQ-~~~66;;;;;;;15.04.42;1;4;4;1;456;;5;8;2;9;13;4;6;1;5;4;7;3;
a04ET+~~B;;;;;;;15.04.42;1;4;4;1;456;;5;8;2;9;13;4;6;1;5;4;7;3;
a06AT-Y9~91~H2;;r;;;;;15.04.49;1;4;4;1;459;;5;8;2;9;13;4;6;1;5;4;7;3;
*08BT+~~~~4~~2;;;;;;;15.04.49;1;4;4;1;459;;5;8;2;9;13;4;6;1;5;4;7;3;
*09DH+;;;;;;;15.04.50;1;4;4;1;459;;5;8;2;9;13;4;6;1;5;4;7;3;
*10EH+~~B;;;;;;;15.04.50;1;4;4;1;459;;5;8;2;9;13;4;6;1;5;4;7;3;
*05AH-G9~96~H3;;p;;;;;15.04.51;1;4;4;1;462;;5;8;2;9;13;4;6;1;5;4;7;3;
a05BH+~~~~4~~3;;;;;;;15.04.51;1;4;4;1;462;;5;8;2;9;13;4;6;1;5;4;7;3;
a07DH+;;;;;;;15.04.54;1;4;4;1;462;;5;8;2;9;13;4;6;1;5;4;7;3;
a04EQ#~~C;;;;;;;15.04.54;1;4;4;1;462;;5;8;2;9;13;4;6;1;5;4;7;3;
a05AQ#J1~35~H1;s;s;;;;;15.04.56;1;4;4;1;465;;5;8;2;9;13;4;6;1;5;4;7;3;
*$$&H=;s;;;;;;15.04.56;1;4;4;1;465;;5;8;2;9;13;4;6;1;5;4;7;3;
ap04:03;;;;;;;15.05.01;1;4;4;1;469;;5;8;2;9;13;4;6;1;5;4;7;3;
az3;;;;;;;15.05.01;1;4;3;1;474;;5;8;2;9;13;4;1;5;4;7;3;6;
a01SQ!~~~55;;;;;;;15.05.16;1;4;3;1;489;;5;8;2;9;13;4;1;5;4;7;3;6;
*08RQ!~~~55~~~~33;;;;;;;15.05.16;1;4;3;1;489;;5;8;2;9;13;4;1;5;4;7;3;6;
*09EO+KCS~~~1;;;;;;;15.05.16;1;4;3;1;489;;5;8;2;9;13;4;1;5;4;7;3;6;
*09AO+JJ~33~T1;;r;;;;;15.05.22;1;4;3;1;491;;5;8;2;9;13;4;1;5;4;7;3;6;
a07BO-~~~~3~~1;;;;;;;15.05.22;1;4;3;1;491;;5;8;2;9;13;4;1;5;4;7;3;6;
a04DH+;;;;;;;15.05.22;1;4;3;1;491;;5;8;2;9;13;4;1;5;4;7;3;6;
a06EH+~~P;;;;;;;15.05.22;1;4;3;1;491;;5;8;2;9;13;4;1;5;4;7;3;6;
a01AH-G8~81~H0;;p;;;;;15.05.28;1;4;3;1;494;;5;8;2;9;13;4;1;5;4;7;3;6;
*05DH+~~~81;;;;;;;15.05.28;1;4;3;1;494;;5;8;2;9;13;4;1;5;4;7;3;6;
*09ET#;;;;;;;15.05.28;1;4;3;1;494;;5;8;2;9;13;4;1;5;4;7;3;6;
*05AT#Y9~96~H1O;s;s;;;;;15.05.31;1;4;3;1;497;;5;8;2;9;13;4;1;5;4;7;3;6;
a07BT=~~~~4~~1O;s;;;;;;15.05.31;1;4;3;1;497;;5;8;2;9;13;4;1;5;4;7;3;6;
*p05:03;;;;;;;15.05.38;1;4;3;1;501;;5;8;2;9;13;4;1;5;4;7;3;6;
*z3;;;;;;;15.05.38;1;3;3;1;511;;8;2;9;13;4;5;1;5;4;7;3;6;
*08SQ!~~~16;;;;;;;15.05.47;1;3;3;1;521;;8;2;9;13;4;5;1;5;4;7;3;6;
a14RQ!~~~16~~~~31;;;;;;;15.05.47;1;3;3;1;521;;8;2;9;13;4;5;1;5;4;7;3;6;
a04EQ+KCC;;;;;;;15.05.47;1;3;3;1;521;;8;2;9;13;4;5;1;5;4;7;3;6;
a05AQ#J4~31~H1;s;r;;;;;15.05.53;1;3;3;1;524;;8;2;9;13;4;5;1;5;4;7;3;6;
*$$&H=;s;;;;;;15.05.53;1;3;3;1;524;;8;2;9;13;4;5;1;5;4;7;3;6;
ap05:04;;;;;;;15.05.56;1;3;3;1;528;;8;2;9;13;4;5;1;5;4;7;3;6;
az2;;;;;;;15.05.56;1;3;2;1;529;;8;2;9;13;4;5;5;4;7;3;6;1;
a05SM-~~~51;;;;;;;15.06.15;1;3;2;1;549;;8;2;9;13;4;5;5;4;7;3;6;1;
*08RM#~~~51;;;;;;;15.06.15;1;3;2;1;549;;8;2;9;13;4;5;5;4;7;3;6;1;
*09EQ+K2C;;;;;;;15.06.15;1;3;2;1;549;;8;2;9;13;4;5;5;4;7;3;6;1;
*02AQ#J2~31~H1S;s;r;;;;;15.06.19;1;3;2;1;552;;8;2;9;13;4;5;5;4;7;3;6;1;
a03BQ=~~~~3~~1S;s;;;;;;15.06.19;1;3;2;1;552;;8;2;9;13;4;5;5;4;7;3;6;1;
*p06:04;;;;;;;15.06.23;1;3;2;1;556;;8;2;9;13;4;5;5;4;7;3;6;1;
*z2;;;;;;;15.06.23;1;2;2;1;556;;2;9;13;4;5;8;5;4;7;3;6;1;
*02SQ=~~~61~~~N;s;;;;;;15.06.36;1;2;2;1;570;;2;9;13;4;5;8;5;4;7;3;6;1;
a$$&H#;s;;;;;;15.06.36;1;2;2;1;570;;2;9;13;4;5;8;5;4;7;3;6;1;
ap06:05;;;;;;;15.06.40;1;2;2;1;574;;2;9;13;4;5;8;5;4;7;3;6;1;
az1;;;;;;;15.06.40;1;2;1;1;573;;2;9;13;4;5;8;4;7;3;6;1;5;
a04SM-~~~16;;;;;;;15.06.58;1;2;1;1;592;;2;9;13;4;5;8;4;7;3;6;1;5;
*08RM+~~~16~~~~32;;;;;;;15.06.58;1;2;1;1;592;;2;9;13;4;5;8;4;7;3;6;1;5;
*09EQ+K2C;;;;;;;15.06.58;1;2;1;1;592;;2;9;13;4;5;8;4;7;3;6;1;5;
*04AQ#J2~37AH1;s;r;;;;;15.07.03;1;2;1;1;595;;2;9;13;4;5;8;4;7;3;6;1;5;
a$$&H=;s;;;;;;15.07.03;1;2;1;1;595;;2;9;13;4;5;8;4;7;3;6;1;5;
*p07:05;;;;;;;15.07.06;1;2;1;1;599;;2;9;13;4;5;8;4;7;3;6;1;5;
*z1;;;;;;;15.07.06;1;1;1;1;599;;9;13;4;5;8;2;4;7;3;6;1;5;
*09SM-~~~11;;;;;;;15.07.21;1;1;1;1;615;;9;13;4;5;8;2;4;7;3;6;1;5;
a07RM+~~~11~~~~41;;;;;;;15.07.21;1;1;1;1;615;;9;13;4;5;8;2;4;7;3;6;1;5;
a04EQ+KFC;;;;;;;15.07.21;1;1;1;1;615;;9;13;4;5;8;2;4;7;3;6;1;5;
a03AQ#J4~31~H2;s;r;;;;;15.07.26;1;1;1;1;618;;9;13;4;5;8;2;4;7;3;6;1;5;
*$$&H=;s;;;;;;15.07.26;1;1;1;1;618;;9;13;4;5;8;2;4;7;3;6;1;5;
ap07:06;;;;;;;15.07.31;1;1;1;1;622;;9;13;4;5;8;2;4;7;3;6;1;5;
az6;;;;;;;15.07.31;1;1;6;1;624;;9;13;4;5;8;2;7;3;6;1;5;4;
a07SQ-~~~61;;;;;;;15.07.48;1;1;6;1;641;;9;13;4;5;8;2;7;3;6;1;5;4;
*13RQ+~~~61~~~~32;;;;;;;15.07.48;1;1;6;1;641;;9;13;4;5;8;2;7;3;6;1;5;4;
*09ET+K1P;;;;;;;15.07.48;1;1;6;1;641;;9;13;4;5;8;2;7;3;6;1;5;4;
*08AT-Y8~85~H1;;r;;;;;15.07.53;1;1;6;1;644;;9;13;4;5;8;2;7;3;6;1;5;4;
a14DT+~~~85;;;;;;;15.07.53;1;1;6;1;644;;9;13;4;5;8;2;7;3;6;1;5;4;
a04EH#;;;;;;;15.07.53;1;1;6;1;644;;9;13;4;5;8;2;7;3;6;1;5;4;
a01AH#G4~46~H1F;p;p;;;;;15.07.56;1;1;6;1;647;;9;13;4;5;8;2;7;3;6;1;5;4;
*04BH=~~~~2~~1F;p;;;;;;15.07.56;1;1;6;1;647;;9;13;4;5;8;2;7;3;6;1;5;4;
ap07:07;;;;;;;15.08.01;1;1;6;1;651;;9;13;4;5;8;2;7;3;6;1;5;4;
a07SQ=~~~66~~~N;s;;;;;;15.08.21;1;1;6;1;675;;9;13;4;5;8;2;7;3;6;1;5;4;
*$$&H#;s;;;;;;15.08.21;1;1;6;1;675;;9;13;4;5;8;2;7;3;6;1;5;4;
*p08:07;;;;;;;15.08.27;1;1;6;1;681;;9;13;4;5;8;2;7;3;6;1;5;4;
*z6;;;;;;;15.08.27;1;6;6;1;680;;13;4;5;8;2;9;7;3;6;1;5;4;
*13SM-~~~61;;;;;;;15.08.34;1;6;6;1;688;;13;4;5;8;2;9;7;3;6;1;5;4;
a07RM#~~~61;;;;;;;15.08.34;1;6;6;1;688;;13;4;5;8;2;9;7;3;6;1;5;4;
a04EQ+K1C;;;;;;;15.08.34;1;6;6;1;688;;13;4;5;8;2;9;7;3;6;1;5;4;
a03AQ-J4~37~H2;;r;;;;;15.08.40;1;6;6;1;691;;13;4;5;8;2;9;7;3;6;1;5;4;
*10DQ+~~~37;;;;;;;15.08.40;1;6;6;1;691;;13;4;5;8;2;9;7;3;6;1;5;4;
*09EH/~~~~4;;;;;;;15.08.40;1;6;6;1;691;;13;4;5;8;2;9;7;3;6;1;5;4;
a06FH+;;;;;;;15.08.40;1;6;6;1;694;;13;4;5;8;2;9;7;3;6;1;5;4;
a04EH+;;;;;;;15.08.45;1;6;6;1;694;;13;4;5;8;2;9;7;3;6;1;5;4;
a03AQ#J4~39~H1;s;s;;;;;15.08.45;1;6;6;1;697;;13;4;5;8;2;9;7;3;6;1;5;4;
*$$&H=;s;;;;;;15.08.45;1;6;6;1;697;;13;4;5;8;2;9;7;3;6;1;5;4;
ap08:08;;;;;;;15.08.52;1;6;6;1;701;;13;4;5;8;2;9;7;3;6;1;5;4;
az5;;;;;;;15.08.52;1;6;5;1;705;;13;4;5;8;2;9;3;6;1;5;4;7;
a03SM-~~~56;;;;;;;15.09.03;1;6;5;1;715;;13;4;5;8;2;9;3;6;1;5;4;7;
*10RM#~~~56~O;;;;;;;15.09.03;1;6;5;1;715;;13;4;5;8;2;9;3;6;1;5;4;7;
*09ET+K1B;;;;;;;15.09.03;1;6;5;1;715;;13;4;5;8;2;9;3;6;1;5;4;7;
*05AT=W2~26~H2O;p;r;;;;;15.09.07;1;6;5;1;718;;13;4;5;8;2;9;3;6;1;5;4;7;
a$$&H#;p;;;;;;15.09.07;1;6;5;1;718;;13;4;5;8;2;9;3;6;1;5;4;7;
ap08:09;;;;;;;15.09.12;1;6;5;1;722;;13;4;5;8;2;9;3;6;1;5;4;7;
a03SM=~~~55~~~O;s;;;;;;15.09.22;1;6;5;1;735;;13;4;5;8;2;9;3;6;1;5;4;7;
*$$&H#;s;;;;;;15.09.22;1;6;5;1;735;;13;4;5;8;2;9;3;6;1;5;4;7;
*p09:09;;;;;;;15.09.27;1;6;5;1;740;;13;4;5;8;2;9;3;6;1;5;4;7;
*z5;;;;;;;15.09.27;1;5;5;1;740;;4;5;8;2;9;13;3;6;1;5;4;7;
*04SM-~~~18;;;;;;;15.09.40;1;5;5;1;754;;4;5;8;2;9;13;3;6;1;5;4;7;
a07RM#~~~18;;;;;;;15.09.40;1;5;5;1;754;;4;5;8;2;9;13;3;6;1;5;4;7;
a04EQ+K1C;;;;;;;15.09.40;1;5;5;1;754;;4;5;8;2;9;13;3;6;1;5;4;7;
a05AQ#J1~35CH1;s;r;;;;;15.09.45;1;5;5;1;757;;4;5;8;2;9;13;3;6;1;5;4;7;
*$$&H=;s;;;;;;15.09.45;1;5;5;1;757;;4;5;8;2;9;13;3;6;1;5;4;7;
ap09:10;;;;;;;15.09.50;1;5;5;1;761;;4;5;8;2;9;13;3;6;1;5;4;7;
az4;;;;;;;15.09.50;1;5;4;1;763;;4;5;8;2;9;13;6;1;5;4;7;3;
a06SQ-~~~65;;;;;;;15.10.10;1;5;4;1;783;;4;5;8;2;9;13;6;1;5;4;7;3;
*08RQ#~~~65~~~~33;;;;;;;15.10.10;1;5;4;1;783;;4;5;8;2;9;13;6;1;5;4;7;3;
*09ET+K1P;;;;;;;15.10.10;1;5;4;1;783;;4;5;8;2;9;13;6;1;5;4;7;3;
*13AT-Y8~85~H1;;r;;;;;15.10.15;1;5;4;1;786;;4;5;8;2;9;13;6;1;5;4;7;3;
a14DT+~~~85;;;;;;;15.10.15;1;5;4;1;786;;4;5;8;2;9;13;6;1;5;4;7;3;
a04EH+~~F;;;;;;;15.10.15;1;5;4;1;786;;4;5;8;2;9;13;6;1;5;4;7;3;
a01AH-G4~45~H2;;p;;;;;15.10.17;1;5;4;1;789;;4;5;8;2;9;13;6;1;5;4;7;3;
*10DH+~~~45;;;;;;;15.10.17;1;5;4;1;789;;4;5;8;2;9;13;6;1;5;4;7;3;
*09EH+~~F;;;;;;;15.10.17;1;5;4;1;789;;4;5;8;2;9;13;6;1;5;4;7;3;
*08AH-G4~46DH2;;s;;;;;15.10.21;1;5;4;1;792;;4;5;8;2;9;13;6;1;5;4;7;3;
a07DH+~~~46D;;;;;;;15.10.21;1;5;4;1;792;;4;5;8;2;9;13;6;1;5;4;7;3;
a04ET+~~F;;;;;;;15.10.21;1;5;4;1;792;;4;5;8;2;9;13;6;1;5;4;7;3;
a01AT#W4~45~H2;p;p;;;;;15.10.25;1;5;4;1;796;;4;5;8;2;9;13;6;1;5;4;7;3;
*$$&H=;p;;;;;;15.10.25;1;5;4;1;796;;4;5;8;2;9;13;6;1;5;4;7;3;
ap09:11;;;;;;;15.10.51;1;5;4;1;800;;4;5;8;2;9;13;6;1;5;4;7;3;
a06SQ-~~~65;;;;;;;15.12.19;1;5;4;1;913;;4;5;8;2;9;13;6;1;5;4;7;3;
*08RQ#~~~65~~~~33;;;;;;;15.12.19;1;5;4;1;913;;4;5;8;2;9;13;6;1;5;4;7;3;
*09ET+K2F;;;;;;;15.12.19;1;5;4;1;913;;4;5;8;2;9;13;6;1;5;4;7;3;
*08AT#W4~46~H2;s;r;;;;;15.12.25;1;5;4;1;916;;4;5;8;2;9;13;6;1;5;4;7;3;
a07DT=~~~46;s;;;;;;15.12.25;1;5;4;1;916;;4;5;8;2;9;13;6;1;5;4;7;3;
*p10:11;;;;;;;15.12.29;1;5;4;1;920;;4;5;8;2;9;13;6;1;5;4;7;3;
*z4;;;;;;;15.12.29;1;4;4;1;922;;5;8;2;9;13;4;6;1;5;4;7;3;
*05SQ-~~~61;;;;;;;15.12.53;1;4;4;1;946;;5;8;2;9;13;4;6;1;5;4;7;3;
a14RQ+~~~61~~~~41;;;;;;;15.12.53;1;4;4;1;946;;5;8;2;9;13;4;6;1;5;4;7;3;
a04ET+KFB;;;;;;;15.12.53;1;4;4;1;946;;5;8;2;9;13;4;6;1;5;4;7;3;
a06AT/Y9~94~T1;p;r;;;;;15.12.59;1;4;4;1;949;;5;8;2;9;13;4;6;1;5;4;7;3;
*08BT#~~~~4~~1;p;;;;;;15.12.59;1;4;4;1;949;;5;8;2;9;13;4;6;1;5;4;7;3;
*p11:11;;;;;;;15.13.04;1;4;4;1;953;;5;8;2;9;13;4;6;1;5;4;7;3;
*05SQ-~~~66;;;;;;;15.13.20;1;4;4;1;974;;5;8;2;9;13;4;6;1;5;4;7;3;
a14RQ+~~~66~~~~41;;;;;;;15.13.20;1;4;4;1;974;;5;8;2;9;13;4;6;1;5;4;7;3;
a04ET+K7B;;;;;;;15.13.20;1;4;4;1;974;;5;8;2;9;13;4;6;1;5;4;7;3;
a06AT#Y9~95~H2;s;r;;;;;15.13.26;1;4;4;1;977;;5;8;2;9;13;4;6;1;5;4;7;3;
*10DT=~~~95;s;;;;;;15.13.26;1;4;4;1;977;;5;8;2;9;13;4;6;1;5;4;7;3;
ap11:12;;;;;;;15.13.32;1;4;4;1;981;;5;8;2;9;13;4;6;1;5;4;7;3;
az3;;;;;;;15.13.32;1;4;3;1;985;;5;8;2;9;13;4;1;5;4;7;3;6;
a01SQ!~~~56;;;;;;;15.13.53;1;4;3;1;1007;;5;8;2;9;13;4;1;5;4;7;3;6;
*13RQ!~~~56~~~~33;;;;;;;15.13.53;1;4;3;1;1007;;5;8;2;9;13;4;1;5;4;7;3;6;
*09EQ+KCC;;;;;;;15.13.53;1;4;3;1;1007;;5;8;2;9;13;4;1;5;4;7;3;6;
*02AQ#J4~31~H1;s;r;;;;;15.13.58;1;4;3;1;1010;;5;8;2;9;13;4;1;5;4;7;3;6;
a$$&H=;s;;;;;;15.13.58;1;4;3;1;1010;;5;8;2;9;13;4;1;5;4;7;3;6;
*p12:12;;;;;;;15.13.59;1;4;3;1;1014;;5;8;2;9;13;4;1;5;4;7;3;6;
*z3;;;;;;;15.13.59;1;3;3;1;1012;;8;2;9;13;4;5;1;5;4;7;3;6;
*08SQ-~~~16;;;;;;;15.14.18;1;3;3;1;1032;;8;2;9;13;4;5;1;5;4;7;3;6;
a14RQ#~~~16;;;;;;;15.14.18;1;3;3;1;1032;;8;2;9;13;4;5;1;5;4;7;3;6;
a04EQ+K1C;;;;;;;15.14.18;1;3;3;1;1032;;8;2;9;13;4;5;1;5;4;7;3;6;
a05AQ#J1~36~H2;s;r;;;;;15.14.23;1;3;3;1;1035;;8;2;9;13;4;5;1;5;4;7;3;6;
*$$&H=;s;;;;;;15.14.23;1;3;3;1;1035;;8;2;9;13;4;5;1;5;4;7;3;6;
ap12:13;;;;;;;15.14.26;1;3;3;1;1039;;8;2;9;13;4;5;1;5;4;7;3;6;
az2;;;;;;;15.14.26;1;3;2;1;1039;;8;2;9;13;4;5;5;4;7;3;6;1;
a05SM!~~~51;;;;;;;15.14.44;1;3;2;1;1058;;8;2;9;13;4;5;5;4;7;3;6;1;
*08RM!~~~51~~~~33;;;;;;;15.14.44;1;3;2;1;1058;;8;2;9;13;4;5;5;4;7;3;6;1;
*09ET+K8B;;;;;;;15.14.44;1;3;2;1;1058;;8;2;9;13;4;5;5;4;7;3;6;1;
*05AT#Y9~91~H2S;s;r;;;;;15.14.50;1;3;2;1;1061;;8;2;9;13;4;5;5;4;7;3;6;1;
a03BT=~~~~4~~2S;s;;;;;;15.14.50;1;3;2;1;1061;;8;2;9;13;4;5;5;4;7;3;6;1;
*p13:13;;;;;;;15.14.55;1;3;2;1;1065;;8;2;9;13;4;5;5;4;7;3;6;1;
*z2;;;;;;;15.14.55;1;2;2;1;1068;;2;9;13;4;5;8;5;4;7;3;6;1;
*02SM!~~~66;;;;;;;15.15.30;1;2;2;1;1104;;2;9;13;4;5;8;5;4;7;3;6;1;
a01RM!~~~66~~~~31;;;;;;;15.15.30;1;2;2;1;1104;;2;9;13;4;5;8;5;4;7;3;6;1;
a04ET+KCF;;;;;;;15.15.30;1;2;2;1;1104;;2;9;13;4;5;8;5;4;7;3;6;1;
a07AT#W4~45~H2;s;r;;;;;15.15.35;1;2;2;1;1107;;2;9;13;4;5;8;5;4;7;3;6;1;
*08DT=~~~45;s;;;;;;15.15.35;1;2;2;1;1107;;2;9;13;4;5;8;5;4;7;3;6;1;
ap13:14;;;;;;;15.15.41;1;2;2;1;1111;;2;9;13;4;5;8;5;4;7;3;6;1;
az1;;;;;;;15.15.41;1;2;1;1;1114;;2;9;13;4;5;8;4;7;3;6;1;5;
a04SM!~~~11;;;;;;;15.15.53;1;2;1;1;1127;;2;9;13;4;5;8;4;7;3;6;1;5;
*10RM!~~~11~~~~21;;;;;;;15.15.53;1;2;1;1;1127;;2;9;13;4;5;8;4;7;3;6;1;5;
*09ET+KBF~~~~~~K1;;;;;;;15.15.53;1;2;1;1;1127;;2;9;13;4;5;8;4;7;3;6;1;5;
*13AT#W4~47AH1;s;r;;;;;15.15.58;1;2;1;1;1130;;2;9;13;4;5;8;4;7;3;6;1;5;
a$$&H=;s;;;;;;15.15.58;1;2;1;1;1130;;2;9;13;4;5;8;4;7;3;6;1;5;
*p14:14;;;;;;;15.16.01;1;2;1;1;1134;;2;9;13;4;5;8;4;7;3;6;1;5;
*z1;;;;;;;15.16.01;1;1;1;1;1134;;9;13;4;5;8;2;4;7;3;6;1;5;
*09SM-~~~11;;;;;;;15.16.15;1;1;1;1;1149;;9;13;4;5;8;2;4;7;3;6;1;5;
a07RM+~~~11~~~~21;;;;;;;15.16.15;1;1;1;1;1149;;9;13;4;5;8;2;4;7;3;6;1;5;
a04ET+K1F;;;;;;;15.16.15;1;1;1;1;1149;;9;13;4;5;8;2;4;7;3;6;1;5;
a06AT#W4~46~H1S;s;r;;;;;15.16.20;1;1;1;1;1152;;9;13;4;5;8;2;4;7;3;6;1;5;
*05BT=~~~~2~~1S;s;;;;;;15.16.20;1;1;1;1;1152;;9;13;4;5;8;2;4;7;3;6;1;5;
ap14:15;;;;;;;15.16.25;1;1;1;1;1156;;9;13;4;5;8;2;4;7;3;6;1;5;
az6;;;;;;;15.16.25;1;1;6;1;1158;;9;13;4;5;8;2;7;3;6;1;5;4;
a07SQ=~~~66A~~O;s;;;;;;15.16.40;1;1;6;1;1174;;9;13;4;5;8;2;7;3;6;1;5;4;
*$$&H#;s;;;;;;15.16.40;1;1;6;1;1174;;9;13;4;5;8;2;7;3;6;1;5;4;
*p15:15;;;;;;;15.16.45;1;1;6;1;1179;;9;13;4;5;8;2;7;3;6;1;5;4;
*z6;;;;;;;15.16.45;1;6;6;1;1178;;13;4;5;8;2;9;7;3;6;1;5;4;
*13SQ#~~~61;p;;;;;;15.16.53;1;6;6;1;1188;;13;4;5;8;2;9;7;3;6;1;5;4;
a07RQ=~~~61~R;p;;;;;;15.16.53;1;6;6;1;1188;;13;4;5;8;2;9;7;3;6;1;5;4;
*p16:15;;;;;;;15.16.59;1;6;6;1;1192;;13;4;5;8;2;9;7;3;6;1;5;4;
*13SQ!~~~61;;;;;;;15.17.17;1;6;6;1;1211;;13;4;5;8;2;9;7;3;6;1;5;4;
a07RQ!~~~61~~~~42;;;;;;;15.17.17;1;6;6;1;1211;;13;4;5;8;2;9;7;3;6;1;5;4;
a04ET+KFB~~~~~~KE;;;;;;;15.17.17;1;6;6;1;1211;;13;4;5;8;2;9;7;3;6;1;5;4;
a06AT+W2~24~H2;;r;;;;;15.17.23;1;6;6;1;1214;;13;4;5;8;2;9;7;3;6;1;5;4;
*04BT-~~~~4~~2;;;;;;;15.17.23;1;6;6;1;1214;;13;4;5;8;2;9;7;3;6;1;5;4;
a03DH+;;;;;;;15.17.23;1;6;6;1;1214;;13;4;5;8;2;9;7;3;6;1;5;4;
a04EH+;;;;;;;15.17.23;1;6;6;1;1214;;13;4;5;8;2;9;7;3;6;1;5;4;
a01AH-G4~45~H2;;s;;;;;15.17.25;1;6;6;1;1217;;13;4;5;8;2;9;7;3;6;1;5;4;
*10DH+~~~45;;;;;;;15.17.25;1;6;6;1;1217;;13;4;5;8;2;9;7;3;6;1;5;4;
*09ET#;;;;;;;15.17.25;1;6;6;1;1217;;13;4;5;8;2;9;7;3;6;1;5;4;
*05AT#W2~26~H1S;p;p;;;;;15.17.29;1;6;6;1;1220;;13;4;5;8;2;9;7;3;6;1;5;4;
a01BT=~~~~4~~1S;p;;;;;;15.17.29;1;6;6;1;1220;;13;4;5;8;2;9;7;3;6;1;5;4;
*p17:15;;;;;;;15.17.39;1;6;6;1;1224;;13;4;5;8;2;9;7;3;6;1;5;4;
*13SQ-~~~61;;;;;;;15.17.47;1;6;6;1;1240;;13;4;5;8;2;9;7;3;6;1;5;4;
a07RQ#~~~61;;;;;;;15.17.47;1;6;6;1;1240;;13;4;5;8;2;9;7;3;6;1;5;4;
a04EQ+K1C;;;;;;;15.17.47;1;6;6;1;1240;;13;4;5;8;2;9;7;3;6;1;5;4;
a03AQ-J4~38~T2;;r;;;;;15.17.47;1;6;6;1;1243;;13;4;5;8;2;9;7;3;6;1;5;4;
*10DQ+~~~38;;;;;;;15.17.47;1;6;6;1;1243;;13;4;5;8;2;9;7;3;6;1;5;4;
*09EH+;;;;;;;15.17.47;1;6;6;1;1243;;13;4;5;8;2;9;7;3;6;1;5;4;
*08AH-G4~46~H2;;p;;;;;15.17.55;1;6;6;1;1246;;13;4;5;8;2;9;7;3;6;1;5;4;
a07DH+~~~46;;;;;;;15.17.55;1;6;6;1;1246;;13;4;5;8;2;9;7;3;6;1;5;4;
a04EH+;;;;;;;15.17.55;1;6;6;1;1246;;13;4;5;8;2;9;7;3;6;1;5;4;
a01AH-G4~41~H2;;s;;;;;15.17.57;1;6;6;1;1249;;13;4;5;8;2;9;7;3;6;1;5;4;
*05BH+~~~~2~~2;;;;;;;15.17.57;1;6;6;1;1249;;13;4;5;8;2;9;7;3;6;1;5;4;
*10DH+;;;;;;;15.17.53;1;6;6;1;1249;;13;4;5;8;2;9;7;3;6;1;5;4;
*09ET#;;;;;;;15.17.53;1;6;6;1;1249;;13;4;5;8;2;9;7;3;6;1;5;4;
*05AT#W2~25~H1S;p;p;;;;;15.18.03;1;6;6;1;1253;;13;4;5;8;2;9;7;3;6;1;5;4;
a01BT=~~~~4~~1S;p;;;;;;15.18.03;1;6;6;1;1253;;13;4;5;8;2;9;7;3;6;1;5;4;
*p18:15;;;;;;;15.18.14;1;6;6;1;1257;;13;4;5;8;2;9;7;3;6;1;5;4;
aT;;;;;;;15.18.14;1;6;6;1;1267;;13;4;5;8;2;9;7;3;6;1;5;4;
*13SQ=~~~61~~~O;s;;;;;;15.19.25;1;6;6;1;1339;;13;4;5;8;2;9;7;3;6;1;5;4;
a$$&H#;s;;;;;;15.19.25;1;6;6;1;1339;;13;4;5;8;2;9;7;3;6;1;5;4;
ap18:16;;;;;;;15.19.29;1;6;6;1;1343;;13;4;5;8;2;9;7;3;6;1;5;4;
az5;;;;;;;15.19.29;1;6;5;1;1342;;13;4;5;8;2;9;3;6;1;5;4;7;
a03SM-~~~56;;;;;;;15.19.42;1;6;5;1;1356;;13;4;5;8;2;9;3;6;1;5;4;7;
*10RM#~~~56~O;;;;;;;15.19.42;1;6;5;1;1356;;13;4;5;8;2;9;3;6;1;5;4;7;
*09ET+K8B;;;;;;;15.19.58;1;6;5;1;1356;;13;4;5;8;2;9;3;6;1;5;4;7;
*05AT-W2~26~H2;;r;;;;;15.19.47;1;6;5;1;1359;;13;4;5;8;2;9;3;6;1;5;4;7;
a01BT+~~~~4~~2;;;;;;;15.19.47;1;6;5;1;1359;;13;4;5;8;2;9;3;6;1;5;4;7;
a07DT+~~~26;;;;;;;15.19.47;1;6;5;1;1359;;13;4;5;8;2;9;3;6;1;5;4;7;
a04ET+~~B;;;;;;;15.19.47;1;6;5;1;1359;;13;4;5;8;2;9;3;6;1;5;4;7;
a06AT-W2~21~H2;;p;;;;;15.19.51;1;6;5;1;1362;;13;4;5;8;2;9;3;6;1;5;4;7;
*04BT+~~~~4~~2;;;;;;;15.19.51;1;6;5;1;1362;;13;4;5;8;2;9;3;6;1;5;4;7;
*10DH+;;;;;;;15.19.53;1;6;5;1;1362;;13;4;5;8;2;9;3;6;1;5;4;7;
*09EH+~~F;;;;;;;15.19.53;1;6;5;1;1362;;13;4;5;8;2;9;3;6;1;5;4;7;
*08AH-G4~41~H2;;s;;;;;15.19.54;1;6;5;1;1365;;13;4;5;8;2;9;3;6;1;5;4;7;
a04DH+~~~41;;;;;;;15.19.54;1;6;5;1;1365;;13;4;5;8;2;9;3;6;1;5;4;7;
a07EH-~~~~2;;;;;;;15.19.54;1;6;5;1;1365;;13;4;5;8;2;9;3;6;1;5;4;7;
*13FH+;;;;;;;15.20.01;1;6;5;1;1369;;13;4;5;8;2;9;3;6;1;5;4;7;
*09ET#~~F;;;;;;;15.20.01;1;6;5;1;1369;;13;4;5;8;2;9;3;6;1;5;4;7;
*08AT/W4~45~H1;p;s;;;;;15.20.05;1;6;5;1;1372;;13;4;5;8;2;9;3;6;1;5;4;7;
a06BT#~~~~2~~1;p;;;;;;15.20.05;1;6;5;1;1372;;13;4;5;8;2;9;3;6;1;5;4;7;
ap18:17;;;;;;;15.20.11;1;6;5;1;1376;;13;4;5;8;2;9;3;6;1;5;4;7;
*T;;;;;;;15.20.11;1;6;5;1;1384;;13;4;5;8;2;9;3;6;1;5;4;7;
a03SM+~~~56;;;;;;;15.21.22;1;6;5;1;1456;;13;4;5;8;2;9;3;6;1;5;4;7;
*10RM-~~~56;;;;;;;15.21.22;1;6;5;1;1456;;13;4;5;8;2;9;3;6;1;5;4;7;
*09EH+~~B;;;;;;;15.21.22;1;6;5;1;1456;;13;4;5;8;2;9;3;6;1;5;4;7;
*05AH+G2~26~H2;;r;;;;;15.21.27;1;6;5;1;1459;;13;4;5;8;2;9;3;6;1;5;4;7;
a01BH-~~~~4~~2;;;;;;;15.21.27;1;6;5;1;1459;;13;4;5;8;2;9;3;6;1;5;4;7;
a04DH+;;;;;;;15.21.29;1;6;5;1;1459;;13;4;5;8;2;9;3;6;1;5;4;7;
a03EH+~~B~2;;;;;;;15.21.29;1;6;5;1;1459;;13;4;5;8;2;9;3;6;1;5;4;7;
a06AH+G2~26~H2;;p;;;;;15.21.32;1;6;5;1;1462;;13;4;5;8;2;9;3;6;1;5;4;7;
*04BH-~~~~4~~2;;;;;;;15.21.32;1;6;5;1;1462;;13;4;5;8;2;9;3;6;1;5;4;7;
a04DH+;;;;;;;15.21.35;1;6;5;1;1462;;13;4;5;8;2;9;3;6;1;5;4;7;
a07EH+;;;;;;;15.21.35;1;6;5;1;1462;;13;4;5;8;2;9;3;6;1;5;4;7;
a01AH#G4~47~H2;p;p;;;;;15.21.37;1;6;5;1;1465;;13;4;5;8;2;9;3;6;1;5;4;7;
*$$&H=;p;;;;;;15.21.37;1;6;5;1;1465;;13;4;5;8;2;9;3;6;1;5;4;7;
ap18:18;;;;;;;15.21.39;1;6;5;1;1469;;13;4;5;8;2;9;3;6;1;5;4;7;
a03SM!~~~56;;;;;;;15.21.58;1;6;5;1;1489;;13;4;5;8;2;9;3;6;1;5;4;7;
*10RM!~~~56~~~~21;;;;;;;15.21.58;1;6;5;1;1489;;13;4;5;8;2;9;3;6;1;5;4;7;
*09ET+KBF~~~~~~K1;;;;;;;15.21.58;1;6;5;1;1489;;13;4;5;8;2;9;3;6;1;5;4;7;
*08AT#W4~41~H1;s;r;;;;;15.22.03;1;6;5;1;1492;;13;4;5;8;2;9;3;6;1;5;4;7;
a$$&H=;s;;;;;;15.22.03;1;6;5;1;1492;;13;4;5;8;2;9;3;6;1;5;4;7;
*p19:18;;;;;;;15.22.05;1;6;5;1;1496;;13;4;5;8;2;9;3;6;1;5;4;7;
*z5;;;;;;;15.22.05;1;5;5;1;1498;;4;5;8;2;9;13;3;6;1;5;4;7;
*04SM-~~~16;;;;;;;15.22.19;1;5;5;1;1513;;4;5;8;2;9;13;3;6;1;5;4;7;
a07RM+~~~16~~~~21;;;;;;;15.22.19;1;5;5;1;1513;;4;5;8;2;9;13;3;6;1;5;4;7;
a04ET+K1B;;;;;;;15.22.19;1;5;5;1;1513;;4;5;8;2;9;13;3;6;1;5;4;7;
a06AT#W2~21~H1;s;r;;;;;15.22.24;1;5;5;1;1516;;4;5;8;2;9;13;3;6;1;5;4;7;
*13DT=~~~21;s;;;;;;15.22.24;1;5;5;1;1516;;4;5;8;2;9;13;3;6;1;5;4;7;
ap19:19;;;;;;;15.22.27;1;5;5;1;1520;;4;5;8;2;9;13;3;6;1;5;4;7;
az4;;;;;;;15.22.27;1;5;4;1;1520;;4;5;8;2;9;13;6;1;5;4;7;3;
a06SQ-~~~65;;;;;;;15.22.50;1;5;4;1;1543;;4;5;8;2;9;13;6;1;5;4;7;3;
*08RQ+~~~65~~~~32;;;;;;;15.22.50;1;5;4;1;1543;;4;5;8;2;9;13;6;1;5;4;7;3;
*09ET+K1F;;;;;;;15.22.50;1;5;4;1;1543;;4;5;8;2;9;13;6;1;5;4;7;3;
*08AT+W4~46~H2;;r;;;;;15.22.55;1;5;4;1;1546;;4;5;8;2;9;13;6;1;5;4;7;3;
a04BT-~~~~2~~2;;;;;;;15.22.55;1;5;4;1;1546;;4;5;8;2;9;13;6;1;5;4;7;3;
*10DH+;;;;;;;15.22.56;1;5;4;1;1546;;4;5;8;2;9;13;6;1;5;4;7;3;
*09ET+;;;;;;;15.22.56;1;5;4;1;1546;;4;5;8;2;9;13;6;1;5;4;7;3;
*05AT=W2~29~H2S;p;s;;;;;15.22.58;1;5;4;1;1549;;4;5;8;2;9;13;6;1;5;4;7;3;
a$$&H#;p;;;;;;15.22.58;1;5;4;1;1549;;4;5;8;2;9;13;6;1;5;4;7;3;
ap19:20;;;;;;;15.23.09;1;5;4;1;1553;;4;5;8;2;9;13;6;1;5;4;7;3;
a06SQ+~~~66;;;;;;;15.23.24;1;5;4;1;1578;;4;5;8;2;9;13;6;1;5;4;7;3;
*13RQ-~~~66;;;;;;;15.23.24;1;5;4;1;1578;;4;5;8;2;9;13;6;1;5;4;7;3;
*09EH+~~F;;;;;;;15.23.24;1;5;4;1;1578;;4;5;8;2;9;13;6;1;5;4;7;3;
*08AH/G4~45~H2;p;r;;;;;15.23.29;1;5;4;1;1581;;4;5;8;2;9;13;6;1;5;4;7;3;
a05BH#~~~~2~~2;p;;;;;;15.23.29;1;5;4;1;1581;;4;5;8;2;9;13;6;1;5;4;7;3;
ap19:21;;;;;;;15.23.37;1;5;4;1;1585;;4;5;8;2;9;13;6;1;5;4;7;3;
*T;;;;;;;15.23.37;1;5;4;1;1590;;4;5;8;2;9;13;6;1;5;4;7;3;
a06SQ=~~~65~~~L;s;;;;;;15.24.50;1;5;4;1;1664;;4;5;8;2;9;13;6;1;5;4;7;3;
*$$&H#;s;;;;;;15.24.50;1;5;4;1;1664;;4;5;8;2;9;13;6;1;5;4;7;3;
*p20:21;;;;;;;15.24.54;1;5;4;1;1668;;4;5;8;2;9;13;6;1;5;4;7;3;
*z4;;;;;;;15.24.54;1;4;4;1;1667;;5;8;2;9;13;4;6;1;5;4;7;3;
*c09:06;;;;;;;15.24.54;1;4;4;1;1667;;5;8;2;6;13;4;6;1;5;4;7;3;
*P5;;;;;;;15.24.54;1;4;4;1;1667;;5;8;2;6;13;4;6;1;5;4;7;3;
*z1;;;;;;;15.24.54;1;1;4;1;1667;;5;8;2;6;13;4;6;1;5;4;7;3;
*05SQ=~~~66A~~O;s;;;;;;15.25.18;1;1;4;1;1692;;5;8;2;6;13;4;6;1;5;4;7;3;
a$$&H#;s;;;;;;15.25.18;1;1;4;1;1692;;5;8;2;6;13;4;6;1;5;4;7;3;
ap20:22;;;;;;;15.25.25;1;1;4;1;1699;;5;8;2;6;13;4;6;1;5;4;7;3;
az3;;;;;;;15.25.25;1;1;3;1;1698;;5;8;2;6;13;4;1;5;4;7;3;6;
*c05:01;;;;;;;15.25.25;1;1;3;1;1698;;1;8;2;6;13;4;1;5;4;7;3;6;
*P1;;;;;;;15.25.25;1;1;3;1;1698;;1;8;2;6;13;4;1;5;4;7;3;6;
*z1;;;;;;;15.25.25;1;1;3;1;1698;;1;8;2;6;13;4;1;5;4;7;3;6;
a01SQ-~~~51D;;;;;;;15.25.44;1;1;3;1;1718;;1;8;2;6;13;4;1;5;4;7;3;6;
*08RQ#~~~51D~~~33;;;;;;;15.25.44;1;1;3;1;1718;;1;8;2;6;13;4;1;5;4;7;3;6;
*01ET+K1F;;;;;;;15.25.44;1;1;3;1;1718;;1;8;2;6;13;4;1;5;4;7;3;6;
*06AT#W4~41~H1S;s;r;;;;;15.25.50;1;1;3;1;1721;;1;8;2;6;13;4;1;5;4;7;3;6;
a04BT=~~~~2~~1S;s;;;;;;15.25.50;1;1;3;1;1721;;1;8;2;6;13;4;1;5;4;7;3;6;
*p21:22;;;;;;;15.25.53;1;1;3;1;1725;;1;8;2;6;13;4;1;5;4;7;3;6;
*z6;;;;;;;15.25.53;1;6;3;1;1726;;8;2;6;13;4;1;1;5;4;7;3;6;
*08SQ+~~~16;;;;;;;15.26.10;1;6;3;1;1745;;8;2;6;13;4;1;1;5;4;7;3;6;
a14RQ-~~~16;;;;;;;15.26.10;1;6;3;1;1745;;8;2;6;13;4;1;1;5;4;7;3;6;
a04AO-JJ~37~T1;;r;;;;;15.26.19;1;6;3;1;1747;;8;2;6;13;4;1;1;5;4;7;3;6;
*10DO+~~~37;;;;;;;15.26.19;1;6;3;1;1747;;8;2;6;13;4;1;1;5;4;7;3;6;
*01ET+~~B;;;;;;;15.26.19;1;6;3;1;1747;;8;2;6;13;4;1;1;5;4;7;3;6;
*06AT/W2~25~H2;s;p;;;;;15.26.23;1;6;3;1;1750;;8;2;6;13;4;1;1;5;4;7;3;6;
a07BT#~~~~4~~2;s;;;;;;15.26.23;1;6;3;1;1750;;8;2;6;13;4;1;1;5;4;7;3;6;
ap21:23;;;;;;;15.26.31;1;6;3;1;1754;;8;2;6;13;4;1;1;5;4;7;3;6;
az2;;;;;;;15.26.31;1;6;2;1;1764;;8;2;6;13;4;1;5;4;7;3;6;1;
ac05:15;;;;;;;15.26.31;1;6;2;1;1764;;8;2;6;13;4;1;15;4;7;3;6;1;
a15SM-~~~51;;;;;;;15.26.48;1;6;2;1;1782;;8;2;6;13;4;1;15;4;7;3;6;1;
*08RM+~~~51~~~~33;;;;;;;15.26.48;1;6;2;1;1782;;8;2;6;13;4;1;15;4;7;3;6;1;
*01EQ+K1C;;;;;;;15.26.48;1;6;2;1;1782;;8;2;6;13;4;1;15;4;7;3;6;1;
*02AQ=J4~31~H1S;p;r;;;;;15.26.52;1;6;2;1;1785;;8;2;6;13;4;1;15;4;7;3;6;1;
a$$&H#;p;;;;;;15.26.52;1;6;2;1;1785;;8;2;6;13;4;1;15;4;7;3;6;1;
ap21:24;;;;;;;15.26.55;1;6;2;1;1789;;8;2;6;13;4;1;15;4;7;3;6;1;
a15SM-~~~51;;;;;;;15.27.16;1;6;2;1;1810;;8;2;6;13;4;1;15;4;7;3;6;1;
*08RM+~~~51~~~~32;;;;;;;15.27.16;1;6;2;1;1810;;8;2;6;13;4;1;15;4;7;3;6;1;
*01ET+K1F;;;;;;;15.27.16;1;6;2;1;1810;;8;2;6;13;4;1;15;4;7;3;6;1;
*13AT+W4~42~H1;;r;;;;;15.27.21;1;6;2;1;1813;;8;2;6;13;4;1;15;4;7;3;6;1;
a15DT/~~~~2;;;;;;;15.27.21;1;6;2;1;1813;;8;2;6;13;4;1;15;4;7;3;6;1;
*02AO-V3~33~H1;;s;;;;;15.27.26;1;6;2;1;1815;;8;2;6;13;4;1;15;4;7;3;6;1;
a03BO+~~~~3~~1;;;;;;;15.27.26;1;6;2;1;1815;;8;2;6;13;4;1;15;4;7;3;6;1;
a04DH+;;;;;;;15.27.26;1;6;2;1;1815;;8;2;6;13;4;1;15;4;7;3;6;1;
a15EH+;;;;;;;15.27.26;1;6;2;1;1815;;8;2;6;13;4;1;15;4;7;3;6;1;
a07AH#G4~46~H2O;p;p;;;;;15.27.29;1;6;2;1;1818;;8;2;6;13;4;1;15;4;7;3;6;1;
*02BH=~~~~2~~2O;p;;;;;;15.27.29;1;6;2;1;1818;;8;2;6;13;4;1;15;4;7;3;6;1;
ap21:25;;;;;;;15.27.34;1;6;2;1;1822;;8;2;6;13;4;1;15;4;7;3;6;1;
**1set;;;;;;;15.27.34;2;6;2;1;1827;;;;;;;;;;;;;;
*P09>LUp;;;;;;;15.27.34;2;6;2;1;1827;;8;2;9;13;4;5;7;3;6;1;5;4;
*z3>LUp;;;;;;;15.27.34;2;3;2;1;1827;;8;2;9;13;4;5;7;3;6;1;5;4;
aP04>LUp;;;;;;;15.27.34;2;3;2;1;1827;;8;2;9;13;4;5;7;3;6;1;5;4;
az6>LUp;;;;;;;15.27.34;2;3;6;1;1827;;8;2;9;13;4;5;7;3;6;1;5;4;
a07SQ=~~~66~~~N;s;;;;;;15.31.27;2;3;6;1;2061;;8;2;9;13;4;5;7;3;6;1;5;4;
*$$&H#;s;;;;;;15.31.27;2;3;6;1;2061;;8;2;9;13;4;5;7;3;6;1;5;4;
*p01:00;;;;;;;15.31.32;2;3;6;1;2066;;8;2;9;13;4;5;7;3;6;1;5;4;
*z2;;;;;;;15.31.32;2;2;6;1;2065;;2;9;13;4;5;8;7;3;6;1;5;4;
*02SM+~~~11;;;;;;;15.31.45;2;2;6;1;2079;;2;9;13;4;5;8;7;3;6;1;5;4;
a07RM-~~~11;;;;;;;15.31.45;2;2;6;1;2079;;2;9;13;4;5;8;7;3;6;1;5;4;
a04ET+~~B;;;;;;;15.31.45;2;2;6;1;2079;;2;9;13;4;5;8;7;3;6;1;5;4;
a06AT-W2~26AH2;;r;;;;;15.31.51;2;2;6;1;2082;;2;9;13;4;5;8;7;3;6;1;5;4;
*04BT+~~~~4~~2;;;;;;;15.31.51;2;2;6;1;2082;;2;9;13;4;5;8;7;3;6;1;5;4;
*08DH+;;;;;;;15.31.51;2;2;6;1;2082;;2;9;13;4;5;8;7;3;6;1;5;4;
*09ET#;;;;;;;15.31.51;2;2;6;1;2082;;2;9;13;4;5;8;7;3;6;1;5;4;
*05AT/Y9~96~H1;s;p;;;;;15.31.55;2;2;6;1;2085;;2;9;13;4;5;8;7;3;6;1;5;4;
a01BT#~~~~4~~1;s;;;;;;15.31.55;2;2;6;1;2085;;2;9;13;4;5;8;7;3;6;1;5;4;
ap01:01;;;;;;;15.32.05;2;2;6;1;2089;;2;9;13;4;5;8;7;3;6;1;5;4;
az5;;;;;;;15.32.05;2;2;5;1;2098;;2;9;13;4;5;8;3;6;1;5;4;7;
a03SM=~~~56~~~O;s;;;;;;15.32.13;2;2;5;1;2107;;2;9;13;4;5;8;3;6;1;5;4;7;
*$$&H#;s;;;;;;15.32.13;2;2;5;1;2107;;2;9;13;4;5;8;3;6;1;5;4;7;
*p02:01;;;;;;;15.32.18;2;2;5;1;2112;;2;9;13;4;5;8;3;6;1;5;4;7;
*z1;;;;;;;15.32.18;2;1;5;1;2111;;9;13;4;5;8;2;3;6;1;5;4;7;
*09SM-~~~16;;;;;;;15.32.31;2;1;5;1;2126;;9;13;4;5;8;2;3;6;1;5;4;7;
a07RM#~~~16;;;;;;;15.32.31;2;1;5;1;2126;;9;13;4;5;8;2;3;6;1;5;4;7;
a04ET+K1P;;;;;;;15.32.31;2;1;5;1;2126;;9;13;4;5;8;2;3;6;1;5;4;7;
a07AT#Y8~86~H1O;s;r;;;;;15.32.44;2;1;5;1;2129;;9;13;4;5;8;2;3;6;1;5;4;7;
*$$&H=;s;;;;;;15.32.44;2;1;5;1;2129;;9;13;4;5;8;2;3;6;1;5;4;7;
ap02:02;;;;;;;15.32.50;2;1;5;1;2133;;9;13;4;5;8;2;3;6;1;5;4;7;
az4;;;;;;;15.33.24;2;1;4;1;2177;;9;13;4;5;8;2;6;1;5;4;7;3;
a06SQ-~~~66;;;;;;;15.33.32;2;1;4;1;2186;;9;13;4;5;8;2;6;1;5;4;7;3;
*10RQ+~~~66~~~~34;;;;;;;15.33.32;2;1;4;1;2186;;9;13;4;5;8;2;6;1;5;4;7;3;
*09EQ+K1C;;;;;;;15.33.32;2;1;4;1;2186;;9;13;4;5;8;2;6;1;5;4;7;3;
*04AQ+J4~35~H1;;r;;;;;15.33.38;2;1;4;1;2189;;9;13;4;5;8;2;6;1;5;4;7;3;
a05BQ-~~~~3~~1;;;;;;;15.33.38;2;1;4;1;2189;;9;13;4;5;8;2;6;1;5;4;7;3;
a01DH/;;;;;;;15.33.38;2;1;4;1;2189;;9;13;4;5;8;2;6;1;5;4;7;3;
*10FH+;;;;;;;15.33.41;2;1;4;1;2190;;9;13;4;5;8;2;6;1;5;4;7;3;
*09EQ+~~C;;;;;;;15.33.41;2;1;4;1;2190;;9;13;4;5;8;2;6;1;5;4;7;3;
*04AQ-J1~36~H1;;s;;;;;15.33.42;2;1;4;1;2193;;9;13;4;5;8;2;6;1;5;4;7;3;
a05BQ+~~~~3~~1;;;;;;;15.33.42;2;1;4;1;2193;;9;13;4;5;8;2;6;1;5;4;7;3;
a05DH+;;;;;;;15.33.42;2;1;4;1;2193;;9;13;4;5;8;2;6;1;5;4;7;3;
a04EQ+~~C;;;;;;;15.33.42;2;1;4;1;2193;;9;13;4;5;8;2;6;1;5;4;7;3;
a05AQ+J4~33~T2;;p;;;;;15.33.44;2;1;4;1;2197;;9;13;4;5;8;2;6;1;5;4;7;3;
*04BQ-~~~~3~~2;;;;;;;15.33.44;2;1;4;1;2197;;9;13;4;5;8;2;6;1;5;4;7;3;
a05DH+;;;;;;;15.33.44;2;1;4;1;2197;;9;13;4;5;8;2;6;1;5;4;7;3;
a04ET+~~F;;;;;;;15.33.44;2;1;4;1;2197;;9;13;4;5;8;2;6;1;5;4;7;3;
a01AT-W4~48~T2;;p;;;;;15.33.48;2;1;4;1;2200;;9;13;4;5;8;2;6;1;5;4;7;3;
*10DT+~~~48;;;;;;;15.33.48;2;1;4;1;2200;;9;13;4;5;8;2;6;1;5;4;7;3;
*09ET+~~B;;;;;;;15.33.48;2;1;4;1;2200;;9;13;4;5;8;2;6;1;5;4;7;3;
*13AT+W2~29~H2;;s;;;;;15.33.50;2;1;4;1;2203;;9;13;4;5;8;2;6;1;5;4;7;3;
a06DT-~~~29;;;;;;;15.33.50;2;1;4;1;2203;;9;13;4;5;8;2;6;1;5;4;7;3;
*04AO#V3~32~T;s;s;;;;;15.33.55;2;1;4;1;2206;;9;13;4;5;8;2;6;1;5;4;7;3;
a$$&H=;s;;;;;;15.33.55;2;1;4;1;2206;;9;13;4;5;8;2;6;1;5;4;7;3;
*p03:02;;;;;;;15.33.57;2;1;4;1;2210;;9;13;4;5;8;2;6;1;5;4;7;3;
*z6;;;;;;;15.33.57;2;6;4;1;2210;;13;4;5;8;2;9;6;1;5;4;7;3;
*13SQ!~~~65;;;;;;;15.34.10;2;6;4;1;2225;;13;4;5;8;2;9;6;1;5;4;7;3;
a01RQ!~~~65~~~~42;;;;;;;15.34.10;2;6;4;1;2225;;13;4;5;8;2;9;6;1;5;4;7;3;
a04ET+KFP;;;;;;;15.34.10;2;6;4;1;2225;;13;4;5;8;2;9;6;1;5;4;7;3;
a07AT#Y8~85~H2F;s;r;;;;;15.34.16;2;6;4;1;2228;;13;4;5;8;2;9;6;1;5;4;7;3;
*08BT=~~~~3~~2F;s;;;;;;15.34.16;2;6;4;1;2228;;13;4;5;8;2;9;6;1;5;4;7;3;
ap03:03;;;;;;;15.34.22;2;6;4;1;2232;;13;4;5;8;2;9;6;1;5;4;7;3;
az3;;;;;;;15.34.22;2;6;3;1;2235;;13;4;5;8;2;9;1;5;4;7;3;6;
a01SQ+~~~56;;;;;;;15.34.40;2;6;3;1;2254;;13;4;5;8;2;9;1;5;4;7;3;6;
*10RQ-~~~56;;;;;;;15.34.40;2;6;3;1;2254;;13;4;5;8;2;9;1;5;4;7;3;6;
*09EH+~~F;;;;;;;15.34.47;2;6;3;1;2254;;13;4;5;8;2;9;1;5;4;7;3;6;
*08AH-G4~41~H2;;r;;;;;15.34.45;2;6;3;1;2257;;13;4;5;8;2;9;1;5;4;7;3;6;
a04DH+~~~41;;;;;;;15.34.45;2;6;3;1;2257;;13;4;5;8;2;9;1;5;4;7;3;6;
a07EH+~~B~2;;;;;;;15.34.45;2;6;3;1;2257;;13;4;5;8;2;9;1;5;4;7;3;6;
a06AH-G9~96~H2;;p;;;;;15.34.49;2;6;3;1;2260;;13;4;5;8;2;9;1;5;4;7;3;6;
*13DH+~~~96;;;;;;;15.34.49;2;6;3;1;2260;;13;4;5;8;2;9;1;5;4;7;3;6;
*09ET#;;;;;;;15.34.49;2;6;3;1;2260;;13;4;5;8;2;9;1;5;4;7;3;6;
*08AT-W4~48~T1;;s;;;;;15.34.52;2;6;3;1;2263;;13;4;5;8;2;9;1;5;4;7;3;6;
a05DT+~~~48;;;;;;;15.34.52;2;6;3;1;2263;;13;4;5;8;2;9;1;5;4;7;3;6;
a04EH+;;;;;;;15.34.52;2;6;3;1;2263;;13;4;5;8;2;9;1;5;4;7;3;6;
a07AH#G4~47~H2;p;p;;;;;15.34.57;2;6;3;1;2267;;13;4;5;8;2;9;1;5;4;7;3;6;
*08DH=~~~47;p;;;;;;15.34.57;2;6;3;1;2267;;13;4;5;8;2;9;1;5;4;7;3;6;
ap03:04;;;;;;;15.35.09;2;6;3;1;2271;;13;4;5;8;2;9;1;5;4;7;3;6;
a01SQ!~~~51;;;;;;;15.35.23;2;6;3;1;2297;;13;4;5;8;2;9;1;5;4;7;3;6;
*13RQ!~~~51~~~~34;;;;;;;15.35.23;2;6;3;1;2297;;13;4;5;8;2;9;1;5;4;7;3;6;
*09ET+K8F;;;;;;;15.35.23;2;6;3;1;2297;;13;4;5;8;2;9;1;5;4;7;3;6;
*08AT+W4~47~H1;;r;;;;;15.35.28;2;6;3;1;2300;;13;4;5;8;2;9;1;5;4;7;3;6;
a14DT/~~~47;;;;;;;15.35.28;2;6;3;1;2300;;13;4;5;8;2;9;1;5;4;7;3;6;
*04FH+;;;;;;;15.35.31;2;6;3;1;2301;;13;4;5;8;2;9;1;5;4;7;3;6;
*09EH+~~B;;;;;;;15.35.31;2;6;3;1;2301;;13;4;5;8;2;9;1;5;4;7;3;6;
*05AH-G2~26~H2;;s;;;;;15.35.33;2;6;3;1;2304;;13;4;5;8;2;9;1;5;4;7;3;6;
a07BH+~~~~4~~2;;;;;;;15.35.33;2;6;3;1;2304;;13;4;5;8;2;9;1;5;4;7;3;6;
a04EQ+~~C;;;;;;;15.35.33;2;6;3;1;2304;;13;4;5;8;2;9;1;5;4;7;3;6;
a05AQ-J1~36~H1;;p;;;;;15.35.36;2;6;3;1;2308;;13;4;5;8;2;9;1;5;4;7;3;6;
*04BQ+~~~~3~~1;;;;;;;15.35.36;2;6;3;1;2308;;13;4;5;8;2;9;1;5;4;7;3;6;
*09EQ#;;;;;;;15.35.36;2;6;3;1;2308;;13;4;5;8;2;9;1;5;4;7;3;6;
*04AQ/J1~36~H1;p;s;;;;;15.35.40;2;6;3;1;2311;;13;4;5;8;2;9;1;5;4;7;3;6;
a05BQ#~~~~3~~1;p;;;;;;15.35.40;2;6;3;1;2311;;13;4;5;8;2;9;1;5;4;7;3;6;
ap03:05;;;;;;;15.35.42;2;6;3;1;2315;;13;4;5;8;2;9;1;5;4;7;3;6;
a01SQ-~~~55~~~N;;;;;;;15.36.04;2;6;3;1;2337;;13;4;5;8;2;9;1;5;4;7;3;6;
*08RQ+~~~55~~~~33;;;;;;;15.36.04;2;6;3;1;2337;;13;4;5;8;2;9;1;5;4;7;3;6;
*09ET+K8B;;;;;;;15.36.04;2;6;3;1;2337;;13;4;5;8;2;9;1;5;4;7;3;6;
*05AT#W2~26~H2O;s;r;;;;;15.36.10;2;6;3;1;2340;;13;4;5;8;2;9;1;5;4;7;3;6;
a05BT=~~~~4~~2O;s;;;;;;15.36.10;2;6;3;1;2340;;13;4;5;8;2;9;1;5;4;7;3;6;
*p04:05;;;;;;;15.36.13;2;6;3;1;2344;;13;4;5;8;2;9;1;5;4;7;3;6;
*z5;;;;;;;15.36.13;2;5;3;1;2346;;4;5;8;2;9;13;1;5;4;7;3;6;
*04SM+~~~16;;;;;;;15.36.45;2;5;3;1;2379;;4;5;8;2;9;13;1;5;4;7;3;6;
a14RM-~~~16~O;;;;;;;15.36.45;2;5;3;1;2379;;4;5;8;2;9;13;1;5;4;7;3;6;
a04ET+~~F;;;;;;;15.36.45;2;5;3;1;2379;;4;5;8;2;9;13;1;5;4;7;3;6;
a07AT/W4~45~H2;p;r;;;;;15.36.51;2;5;3;1;2382;;4;5;8;2;9;13;1;5;4;7;3;6;
*05BT#~~~~2~~2;p;;;;;;15.36.51;2;5;3;1;2382;;4;5;8;2;9;13;1;5;4;7;3;6;
*p05:05;;;;;;;15.36.57;2;5;3;1;2386;;4;5;8;2;9;13;1;5;4;7;3;6;
*04SM-~~~15;;;;;;;15.37.12;2;5;3;1;2406;;4;5;8;2;9;13;1;5;4;7;3;6;
a14RM#~~~15~O;;;;;;;15.37.12;2;5;3;1;2406;;4;5;8;2;9;13;1;5;4;7;3;6;
a04EQ+K3C;;;;;;;15.37.12;2;5;3;1;2406;;4;5;8;2;9;13;1;5;4;7;3;6;
a05AQ+J3~33~T2;;r;;;;;15.37.16;2;5;3;1;2409;;4;5;8;2;9;13;1;5;4;7;3;6;
*02BQ-~~~~3~~2;;;;;;;15.37.16;2;5;3;1;2409;;4;5;8;2;9;13;1;5;4;7;3;6;
a05DH+;;;;;;;15.37.16;2;5;3;1;2409;;4;5;8;2;9;13;1;5;4;7;3;6;
a04ET+~~F;;;;;;;15.37.16;2;5;3;1;2409;;4;5;8;2;9;13;1;5;4;7;3;6;
a07AT+W4~46~H2;;s;;;;;15.37.19;2;5;3;1;2412;;4;5;8;2;9;13;1;5;4;7;3;6;
*13DT-~~~46;;;;;;;15.37.19;2;5;3;1;2412;;4;5;8;2;9;13;1;5;4;7;3;6;
a04ET#;;;;;;;15.37.19;2;5;3;1;2412;;4;5;8;2;9;13;1;5;4;7;3;6;
a07AT#W4~45~H1O;s;s;;;;;15.37.27;2;5;3;1;2415;;4;5;8;2;9;13;1;5;4;7;3;6;
*05BT=~~~~2~~1O;s;;;;;;15.37.27;2;5;3;1;2415;;4;5;8;2;9;13;1;5;4;7;3;6;
ap05:06;;;;;;;15.37.37;2;5;3;1;2419;;4;5;8;2;9;13;1;5;4;7;3;6;
az2;;;;;;;15.37.37;2;5;2;1;2430;;4;5;8;2;9;13;5;4;7;3;6;1;
a05SM+~~~55;;;;;;;15.37.51;2;5;2;1;2445;;4;5;8;2;9;13;5;4;7;3;6;1;
*08RM-~~~55;;;;;;;15.37.51;2;5;2;1;2445;;4;5;8;2;9;13;5;4;7;3;6;1;
*05EH+~~F~4;;;;;;;15.37.54;2;5;2;1;2445;;4;5;8;2;9;13;5;4;7;3;6;1;
*08AH-G4~45~H2;;r;;;;;15.37.56;2;5;2;1;2448;;4;5;8;2;9;13;5;4;7;3;6;1;
a03BH+~~~~2~~2;;;;;;;15.37.56;2;5;2;1;2448;;4;5;8;2;9;13;5;4;7;3;6;1;
a01DH+;;;;;;;15.37.57;2;5;2;1;2448;;4;5;8;2;9;13;5;4;7;3;6;1;
a04ET+~~F;;;;;;;15.37.57;2;5;2;1;2448;;4;5;8;2;9;13;5;4;7;3;6;1;
a07AT-W4~46DH2;;p;;;;;15.38.00;2;5;2;1;2451;;4;5;8;2;9;13;5;4;7;3;6;1;
*13DT+~~~46D;;;;;;;15.38.00;2;5;2;1;2451;;4;5;8;2;9;13;5;4;7;3;6;1;
*09ET#;;;;;;;15.38.00;2;5;2;1;2451;;4;5;8;2;9;13;5;4;7;3;6;1;
*05AT#W2~25~H1;s;s;;;;;15.38.03;2;5;2;1;2454;;4;5;8;2;9;13;5;4;7;3;6;1;
a$$&H=;s;;;;;;15.38.03;2;5;2;1;2454;;4;5;8;2;9;13;5;4;7;3;6;1;
*p06:06;;;;;;;15.38.06;2;5;2;1;2458;;4;5;8;2;9;13;5;4;7;3;6;1;
*z4;;;;;;;15.38.06;2;4;2;1;2459;;5;8;2;9;13;4;5;4;7;3;6;1;
*05SQ!~~~61~~~N;;;;;;;15.38.29;2;4;2;1;2483;;5;8;2;9;13;4;5;4;7;3;6;1;
a14RQ!~~~61~~~~21;;;;;;;15.38.29;2;4;2;1;2483;;5;8;2;9;13;4;5;4;7;3;6;1;
a04ET+KBF;;;;;;;15.38.29;2;4;2;1;2483;;5;8;2;9;13;4;5;4;7;3;6;1;
a07AT#W4~41~H2S;s;r;;;;;15.38.35;2;4;2;1;2486;;5;8;2;9;13;4;5;4;7;3;6;1;
*09BT=~~~~2~~2S;s;;;;;;15.38.35;2;4;2;1;2486;;5;8;2;9;13;4;5;4;7;3;6;1;
ap06:07;;;;;;;15.38.39;2;4;2;1;2490;;5;8;2;9;13;4;5;4;7;3;6;1;
az1;;;;;;;15.38.39;2;4;1;1;2492;;5;8;2;9;13;4;4;7;3;6;1;5;
a04SM!~~~15;;;;;;;15.38.55;2;4;1;1;2509;;5;8;2;9;13;4;4;7;3;6;1;5;
*08RM!~~~15~~~~33;;;;;;;15.38.55;2;4;1;1;2509;;5;8;2;9;13;4;4;7;3;6;1;5;
*09ET+K8P;;;;;;;15.38.55;2;4;1;1;2509;;5;8;2;9;13;4;4;7;3;6;1;5;
*13AT#Y8~85~H2F;s;r;;;;;15.39.00;2;4;1;1;2512;;5;8;2;9;13;4;4;7;3;6;1;5;
a07BT=~~~~3~~2F;s;;;;;;15.39.00;2;4;1;1;2512;;5;8;2;9;13;4;4;7;3;6;1;5;
*p07:07;;;;;;;15.39.03;2;4;1;1;2516;;5;8;2;9;13;4;4;7;3;6;1;5;
*z3;;;;;;;15.39.03;2;3;1;1;2516;;8;2;9;13;4;5;4;7;3;6;1;5;
*08SQ-~~~16;;;;;;;15.39.20;2;3;1;1;2534;;8;2;9;13;4;5;4;7;3;6;1;5;
a14RQ#~~~16;;;;;;;15.39.20;2;3;1;1;2534;;8;2;9;13;4;5;4;7;3;6;1;5;
a04EQ+K1C;;;;;;;15.39.20;2;3;1;1;2534;;8;2;9;13;4;5;4;7;3;6;1;5;
a03AQ-J4~37~H1;;r;;;;;15.39.25;2;3;1;1;2537;;8;2;9;13;4;5;4;7;3;6;1;5;
*10DQ+~~~37;;;;;;;15.39.25;2;3;1;1;2537;;8;2;9;13;4;5;4;7;3;6;1;5;
*09AO=JJ~3~~T~S;s;p;;;;;15.39.35;2;3;1;1;2539;;8;2;9;13;4;5;4;7;3;6;1;5;
a$$&H#;s;;;;;;15.39.35;2;3;1;1;2539;;8;2;9;13;4;5;4;7;3;6;1;5;
ap07:08;;;;;;;15.39.41;2;3;1;1;2543;;8;2;9;13;4;5;4;7;3;6;1;5;
az6;;;;;;;15.39.41;2;3;6;1;2554;;8;2;9;13;4;5;7;3;6;1;5;4;
a07SQ-~~~66;;;;;;;15.39.51;2;3;6;1;2566;;8;2;9;13;4;5;7;3;6;1;5;4;
*10RQ+~~~66~~~~33;;;;;;;15.39.51;2;3;6;1;2566;;8;2;9;13;4;5;7;3;6;1;5;4;
*09EO+K1S;;;;;;;15.39.51;2;3;6;1;2566;;8;2;9;13;4;5;7;3;6;1;5;4;
*09AO#JJ~39~T1;s;r;;;;;15.39.57;2;3;6;1;2568;;8;2;9;13;4;5;7;3;6;1;5;4;
a$$&H=;s;;;;;;15.39.57;2;3;6;1;2568;;8;2;9;13;4;5;7;3;6;1;5;4;
*p08:08;;;;;;;15.39.59;2;3;6;1;2572;;8;2;9;13;4;5;7;3;6;1;5;4;
*z2;;;;;;;15.39.59;2;2;6;1;2572;;2;9;13;4;5;8;7;3;6;1;5;4;
*02SM-~~~11;;;;;;;15.40.11;2;2;6;1;2586;;2;9;13;4;5;8;7;3;6;1;5;4;
a07RM#~~~11~O;;;;;;;15.40.11;2;2;6;1;2586;;2;9;13;4;5;8;7;3;6;1;5;4;
a04EQ+K1C;;;;;;;15.40.11;2;2;6;1;2586;;2;9;13;4;5;8;7;3;6;1;5;4;
a03AQ#J4~39~H1;s;r;;;;;15.40.16;2;2;6;1;2589;;2;9;13;4;5;8;7;3;6;1;5;4;
*05DQ=~~~39;s;;;;;;15.40.16;2;2;6;1;2589;;2;9;13;4;5;8;7;3;6;1;5;4;
ap08:09;;;;;;;15.40.21;2;2;6;1;2593;;2;9;13;4;5;8;7;3;6;1;5;4;
az5;;;;;;;15.40.21;2;2;5;1;2594;;2;9;13;4;5;8;3;6;1;5;4;7;
a03SM/~~~56;;;;;;;15.40.32;2;2;5;1;2607;;2;9;13;4;5;8;3;6;1;5;4;7;
*08RM/~~~56~W;;;;;;;15.40.32;2;2;5;1;2607;;2;9;13;4;5;8;3;6;1;5;4;7;
a05AO#V3~3~~H;p;p;;;;;15.40.40;2;2;5;1;2609;;2;9;13;4;5;8;3;6;1;5;4;7;
*$$&H=;p;;;;;;15.40.40;2;2;5;1;2609;;2;9;13;4;5;8;3;6;1;5;4;7;
ap08:10;;;;;;;15.40.43;2;2;5;1;2613;;2;9;13;4;5;8;3;6;1;5;4;7;
a03SM!~~~56;;;;;;;15.40.53;2;2;5;1;2627;;2;9;13;4;5;8;3;6;1;5;4;7;
*08RM!~~~56~~~~33;;;;;;;15.40.53;2;2;5;1;2627;;2;9;13;4;5;8;3;6;1;5;4;7;
*09EQ+K8C;;;;;;;15.40.53;2;2;5;1;2627;;2;9;13;4;5;8;3;6;1;5;4;7;
*04AQ#J1~34~T1;s;r;;;;;15.40.59;2;2;5;1;2630;;2;9;13;4;5;8;3;6;1;5;4;7;
a$$&H=;s;;;;;;15.40.59;2;2;5;1;2630;;2;9;13;4;5;8;3;6;1;5;4;7;
*p09:10;;;;;;;15.41.03;2;2;5;1;2634;;2;9;13;4;5;8;3;6;1;5;4;7;
*z1;;;;;;;15.41.03;2;1;5;1;2636;;9;13;4;5;8;2;3;6;1;5;4;7;
*09SM!~~~11;;;;;;;15.41.19;2;1;5;1;2653;;9;13;4;5;8;2;3;6;1;5;4;7;
a14RM!~~~11~O~~31;;;;;;;15.41.19;2;1;5;1;2653;;9;13;4;5;8;2;3;6;1;5;4;7;
a04EQ+KCC~~~1;;;;;;;15.41.19;2;1;5;1;2653;;9;13;4;5;8;2;3;6;1;5;4;7;
a05AQ#J4~39~H1;s;r;;;;;15.41.28;2;1;5;1;2656;;9;13;4;5;8;2;3;6;1;5;4;7;
*$$&H=;s;;;;;;15.41.28;2;1;5;1;2656;;9;13;4;5;8;2;3;6;1;5;4;7;
ap09:11;;;;;;;15.41.33;2;1;5;1;2660;;9;13;4;5;8;2;3;6;1;5;4;7;
az4;;;;;;;15.41.33;2;1;4;1;2666;;9;13;4;5;8;2;6;1;5;4;7;3;
a06SQ+~~~66;;;;;;;15.41.49;2;1;4;1;2683;;9;13;4;5;8;2;6;1;5;4;7;3;
*10RQ-~~~66;;;;;;;15.41.49;2;1;4;1;2683;;9;13;4;5;8;2;6;1;5;4;7;3;
*09EH+~~F;;;;;;;15.41.49;2;1;4;1;2683;;9;13;4;5;8;2;6;1;5;4;7;3;
*05AH/G4~41~H2;p;r;;;;;15.41.56;2;1;4;1;2686;;9;13;4;5;8;2;6;1;5;4;7;3;
a04BH#~~~~2~~2;p;;;;;;15.41.56;2;1;4;1;2686;;9;13;4;5;8;2;6;1;5;4;7;3;
ap09:12;;;;;;;15.42.00;2;1;4;1;2690;;9;13;4;5;8;2;6;1;5;4;7;3;
*T;;;;;;;15.42.00;2;1;4;1;2693;;9;13;4;5;8;2;6;1;5;4;7;3;
a06SQ=~~~66~~~N;s;;;;;;15.43.20;2;1;4;1;2774;;9;13;4;5;8;2;6;1;5;4;7;3;
*$$&H#;s;;;;;;15.43.20;2;1;4;1;2774;;9;13;4;5;8;2;6;1;5;4;7;3;
*p10:12;;;;;;;15.43.23;2;1;4;1;2777;;9;13;4;5;8;2;6;1;5;4;7;3;
*z6;;;;;;;15.43.24;2;6;4;1;2777;;13;4;5;8;2;9;6;1;5;4;7;3;
*13SQ+~~~56;;;;;;;15.43.35;2;6;4;1;2789;;13;4;5;8;2;9;6;1;5;4;7;3;
a07RQ-~~~56;;;;;;;15.43.35;2;6;4;1;2789;;13;4;5;8;2;9;6;1;5;4;7;3;
a04EH=~~~~~~~~Z;p;;;;;;15.43.46;2;6;4;1;2789;;13;4;5;8;2;9;6;1;5;4;7;3;
*$$&H#;p;;;;;;15.43.46;2;6;4;1;2789;;13;4;5;8;2;9;6;1;5;4;7;3;
*p11:12;;;;;;;15.43.48;2;6;4;1;2793;;13;4;5;8;2;9;6;1;5;4;7;3;
*13SM!~~~66;;;;;;;15.43.53;2;6;4;1;2808;;13;4;5;8;2;9;6;1;5;4;7;3;
a07RM!~~~66~~~~41;;;;;;;15.43.53;2;6;4;1;2808;;13;4;5;8;2;9;6;1;5;4;7;3;
a04EQ/KFC;;;;;;;15.44.00;2;6;4;1;2808;;13;4;5;8;2;9;6;1;5;4;7;3;
*10FH+;;;;;;;15.44.00;2;6;4;1;2811;;13;4;5;8;2;9;6;1;5;4;7;3;
*05AT#W2~21~H2;p;p;;;;;15.44.01;2;6;4;1;2814;;13;4;5;8;2;9;6;1;5;4;7;3;
a$$&H=;p;;;;;;15.44.01;2;6;4;1;2814;;13;4;5;8;2;9;6;1;5;4;7;3;
*p12:12;;;;;;;15.44.13;2;6;4;1;2818;;13;4;5;8;2;9;6;1;5;4;7;3;
*13SQ!~~~66;;;;;;;15.44.22;2;6;4;1;2836;;13;4;5;8;2;9;6;1;5;4;7;3;
a07RQ!~~~66~~~~22;;;;;;;15.44.22;2;6;4;1;2836;;13;4;5;8;2;9;6;1;5;4;7;3;
a04ET+KBF;;;;;;;15.44.22;2;6;4;1;2836;;13;4;5;8;2;9;6;1;5;4;7;3;
a01AT#W4~41~H1F;s;r;;;;;15.44.27;2;6;4;1;2839;;13;4;5;8;2;9;6;1;5;4;7;3;
*05BT=~~~~2~~1F;s;;;;;;15.44.27;2;6;4;1;2839;;13;4;5;8;2;9;6;1;5;4;7;3;
ap12:13;;;;;;;15.44.33;2;6;4;1;2843;;13;4;5;8;2;9;6;1;5;4;7;3;
az3;;;;;;;15.44.33;2;6;3;1;2846;;13;4;5;8;2;9;1;5;4;7;3;6;
a01SQ-~~~55;;;;;;;15.44.54;2;6;3;1;2868;;13;4;5;8;2;9;1;5;4;7;3;6;
*08RQ#~~~55~~~~33;;;;;;;15.44.54;2;6;3;1;2868;;13;4;5;8;2;9;1;5;4;7;3;6;
*09ET+K3F;;;;;;;15.44.54;2;6;3;1;2868;;13;4;5;8;2;9;1;5;4;7;3;6;
*08AT#W4~46~H2;s;r;;;;;15.44.59;2;6;3;1;2871;;13;4;5;8;2;9;1;5;4;7;3;6;
a01DT=~~~46;s;;;;;;15.44.59;2;6;3;1;2871;;13;4;5;8;2;9;1;5;4;7;3;6;
*p13:13;;;;;;;15.45.05;2;6;3;1;2875;;13;4;5;8;2;9;1;5;4;7;3;6;
*z5;;;;;;;15.45.05;2;5;3;1;2878;;4;5;8;2;9;13;1;5;4;7;3;6;
*04SM-~~~17;;;;;;;15.45.53;2;5;3;1;2927;;4;5;8;2;9;13;1;5;4;7;3;6;
a14RM#~~~17~O;;;;;;;15.45.53;2;5;3;1;2927;;4;5;8;2;9;13;1;5;4;7;3;6;
a04EO+K1S;;;;;;;15.45.53;2;5;3;1;2927;;4;5;8;2;9;13;1;5;4;7;3;6;
a04AO#JJ~39~T1;s;r;;;;;15.45.57;2;5;3;1;2929;;4;5;8;2;9;13;1;5;4;7;3;6;
*$$&H=;s;;;;;;15.45.57;2;5;3;1;2929;;4;5;8;2;9;13;1;5;4;7;3;6;
ap13:14;;;;;;;15.46.00;2;5;3;1;2933;;4;5;8;2;9;13;1;5;4;7;3;6;
az2;;;;;;;15.46.00;2;5;2;1;2933;;4;5;8;2;9;13;5;4;7;3;6;1;
a05SM-~~~55;;;;;;;15.46.18;2;5;2;1;2952;;4;5;8;2;9;13;5;4;7;3;6;1;
*08RM#~~~55~~~~33;;;;;;;15.46.18;2;5;2;1;2952;;4;5;8;2;9;13;5;4;7;3;6;1;
*09ET+KBP;;;;;;;15.46.18;2;5;2;1;2952;;4;5;8;2;9;13;5;4;7;3;6;1;
*13AT+Y8~86~H1;;r;;;;;15.46.23;2;5;2;1;2955;;4;5;8;2;9;13;5;4;7;3;6;1;
a04BT-~~~~3~~1;;;;;;;15.46.23;2;5;2;1;2955;;4;5;8;2;9;13;5;4;7;3;6;1;
*09ET+~~F;;;;;;;15.46.23;2;5;2;1;2955;;4;5;8;2;9;13;5;4;7;3;6;1;
*08AT-W4~41~H1;;s;;;;;15.46.27;2;5;2;1;2958;;4;5;8;2;9;13;5;4;7;3;6;1;
a04BT+~~~~2~~1;;;;;;;15.46.27;2;5;2;1;2958;;4;5;8;2;9;13;5;4;7;3;6;1;
a06FH+;;;;;;;15.46.34;2;5;2;1;2961;;4;5;8;2;9;13;5;4;7;3;6;1;
a04EQ+~~C;;;;;;;15.46.34;2;5;2;1;2961;;4;5;8;2;9;13;5;4;7;3;6;1;
a03AQ#J4~31~H1;p;p;;;;;15.46.35;2;5;2;1;2965;;4;5;8;2;9;13;5;4;7;3;6;1;
*09DQ=~~~31;p;;;;;;15.46.35;2;5;2;1;2965;;4;5;8;2;9;13;5;4;7;3;6;1;
ap13:15;;;;;;;15.46.37;2;5;2;1;2969;;4;5;8;2;9;13;5;4;7;3;6;1;
a05SM+~~~51;;;;;;;15.46.54;2;5;2;1;2988;;4;5;8;2;9;13;5;4;7;3;6;1;
*10RM-~~~51~O;;;;;;;15.46.54;2;5;2;1;2988;;4;5;8;2;9;13;5;4;7;3;6;1;
*13EH+~~B;;;;;;;15.46.54;2;5;2;1;2988;;4;5;8;2;9;13;5;4;7;3;6;1;
*05AH-G2~26~H3;;r;;;;;15.46.59;2;5;2;1;2991;;4;5;8;2;9;13;5;4;7;3;6;1;
a01DH+~~~26;;;;;;;15.46.59;2;5;2;1;2991;;4;5;8;2;9;13;5;4;7;3;6;1;
a04EH+;;;;;;;15.46.59;2;5;2;1;2991;;4;5;8;2;9;13;5;4;7;3;6;1;
a07AH#G4~45~H2S;p;p;;;;;15.47.03;2;5;2;1;2994;;4;5;8;2;9;13;5;4;7;3;6;1;
*02BH=~~~~2~~2S;p;;;;;;15.47.03;2;5;2;1;2994;;4;5;8;2;9;13;5;4;7;3;6;1;
ap13:16;;;;;;;15.47.06;2;5;2;1;2998;;4;5;8;2;9;13;5;4;7;3;6;1;
*T;;;;;;;15.47.06;2;5;2;1;2999;;4;5;8;2;9;13;5;4;7;3;6;1;
a05SM-~~~51;;;;;;;15.48.26;2;5;2;1;3080;;4;5;8;2;9;13;5;4;7;3;6;1;
*10RM+~~~51~O~~33;;;;;;;15.48.26;2;5;2;1;3080;;4;5;8;2;9;13;5;4;7;3;6;1;
*09EQ+K1C;;;;;;;15.48.39;2;5;2;1;3080;;4;5;8;2;9;13;5;4;7;3;6;1;
*02AQ-J1~36~H1;;r;;;;;15.48.31;2;5;2;1;3083;;4;5;8;2;9;13;5;4;7;3;6;1;
a03BQ+~~~~3~~1;;;;;;;15.48.31;2;5;2;1;3083;;4;5;8;2;9;13;5;4;7;3;6;1;
*02EH=;p;;;;;;15.48.31;2;5;2;1;3083;;4;5;8;2;9;13;5;4;7;3;6;1;
a$$&H#;p;;;;;;15.48.31;2;5;2;1;3083;;4;5;8;2;9;13;5;4;7;3;6;1;
ap13:17;;;;;;;15.48.41;2;5;2;1;3087;;4;5;8;2;9;13;5;4;7;3;6;1;
*c02:12;;;;;;;15.48.41;2;5;2;1;3094;;4;5;8;12;9;13;5;4;7;3;6;1;
a05SM-~~~51;;;;;;;15.49.00;2;5;2;1;3114;;4;5;8;12;9;13;5;4;7;3;6;1;
*10RM+~~~51~O~~33;;;;;;;15.49.00;2;5;2;1;3114;;4;5;8;12;9;13;5;4;7;3;6;1;
*09ET+K8B;;;;;;;15.49.00;2;5;2;1;3114;;4;5;8;12;9;13;5;4;7;3;6;1;
*05AT#W2~25~H1;s;r;;;;;15.49.05;2;5;2;1;3117;;4;5;8;12;9;13;5;4;7;3;6;1;
a05DT=~~~25;s;;;;;;15.49.05;2;5;2;1;3117;;4;5;8;12;9;13;5;4;7;3;6;1;
*p14:17;;;;;;;15.49.08;2;5;2;1;3121;;4;5;8;12;9;13;5;4;7;3;6;1;
*z4;;;;;;;15.49.08;2;4;2;1;3121;;5;8;12;9;13;4;5;4;7;3;6;1;
*c09:06;;;;;;;15.49.08;2;4;2;1;3121;;5;8;12;6;13;4;5;4;7;3;6;1;
*P5;;;;;;;15.49.08;2;4;2;1;3121;;5;8;12;6;13;4;5;4;7;3;6;1;
*z1;;;;;;;15.49.08;2;1;2;1;3121;;5;8;12;6;13;4;5;4;7;3;6;1;
*05SQ/~~~66;;;;;;;15.49.31;2;1;2;1;3145;;5;8;12;6;13;4;5;4;7;3;6;1;
a01RQ/~~~66;;;;;;;15.49.31;2;1;2;1;3145;;5;8;12;6;13;4;5;4;7;3;6;1;
a03AQ-J4~34~T1;;r;;;;;15.49.31;2;1;2;1;3148;;5;8;12;6;13;4;5;4;7;3;6;1;
*10DQ+~~~34;;;;;;;15.49.31;2;1;2;1;3148;;5;8;12;6;13;4;5;4;7;3;6;1;
*13EH+;;;;;;;15.49.31;2;1;2;1;3148;;5;8;12;6;13;4;5;4;7;3;6;1;
*08AH#G4~41~H2S;p;p;;;;;15.49.38;2;1;2;1;3151;;5;8;12;6;13;4;5;4;7;3;6;1;
a04BH=~~~~2~~2S;p;;;;;;15.49.38;2;1;2;1;3151;;5;8;12;6;13;4;5;4;7;3;6;1;
*p15:17;;;;;;;15.49.42;2;1;2;1;3155;;5;8;12;6;13;4;5;4;7;3;6;1;
*05SQ/~~~66;;;;;;;15.50.03;2;1;2;1;3177;;5;8;12;6;13;4;5;4;7;3;6;1;
a01RQ/~~~66~W;;;;;;;15.50.03;2;1;2;1;3177;;5;8;12;6;13;4;5;4;7;3;6;1;
*13FH=;s;;;;;;15.50.14;2;1;2;1;3179;;5;8;12;6;13;4;5;4;7;3;6;1;
a$$&H#;s;;;;;;15.50.14;2;1;2;1;3179;;5;8;12;6;13;4;5;4;7;3;6;1;
ap15:18;;;;;;;15.50.16;2;1;2;1;3183;;5;8;12;6;13;4;5;4;7;3;6;1;
az1;;;;;;;15.50.16;2;1;1;1;3189;;5;8;12;6;13;4;4;7;3;6;1;5;
*c05:01;;;;;;;15.50.16;2;1;1;1;3189;;1;8;12;6;13;4;4;7;3;6;1;5;
*P1;;;;;;;15.50.16;2;1;1;1;3189;;1;8;12;6;13;4;4;7;3;6;1;5;
*z1;;;;;;;15.50.16;2;1;1;1;3189;;1;8;12;6;13;4;4;7;3;6;1;5;
a04SM-~~~19;;;;;;;15.50.32;2;1;1;1;3207;;1;8;12;6;13;4;4;7;3;6;1;5;
*08RM+~~~19~~~~33;;;;;;;15.50.32;2;1;1;1;3207;;1;8;12;6;13;4;4;7;3;6;1;5;
*01ET+KCF;;;;;;;15.50.32;2;1;1;1;3207;;1;8;12;6;13;4;4;7;3;6;1;5;
*06AT#W4~46~T1;s;r;;;;;15.50.38;2;1;1;1;3210;;1;8;12;6;13;4;4;7;3;6;1;5;
a$$&H=;s;;;;;;15.50.38;2;1;1;1;3210;;1;8;12;6;13;4;4;7;3;6;1;5;
*p16:18;;;;;;;15.50.41;2;1;1;1;3214;;1;8;12;6;13;4;4;7;3;6;1;5;
*z6;;;;;;;15.50.41;2;6;1;1;3214;;8;12;6;13;4;1;4;7;3;6;1;5;
*08SQ-~~~11;;;;;;;15.51.00;2;6;1;1;3235;;8;12;6;13;4;1;4;7;3;6;1;5;
a07RQ#~~~11;;;;;;;15.51.00;2;6;1;1;3235;;8;12;6;13;4;1;4;7;3;6;1;5;
a04EQ+K1C;;;;;;;15.51.00;2;6;1;1;3235;;8;12;6;13;4;1;4;7;3;6;1;5;
a03AQ#J4~37~H1;s;r;;;;;15.51.05;2;6;1;1;3238;;8;12;6;13;4;1;4;7;3;6;1;5;
*$$&H=;s;;;;;;15.51.05;2;6;1;1;3238;;8;12;6;13;4;1;4;7;3;6;1;5;
ap16:19;;;;;;;15.51.09;2;6;1;1;3242;;8;12;6;13;4;1;4;7;3;6;1;5;
az6;;;;;;;15.51.09;2;6;6;1;3242;;8;12;6;13;4;1;7;3;6;1;5;4;
a07SQ=~~~66D~~O;s;;;;;;15.51.27;2;6;6;1;3261;;8;12;6;13;4;1;7;3;6;1;5;4;
*$$&H#;s;;;;;;15.51.27;2;6;6;1;3261;;8;12;6;13;4;1;7;3;6;1;5;4;
*p17:19;;;;;;;15.51.32;2;6;6;1;3266;;8;12;6;13;4;1;7;3;6;1;5;4;
*z5;;;;;;;15.51.32;2;5;6;1;3265;;12;6;13;4;1;8;7;3;6;1;5;4;
*12SM-~~~56;;;;;;;15.51.52;2;5;6;1;3285;;12;6;13;4;1;8;7;3;6;1;5;4;
a14RM#~~~56~O;;;;;;;15.51.52;2;5;6;1;3285;;12;6;13;4;1;8;7;3;6;1;5;4;
a04EQ+K1C;;;;;;;15.51.52;2;5;6;1;3285;;12;6;13;4;1;8;7;3;6;1;5;4;
a03AQ#J4~31CH1;s;r;;;;;15.51.56;2;5;6;1;3288;;12;6;13;4;1;8;7;3;6;1;5;4;
*$$&H=;s;;;;;;15.51.56;2;5;6;1;3288;;12;6;13;4;1;8;7;3;6;1;5;4;
ap17:20;;;;;;;15.51.59;2;5;6;1;3292;;12;6;13;4;1;8;7;3;6;1;5;4;
az5;;;;;;;15.51.59;2;5;5;1;3292;;12;6;13;4;1;8;3;6;1;5;4;7;
a03SM!~~~56;;;;;;;15.52.12;2;5;5;1;3306;;12;6;13;4;1;8;3;6;1;5;4;7;
*08RM!~~~56~~~~22;;;;;;;15.52.12;2;5;5;1;3306;;12;6;13;4;1;8;3;6;1;5;4;7;
*01EH+K9B;;;;;;;15.52.12;2;5;5;1;3306;;12;6;13;4;1;8;3;6;1;5;4;7;
*06AH-G2~26~H2;;r;;;;;15.52.17;2;5;5;1;3309;;12;6;13;4;1;8;3;6;1;5;4;7;
a01BH+~~~~4~~2;;;;;;;15.52.17;2;5;5;1;3309;;12;6;13;4;1;8;3;6;1;5;4;7;
a06DH+;;;;;;;15.52.17;2;5;5;1;3309;;12;6;13;4;1;8;3;6;1;5;4;7;
a04ET+;;;;;;;15.52.17;2;5;5;1;3309;;12;6;13;4;1;8;3;6;1;5;4;7;
a01AT/W4~45~H2;s;p;;;;;15.52.20;2;5;5;1;3312;;12;6;13;4;1;8;3;6;1;5;4;7;
*04BT#~~~~2~~2;s;;;;;;15.52.20;2;5;5;1;3312;;12;6;13;4;1;8;3;6;1;5;4;7;
*p18:20;;;;;;;15.52.23;2;5;5;1;3316;;12;6;13;4;1;8;3;6;1;5;4;7;
*z4;;;;;;;15.52.23;2;4;5;1;3316;;6;13;4;1;8;12;3;6;1;5;4;7;
*c06:09;;;;;;;15.52.23;2;4;5;1;3316;;9;13;4;1;8;12;3;6;1;5;4;7;
*c01:05;;;;;;;15.52.23;2;4;5;1;3316;;9;13;4;5;8;12;3;6;1;5;4;7;
*P9;;;;;;;15.52.23;2;4;5;1;3316;;9;13;4;5;8;12;3;6;1;5;4;7;
*z1;;;;;;;15.52.23;2;1;5;1;3316;;9;13;4;5;8;12;3;6;1;5;4;7;
*09SM+~~~16;;;;;;;15.52.56;2;1;5;1;3350;;9;13;4;5;8;12;3;6;1;5;4;7;
a07RM-~~~16;;;;;;;15.52.56;2;1;5;1;3350;;9;13;4;5;8;12;3;6;1;5;4;7;
a04EH+~~B;;;;;;;15.52.56;2;1;5;1;3350;;9;13;4;5;8;12;3;6;1;5;4;7;
a06AH/G2~21~H2;p;r;;;;;15.53.01;2;1;5;1;3353;;9;13;4;5;8;12;3;6;1;5;4;7;
*04BH#~~~~4~~2;p;;;;;;15.53.01;2;1;5;1;3353;;9;13;4;5;8;12;3;6;1;5;4;7;
*p19:20;;;;;;;15.53.05;2;1;5;1;3357;;9;13;4;5;8;12;3;6;1;5;4;7;
aT;;;;;;;15.53.05;2;1;5;1;3358;;9;13;4;5;8;12;3;6;1;5;4;7;
*09SM!~~~16;;;;;;;15.54.17;2;1;5;1;3431;;9;13;4;5;8;12;3;6;1;5;4;7;
a07RM!~~~16~O~~32;;;;;;;15.54.17;2;1;5;1;3431;;9;13;4;5;8;12;3;6;1;5;4;7;
a04ET+K8P;;;;;;;15.54.17;2;1;5;1;3431;;9;13;4;5;8;12;3;6;1;5;4;7;
a07AT#Y8~86~H1;s;r;;;;;15.54.23;2;1;5;1;3434;;9;13;4;5;8;12;3;6;1;5;4;7;
*08DT=~~~86;s;;;;;;15.54.23;2;1;5;1;3434;;9;13;4;5;8;12;3;6;1;5;4;7;
ap19:21;;;;;;;15.54.36;2;1;5;1;3438;;9;13;4;5;8;12;3;6;1;5;4;7;
az4;;;;;;;15.54.36;2;1;4;1;3449;;9;13;4;5;8;12;6;1;5;4;7;3;
a06SQ=~~~66~~~N;s;;;;;;15.54.47;2;1;4;1;3461;;9;13;4;5;8;12;6;1;5;4;7;3;
*$$&H#;s;;;;;;15.54.47;2;1;4;1;3461;;9;13;4;5;8;12;6;1;5;4;7;3;
*p20:21;;;;;;;15.54.50;2;1;4;1;3464;;9;13;4;5;8;12;6;1;5;4;7;3;
*z6;;;;;;;15.54.50;2;6;4;1;3463;;13;4;5;8;12;9;6;1;5;4;7;3;
*13SQ-~~~66;;;;;;;15.55.02;2;6;4;1;3477;;13;4;5;8;12;9;6;1;5;4;7;3;
a07RQ#~~~66;;;;;;;15.55.02;2;6;4;1;3477;;13;4;5;8;12;9;6;1;5;4;7;3;
a04ET+K1F;;;;;;;15.55.02;2;6;4;1;3477;;13;4;5;8;12;9;6;1;5;4;7;3;
a01AT+W4~47~H1;;r;;;;;15.55.09;2;6;4;1;3480;;13;4;5;8;12;9;6;1;5;4;7;3;
*10DT/~~~47;;;;;;;15.55.09;2;6;4;1;3480;;13;4;5;8;12;9;6;1;5;4;7;3;
a06FH+;;;;;;;15.55.09;2;6;4;1;3481;;13;4;5;8;12;9;6;1;5;4;7;3;
a04EQ+~~C;;;;;;;15.55.09;2;6;4;1;3481;;13;4;5;8;12;9;6;1;5;4;7;3;
a05AQ+J1~35~H2;;s;;;;;15.55.14;2;6;4;1;3484;;13;4;5;8;12;9;6;1;5;4;7;3;
*08BQ-~~~~3~~2;;;;;;;15.55.14;2;6;4;1;3484;;13;4;5;8;12;9;6;1;5;4;7;3;
a05AO#V3~39~H1;s;s;;;;;15.55.17;2;6;4;1;3488;;13;4;5;8;12;9;6;1;5;4;7;3;
*$$&H=;s;;;;;;15.55.17;2;6;4;1;3488;;13;4;5;8;12;9;6;1;5;4;7;3;
ap20:22;;;;;;;15.55.20;2;6;4;1;3492;;13;4;5;8;12;9;6;1;5;4;7;3;
az3;;;;;;;15.55.20;2;6;3;1;3493;;13;4;5;8;12;9;1;5;4;7;3;6;
a01SQ-~~~56;;;;;;;15.55.39;2;6;3;1;3512;;13;4;5;8;12;9;1;5;4;7;3;6;
*10RQ+~~~56~~~~32;;;;;;;15.55.39;2;6;3;1;3512;;13;4;5;8;12;9;1;5;4;7;3;6;
*09ET+KBF;;;;;;;15.55.39;2;6;3;1;3512;;13;4;5;8;12;9;1;5;4;7;3;6;
*08AT-W4~41~H1;;r;;;;;15.55.44;2;6;3;1;3515;;13;4;5;8;12;9;1;5;4;7;3;6;
a04BT+~~~~2~~1;;;;;;;15.55.44;2;6;3;1;3515;;13;4;5;8;12;9;1;5;4;7;3;6;
a06DH+;;;;;;;15.55.46;2;6;3;1;3515;;13;4;5;8;12;9;1;5;4;7;3;6;
a04ET+~~B;;;;;;;15.55.46;2;6;3;1;3515;;13;4;5;8;12;9;1;5;4;7;3;6;
a06AT+Y9~96~H2;;p;;;;;15.55.48;2;6;3;1;3518;;13;4;5;8;12;9;1;5;4;7;3;6;
*04BT-~~~~4~~2;;;;;;;15.55.48;2;6;3;1;3518;;13;4;5;8;12;9;1;5;4;7;3;6;
a04DH+;;;;;;;15.55.48;2;6;3;1;3518;;13;4;5;8;12;9;1;5;4;7;3;6;
a14EH-~~~~2;;;;;;;15.55.48;2;6;3;1;3518;;13;4;5;8;12;9;1;5;4;7;3;6;
*13FH+;;;;;;;15.55.52;2;6;3;1;3521;;13;4;5;8;12;9;1;5;4;7;3;6;
*09ET+;;;;;;;15.55.52;2;6;3;1;3521;;13;4;5;8;12;9;1;5;4;7;3;6;
*08AT!W4~46~H2;;s;;;;;15.55.56;2;6;3;1;3525;;13;4;5;8;12;9;1;5;4;7;3;6;
a04BT/~~~~2~~2;s;;;;;;15.55.56;2;6;3;1;3525;;13;4;5;8;12;9;1;5;4;7;3;6;
*$$&H#;s;;;;;;15.55.56;2;6;3;1;3525;;13;4;5;8;12;9;1;5;4;7;3;6;
*p21:22;;;;;;;15.56.01;2;6;3;1;3529;;13;4;5;8;12;9;1;5;4;7;3;6;
*z5;;;;;;;15.56.01;2;5;3;1;3534;;4;5;8;12;9;13;1;5;4;7;3;6;
*04SM-~~~16;;;;;;;15.56.33;2;5;3;1;3557;;4;5;8;12;9;13;1;5;4;7;3;6;
a14RM#~~~16~O;;;;;;;15.56.33;2;5;3;1;3557;;4;5;8;12;9;13;1;5;4;7;3;6;
a04ET+K1F;;;;;;;15.56.33;2;5;3;1;3557;;4;5;8;12;9;13;1;5;4;7;3;6;
a07AT+W4~45~H1;;r;;;;;15.56.37;2;5;3;1;3560;;4;5;8;12;9;13;1;5;4;7;3;6;
*05BT-~~~~2~~1;;;;;;;15.56.37;2;5;3;1;3560;;4;5;8;12;9;13;1;5;4;7;3;6;
a06DH+;;;;;;;15.56.41;2;5;3;1;3560;;4;5;8;12;9;13;1;5;4;7;3;6;
a04ET+~~F;;;;;;;15.56.41;2;5;3;1;3560;;4;5;8;12;9;13;1;5;4;7;3;6;
a07AT=W4~4~~H2I;p;s;;;;;15.56.42;2;5;3;1;3563;;4;5;8;12;9;13;1;5;4;7;3;6;
*$$&H#;p;;;;;;15.56.42;2;5;3;1;3563;;4;5;8;12;9;13;1;5;4;7;3;6;
*p22:22;;;;;;;15.56.44;2;5;3;1;3567;;4;5;8;12;9;13;1;5;4;7;3;6;
*04SM!~~~17;;;;;;;15.56.53;2;5;3;1;3588;;4;5;8;12;9;13;1;5;4;7;3;6;
a07RM!~~~17~O~~42;;;;;;;15.56.53;2;5;3;1;3588;;4;5;8;12;9;13;1;5;4;7;3;6;
a04ET+K7F;;;;;;;15.56.53;2;5;3;1;3588;;4;5;8;12;9;13;1;5;4;7;3;6;
a07AT#W4~41~H1;s;r;;;;;15.57.05;2;5;3;1;3591;;4;5;8;12;9;13;1;5;4;7;3;6;
*$$&H=;s;;;;;;15.57.05;2;5;3;1;3591;;4;5;8;12;9;13;1;5;4;7;3;6;
ap22:23;;;;;;;15.57.13;2;5;3;1;3595;;4;5;8;12;9;13;1;5;4;7;3;6;
az2;;;;;;;15.57.13;2;5;2;1;3606;;4;5;8;12;9;13;5;4;7;3;6;1;
ac05:15;;;;;;;15.57.13;2;5;2;1;3606;;4;5;8;12;9;13;15;4;7;3;6;1;
a15SM=~~~15~~~O;s;;;;;;15.57.59;2;5;2;1;3653;;4;5;8;12;9;13;15;4;7;3;6;1;
*$$&H#;s;;;;;;15.57.59;2;5;2;1;3653;;4;5;8;12;9;13;15;4;7;3;6;1;
*p23:23;;;;;;;15.58.02;2;5;2;1;3656;;4;5;8;12;9;13;15;4;7;3;6;1;
*z4;;;;;;;15.58.02;2;4;2;1;3655;;5;8;12;9;13;4;15;4;7;3;6;1;
ac15:05;;;;;;;15.58.02;2;4;2;1;3655;;5;8;12;9;13;4;5;4;7;3;6;1;
*05SQ+~~~61;;;;;;;15.58.25;2;4;2;1;3679;;5;8;12;9;13;4;5;4;7;3;6;1;
a14RQ-~~~61;;;;;;;15.58.25;2;4;2;1;3679;;5;8;12;9;13;4;5;4;7;3;6;1;
a04EH+~~F;;;;;;;15.58.41;2;4;2;1;3679;;5;8;12;9;13;4;5;4;7;3;6;1;
a07AH-G4~48~T2;;r;;;;;15.58.31;2;4;2;1;3682;;5;8;12;9;13;4;5;4;7;3;6;1;
*09DH+~~~48;;;;;;;15.58.31;2;4;2;1;3682;;5;8;12;9;13;4;5;4;7;3;6;1;
*10EH+~~B;;;;;;;15.58.31;2;4;2;1;3682;;5;8;12;9;13;4;5;4;7;3;6;1;
*08AH+G2~21~H2;;p;;;;;15.58.35;2;4;2;1;3685;;5;8;12;9;13;4;5;4;7;3;6;1;
a03BH-~~~~4~~2;;;;;;;15.58.35;2;4;2;1;3685;;5;8;12;9;13;4;5;4;7;3;6;1;
*10DH+;;;;;;;15.58.37;2;4;2;1;3685;;5;8;12;9;13;4;5;4;7;3;6;1;
*09EH-~~~~9;;;;;;;15.58.37;2;4;2;1;3685;;5;8;12;9;13;4;5;4;7;3;6;1;
a14FH+;;;;;;;15.58.37;2;4;2;1;3688;;5;8;12;9;13;4;5;4;7;3;6;1;
a03AQ#J4~36~H2;s;s;;;;;15.58.45;2;4;2;1;3692;;5;8;12;9;13;4;5;4;7;3;6;1;
*10DQ=~~~36;s;;;;;;15.58.45;2;4;2;1;3692;;5;8;12;9;13;4;5;4;7;3;6;1;
ap23:24;;;;;;;15.58.50;2;4;2;1;3696;;5;8;12;9;13;4;5;4;7;3;6;1;
az1;;;;;;;15.58.50;2;4;1;1;3703;;5;8;12;9;13;4;4;7;3;6;1;5;
a04SM!~~~15;;;;;;;15.59.08;2;4;1;1;3722;;5;8;12;9;13;4;4;7;3;6;1;5;
*08RM!~~~15~~~~32;;;;;;;15.59.08;2;4;1;1;3722;;5;8;12;9;13;4;4;7;3;6;1;5;
*09ET+K8F;;;;;;;15.59.08;2;4;1;1;3722;;5;8;12;9;13;4;4;7;3;6;1;5;
*08AT/W4~45~H2;p;r;;;;;15.59.14;2;4;1;1;3725;;5;8;12;9;13;4;4;7;3;6;1;5;
a03BT#~~~~2~~2;p;;;;;;15.59.14;2;4;1;1;3725;;5;8;12;9;13;4;4;7;3;6;1;5;
ap23:25;;;;;;;15.59.18;2;4;1;1;3729;;5;8;12;9;13;4;4;7;3;6;1;5;
**2set;;;;;;;15.59.18;3;4;1;1;3731;;;;;;;;;;;;;;
*P09>LUp;;;;;;;15.59.18;3;4;1;1;3731;;8;4;9;13;12;5;7;3;6;1;5;4;
*z3>LUp;;;;;;;15.59.18;3;3;1;1;3731;;8;4;9;13;12;5;7;3;6;1;5;4;
aP04>LUp;;;;;;;15.59.18;3;3;1;1;3731;;8;4;9;13;12;5;7;3;6;1;5;4;
az6>LUp;;;;;;;15.59.18;3;3;6;1;3731;;8;4;9;13;12;5;7;3;6;1;5;4;
*08SQ-~~~11;;;;;;;16.03.27;3;3;6;1;3981;;8;4;9;13;12;5;7;3;6;1;5;4;
a07RQ#~~~11;;;;;;;16.03.27;3;3;6;1;3981;;8;4;9;13;12;5;7;3;6;1;5;4;
a04EQ+K1C;;;;;;;16.03.27;3;3;6;1;3981;;8;4;9;13;12;5;7;3;6;1;5;4;
a03AQ=J4~31~H1S;p;r;;;;;16.03.32;3;3;6;1;3984;;8;4;9;13;12;5;7;3;6;1;5;4;
*$$&H#;p;;;;;;16.03.32;3;3;6;1;3984;;8;4;9;13;12;5;7;3;6;1;5;4;
*p01:00;;;;;;;16.03.36;3;3;6;1;3988;;8;4;9;13;12;5;7;3;6;1;5;4;
*08SQ!~~~16;;;;;;;16.03.58;3;3;6;1;4012;;8;4;9;13;12;5;7;3;6;1;5;4;
a14RQ!~~~16~~~~21;;;;;;;16.03.58;3;3;6;1;4012;;8;4;9;13;12;5;7;3;6;1;5;4;
a04ET+KBF~~~~~~K1;;;;;;;16.04.06;3;3;6;1;4012;;8;4;9;13;12;5;7;3;6;1;5;4;
a01AT-W4~45~H2;;r;;;;;16.04.03;3;3;6;1;4015;;8;4;9;13;12;5;7;3;6;1;5;4;
*10DT+~~~45;;;;;;;16.04.03;3;3;6;1;4015;;8;4;9;13;12;5;7;3;6;1;5;4;
*08EH+~~F~2;;;;;;;16.04.03;3;3;6;1;4015;;8;4;9;13;12;5;7;3;6;1;5;4;
*13AH-G4~42~T2;;p;;;;;16.04.08;3;3;6;1;4018;;8;4;9;13;12;5;7;3;6;1;5;4;
a06BH+~~~~2~~2;;;;;;;16.04.08;3;3;6;1;4018;;8;4;9;13;12;5;7;3;6;1;5;4;
a06DH+;;;;;;;16.04.08;3;3;6;1;4018;;8;4;9;13;12;5;7;3;6;1;5;4;
a04ET+~~F;;;;;;;16.04.08;3;3;6;1;4018;;8;4;9;13;12;5;7;3;6;1;5;4;
a01AT-W4~41~H2;;s;;;;;16.04.12;3;3;6;1;4021;;8;4;9;13;12;5;7;3;6;1;5;4;
*04BT+~~~~2~~2;;;;;;;16.04.12;3;3;6;1;4021;;8;4;9;13;12;5;7;3;6;1;5;4;
*08DH+;;;;;;;16.04.14;3;3;6;1;4021;;8;4;9;13;12;5;7;3;6;1;5;4;
*09ET+~~F;;;;;;;16.04.14;3;3;6;1;4021;;8;4;9;13;12;5;7;3;6;1;5;4;
*13AT-W4~46~H1;;p;;;;;16.04.15;3;3;6;1;4025;;8;4;9;13;12;5;7;3;6;1;5;4;
a06BT+~~~~2~~1;;;;;;;16.04.15;3;3;6;1;4025;;8;4;9;13;12;5;7;3;6;1;5;4;
a03DH+;;;;;;;16.04.15;3;3;6;1;4025;;8;4;9;13;12;5;7;3;6;1;5;4;
a04EH+~~F;;;;;;;16.04.15;3;3;6;1;4025;;8;4;9;13;12;5;7;3;6;1;5;4;
a01AH-G4~46AP0;;s;;;;;16.04.19;3;3;6;1;4028;;8;4;9;13;12;5;7;3;6;1;5;4;
*08DH+~~~46A;;;;;;;16.04.19;3;3;6;1;4028;;8;4;9;13;12;5;7;3;6;1;5;4;
*09ET+~~B;;;;;;;16.04.19;3;3;6;1;4028;;8;4;9;13;12;5;7;3;6;1;5;4;
*05AT#Y9~91DH1;p;p;;;;;16.04.23;3;3;6;1;4031;;8;4;9;13;12;5;7;3;6;1;5;4;
a07DT=~~~91D;p;;;;;;16.04.23;3;3;6;1;4031;;8;4;9;13;12;5;7;3;6;1;5;4;
*p02:00;;;;;;;16.04.26;3;3;6;1;4035;;8;4;9;13;12;5;7;3;6;1;5;4;
*08SQ-~~~11;;;;;;;16.05.05;3;3;6;1;4078;;8;4;9;13;12;5;7;3;6;1;5;4;
a07RQ#~~~11;;;;;;;16.05.05;3;3;6;1;4078;;8;4;9;13;12;5;7;3;6;1;5;4;
a04ET+K1B;;;;;;;16.05.05;3;3;6;1;4078;;8;4;9;13;12;5;7;3;6;1;5;4;
a06AT-W2~21~H1;;r;;;;;16.05.09;3;3;6;1;4081;;8;4;9;13;12;5;7;3;6;1;5;4;
*13BT+~~~~4~~1;;;;;;;16.05.09;3;3;6;1;4081;;8;4;9;13;12;5;7;3;6;1;5;4;
*08DH+;;;;;;;16.05.11;3;3;6;1;4081;;8;4;9;13;12;5;7;3;6;1;5;4;
*09ET#;;;;;;;16.05.11;3;3;6;1;4081;;8;4;9;13;12;5;7;3;6;1;5;4;
*13AT#W4~49~H1;p;p;;;;;16.05.12;3;3;6;1;4084;;8;4;9;13;12;5;7;3;6;1;5;4;
a$$&H=;p;;;;;;16.05.12;3;3;6;1;4084;;8;4;9;13;12;5;7;3;6;1;5;4;
*p03:00;;;;;;;16.05.16;3;3;6;1;4088;;8;4;9;13;12;5;7;3;6;1;5;4;
*08SQ/~~~16;;;;;;;16.05.36;3;3;6;1;4111;;8;4;9;13;12;5;7;3;6;1;5;4;
a14RQ/~~~16;;;;;;;16.05.36;3;3;6;1;4111;;8;4;9;13;12;5;7;3;6;1;5;4;
a07EH+~~F;;;;;;;16.05.36;3;3;6;1;4111;;8;4;9;13;12;5;7;3;6;1;5;4;
a01AH-G4~46~P0;;r;;;;;16.05.43;3;3;6;1;4114;;8;4;9;13;12;5;7;3;6;1;5;4;
*10DH+~~~46;;;;;;;16.05.43;3;3;6;1;4114;;8;4;9;13;12;5;7;3;6;1;5;4;
*09ET#;;;;;;;16.05.43;3;3;6;1;4114;;8;4;9;13;12;5;7;3;6;1;5;4;
*13AT#W4~47~H1;p;p;;;;;16.05.46;3;3;6;1;4117;;8;4;9;13;12;5;7;3;6;1;5;4;
a$$&H=;p;;;;;;16.05.46;3;3;6;1;4117;;8;4;9;13;12;5;7;3;6;1;5;4;
*p04:00;;;;;;;16.05.48;3;3;6;1;4121;;8;4;9;13;12;5;7;3;6;1;5;4;
ac06:20;;;;;;;16.05.48;3;3;6;1;4121;;8;4;9;13;12;5;7;3;20;1;5;4;
*08SQ-~~~16;;;;;;;16.06.13;3;3;6;1;4148;;8;4;9;13;12;5;7;3;20;1;5;4;
a14RQ+~~~16~~~~21;;;;;;;16.06.13;3;3;6;1;4148;;8;4;9;13;12;5;7;3;20;1;5;4;
a04ET+KBB~~~~~~K1;;;;;;;16.06.13;3;3;6;1;4148;;8;4;9;13;12;5;7;3;20;1;5;4;
a20AT#W2~29~H2S;s;r;;;;;16.06.23;3;3;6;1;4151;;8;4;9;13;12;5;7;3;20;1;5;4;
*04BT=~~~~4~~2S;s;;;;;;16.06.23;3;3;6;1;4151;;8;4;9;13;12;5;7;3;20;1;5;4;
ap04:01;;;;;;;16.06.29;3;3;6;1;4155;;8;4;9;13;12;5;7;3;20;1;5;4;
az5;;;;;;;16.06.29;3;3;5;1;4162;;8;4;9;13;12;5;3;20;1;5;4;7;
a03SM-~~~51;;;;;;;16.06.37;3;3;5;1;4171;;8;4;9;13;12;5;3;20;1;5;4;7;
*08RM+~~~51~~~~33;;;;;;;16.06.37;3;3;5;1;4171;;8;4;9;13;12;5;3;20;1;5;4;7;
*09EQ+K2C;;;;;;;16.06.37;3;3;5;1;4171;;8;4;9;13;12;5;3;20;1;5;4;7;
*04AQ-J2~35~H1;;r;;;;;16.06.41;3;3;5;1;4174;;8;4;9;13;12;5;3;20;1;5;4;7;
a05BQ+~~~~3~~1;;;;;;;16.06.41;3;3;5;1;4174;;8;4;9;13;12;5;3;20;1;5;4;7;
a07DH+;;;;;;;16.06.43;3;3;5;1;4174;;8;4;9;13;12;5;3;20;1;5;4;7;
a04ET+~~B;;;;;;;16.06.43;3;3;5;1;4174;;8;4;9;13;12;5;3;20;1;5;4;7;
a20AT-W2~28~T2;;p;;;;;16.06.45;3;3;5;1;4177;;8;4;9;13;12;5;3;20;1;5;4;7;
*10DT+~~~28;;;;;;;16.06.45;3;3;5;1;4177;;8;4;9;13;12;5;3;20;1;5;4;7;
*09EH+;;;;;;;16.06.45;3;3;5;1;4177;;8;4;9;13;12;5;3;20;1;5;4;7;
*13AH#G4~41~H2;s;s;;;;;16.06.49;3;3;5;1;4180;;8;4;9;13;12;5;3;20;1;5;4;7;
a$$&H=;s;;;;;;16.06.49;3;3;5;1;4180;;8;4;9;13;12;5;3;20;1;5;4;7;
*p05:01;;;;;;;16.06.51;3;3;5;1;4184;;8;4;9;13;12;5;3;20;1;5;4;7;
*z2;;;;;;;16.06.51;3;2;5;1;4184;;4;9;13;12;5;8;3;20;1;5;4;7;
*04SM!~~~15;;;;;;;16.07.08;3;2;5;1;4203;;4;9;13;12;5;8;3;20;1;5;4;7;
a07RM!~~~15~O~~31;;;;;;;16.07.08;3;2;5;1;4203;;4;9;13;12;5;8;3;20;1;5;4;7;
a04EQ+KCC~~~1;;;;;;;16.07.08;3;2;5;1;4203;;4;9;13;12;5;8;3;20;1;5;4;7;
a05AQ#J4~39~H1;s;r;;;;;16.07.17;3;2;5;1;4206;;4;9;13;12;5;8;3;20;1;5;4;7;
*09DQ=~~~39;s;;;;;;16.07.17;3;2;5;1;4206;;4;9;13;12;5;8;3;20;1;5;4;7;
ap05:02;;;;;;;16.07.21;3;2;5;1;4210;;4;9;13;12;5;8;3;20;1;5;4;7;
az4;;;;;;;16.07.21;3;2;4;1;4214;;4;9;13;12;5;8;20;1;5;4;7;3;
a20SM-~~~61;;;;;;;16.07.36;3;2;4;1;4229;;4;9;13;12;5;8;20;1;5;4;7;3;
*10RM+~~~61~~~~33;;;;;;;16.07.36;3;2;4;1;4229;;4;9;13;12;5;8;20;1;5;4;7;3;
*09ET+K1F;;;;;;;16.07.36;3;2;4;1;4229;;4;9;13;12;5;8;20;1;5;4;7;3;
*13AT+W4~46CH2;;r;;;;;16.07.39;3;2;4;1;4232;;4;9;13;12;5;8;20;1;5;4;7;3;
a07DT/~~~46C;;;;;;;16.07.39;3;2;4;1;4232;;4;9;13;12;5;8;20;1;5;4;7;3;
*09AO-V3~33~H;;s;;;;;16.07.39;3;2;4;1;4234;;4;9;13;12;5;8;20;1;5;4;7;3;
a05DO+~~~~3;;;;;;;16.07.39;3;2;4;1;4234;;4;9;13;12;5;8;20;1;5;4;7;3;
*05FH+;;;;;;;16.07.39;3;2;4;1;4237;;4;9;13;12;5;8;20;1;5;4;7;3;
*09ET+;;;;;;;16.07.39;3;2;4;1;4237;;4;9;13;12;5;8;20;1;5;4;7;3;
*13AT/W4~45~H2;p;s;;;;;16.07.46;3;2;4;1;4241;;4;9;13;12;5;8;20;1;5;4;7;3;
a05BT#~~~~2~~2;p;;;;;;16.07.46;3;2;4;1;4241;;4;9;13;12;5;8;20;1;5;4;7;3;
ap05:03;;;;;;;16.07.50;3;2;4;1;4245;;4;9;13;12;5;8;20;1;5;4;7;3;
a20SM-~~~66;;;;;;;16.08.26;3;2;4;1;4281;;4;9;13;12;5;8;20;1;5;4;7;3;
*08RM+~~~66~~~~33;;;;;;;16.08.26;3;2;4;1;4281;;4;9;13;12;5;8;20;1;5;4;7;3;
*09EQ+K1C;;;;;;;16.08.26;3;2;4;1;4281;;4;9;13;12;5;8;20;1;5;4;7;3;
*12AQ-J1~36~H2;;r;;;;;16.08.31;3;2;4;1;4284;;4;9;13;12;5;8;20;1;5;4;7;3;
a07DQ+~~~36;;;;;;;16.08.31;3;2;4;1;4284;;4;9;13;12;5;8;20;1;5;4;7;3;
a04ET#;;;;;;;16.08.31;3;2;4;1;4284;;4;9;13;12;5;8;20;1;5;4;7;3;
a01AT#W4~41~H1O;p;p;;;;;16.08.34;3;2;4;1;4287;;4;9;13;12;5;8;20;1;5;4;7;3;
*09BT=~~~~2~~1O;p;;;;;;16.08.34;3;2;4;1;4287;;4;9;13;12;5;8;20;1;5;4;7;3;
ap05:04;;;;;;;16.08.38;3;2;4;1;4291;;4;9;13;12;5;8;20;1;5;4;7;3;
a20SM-~~~61;;;;;;;16.08.55;3;2;4;1;4309;;4;9;13;12;5;8;20;1;5;4;7;3;
*10RM+~~~61~~~~32;;;;;;;16.08.55;3;2;4;1;4309;;4;9;13;12;5;8;20;1;5;4;7;3;
*09ET+K1F;;;;;;;16.09.08;3;2;4;1;4309;;4;9;13;12;5;8;20;1;5;4;7;3;
*13AT+W4~45~H1;;r;;;;;16.09.00;3;2;4;1;4312;;4;9;13;12;5;8;20;1;5;4;7;3;
a04BT-~~~~2~~1;;;;;;;16.09.00;3;2;4;1;4312;;4;9;13;12;5;8;20;1;5;4;7;3;
*05DH+;;;;;;;16.09.07;3;2;4;1;4312;;4;9;13;12;5;8;20;1;5;4;7;3;
*12EH=~~~~4~~~U;p;;;;;;16.09.07;3;2;4;1;4312;;4;9;13;12;5;8;20;1;5;4;7;3;
a$$&H#;p;;;;;;16.09.07;3;2;4;1;4312;;4;9;13;12;5;8;20;1;5;4;7;3;
ap05:05;;;;;;;16.09.11;3;2;4;1;4316;;4;9;13;12;5;8;20;1;5;4;7;3;
a20SM-~~~61;;;;;;;16.09.23;3;2;4;1;4337;;4;9;13;12;5;8;20;1;5;4;7;3;
*10RM+~~~61~~~~32;;;;;;;16.09.23;3;2;4;1;4337;;4;9;13;12;5;8;20;1;5;4;7;3;
*09ET+K1B;;;;;;;16.09.23;3;2;4;1;4337;;4;9;13;12;5;8;20;1;5;4;7;3;
*05AT/Y9~91~H2;p;r;;;;;16.09.29;3;2;4;1;4340;;4;9;13;12;5;8;20;1;5;4;7;3;
a05BT#~~~~4~~2;p;;;;;;16.09.29;3;2;4;1;4340;;4;9;13;12;5;8;20;1;5;4;7;3;
ap05:06;;;;;;;16.09.32;3;2;4;1;4344;;4;9;13;12;5;8;20;1;5;4;7;3;
*T;;;;;;;16.09.32;3;2;4;1;4345;;4;9;13;12;5;8;20;1;5;4;7;3;
a20SM-~~~61;;;;;;;16.10.41;3;2;4;1;4415;;4;9;13;12;5;8;20;1;5;4;7;3;
*10RM#~~~61~~~~33;;;;;;;16.10.41;3;2;4;1;4415;;4;9;13;12;5;8;20;1;5;4;7;3;
*09EQ+K3C;;;;;;;16.10.41;3;2;4;1;4415;;4;9;13;12;5;8;20;1;5;4;7;3;
*12AQ=J3~36~H1;p;r;;;;;16.10.46;3;2;4;1;4418;;4;9;13;12;5;8;20;1;5;4;7;3;
a$$&H#;p;;;;;;16.10.46;3;2;4;1;4418;;4;9;13;12;5;8;20;1;5;4;7;3;
ap05:07;;;;;;;16.10.58;3;2;4;1;4422;;4;9;13;12;5;8;20;1;5;4;7;3;
a20SM+~~~65;;;;;;;16.11.53;3;2;4;1;4487;;4;9;13;12;5;8;20;1;5;4;7;3;
*13RM-~~~65~O;;;;;;;16.11.53;3;2;4;1;4487;;4;9;13;12;5;8;20;1;5;4;7;3;
*09AO+JJ~33~T;;r;;;;;16.12.00;3;2;4;1;4489;;4;9;13;12;5;8;20;1;5;4;7;3;
a04DH+;;;;;;;16.12.00;3;2;4;1;4489;;4;9;13;12;5;8;20;1;5;4;7;3;
a05EH+~~F;;;;;;;16.12.00;3;2;4;1;4489;;4;9;13;12;5;8;20;1;5;4;7;3;
a01AH-G4~44~H2;;p;;;;;16.12.02;3;2;4;1;4492;;4;9;13;12;5;8;20;1;5;4;7;3;
*13DH+~~~44;;;;;;;16.12.02;3;2;4;1;4492;;4;9;13;12;5;8;20;1;5;4;7;3;
*10EH+~~F;;;;;;;16.12.02;3;2;4;1;4492;;4;9;13;12;5;8;20;1;5;4;7;3;
*13AH-G4~48~T2;;s;;;;;16.12.04;3;2;4;1;4495;;4;9;13;12;5;8;20;1;5;4;7;3;
a01DH+~~~48;;;;;;;16.12.04;3;2;4;1;4495;;4;9;13;12;5;8;20;1;5;4;7;3;
a04ET+~~F;;;;;;;16.12.04;3;2;4;1;4495;;4;9;13;12;5;8;20;1;5;4;7;3;
a01AT-W4~41~T2;;p;;;;;16.12.07;3;2;4;1;4499;;4;9;13;12;5;8;20;1;5;4;7;3;
*08DT+~~~41;;;;;;;16.12.07;3;2;4;1;4499;;4;9;13;12;5;8;20;1;5;4;7;3;
*09ET+~~F;;;;;;;16.12.07;3;2;4;1;4499;;4;9;13;12;5;8;20;1;5;4;7;3;
*13AT-W4~45~H2;;s;;;;;16.12.11;3;2;4;1;4502;;4;9;13;12;5;8;20;1;5;4;7;3;
a05BT+~~~~2~~2;;;;;;;16.12.11;3;2;4;1;4502;;4;9;13;12;5;8;20;1;5;4;7;3;
a20DH+;;;;;;;16.12.13;3;2;4;1;4502;;4;9;13;12;5;8;20;1;5;4;7;3;
a04EQ+~~C;;;;;;;16.12.13;3;2;4;1;4502;;4;9;13;12;5;8;20;1;5;4;7;3;
a05AQ#J3~36~H2;p;p;;;;;16.12.16;3;2;4;1;4505;;4;9;13;12;5;8;20;1;5;4;7;3;
*10DQ=~~~36;p;;;;;;16.12.16;3;2;4;1;4505;;4;9;13;12;5;8;20;1;5;4;7;3;
ap05:08;;;;;;;16.12.18;3;2;4;1;4509;;4;9;13;12;5;8;20;1;5;4;7;3;
a20SM=~~~63~~~N;s;;;;;;16.12.38;3;2;4;1;4532;;4;9;13;12;5;8;20;1;5;4;7;3;
*$$&H#;s;;;;;;16.12.38;3;2;4;1;4532;;4;9;13;12;5;8;20;1;5;4;7;3;
*p06:08;;;;;;;16.12.44;3;2;4;1;4538;;4;9;13;12;5;8;20;1;5;4;7;3;
*z1;;;;;;;16.12.44;3;1;4;1;4537;;9;13;12;5;8;4;20;1;5;4;7;3;
*09SM-~~~16;;;;;;;16.13.01;3;1;4;1;4555;;9;13;12;5;8;4;20;1;5;4;7;3;
a07RM+~~~16~O~~21;;;;;;;16.13.01;3;1;4;1;4555;;9;13;12;5;8;4;20;1;5;4;7;3;
a04ET+K1P;;;;;;;16.13.01;3;1;4;1;4555;;9;13;12;5;8;4;20;1;5;4;7;3;
a07AT#Y8~86~H1;s;r;;;;;16.13.06;3;1;4;1;4558;;9;13;12;5;8;4;20;1;5;4;7;3;
*08DT=~~~86;s;;;;;;16.13.06;3;1;4;1;4558;;9;13;12;5;8;4;20;1;5;4;7;3;
ap06:09;;;;;;;16.13.11;3;1;4;1;4562;;9;13;12;5;8;4;20;1;5;4;7;3;
az3;;;;;;;16.13.11;3;1;3;1;4564;;9;13;12;5;8;4;1;5;4;7;3;20;
a01SQ-~~~11;;;;;;;16.13.27;3;1;3;1;4582;;9;13;12;5;8;4;1;5;4;7;3;20;
*13RQ#~~~11~~~~33;;;;;;;16.13.27;3;1;3;1;4582;;9;13;12;5;8;4;1;5;4;7;3;20;
*09ET+K1P;;;;;;;16.13.27;3;1;3;1;4582;;9;13;12;5;8;4;1;5;4;7;3;20;
*08AT-Y8~86~H1;;r;;;;;16.13.32;3;1;3;1;4585;;9;13;12;5;8;4;1;5;4;7;3;20;
a01DT+~~~86;;;;;;;16.13.32;3;1;3;1;4585;;9;13;12;5;8;4;1;5;4;7;3;20;
a04EH+;;;;;;;16.13.32;3;1;3;1;4585;;9;13;12;5;8;4;1;5;4;7;3;20;
a07AH=G4~47~H2S;s;p;;;;;16.13.35;3;1;3;1;4588;;9;13;12;5;8;4;1;5;4;7;3;20;
*$$&H#;s;;;;;;16.13.35;3;1;3;1;4588;;9;13;12;5;8;4;1;5;4;7;3;20;
*p07:09;;;;;;;16.13.38;3;1;3;1;4592;;9;13;12;5;8;4;1;5;4;7;3;20;
*z6;;;;;;;16.13.38;3;6;3;1;4591;;13;12;5;8;4;9;1;5;4;7;3;20;
*13SQ-~~~65;;;;;;;16.13.53;3;6;3;1;4607;;13;12;5;8;4;9;1;5;4;7;3;20;
a07RQ+~~~65~~~~31;;;;;;;16.13.53;3;6;3;1;4607;;13;12;5;8;4;9;1;5;4;7;3;20;
a04EQ+K3C;;;;;;;16.13.53;3;6;3;1;4607;;13;12;5;8;4;9;1;5;4;7;3;20;
a05AQ#J3~36~H2F;s;r;;;;;16.13.59;3;6;3;1;4610;;13;12;5;8;4;9;1;5;4;7;3;20;
*12BQ=~~~~3~~2F;s;;;;;;16.13.59;3;6;3;1;4610;;13;12;5;8;4;9;1;5;4;7;3;20;
ap07:10;;;;;;;16.14.04;3;6;3;1;4614;;13;12;5;8;4;9;1;5;4;7;3;20;
az2;;;;;;;16.14.04;3;6;2;1;4617;;13;12;5;8;4;9;5;4;7;3;20;1;
a05SM!~~~56;;;;;;;16.14.35;3;6;2;1;4649;;13;12;5;8;4;9;5;4;7;3;20;1;
*10RM!~~~56~~~~34;;;;;;;16.14.35;3;6;2;1;4649;;13;12;5;8;4;9;5;4;7;3;20;1;
*09EH+K8F;;;;;;;16.14.58;3;6;2;1;4649;;13;12;5;8;4;9;5;4;7;3;20;1;
*08AH-G4~45~H2;;r;;;;;16.14.40;3;6;2;1;4652;;13;12;5;8;4;9;5;4;7;3;20;1;
a03BH+~~~~2~~2;;;;;;;16.14.40;3;6;2;1;4652;;13;12;5;8;4;9;5;4;7;3;20;1;
a01DH+;;;;;;;16.14.43;3;6;2;1;4652;;13;12;5;8;4;9;5;4;7;3;20;1;
a04ET+~~F;;;;;;;16.14.43;3;6;2;1;4652;;13;12;5;8;4;9;5;4;7;3;20;1;
a07AT-W4~46~H2;;p;;;;;16.14.45;3;6;2;1;4655;;13;12;5;8;4;9;5;4;7;3;20;1;
*05BT+~~~~2~~2;;;;;;;16.14.45;3;6;2;1;4655;;13;12;5;8;4;9;5;4;7;3;20;1;
*13DH+;;;;;;;16.14.48;3;6;2;1;4655;;13;12;5;8;4;9;5;4;7;3;20;1;
*09EH+~~F;;;;;;;16.14.48;3;6;2;1;4655;;13;12;5;8;4;9;5;4;7;3;20;1;
*08AH-G4~41~H2;;s;;;;;16.14.49;3;6;2;1;4658;;13;12;5;8;4;9;5;4;7;3;20;1;
a04BH+~~~~2~~2;;;;;;;16.14.49;3;6;2;1;4658;;13;12;5;8;4;9;5;4;7;3;20;1;
a01DH+;;;;;;;16.14.51;3;6;2;1;4658;;13;12;5;8;4;9;5;4;7;3;20;1;
a04ET+~~F;;;;;;;16.14.51;3;6;2;1;4658;;13;12;5;8;4;9;5;4;7;3;20;1;
a07AT-W4~46~H2;;p;;;;;16.14.53;3;6;2;1;4662;;13;12;5;8;4;9;5;4;7;3;20;1;
*13DT+~~~46;;;;;;;16.14.53;3;6;2;1;4662;;13;12;5;8;4;9;5;4;7;3;20;1;
*09EH-~~~~3;;;;;;;16.14.53;3;6;2;1;4662;;13;12;5;8;4;9;5;4;7;3;20;1;
a01FH+;;;;;;;16.14.53;3;6;2;1;4665;;13;12;5;8;4;9;5;4;7;3;20;1;
a03AQ#J1~35~H1;p;p;;;;;16.15.01;3;6;2;1;4668;;13;12;5;8;4;9;5;4;7;3;20;1;
*$$&H=;p;;;;;;16.15.01;3;6;2;1;4668;;13;12;5;8;4;9;5;4;7;3;20;1;
ap07:11;;;;;;;16.15.04;3;6;2;1;4672;;13;12;5;8;4;9;5;4;7;3;20;1;
*T;;;;;;;16.15.04;3;6;2;1;4677;;13;12;5;8;4;9;5;4;7;3;20;1;
a05SM-~~~55;;;;;;;16.16.18;3;6;2;1;4753;;13;12;5;8;4;9;5;4;7;3;20;1;
*08RM+~~~55~~~~33;;;;;;;16.16.18;3;6;2;1;4753;;13;12;5;8;4;9;5;4;7;3;20;1;
*09ET+K1P;;;;;;;16.16.30;3;6;2;1;4753;;13;12;5;8;4;9;5;4;7;3;20;1;
*13AT-Y8~86~H0;;r;;;;;16.16.24;3;6;2;1;4756;;13;12;5;8;4;9;5;4;7;3;20;1;
a01DT+~~~86;;;;;;;16.16.24;3;6;2;1;4756;;13;12;5;8;4;9;5;4;7;3;20;1;
a05EH=~~B~2;s;;;;;;16.16.24;3;6;2;1;4756;;13;12;5;8;4;9;5;4;7;3;20;1;
*$$&H#;s;;;;;;16.16.24;3;6;2;1;4756;;13;12;5;8;4;9;5;4;7;3;20;1;
*p08:11;;;;;;;16.16.35;3;6;2;1;4760;;13;12;5;8;4;9;5;4;7;3;20;1;
*z5;;;;;;;16.16.35;3;5;2;1;4768;;12;5;8;4;9;13;5;4;7;3;20;1;
*12SM-~~~55;;;;;;;16.16.50;3;5;2;1;4785;;12;5;8;4;9;13;5;4;7;3;20;1;
a07RM#~~~55~O;;;;;;;16.16.50;3;5;2;1;4785;;12;5;8;4;9;13;5;4;7;3;20;1;
a04EQ+K1C;;;;;;;16.16.50;3;5;2;1;4785;;12;5;8;4;9;13;5;4;7;3;20;1;
a03AQ#J1~35~H2;s;r;;;;;16.16.55;3;5;2;1;4788;;12;5;8;4;9;13;5;4;7;3;20;1;
*$$&H=;s;;;;;;16.16.55;3;5;2;1;4788;;12;5;8;4;9;13;5;4;7;3;20;1;
ap08:12;;;;;;;16.17.01;3;5;2;1;4792;;12;5;8;4;9;13;5;4;7;3;20;1;
az1;;;;;;;16.17.01;3;5;1;1;4794;;12;5;8;4;9;13;4;7;3;20;1;5;
a04SM-~~~15;;;;;;;16.17.13;3;5;1;1;4808;;12;5;8;4;9;13;4;7;3;20;1;5;
*08RM#~~~15~~~~33;;;;;;;16.17.13;3;5;1;1;4808;;12;5;8;4;9;13;4;7;3;20;1;5;
*09EQ+K1C;;;;;;;16.17.13;3;5;1;1;4808;;12;5;8;4;9;13;4;7;3;20;1;5;
*04AQ#J1~37~H1;s;r;;;;;16.17.18;3;5;1;1;4811;;12;5;8;4;9;13;4;7;3;20;1;5;
a$$&H=;s;;;;;;16.17.18;3;5;1;1;4811;;12;5;8;4;9;13;4;7;3;20;1;5;
*p09:12;;;;;;;16.17.21;3;5;1;1;4815;;12;5;8;4;9;13;4;7;3;20;1;5;
*z4;;;;;;;16.17.21;3;4;1;1;4814;;5;8;4;9;13;12;4;7;3;20;1;5;
*05SQ!~~~61;;;;;;;16.17.38;3;4;1;1;4832;;5;8;4;9;13;12;4;7;3;20;1;5;
a07RQ!~~~61~~~~32;;;;;;;16.17.38;3;4;1;1;4832;;5;8;4;9;13;12;4;7;3;20;1;5;
a04ET+K8B;;;;;;;16.17.38;3;4;1;1;4832;;5;8;4;9;13;12;4;7;3;20;1;5;
a07AT#W2~25~H2S;s;r;;;;;16.17.44;3;4;1;1;4835;;5;8;4;9;13;12;4;7;3;20;1;5;
*08BT=~~~~4~~2S;s;;;;;;16.17.44;3;4;1;1;4835;;5;8;4;9;13;12;4;7;3;20;1;5;
ap09:13;;;;;;;16.17.48;3;4;1;1;4839;;5;8;4;9;13;12;4;7;3;20;1;5;
az6;;;;;;;16.17.48;3;4;6;1;4841;;5;8;4;9;13;12;7;3;20;1;5;4;
a07SQ=~~~61D~~O;s;;;;;;16.18.07;3;4;6;1;4862;;5;8;4;9;13;12;7;3;20;1;5;4;
*$$&H#;s;;;;;;16.18.07;3;4;6;1;4862;;5;8;4;9;13;12;7;3;20;1;5;4;
*p10:13;;;;;;;16.18.14;3;4;6;1;4869;;5;8;4;9;13;12;7;3;20;1;5;4;
*z3;;;;;;;16.18.14;3;3;6;1;4867;;8;4;9;13;12;5;7;3;20;1;5;4;
*08SQ#~~~15;p;;;;;;16.18.31;3;3;6;1;4885;;8;4;9;13;12;5;7;3;20;1;5;4;
a01RQ=~~~15~R;p;;;;;;16.18.31;3;3;6;1;4885;;8;4;9;13;12;5;7;3;20;1;5;4;
*p11:13;;;;;;;16.18.36;3;3;6;1;4889;;8;4;9;13;12;5;7;3;20;1;5;4;
*08SQ!~~~16;;;;;;;16.18.56;3;3;6;1;4911;;8;4;9;13;12;5;7;3;20;1;5;4;
a14RQ!~~~16~~~~41;;;;;;;16.18.56;3;3;6;1;4911;;8;4;9;13;12;5;7;3;20;1;5;4;
a04EQ+KCC~~~1;;;;;;;16.18.56;3;3;6;1;4911;;8;4;9;13;12;5;7;3;20;1;5;4;
a03AQ#J3~38~H0;s;r;;;;;16.19.05;3;3;6;1;4914;;8;4;9;13;12;5;7;3;20;1;5;4;
*$$&H=;s;;;;;;16.19.05;3;3;6;1;4914;;8;4;9;13;12;5;7;3;20;1;5;4;
ap11:14;;;;;;;16.19.08;3;3;6;1;4918;;8;4;9;13;12;5;7;3;20;1;5;4;
az5;;;;;;;16.19.08;3;3;5;1;4921;;8;4;9;13;12;5;3;20;1;5;4;7;
a03SM+~~~56;;;;;;;16.19.21;3;3;5;1;4935;;8;4;9;13;12;5;3;20;1;5;4;7;
*10RM-~~~56;;;;;;;16.19.21;3;3;5;1;4935;;8;4;9;13;12;5;3;20;1;5;4;7;
*09EH#~~B;;;;;;;16.19.21;3;3;5;1;4935;;8;4;9;13;12;5;3;20;1;5;4;7;
*05AH=G9~9~~H1N;p;r;;;;;16.19.27;3;3;5;1;4938;;8;4;9;13;12;5;3;20;1;5;4;7;
a$$&H#;p;;;;;;16.19.27;3;3;5;1;4938;;8;4;9;13;12;5;3;20;1;5;4;7;
ap11:15;;;;;;;16.19.30;3;3;5;1;4942;;8;4;9;13;12;5;3;20;1;5;4;7;
a03SM-~~~51;;;;;;;16.19.43;3;3;5;1;4957;;8;4;9;13;12;5;3;20;1;5;4;7;
*08RM+~~~51~~~~33;;;;;;;16.19.43;3;3;5;1;4957;;8;4;9;13;12;5;3;20;1;5;4;7;
*09ET+K8B;;;;;;;16.19.43;3;3;5;1;4957;;8;4;9;13;12;5;3;20;1;5;4;7;
*05AT+Y9~96~H1;;r;;;;;16.19.49;3;3;5;1;4960;;8;4;9;13;12;5;3;20;1;5;4;7;
a07DT/~~~96;;;;;;;16.19.49;3;3;5;1;4960;;8;4;9;13;12;5;3;20;1;5;4;7;
*10FH+;;;;;;;16.19.52;3;3;5;1;4961;;8;4;9;13;12;5;3;20;1;5;4;7;
*09ET+~~P;;;;;;;16.19.52;3;3;5;1;4961;;8;4;9;13;12;5;3;20;1;5;4;7;
*08AT#Y8~85~H0;s;s;;;;;16.19.54;3;3;5;1;4964;;8;4;9;13;12;5;3;20;1;5;4;7;
a03DT=~~~85;s;;;;;;16.19.54;3;3;5;1;4964;;8;4;9;13;12;5;3;20;1;5;4;7;
*p12:15;;;;;;;16.19.57;3;3;5;1;4968;;8;4;9;13;12;5;3;20;1;5;4;7;
*z2;;;;;;;16.19.57;3;2;5;1;4970;;4;9;13;12;5;8;3;20;1;5;4;7;
*04SM!~~~15;;;;;;;16.20.18;3;2;5;1;4992;;4;9;13;12;5;8;3;20;1;5;4;7;
a07RM!~~~15~~~~32;;;;;;;16.20.18;3;2;5;1;4992;;4;9;13;12;5;8;3;20;1;5;4;7;
a04ET+K8B;;;;;;;16.20.18;3;2;5;1;4992;;4;9;13;12;5;8;3;20;1;5;4;7;
a20AT+W2~29~H1;;r;;;;;16.20.24;3;2;5;1;4995;;4;9;13;12;5;8;3;20;1;5;4;7;
*05DT-~~~29;;;;;;;16.20.24;3;2;5;1;4995;;4;9;13;12;5;8;3;20;1;5;4;7;
a14FH+;;;;;;;16.20.27;3;2;5;1;4998;;4;9;13;12;5;8;3;20;1;5;4;7;
a04ET+~~B;;;;;;;16.20.27;3;2;5;1;4998;;4;9;13;12;5;8;3;20;1;5;4;7;
a20AT#W2~24~T1;s;s;;;;;16.20.31;3;2;5;1;5001;;4;9;13;12;5;8;3;20;1;5;4;7;
*04DT=~~~24;s;;;;;;16.20.31;3;2;5;1;5001;;4;9;13;12;5;8;3;20;1;5;4;7;
ap12:16;;;;;;;16.20.34;3;2;5;1;5005;;4;9;13;12;5;8;3;20;1;5;4;7;
az4;;;;;;;16.20.34;3;2;4;1;5007;;4;9;13;12;5;8;20;1;5;4;7;3;
a20SM-~~~66;;;;;;;16.21.15;3;2;4;1;5049;;4;9;13;12;5;8;20;1;5;4;7;3;
*08RM+~~~66~~~~32;;;;;;;16.21.15;3;2;4;1;5049;;4;9;13;12;5;8;20;1;5;4;7;3;
*09ET+K1F;;;;;;;16.21.24;3;2;4;1;5049;;4;9;13;12;5;8;20;1;5;4;7;3;
*13AT-W4~42~T2;;r;;;;;16.21.20;3;2;4;1;5052;;4;9;13;12;5;8;20;1;5;4;7;3;
a05DT+~~~42;;;;;;;16.21.20;3;2;4;1;5052;;4;9;13;12;5;8;20;1;5;4;7;3;
a14EH-~~~~4;;;;;;;16.21.20;3;2;4;1;5052;;4;9;13;12;5;8;20;1;5;4;7;3;
*10FH+;;;;;;;16.21.25;3;2;4;1;5055;;4;9;13;12;5;8;20;1;5;4;7;3;
*09EQ+~~C;;;;;;;16.21.25;3;2;4;1;5055;;4;9;13;12;5;8;20;1;5;4;7;3;
*12AQ#J3~31~H1;s;s;;;;;16.21.27;3;2;4;1;5058;;4;9;13;12;5;8;20;1;5;4;7;3;
a20DQ=~~~31;s;;;;;;16.21.27;3;2;4;1;5058;;4;9;13;12;5;8;20;1;5;4;7;3;
*p13:16;;;;;;;16.21.33;3;2;4;1;5062;;4;9;13;12;5;8;20;1;5;4;7;3;
*z1;;;;;;;16.21.33;3;1;4;1;5066;;9;13;12;5;8;4;20;1;5;4;7;3;
*09SM+~~~18D;;;;;;;16.22.18;3;1;4;1;5104;;9;13;12;5;8;4;20;1;5;4;7;3;
a07RM-~~~18D;;;;;;;16.22.18;3;1;4;1;5104;;9;13;12;5;8;4;20;1;5;4;7;3;
a04EH#;;;;;;;16.22.18;3;1;4;1;5104;;9;13;12;5;8;4;20;1;5;4;7;3;
a01AH#G4~46~H1F;s;r;;;;;16.22.21;3;1;4;1;5107;;9;13;12;5;8;4;20;1;5;4;7;3;
*12BH=~~~~2~~1F;s;;;;;;16.22.21;3;1;4;1;5107;;9;13;12;5;8;4;20;1;5;4;7;3;
ap13:17;;;;;;;16.22.27;3;1;4;1;5111;;9;13;12;5;8;4;20;1;5;4;7;3;
az3;;;;;;;16.22.27;3;1;3;1;5120;;9;13;12;5;8;4;1;5;4;7;3;20;
a01SQ+~~~11~~~N;;;;;;;16.22.38;3;1;3;1;5132;;9;13;12;5;8;4;1;5;4;7;3;20;
*13RQ-~~~11;;;;;;;16.22.38;3;1;3;1;5132;;9;13;12;5;8;4;1;5;4;7;3;20;
*09EH+~~F;;;;;;;16.22.48;3;1;3;1;5132;;9;13;12;5;8;4;1;5;4;7;3;20;
*05AH-G4~49~T2;;r;;;;;16.22.43;3;1;3;1;5135;;9;13;12;5;8;4;1;5;4;7;3;20;
a20DH+~~~49;;;;;;;16.22.43;3;1;3;1;5135;;9;13;12;5;8;4;1;5;4;7;3;20;
a04EH-;;;;;;;16.22.50;3;1;3;1;5135;;9;13;12;5;8;4;1;5;4;7;3;20;
a01EH=~~~~~~~~Z;s;;;;;;16.22.50;3;1;3;1;5135;;9;13;12;5;8;4;1;5;4;7;3;20;
*$$&H#;s;;;;;;16.22.50;3;1;3;1;5135;;9;13;12;5;8;4;1;5;4;7;3;20;
*p14:17;;;;;;;16.22.52;3;1;3;1;5139;;9;13;12;5;8;4;1;5;4;7;3;20;
*z6;;;;;;;16.22.52;3;6;3;1;5145;;13;12;5;8;4;9;1;5;4;7;3;20;
*13SQ!~~~66~~~N;;;;;;;16.23.22;3;6;3;1;5177;;13;12;5;8;4;9;1;5;4;7;3;20;
a14RQ!~~~66~~~~32;;;;;;;16.23.22;3;6;3;1;5177;;13;12;5;8;4;9;1;5;4;7;3;20;
a04ET+K8F;;;;;;;16.23.22;3;6;3;1;5177;;13;12;5;8;4;9;1;5;4;7;3;20;
a07AT#W4~45~H2;s;r;;;;;16.23.28;3;6;3;1;5180;;13;12;5;8;4;9;1;5;4;7;3;20;
*13DT=~~~45;s;;;;;;16.23.28;3;6;3;1;5180;;13;12;5;8;4;9;1;5;4;7;3;20;
ap14:18;;;;;;;16.23.32;3;6;3;1;5184;;13;12;5;8;4;9;1;5;4;7;3;20;
az2;;;;;;;16.23.32;3;6;2;1;5185;;13;12;5;8;4;9;5;4;7;3;20;1;
ac05:15;;;;;;;16.23.32;3;6;2;1;5185;;13;12;5;8;4;9;15;4;7;3;20;1;
a15SM!~~~55;;;;;;;16.24.00;3;6;2;1;5214;;13;12;5;8;4;9;15;4;7;3;20;1;
*08RM!~~~55;;;;;;;16.24.00;3;6;2;1;5214;;13;12;5;8;4;9;15;4;7;3;20;1;
*09EH+K8B;;;;;;;16.24.13;3;6;2;1;5214;;13;12;5;8;4;9;15;4;7;3;20;1;
*05AH-G2~26~H2;;r;;;;;16.24.05;3;6;2;1;5217;;13;12;5;8;4;9;15;4;7;3;20;1;
a07BH+~~~~4~~2;;;;;;;16.24.05;3;6;2;1;5217;;13;12;5;8;4;9;15;4;7;3;20;1;
a04DH+;;;;;;;16.24.08;3;6;2;1;5217;;13;12;5;8;4;9;15;4;7;3;20;1;
a04EH+~~B;;;;;;;16.24.08;3;6;2;1;5217;;13;12;5;8;4;9;15;4;7;3;20;1;
a20AH-G9~91~H2;;p;;;;;16.24.11;3;6;2;1;5220;;13;12;5;8;4;9;15;4;7;3;20;1;
*09DH+~~~91;;;;;;;16.24.11;3;6;2;1;5220;;13;12;5;8;4;9;15;4;7;3;20;1;
*10EH+~~~~4;;;;;;;16.24.11;3;6;2;1;5220;;13;12;5;8;4;9;15;4;7;3;20;1;
*08AH#G4~41~H2;s;s;;;;;16.24.15;3;6;2;1;5223;;13;12;5;8;4;9;15;4;7;3;20;1;
a$$&H=;s;;;;;;16.24.15;3;6;2;1;5223;;13;12;5;8;4;9;15;4;7;3;20;1;
*p15:18;;;;;;;16.24.17;3;6;2;1;5227;;13;12;5;8;4;9;15;4;7;3;20;1;
*z5;;;;;;;16.24.17;3;5;2;1;5230;;12;5;8;4;9;13;15;4;7;3;20;1;
ac15:05;;;;;;;16.24.17;3;5;2;1;5230;;12;5;8;4;9;13;5;4;7;3;20;1;
*12SM-~~~57;;;;;;;16.24.46;3;5;2;1;5260;;12;5;8;4;9;13;5;4;7;3;20;1;
a07RM#~~~57;;;;;;;16.24.46;3;5;2;1;5260;;12;5;8;4;9;13;5;4;7;3;20;1;
a04EQ+K1C;;;;;;;16.24.46;3;5;2;1;5260;;12;5;8;4;9;13;5;4;7;3;20;1;
a03AQ-J4~31~H2;;r;;;;;16.24.51;3;5;2;1;5263;;12;5;8;4;9;13;5;4;7;3;20;1;
*04BQ+~~~~3~~2;;;;;;;16.24.51;3;5;2;1;5263;;12;5;8;4;9;13;5;4;7;3;20;1;
*09DH+;;;;;;;16.24.52;3;5;2;1;5263;;12;5;8;4;9;13;5;4;7;3;20;1;
*13EH+~~B;;;;;;;16.24.52;3;5;2;1;5263;;12;5;8;4;9;13;5;4;7;3;20;1;
*05AH-G2~25~H2;;p;;;;;16.24.55;3;5;2;1;5266;;12;5;8;4;9;13;5;4;7;3;20;1;
a07BH+~~~~4~~2;;;;;;;16.24.55;3;5;2;1;5266;;12;5;8;4;9;13;5;4;7;3;20;1;
a07DH+;;;;;;;16.24.57;3;5;2;1;5266;;12;5;8;4;9;13;5;4;7;3;20;1;
a04ET+~~F;;;;;;;16.24.57;3;5;2;1;5266;;12;5;8;4;9;13;5;4;7;3;20;1;
a07AT-W4~45AH2;;s;;;;;16.24.57;3;5;2;1;5269;;12;5;8;4;9;13;5;4;7;3;20;1;
*13DT+~~~45A;;;;;;;16.24.57;3;5;2;1;5269;;12;5;8;4;9;13;5;4;7;3;20;1;
*05EH+~~B~9;;;;;;;16.25.03;3;5;2;1;5269;;12;5;8;4;9;13;5;4;7;3;20;1;
*09AH+G9~96~H0;;p;;;;;16.25.03;3;5;2;1;5272;;12;5;8;4;9;13;5;4;7;3;20;1;
a01DH/~~~96;;;;;;;16.25.03;3;5;2;1;5272;;12;5;8;4;9;13;5;4;7;3;20;1;
*04AO+V3~33~T;;p;;;;;16.25.06;3;5;2;1;5274;;12;5;8;4;9;13;5;4;7;3;20;1;
a04BH-;;;;;;;16.25.06;3;5;2;1;5274;;12;5;8;4;9;13;5;4;7;3;20;1;
*08DH+;;;;;;;16.25.06;3;5;2;1;5274;;12;5;8;4;9;13;5;4;7;3;20;1;
*09ET+~~F;;;;;;;16.25.06;3;5;2;1;5274;;12;5;8;4;9;13;5;4;7;3;20;1;
*08AT#W4~41~H1;p;p;;;;;16.25.08;3;5;2;1;5277;;12;5;8;4;9;13;5;4;7;3;20;1;
a$$&H=;p;;;;;;16.25.08;3;5;2;1;5277;;12;5;8;4;9;13;5;4;7;3;20;1;
*p16:18;;;;;;;16.25.09;3;5;2;1;5281;;12;5;8;4;9;13;5;4;7;3;20;1;
aT;;;;;;;16.25.09;3;5;2;1;5282;;12;5;8;4;9;13;5;4;7;3;20;1;
*12SM-~~~56;;;;;;;16.26.30;3;5;2;1;5365;;12;5;8;4;9;13;5;4;7;3;20;1;
a07RM#~~~56~O;;;;;;;16.26.30;3;5;2;1;5365;;12;5;8;4;9;13;5;4;7;3;20;1;
a04ET+K1F;;;;;;;16.26.30;3;5;2;1;5365;;12;5;8;4;9;13;5;4;7;3;20;1;
a07AT#W4~46~H2;s;r;;;;;16.26.36;3;5;2;1;5368;;12;5;8;4;9;13;5;4;7;3;20;1;
*$$&H=;s;;;;;;16.26.36;3;5;2;1;5368;;12;5;8;4;9;13;5;4;7;3;20;1;
ap16:19;;;;;;;16.26.41;3;5;2;1;5372;;12;5;8;4;9;13;5;4;7;3;20;1;
az1;;;;;;;16.26.41;3;5;1;1;5374;;12;5;8;4;9;13;4;7;3;20;1;5;
a04SM-~~~15;;;;;;;16.26.54;3;5;1;1;5388;;12;5;8;4;9;13;4;7;3;20;1;5;
*08RM#~~~15~~~~33;;;;;;;16.26.54;3;5;1;1;5388;;12;5;8;4;9;13;4;7;3;20;1;5;
*09ET+K1P;;;;;;;16.26.54;3;5;1;1;5388;;12;5;8;4;9;13;4;7;3;20;1;5;
*13AT#Y8~81~H1;s;r;;;;;16.26.59;3;5;1;1;5391;;12;5;8;4;9;13;4;7;3;20;1;5;
a$$&H=;s;;;;;;16.26.59;3;5;1;1;5391;;12;5;8;4;9;13;4;7;3;20;1;5;
*p17:19;;;;;;;16.27.01;3;5;1;1;5395;;12;5;8;4;9;13;4;7;3;20;1;5;
*z4;;;;;;;16.27.01;3;4;1;1;5394;;5;8;4;9;13;12;4;7;3;20;1;5;
*c09:06;;;;;;;16.27.01;3;4;1;1;5394;;5;8;4;6;13;12;4;7;3;20;1;5;
*P5;;;;;;;16.27.01;3;4;1;1;5394;;5;8;4;6;13;12;4;7;3;20;1;5;
*z1;;;;;;;16.27.01;3;1;1;1;5394;;5;8;4;6;13;12;4;7;3;20;1;5;
*05SQ-~~~61;;;;;;;16.27.25;3;1;1;1;5419;;5;8;4;6;13;12;4;7;3;20;1;5;
a07RQ+~~~61~~~~41;;;;;;;16.27.25;3;1;1;1;5419;;5;8;4;6;13;12;4;7;3;20;1;5;
a04EQ+KCC;;;;;;;16.27.25;3;1;1;1;5419;;5;8;4;6;13;12;4;7;3;20;1;5;
a03AQ-J4~37~T1;;r;;;;;16.27.30;3;1;1;1;5422;;5;8;4;6;13;12;4;7;3;20;1;5;
*10DQ+~~~37;;;;;;;16.27.30;3;1;1;1;5422;;5;8;4;6;13;12;4;7;3;20;1;5;
*05EH+~~F;;;;;;;16.27.30;3;1;1;1;5422;;5;8;4;6;13;12;4;7;3;20;1;5;
*08AH+G4~42~T2;;p;;;;;16.27.34;3;1;1;1;5425;;5;8;4;6;13;12;4;7;3;20;1;5;
a03BH-~~~~2~~2;;;;;;;16.27.34;3;1;1;1;5425;;5;8;4;6;13;12;4;7;3;20;1;5;
*10DH+;;;;;;;16.27.34;3;1;1;1;5425;;5;8;4;6;13;12;4;7;3;20;1;5;
*05EH+~~F;;;;;;;16.27.34;3;1;1;1;5425;;5;8;4;6;13;12;4;7;3;20;1;5;
*08AH-G4~45~H2;;p;;;;;16.27.36;3;1;1;1;5428;;5;8;4;6;13;12;4;7;3;20;1;5;
a03BH+~~~~2~~2;;;;;;;16.27.36;3;1;1;1;5428;;5;8;4;6;13;12;4;7;3;20;1;5;
a20DH+;;;;;;;16.27.36;3;1;1;1;5428;;5;8;4;6;13;12;4;7;3;20;1;5;
a04ET#;;;;;;;16.27.36;3;1;1;1;5428;;5;8;4;6;13;12;4;7;3;20;1;5;
a01AT#Y8~85~H1;s;s;;;;;16.27.42;3;1;1;1;5432;;5;8;4;6;13;12;4;7;3;20;1;5;
*$$&H=;s;;;;;;16.27.42;3;1;1;1;5432;;5;8;4;6;13;12;4;7;3;20;1;5;
ap17:20;;;;;;;16.27.47;3;1;1;1;5436;;5;8;4;6;13;12;4;7;3;20;1;5;
az6;;;;;;;16.27.47;3;1;6;1;5440;;5;8;4;6;13;12;7;3;20;1;5;4;
*c05:01;;;;;;;16.27.47;3;1;6;1;5440;;1;8;4;6;13;12;7;3;20;1;5;4;
*P1;;;;;;;16.27.47;3;1;6;1;5440;;1;8;4;6;13;12;7;3;20;1;5;4;
*z1;;;;;;;16.27.47;3;1;6;1;5440;;1;8;4;6;13;12;7;3;20;1;5;4;
a07SQ=~~~66~~~N;s;;;;;;16.28.09;3;1;6;1;5464;;1;8;4;6;13;12;7;3;20;1;5;4;
*$$&H#;s;;;;;;16.28.09;3;1;6;1;5464;;1;8;4;6;13;12;7;3;20;1;5;4;
*p18:20;;;;;;;16.28.13;3;1;6;1;5468;;1;8;4;6;13;12;7;3;20;1;5;4;
*z6;;;;;;;16.28.13;3;6;6;1;5466;;8;4;6;13;12;1;7;3;20;1;5;4;
*08SQ-~~~15;;;;;;;16.28.30;3;6;6;1;5484;;8;4;6;13;12;1;7;3;20;1;5;4;
a01RQ#~~~15;;;;;;;16.28.30;3;6;6;1;5484;;8;4;6;13;12;1;7;3;20;1;5;4;
a04ET+K1F;;;;;;;16.28.30;3;6;6;1;5484;;8;4;6;13;12;1;7;3;20;1;5;4;
a01AT#W4~45~H1;s;r;;;;;16.28.34;3;6;6;1;5487;;8;4;6;13;12;1;7;3;20;1;5;4;
*$$&H=;s;;;;;;16.28.34;3;6;6;1;5487;;8;4;6;13;12;1;7;3;20;1;5;4;
ap18:21;;;;;;;16.28.38;3;6;6;1;5491;;8;4;6;13;12;1;7;3;20;1;5;4;
az5;;;;;;;16.28.38;3;6;5;1;5491;;8;4;6;13;12;1;3;20;1;5;4;7;
ac03:02;;;;;;;16.28.38;3;6;5;1;5491;;8;4;6;13;12;1;2;20;1;5;4;7;
a02SM-~~~11;;;;;;;16.29.04;3;6;5;1;5518;;8;4;6;13;12;1;2;20;1;5;4;7;
*08RM+~~~11~~~~33;;;;;;;16.29.04;3;6;5;1;5518;;8;4;6;13;12;1;2;20;1;5;4;7;
*01ET+KCF;;;;;;;16.29.11;3;6;5;1;5518;;8;4;6;13;12;1;2;20;1;5;4;7;
*13AT-W4~42~T2;;r;;;;;16.29.08;3;6;5;1;5521;;8;4;6;13;12;1;2;20;1;5;4;7;
a20BT+~~~~2~~2;;;;;;;16.29.08;3;6;5;1;5521;;8;4;6;13;12;1;2;20;1;5;4;7;
*13DH+;;;;;;;16.29.08;3;6;5;1;5521;;8;4;6;13;12;1;2;20;1;5;4;7;
*08EH+~~F~4;;;;;;;16.29.08;3;6;5;1;5521;;8;4;6;13;12;1;2;20;1;5;4;7;
*13AH=G4~44~P2S;p;s;;;;;16.29.13;3;6;5;1;5524;;8;4;6;13;12;1;2;20;1;5;4;7;
a$$&H#;p;;;;;;16.29.13;3;6;5;1;5524;;8;4;6;13;12;1;2;20;1;5;4;7;
ap18:22;;;;;;;16.29.16;3;6;5;1;5528;;8;4;6;13;12;1;2;20;1;5;4;7;
a02SM-~~~11;;;;;;;16.29.49;3;6;5;1;5563;;8;4;6;13;12;1;2;20;1;5;4;7;
*08RM#~~~11~~~~33;;;;;;;16.29.49;3;6;5;1;5563;;8;4;6;13;12;1;2;20;1;5;4;7;
*01ET+K1B;;;;;;;16.29.49;3;6;5;1;5563;;8;4;6;13;12;1;2;20;1;5;4;7;
*06AT#W2~21CH1;s;r;;;;;16.29.55;3;6;5;1;5566;;8;4;6;13;12;1;2;20;1;5;4;7;
a$$&H=;s;;;;;;16.29.55;3;6;5;1;5566;;8;4;6;13;12;1;2;20;1;5;4;7;
*p19:22;;;;;;;16.29.59;3;6;5;1;5570;;8;4;6;13;12;1;2;20;1;5;4;7;
*z5;;;;;;;16.29.59;3;5;5;1;5572;;4;6;13;12;1;8;2;20;1;5;4;7;
*c04:07;;;;;;;16.29.59;3;5;5;1;5572;;7;6;13;12;1;8;2;20;1;5;4;7;
ac02:03;;;;;;;16.29.59;3;5;5;1;5572;;7;6;13;12;1;8;3;20;1;5;4;7;
*07SQ-~~~11;;;;;;;16.30.30;3;5;5;1;5604;;7;6;13;12;1;8;3;20;1;5;4;7;
a14RQ#~~~11;;;;;;;16.30.30;3;5;5;1;5604;;7;6;13;12;1;8;3;20;1;5;4;7;
a04EQ+K1C;;;;;;;16.30.30;3;5;5;1;5604;;7;6;13;12;1;8;3;20;1;5;4;7;
a05AQ#J1~35AH1;s;r;;;;;16.30.36;3;5;5;1;5607;;7;6;13;12;1;8;3;20;1;5;4;7;
*$$&H=;s;;;;;;16.30.36;3;5;5;1;5607;;7;6;13;12;1;8;3;20;1;5;4;7;
ap19:23;;;;;;;16.30.40;3;5;5;1;5611;;7;6;13;12;1;8;3;20;1;5;4;7;
az4;;;;;;;16.30.40;3;5;4;1;5613;;7;6;13;12;1;8;20;1;5;4;7;3;
*c07:04;;;;;;;16.30.40;3;5;4;1;5613;;4;6;13;12;1;8;20;1;5;4;7;3;
a20SM!~~~11;;;;;;;16.31.00;3;5;4;1;5634;;4;6;13;12;1;8;20;1;5;4;7;3;
*10RM!~~~11~~~~42;;;;;;;16.31.00;3;5;4;1;5634;;4;6;13;12;1;8;20;1;5;4;7;3;
*01ET+K7F~~~~~~KE;;;;;;;16.31.00;3;5;4;1;5634;;4;6;13;12;1;8;20;1;5;4;7;3;
*13AT#W4~46~H2;s;r;;;;;16.31.06;3;5;4;1;5637;;4;6;13;12;1;8;20;1;5;4;7;3;
a07DT=~~~46;s;;;;;;16.31.06;3;5;4;1;5637;;4;6;13;12;1;8;20;1;5;4;7;3;
*p20:23;;;;;;;16.31.09;3;5;4;1;5641;;4;6;13;12;1;8;20;1;5;4;7;3;
*z4;;;;;;;16.31.09;3;4;4;1;5642;;6;13;12;1;8;4;20;1;5;4;7;3;
*c01:05;;;;;;;16.31.09;3;4;4;1;5642;;6;13;12;5;8;4;20;1;5;4;7;3;
*c06:09;;;;;;;16.31.09;3;4;4;1;5642;;9;13;12;5;8;4;20;1;5;4;7;3;
*P9;;;;;;;16.31.09;3;4;4;1;5642;;9;13;12;5;8;4;20;1;5;4;7;3;
*z1;;;;;;;16.31.09;3;1;4;1;5642;;9;13;12;5;8;4;20;1;5;4;7;3;
*09SM-~~~18D;;;;;;;16.31.37;3;1;4;1;5672;;9;13;12;5;8;4;20;1;5;4;7;3;
a07RM#~~~18D;;;;;;;16.31.37;3;1;4;1;5672;;9;13;12;5;8;4;20;1;5;4;7;3;
a04EQ+K1C;;;;;;;16.31.37;3;1;4;1;5672;;9;13;12;5;8;4;20;1;5;4;7;3;
a05AQ#J1~36~H2S;s;r;;;;;16.31.42;3;1;4;1;5675;;9;13;12;5;8;4;20;1;5;4;7;3;
*12BQ=~~~~3~~2S;s;;;;;;16.31.42;3;1;4;1;5675;;9;13;12;5;8;4;20;1;5;4;7;3;
ap20:24;;;;;;;16.31.50;3;1;4;1;5679;;9;13;12;5;8;4;20;1;5;4;7;3;
az3;;;;;;;16.31.50;3;1;3;1;5683;;9;13;12;5;8;4;1;5;4;7;3;20;
a01SQ#~~~11;p;;;;;;16.32.06;3;1;3;1;5700;;9;13;12;5;8;4;1;5;4;7;3;20;
*13RQ=~~~11~R;p;;;;;;16.32.06;3;1;3;1;5700;;9;13;12;5;8;4;1;5;4;7;3;20;
ap20:25;;;;;;;16.32.18;3;1;3;1;5704;;9;13;12;5;8;4;1;5;4;7;3;20;
**3set;;;;;;;16.32.18;4;1;3;1;5711;;;;;;;;;;;;;;
