*P05>LUp;;;;;;;23.10.17;1;6;4;;;;16;12;9;3;13;5;5;8;13;7;18;4;
*z6>LUp;;;;;;;23.10.17;1;6;4;;;;16;12;9;3;13;5;5;8;13;7;18;4;
aP04>LUp;;;;;;;23.10.17;1;6;4;;;;16;12;9;3;13;5;5;8;13;7;18;4;
az6>LUp;;;;;;;23.10.17;1;6;6;;;;16;12;9;3;13;5;5;8;13;7;18;4;
*16SQ=~~~16~~~N;s;;;;;;23.10.17;1;6;6;1;309;;16;12;9;3;13;5;5;8;13;7;18;4;
a$$&H#;s;;;;;;23.10.17;1;6;6;1;309;;16;12;9;3;13;5;5;8;13;7;18;4;
ap00:01;;;;;;;23.10.21;1;6;6;1;313;;16;12;9;3;13;5;5;8;13;7;18;4;
az5;;;;;;;23.10.21;1;6;5;1;313;;16;12;9;3;13;5;8;13;7;18;4;5;
a08SQ=~~~16~~~N;s;;;;;;23.10.41;1;6;5;1;333;;16;12;9;3;13;5;8;13;7;18;4;5;
*$$&H#;s;;;;;;23.10.41;1;6;5;1;333;;16;12;9;3;13;5;8;13;7;18;4;5;
*p01:01;;;;;;;23.10.45;1;6;5;1;337;;16;12;9;3;13;5;8;13;7;18;4;5;
*z5;;;;;;;23.10.45;1;5;5;1;337;;12;9;3;13;5;16;8;13;7;18;4;5;
*12SQ-~~~56;;;;;;;23.11.06;1;5;5;1;358;;12;9;3;13;5;16;8;13;7;18;4;5;
a15RQ+~~~56~~~~31;;;;;;;23.11.06;1;5;5;1;358;;12;9;3;13;5;16;8;13;7;18;4;5;
a04ET#K1F;;;;;;;23.11.06;1;5;5;1;358;;12;9;3;13;5;16;8;13;7;18;4;5;
a07AT#W4~41CH1;s;r;;;;;23.11.10;1;5;5;1;361;;12;9;3;13;5;16;8;13;7;18;4;5;
*$$&H=;s;;;;;;23.11.10;1;5;5;1;361;;12;9;3;13;5;16;8;13;7;18;4;5;
ap01:02;;;;;;;23.11.14;1;5;5;1;364;;12;9;3;13;5;16;8;13;7;18;4;5;
az4;;;;;;;23.11.14;1;5;4;1;366;;12;9;3;13;5;16;13;7;18;4;5;8;
a13SM-~~~16;;;;;;;23.11.28;1;5;4;1;380;;12;9;3;13;5;16;13;7;18;4;5;8;
*18RM+~~~16~O~~41;;;;;;;23.11.28;1;5;4;1;380;;12;9;3;13;5;16;13;7;18;4;5;8;
*05ET+KFF;;;;;;;23.11.28;1;5;4;1;380;;12;9;3;13;5;16;13;7;18;4;5;8;
*03AT=W4~45~H2S;p;r;;;;;23.11.32;1;5;4;1;383;;12;9;3;13;5;16;13;7;18;4;5;8;
a$$&H#;p;;;;;;23.11.32;1;5;4;1;383;;12;9;3;13;5;16;13;7;18;4;5;8;
ap01:03;;;;;;;23.11.35;1;5;4;1;386;;12;9;3;13;5;16;13;7;18;4;5;8;
a13SM+~~~18;;;;;;;23.11.50;1;5;4;1;402;;12;9;3;13;5;16;13;7;18;4;5;8;
*18RM-~~~18~O;;;;;;;23.11.50;1;5;4;1;402;;12;9;3;13;5;16;13;7;18;4;5;8;
*05ET+;;;;;;;23.11.50;1;5;4;1;404;;12;9;3;13;5;16;13;7;18;4;5;8;
*09AT#W2~25~H2;s;r;;;;;23.11.56;1;5;4;1;405;;12;9;3;13;5;16;13;7;18;4;5;8;
a15DT=~~~25;s;;;;;;23.11.56;1;5;4;1;405;;12;9;3;13;5;16;13;7;18;4;5;8;
*p02:03;;;;;;;23.12.01;1;5;4;1;408;;12;9;3;13;5;16;13;7;18;4;5;8;
*z4;;;;;;;23.12.01;1;4;4;1;413;;9;3;13;5;16;12;13;7;18;4;5;8;
*09SQ=~~~11~~~O;s;;;;;;23.12.14;1;4;4;1;426;;9;3;13;5;16;12;13;7;18;4;5;8;
a$$&H#;s;;;;;;23.12.14;1;4;4;1;426;;9;3;13;5;16;12;13;7;18;4;5;8;
ap02:04;;;;;;;23.12.20;1;4;4;1;432;;9;3;13;5;16;12;13;7;18;4;5;8;
az3;;;;;;;23.12.20;1;4;3;1;432;;9;3;13;5;16;12;7;18;4;5;8;13;
a07SQ#~~~16;p;;;;;;23.12.38;1;4;3;1;450;;9;3;13;5;16;12;7;18;4;5;8;13;
*16RQ=~~~16~W;p;;;;;;23.12.38;1;4;3;1;450;;9;3;13;5;16;12;7;18;4;5;8;13;
ap02:05;;;;;;;23.12.47;1;4;3;1;455;;9;3;13;5;16;12;7;18;4;5;8;13;
a07SQ=~~~16~~~N;s;;;;;;23.13.03;1;4;3;1;475;;9;3;13;5;16;12;7;18;4;5;8;13;
*$$&H#;s;;;;;;23.13.03;1;4;3;1;475;;9;3;13;5;16;12;7;18;4;5;8;13;
*p03:05;;;;;;;23.13.07;1;4;3;1;480;;9;3;13;5;16;12;7;18;4;5;8;13;
*z3;;;;;;;23.13.07;1;3;3;1;479;;3;13;5;16;12;9;7;18;4;5;8;13;
*03SM-~~~16;;;;;;;23.13.22;1;3;3;1;494;;3;13;5;16;12;9;7;18;4;5;8;13;
a07RM+~~~16~O~~31;;;;;;;23.13.22;1;3;3;1;494;;3;13;5;16;12;9;7;18;4;5;8;13;
a04ET+K1F;;;;;;;23.13.22;1;3;3;1;494;;3;13;5;16;12;9;7;18;4;5;8;13;
a05AT+W4~47~H2;;r;;;;;23.13.28;1;3;3;1;497;;3;13;5;16;12;9;7;18;4;5;8;13;
*18DT/~~~47;;;;;;;23.13.28;1;3;3;1;497;;3;13;5;16;12;9;7;18;4;5;8;13;
a04ET#~~F;;;;;;;23.13.28;1;3;3;1;499;;3;13;5;16;12;9;7;18;4;5;8;13;
a05AT#W4~47~H1;s;s;;;;;23.13.32;1;3;3;1;500;;3;13;5;16;12;9;7;18;4;5;8;13;
*$$&H=;s;;;;;;23.13.32;1;3;3;1;500;;3;13;5;16;12;9;7;18;4;5;8;13;
ap03:06;;;;;;;23.13.36;1;3;3;1;504;;3;13;5;16;12;9;7;18;4;5;8;13;
az2;;;;;;;23.13.36;1;3;2;1;508;;3;13;5;16;12;9;18;4;5;8;13;7;
a18SM-~~~58;;;;;;;23.13.56;1;3;2;1;528;;3;13;5;16;12;9;18;4;5;8;13;7;
*03RM+~~~58~O~~32;;;;;;;23.13.56;1;3;2;1;528;;3;13;5;16;12;9;18;4;5;8;13;7;
*05EQ#K1C;;;;;;;23.13.56;1;3;2;1;528;;3;13;5;16;12;9;18;4;5;8;13;7;
*13AQ#J4~31~H1;s;r;;;;;23.14.01;1;3;2;1;531;;3;13;5;16;12;9;18;4;5;8;13;7;
a$$&H=;s;;;;;;23.14.01;1;3;2;1;531;;3;13;5;16;12;9;18;4;5;8;13;7;
*p04:06;;;;;;;23.14.07;1;3;2;1;535;;3;13;5;16;12;9;18;4;5;8;13;7;
*z2;;;;;;;23.14.07;1;2;2;1;539;;13;5;16;12;9;3;18;4;5;8;13;7;
*13SM-~~~56;;;;;;;23.14.18;1;2;2;1;551;;13;5;16;12;9;3;18;4;5;8;13;7;
a07RM+~~~56~O~~31;;;;;;;23.14.18;1;2;2;1;551;;13;5;16;12;9;3;18;4;5;8;13;7;
a04ET#K2F;;;;;;;23.14.18;1;2;2;1;551;;13;5;16;12;9;3;18;4;5;8;13;7;
a05AT=W4~47DH1S;p;r;;;;;23.14.24;1;2;2;1;554;;13;5;16;12;9;3;18;4;5;8;13;7;
*$$&H#;p;;;;;;23.14.24;1;2;2;1;554;;13;5;16;12;9;3;18;4;5;8;13;7;
*p05:06;;;;;;;23.14.28;1;2;2;1;558;;13;5;16;12;9;3;18;4;5;8;13;7;
*13SM#~~~56;p;;;;;;23.14.41;1;2;2;1;574;;13;5;16;12;9;3;18;4;5;8;13;7;
a07RM=~~~56~O;p;;;;;;23.14.41;1;2;2;1;574;;13;5;16;12;9;3;18;4;5;8;13;7;
*p06:06;;;;;;;23.14.50;1;2;2;1;578;;13;5;16;12;9;3;18;4;5;8;13;7;
*13SM+~~~53~~~N;;;;;;;23.15.01;1;2;2;1;594;;13;5;16;12;9;3;18;4;5;8;13;7;
a04RM-~~~53~W;;;;;;;23.15.01;1;2;2;1;594;;13;5;16;12;9;3;18;4;5;8;13;7;
a04EH+~~F;;;;;;;23.15.10;1;2;2;1;596;;13;5;16;12;9;3;18;4;5;8;13;7;
a05AH+G4~46~H2;;r;;;;;23.15.07;1;2;2;1;597;;13;5;16;12;9;3;18;4;5;8;13;7;
*12BH-~~~~2~~2;;;;;;;23.15.07;1;2;2;1;597;;13;5;16;12;9;3;18;4;5;8;13;7;
a15EH=~~~~4~~~Z;p;;;;;;23.15.07;1;2;2;1;597;;13;5;16;12;9;3;18;4;5;8;13;7;
*$$&H#;p;;;;;;23.15.07;1;2;2;1;597;;13;5;16;12;9;3;18;4;5;8;13;7;
*p07:06;;;;;;;23.15.16;1;2;2;1;606;;13;5;16;12;9;3;18;4;5;8;13;7;
*13SM-~~~51;;;;;;;23.15.36;1;2;2;1;629;;13;5;16;12;9;3;18;4;5;8;13;7;
a15RM+~~~51~~~~31;;;;;;;23.15.36;1;2;2;1;629;;13;5;16;12;9;3;18;4;5;8;13;7;
a04ET+K1B;;;;;;;23.15.36;1;2;2;1;629;;13;5;16;12;9;3;18;4;5;8;13;7;
a13AT#Y9~96~H1;s;r;;;;;23.15.42;1;2;2;1;632;;13;5;16;12;9;3;18;4;5;8;13;7;
*03DT=~~~96;s;;;;;;23.15.42;1;2;2;1;632;;13;5;16;12;9;3;18;4;5;8;13;7;
ap07:07;;;;;;;23.15.47;1;2;2;1;637;;13;5;16;12;9;3;18;4;5;8;13;7;
az1;;;;;;;23.15.47;1;2;1;1;639;;13;5;16;12;9;3;4;5;8;13;7;18;
a04SM-~~~17;;;;;;;23.16.03;1;2;1;1;655;;13;5;16;12;9;3;4;5;8;13;7;18;
*03RM+~~~17~~~~31;;;;;;;23.16.03;1;2;1;1;655;;13;5;16;12;9;3;4;5;8;13;7;18;
*05ET#K1B;;;;;;;23.16.03;1;2;1;1;655;;13;5;16;12;9;3;4;5;8;13;7;18;
*09AT#Y9~91~H1;s;r;;;;;23.16.09;1;2;1;1;658;;13;5;16;12;9;3;4;5;8;13;7;18;
a$$&H=;s;;;;;;23.16.09;1;2;1;1;658;;13;5;16;12;9;3;4;5;8;13;7;18;
*p08:07;;;;;;;23.16.11;1;2;1;1;662;;13;5;16;12;9;3;4;5;8;13;7;18;
*z1;;;;;;;23.16.17;1;1;1;1;669;;5;16;12;9;3;13;4;5;8;13;7;18;
*05SM!~~~15;;;;;;;23.16.25;1;1;1;1;677;;5;16;12;9;3;13;4;5;8;13;7;18;
a07RM!~~~15~O~~32;;;;;;;23.16.25;1;1;1;1;677;;5;16;12;9;3;13;4;5;8;13;7;18;
a04ET#K2F;;;;;;;23.16.25;1;1;1;1;677;;5;16;12;9;3;13;4;5;8;13;7;18;
a13AT#W4~41~H1N;s;r;;;;;23.16.30;1;1;1;1;681;;5;16;12;9;3;13;4;5;8;13;7;18;
*05DT=~~~41;s;;;;;;23.16.30;1;1;1;1;681;;5;16;12;9;3;13;4;5;8;13;7;18;
ap08:08;;;;;;;23.16.35;1;1;1;1;684;;5;16;12;9;3;13;4;5;8;13;7;18;
az6;;;;;;;23.16.35;1;1;6;1;687;;5;16;12;9;3;13;5;8;13;7;18;4;
a05SQ/~~~65;;;;;;;23.16.57;1;1;6;1;709;;5;16;12;9;3;13;5;8;13;7;18;4;
*09RQ/~~~65~L;;;;;;;23.16.57;1;1;6;1;709;;5;16;12;9;3;13;5;8;13;7;18;4;
a07AO#V3~35~H;p;p;;;;;23.17.03;1;1;6;1;712;;5;16;12;9;3;13;5;8;13;7;18;4;
*$$&H=;p;;;;;;23.17.03;1;1;6;1;712;;5;16;12;9;3;13;5;8;13;7;18;4;
ap08:09;;;;;;;23.17.06;1;1;6;1;715;;5;16;12;9;3;13;5;8;13;7;18;4;
a05SQ=~~~65~~~L;s;;;;;;23.17.18;1;1;6;1;730;;5;16;12;9;3;13;5;8;13;7;18;4;
*$$&H#;s;;;;;;23.17.18;1;1;6;1;730;;5;16;12;9;3;13;5;8;13;7;18;4;
*p09:09;;;;;;;23.17.22;1;1;6;1;734;;5;16;12;9;3;13;5;8;13;7;18;4;
*z6;;;;;;;23.17.22;1;6;6;1;734;;16;12;9;3;13;5;5;8;13;7;18;4;
*16SQ+~~~16;;;;;;;23.17.32;1;6;6;1;744;;16;12;9;3;13;5;5;8;13;7;18;4;
a15RQ-~~~16;;;;;;;23.17.32;1;6;6;1;744;;16;12;9;3;13;5;5;8;13;7;18;4;
a04EQ+~~C;;;;;;;23.17.32;1;6;6;1;746;;16;12;9;3;13;5;5;8;13;7;18;4;
a08AQ-J2~31~H1;;r;;;;;23.17.37;1;6;6;1;747;;16;12;9;3;13;5;5;8;13;7;18;4;
*05DQ+~~~31;;;;;;;23.17.37;1;6;6;1;747;;16;12;9;3;13;5;5;8;13;7;18;4;
*18EH+;;;;;;;23.17.37;1;6;6;1;749;;16;12;9;3;13;5;5;8;13;7;18;4;
*03AH/G4~41~H2;s;p;;;;;23.17.41;1;6;6;1;750;;16;12;9;3;13;5;5;8;13;7;18;4;
a13BH#~~~~2~~2;s;;;;;;23.17.41;1;6;6;1;750;;16;12;9;3;13;5;5;8;13;7;18;4;
ap09:10;;;;;;;23.17.45;1;6;6;1;753;;16;12;9;3;13;5;5;8;13;7;18;4;
az5;;;;;;;23.17.45;1;6;5;1;757;;16;12;9;3;13;5;8;13;7;18;4;5;
a08SQ-~~~11;;;;;;;23.18.46;1;6;5;1;818;;16;12;9;3;13;5;8;13;7;18;4;5;
*18RQ#~~~11;;;;;;;23.18.46;1;6;5;1;818;;16;12;9;3;13;5;8;13;7;18;4;5;
*05ET+K1F;;;;;;;23.18.46;1;6;5;1;818;;16;12;9;3;13;5;8;13;7;18;4;5;
*03AT-W4~45~H2;;r;;;;;23.18.51;1;6;5;1;821;;16;12;9;3;13;5;8;13;7;18;4;5;
a13BT+~~~~2~~2;;;;;;;23.18.51;1;6;5;1;821;;16;12;9;3;13;5;8;13;7;18;4;5;
*18DH+;;;;;;;23.18.53;1;6;5;1;821;;16;12;9;3;13;5;8;13;7;18;4;5;
*05ET+~~B;;;;;;;23.18.53;1;6;5;1;823;;16;12;9;3;13;5;8;13;7;18;4;5;
*09AT-W2~23~T2;;s;;;;;23.18.54;1;6;5;1;824;;16;12;9;3;13;5;8;13;7;18;4;5;
a05DT+~~~23;;;;;;;23.18.54;1;6;5;1;824;;16;12;9;3;13;5;8;13;7;18;4;5;
a04ET+~~F;;;;;;;23.18.54;1;6;5;1;826;;16;12;9;3;13;5;8;13;7;18;4;5;
a07AT/W4~42~T2;s;p;;;;;23.18.58;1;6;5;1;827;;16;12;9;3;13;5;8;13;7;18;4;5;
*09BT#~~~~2~~2;s;;;;;;23.18.58;1;6;5;1;827;;16;12;9;3;13;5;8;13;7;18;4;5;
*p10:10;;;;;;;23.19.13;1;6;5;1;832;;16;12;9;3;13;5;8;13;7;18;4;5;
*z5;;;;;;;23.19.13;1;5;5;1;845;;12;9;3;13;5;16;8;13;7;18;4;5;
*12SQ-~~~51;;;;;;;23.19.33;1;5;5;1;865;;12;9;3;13;5;16;8;13;7;18;4;5;
a15RQ#~~~51;;;;;;;23.19.33;1;5;5;1;865;;12;9;3;13;5;16;8;13;7;18;4;5;
a04ET+K1B;;;;;;;23.19.33;1;5;5;1;865;;12;9;3;13;5;16;8;13;7;18;4;5;
a13AT#W2~21~H2S;s;r;;;;;23.19.37;1;5;5;1;868;;12;9;3;13;5;16;8;13;7;18;4;5;
*13BT=~~~~4~~2S;s;;;;;;23.19.37;1;5;5;1;868;;12;9;3;13;5;16;8;13;7;18;4;5;
ap10:11;;;;;;;23.19.43;1;5;5;1;871;;12;9;3;13;5;16;8;13;7;18;4;5;
az4;;;;;;;23.19.43;1;5;4;1;875;;12;9;3;13;5;16;13;7;18;4;5;8;
a13SM+~~~16;;;;;;;23.19.56;1;5;4;1;888;;12;9;3;13;5;16;13;7;18;4;5;8;
*18RM-~~~16;;;;;;;23.19.56;1;5;4;1;888;;12;9;3;13;5;16;13;7;18;4;5;8;
*05ET+~~B;;;;;;;23.19.56;1;5;4;1;890;;12;9;3;13;5;16;13;7;18;4;5;8;
*09AT-W2~25~H2;;r;;;;;23.19.59;1;5;4;1;890;;12;9;3;13;5;16;13;7;18;4;5;8;
a07BT+~~~~4~~2;;;;;;;23.19.59;1;5;4;1;890;;12;9;3;13;5;16;13;7;18;4;5;8;
a15DH+;;;;;;;23.20.02;1;5;4;1;890;;12;9;3;13;5;16;13;7;18;4;5;8;
a04EQ+~~C;;;;;;;23.20.02;1;5;4;1;892;;12;9;3;13;5;16;13;7;18;4;5;8;
a18AQ-J4~36~H1;;p;;;;;23.20.04;1;5;4;1;893;;12;9;3;13;5;16;13;7;18;4;5;8;
*18DQ+~~~36;;;;;;;23.20.04;1;5;4;1;893;;12;9;3;13;5;16;13;7;18;4;5;8;
*05EH+~~F;;;;;;;23.20.04;1;5;4;1;895;;12;9;3;13;5;16;13;7;18;4;5;8;
*03AH-G4~42~T1;;s;;;;;23.20.06;1;5;4;1;896;;12;9;3;13;5;16;13;7;18;4;5;8;
a18DH+~~~42;;;;;;;23.20.06;1;5;4;1;896;;12;9;3;13;5;16;13;7;18;4;5;8;
a04ET+~~F;;;;;;;23.20.06;1;5;4;1;899;;12;9;3;13;5;16;13;7;18;4;5;8;
a07AT-W4~45~H2;;p;;;;;23.20.08;1;5;4;1;900;;12;9;3;13;5;16;13;7;18;4;5;8;
*13BT+~~~~2~~2;;;;;;;23.20.08;1;5;4;1;900;;12;9;3;13;5;16;13;7;18;4;5;8;
a15DH+;;;;;;;23.20.10;1;5;4;1;900;;12;9;3;13;5;16;13;7;18;4;5;8;
a04ET+~~P;;;;;;;23.20.10;1;5;4;1;902;;12;9;3;13;5;16;13;7;18;4;5;8;
a05AT#Y8~85~H2;p;p;;;;;23.20.12;1;5;4;1;903;;12;9;3;13;5;16;13;7;18;4;5;8;
*16DT=~~~85;p;;;;;;23.20.12;1;5;4;1;903;;12;9;3;13;5;16;13;7;18;4;5;8;
ap10:12;;;;;;;23.20.20;1;5;4;1;906;;12;9;3;13;5;16;13;7;18;4;5;8;
a13SM+~~~15;;;;;;;23.20.33;1;5;4;1;925;;12;9;3;13;5;16;13;7;18;4;5;8;
*03RM-~~~15~O;;;;;;;23.20.33;1;5;4;1;925;;12;9;3;13;5;16;13;7;18;4;5;8;
*05EH+;;;;;;;23.20.33;1;5;4;1;927;;12;9;3;13;5;16;13;7;18;4;5;8;
*09AH=G2~21~H2O;p;r;;;;;23.20.38;1;5;4;1;928;;12;9;3;13;5;16;13;7;18;4;5;8;
a$$&H#;p;;;;;;23.20.38;1;5;4;1;928;;12;9;3;13;5;16;13;7;18;4;5;8;
ap10:13;;;;;;;23.20.41;1;5;4;1;931;;12;9;3;13;5;16;13;7;18;4;5;8;
a13SM-~~~15;;;;;;;23.21.27;1;5;4;1;979;;12;9;3;13;5;16;13;7;18;4;5;8;
*03RM+~~~15~O~~32;;;;;;;23.21.27;1;5;4;1;979;;12;9;3;13;5;16;13;7;18;4;5;8;
*05EQ+K1C;;;;;;;23.21.27;1;5;4;1;979;;12;9;3;13;5;16;13;7;18;4;5;8;
*13AQ-J4~31~H1;;r;;;;;23.21.31;1;5;4;1;981;;12;9;3;13;5;16;13;7;18;4;5;8;
a13DQ+~~~31;;;;;;;23.21.31;1;5;4;1;981;;12;9;3;13;5;16;13;7;18;4;5;8;
a04EH+~~F;;;;;;;23.21.31;1;5;4;1;983;;12;9;3;13;5;16;13;7;18;4;5;8;
a07AH-G4~42~T1;;p;;;;;23.21.35;1;5;4;1;984;;12;9;3;13;5;16;13;7;18;4;5;8;
*09BH+~~~~2~~1;;;;;;;23.21.35;1;5;4;1;984;;12;9;3;13;5;16;13;7;18;4;5;8;
*18DH+;;;;;;;23.21.37;1;5;4;1;984;;12;9;3;13;5;16;13;7;18;4;5;8;
*05ET+~~B;;;;;;;23.21.37;1;5;4;1;986;;12;9;3;13;5;16;13;7;18;4;5;8;
*09AT#W2~29~H1;s;s;;;;;23.21.38;1;5;4;1;987;;12;9;3;13;5;16;13;7;18;4;5;8;
a13DT=~~~29;s;;;;;;23.21.38;1;5;4;1;987;;12;9;3;13;5;16;13;7;18;4;5;8;
*p11:13;;;;;;;23.21.43;1;5;4;1;990;;12;9;3;13;5;16;13;7;18;4;5;8;
*z4;;;;;;;23.21.43;1;4;4;1;995;;9;3;13;5;16;12;13;7;18;4;5;8;
*09SQ-~~~16;;;;;;;23.22.06;1;4;4;1;1018;;9;3;13;5;16;12;13;7;18;4;5;8;
a05RQ#~~~16;;;;;;;23.22.06;1;4;4;1;1018;;9;3;13;5;16;12;13;7;18;4;5;8;
a04ET+K1F;;;;;;;23.22.06;1;4;4;1;1018;;9;3;13;5;16;12;13;7;18;4;5;8;
a07AT#W4~45~H2S;s;r;;;;;23.22.13;1;4;4;1;1021;;9;3;13;5;16;12;13;7;18;4;5;8;
*13BT=~~~~2~~2S;s;;;;;;23.22.13;1;4;4;1;1021;;9;3;13;5;16;12;13;7;18;4;5;8;
ap11:14;;;;;;;23.22.17;1;4;4;1;1024;;9;3;13;5;16;12;13;7;18;4;5;8;
az3;;;;;;;23.22.17;1;4;3;1;1029;;9;3;13;5;16;12;7;18;4;5;8;13;
a07SQ!~~~15;;;;;;;23.22.38;1;4;3;1;1048;;9;3;13;5;16;12;7;18;4;5;8;13;
*03RQ!~~~15~~~~41;;;;;;;23.22.38;1;4;3;1;1048;;9;3;13;5;16;12;7;18;4;5;8;13;
*05EQ+KCC~~~1;;;;;;;23.22.38;1;4;3;1;1048;;9;3;13;5;16;12;7;18;4;5;8;13;
*13AQ#J1~31~H1;s;r;;;;;23.22.43;1;4;3;1;1049;;9;3;13;5;16;12;7;18;4;5;8;13;
a$$&H=;s;;;;;;23.22.43;1;4;3;1;1049;;9;3;13;5;16;12;7;18;4;5;8;13;
*p12:14;;;;;;;23.22.45;1;4;3;1;1052;;9;3;13;5;16;12;7;18;4;5;8;13;
*z3;;;;;;;23.22.45;1;3;3;1;1057;;3;13;5;16;12;9;7;18;4;5;8;13;
*03SM-~~~11;;;;;;;23.22.59;1;3;3;1;1071;;3;13;5;16;12;9;7;18;4;5;8;13;
a07RM#~~~11;;;;;;;23.22.59;1;3;3;1;1071;;3;13;5;16;12;9;7;18;4;5;8;13;
a04ET+K1B;;;;;;;23.22.59;1;3;3;1;1071;;3;13;5;16;12;9;7;18;4;5;8;13;
a13AT-Y9~95~H1;;r;;;;;23.23.05;1;3;3;1;1074;;3;13;5;16;12;9;7;18;4;5;8;13;
*18DT+~~~95;;;;;;;23.23.05;1;3;3;1;1074;;3;13;5;16;12;9;7;18;4;5;8;13;
*05EH+~~F;;;;;;;23.23.05;1;3;3;1;1076;;3;13;5;16;12;9;7;18;4;5;8;13;
*16AH-G4~46~H2;;p;;;;;23.23.08;1;3;3;1;1077;;3;13;5;16;12;9;7;18;4;5;8;13;
a07DH+~~~46;;;;;;;23.23.08;1;3;3;1;1077;;3;13;5;16;12;9;7;18;4;5;8;13;
a04EH+;;;;;;;23.23.08;1;3;3;1;1079;;3;13;5;16;12;9;7;18;4;5;8;13;
a13AH=G9~9~~H~Z;p;s;;;;;23.23.12;1;3;3;1;1080;;3;13;5;16;12;9;7;18;4;5;8;13;
*$$&H#;p;;;;;;23.23.12;1;3;3;1;1080;;3;13;5;16;12;9;7;18;4;5;8;13;
*p13:14;;;;;;;23.23.15;1;3;3;1;1083;;3;13;5;16;12;9;7;18;4;5;8;13;
*03SM-~~~11;;;;;;;23.23.32;1;3;3;1;1104;;3;13;5;16;12;9;7;18;4;5;8;13;
a07RM#~~~11~O;;;;;;;23.23.32;1;3;3;1;1104;;3;13;5;16;12;9;7;18;4;5;8;13;
a04ET+K1F;;;;;;;23.23.32;1;3;3;1;1104;;3;13;5;16;12;9;7;18;4;5;8;13;
a05AT#W4~46~H2;s;r;;;;;23.23.37;1;3;3;1;1107;;3;13;5;16;12;9;7;18;4;5;8;13;
*03DT=~~~46;s;;;;;;23.23.37;1;3;3;1;1107;;3;13;5;16;12;9;7;18;4;5;8;13;
ap13:15;;;;;;;23.23.44;1;3;3;1;1110;;3;13;5;16;12;9;7;18;4;5;8;13;
az2;;;;;;;23.23.44;1;3;2;1;1116;;3;13;5;16;12;9;18;4;5;8;13;7;
a18SM-~~~51;;;;;;;23.24.05;1;3;2;1;1136;;3;13;5;16;12;9;18;4;5;8;13;7;
*03RM#~~~51~O;;;;;;;23.24.05;1;3;2;1;1136;;3;13;5;16;12;9;18;4;5;8;13;7;
*05ET+K1F;;;;;;;23.24.05;1;3;2;1;1136;;3;13;5;16;12;9;18;4;5;8;13;7;
*16AT=W4~4~~H2N;p;r;;;;;23.24.09;1;3;2;1;1139;;3;13;5;16;12;9;18;4;5;8;13;7;
a$$&H#;p;;;;;;23.24.09;1;3;2;1;1139;;3;13;5;16;12;9;18;4;5;8;13;7;
ap13:16;;;;;;;23.24.15;1;3;2;1;1142;;3;13;5;16;12;9;18;4;5;8;13;7;
a18SM!~~~56;;;;;;;23.24.33;1;3;2;1;1164;;3;13;5;16;12;9;18;4;5;8;13;7;
*03RM!~~~56~O~~32;;;;;;;23.24.33;1;3;2;1;1164;;3;13;5;16;12;9;18;4;5;8;13;7;
*05ET+K8F;;;;;;;23.24.33;1;3;2;1;1164;;3;13;5;16;12;9;18;4;5;8;13;7;
*16AT#W4~45~H2S;s;r;;;;;23.24.38;1;3;2;1;1167;;3;13;5;16;12;9;18;4;5;8;13;7;
a08BT=~~~~2~~2S;s;;;;;;23.24.38;1;3;2;1;1167;;3;13;5;16;12;9;18;4;5;8;13;7;
*p14:16;;;;;;;23.24.42;1;3;2;1;1170;;3;13;5;16;12;9;18;4;5;8;13;7;
*z2;;;;;;;23.24.42;1;2;2;1;1174;;13;5;16;12;9;3;18;4;5;8;13;7;
*13SM!~~~56;;;;;;;23.25.03;1;2;2;1;1195;;13;5;16;12;9;3;18;4;5;8;13;7;
a07RM!~~~56~O~~21;;;;;;;23.25.03;1;2;2;1;1195;;13;5;16;12;9;3;18;4;5;8;13;7;
a04EQ#K1C;;;;;;;23.25.03;1;2;2;1;1195;;13;5;16;12;9;3;18;4;5;8;13;7;
a08AQ-J1~34~T1;;r;;;;;23.25.08;1;2;2;1;1198;;13;5;16;12;9;3;18;4;5;8;13;7;
*16BQ+~~~~3~~1;;;;;;;23.25.08;1;2;2;1;1198;;13;5;16;12;9;3;18;4;5;8;13;7;
*05EH#;;;;;;;23.25.08;1;2;2;1;1200;;13;5;16;12;9;3;18;4;5;8;13;7;
*16AH-G4~46~H1;;p;;;;;23.25.11;1;2;2;1;1201;;13;5;16;12;9;3;18;4;5;8;13;7;
a07DH+~~~46;;;;;;;23.25.11;1;2;2;1;1201;;13;5;16;12;9;3;18;4;5;8;13;7;
a04EH+;;;;;;;23.25.11;1;2;2;1;1203;;13;5;16;12;9;3;18;4;5;8;13;7;
a05AH#G4~41~H2O;s;s;;;;;23.25.14;1;2;2;1;1204;;13;5;16;12;9;3;18;4;5;8;13;7;
*05BH=~~~~2~~2O;s;;;;;;23.25.14;1;2;2;1;1204;;13;5;16;12;9;3;18;4;5;8;13;7;
ap14:17;;;;;;;23.25.26;1;2;2;1;1207;;13;5;16;12;9;3;18;4;5;8;13;7;
az1;;;;;;;23.25.53;1;2;1;1;1245;;13;5;16;12;9;3;4;5;8;13;7;18;
a04SQ!~~~16;;;;;;;23.26.09;1;2;1;1;1261;;13;5;16;12;9;3;4;5;8;13;7;18;
*03RQ!~~~16~~~~32;;;;;;;23.26.09;1;2;1;1;1261;;13;5;16;12;9;3;4;5;8;13;7;18;
*05ET+K8F;;;;;;;23.26.09;1;2;1;1;1261;;13;5;16;12;9;3;4;5;8;13;7;18;
*16AT#W4~45~H2F;s;r;;;;;23.26.14;1;2;1;1;1264;;13;5;16;12;9;3;4;5;8;13;7;18;
a08BT=~~~~2~~2F;s;;;;;;23.26.14;1;2;1;1;1264;;13;5;16;12;9;3;4;5;8;13;7;18;
*p15:17;;;;;;;23.26.23;1;2;1;1;1267;;13;5;16;12;9;3;4;5;8;13;7;18;
*z1;;;;;;;23.26.23;1;1;1;1;1275;;5;16;12;9;3;13;4;5;8;13;7;18;
*05SM-~~~16;;;;;;;23.26.31;1;1;1;1;1283;;5;16;12;9;3;13;4;5;8;13;7;18;
a07RM+~~~16~O~~22;;;;;;;23.26.31;1;1;1;1;1283;;5;16;12;9;3;13;4;5;8;13;7;18;
a04ET+K1B;;;;;;;23.26.39;1;1;1;1;1283;;5;16;12;9;3;13;4;5;8;13;7;18;
a05AT-W2~25~H1;;r;;;;;23.26.36;1;1;1;1;1286;;5;16;12;9;3;13;4;5;8;13;7;18;
*18DT+~~~25;;;;;;;23.26.36;1;1;1;1;1286;;5;16;12;9;3;13;4;5;8;13;7;18;
*09EH-~~~~4;;;;;;;23.26.36;1;1;1;1;1288;;5;16;12;9;3;13;4;5;8;13;7;18;
a13AT#W4~46~H2;s;s;;;;;23.26.46;1;1;1;1;1289;;5;16;12;9;3;13;4;5;8;13;7;18;
*03DT=~~~46;s;;;;;;23.26.46;1;1;1;1;1289;;5;16;12;9;3;13;4;5;8;13;7;18;
ap15:18;;;;;;;23.26.51;1;1;1;1;1298;;5;16;12;9;3;13;4;5;8;13;7;18;
az6;;;;;;;23.26.51;1;1;6;1;1303;;5;16;12;9;3;13;5;8;13;7;18;4;
a05SQ=~~~66~~~N;s;;;;;;23.27.07;1;1;6;1;1319;;5;16;12;9;3;13;5;8;13;7;18;4;
*$$&H#;s;;;;;;23.27.07;1;1;6;1;1319;;5;16;12;9;3;13;5;8;13;7;18;4;
*p16:18;;;;;;;23.27.13;1;1;6;1;1322;;5;16;12;9;3;13;5;8;13;7;18;4;
*z6;;;;;;;23.27.13;1;6;6;1;1325;;16;12;9;3;13;5;5;8;13;7;18;4;
*c03:01;;;;;;;23.27.13;1;6;6;1;1325;;16;12;9;1;13;5;5;8;13;7;18;4;
*16SQ-~~~16;;;;;;;23.27.29;1;6;6;1;1340;;16;12;9;1;13;5;5;8;13;7;18;4;
a15RQ+~~~16~~~~32;;;;;;;23.27.29;1;6;6;1;1340;;16;12;9;1;13;5;5;8;13;7;18;4;
a04ET+K1P;;;;;;;23.27.29;1;6;6;1;1340;;16;12;9;1;13;5;5;8;13;7;18;4;
a05AT#Y8~86~H2;s;r;;;;;23.27.34;1;6;6;1;1344;;16;12;9;1;13;5;5;8;13;7;18;4;
*$$&H=;s;;;;;;23.27.34;1;6;6;1;1344;;16;12;9;1;13;5;5;8;13;7;18;4;
ap16:19;;;;;;;23.27.42;1;6;6;1;1348;;16;12;9;1;13;5;5;8;13;7;18;4;
az5;;;;;;;23.27.42;1;6;5;1;1354;;16;12;9;1;13;5;8;13;7;18;4;5;
a08SQ=~~~16~~~N;s;;;;;;23.27.59;1;6;5;1;1371;;16;12;9;1;13;5;8;13;7;18;4;5;
*$$&H#;s;;;;;;23.27.59;1;6;5;1;1371;;16;12;9;1;13;5;8;13;7;18;4;5;
*p17:19;;;;;;;23.28.03;1;6;5;1;1375;;16;12;9;1;13;5;8;13;7;18;4;5;
*z5;;;;;;;23.28.03;1;5;5;1;1375;;12;9;1;13;5;16;8;13;7;18;4;5;
*12SQ#~~~51;p;;;;;;23.28.23;1;5;5;1;1395;;12;9;1;13;5;16;8;13;7;18;4;5;
a15RQ=~~~51~R;p;;;;;;23.28.23;1;5;5;1;1395;;12;9;1;13;5;16;8;13;7;18;4;5;
*p18:19;;;;;;;23.28.30;1;5;5;1;1398;;12;9;1;13;5;16;8;13;7;18;4;5;
aT;;;;;;;23.28.30;1;5;5;1;1402;;12;9;1;13;5;16;8;13;7;18;4;5;
*12SQ/~~~58;;;;;;;23.30.10;1;5;5;1;1503;;12;9;1;13;5;16;8;13;7;18;4;5;
a05RQ/~~~58~W;;;;;;;23.30.10;1;5;5;1;1503;;12;9;1;13;5;16;8;13;7;18;4;5;
*09AO-V3~39~H1;;p;;;;;23.30.17;1;5;5;1;1505;;12;9;1;13;5;16;8;13;7;18;4;5;
a05DO+~~~39;;;;;;;23.30.17;1;5;5;1;1505;;12;9;1;13;5;16;8;13;7;18;4;5;
a15DH+;;;;;;;23.30.17;1;5;5;1;1505;;12;9;1;13;5;16;8;13;7;18;4;5;
*18EH+;;;;;;;23.30.17;1;5;5;1;1507;;12;9;1;13;5;16;8;13;7;18;4;5;
a07AH+G4~41~H0;;s;;;;;23.30.17;1;5;5;1;1508;;12;9;1;13;5;16;8;13;7;18;4;5;
*05DH-~~~41;;;;;;;23.30.17;1;5;5;1;1508;;12;9;1;13;5;16;8;13;7;18;4;5;
*01AH-G4~45~H2;;p;;;;;23.30.21;1;5;5;1;1511;;12;9;1;13;5;16;8;13;7;18;4;5;
a18DH+~~~45;;;;;;;23.30.21;1;5;5;1;1511;;12;9;1;13;5;16;8;13;7;18;4;5;
a15ET+~~F;;;;;;;23.30.21;1;5;5;1;1514;;12;9;1;13;5;16;8;13;7;18;4;5;
a07AT+W4~45~H2;;s;;;;;23.30.25;1;5;5;1;1515;;12;9;1;13;5;16;8;13;7;18;4;5;
*13BT-~~~~2~~2;;;;;;;23.30.25;1;5;5;1;1515;;12;9;1;13;5;16;8;13;7;18;4;5;
a15EH+~~B;;;;;;;23.30.25;1;5;5;1;1517;;12;9;1;13;5;16;8;13;7;18;4;5;
a18AH#G2~29~H2;s;s;;;;;23.30.29;1;5;5;1;1518;;12;9;1;13;5;16;8;13;7;18;4;5;
*05DH=~~~29;s;;;;;;23.30.29;1;5;5;1;1518;;12;9;1;13;5;16;8;13;7;18;4;5;
ap18:20;;;;;;;23.30.32;1;5;5;1;1526;;12;9;1;13;5;16;8;13;7;18;4;5;
az4;;;;;;;23.30.32;1;5;4;1;1524;;12;9;1;13;5;16;13;7;18;4;5;8;
a13SM-~~~18A;;;;;;;23.30.57;1;5;4;1;1549;;12;9;1;13;5;16;13;7;18;4;5;8;
*18RM#~~~18AO;;;;;;;23.30.57;1;5;4;1;1549;;12;9;1;13;5;16;13;7;18;4;5;8;
*05ET#K1B;;;;;;;23.30.57;1;5;4;1;1549;;12;9;1;13;5;16;13;7;18;4;5;8;
*09AT#W2~25~H1;s;r;;;;;23.31.01;1;5;4;1;1552;;12;9;1;13;5;16;13;7;18;4;5;8;
a$$&H=;s;;;;;;23.31.01;1;5;4;1;1552;;12;9;1;13;5;16;13;7;18;4;5;8;
*p19:20;;;;;;;23.31.06;1;5;4;1;1555;;12;9;1;13;5;16;13;7;18;4;5;8;
*z4;;;;;;;23.31.06;1;4;4;1;1558;;9;1;13;5;16;12;13;7;18;4;5;8;
*c09:02;;;;;;;23.31.06;1;4;4;1;1558;;2;1;13;5;16;12;13;7;18;4;5;8;
*c05:10;;;;;;;23.31.06;1;4;4;1;1558;;2;1;13;10;16;12;13;7;18;4;5;8;
*P2;;;;;;;23.31.06;1;4;4;1;1558;;2;1;13;10;16;12;13;7;18;4;5;8;
*z1;;;;;;;23.31.06;1;1;4;1;1558;;2;1;13;10;16;12;13;7;18;4;5;8;
*02SM+~~~11;;;;;;;23.31.35;1;1;4;1;1587;;2;1;13;10;16;12;13;7;18;4;5;8;
a15RM-~~~11;;;;;;;23.31.35;1;1;4;1;1587;;2;1;13;10;16;12;13;7;18;4;5;8;
a04ET+~~F;;;;;;;23.31.35;1;1;4;1;1589;;2;1;13;10;16;12;13;7;18;4;5;8;
a07AT-W4~45~H2;;r;;;;;23.31.40;1;1;4;1;1590;;2;1;13;10;16;12;13;7;18;4;5;8;
*13BT+~~~~2~~2;;;;;;;23.31.40;1;1;4;1;1590;;2;1;13;10;16;12;13;7;18;4;5;8;
a05DH+;;;;;;;23.31.45;1;1;4;1;1590;;2;1;13;10;16;12;13;7;18;4;5;8;
*02EQ#;;;;;;;23.31.45;1;1;4;1;1592;;2;1;13;10;16;12;13;7;18;4;5;8;
*13AQ#J1~37~H1;p;p;;;;;23.31.46;1;1;4;1;1593;;2;1;13;10;16;12;13;7;18;4;5;8;
a$$&H=;p;;;;;;23.31.46;1;1;4;1;1593;;2;1;13;10;16;12;13;7;18;4;5;8;
*p20:20;;;;;;;23.31.48;1;1;4;1;1599;;2;1;13;10;16;12;13;7;18;4;5;8;
aT;;;;;;;23.31.48;1;1;4;1;1600;;2;1;13;10;16;12;13;7;18;4;5;8;
*02SM!~~~11;;;;;;;23.32.53;1;1;4;1;1665;;2;1;13;10;16;12;13;7;18;4;5;8;
a15RM!~~~11~~~~22;;;;;;;23.32.53;1;1;4;1;1665;;2;1;13;10;16;12;13;7;18;4;5;8;
a04ET+KBF~~~~~~K1;;;;;;;23.32.53;1;1;4;1;1665;;2;1;13;10;16;12;13;7;18;4;5;8;
a07AT-W4~42~T2;;r;;;;;23.32.58;1;1;4;1;1668;;2;1;13;10;16;12;13;7;18;4;5;8;
*13BT+~~~~2~~2;;;;;;;23.32.58;1;1;4;1;1668;;2;1;13;10;16;12;13;7;18;4;5;8;
*10DH+;;;;;;;23.32.58;1;1;4;1;1668;;2;1;13;10;16;12;13;7;18;4;5;8;
*02ET+;;;;;;;23.32.58;1;1;4;1;1670;;2;1;13;10;16;12;13;7;18;4;5;8;
*01AT#W4~46~H2F;p;p;;;;;23.33.01;1;1;4;1;1671;;2;1;13;10;16;12;13;7;18;4;5;8;
a18BT=~~~~2~~2F;p;;;;;;23.33.01;1;1;4;1;1671;;2;1;13;10;16;12;13;7;18;4;5;8;
*p21:20;;;;;;;23.33.05;1;1;4;1;1675;;2;1;13;10;16;12;13;7;18;4;5;8;
*02SM-~~~11;;;;;;;23.33.22;1;1;4;1;1693;;2;1;13;10;16;12;13;7;18;4;5;8;
a15RM+~~~11~~~~21;;;;;;;23.33.22;1;1;4;1;1693;;2;1;13;10;16;12;13;7;18;4;5;8;
a04ET+K1F;;;;;;;23.33.22;1;1;4;1;1693;;2;1;13;10;16;12;13;7;18;4;5;8;
a07AT#W4~45~H2S;s;r;;;;;23.33.27;1;1;4;1;1696;;2;1;13;10;16;12;13;7;18;4;5;8;
*13BT=~~~~2~~2S;s;;;;;;23.33.27;1;1;4;1;1696;;2;1;13;10;16;12;13;7;18;4;5;8;
ap21:21;;;;;;;23.33.30;1;1;4;1;1700;;2;1;13;10;16;12;13;7;18;4;5;8;
az3;;;;;;;23.33.30;1;1;3;1;1702;;2;1;13;10;16;12;7;18;4;5;8;13;
a07SQ-~~~16;;;;;;;23.33.47;1;1;3;1;1719;;2;1;13;10;16;12;7;18;4;5;8;13;
*18RQ+~~~16~~~~41;;;;;;;23.33.47;1;1;3;1;1719;;2;1;13;10;16;12;7;18;4;5;8;13;
*02ET+KFF;;;;;;;23.33.47;1;1;3;1;1719;;2;1;13;10;16;12;7;18;4;5;8;13;
*10AT-W4~41~H2;;r;;;;;23.33.52;1;1;3;1;1722;;2;1;13;10;16;12;7;18;4;5;8;13;
a04BT+~~~~2~~2;;;;;;;23.33.52;1;1;3;1;1722;;2;1;13;10;16;12;7;18;4;5;8;13;
a18DH+;;;;;;;23.33.55;1;1;3;1;1722;;2;1;13;10;16;12;7;18;4;5;8;13;
a04ET+~~F;;;;;;;23.33.55;1;1;3;1;1724;;2;1;13;10;16;12;7;18;4;5;8;13;
a05AT-W4~41~H2;;p;;;;;23.33.56;1;1;3;1;1725;;2;1;13;10;16;12;7;18;4;5;8;13;
*01BT+~~~~2~~2;;;;;;;23.33.56;1;1;3;1;1725;;2;1;13;10;16;12;7;18;4;5;8;13;
*18DH+;;;;;;;23.33.59;1;1;3;1;1725;;2;1;13;10;16;12;7;18;4;5;8;13;
*02ET+;;;;;;;23.33.59;1;1;3;1;1727;;2;1;13;10;16;12;7;18;4;5;8;13;
*01AT#W2~25~H2;s;s;;;;;23.34.00;1;1;3;1;1728;;2;1;13;10;16;12;7;18;4;5;8;13;
a$$&H=;s;;;;;;23.34.00;1;1;3;1;1728;;2;1;13;10;16;12;7;18;4;5;8;13;
*p22:21;;;;;;;23.34.05;1;1;3;1;1732;;2;1;13;10;16;12;7;18;4;5;8;13;
*z6;;;;;;;23.34.05;1;6;3;1;1737;;1;13;10;16;12;2;7;18;4;5;8;13;
*01SQ!~~~16;;;;;;;23.34.27;1;6;3;1;1759;;1;13;10;16;12;2;7;18;4;5;8;13;
a15RQ!~~~16~~~~32;;;;;;;23.34.27;1;6;3;1;1759;;1;13;10;16;12;2;7;18;4;5;8;13;
a04ET+K1F;;;;;;;23.34.34;1;6;3;1;1759;;1;13;10;16;12;2;7;18;4;5;8;13;
a05AT-W4~46~H2;;r;;;;;23.34.32;1;6;3;1;1762;;1;13;10;16;12;2;7;18;4;5;8;13;
*01DT+~~~46;;;;;;;23.34.32;1;6;3;1;1762;;1;13;10;16;12;2;7;18;4;5;8;13;
*18EH+~~~~4;;;;;;;23.34.32;1;6;3;1;1764;;1;13;10;16;12;2;7;18;4;5;8;13;
*16AH#G4~47DH1;p;p;;;;;23.34.36;1;6;3;1;1765;;1;13;10;16;12;2;7;18;4;5;8;13;
a$$&H=;p;;;;;;23.34.36;1;6;3;1;1765;;1;13;10;16;12;2;7;18;4;5;8;13;
*p23:21;;;;;;;23.34.40;1;6;3;1;1769;;1;13;10;16;12;2;7;18;4;5;8;13;
*01SQ-~~~16;;;;;;;23.35.20;1;6;3;1;1812;;1;13;10;16;12;2;7;18;4;5;8;13;
a15RQ+~~~16~~~~21;;;;;;;23.35.20;1;6;3;1;1812;;1;13;10;16;12;2;7;18;4;5;8;13;
a04EQ#K1C;;;;;;;23.35.20;1;6;3;1;1812;;1;13;10;16;12;2;7;18;4;5;8;13;
a18AQ#J4~35~H1;s;r;;;;;23.35.25;1;6;3;1;1815;;1;13;10;16;12;2;7;18;4;5;8;13;
*18DQ=~~~35;s;;;;;;23.35.25;1;6;3;1;1815;;1;13;10;16;12;2;7;18;4;5;8;13;
ap23:22;;;;;;;23.35.30;1;6;3;1;1818;;1;13;10;16;12;2;7;18;4;5;8;13;
az2;;;;;;;23.35.30;1;6;2;1;1822;;1;13;10;16;12;2;18;4;5;8;13;7;
a18SM-~~~51;;;;;;;23.35.48;1;6;2;1;1839;;1;13;10;16;12;2;18;4;5;8;13;7;
*01RM#~~~51~O;;;;;;;23.35.48;1;6;2;1;1839;;1;13;10;16;12;2;18;4;5;8;13;7;
*02ET+K1F;;;;;;;23.35.56;1;6;2;1;1839;;1;13;10;16;12;2;18;4;5;8;13;7;
*16AT-W4~46~H2;;r;;;;;23.35.52;1;6;2;1;1842;;1;13;10;16;12;2;18;4;5;8;13;7;
a07DT+~~~46;;;;;;;23.35.52;1;6;2;1;1842;;1;13;10;16;12;2;18;4;5;8;13;7;
a18EH+~~F~4;;;;;;;23.35.52;1;6;2;1;1844;;1;13;10;16;12;2;18;4;5;8;13;7;
a05AH-G4~41~T2;;p;;;;;23.35.57;1;6;2;1;1845;;1;13;10;16;12;2;18;4;5;8;13;7;
*01DH+~~~41;;;;;;;23.35.57;1;6;2;1;1845;;1;13;10;16;12;2;18;4;5;8;13;7;
*02EH+~~B;;;;;;;23.35.57;1;6;2;1;1847;;1;13;10;16;12;2;18;4;5;8;13;7;
*10AH-G2~23~T1;;s;;;;;23.36.00;1;6;2;1;1848;;1;13;10;16;12;2;18;4;5;8;13;7;
a05BH+~~~~4~~1;;;;;;;23.36.00;1;6;2;1;1848;;1;13;10;16;12;2;18;4;5;8;13;7;
a04ET+;;;;;;;23.36.00;1;6;2;1;1851;;1;13;10;16;12;2;18;4;5;8;13;7;
a05AT/W4~46~H2;s;p;;;;;23.36.06;1;6;2;1;1852;;1;13;10;16;12;2;18;4;5;8;13;7;
*10BT#~~~~2~~2;s;;;;;;23.36.06;1;6;2;1;1852;;1;13;10;16;12;2;18;4;5;8;13;7;
*p24:22;;;;;;;23.36.10;1;6;2;1;1859;;1;13;10;16;12;2;18;4;5;8;13;7;
*z5;;;;;;;23.36.10;1;5;2;1;1862;;13;10;16;12;2;1;18;4;5;8;13;7;
*13SM!~~~53~~~N;;;;;;;23.36.38;1;5;2;1;1890;;13;10;16;12;2;1;18;4;5;8;13;7;
a08RM!~~~53~W~~41;;;;;;;23.36.38;1;5;2;1;1890;;13;10;16;12;2;1;18;4;5;8;13;7;
a04ET+KFF~~~~~~K1;;;;;;;23.36.38;1;5;2;1;1890;;13;10;16;12;2;1;18;4;5;8;13;7;
a05AT#W4~41~H2;s;r;;;;;23.36.45;1;5;2;1;1893;;13;10;16;12;2;1;18;4;5;8;13;7;
*$$&H=;s;;;;;;23.36.45;1;5;2;1;1893;;13;10;16;12;2;1;18;4;5;8;13;7;
ap24:23;;;;;;;23.36.48;1;5;2;1;1897;;13;10;16;12;2;1;18;4;5;8;13;7;
az1;;;;;;;23.36.48;1;5;1;1;1900;;13;10;16;12;2;1;4;5;8;13;7;18;
*c01:03;;;;;;;23.36.48;1;5;1;1;1900;;13;10;16;12;2;3;4;5;8;13;7;18;
a04SQ+~~~11;;;;;;;23.37.16;1;5;1;1;1928;;13;10;16;12;2;3;4;5;8;13;7;18;
*10RQ-~~~11;;;;;;;23.37.16;1;5;1;1;1928;;13;10;16;12;2;3;4;5;8;13;7;18;
*02EH+~~F;;;;;;;23.37.16;1;5;1;1;1930;;13;10;16;12;2;3;4;5;8;13;7;18;
*16AH#G4~47CH2;s;r;;;;;23.37.21;1;5;1;1;1931;;13;10;16;12;2;3;4;5;8;13;7;18;
a15DH=~~~47C;s;;;;;;23.37.21;1;5;1;1;1931;;13;10;16;12;2;3;4;5;8;13;7;18;
*p25:23;;;;;;;23.37.38;1;5;1;1;1935;;13;10;16;12;2;3;4;5;8;13;7;18;
**1set;;;;;;;23.37.38;2;5;1;1;1950;;;;;;;;;;;;;;
*P05>LUp;;;;;;;23.37.38;2;5;1;1;1950;;16;12;9;3;13;5;4;5;8;13;7;18;
*z6>LUp;;;;;;;23.37.38;2;6;1;1;1950;;16;12;9;3;13;5;4;5;8;13;7;18;
aP04>LUp;;;;;;;23.37.38;2;6;1;1;1950;;16;12;9;3;13;5;4;5;8;13;7;18;
az1>LUp;;;;;;;23.37.38;2;6;1;1;1950;;16;12;9;3;13;5;4;5;8;13;7;18;
a04SQ/~~~16;;;;;;;23.40.56;2;6;1;1;2148;;16;12;9;3;13;5;4;5;8;13;7;18;
*18RQ/~~~16~M;;;;;;;23.40.56;2;6;1;1;2148;;16;12;9;3;13;5;4;5;8;13;7;18;
a05AO#V3~3~~H;p;p;;;;;23.41.02;2;6;1;1;2150;;16;12;9;3;13;5;4;5;8;13;7;18;
*$$&H=;p;;;;;;23.41.02;2;6;1;1;2150;;16;12;9;3;13;5;4;5;8;13;7;18;
ap00:01;;;;;;;23.41.04;2;6;1;1;2154;;16;12;9;3;13;5;4;5;8;13;7;18;
a04SQ!~~~11;;;;;;;23.41.19;2;6;1;1;2171;;16;12;9;3;13;5;4;5;8;13;7;18;
*16RQ!~~~11~~~~41;;;;;;;23.41.19;2;6;1;1;2171;;16;12;9;3;13;5;4;5;8;13;7;18;
*05ET+KFF;;;;;;;23.41.19;2;6;1;1;2171;;16;12;9;3;13;5;4;5;8;13;7;18;
*03AT#W4~41~H2;s;r;;;;;23.41.24;2;6;1;1;2174;;16;12;9;3;13;5;4;5;8;13;7;18;
a$$&H=;s;;;;;;23.41.24;2;6;1;1;2174;;16;12;9;3;13;5;4;5;8;13;7;18;
*p01:01;;;;;;;23.41.28;2;6;1;1;2177;;16;12;9;3;13;5;4;5;8;13;7;18;
*z5;;;;;;;23.41.28;2;5;1;1;2180;;12;9;3;13;5;16;4;5;8;13;7;18;
*12SQ+~~~56;;;;;;;23.41.46;2;5;1;1;2198;;12;9;3;13;5;16;4;5;8;13;7;18;
a07RQ-~~~56;;;;;;;23.41.46;2;5;1;1;2198;;12;9;3;13;5;16;4;5;8;13;7;18;
a04ET+~~B;;;;;;;23.41.46;2;5;1;1;2200;;12;9;3;13;5;16;4;5;8;13;7;18;
a05AT-W2~24~T2;;r;;;;;23.41.51;2;5;1;1;2201;;12;9;3;13;5;16;4;5;8;13;7;18;
*12DT+~~~24;;;;;;;23.41.51;2;5;1;1;2201;;12;9;3;13;5;16;4;5;8;13;7;18;
*05ET+~~B;;;;;;;23.41.51;2;5;1;1;2203;;12;9;3;13;5;16;4;5;8;13;7;18;
*09AT-W2~25~H2;;p;;;;;23.41.54;2;5;1;1;2204;;12;9;3;13;5;16;4;5;8;13;7;18;
a07DT+~~~25;;;;;;;23.41.54;2;5;1;1;2204;;12;9;3;13;5;16;4;5;8;13;7;18;
a04ET+~~F;;;;;;;23.41.54;2;5;1;1;2206;;12;9;3;13;5;16;4;5;8;13;7;18;
a13AT/W4~45~H2;p;s;;;;;23.41.57;2;5;1;1;2207;;12;9;3;13;5;16;4;5;8;13;7;18;
*13BT#~~~~2~~2;p;;;;;;23.41.57;2;5;1;1;2207;;12;9;3;13;5;16;4;5;8;13;7;18;
*p02:01;;;;;;;23.42.05;2;5;1;1;2210;;12;9;3;13;5;16;4;5;8;13;7;18;
*12SQ-~~~56;;;;;;;23.42.23;2;5;1;1;2235;;12;9;3;13;5;16;4;5;8;13;7;18;
a15RQ+~~~56~~~~21;;;;;;;23.42.23;2;5;1;1;2235;;12;9;3;13;5;16;4;5;8;13;7;18;
a04ET#KBF~~~~~~K1;;;;;;;23.42.23;2;5;1;1;2235;;12;9;3;13;5;16;4;5;8;13;7;18;
a13AT#W4~46~H1S;s;r;;;;;23.42.28;2;5;1;1;2238;;12;9;3;13;5;16;4;5;8;13;7;18;
*09BT=~~~~2~~1S;s;;;;;;23.42.28;2;5;1;1;2238;;12;9;3;13;5;16;4;5;8;13;7;18;
ap02:02;;;;;;;23.42.37;2;5;1;1;2241;;12;9;3;13;5;16;4;5;8;13;7;18;
az6;;;;;;;23.42.37;2;5;6;1;2249;;12;9;3;13;5;16;5;8;13;7;18;4;
a05SQ-~~~66;;;;;;;23.42.45;2;5;6;1;2257;;12;9;3;13;5;16;5;8;13;7;18;4;
*18RQ+~~~66~~~~32;;;;;;;23.42.45;2;5;6;1;2257;;12;9;3;13;5;16;5;8;13;7;18;4;
*05ET#K1B;;;;;;;23.42.45;2;5;6;1;2257;;12;9;3;13;5;16;5;8;13;7;18;4;
*09AT#W2~29~H1;s;r;;;;;23.42.50;2;5;6;1;2260;;12;9;3;13;5;16;5;8;13;7;18;4;
a05DT=~~~29;s;;;;;;23.42.50;2;5;6;1;2260;;12;9;3;13;5;16;5;8;13;7;18;4;
*p03:02;;;;;;;23.43.01;2;5;6;1;2263;;12;9;3;13;5;16;5;8;13;7;18;4;
*z4;;;;;;;23.43.01;2;4;6;1;2273;;9;3;13;5;16;12;5;8;13;7;18;4;
*09SQ-~~~16;;;;;;;23.43.10;2;4;6;1;2282;;9;3;13;5;16;12;5;8;13;7;18;4;
a15RQ+~~~16~~~~32;;;;;;;23.43.10;2;4;6;1;2282;;9;3;13;5;16;12;5;8;13;7;18;4;
a04EQ+K2C;;;;;;;23.43.10;2;4;6;1;2282;;9;3;13;5;16;12;5;8;13;7;18;4;
a08AQ-J2~31~H1;;r;;;;;23.43.16;2;4;6;1;2285;;9;3;13;5;16;12;5;8;13;7;18;4;
*09DQ+~~~31;;;;;;;23.43.16;2;4;6;1;2285;;9;3;13;5;16;12;5;8;13;7;18;4;
*05EH+~~P;;;;;;;23.43.16;2;4;6;1;2287;;9;3;13;5;16;12;5;8;13;7;18;4;
*16AH=G8~86~H1O;s;p;;;;;23.43.19;2;4;6;1;2288;;9;3;13;5;16;12;5;8;13;7;18;4;
a$$&H#;s;;;;;;23.43.19;2;4;6;1;2288;;9;3;13;5;16;12;5;8;13;7;18;4;
ap03:03;;;;;;;23.43.22;2;4;6;1;2291;;9;3;13;5;16;12;5;8;13;7;18;4;
az5;;;;;;;23.43.22;2;4;5;1;2294;;9;3;13;5;16;12;8;13;7;18;4;5;
a08SQ-~~~16;;;;;;;23.43.52;2;4;5;1;2324;;9;3;13;5;16;12;8;13;7;18;4;5;
*16RQ+~~~16~~~~32;;;;;;;23.43.52;2;4;5;1;2324;;9;3;13;5;16;12;8;13;7;18;4;5;
*05ET+K1B;;;;;;;23.43.52;2;4;5;1;2324;;9;3;13;5;16;12;8;13;7;18;4;5;
*09AT#Y9~97~T1;s;r;;;;;23.43.56;2;4;5;1;2327;;9;3;13;5;16;12;8;13;7;18;4;5;
a05DT=~~~97;s;;;;;;23.43.56;2;4;5;1;2327;;9;3;13;5;16;12;8;13;7;18;4;5;
*p04:03;;;;;;;23.44.04;2;4;5;1;2330;;9;3;13;5;16;12;8;13;7;18;4;5;
*z3;;;;;;;23.44.04;2;3;5;1;2336;;3;13;5;16;12;9;8;13;7;18;4;5;
*03SQ+~~~16;;;;;;;23.44.27;2;3;5;1;2357;;3;13;5;16;12;9;8;13;7;18;4;5;
a15RQ-~~~16;;;;;;;23.44.27;2;3;5;1;2357;;3;13;5;16;12;9;8;13;7;18;4;5;
a04EH+~~B;;;;;;;23.44.27;2;3;5;1;2359;;3;13;5;16;12;9;8;13;7;18;4;5;
a13AH-G2~21~H1;;r;;;;;23.44.32;2;3;5;1;2360;;3;13;5;16;12;9;8;13;7;18;4;5;
*09DH+~~~21;;;;;;;23.44.32;2;3;5;1;2360;;3;13;5;16;12;9;8;13;7;18;4;5;
*05EH+~~F;;;;;;;23.44.32;2;3;5;1;2362;;3;13;5;16;12;9;8;13;7;18;4;5;
*16AH-G4~46~H2;;p;;;;;23.44.34;2;3;5;1;2363;;3;13;5;16;12;9;8;13;7;18;4;5;
a05DH+~~~46;;;;;;;23.44.34;2;3;5;1;2363;;3;13;5;16;12;9;8;13;7;18;4;5;
a04EH+~~F;;;;;;;23.44.34;2;3;5;1;2365;;3;13;5;16;12;9;8;13;7;18;4;5;
a07AH-G4~45~H1;;s;;;;;23.44.39;2;3;5;1;2366;;3;13;5;16;12;9;8;13;7;18;4;5;
*18DH+~~~45;;;;;;;23.44.39;2;3;5;1;2366;;3;13;5;16;12;9;8;13;7;18;4;5;
*05ET+~~F;;;;;;;23.44.39;2;3;5;1;2369;;3;13;5;16;12;9;8;13;7;18;4;5;
*16AT-W4~42~T2;;p;;;;;23.44.42;2;3;5;1;2370;;3;13;5;16;12;9;8;13;7;18;4;5;
a04DT+~~~42;;;;;;;23.44.42;2;3;5;1;2370;;3;13;5;16;12;9;8;13;7;18;4;5;
a04EH+~~B;;;;;;;23.44.42;2;3;5;1;2372;;3;13;5;16;12;9;8;13;7;18;4;5;
a13AH-G2~26~H2;;s;;;;;23.44.45;2;3;5;1;2373;;3;13;5;16;12;9;8;13;7;18;4;5;
*13BH+~~~~4~~2;;;;;;;23.44.45;2;3;5;1;2373;;3;13;5;16;12;9;8;13;7;18;4;5;
*18DH+;;;;;;;23.44.48;2;3;5;1;2373;;3;13;5;16;12;9;8;13;7;18;4;5;
*05AO-JJ~33~T1;;p;;;;;23.44.50;2;3;5;1;2375;;3;13;5;16;12;9;8;13;7;18;4;5;
a07BO+~~~~3~~1;;;;;;;23.44.50;2;3;5;1;2375;;3;13;5;16;12;9;8;13;7;18;4;5;
a04ET+~~P;;;;;;;23.44.50;2;3;5;1;2377;;3;13;5;16;12;9;8;13;7;18;4;5;
a05AT#Y8~81~H1;s;s;;;;;23.44.54;2;3;5;1;2378;;3;13;5;16;12;9;8;13;7;18;4;5;
*09DT=~~~81;s;;;;;;23.44.54;2;3;5;1;2378;;3;13;5;16;12;9;8;13;7;18;4;5;
ap04:04;;;;;;;23.44.56;2;3;5;1;2386;;3;13;5;16;12;9;8;13;7;18;4;5;
az4;;;;;;;23.44.56;2;3;4;1;2388;;3;13;5;16;12;9;13;7;18;4;5;8;
a13SM-~~~16;;;;;;;23.45.21;2;3;4;1;2413;;3;13;5;16;12;9;13;7;18;4;5;8;
*18RM+~~~16~O~~21;;;;;;;23.45.21;2;3;4;1;2413;;3;13;5;16;12;9;13;7;18;4;5;8;
*05ET+K1B;;;;;;;23.45.21;2;3;4;1;2413;;3;13;5;16;12;9;13;7;18;4;5;8;
*09AT-Y9~96~H2;;r;;;;;23.45.26;2;3;4;1;2416;;3;13;5;16;12;9;13;7;18;4;5;8;
a15DT+~~~96;;;;;;;23.45.26;2;3;4;1;2416;;3;13;5;16;12;9;13;7;18;4;5;8;
a04ET+;;;;;;;23.45.26;2;3;4;1;2418;;3;13;5;16;12;9;13;7;18;4;5;8;
a13AT=Y9~91~H2S;s;p;;;;;23.45.30;2;3;4;1;2419;;3;13;5;16;12;9;13;7;18;4;5;8;
*$$&H#;s;;;;;;23.45.30;2;3;4;1;2419;;3;13;5;16;12;9;13;7;18;4;5;8;
*p05:04;;;;;;;23.45.32;2;3;4;1;2423;;3;13;5;16;12;9;13;7;18;4;5;8;
*z2;;;;;;;23.45.32;2;2;4;1;2424;;13;5;16;12;9;3;13;7;18;4;5;8;
*13SQ=~~~65~~~L;s;;;;;;23.46.35;2;2;4;1;2487;;13;5;16;12;9;3;13;7;18;4;5;8;
a$$&H#;s;;;;;;23.46.35;2;2;4;1;2487;;13;5;16;12;9;3;13;7;18;4;5;8;
ap05:05;;;;;;;23.46.38;2;2;4;1;2490;;13;5;16;12;9;3;13;7;18;4;5;8;
az3;;;;;;;23.46.38;2;2;3;1;2490;;13;5;16;12;9;3;7;18;4;5;8;13;
a07SQ-~~~16;;;;;;;23.46.55;2;2;3;1;2507;;13;5;16;12;9;3;7;18;4;5;8;13;
*03RQ+~~~16~~~~32;;;;;;;23.46.55;2;2;3;1;2507;;13;5;16;12;9;3;7;18;4;5;8;13;
*05ET+K1F;;;;;;;23.46.55;2;2;3;1;2507;;13;5;16;12;9;3;7;18;4;5;8;13;
*16AT#W4~41~H2;s;r;;;;;23.47.00;2;2;3;1;2510;;13;5;16;12;9;3;7;18;4;5;8;13;
a13DT=~~~41;s;;;;;;23.47.00;2;2;3;1;2510;;13;5;16;12;9;3;7;18;4;5;8;13;
*p06:05;;;;;;;23.47.05;2;2;3;1;2513;;13;5;16;12;9;3;7;18;4;5;8;13;
*z1;;;;;;;23.47.05;2;1;3;1;2517;;5;16;12;9;3;13;7;18;4;5;8;13;
*05SM-~~~11;;;;;;;23.47.17;2;1;3;1;2529;;5;16;12;9;3;13;7;18;4;5;8;13;
a07RM+~~~11~O~~32;;;;;;;23.47.17;2;1;3;1;2529;;5;16;12;9;3;13;7;18;4;5;8;13;
a04EQ+K1C;;;;;;;23.47.17;2;1;3;1;2529;;5;16;12;9;3;13;7;18;4;5;8;13;
a18AQ-J4~34~T1;;r;;;;;23.47.23;2;1;3;1;2532;;5;16;12;9;3;13;7;18;4;5;8;13;
*16DQ+~~~34;;;;;;;23.47.23;2;1;3;1;2532;;5;16;12;9;3;13;7;18;4;5;8;13;
*05EH+;;;;;;;23.47.23;2;1;3;1;2534;;5;16;12;9;3;13;7;18;4;5;8;13;
*16AH#G4~45~H2S;p;p;;;;;23.47.26;2;1;3;1;2535;;5;16;12;9;3;13;7;18;4;5;8;13;
a18BH=~~~~2~~2S;p;;;;;;23.47.26;2;1;3;1;2535;;5;16;12;9;3;13;7;18;4;5;8;13;
*p07:05;;;;;;;23.47.34;2;1;3;1;2538;;5;16;12;9;3;13;7;18;4;5;8;13;
*05SM-~~~16;;;;;;;23.48.01;2;1;3;1;2573;;5;16;12;9;3;13;7;18;4;5;8;13;
a15RM+~~~16~~~~21;;;;;;;23.48.01;2;1;3;1;2573;;5;16;12;9;3;13;7;18;4;5;8;13;
a04EO+K1S;;;;;;;23.48.01;2;1;3;1;2573;;5;16;12;9;3;13;7;18;4;5;8;13;
a04AO-JJ~33~T;;r;;;;;23.48.06;2;1;3;1;2575;;5;16;12;9;3;13;7;18;4;5;8;13;
*12DO+~~~33;;;;;;;23.48.06;2;1;3;1;2575;;5;16;12;9;3;13;7;18;4;5;8;13;
*16EH+~~B;;;;;;;23.48.06;2;1;3;1;2577;;5;16;12;9;3;13;7;18;4;5;8;13;
*09AH-G2~26~H2;;p;;;;;23.48.09;2;1;3;1;2578;;5;16;12;9;3;13;7;18;4;5;8;13;
a07DH+~~~26;;;;;;;23.48.09;2;1;3;1;2578;;5;16;12;9;3;13;7;18;4;5;8;13;
a04EH+~~F;;;;;;;23.48.09;2;1;3;1;2580;;5;16;12;9;3;13;7;18;4;5;8;13;
a05AH-G4~42~T0;;s;;;;;23.48.12;2;1;3;1;2581;;5;16;12;9;3;13;7;18;4;5;8;13;
*09DH+~~~42;;;;;;;23.48.12;2;1;3;1;2581;;5;16;12;9;3;13;7;18;4;5;8;13;
*05ET+;;;;;;;23.48.12;2;1;3;1;2584;;5;16;12;9;3;13;7;18;4;5;8;13;
*09AT#W2~21~H2;p;p;;;;;23.48.15;2;1;3;1;2585;;5;16;12;9;3;13;7;18;4;5;8;13;
a13DT=~~~21;p;;;;;;23.48.15;2;1;3;1;2585;;5;16;12;9;3;13;7;18;4;5;8;13;
*p08:05;;;;;;;23.48.22;2;1;3;1;2588;;5;16;12;9;3;13;7;18;4;5;8;13;
aT;;;;;;;23.48.22;2;1;3;1;2594;;5;16;12;9;3;13;7;18;4;5;8;13;
*05SM!~~~16;;;;;;;23.49.33;2;1;3;1;2665;;5;16;12;9;3;13;7;18;4;5;8;13;
a15RM!~~~16~~~~22;;;;;;;23.49.33;2;1;3;1;2665;;5;16;12;9;3;13;7;18;4;5;8;13;
a04ET+KBF;;;;;;;23.49.33;2;1;3;1;2665;;5;16;12;9;3;13;7;18;4;5;8;13;
a05AT-W4~42~T1;;r;;;;;23.49.39;2;1;3;1;2668;;5;16;12;9;3;13;7;18;4;5;8;13;
*09DT+~~~42;;;;;;;23.49.39;2;1;3;1;2668;;5;16;12;9;3;13;7;18;4;5;8;13;
*05ET+;;;;;;;23.49.39;2;1;3;1;2670;;5;16;12;9;3;13;7;18;4;5;8;13;
*16AT#W4~41~H2;p;p;;;;;23.49.41;2;1;3;1;2671;;5;16;12;9;3;13;7;18;4;5;8;13;
a$$&H=;p;;;;;;23.49.41;2;1;3;1;2671;;5;16;12;9;3;13;7;18;4;5;8;13;
*p09:05;;;;;;;23.49.45;2;1;3;1;2674;;5;16;12;9;3;13;7;18;4;5;8;13;
*05SM+~~~16;;;;;;;23.50.01;2;1;3;1;2691;;5;16;12;9;3;13;7;18;4;5;8;13;
a07RM-~~~16;;;;;;;23.50.01;2;1;3;1;2691;;5;16;12;9;3;13;7;18;4;5;8;13;
a04EH+KBB~~~~~~KE;;;;;;;23.50.01;2;1;3;1;2693;;5;16;12;9;3;13;7;18;4;5;8;13;
a13AH-G9~91~H2;;r;;;;;23.50.20;2;1;3;1;2694;;5;16;12;9;3;13;7;18;4;5;8;13;
*05DH+~~~91;;;;;;;23.50.20;2;1;3;1;2694;;5;16;12;9;3;13;7;18;4;5;8;13;
*12AH#G3~3~~T1S;p;p;;;;;23.50.20;2;1;3;1;2697;;5;16;12;9;3;13;7;18;4;5;8;13;
a18BH=~~~~3~~1S;p;;;;;;23.50.20;2;1;3;1;2697;;5;16;12;9;3;13;7;18;4;5;8;13;
*p10:05;;;;;;;23.50.26;2;1;3;1;2700;;5;16;12;9;3;13;7;18;4;5;8;13;
ac13:11;;;;;;;23.50.26;2;1;3;1;2718;;5;16;12;9;3;13;7;18;4;5;8;11;
ac04:19;;;;;;;23.50.26;2;1;3;1;2718;;5;16;12;9;3;13;7;18;19;5;8;11;
aP11;;;;;;;23.50.26;2;1;3;1;2718;;5;16;12;9;3;13;7;18;19;5;8;11;
az6;;;;;;;23.50.26;2;1;6;1;2718;;5;16;12;9;3;13;7;18;19;5;8;11;
*05SQ=~~~55~~~N;s;;;;;;23.50.26;2;1;6;1;2733;;5;16;12;9;3;13;7;18;19;5;8;11;
a$$&H#;s;;;;;;23.50.26;2;1;6;1;2733;;5;16;12;9;3;13;7;18;19;5;8;11;
ap10:06;;;;;;;23.51.04;2;1;6;1;2736;;5;16;12;9;3;13;7;18;19;5;8;11;
az5;;;;;;;23.51.04;2;1;5;1;2756;;5;16;12;9;3;13;18;19;5;8;11;7;
a18SM-~~~56;;;;;;;23.51.05;2;1;5;1;2755;;5;16;12;9;3;13;18;19;5;8;11;7;
*03RM+~~~56~~~~32;;;;;;;23.51.05;2;1;5;1;2755;;5;16;12;9;3;13;18;19;5;8;11;7;
*05ET+K8B;;;;;;;23.51.05;2;1;5;1;2755;;5;16;12;9;3;13;18;19;5;8;11;7;
*16AT-W2~25~H2;;r;;;;;23.51.09;2;1;5;1;2758;;5;16;12;9;3;13;18;19;5;8;11;7;
a05BT+~~~~4~~2;;;;;;;23.51.09;2;1;5;1;2758;;5;16;12;9;3;13;18;19;5;8;11;7;
*05EQ#;;;;;;;23.51.09;2;1;5;1;2760;;5;16;12;9;3;13;18;19;5;8;11;7;
*12AQ/J4~31~H1;p;s;;;;;23.51.14;2;1;5;1;2761;;5;16;12;9;3;13;18;19;5;8;11;7;
a08BQ#~~~~3~~1;p;;;;;;23.51.14;2;1;5;1;2761;;5;16;12;9;3;13;18;19;5;8;11;7;
ap10:07;;;;;;;23.51.18;2;1;5;1;2767;;5;16;12;9;3;13;18;19;5;8;11;7;
a18SM+~~~56;;;;;;;23.51.34;2;1;5;1;2786;;5;16;12;9;3;13;18;19;5;8;11;7;
*03RM-~~~56~O;;;;;;;23.51.34;2;1;5;1;2786;;5;16;12;9;3;13;18;19;5;8;11;7;
*05EH+;;;;;;;23.51.34;2;1;5;1;2788;;5;16;12;9;3;13;18;19;5;8;11;7;
*16AH/G2~26~H2;p;r;;;;;23.51.39;2;1;5;1;2789;;5;16;12;9;3;13;18;19;5;8;11;7;
a05BH#~~~~4~~2;p;;;;;;23.51.39;2;1;5;1;2789;;5;16;12;9;3;13;18;19;5;8;11;7;
ap10:08;;;;;;;23.51.44;2;1;5;1;2792;;5;16;12;9;3;13;18;19;5;8;11;7;
a18SM-~~~55;;;;;;;23.52.05;2;1;5;1;2817;;5;16;12;9;3;13;18;19;5;8;11;7;
*03RM+~~~55~O~~21;;;;;;;23.52.05;2;1;5;1;2817;;5;16;12;9;3;13;18;19;5;8;11;7;
*05ET+K1B;;;;;;;23.52.05;2;1;5;1;2817;;5;16;12;9;3;13;18;19;5;8;11;7;
*16AT#W2~21~H2S;s;r;;;;;23.52.10;2;1;5;1;2820;;5;16;12;9;3;13;18;19;5;8;11;7;
a08BT=~~~~4~~2S;s;;;;;;23.52.10;2;1;5;1;2820;;5;16;12;9;3;13;18;19;5;8;11;7;
*p11:08;;;;;;;23.52.17;2;1;5;1;2823;;5;16;12;9;3;13;18;19;5;8;11;7;
*z6;;;;;;;23.52.17;2;6;5;1;2829;;16;12;9;3;13;5;18;19;5;8;11;7;
*16SQ-~~~15;;;;;;;23.52.28;2;6;5;1;2840;;16;12;9;3;13;5;18;19;5;8;11;7;
a05RQ+~~~15~~~~41;;;;;;;23.52.28;2;6;5;1;2840;;16;12;9;3;13;5;18;19;5;8;11;7;
a11ET+K1F;;;;;;;23.52.28;2;6;5;1;2840;;16;12;9;3;13;5;18;19;5;8;11;7;
a05AT#W4~45~H2S;s;r;;;;;23.52.33;2;6;5;1;2843;;16;12;9;3;13;5;18;19;5;8;11;7;
*12BT=~~~~2~~2S;s;;;;;;23.52.33;2;6;5;1;2843;;16;12;9;3;13;5;18;19;5;8;11;7;
ap11:09;;;;;;;23.52.37;2;6;5;1;2846;;16;12;9;3;13;5;18;19;5;8;11;7;
az4;;;;;;;23.52.37;2;6;4;1;2849;;16;12;9;3;13;5;19;5;8;11;7;18;
ac11:13;;;;;;;23.52.37;2;6;4;1;2849;;16;12;9;3;13;5;19;5;8;13;7;18;
ac19:04;;;;;;;23.52.37;2;6;4;1;2849;;16;12;9;3;13;5;4;5;8;13;7;18;
aP4;;;;;;;23.52.37;2;6;4;1;2849;;16;12;9;3;13;5;4;5;8;13;7;18;
az1;;;;;;;23.52.37;2;6;1;1;2849;;16;12;9;3;13;5;4;5;8;13;7;18;
a04SQ-~~~16;;;;;;;23.53.02;2;6;1;1;2873;;16;12;9;3;13;5;4;5;8;13;7;18;
*18RQ+~~~16~~~~32;;;;;;;23.53.02;2;6;1;1;2873;;16;12;9;3;13;5;4;5;8;13;7;18;
*05EQ#K1C;;;;;;;23.53.02;2;6;1;1;2873;;16;12;9;3;13;5;4;5;8;13;7;18;
*12AQ#J1~37~H1;s;r;;;;;23.53.05;2;6;1;1;2875;;16;12;9;3;13;5;4;5;8;13;7;18;
a$$&H=;s;;;;;;23.53.05;2;6;1;1;2875;;16;12;9;3;13;5;4;5;8;13;7;18;
*p12:09;;;;;;;23.53.11;2;6;1;1;2878;;16;12;9;3;13;5;4;5;8;13;7;18;
*z5;;;;;;;23.53.11;2;5;1;1;2883;;12;9;3;13;5;16;4;5;8;13;7;18;
*12SQ#~~~56;p;;;;;;23.53.29;2;5;1;1;2901;;12;9;3;13;5;16;4;5;8;13;7;18;
a15RQ=~~~56~L;p;;;;;;23.53.29;2;5;1;1;2901;;12;9;3;13;5;16;4;5;8;13;7;18;
*p13:09;;;;;;;23.53.41;2;5;1;1;2904;;12;9;3;13;5;16;4;5;8;13;7;18;
*12SQ-~~~58;;;;;;;23.53.58;2;5;1;1;2930;;12;9;3;13;5;16;4;5;8;13;7;18;
a15RQ+~~~58~~~~32;;;;;;;23.53.58;2;5;1;1;2930;;12;9;3;13;5;16;4;5;8;13;7;18;
a04ET+K2B;;;;;;;23.53.58;2;5;1;1;2930;;12;9;3;13;5;16;4;5;8;13;7;18;
a05AT#W2~29~H1;s;r;;;;;23.54.03;2;5;1;1;2933;;12;9;3;13;5;16;4;5;8;13;7;18;
*05DT=~~~29;s;;;;;;23.54.03;2;5;1;1;2933;;12;9;3;13;5;16;4;5;8;13;7;18;
ap13:10;;;;;;;23.54.09;2;5;1;1;2936;;12;9;3;13;5;16;4;5;8;13;7;18;
az6;;;;;;;23.54.09;2;5;6;1;2941;;12;9;3;13;5;16;5;8;13;7;18;4;
a05SQ=~~~61~~~O;s;;;;;;23.54.23;2;5;6;1;2955;;12;9;3;13;5;16;5;8;13;7;18;4;
*$$&H#;s;;;;;;23.54.23;2;5;6;1;2955;;12;9;3;13;5;16;5;8;13;7;18;4;
*p14:10;;;;;;;23.54.29;2;5;6;1;2961;;12;9;3;13;5;16;5;8;13;7;18;4;
*z4;;;;;;;23.54.29;2;4;6;1;2961;;9;3;13;5;16;12;5;8;13;7;18;4;
*09SQ+~~~11;;;;;;;23.54.43;2;4;6;1;2975;;9;3;13;5;16;12;5;8;13;7;18;4;
a05RQ-~~~11;;;;;;;23.54.43;2;4;6;1;2975;;9;3;13;5;16;12;5;8;13;7;18;4;
a15EH+~~~~2;;;;;;;23.54.48;2;4;6;1;2977;;9;3;13;5;16;12;5;8;13;7;18;4;
a13AH#G2~29~H2;s;r;;;;;23.54.50;2;4;6;1;2978;;9;3;13;5;16;12;5;8;13;7;18;4;
*05DH=~~~29;s;;;;;;23.54.50;2;4;6;1;2978;;9;3;13;5;16;12;5;8;13;7;18;4;
ap14:11;;;;;;;23.54.55;2;4;6;1;2981;;9;3;13;5;16;12;5;8;13;7;18;4;
az5;;;;;;;23.54.55;2;4;5;1;2987;;9;3;13;5;16;12;8;13;7;18;4;5;
a08SM-~~~68;;;;;;;23.55.11;2;4;5;1;3002;;9;3;13;5;16;12;8;13;7;18;4;5;
*03RM#~~~68~O;;;;;;;23.55.11;2;4;5;1;3002;;9;3;13;5;16;12;8;13;7;18;4;5;
*05EQ+K1C;;;;;;;23.55.11;2;4;5;1;3002;;9;3;13;5;16;12;8;13;7;18;4;5;
*13AQ#J4~35~H2;s;r;;;;;23.55.14;2;4;5;1;3003;;9;3;13;5;16;12;8;13;7;18;4;5;
a05DQ=~~~35;s;;;;;;23.55.14;2;4;5;1;3003;;9;3;13;5;16;12;8;13;7;18;4;5;
*p15:11;;;;;;;23.55.18;2;4;5;1;3006;;9;3;13;5;16;12;8;13;7;18;4;5;
*z3;;;;;;;23.55.18;2;3;5;1;3010;;3;13;5;16;12;9;8;13;7;18;4;5;
*03SM-~~~11;;;;;;;23.55.32;2;3;5;1;3024;;3;13;5;16;12;9;8;13;7;18;4;5;
a15RM#~~~11;;;;;;;23.55.32;2;3;5;1;3024;;3;13;5;16;12;9;8;13;7;18;4;5;
a04EQ#K1C;;;;;;;23.55.32;2;3;5;1;3024;;3;13;5;16;12;9;8;13;7;18;4;5;
a18AQ#J4~31~H1F;s;r;;;;;23.55.37;2;3;5;1;3027;;3;13;5;16;12;9;8;13;7;18;4;5;
*13BQ=~~~~3~~1F;s;;;;;;23.55.37;2;3;5;1;3027;;3;13;5;16;12;9;8;13;7;18;4;5;
ap15:12;;;;;;;23.55.47;2;3;5;1;3030;;3;13;5;16;12;9;8;13;7;18;4;5;
az4;;;;;;;23.55.47;2;3;4;1;3039;;3;13;5;16;12;9;13;7;18;4;5;8;
a13SM!~~~16;;;;;;;23.55.56;2;3;4;1;3047;;3;13;5;16;12;9;13;7;18;4;5;8;
*03RM!~~~16~~~~32;;;;;;;23.55.56;2;3;4;1;3047;;3;13;5;16;12;9;13;7;18;4;5;8;
*05ET+K8F;;;;;;;23.55.56;2;3;4;1;3047;;3;13;5;16;12;9;13;7;18;4;5;8;
*16AT#W4~46~H2;s;r;;;;;23.56.01;2;3;4;1;3050;;3;13;5;16;12;9;13;7;18;4;5;8;
a05DT=~~~46;s;;;;;;23.56.01;2;3;4;1;3050;;3;13;5;16;12;9;13;7;18;4;5;8;
*p16:12;;;;;;;23.56.09;2;3;4;1;3053;;3;13;5;16;12;9;13;7;18;4;5;8;
*z2;;;;;;;23.56.09;2;2;4;1;3061;;13;5;16;12;9;3;13;7;18;4;5;8;
*13SQ-~~~66;;;;;;;23.56.27;2;2;4;1;3079;;13;5;16;12;9;3;13;7;18;4;5;8;
a05RQ#~~~66;;;;;;;23.56.27;2;2;4;1;3079;;13;5;16;12;9;3;13;7;18;4;5;8;
a04ET+K1F;;;;;;;23.56.27;2;2;4;1;3079;;13;5;16;12;9;3;13;7;18;4;5;8;
a07AT-W4~46~H2;;r;;;;;23.56.32;2;2;4;1;3082;;13;5;16;12;9;3;13;7;18;4;5;8;
*12BT+~~~~2~~2;;;;;;;23.56.32;2;2;4;1;3082;;13;5;16;12;9;3;13;7;18;4;5;8;
a05DH+;;;;;;;23.56.32;2;2;4;1;3082;;13;5;16;12;9;3;13;7;18;4;5;8;
a04ET+~~B;;;;;;;23.56.32;2;2;4;1;3084;;13;5;16;12;9;3;13;7;18;4;5;8;
a13AT#Y9~91~H0;s;s;;;;;23.56.36;2;2;4;1;3085;;13;5;16;12;9;3;13;7;18;4;5;8;
*09DT=~~~91;s;;;;;;23.56.36;2;2;4;1;3085;;13;5;16;12;9;3;13;7;18;4;5;8;
ap16:13;;;;;;;23.56.39;2;2;4;1;3088;;13;5;16;12;9;3;13;7;18;4;5;8;
az3;;;;;;;23.56.39;2;2;3;1;3091;;13;5;16;12;9;3;7;18;4;5;8;13;
a07SQ!~~~16B;;;;;;;23.56.56;2;2;3;1;3108;;13;5;16;12;9;3;7;18;4;5;8;13;
*18RQ!~~~16B~~~22;;;;;;;23.56.56;2;2;3;1;3108;;13;5;16;12;9;3;7;18;4;5;8;13;
*05ET+K9F;;;;;;;23.56.56;2;2;3;1;3108;;13;5;16;12;9;3;7;18;4;5;8;13;
*16AT#W4~46~H2F;s;r;;;;;23.57.02;2;2;3;1;3111;;13;5;16;12;9;3;7;18;4;5;8;13;
a18BT=~~~~2~~2F;s;;;;;;23.57.02;2;2;3;1;3111;;13;5;16;12;9;3;7;18;4;5;8;13;
*p17:13;;;;;;;23.57.14;2;2;3;1;3114;;13;5;16;12;9;3;7;18;4;5;8;13;
*z1;;;;;;;23.57.14;2;1;3;1;3126;;5;16;12;9;3;13;7;18;4;5;8;13;
*05SM-~~~16;;;;;;;23.57.24;2;1;3;1;3134;;5;16;12;9;3;13;7;18;4;5;8;13;
a07RM#~~~16;;;;;;;23.57.24;2;1;3;1;3134;;5;16;12;9;3;13;7;18;4;5;8;13;
a04ET+K1F;;;;;;;23.57.24;2;1;3;1;3134;;5;16;12;9;3;13;7;18;4;5;8;13;
a05AT#W4~45~H2;s;r;;;;;23.57.29;2;1;3;1;3135;;5;16;12;9;3;13;7;18;4;5;8;13;
*$$&H=;s;;;;;;23.57.29;2;1;3;1;3135;;5;16;12;9;3;13;7;18;4;5;8;13;
ap17:14;;;;;;;23.57.39;2;1;3;1;3138;;5;16;12;9;3;13;7;18;4;5;8;13;
az2;;;;;;;23.57.39;2;1;2;1;3151;;5;16;12;9;3;13;18;4;5;8;13;7;
a18SM-~~~55;;;;;;;23.57.50;2;1;2;1;3162;;5;16;12;9;3;13;18;4;5;8;13;7;
*03RM+~~~55~O~~21;;;;;;;23.57.50;2;1;2;1;3162;;5;16;12;9;3;13;18;4;5;8;13;7;
*05EQ+K1C;;;;;;;23.57.50;2;1;2;1;3162;;5;16;12;9;3;13;18;4;5;8;13;7;
*12AQ#J4~31~H1;s;r;;;;;23.57.57;2;1;2;1;3164;;5;16;12;9;3;13;18;4;5;8;13;7;
a$$&H=;s;;;;;;23.57.57;2;1;2;1;3164;;5;16;12;9;3;13;18;4;5;8;13;7;
*p18:14;;;;;;;23.58.06;2;1;2;1;3167;;5;16;12;9;3;13;18;4;5;8;13;7;
*z6;;;;;;;23.58.06;2;6;2;1;3178;;16;12;9;3;13;5;18;4;5;8;13;7;
*16SQ!~~~15;;;;;;;23.58.12;2;6;2;1;3184;;16;12;9;3;13;5;18;4;5;8;13;7;
a05RQ!~~~15~~~~41;;;;;;;23.58.12;2;6;2;1;3184;;16;12;9;3;13;5;18;4;5;8;13;7;
a04ET+KFF~~~~~~K3;;;;;;;23.58.12;2;6;2;1;3184;;16;12;9;3;13;5;18;4;5;8;13;7;
a05AT#W4~42~T2S;s;r;;;;;23.58.17;2;6;2;1;3187;;16;12;9;3;13;5;18;4;5;8;13;7;
*09BT=~~~~2~~2S;s;;;;;;23.58.17;2;6;2;1;3187;;16;12;9;3;13;5;18;4;5;8;13;7;
ap18:15;;;;;;;23.58.25;2;6;2;1;3190;;16;12;9;3;13;5;18;4;5;8;13;7;
az1;;;;;;;23.58.25;2;6;1;1;3197;;16;12;9;3;13;5;4;5;8;13;7;18;
a04SQ-~~~11;;;;;;;23.58.37;2;6;1;1;3208;;16;12;9;3;13;5;4;5;8;13;7;18;
*16RQ+~~~11~~~~32;;;;;;;23.58.37;2;6;1;1;3208;;16;12;9;3;13;5;4;5;8;13;7;18;
*05ET+K8F;;;;;;;23.58.37;2;6;1;1;3208;;16;12;9;3;13;5;4;5;8;13;7;18;
*03AT+W4~42~T2;;r;;;;;23.58.41;2;6;1;1;3211;;16;12;9;3;13;5;4;5;8;13;7;18;
a08BT-~~~~2~~2;;;;;;;23.58.41;2;6;1;1;3211;;16;12;9;3;13;5;4;5;8;13;7;18;
*18DH+;;;;;;;23.58.44;2;6;1;1;3211;;16;12;9;3;13;5;4;5;8;13;7;18;
*05ET+;;;;;;;23.58.44;2;6;1;1;3213;;16;12;9;3;13;5;4;5;8;13;7;18;
*09AT#W2~29~H2;s;s;;;;;23.58.45;2;6;1;1;3214;;16;12;9;3;13;5;4;5;8;13;7;18;
a04DT=~~~29;s;;;;;;23.58.45;2;6;1;1;3214;;16;12;9;3;13;5;4;5;8;13;7;18;
*p19:15;;;;;;;23.58.59;2;6;1;1;3218;;16;12;9;3;13;5;4;5;8;13;7;18;
*z5;;;;;;;23.58.59;2;5;1;1;3231;;12;9;3;13;5;16;4;5;8;13;7;18;
*12SQ/~~~55;;;;;;;23.59.13;2;5;1;1;3246;;12;9;3;13;5;16;4;5;8;13;7;18;
a07RQ/~~~55~R;;;;;;;23.59.13;2;5;1;1;3246;;12;9;3;13;5;16;4;5;8;13;7;18;
*13AO#V3~3~~H;p;p;;;;;23.59.20;2;5;1;1;3248;;12;9;3;13;5;16;4;5;8;13;7;18;
a$$&H=;p;;;;;;23.59.20;2;5;1;1;3248;;12;9;3;13;5;16;4;5;8;13;7;18;
*p20:15;;;;;;;23.59.24;2;5;1;1;3251;;12;9;3;13;5;16;4;5;8;13;7;18;
ac07:16;;;;;;;23.59.24;2;5;1;1;3256;;12;9;3;13;5;16;4;5;8;13;16;18;
*12SQ#~~~66;p;;;;;;23.59.48;2;5;1;1;3281;;12;9;3;13;5;16;4;5;8;13;16;18;
a15RQ=~~~66DM;p;;;;;;23.59.48;2;5;1;1;3281;;12;9;3;13;5;16;4;5;8;13;16;18;
*p21:15;;;;;;;00.00.00;2;5;1;1;3285;;12;9;3;13;5;16;4;5;8;13;16;18;
*12SQ-~~~58;;;;;;;00.00.20;2;5;1;1;3313;;12;9;3;13;5;16;4;5;8;13;16;18;
a15RQ#~~~58;;;;;;;00.00.20;2;5;1;1;3313;;12;9;3;13;5;16;4;5;8;13;16;18;
a04EQ#K2C;;;;;;;00.00.20;2;5;1;1;3313;;12;9;3;13;5;16;4;5;8;13;16;18;
a08AQ#J2~31CH1;s;r;;;;;00.00.25;2;5;1;1;3316;;12;9;3;13;5;16;4;5;8;13;16;18;
*$$&H=;s;;;;;;00.00.25;2;5;1;1;3316;;12;9;3;13;5;16;4;5;8;13;16;18;
ap21:16;;;;;;;00.00.29;2;5;1;1;3319;;12;9;3;13;5;16;4;5;8;13;16;18;
az6;;;;;;;00.00.29;2;5;6;1;3321;;12;9;3;13;5;16;5;8;13;16;18;4;
a05SQ=~~~55~~~N;s;;;;;;00.00.43;2;5;6;1;3335;;12;9;3;13;5;16;5;8;13;16;18;4;
*$$&H#;s;;;;;;00.00.43;2;5;6;1;3335;;12;9;3;13;5;16;5;8;13;16;18;4;
*p22:16;;;;;;;00.00.49;2;5;6;1;3341;;12;9;3;13;5;16;5;8;13;16;18;4;
*z4;;;;;;;00.00.49;2;4;6;1;3341;;9;3;13;5;16;12;5;8;13;16;18;4;
*c05:10;;;;;;;00.00.49;2;4;6;1;3341;;9;3;13;10;16;12;5;8;13;16;18;4;
*c09:02;;;;;;;00.00.49;2;4;6;1;3341;;2;3;13;10;16;12;5;8;13;16;18;4;
*P2;;;;;;;00.00.49;2;4;6;1;3341;;2;3;13;10;16;12;5;8;13;16;18;4;
*z1;;;;;;;00.00.49;2;1;6;1;3341;;2;3;13;10;16;12;5;8;13;16;18;4;
*02SM/~~~15;;;;;;;00.01.16;2;1;6;1;3368;;2;3;13;10;16;12;5;8;13;16;18;4;
a15RM/~~~15~L;;;;;;;00.01.16;2;1;6;1;3368;;2;3;13;10;16;12;5;8;13;16;18;4;
*03AO#V3~3~~H;p;p;;;;;00.01.21;2;1;6;1;3370;;2;3;13;10;16;12;5;8;13;16;18;4;
a$$&H=;p;;;;;;00.01.21;2;1;6;1;3370;;2;3;13;10;16;12;5;8;13;16;18;4;
*p23:16;;;;;;;00.01.24;2;1;6;1;3373;;2;3;13;10;16;12;5;8;13;16;18;4;
*02SM!~~~16;;;;;;;00.01.42;2;1;6;1;3394;;2;3;13;10;16;12;5;8;13;16;18;4;
a15RM!~~~16~~~~42;;;;;;;00.01.42;2;1;6;1;3394;;2;3;13;10;16;12;5;8;13;16;18;4;
a04ET+KFB~~~~~~KE;;;;;;;00.01.42;2;1;6;1;3394;;2;3;13;10;16;12;5;8;13;16;18;4;
a13AT=W2~21DH2O;p;r;;;;;00.01.47;2;1;6;1;3397;;2;3;13;10;16;12;5;8;13;16;18;4;
*$$&H#;p;;;;;;00.01.47;2;1;6;1;3397;;2;3;13;10;16;12;5;8;13;16;18;4;
*p24:16;;;;;;;00.01.52;2;1;6;1;3400;;2;3;13;10;16;12;5;8;13;16;18;4;
*02SM-~~~15;;;;;;;00.02.05;2;1;6;1;3417;;2;3;13;10;16;12;5;8;13;16;18;4;
a15RM+~~~15~~~~32;;;;;;;00.02.05;2;1;6;1;3417;;2;3;13;10;16;12;5;8;13;16;18;4;
a04ET#K2B;;;;;;;00.02.05;2;1;6;1;3417;;2;3;13;10;16;12;5;8;13;16;18;4;
a13AT!W2~26~H1;;r;;;;;00.02.10;2;1;6;1;3420;;2;3;13;10;16;12;5;8;13;16;18;4;
*03BT/~~~~4~~1;s;;;;;;00.02.10;2;1;6;1;3420;;2;3;13;10;16;12;5;8;13;16;18;4;
a$$&H#;s;;;;;;00.02.10;2;1;6;1;3420;;2;3;13;10;16;12;5;8;13;16;18;4;
ap24:17;;;;;;;00.02.23;2;1;6;1;3424;;2;3;13;10;16;12;5;8;13;16;18;4;
az5;;;;;;;00.02.23;2;1;5;1;3435;;2;3;13;10;16;12;8;13;16;18;4;5;
a08SQ=~~~15~~~N;s;;;;;;00.02.34;2;1;5;1;3446;;2;3;13;10;16;12;8;13;16;18;4;5;
*$$&H#;s;;;;;;00.02.34;2;1;5;1;3446;;2;3;13;10;16;12;8;13;16;18;4;5;
*p25:17;;;;;;;00.02.38;2;1;5;1;3447;;2;3;13;10;16;12;8;13;16;18;4;5;
**2set;;;;;;;00.02.38;3;1;5;1;3450;;;;;;;;;;;;;;
*P05>LUp;;;;;;;00.02.38;3;1;5;1;3450;;1;15;9;3;17;5;5;18;13;7;8;4;
*z6>LUp;;;;;;;00.02.38;3;6;5;1;3450;;1;15;9;3;17;5;5;18;13;7;8;4;
aP04>LUp;;;;;;;00.02.38;3;6;5;1;3450;;1;15;9;3;17;5;5;18;13;7;8;4;
az6>LUp;;;;;;;00.02.38;3;6;6;1;3450;;1;15;9;3;17;5;5;18;13;7;8;4;
*01SQ-~~~16~~~N;;;;;;;00.05.56;3;6;6;1;3648;;1;15;9;3;17;5;5;18;13;7;8;4;
a15RQ#~~~16~O;;;;;;;00.05.56;3;6;6;1;3648;;1;15;9;3;17;5;5;18;13;7;8;4;
a04EQ+K1C;;;;;;;00.05.56;3;6;6;1;3648;;1;15;9;3;17;5;5;18;13;7;8;4;
a18AQ+J1~35~H1;;r;;;;;00.06.01;3;6;6;1;3651;;1;15;9;3;17;5;5;18;13;7;8;4;
*15BQ-~~~~3~~1;;;;;;;00.06.01;3;6;6;1;3651;;1;15;9;3;17;5;5;18;13;7;8;4;
a04EH+;;;;;;;00.06.01;3;6;6;1;3653;;1;15;9;3;17;5;5;18;13;7;8;4;
a07AH/G4~45~H2;p;s;;;;;00.06.04;3;6;6;1;3654;;1;15;9;3;17;5;5;18;13;7;8;4;
*09BH#~~~~2~~2;p;;;;;;00.06.04;3;6;6;1;3654;;1;15;9;3;17;5;5;18;13;7;8;4;
*p01:00;;;;;;;00.06.07;3;6;6;1;3657;;1;15;9;3;17;5;5;18;13;7;8;4;
*01SQ=~~~16A~~O;s;;;;;;00.06.26;3;6;6;1;3678;;1;15;9;3;17;5;5;18;13;7;8;4;
a$$&H#;s;;;;;;00.06.26;3;6;6;1;3678;;1;15;9;3;17;5;5;18;13;7;8;4;
ap01:01;;;;;;;00.06.31;3;6;6;1;3683;;1;15;9;3;17;5;5;18;13;7;8;4;
az5;;;;;;;00.06.31;3;6;5;1;3683;;1;15;9;3;17;5;18;13;7;8;4;5;
a18SM-~~~66;;;;;;;00.06.48;3;6;5;1;3700;;1;15;9;3;17;5;18;13;7;8;4;5;
*18RM#~~~66~O;;;;;;;00.06.48;3;6;5;1;3700;;1;15;9;3;17;5;18;13;7;8;4;5;
*05EQ#K1C;;;;;;;00.06.48;3;6;5;1;3700;;1;15;9;3;17;5;18;13;7;8;4;5;
*15AQ#J4~37~H1;s;r;;;;;00.06.54;3;6;5;1;3703;;1;15;9;3;17;5;18;13;7;8;4;5;
a$$&H=;s;;;;;;00.06.54;3;6;5;1;3703;;1;15;9;3;17;5;18;13;7;8;4;5;
*p02:01;;;;;;;00.06.59;3;6;5;1;3706;;1;15;9;3;17;5;18;13;7;8;4;5;
*z5;;;;;;;00.06.59;3;5;5;1;3711;;15;9;3;17;5;1;18;13;7;8;4;5;
*15SM!~~~55;;;;;;;00.07.11;3;5;5;1;3723;;15;9;3;17;5;1;18;13;7;8;4;5;
a07RM!~~~55~O~~22;;;;;;;00.07.11;3;5;5;1;3723;;15;9;3;17;5;1;18;13;7;8;4;5;
a04ET+K2F;;;;;;;00.07.11;3;5;5;1;3723;;15;9;3;17;5;1;18;13;7;8;4;5;
a07AT-W4~47~H1;;r;;;;;00.07.17;3;5;5;1;3726;;15;9;3;17;5;1;18;13;7;8;4;5;
*03DT+~~~47;;;;;;;00.07.17;3;5;5;1;3726;;15;9;3;17;5;1;18;13;7;8;4;5;
*05ET+~~P;;;;;;;00.07.17;3;5;5;1;3728;;15;9;3;17;5;1;18;13;7;8;4;5;
*01AT-Y8~81~H2;;p;;;;;00.07.19;3;5;5;1;3729;;15;9;3;17;5;1;18;13;7;8;4;5;
a04DT+~~~81;;;;;;;00.07.19;3;5;5;1;3729;;15;9;3;17;5;1;18;13;7;8;4;5;
a04EH+~~B;;;;;;;00.07.19;3;5;5;1;3731;;15;9;3;17;5;1;18;13;7;8;4;5;
a13AH-G2~21~H2;;s;;;;;00.07.24;3;5;5;1;3732;;15;9;3;17;5;1;18;13;7;8;4;5;
*05DH+~~~21;;;;;;;00.07.24;3;5;5;1;3732;;15;9;3;17;5;1;18;13;7;8;4;5;
*05EH+~~B;;;;;;;00.07.24;3;5;5;1;3735;;15;9;3;17;5;1;18;13;7;8;4;5;
*09AH-G2~23~T2;;p;;;;;00.07.26;3;5;5;1;3736;;15;9;3;17;5;1;18;13;7;8;4;5;
a13DH+~~~23;;;;;;;00.07.26;3;5;5;1;3736;;15;9;3;17;5;1;18;13;7;8;4;5;
a04ET+;;;;;;;00.07.26;3;5;5;1;3738;;15;9;3;17;5;1;18;13;7;8;4;5;
a05AT=Y9~9~~H2N;p;s;;;;;00.07.31;3;5;5;1;3739;;15;9;3;17;5;1;18;13;7;8;4;5;
*$$&H#;p;;;;;;00.07.31;3;5;5;1;3739;;15;9;3;17;5;1;18;13;7;8;4;5;
*p03:01;;;;;;;00.07.34;3;5;5;1;3745;;15;9;3;17;5;1;18;13;7;8;4;5;
*15SM=~~~51~~~O;s;;;;;;00.07.51;3;5;5;1;3763;;15;9;3;17;5;1;18;13;7;8;4;5;
a$$&H#;s;;;;;;00.07.51;3;5;5;1;3763;;15;9;3;17;5;1;18;13;7;8;4;5;
ap03:02;;;;;;;00.08.01;3;5;5;1;3767;;15;9;3;17;5;1;18;13;7;8;4;5;
az4;;;;;;;00.08.01;3;5;4;1;3773;;15;9;3;17;5;1;13;7;8;4;5;18;
a13SM!~~~16;;;;;;;00.08.10;3;5;4;1;3782;;15;9;3;17;5;1;13;7;8;4;5;18;
*18RM!~~~16~O~~32;;;;;;;00.08.10;3;5;4;1;3782;;15;9;3;17;5;1;13;7;8;4;5;18;
*05EQ+KCC;;;;;;;00.08.10;3;5;4;1;3782;;15;9;3;17;5;1;13;7;8;4;5;18;
*17AQ+J4~36~H1;;r;;;;;00.08.14;3;5;4;1;3784;;15;9;3;17;5;1;13;7;8;4;5;18;
a08BQ-~~~~3~~1;;;;;;;00.08.14;3;5;4;1;3784;;15;9;3;17;5;1;13;7;8;4;5;18;
*05EH+~~F;;;;;;;00.08.14;3;5;4;1;3786;;15;9;3;17;5;1;13;7;8;4;5;18;
*03AH=G4~47~H2;p;s;;;;;00.08.20;3;5;4;1;3787;;15;9;3;17;5;1;13;7;8;4;5;18;
a$$&H#;p;;;;;;00.08.20;3;5;4;1;3787;;15;9;3;17;5;1;13;7;8;4;5;18;
ap03:03;;;;;;;00.08.30;3;5;4;1;3790;;15;9;3;17;5;1;13;7;8;4;5;18;
a13SM=~~~16D~~O;s;;;;;;00.09.14;3;5;4;1;3846;;15;9;3;17;5;1;13;7;8;4;5;18;
*$$&H#;s;;;;;;00.09.14;3;5;4;1;3846;;15;9;3;17;5;1;13;7;8;4;5;18;
*p04:03;;;;;;;00.09.25;3;5;4;1;3850;;15;9;3;17;5;1;13;7;8;4;5;18;
*z4;;;;;;;00.09.25;3;4;4;1;3857;;9;3;17;5;1;15;13;7;8;4;5;18;
*09SQ!~~~61;;;;;;;00.09.34;3;4;4;1;3866;;9;3;17;5;1;15;13;7;8;4;5;18;
a15RQ!~~~61~~~~21;;;;;;;00.09.34;3;4;4;1;3866;;9;3;17;5;1;15;13;7;8;4;5;18;
a04EQ+KBC~~~~~~K2;;;;;;;00.09.34;3;4;4;1;3866;;9;3;17;5;1;15;13;7;8;4;5;18;
a08AQ-J2~31~H1;;r;;;;;00.09.39;3;4;4;1;3869;;9;3;17;5;1;15;13;7;8;4;5;18;
*09DQ+~~~31;;;;;;;00.09.39;3;4;4;1;3869;;9;3;17;5;1;15;13;7;8;4;5;18;
*05EH+;;;;;;;00.09.39;3;4;4;1;3871;;9;3;17;5;1;15;13;7;8;4;5;18;
*03AH=G4~45~H2O;s;p;;;;;00.09.41;3;4;4;1;3872;;9;3;17;5;1;15;13;7;8;4;5;18;
a$$&H#;s;;;;;;00.09.41;3;4;4;1;3872;;9;3;17;5;1;15;13;7;8;4;5;18;
ap04:04;;;;;;;00.09.46;3;4;4;1;3876;;9;3;17;5;1;15;13;7;8;4;5;18;
az3;;;;;;;00.09.46;3;4;3;1;3878;;9;3;17;5;1;15;7;8;4;5;18;13;
a07SQ-~~~16;;;;;;;00.10.03;3;4;3;1;3895;;9;3;17;5;1;15;7;8;4;5;18;13;
*01RQ#~~~16;;;;;;;00.10.03;3;4;3;1;3895;;9;3;17;5;1;15;7;8;4;5;18;13;
*05ET+K1P;;;;;;;00.10.03;3;4;3;1;3895;;9;3;17;5;1;15;7;8;4;5;18;13;
*01AT#Y8~81~H1;s;r;;;;;00.10.08;3;4;3;1;3898;;9;3;17;5;1;15;7;8;4;5;18;13;
a13DT=~~~81;s;;;;;;00.10.08;3;4;3;1;3898;;9;3;17;5;1;15;7;8;4;5;18;13;
*p05:04;;;;;;;00.10.18;3;4;3;1;3902;;9;3;17;5;1;15;7;8;4;5;18;13;
*z3;;;;;;;00.10.18;3;3;3;1;3910;;3;17;5;1;15;9;7;8;4;5;18;13;
*03SM-~~~11;;;;;;;00.11.00;3;3;3;1;3952;;3;17;5;1;15;9;7;8;4;5;18;13;
a07RM#~~~11~O;;;;;;;00.11.00;3;3;3;1;3952;;3;17;5;1;15;9;7;8;4;5;18;13;
a04EO+K1S;;;;;;;00.11.00;3;3;3;1;3952;;3;17;5;1;15;9;7;8;4;5;18;13;
a04AO#JJ~38~T1;s;r;;;;;00.11.04;3;3;3;1;3954;;3;17;5;1;15;9;7;8;4;5;18;13;
*$$&H=;s;;;;;;00.11.04;3;3;3;1;3954;;3;17;5;1;15;9;7;8;4;5;18;13;
ap05:05;;;;;;;00.11.07;3;3;3;1;3957;;3;17;5;1;15;9;7;8;4;5;18;13;
az2;;;;;;;00.11.07;3;3;2;1;3959;;3;17;5;1;15;9;8;4;5;18;13;7;
a08SQ-~~~16;;;;;;;00.11.25;3;3;2;1;3977;;3;17;5;1;15;9;8;4;5;18;13;7;
*18RQ#~~~16;;;;;;;00.11.25;3;3;2;1;3977;;3;17;5;1;15;9;8;4;5;18;13;7;
*05EO+K3S;;;;;;;00.11.25;3;3;2;1;3977;;3;17;5;1;15;9;8;4;5;18;13;7;
*05AO-JJ~39~T1;;r;;;;;00.11.30;3;3;2;1;3979;;3;17;5;1;15;9;8;4;5;18;13;7;
a13DO+~~~39;;;;;;;00.11.30;3;3;2;1;3979;;3;17;5;1;15;9;8;4;5;18;13;7;
a04EH+;;;;;;;00.11.30;3;3;2;1;3981;;3;17;5;1;15;9;8;4;5;18;13;7;
a05AH#G4~45~H2;p;p;;;;;00.11.35;3;3;2;1;3982;;3;17;5;1;15;9;8;4;5;18;13;7;
*$$&H=;p;;;;;;00.11.35;3;3;2;1;3982;;3;17;5;1;15;9;8;4;5;18;13;7;
ap05:06;;;;;;;00.11.44;3;3;2;1;3985;;3;17;5;1;15;9;8;4;5;18;13;7;
a08SQ-~~~16;;;;;;;00.12.17;3;3;2;1;4029;;3;17;5;1;15;9;8;4;5;18;13;7;
*18RQ+~~~16~~~~32;;;;;;;00.12.17;3;3;2;1;4029;;3;17;5;1;15;9;8;4;5;18;13;7;
*05ET+K1F;;;;;;;00.12.17;3;3;2;1;4029;;3;17;5;1;15;9;8;4;5;18;13;7;
*01AT+W4~46~H2;;r;;;;;00.12.22;3;3;2;1;4032;;3;17;5;1;15;9;8;4;5;18;13;7;
a08DT/~~~46;;;;;;;00.12.22;3;3;2;1;4032;;3;17;5;1;15;9;8;4;5;18;13;7;
*18FH+;;;;;;;00.12.26;3;3;2;1;4033;;3;17;5;1;15;9;8;4;5;18;13;7;
*05ET#;;;;;;;00.12.26;3;3;2;1;4035;;3;17;5;1;15;9;8;4;5;18;13;7;
*01AT#W4~41~H1;s;s;;;;;00.12.28;3;3;2;1;4036;;3;17;5;1;15;9;8;4;5;18;13;7;
a$$&H=;s;;;;;;00.12.28;3;3;2;1;4036;;3;17;5;1;15;9;8;4;5;18;13;7;
*p06:06;;;;;;;00.12.37;3;3;2;1;4041;;3;17;5;1;15;9;8;4;5;18;13;7;
*z2;;;;;;;00.12.37;3;2;2;1;4049;;17;5;1;15;9;3;8;4;5;18;13;7;
*17SM-~~~56;;;;;;;00.12.50;3;2;2;1;4062;;17;5;1;15;9;3;8;4;5;18;13;7;
a07RM#~~~56~O;;;;;;;00.12.50;3;2;2;1;4062;;17;5;1;15;9;3;8;4;5;18;13;7;
a04EQ+K1C;;;;;;;00.12.58;3;2;2;1;4062;;17;5;1;15;9;3;8;4;5;18;13;7;
a18AQ-J4~36~H2;;r;;;;;00.12.56;3;2;2;1;4065;;17;5;1;15;9;3;8;4;5;18;13;7;
*15BQ+~~~~3~~2;;;;;;;00.12.56;3;2;2;1;4065;;17;5;1;15;9;3;8;4;5;18;13;7;
*03EH+~~~~4;;;;;;;00.12.56;3;2;2;1;4067;;17;5;1;15;9;3;8;4;5;18;13;7;
*01AH#G4~42~T2S;p;p;;;;;00.12.59;3;2;2;1;4068;;17;5;1;15;9;3;8;4;5;18;13;7;
a04BH=~~~~2~~2S;p;;;;;;00.12.59;3;2;2;1;4068;;17;5;1;15;9;3;8;4;5;18;13;7;
*p07:06;;;;;;;00.13.02;3;2;2;1;4072;;17;5;1;15;9;3;8;4;5;18;13;7;
*17SM+~~~56;;;;;;;00.13.19;3;2;2;1;4091;;17;5;1;15;9;3;8;4;5;18;13;7;
a07RM-~~~56~O;;;;;;;00.13.19;3;2;2;1;4091;;17;5;1;15;9;3;8;4;5;18;13;7;
a15EH+;;;;;;;00.13.19;3;2;2;1;4093;;17;5;1;15;9;3;8;4;5;18;13;7;
a05AH=G4~46~H2O;p;r;;;;;00.13.28;3;2;2;1;4094;;17;5;1;15;9;3;8;4;5;18;13;7;
*$$&H#;p;;;;;;00.13.28;3;2;2;1;4094;;17;5;1;15;9;3;8;4;5;18;13;7;
*p08:06;;;;;;;00.13.33;3;2;2;1;4097;;17;5;1;15;9;3;8;4;5;18;13;7;
*17SM!~~~56;;;;;;;00.13.44;3;2;2;1;4116;;17;5;1;15;9;3;8;4;5;18;13;7;
a07RM!~~~56~~~~21;;;;;;;00.13.44;3;2;2;1;4116;;17;5;1;15;9;3;8;4;5;18;13;7;
a04ET+KEB;;;;;;;00.13.44;3;2;2;1;4116;;17;5;1;15;9;3;8;4;5;18;13;7;
a13AT-Y9~96~H2;;r;;;;;00.13.49;3;2;2;1;4119;;17;5;1;15;9;3;8;4;5;18;13;7;
*03DT+~~~96;;;;;;;00.13.49;3;2;2;1;4119;;17;5;1;15;9;3;8;4;5;18;13;7;
*05EH+;;;;;;;00.13.49;3;2;2;1;4121;;17;5;1;15;9;3;8;4;5;18;13;7;
*09AH#G9~96~H2O;p;p;;;;;00.13.52;3;2;2;1;4122;;17;5;1;15;9;3;8;4;5;18;13;7;
a05BH=~~~~4~~2O;p;;;;;;00.13.52;3;2;2;1;4122;;17;5;1;15;9;3;8;4;5;18;13;7;
*p09:06;;;;;;;00.14.07;3;2;2;1;4125;;17;5;1;15;9;3;8;4;5;18;13;7;
aT;;;;;;;00.14.07;3;2;2;1;4139;;17;5;1;15;9;3;8;4;5;18;13;7;
*c09:02;;;;;;;00.14.07;3;2;2;1;4139;;17;5;1;15;2;3;8;4;5;18;13;7;
*c05:10;;;;;;;00.14.07;3;2;2;1;4139;;17;10;1;15;2;3;8;4;5;18;13;7;
*P2;;;;;;;00.14.07;3;2;2;1;4139;;17;10;1;15;2;3;8;4;5;18;13;7;
*z5;;;;;;;00.14.07;3;5;2;1;4139;;17;10;1;15;2;3;8;4;5;18;13;7;
*17SM-~~~56;;;;;;;00.15.28;3;5;2;1;4220;;17;10;1;15;2;3;8;4;5;18;13;7;
a07RM+~~~56~~~~32;;;;;;;00.15.28;3;5;2;1;4220;;17;10;1;15;2;3;8;4;5;18;13;7;
a04ET#K2B;;;;;;;00.15.28;3;5;2;1;4220;;17;10;1;15;2;3;8;4;5;18;13;7;
a13AT#Y9~99~H1;s;r;;;;;00.15.34;3;5;2;1;4223;;17;10;1;15;2;3;8;4;5;18;13;7;
*$$&H=;s;;;;;;00.15.34;3;5;2;1;4223;;17;10;1;15;2;3;8;4;5;18;13;7;
ap09:07;;;;;;;00.15.49;3;5;2;1;4226;;17;10;1;15;2;3;8;4;5;18;13;7;
az1;;;;;;;00.15.49;3;5;1;1;4241;;17;10;1;15;2;3;4;5;18;13;7;8;
a04SQ!~~~15;;;;;;;00.15.57;3;5;1;1;4247;;17;10;1;15;2;3;4;5;18;13;7;8;
*03RQ!~~~15~~~~41;;;;;;;00.15.57;3;5;1;1;4247;;17;10;1;15;2;3;4;5;18;13;7;8;
*02ET#KCB~~~1;;;;;;;00.15.57;3;5;1;1;4247;;17;10;1;15;2;3;4;5;18;13;7;8;
*10AT#W2~26~H1O;s;r;;;;;00.16.02;3;5;1;1;4249;;17;10;1;15;2;3;4;5;18;13;7;8;
a05BT=~~~~4~~1O;s;;;;;;00.16.02;3;5;1;1;4249;;17;10;1;15;2;3;4;5;18;13;7;8;
*p10:07;;;;;;;00.16.08;3;5;1;1;4252;;17;10;1;15;2;3;4;5;18;13;7;8;
*z4;;;;;;;00.16.08;3;4;1;1;4260;;10;1;15;2;3;17;4;5;18;13;7;8;
*10SQ-~~~16;;;;;;;00.16.21;3;4;1;1;4273;;10;1;15;2;3;17;4;5;18;13;7;8;
a15RQ+~~~16~~~~32;;;;;;;00.16.21;3;4;1;1;4273;;10;1;15;2;3;17;4;5;18;13;7;8;
a04EH=~~~~~~~~U;p;;;;;;00.16.21;3;4;1;1;4273;;10;1;15;2;3;17;4;5;18;13;7;8;
*$$&H#;p;;;;;;00.16.21;3;4;1;1;4273;;10;1;15;2;3;17;4;5;18;13;7;8;
*p11:07;;;;;;;00.16.37;3;4;1;1;4277;;10;1;15;2;3;17;4;5;18;13;7;8;
*10SQ=~~~11~~~N;s;;;;;;00.16.42;3;4;1;1;4294;;10;1;15;2;3;17;4;5;18;13;7;8;
a$$&H#;s;;;;;;00.16.42;3;4;1;1;4294;;10;1;15;2;3;17;4;5;18;13;7;8;
ap11:08;;;;;;;00.16.54;3;4;1;1;4299;;10;1;15;2;3;17;4;5;18;13;7;8;
az6;;;;;;;00.16.54;3;4;6;1;4306;;10;1;15;2;3;17;5;18;13;7;8;4;
a05SQ-~~~66B;;;;;;;00.17.02;3;4;6;1;4314;;10;1;15;2;3;17;5;18;13;7;8;4;
*18RQ#~~~66B;;;;;;;00.17.02;3;4;6;1;4314;;10;1;15;2;3;17;5;18;13;7;8;4;
*02EQ+K3C;;;;;;;00.17.02;3;4;6;1;4314;;10;1;15;2;3;17;5;18;13;7;8;4;
*15AQ#J3~35~H1;s;r;;;;;00.17.11;3;4;6;1;4317;;10;1;15;2;3;17;5;18;13;7;8;4;
a$$&H=;s;;;;;;00.17.11;3;4;6;1;4317;;10;1;15;2;3;17;5;18;13;7;8;4;
*p12:08;;;;;;;00.17.17;3;4;6;1;4321;;10;1;15;2;3;17;5;18;13;7;8;4;
*z3;;;;;;;00.17.17;3;3;6;1;4329;;1;15;2;3;17;10;5;18;13;7;8;4;
*01SQ!~~~11;;;;;;;00.17.27;3;3;6;1;4339;;1;15;2;3;17;10;5;18;13;7;8;4;
a05RQ!~~~11~~~~21;;;;;;;00.17.27;3;3;6;1;4339;;1;15;2;3;17;10;5;18;13;7;8;4;
a04EH=KB;p;;;;;;00.17.33;3;3;6;1;4339;;1;15;2;3;17;10;5;18;13;7;8;4;
*$$&H#;p;;;;;;00.17.33;3;3;6;1;4339;;1;15;2;3;17;10;5;18;13;7;8;4;
*p13:08;;;;;;;00.17.40;3;3;6;1;4345;;1;15;2;3;17;10;5;18;13;7;8;4;
*01SQ-~~~15;;;;;;;00.17.54;3;3;6;1;4366;;1;15;2;3;17;10;5;18;13;7;8;4;
a07RQ+~~~15~~~~22;;;;;;;00.17.54;3;3;6;1;4366;;1;15;2;3;17;10;5;18;13;7;8;4;
a04ET+K1B;;;;;;;00.17.54;3;3;6;1;4366;;1;15;2;3;17;10;5;18;13;7;8;4;
a13AT-W2~26~H2;;r;;;;;00.18.00;3;3;6;1;4369;;1;15;2;3;17;10;5;18;13;7;8;4;
*03BT+~~~~4~~2;;;;;;;00.18.00;3;3;6;1;4369;;1;15;2;3;17;10;5;18;13;7;8;4;
*02ET+;;;;;;;00.18.00;3;3;6;1;4371;;1;15;2;3;17;10;5;18;13;7;8;4;
*10AT=Y9~95~H2S;s;p;;;;;00.18.04;3;3;6;1;4372;;1;15;2;3;17;10;5;18;13;7;8;4;
a$$&H#;s;;;;;;00.18.04;3;3;6;1;4372;;1;15;2;3;17;10;5;18;13;7;8;4;
ap13:09;;;;;;;00.18.06;3;3;6;1;4375;;1;15;2;3;17;10;5;18;13;7;8;4;
az5;;;;;;;00.18.07;3;3;5;1;4379;;1;15;2;3;17;10;18;13;7;8;4;5;
a18SM-~~~66;;;;;;;00.18.25;3;3;5;1;4398;;1;15;2;3;17;10;18;13;7;8;4;5;
*18RM#~~~66;;;;;;;00.18.25;3;3;5;1;4398;;1;15;2;3;17;10;18;13;7;8;4;5;
*02ET+K1B;;;;;;;00.18.25;3;3;5;1;4398;;1;15;2;3;17;10;18;13;7;8;4;5;
*10AT/Y9~96~H2;p;r;;;;;00.18.31;3;3;5;1;4401;;1;15;2;3;17;10;18;13;7;8;4;5;
a08BT#~~~~4~~2;p;;;;;;00.18.31;3;3;5;1;4401;;1;15;2;3;17;10;18;13;7;8;4;5;
ap13:10;;;;;;;00.18.40;3;3;5;1;4404;;1;15;2;3;17;10;18;13;7;8;4;5;
a18SM!~~~65;;;;;;;00.18.55;3;3;5;1;4427;;1;15;2;3;17;10;18;13;7;8;4;5;
*03RM!~~~65~O~~32;;;;;;;00.18.55;3;3;5;1;4427;;1;15;2;3;17;10;18;13;7;8;4;5;
*02ET+K8B;;;;;;;00.18.55;3;3;5;1;4427;;1;15;2;3;17;10;18;13;7;8;4;5;
*10AT#Y9~95~H2O;s;r;;;;;00.19.01;3;3;5;1;4430;;1;15;2;3;17;10;18;13;7;8;4;5;
a07BT=~~~~4~~2O;s;;;;;;00.19.01;3;3;5;1;4430;;1;15;2;3;17;10;18;13;7;8;4;5;
*p14:10;;;;;;;00.19.09;3;3;5;1;4434;;1;15;2;3;17;10;18;13;7;8;4;5;
*z2;;;;;;;00.19.26;3;2;5;1;4458;;15;2;3;17;10;1;18;13;7;8;4;5;
*15SM-~~~51;;;;;;;00.19.42;3;2;5;1;4475;;15;2;3;17;10;1;18;13;7;8;4;5;
a15RM+~~~51~O~~41;;;;;;;00.19.42;3;2;5;1;4475;;15;2;3;17;10;1;18;13;7;8;4;5;
a04ET+K2P;;;;;;;00.19.42;3;2;5;1;4475;;15;2;3;17;10;1;18;13;7;8;4;5;
a05AT#Y8~86~H2;s;r;;;;;00.19.49;3;2;5;1;4478;;15;2;3;17;10;1;18;13;7;8;4;5;
*01DT=~~~86;s;;;;;;00.19.49;3;2;5;1;4478;;15;2;3;17;10;1;18;13;7;8;4;5;
ap14:11;;;;;;;00.19.55;3;2;5;1;4481;;15;2;3;17;10;1;18;13;7;8;4;5;
az4;;;;;;;00.19.55;3;2;4;1;4487;;15;2;3;17;10;1;13;7;8;4;5;18;
a13SM/~~~15;;;;;;;00.20.07;3;2;4;1;4499;;15;2;3;17;10;1;13;7;8;4;5;18;
*03RM/~~~15~O;;;;;;;00.20.07;3;2;4;1;4499;;15;2;3;17;10;1;13;7;8;4;5;18;
a04EQ#~~C;;;;;;;00.20.07;3;2;4;1;4501;;15;2;3;17;10;1;13;7;8;4;5;18;
a08AQ#J2~31CH1;p;p;;;;;00.20.17;3;2;4;1;4502;;15;2;3;17;10;1;13;7;8;4;5;18;
*$$&H=;p;;;;;;00.20.17;3;2;4;1;4502;;15;2;3;17;10;1;13;7;8;4;5;18;
ap14:12;;;;;;;00.20.24;3;2;4;1;4509;;15;2;3;17;10;1;13;7;8;4;5;18;
a13SM+~~~15;;;;;;;00.20.36;3;2;4;1;4528;;15;2;3;17;10;1;13;7;8;4;5;18;
*03RM-~~~15~O;;;;;;;00.20.36;3;2;4;1;4528;;15;2;3;17;10;1;13;7;8;4;5;18;
*02EH+~~F;;;;;;;00.20.36;3;2;4;1;4530;;15;2;3;17;10;1;13;7;8;4;5;18;
*03AH=G4~41~H2O;p;r;;;;;00.20.40;3;2;4;1;4531;;15;2;3;17;10;1;13;7;8;4;5;18;
a$$&H#;p;;;;;;00.20.40;3;2;4;1;4531;;15;2;3;17;10;1;13;7;8;4;5;18;
ap14:13;;;;;;;00.20.44;3;2;4;1;4535;;15;2;3;17;10;1;13;7;8;4;5;18;
*T;;;;;;;00.20.44;3;2;4;1;4536;;15;2;3;17;10;1;13;7;8;4;5;18;
a13SM!~~~15;;;;;;;00.21.40;3;2;4;1;4591;;15;2;3;17;10;1;13;7;8;4;5;18;
*03RM!~~~15~O~~42;;;;;;;00.21.40;3;2;4;1;4591;;15;2;3;17;10;1;13;7;8;4;5;18;
*02ET+K7F;;;;;;;00.21.40;3;2;4;1;4591;;15;2;3;17;10;1;13;7;8;4;5;18;
*03AT+W4~42~T2;;r;;;;;00.21.44;3;2;4;1;4594;;15;2;3;17;10;1;13;7;8;4;5;18;
a08DT-~~~42;;;;;;;00.21.44;3;2;4;1;4594;;15;2;3;17;10;1;13;7;8;4;5;18;
*18FH+;;;;;;;00.21.51;3;2;4;1;4597;;15;2;3;17;10;1;13;7;8;4;5;18;
*02EQ+;;;;;;;00.21.51;3;2;4;1;4599;;15;2;3;17;10;1;13;7;8;4;5;18;
*17AQ#J3~36~H2S;s;s;;;;;00.21.53;3;2;4;1;4600;;15;2;3;17;10;1;13;7;8;4;5;18;
a08BQ=~~~~3~~2S;s;;;;;;00.21.53;3;2;4;1;4600;;15;2;3;17;10;1;13;7;8;4;5;18;
*p15:13;;;;;;;00.22.02;3;2;4;1;4606;;15;2;3;17;10;1;13;7;8;4;5;18;
*z1;;;;;;;00.22.02;3;1;4;1;4614;;2;3;17;10;1;15;13;7;8;4;5;18;
*02SM-~~~11;;;;;;;00.22.17;3;1;4;1;4627;;2;3;17;10;1;15;13;7;8;4;5;18;
a15RM+~~~11~~~~32;;;;;;;00.22.17;3;1;4;1;4627;;2;3;17;10;1;15;13;7;8;4;5;18;
a04ET+K1F;;;;;;;00.22.17;3;1;4;1;4627;;2;3;17;10;1;15;13;7;8;4;5;18;
a07AT#W4~43~T2;s;r;;;;;00.22.22;3;1;4;1;4630;;2;3;17;10;1;15;13;7;8;4;5;18;
*$$&H=;s;;;;;;00.22.22;3;1;4;1;4630;;2;3;17;10;1;15;13;7;8;4;5;18;
ap15:14;;;;;;;00.22.30;3;1;4;1;4634;;2;3;17;10;1;15;13;7;8;4;5;18;
az3;;;;;;;00.22.30;3;1;3;1;4642;;2;3;17;10;1;15;7;8;4;5;18;13;
a07SQ!~~~16;;;;;;;00.22.47;3;1;3;1;4659;;2;3;17;10;1;15;7;8;4;5;18;13;
*18RQ!~~~16~~~~32;;;;;;;00.22.47;3;1;3;1;4659;;2;3;17;10;1;15;7;8;4;5;18;13;
*02ET+K8F;;;;;;;00.23.00;3;1;3;1;4659;;2;3;17;10;1;15;7;8;4;5;18;13;
*10AT+W4~41~H2;;r;;;;;00.22.52;3;1;3;1;4662;;2;3;17;10;1;15;7;8;4;5;18;13;
a04BT-~~~~2~~2;;;;;;;00.22.52;3;1;3;1;4662;;2;3;17;10;1;15;7;8;4;5;18;13;
*02EH+~~F;;;;;;;00.22.52;3;1;3;1;4664;;2;3;17;10;1;15;7;8;4;5;18;13;
*10AH-G4~47~H2;;s;;;;;00.22.56;3;1;3;1;4665;;2;3;17;10;1;15;7;8;4;5;18;13;
a15DH+~~~47;;;;;;;00.22.56;3;1;3;1;4665;;2;3;17;10;1;15;7;8;4;5;18;13;
a04EH-~~~~2;;;;;;;00.22.56;3;1;3;1;4667;;2;3;17;10;1;15;7;8;4;5;18;13;
*01AT-Y8~88~T1;;s;;;;;00.23.03;3;1;3;1;4668;;2;3;17;10;1;15;7;8;4;5;18;13;
a13DT+~~~88;;;;;;;00.23.03;3;1;3;1;4668;;2;3;17;10;1;15;7;8;4;5;18;13;
a04EH+;;;;;;;00.23.03;3;1;3;1;4671;;2;3;17;10;1;15;7;8;4;5;18;13;
a05AH-G4~45~H2;;p;;;;;00.23.08;3;1;3;1;4672;;2;3;17;10;1;15;7;8;4;5;18;13;
*18DH+~~~45;;;;;;;00.23.08;3;1;3;1;4672;;2;3;17;10;1;15;7;8;4;5;18;13;
*02ET+;;;;;;;00.23.08;3;1;3;1;4674;;2;3;17;10;1;15;7;8;4;5;18;13;
*10AT-W4~42~T2;;s;;;;;00.23.10;3;1;3;1;4675;;2;3;17;10;1;15;7;8;4;5;18;13;
a04DT+~~~42;;;;;;;00.23.10;3;1;3;1;4675;;2;3;17;10;1;15;7;8;4;5;18;13;
a04EH+;;;;;;;00.23.10;3;1;3;1;4677;;2;3;17;10;1;15;7;8;4;5;18;13;
a05AH#G4~41~H2S;p;p;;;;;00.23.15;3;1;3;1;4678;;2;3;17;10;1;15;7;8;4;5;18;13;
*03BH=~~~~2~~2S;p;;;;;;00.23.15;3;1;3;1;4678;;2;3;17;10;1;15;7;8;4;5;18;13;
ap15:15;;;;;;;00.23.26;3;1;3;1;4688;;2;3;17;10;1;15;7;8;4;5;18;13;
a07SQ+~~~11;;;;;;;00.23.43;3;1;3;1;4713;;2;3;17;10;1;15;7;8;4;5;18;13;
*03RQ-~~~11;;;;;;;00.23.43;3;1;3;1;4713;;2;3;17;10;1;15;7;8;4;5;18;13;
*02EH=~~~~~~~~Z;p;;;;;;00.23.47;3;1;3;1;4713;;2;3;17;10;1;15;7;8;4;5;18;13;
a$$&H#;p;;;;;;00.23.47;3;1;3;1;4713;;2;3;17;10;1;15;7;8;4;5;18;13;
ap15:16;;;;;;;00.23.54;3;1;3;1;4718;;2;3;17;10;1;15;7;8;4;5;18;13;
*c02:09;;;;;;;00.23.54;3;1;3;1;4726;;9;3;17;10;1;15;7;8;4;5;18;13;
*c10:05;;;;;;;00.23.54;3;1;3;1;4726;;9;3;17;5;1;15;7;8;4;5;18;13;
*P5;;;;;;;00.23.54;3;1;3;1;4726;;9;3;17;5;1;15;7;8;4;5;18;13;
*z4;;;;;;;00.23.54;3;4;3;1;4726;;9;3;17;5;1;15;7;8;4;5;18;13;
a07SQ!~~~11;;;;;;;00.24.22;3;4;3;1;4754;;9;3;17;5;1;15;7;8;4;5;18;13;
*18RQ!~~~11~~~~31;;;;;;;00.24.22;3;4;3;1;4754;;9;3;17;5;1;15;7;8;4;5;18;13;
*05EQ+KCC~~~1;;;;;;;00.24.22;3;4;3;1;4754;;9;3;17;5;1;15;7;8;4;5;18;13;
*17AQ-J4~39~T1;;r;;;;;00.24.27;3;4;3;1;4756;;9;3;17;5;1;15;7;8;4;5;18;13;
a13DQ+~~~39;;;;;;;00.24.27;3;4;3;1;4756;;9;3;17;5;1;15;7;8;4;5;18;13;
a04ET+~~F;;;;;;;00.24.27;3;4;3;1;4758;;9;3;17;5;1;15;7;8;4;5;18;13;
a05AT+W4~47~H2;;p;;;;;00.24.30;3;4;3;1;4759;;9;3;17;5;1;15;7;8;4;5;18;13;
*01DT/~~~47;;;;;;;00.24.30;3;4;3;1;4759;;9;3;17;5;1;15;7;8;4;5;18;13;
a08AO#V3~3~~H1;p;p;;;;;00.24.33;3;4;3;1;4761;;9;3;17;5;1;15;7;8;4;5;18;13;
*$$&H=;p;;;;;;00.24.33;3;4;3;1;4761;;9;3;17;5;1;15;7;8;4;5;18;13;
ap15:17;;;;;;;00.24.35;3;4;3;1;4764;;9;3;17;5;1;15;7;8;4;5;18;13;
a07SQ-~~~11;;;;;;;00.24.58;3;4;3;1;4790;;9;3;17;5;1;15;7;8;4;5;18;13;
*18RQ#~~~11;;;;;;;00.24.58;3;4;3;1;4790;;9;3;17;5;1;15;7;8;4;5;18;13;
*05ET#K1B;;;;;;;00.24.58;3;4;3;1;4790;;9;3;17;5;1;15;7;8;4;5;18;13;
*09AT/Y9~95~H1;p;r;;;;;00.25.04;3;4;3;1;4793;;9;3;17;5;1;15;7;8;4;5;18;13;
a05BT#~~~~4~~1;p;;;;;;00.25.04;3;4;3;1;4793;;9;3;17;5;1;15;7;8;4;5;18;13;
ap15:18;;;;;;;00.25.07;3;4;3;1;4797;;9;3;17;5;1;15;7;8;4;5;18;13;
a07SQ#~~~16;p;;;;;;00.25.26;3;4;3;1;4818;;9;3;17;5;1;15;7;8;4;5;18;13;
*01RQ=~~~16~W;p;;;;;;00.25.26;3;4;3;1;4818;;9;3;17;5;1;15;7;8;4;5;18;13;
ap15:19;;;;;;;00.25.30;3;4;3;1;4822;;9;3;17;5;1;15;7;8;4;5;18;13;
a07SQ!~~~11;;;;;;;00.25.50;3;4;3;1;4842;;9;3;17;5;1;15;7;8;4;5;18;13;
*18RQ!~~~11~~~~32;;;;;;;00.25.50;3;4;3;1;4842;;9;3;17;5;1;15;7;8;4;5;18;13;
*05ET+K8F;;;;;;;00.25.50;3;4;3;1;4842;;9;3;17;5;1;15;7;8;4;5;18;13;
*03AT/W4~45~H2;p;r;;;;;00.25.55;3;4;3;1;4845;;9;3;17;5;1;15;7;8;4;5;18;13;
a08BT#~~~~2~~2;p;;;;;;00.25.55;3;4;3;1;4845;;9;3;17;5;1;15;7;8;4;5;18;13;
ap15:20;;;;;;;00.26.02;3;4;3;1;4849;;9;3;17;5;1;15;7;8;4;5;18;13;
a07SQ=~~~11~~~R;s;;;;;;00.26.17;3;4;3;1;4869;;9;3;17;5;1;15;7;8;4;5;18;13;
*$$&H#;s;;;;;;00.26.17;3;4;3;1;4869;;9;3;17;5;1;15;7;8;4;5;18;13;
*p16:20;;;;;;;00.26.21;3;4;3;1;4873;;9;3;17;5;1;15;7;8;4;5;18;13;
*z3;;;;;;;00.26.21;3;3;3;1;4873;;3;17;5;1;15;9;7;8;4;5;18;13;
*03SM-~~~11;;;;;;;00.26.39;3;3;3;1;4891;;3;17;5;1;15;9;7;8;4;5;18;13;
a07RM+~~~11~O~~21;;;;;;;00.26.39;3;3;3;1;4891;;3;17;5;1;15;9;7;8;4;5;18;13;
a04ET+K2F;;;;;;;00.27.01;3;3;3;1;4891;;3;17;5;1;15;9;7;8;4;5;18;13;
a05AT-W4~47~H1;;r;;;;;00.26.45;3;3;3;1;4894;;3;17;5;1;15;9;7;8;4;5;18;13;
*20DT+~~~47;;;;;;;00.26.45;3;3;3;1;4894;;3;17;5;1;15;9;7;8;4;5;18;13;
*05EH+~~F;;;;;;;00.26.45;3;3;3;1;4896;;3;17;5;1;15;9;7;8;4;5;18;13;
*01AH-G4~45~H2;;p;;;;;00.26.48;3;3;3;1;4897;;3;17;5;1;15;9;7;8;4;5;18;13;
a15DH+~~~45;;;;;;;00.26.48;3;3;3;1;4897;;3;17;5;1;15;9;7;8;4;5;18;13;
a04ET+~~B;;;;;;;00.26.48;3;3;3;1;4899;;3;17;5;1;15;9;7;8;4;5;18;13;
a13AT-Y9~99~H1;;s;;;;;00.26.52;3;3;3;1;4900;;3;17;5;1;15;9;7;8;4;5;18;13;
*09DT+~~~99;;;;;;;00.26.52;3;3;3;1;4900;;3;17;5;1;15;9;7;8;4;5;18;13;
*05EH=~~~~~~~~I;s;;;;;;00.26.52;3;3;3;1;4900;;3;17;5;1;15;9;7;8;4;5;18;13;
a$$&H#;s;;;;;;00.26.52;3;3;3;1;4900;;3;17;5;1;15;9;7;8;4;5;18;13;
ap16:21;;;;;;;00.27.05;3;3;3;1;4908;;3;17;5;1;15;9;7;8;4;5;18;13;
az2;;;;;;;00.27.05;3;3;2;1;4917;;3;17;5;1;15;9;8;4;5;18;13;7;
a08SQ-~~~11;;;;;;;00.27.33;3;3;2;1;4937;;3;17;5;1;15;9;8;4;5;18;13;7;
*03RQ+~~~11~~~~21;;;;;;;00.27.33;3;3;2;1;4937;;3;17;5;1;15;9;8;4;5;18;13;7;
*05EQ+K1C;;;;;;;00.27.33;3;3;2;1;4937;;3;17;5;1;15;9;8;4;5;18;13;7;
*17AQ#J4~31~H2;s;r;;;;;00.27.37;3;3;2;1;4940;;3;17;5;1;15;9;8;4;5;18;13;7;
a13DQ=~~~31;s;;;;;;00.27.37;3;3;2;1;4940;;3;17;5;1;15;9;8;4;5;18;13;7;
*p17:21;;;;;;;00.27.39;3;3;2;1;4943;;3;17;5;1;15;9;8;4;5;18;13;7;
*z2;;;;;;;00.27.39;3;2;2;1;4951;;17;5;1;15;9;3;8;4;5;18;13;7;
*17SM-~~~56;;;;;;;00.27.54;3;2;2;1;4966;;17;5;1;15;9;3;8;4;5;18;13;7;
a07RM#~~~56~O;;;;;;;00.27.54;3;2;2;1;4966;;17;5;1;15;9;3;8;4;5;18;13;7;
a04EQ+K2C;;;;;;;00.27.54;3;2;2;1;4966;;17;5;1;15;9;3;8;4;5;18;13;7;
a18AQ#J2~36~H2;s;r;;;;;00.27.59;3;2;2;1;4969;;17;5;1;15;9;3;8;4;5;18;13;7;
*03DQ=~~~36;s;;;;;;00.27.59;3;2;2;1;4969;;17;5;1;15;9;3;8;4;5;18;13;7;
ap17:22;;;;;;;00.28.02;3;2;2;1;4973;;17;5;1;15;9;3;8;4;5;18;13;7;
az1;;;;;;;00.28.02;3;2;1;1;4974;;17;5;1;15;9;3;4;5;18;13;7;8;
a04SQ/~~~16;;;;;;;00.28.18;3;2;1;1;4990;;17;5;1;15;9;3;4;5;18;13;7;8;
*03RQ/~~~16~W;;;;;;;00.28.18;3;2;1;1;4990;;17;5;1;15;9;3;4;5;18;13;7;8;
a04ET+;;;;;;;00.28.18;3;2;1;1;4992;;17;5;1;15;9;3;4;5;18;13;7;8;
a13AT=W2~25~H2S;s;p;;;;;00.28.27;3;2;1;1;4993;;17;5;1;15;9;3;4;5;18;13;7;8;
*$$&H#;s;;;;;;00.28.27;3;2;1;1;4993;;17;5;1;15;9;3;4;5;18;13;7;8;
*p18:22;;;;;;;00.28.30;3;2;1;1;5001;;17;5;1;15;9;3;4;5;18;13;7;8;
*z1;;;;;;;00.28.30;3;1;1;1;5002;;5;1;15;9;3;17;4;5;18;13;7;8;
*05SM+~~~16;;;;;;;00.28.48;3;1;1;1;5020;;5;1;15;9;3;17;4;5;18;13;7;8;
a07RM-~~~16;;;;;;;00.28.48;3;1;1;1;5020;;5;1;15;9;3;17;4;5;18;13;7;8;
a04EH+~~B;;;;;;;00.28.58;3;1;1;1;5022;;5;1;15;9;3;17;4;5;18;13;7;8;
a05AH-G2~21~H2;;r;;;;;00.28.54;3;1;1;1;5023;;5;1;15;9;3;17;4;5;18;13;7;8;
*05DH+~~~21;;;;;;;00.28.54;3;1;1;1;5023;;5;1;15;9;3;17;4;5;18;13;7;8;
*20EH=~~~~2~~~U;s;;;;;;00.28.54;3;1;1;1;5023;;5;1;15;9;3;17;4;5;18;13;7;8;
a$$&H#;s;;;;;;00.28.54;3;1;1;1;5023;;5;1;15;9;3;17;4;5;18;13;7;8;
ap18:23;;;;;;;00.29.00;3;1;1;1;5031;;5;1;15;9;3;17;4;5;18;13;7;8;
az6;;;;;;;00.29.00;3;1;6;1;5032;;5;1;15;9;3;17;5;18;13;7;8;4;
a05SQ/~~~65;;;;;;;00.29.19;3;1;6;1;5051;;5;1;15;9;3;17;5;18;13;7;8;4;
*09RQ/~~~65~W;;;;;;;00.29.19;3;1;6;1;5051;;5;1;15;9;3;17;5;18;13;7;8;4;
a07AO#V4~4~~H;p;p;;;;;00.29.24;3;1;6;1;5053;;5;1;15;9;3;17;5;18;13;7;8;4;
*$$&H=;p;;;;;;00.29.24;3;1;6;1;5053;;5;1;15;9;3;17;5;18;13;7;8;4;
ap18:24;;;;;;;00.29.26;3;1;6;1;5057;;5;1;15;9;3;17;5;18;13;7;8;4;
a05SQ-~~~66;;;;;;;00.29.40;3;1;6;1;5070;;5;1;15;9;3;17;5;18;13;7;8;4;
*03RQ+~~~66~~~~32;;;;;;;00.29.40;3;1;6;1;5070;;5;1;15;9;3;17;5;18;13;7;8;4;
*05EQ#K1C;;;;;;;00.29.40;3;1;6;1;5070;;5;1;15;9;3;17;5;18;13;7;8;4;
*15AQ#J1~36~H1;s;r;;;;;00.29.44;3;1;6;1;5072;;5;1;15;9;3;17;5;18;13;7;8;4;
a$$&H=;s;;;;;;00.29.44;3;1;6;1;5072;;5;1;15;9;3;17;5;18;13;7;8;4;
*p19:24;;;;;;;00.29.46;3;1;6;1;5075;;5;1;15;9;3;17;5;18;13;7;8;4;
*z6;;;;;;;00.29.46;3;6;6;1;5078;;1;15;9;3;17;5;5;18;13;7;8;4;
*01SQ-~~~11;;;;;;;00.30.05;3;6;6;1;5097;;1;15;9;3;17;5;5;18;13;7;8;4;
a05RQ#~~~11;;;;;;;00.30.05;3;6;6;1;5097;;1;15;9;3;17;5;5;18;13;7;8;4;
a04ET+K1B;;;;;;;00.30.05;3;6;6;1;5097;;1;15;9;3;17;5;5;18;13;7;8;4;
a13AT+W2~26~H2;;r;;;;;00.30.10;3;6;6;1;5100;;1;15;9;3;17;5;5;18;13;7;8;4;
*03BT-~~~~4~~2;;;;;;;00.30.10;3;6;6;1;5100;;1;15;9;3;17;5;5;18;13;7;8;4;
a07DH+;;;;;;;00.30.18;3;6;6;1;5100;;1;15;9;3;17;5;5;18;13;7;8;4;
a18AH#G3~34~T1;s;s;;;;;00.30.21;3;6;6;1;5103;;1;15;9;3;17;5;5;18;13;7;8;4;
*$$&H=;s;;;;;;00.30.21;3;6;6;1;5103;;1;15;9;3;17;5;5;18;13;7;8;4;
ap19:25;;;;;;;00.30.24;3;6;6;1;5107;;1;15;9;3;17;5;5;18;13;7;8;4;
**3set;;;;;;;00.30.24;4;6;6;1;5116;;;;;;;;;;;;;;
*P05>LUp;;;;;;;00.30.24;4;6;6;1;5116;;16;12;9;3;13;5;4;5;18;13;7;8;
*z6>LUp;;;;;;;00.30.24;4;6;6;1;5116;;16;12;9;3;13;5;4;5;18;13;7;8;
aP04>LUp;;;;;;;00.30.24;4;6;6;1;5116;;16;12;9;3;13;5;4;5;18;13;7;8;
az1>LUp;;;;;;;00.30.24;4;6;1;1;5116;;16;12;9;3;13;5;4;5;18;13;7;8;
a04SQ-~~~11;;;;;;;00.33.30;4;6;1;1;5302;;16;12;9;3;13;5;4;5;18;13;7;8;
*16RQ#~~~11;;;;;;;00.33.30;4;6;1;1;5302;;16;12;9;3;13;5;4;5;18;13;7;8;
*05EQ+K1C;;;;;;;00.33.30;4;6;1;1;5302;;16;12;9;3;13;5;4;5;18;13;7;8;
*12AQ-J1~36~H1;;r;;;;;00.33.35;4;6;1;1;5305;;16;12;9;3;13;5;4;5;18;13;7;8;
a18BQ+~~~~3~~1;;;;;;;00.33.35;4;6;1;1;5305;;16;12;9;3;13;5;4;5;18;13;7;8;
a15DH+;;;;;;;00.33.35;4;6;1;1;5305;;16;12;9;3;13;5;4;5;18;13;7;8;
a04EH+;;;;;;;00.33.35;4;6;1;1;5307;;16;12;9;3;13;5;4;5;18;13;7;8;
a05AH/G4~45~H2;s;p;;;;;00.33.38;4;6;1;1;5308;;16;12;9;3;13;5;4;5;18;13;7;8;
*12BH#~~~~2~~2;s;;;;;;00.33.38;4;6;1;1;5308;;16;12;9;3;13;5;4;5;18;13;7;8;
*p01:00;;;;;;;00.33.44;4;6;1;1;5311;;16;12;9;3;13;5;4;5;18;13;7;8;
*z5;;;;;;;00.33.44;4;5;1;1;5316;;12;9;3;13;5;16;4;5;18;13;7;8;
*12SQ!~~~51~~~N;;;;;;;00.33.58;4;5;1;1;5330;;12;9;3;13;5;16;4;5;18;13;7;8;
a05RQ!~~~51~~~~32;;;;;;;00.33.58;4;5;1;1;5330;;12;9;3;13;5;16;4;5;18;13;7;8;
a04ET+K2B;;;;;;;00.33.58;4;5;1;1;5330;;12;9;3;13;5;16;4;5;18;13;7;8;
a05AT/W2~25~H2;p;r;;;;;00.34.04;4;5;1;1;5333;;12;9;3;13;5;16;4;5;18;13;7;8;
*03BT#~~~~4~~2;p;;;;;;00.34.04;4;5;1;1;5333;;12;9;3;13;5;16;4;5;18;13;7;8;
*p02:00;;;;;;;00.34.11;4;5;1;1;5336;;12;9;3;13;5;16;4;5;18;13;7;8;
*12SQ!~~~56;;;;;;;00.34.24;4;5;1;1;5357;;12;9;3;13;5;16;4;5;18;13;7;8;
a15RQ!~~~56~~~~32;;;;;;;00.34.24;4;5;1;1;5357;;12;9;3;13;5;16;4;5;18;13;7;8;
a04EQ+K2C;;;;;;;00.34.24;4;5;1;1;5357;;12;9;3;13;5;16;4;5;18;13;7;8;
a18AQ+J2~31~H1;;r;;;;;00.34.30;4;5;1;1;5360;;12;9;3;13;5;16;4;5;18;13;7;8;
*05DQ/~~~31;;;;;;;00.34.30;4;5;1;1;5360;;12;9;3;13;5;16;4;5;18;13;7;8;
a15FH=;p;;;;;;00.34.34;4;5;1;1;5361;;12;9;3;13;5;16;4;5;18;13;7;8;
*$$&H#;p;;;;;;00.34.34;4;5;1;1;5361;;12;9;3;13;5;16;4;5;18;13;7;8;
*p03:00;;;;;;;00.34.36;4;5;1;1;5364;;12;9;3;13;5;16;4;5;18;13;7;8;
*12SQ-~~~56;;;;;;;00.34.59;4;5;1;1;5392;;12;9;3;13;5;16;4;5;18;13;7;8;
a15RQ+~~~56~~~~32;;;;;;;00.34.59;4;5;1;1;5392;;12;9;3;13;5;16;4;5;18;13;7;8;
a04ET#K2F;;;;;;;00.34.59;4;5;1;1;5392;;12;9;3;13;5;16;4;5;18;13;7;8;
a13AT=W4~45~H1S;p;r;;;;;00.35.04;4;5;1;1;5395;;12;9;3;13;5;16;4;5;18;13;7;8;
*$$&H#;p;;;;;;00.35.04;4;5;1;1;5395;;12;9;3;13;5;16;4;5;18;13;7;8;
*p04:00;;;;;;;00.35.07;4;5;1;1;5398;;12;9;3;13;5;16;4;5;18;13;7;8;
aT;;;;;;;00.35.07;4;5;1;1;5399;;12;9;3;13;5;16;4;5;18;13;7;8;
*12SQ-~~~51;;;;;;;00.36.09;4;5;1;1;5462;;12;9;3;13;5;16;4;5;18;13;7;8;
a05RQ#~~~51;;;;;;;00.36.09;4;5;1;1;5462;;12;9;3;13;5;16;4;5;18;13;7;8;
a04EQ#K2C;;;;;;;00.36.09;4;5;1;1;5462;;12;9;3;13;5;16;4;5;18;13;7;8;
a18AQ+J2~31~H1;;r;;;;;00.36.14;4;5;1;1;5465;;12;9;3;13;5;16;4;5;18;13;7;8;
*05DQ/~~~31;;;;;;;00.36.14;4;5;1;1;5465;;12;9;3;13;5;16;4;5;18;13;7;8;
a04ET+;;;;;;;00.36.14;4;5;1;1;5467;;12;9;3;13;5;16;4;5;18;13;7;8;
a05AT=W2~25~H2S;p;s;;;;;00.36.18;4;5;1;1;5468;;12;9;3;13;5;16;4;5;18;13;7;8;
*$$&H#;p;;;;;;00.36.18;4;5;1;1;5468;;12;9;3;13;5;16;4;5;18;13;7;8;
*p05:00;;;;;;;00.36.28;4;5;1;1;5472;;12;9;3;13;5;16;4;5;18;13;7;8;
*12SQ-~~~56;;;;;;;00.36.36;4;5;1;1;5489;;12;9;3;13;5;16;4;5;18;13;7;8;
a15RQ#~~~56;;;;;;;00.36.36;4;5;1;1;5489;;12;9;3;13;5;16;4;5;18;13;7;8;
a04ET#K1F;;;;;;;00.36.36;4;5;1;1;5489;;12;9;3;13;5;16;4;5;18;13;7;8;
a13AT#W4~41~H1S;s;r;;;;;00.36.43;4;5;1;1;5492;;12;9;3;13;5;16;4;5;18;13;7;8;
*09BT=~~~~2~~1S;s;;;;;;00.36.43;4;5;1;1;5492;;12;9;3;13;5;16;4;5;18;13;7;8;
ap05:01;;;;;;;00.36.47;4;5;1;1;5495;;12;9;3;13;5;16;4;5;18;13;7;8;
az6;;;;;;;00.36.47;4;5;6;1;5499;;12;9;3;13;5;16;5;18;13;7;8;4;
a05SQ!~~~65;;;;;;;00.37.00;4;5;6;1;5512;;12;9;3;13;5;16;5;18;13;7;8;4;
*03RQ!~~~65~~~~32;;;;;;;00.37.00;4;5;6;1;5512;;12;9;3;13;5;16;5;18;13;7;8;4;
*05ET+K8B;;;;;;;00.37.00;4;5;6;1;5512;;12;9;3;13;5;16;5;18;13;7;8;4;
*09AT#W2~26~H2F;s;r;;;;;00.37.06;4;5;6;1;5515;;12;9;3;13;5;16;5;18;13;7;8;4;
a18BT=~~~~4~~2F;s;;;;;;00.37.06;4;5;6;1;5515;;12;9;3;13;5;16;5;18;13;7;8;4;
*p06:01;;;;;;;00.37.11;4;5;6;1;5518;;12;9;3;13;5;16;5;18;13;7;8;4;
*z4;;;;;;;00.37.11;4;4;6;1;5523;;9;3;13;5;16;12;5;18;13;7;8;4;
*09SQ=~~~16~~~N;s;;;;;;00.37.21;4;4;6;1;5533;;9;3;13;5;16;12;5;18;13;7;8;4;
a$$&H#;s;;;;;;00.37.21;4;4;6;1;5533;;9;3;13;5;16;12;5;18;13;7;8;4;
ap06:02;;;;;;;00.37.24;4;4;6;1;5537;;9;3;13;5;16;12;5;18;13;7;8;4;
az5;;;;;;;00.37.24;4;4;5;1;5536;;9;3;13;5;16;12;18;13;7;8;4;5;
a18SM-~~~65;;;;;;;00.37.42;4;4;5;1;5554;;9;3;13;5;16;12;18;13;7;8;4;5;
*03RM#~~~65~O;;;;;;;00.37.42;4;4;5;1;5554;;9;3;13;5;16;12;18;13;7;8;4;5;
*05ET+K1B;;;;;;;00.37.42;4;4;5;1;5554;;9;3;13;5;16;12;18;13;7;8;4;5;
*09AT#Y9~95~H2;s;r;;;;;00.37.48;4;4;5;1;5557;;9;3;13;5;16;12;18;13;7;8;4;5;
a05DT=~~~95;s;;;;;;00.37.48;4;4;5;1;5557;;9;3;13;5;16;12;18;13;7;8;4;5;
*p07:02;;;;;;;00.37.54;4;4;5;1;5560;;9;3;13;5;16;12;18;13;7;8;4;5;
*z3;;;;;;;00.37.54;4;3;5;1;5566;;3;13;5;16;12;9;18;13;7;8;4;5;
*03SM-~~~11;;;;;;;00.38.32;4;3;5;1;5604;;3;13;5;16;12;9;18;13;7;8;4;5;
a15RM+~~~11~~~~21;;;;;;;00.38.32;4;3;5;1;5604;;3;13;5;16;12;9;18;13;7;8;4;5;
a04ET#K2B;;;;;;;00.38.32;4;3;5;1;5604;;3;13;5;16;12;9;18;13;7;8;4;5;
a13AT#W2~29~H1;s;r;;;;;00.38.36;4;3;5;1;5607;;3;13;5;16;12;9;18;13;7;8;4;5;
*05DT=~~~29;s;;;;;;00.38.36;4;3;5;1;5607;;3;13;5;16;12;9;18;13;7;8;4;5;
ap07:03;;;;;;;00.38.42;4;3;5;1;5610;;3;13;5;16;12;9;18;13;7;8;4;5;
az4;;;;;;;00.38.42;4;3;4;1;5614;;3;13;5;16;12;9;13;7;8;4;5;18;
a13SM!~~~15;;;;;;;00.39.03;4;3;4;1;5635;;3;13;5;16;12;9;13;7;8;4;5;18;
*18RM!~~~15~O~~32;;;;;;;00.39.03;4;3;4;1;5635;;3;13;5;16;12;9;13;7;8;4;5;18;
*05ET+K8F;;;;;;;00.39.03;4;3;4;1;5635;;3;13;5;16;12;9;13;7;8;4;5;18;
*16AT#W4~45~H2S;s;r;;;;;00.39.08;4;3;4;1;5638;;3;13;5;16;12;9;13;7;8;4;5;18;
a08BT=~~~~2~~2S;s;;;;;;00.39.08;4;3;4;1;5638;;3;13;5;16;12;9;13;7;8;4;5;18;
*p08:03;;;;;;;00.39.12;4;3;4;1;5642;;3;13;5;16;12;9;13;7;8;4;5;18;
*z2;;;;;;;00.39.12;4;2;4;1;5644;;13;5;16;12;9;3;13;7;8;4;5;18;
*13SM-~~~51;;;;;;;00.39.30;4;2;4;1;5663;;13;5;16;12;9;3;13;7;8;4;5;18;
a15RM#~~~51;;;;;;;00.39.30;4;2;4;1;5663;;13;5;16;12;9;3;13;7;8;4;5;18;
a04ET+K1F;;;;;;;00.39.30;4;2;4;1;5663;;13;5;16;12;9;3;13;7;8;4;5;18;
a07AT-W4~45~H2;;r;;;;;00.39.36;4;2;4;1;5666;;13;5;16;12;9;3;13;7;8;4;5;18;
*12BT+~~~~2~~2;;;;;;;00.39.36;4;2;4;1;5666;;13;5;16;12;9;3;13;7;8;4;5;18;
*03DH+;;;;;;;00.39.38;4;2;4;1;5666;;13;5;16;12;9;3;13;7;8;4;5;18;
*05ET+;;;;;;;00.39.38;4;2;4;1;5668;;13;5;16;12;9;3;13;7;8;4;5;18;
*16AT#W4~42~T2;p;p;;;;;00.39.39;4;2;4;1;5669;;13;5;16;12;9;3;13;7;8;4;5;18;
a04DT=~~~42;p;;;;;;00.39.39;4;2;4;1;5669;;13;5;16;12;9;3;13;7;8;4;5;18;
*p09:03;;;;;;;00.39.49;4;2;4;1;5673;;13;5;16;12;9;3;13;7;8;4;5;18;
*13SM-~~~55;;;;;;;00.40.05;4;2;4;1;5697;;13;5;16;12;9;3;13;7;8;4;5;18;
a05RM#~~~55;;;;;;;00.40.05;4;2;4;1;5697;;13;5;16;12;9;3;13;7;8;4;5;18;
a04ET+K1F;;;;;;;00.40.14;4;2;4;1;5697;;13;5;16;12;9;3;13;7;8;4;5;18;
a07AT-W4~47~H2;;r;;;;;00.40.10;4;2;4;1;5700;;13;5;16;12;9;3;13;7;8;4;5;18;
*13DT+~~~47;;;;;;;00.40.10;4;2;4;1;5700;;13;5;16;12;9;3;13;7;8;4;5;18;
*09EH/~~~~4;;;;;;;00.40.19;4;2;4;1;5702;;13;5;16;12;9;3;13;7;8;4;5;18;
a07AH-G4~45~H2;;s;;;;;00.40.17;4;2;4;1;5703;;13;5;16;12;9;3;13;7;8;4;5;18;
*13DH+~~~45;;;;;;;00.40.17;4;2;4;1;5703;;13;5;16;12;9;3;13;7;8;4;5;18;
*03EH+~~~~4;;;;;;;00.40.17;4;2;4;1;5705;;13;5;16;12;9;3;13;7;8;4;5;18;
*16AH=G4~4~~H2N;s;p;;;;;00.40.21;4;2;4;1;5706;;13;5;16;12;9;3;13;7;8;4;5;18;
a$$&H#;s;;;;;;00.40.21;4;2;4;1;5706;;13;5;16;12;9;3;13;7;8;4;5;18;
ap09:04;;;;;;;00.40.24;4;2;4;1;5716;;13;5;16;12;9;3;13;7;8;4;5;18;
az3;;;;;;;00.40.24;4;2;3;1;5716;;13;5;16;12;9;3;7;8;4;5;18;13;
a07SQ-~~~11;;;;;;;00.40.42;4;2;3;1;5732;;13;5;16;12;9;3;7;8;4;5;18;13;
*18RQ+~~~11~~~~21;;;;;;;00.40.42;4;2;3;1;5732;;13;5;16;12;9;3;7;8;4;5;18;13;
*05ET+K1B;;;;;;;00.40.42;4;2;3;1;5732;;13;5;16;12;9;3;7;8;4;5;18;13;
*09AT=Y9~9~~H2N;p;r;;;;;00.40.46;4;2;3;1;5735;;13;5;16;12;9;3;7;8;4;5;18;13;
a$$&H#;p;;;;;;00.40.46;4;2;3;1;5735;;13;5;16;12;9;3;7;8;4;5;18;13;
ap09:05;;;;;;;00.40.52;4;2;3;1;5738;;13;5;16;12;9;3;7;8;4;5;18;13;
a07SQ-~~~16;;;;;;;00.41.08;4;2;3;1;5760;;13;5;16;12;9;3;7;8;4;5;18;13;
*03RQ#~~~16;;;;;;;00.41.08;4;2;3;1;5760;;13;5;16;12;9;3;7;8;4;5;18;13;
*05EQ+K1C;;;;;;;00.41.08;4;2;3;1;5760;;13;5;16;12;9;3;7;8;4;5;18;13;
*12AQ-J1~36~H1;;r;;;;;00.41.13;4;2;3;1;5763;;13;5;16;12;9;3;7;8;4;5;18;13;
a07DQ+~~~36;;;;;;;00.41.13;4;2;3;1;5763;;13;5;16;12;9;3;7;8;4;5;18;13;
a08EH+~~~~2;;;;;;;00.41.17;4;2;3;1;5764;;13;5;16;12;9;3;7;8;4;5;18;13;
a04AH-G2~22~T1;;p;;;;;00.41.17;4;2;3;1;5765;;13;5;16;12;9;3;7;8;4;5;18;13;
*05DH+~~~22;;;;;;;00.41.17;4;2;3;1;5765;;13;5;16;12;9;3;7;8;4;5;18;13;
*05ET#;;;;;;;00.41.17;4;2;3;1;5767;;13;5;16;12;9;3;7;8;4;5;18;13;
*16AT#W4~47~H1;s;s;;;;;00.41.19;4;2;3;1;5768;;13;5;16;12;9;3;7;8;4;5;18;13;
a$$&H=;s;;;;;;00.41.19;4;2;3;1;5768;;13;5;16;12;9;3;7;8;4;5;18;13;
*p10:05;;;;;;;00.41.24;4;2;3;1;5771;;13;5;16;12;9;3;7;8;4;5;18;13;
*z1;;;;;;;00.41.24;4;1;3;1;5776;;5;16;12;9;3;13;7;8;4;5;18;13;
*05SM!~~~11;;;;;;;00.41.38;4;1;3;1;5790;;5;16;12;9;3;13;7;8;4;5;18;13;
a07RM!~~~11~O~~32;;;;;;;00.41.38;4;1;3;1;5790;;5;16;12;9;3;13;7;8;4;5;18;13;
a04ET+K3F;;;;;;;00.41.38;4;1;3;1;5790;;5;16;12;9;3;13;7;8;4;5;18;13;
a05AT#W4~47~H2S;s;r;;;;;00.41.44;4;1;3;1;5793;;5;16;12;9;3;13;7;8;4;5;18;13;
*12BT=~~~~2~~2S;s;;;;;;00.41.44;4;1;3;1;5793;;5;16;12;9;3;13;7;8;4;5;18;13;
ap10:06;;;;;;;00.41.50;4;1;3;1;5797;;5;16;12;9;3;13;7;8;4;5;18;13;
az2;;;;;;;00.41.50;4;1;2;1;5802;;5;16;12;9;3;13;8;4;5;18;13;7;
a08SQ=~~~15C~~L;s;;;;;;00.42.05;4;1;2;1;5817;;5;16;12;9;3;13;8;4;5;18;13;7;
*$$&H#;s;;;;;;00.42.05;4;1;2;1;5817;;5;16;12;9;3;13;8;4;5;18;13;7;
*p11:06;;;;;;;00.42.10;4;1;2;1;5821;;5;16;12;9;3;13;8;4;5;18;13;7;
*z6;;;;;;;00.42.10;4;6;2;1;5822;;16;12;9;3;13;5;8;4;5;18;13;7;
*16SQ!~~~11;;;;;;;00.42.22;4;6;2;1;5834;;16;12;9;3;13;5;8;4;5;18;13;7;
a15RQ!~~~11~~~~21;;;;;;;00.42.22;4;6;2;1;5834;;16;12;9;3;13;5;8;4;5;18;13;7;
a04EQ+KBC~~~~~~K2;;;;;;;00.42.22;4;6;2;1;5834;;16;12;9;3;13;5;8;4;5;18;13;7;
a18AQ+J2~33~T2;;r;;;;;00.42.27;4;6;2;1;5837;;16;12;9;3;13;5;8;4;5;18;13;7;
*12BQ-~~~~3~~2;;;;;;;00.42.27;4;6;2;1;5837;;16;12;9;3;13;5;8;4;5;18;13;7;
a04EH+;;;;;;;00.42.27;4;6;2;1;5839;;16;12;9;3;13;5;8;4;5;18;13;7;
a05AH#G4~41~H2;s;s;;;;;00.42.30;4;6;2;1;5840;;16;12;9;3;13;5;8;4;5;18;13;7;
*05DH=~~~41;s;;;;;;00.42.30;4;6;2;1;5840;;16;12;9;3;13;5;8;4;5;18;13;7;
ap11:07;;;;;;;00.42.39;4;6;2;1;5844;;16;12;9;3;13;5;8;4;5;18;13;7;
az1;;;;;;;00.42.39;4;6;1;1;5851;;16;12;9;3;13;5;4;5;18;13;7;8;
a04SQ-~~~11;;;;;;;00.42.59;4;6;1;1;5871;;16;12;9;3;13;5;4;5;18;13;7;8;
*18RQ#~~~11;;;;;;;00.42.59;4;6;1;1;5871;;16;12;9;3;13;5;4;5;18;13;7;8;
*05EQ#K2C;;;;;;;00.42.59;4;6;1;1;5871;;16;12;9;3;13;5;4;5;18;13;7;8;
*12AQ#J2~36~H1;s;r;;;;;00.43.05;4;6;1;1;5874;;16;12;9;3;13;5;4;5;18;13;7;8;
a$$&H=;s;;;;;;00.43.05;4;6;1;1;5874;;16;12;9;3;13;5;4;5;18;13;7;8;
*p12:07;;;;;;;00.43.08;4;6;1;1;5878;;16;12;9;3;13;5;4;5;18;13;7;8;
*z5;;;;;;;00.43.08;4;5;1;1;5880;;12;9;3;13;5;16;4;5;18;13;7;8;
*12SQ=~~~56D~~O;s;;;;;;00.43.28;4;5;1;1;5901;;12;9;3;13;5;16;4;5;18;13;7;8;
a$$&H#;s;;;;;;00.43.28;4;5;1;1;5901;;12;9;3;13;5;16;4;5;18;13;7;8;
ap12:08;;;;;;;00.43.33;4;5;1;1;5906;;12;9;3;13;5;16;4;5;18;13;7;8;
az6;;;;;;;00.43.33;4;5;6;1;5905;;12;9;3;13;5;16;5;18;13;7;8;4;
a05SQ#~~~56C;p;;;;;;00.43.47;4;5;6;1;5919;;12;9;3;13;5;16;5;18;13;7;8;4;
*16RQ=~~~56CL;p;;;;;;00.43.47;4;5;6;1;5919;;12;9;3;13;5;16;5;18;13;7;8;4;
ap12:09;;;;;;;00.43.54;4;5;6;1;5923;;12;9;3;13;5;16;5;18;13;7;8;4;
a05SQ-~~~55;;;;;;;00.44.08;4;5;6;1;5939;;12;9;3;13;5;16;5;18;13;7;8;4;
*03RQ#~~~55;;;;;;;00.44.08;4;5;6;1;5939;;12;9;3;13;5;16;5;18;13;7;8;4;
*05ET#K1B;;;;;;;00.44.08;4;5;6;1;5939;;12;9;3;13;5;16;5;18;13;7;8;4;
*09AT#W2~25~H1F;s;r;;;;;00.44.13;4;5;6;1;5942;;12;9;3;13;5;16;5;18;13;7;8;4;
a07BT=~~~~4~~1F;s;;;;;;00.44.13;4;5;6;1;5942;;12;9;3;13;5;16;5;18;13;7;8;4;
*p13:09;;;;;;;00.44.19;4;5;6;1;5945;;12;9;3;13;5;16;5;18;13;7;8;4;
*z4;;;;;;;00.44.19;4;4;6;1;5951;;9;3;13;5;16;12;5;18;13;7;8;4;
*09SQ-~~~15;;;;;;;00.44.39;4;4;6;1;5971;;9;3;13;5;16;12;5;18;13;7;8;4;
a07RQ+~~~15~~~~32;;;;;;;00.44.39;4;4;6;1;5971;;9;3;13;5;16;12;5;18;13;7;8;4;
a04ET#K1F;;;;;;;00.44.39;4;4;6;1;5971;;9;3;13;5;16;12;5;18;13;7;8;4;
a07AT=W4~46DH1O;p;r;;;;;00.44.45;4;4;6;1;5974;;9;3;13;5;16;12;5;18;13;7;8;4;
*$$&H#;p;;;;;;00.44.45;4;4;6;1;5974;;9;3;13;5;16;12;5;18;13;7;8;4;
*p14:09;;;;;;;00.44.48;4;4;6;1;5977;;9;3;13;5;16;12;5;18;13;7;8;4;
*09SQ-~~~16;;;;;;;00.45.04;4;4;6;1;5996;;9;3;13;5;16;12;5;18;13;7;8;4;
a15RQ+~~~16~~~~41;;;;;;;00.45.04;4;4;6;1;5996;;9;3;13;5;16;12;5;18;13;7;8;4;
a04ET+K3F;;;;;;;00.45.04;4;4;6;1;5996;;9;3;13;5;16;12;5;18;13;7;8;4;
a07AT-W4~42~T2;;r;;;;;00.45.10;4;4;6;1;5999;;9;3;13;5;16;12;5;18;13;7;8;4;
*09DT+~~~42;;;;;;;00.45.10;4;4;6;1;5999;;9;3;13;5;16;12;5;18;13;7;8;4;
*05ET+~~F;;;;;;;00.45.10;4;4;6;1;6001;;9;3;13;5;16;12;5;18;13;7;8;4;
*03AT-W4~46~H2;;p;;;;;00.45.12;4;4;6;1;6002;;9;3;13;5;16;12;5;18;13;7;8;4;
a13BT+~~~~2~~2;;;;;;;00.45.12;4;4;6;1;6002;;9;3;13;5;16;12;5;18;13;7;8;4;
a05DH+;;;;;;;00.45.15;4;4;6;1;6002;;9;3;13;5;16;12;5;18;13;7;8;4;
a04ET+~~P;;;;;;;00.45.15;4;4;6;1;6004;;9;3;13;5;16;12;5;18;13;7;8;4;
a05AT-Y8~83~T1;;s;;;;;00.45.16;4;4;6;1;6005;;9;3;13;5;16;12;5;18;13;7;8;4;
*13BT+~~~~3~~1;;;;;;;00.45.16;4;4;6;1;6005;;9;3;13;5;16;12;5;18;13;7;8;4;
a18FH=~~~~~~~~Z;p;;;;;;00.45.37;4;4;6;1;6009;;9;3;13;5;16;12;5;18;13;7;8;4;
*$$&H#;p;;;;;;00.45.37;4;4;6;1;6009;;9;3;13;5;16;12;5;18;13;7;8;4;
*p15:09;;;;;;;00.45.46;4;4;6;1;6012;;9;3;13;5;16;12;5;18;13;7;8;4;
aT;;;;;;;00.45.46;4;4;6;1;6038;;9;3;13;5;16;12;5;18;13;7;8;4;
*09SQ#~~~16;p;;;;;;00.46.31;4;4;6;1;6083;;9;3;13;5;16;12;5;18;13;7;8;4;
a15RQ=~~~16AR;p;;;;;;00.46.31;4;4;6;1;6083;;9;3;13;5;16;12;5;18;13;7;8;4;
*p16:09;;;;;;;00.46.42;4;4;6;1;6086;;9;3;13;5;16;12;5;18;13;7;8;4;
*09SQ=~~~11A~~O;s;;;;;;00.47.25;4;4;6;1;6137;;9;3;13;5;16;12;5;18;13;7;8;4;
a$$&H#;s;;;;;;00.47.25;4;4;6;1;6137;;9;3;13;5;16;12;5;18;13;7;8;4;
ap16:10;;;;;;;00.47.29;4;4;6;1;6141;;9;3;13;5;16;12;5;18;13;7;8;4;
az5;;;;;;;00.47.29;4;4;5;1;6141;;9;3;13;5;16;12;18;13;7;8;4;5;
a18SM-~~~65;;;;;;;00.47.51;4;4;5;1;6161;;9;3;13;5;16;12;18;13;7;8;4;5;
*03RM#~~~65~O;;;;;;;00.47.51;4;4;5;1;6161;;9;3;13;5;16;12;18;13;7;8;4;5;
*05ET+K1F;;;;;;;00.47.51;4;4;5;1;6161;;9;3;13;5;16;12;18;13;7;8;4;5;
*03AT#W4~43~T2;s;r;;;;;00.47.54;4;4;5;1;6164;;9;3;13;5;16;12;18;13;7;8;4;5;
a$$&H=;s;;;;;;00.47.54;4;4;5;1;6164;;9;3;13;5;16;12;18;13;7;8;4;5;
*p17:10;;;;;;;00.47.58;4;4;5;1;6167;;9;3;13;5;16;12;18;13;7;8;4;5;
*z3;;;;;;;00.48.02;4;3;5;1;6174;;3;13;5;16;12;9;18;13;7;8;4;5;
*03SM-~~~16;;;;;;;00.48.14;4;3;5;1;6186;;3;13;5;16;12;9;18;13;7;8;4;5;
a15RM#~~~16;;;;;;;00.48.14;4;3;5;1;6186;;3;13;5;16;12;9;18;13;7;8;4;5;
a04ET+K1B;;;;;;;00.48.14;4;3;5;1;6186;;3;13;5;16;12;9;18;13;7;8;4;5;
a13AT-W2~26~H1;;r;;;;;00.48.19;4;3;5;1;6189;;3;13;5;16;12;9;18;13;7;8;4;5;
*16BT+~~~~4~~1;;;;;;;00.48.19;4;3;5;1;6189;;3;13;5;16;12;9;18;13;7;8;4;5;
*05AO-JJ~33~T1;;p;;;;;00.48.23;4;3;5;1;6191;;3;13;5;16;12;9;18;13;7;8;4;5;
a08DO+~~~33;;;;;;;00.48.23;4;3;5;1;6191;;3;13;5;16;12;9;18;13;7;8;4;5;
a04EH#;;;;;;;00.48.23;4;3;5;1;6193;;3;13;5;16;12;9;18;13;7;8;4;5;
a07AH=G4~45~H1O;p;s;;;;;00.48.27;4;3;5;1;6194;;3;13;5;16;12;9;18;13;7;8;4;5;
*$$&H#;p;;;;;;00.48.27;4;3;5;1;6194;;3;13;5;16;12;9;18;13;7;8;4;5;
*p18:10;;;;;;;00.48.30;4;3;5;1;6200;;3;13;5;16;12;9;18;13;7;8;4;5;
ac07:16;;;;;;;00.48.30;4;3;5;1;6202;;3;13;5;16;12;9;18;13;16;8;4;5;
*03SM=~~~11D~~O;s;;;;;;00.48.52;4;3;5;1;6224;;3;13;5;16;12;9;18;13;16;8;4;5;
a$$&H#;s;;;;;;00.48.52;4;3;5;1;6224;;3;13;5;16;12;9;18;13;16;8;4;5;
ap18:11;;;;;;;00.48.59;4;3;5;1;6228;;3;13;5;16;12;9;18;13;16;8;4;5;
az4;;;;;;;00.48.59;4;3;4;1;6231;;3;13;5;16;12;9;13;16;8;4;5;18;
a13SM-~~~18;;;;;;;00.49.11;4;3;4;1;6242;;3;13;5;16;12;9;13;16;8;4;5;18;
*18RM#~~~18~O;;;;;;;00.49.11;4;3;4;1;6242;;3;13;5;16;12;9;13;16;8;4;5;18;
*05EQ#K3C;;;;;;;00.49.11;4;3;4;1;6242;;3;13;5;16;12;9;13;16;8;4;5;18;
*13AQ#J3~36~H1S;s;r;;;;;00.49.15;4;3;4;1;6245;;3;13;5;16;12;9;13;16;8;4;5;18;
a08BQ=~~~~3~~1S;s;;;;;;00.49.15;4;3;4;1;6245;;3;13;5;16;12;9;13;16;8;4;5;18;
*p19:11;;;;;;;00.49.20;4;3;4;1;6246;;3;13;5;16;12;9;13;16;8;4;5;18;
*z2;;;;;;;00.49.20;4;2;4;1;6252;;13;5;16;12;9;3;13;16;8;4;5;18;
*c16:01;;;;;;;00.49.20;4;2;4;1;6252;;13;5;1;12;9;3;13;16;8;4;5;18;
*13SM!~~~55;;;;;;;00.49.37;4;2;4;1;6269;;13;5;1;12;9;3;13;16;8;4;5;18;
a05RM!~~~55~~~~22;;;;;;;00.49.37;4;2;4;1;6269;;13;5;1;12;9;3;13;16;8;4;5;18;
a04EQ+KBC~~~~~~K2;;;;;;;00.49.37;4;2;4;1;6269;;13;5;1;12;9;3;13;16;8;4;5;18;
a08AQ=J2~3~~H1I;p;r;;;;;00.49.44;4;2;4;1;6272;;13;5;1;12;9;3;13;16;8;4;5;18;
*$$&H#;p;;;;;;00.49.44;4;2;4;1;6272;;13;5;1;12;9;3;13;16;8;4;5;18;
*p20:11;;;;;;;00.49.47;4;2;4;1;6276;;13;5;1;12;9;3;13;16;8;4;5;18;
*c12:15;;;;;;;00.49.47;4;2;4;1;6279;;13;5;1;15;9;3;13;16;8;4;5;18;
*13SM-~~~55;;;;;;;00.50.14;4;2;4;1;6306;;13;5;1;15;9;3;13;16;8;4;5;18;
a05RM+~~~55~~~~32;;;;;;;00.50.14;4;2;4;1;6306;;13;5;1;15;9;3;13;16;8;4;5;18;
a04ET+K2F;;;;;;;00.50.14;4;2;4;1;6306;;13;5;1;15;9;3;13;16;8;4;5;18;
a16AT/W4~46~H2;p;r;;;;;00.50.23;4;2;4;1;6309;;13;5;1;15;9;3;13;16;8;4;5;18;
*05BT#~~~~2~~2;p;;;;;;00.50.23;4;2;4;1;6309;;13;5;1;15;9;3;13;16;8;4;5;18;
*p21:11;;;;;;;00.50.28;4;2;4;1;6312;;13;5;1;15;9;3;13;16;8;4;5;18;
ac04:19;;;;;;;00.50.28;4;2;4;1;6320;;13;5;1;15;9;3;13;16;8;19;5;18;
ac13:11;;;;;;;00.50.28;4;2;4;1;6320;;13;5;1;15;9;3;11;16;8;19;5;18;
aP11;;;;;;;00.50.28;4;2;4;1;6320;;13;5;1;15;9;3;11;16;8;19;5;18;
az1;;;;;;;00.50.28;4;2;1;1;6320;;13;5;1;15;9;3;11;16;8;19;5;18;
*13SM-~~~51;;;;;;;00.50.57;4;2;1;1;6349;;13;5;1;15;9;3;11;16;8;19;5;18;
a15RM#~~~51;;;;;;;00.50.57;4;2;1;1;6349;;13;5;1;15;9;3;11;16;8;19;5;18;
a11ET+K1B;;;;;;;00.50.57;4;2;1;1;6349;;13;5;1;15;9;3;11;16;8;19;5;18;
a16AT#W2~25~H2S;s;r;;;;;00.51.02;4;2;1;1;6352;;13;5;1;15;9;3;11;16;8;19;5;18;
*01BT=~~~~4~~2S;s;;;;;;00.51.02;4;2;1;1;6352;;13;5;1;15;9;3;11;16;8;19;5;18;
ap21:12;;;;;;;00.51.07;4;2;1;1;6355;;13;5;1;15;9;3;11;16;8;19;5;18;
az6;;;;;;;00.51.07;4;2;6;1;6359;;13;5;1;15;9;3;16;8;19;5;18;11;
a16SQ!~~~16;;;;;;;00.51.22;4;2;6;1;6374;;13;5;1;15;9;3;16;8;19;5;18;11;
*03RQ!~~~16~~~~32;;;;;;;00.51.22;4;2;6;1;6374;;13;5;1;15;9;3;16;8;19;5;18;11;
*05EQ#K8C;;;;;;;00.51.22;4;2;6;1;6374;;13;5;1;15;9;3;16;8;19;5;18;11;
*15AQ=J1~35CH1S;p;r;;;;;00.51.27;4;2;6;1;6377;;13;5;1;15;9;3;16;8;19;5;18;11;
a$$&H#;p;;;;;;00.51.27;4;2;6;1;6377;;13;5;1;15;9;3;16;8;19;5;18;11;
ap21:13;;;;;;;00.51.35;4;2;6;1;6380;;13;5;1;15;9;3;16;8;19;5;18;11;
a16SQ-~~~11;;;;;;;00.51.47;4;2;6;1;6399;;13;5;1;15;9;3;16;8;19;5;18;11;
*18RQ#~~~11;;;;;;;00.51.47;4;2;6;1;6399;;13;5;1;15;9;3;16;8;19;5;18;11;
*05EQ+K1C;;;;;;;00.51.47;4;2;6;1;6399;;13;5;1;15;9;3;16;8;19;5;18;11;
*15AQ#J1~36~H2S;s;r;;;;;00.51.52;4;2;6;1;6402;;13;5;1;15;9;3;16;8;19;5;18;11;
a08BQ=~~~~3~~2S;s;;;;;;00.51.52;4;2;6;1;6402;;13;5;1;15;9;3;16;8;19;5;18;11;
*p22:13;;;;;;;00.51.56;4;2;6;1;6405;;13;5;1;15;9;3;16;8;19;5;18;11;
*z1;;;;;;;00.51.57;4;1;6;1;6409;;5;1;15;9;3;13;16;8;19;5;18;11;
*05SM-~~~16;;;;;;;00.52.11;4;1;6;1;6423;;5;1;15;9;3;13;16;8;19;5;18;11;
a15RM+~~~16~~~~32;;;;;;;00.52.11;4;1;6;1;6423;;5;1;15;9;3;13;16;8;19;5;18;11;
a11ET+K1B;;;;;;;00.52.20;4;1;6;1;6423;;5;1;15;9;3;13;16;8;19;5;18;11;
a19AT+W2~21~H2;;r;;;;;00.52.17;4;1;6;1;6426;;5;1;15;9;3;13;16;8;19;5;18;11;
*15BT-~~~~4~~2;;;;;;;00.52.17;4;1;6;1;6426;;5;1;15;9;3;13;16;8;19;5;18;11;
a11DH+;;;;;;;00.52.19;4;1;6;1;6426;;5;1;15;9;3;13;16;8;19;5;18;11;
a11EH+;;;;;;;00.52.19;4;1;6;1;6426;;5;1;15;9;3;13;16;8;19;5;18;11;
a08EH+~~~~2;;;;;;;00.52.19;4;1;6;1;6426;;5;1;15;9;3;13;16;8;19;5;18;11;
a11EH+~~B;;;;;;;00.52.19;4;1;6;1;6428;;5;1;15;9;3;13;16;8;19;5;18;11;
a19AH+G2~26~H2;;s;;;;;00.52.22;4;1;6;1;6429;;5;1;15;9;3;13;16;8;19;5;18;11;
*01BH-~~~~4~~2;;;;;;;00.52.22;4;1;6;1;6429;;5;1;15;9;3;13;16;8;19;5;18;11;
a08DH+;;;;;;;00.52.24;4;1;6;1;6429;;5;1;15;9;3;13;16;8;19;5;18;11;
a11ET+~~F;;;;;;;00.52.24;4;1;6;1;6431;;5;1;15;9;3;13;16;8;19;5;18;11;
a05AT-W4~43~T1;;s;;;;;00.52.26;4;1;6;1;6432;;5;1;15;9;3;13;16;8;19;5;18;11;
*01DT+~~~43;;;;;;;00.52.26;4;1;6;1;6432;;5;1;15;9;3;13;16;8;19;5;18;11;
*05ET+~~F;;;;;;;00.52.26;4;1;6;1;6435;;5;1;15;9;3;13;16;8;19;5;18;11;
*01AT-W4~41~H2;;p;;;;;00.52.28;4;1;6;1;6436;;5;1;15;9;3;13;16;8;19;5;18;11;
a19BT+~~~~2~~2;;;;;;;00.52.28;4;1;6;1;6436;;5;1;15;9;3;13;16;8;19;5;18;11;
*15DH+;;;;;;;00.52.31;4;1;6;1;6436;;5;1;15;9;3;13;16;8;19;5;18;11;
*05ET+~~B;;;;;;;00.52.31;4;1;6;1;6438;;5;1;15;9;3;13;16;8;19;5;18;11;
*09AT#W2~22~H2;p;p;;;;;00.52.32;4;1;6;1;6439;;5;1;15;9;3;13;16;8;19;5;18;11;
a19DT=~~~22;p;;;;;;00.52.32;4;1;6;1;6439;;5;1;15;9;3;13;16;8;19;5;18;11;
*p23:13;;;;;;;00.52.40;4;1;6;1;6450;;5;1;15;9;3;13;16;8;19;5;18;11;
*c09:04;;;;;;;00.52.40;4;1;6;1;6452;;5;1;15;4;3;13;16;8;19;5;18;11;
*05SM-~~~16;;;;;;;00.53.05;4;1;6;1;6477;;5;1;15;4;3;13;16;8;19;5;18;11;
a15RM#~~~16;;;;;;;00.53.05;4;1;6;1;6477;;5;1;15;4;3;13;16;8;19;5;18;11;
a11EQ#K1C;;;;;;;00.53.05;4;1;6;1;6477;;5;1;15;4;3;13;16;8;19;5;18;11;
a08AQ#J1~38DH1;s;r;;;;;00.53.11;4;1;6;1;6480;;5;1;15;4;3;13;16;8;19;5;18;11;
*$$&H=;s;;;;;;00.53.11;4;1;6;1;6480;;5;1;15;4;3;13;16;8;19;5;18;11;
ap23:14;;;;;;;00.53.14;4;1;6;1;6483;;5;1;15;4;3;13;16;8;19;5;18;11;
az5;;;;;;;00.53.14;4;1;5;1;6486;;5;1;15;4;3;13;8;19;5;18;11;16;
a08SQ!~~~15;;;;;;;00.53.39;4;1;5;1;6511;;5;1;15;4;3;13;8;19;5;18;11;16;
*03RQ!~~~15~~~~32;;;;;;;00.53.39;4;1;5;1;6511;;5;1;15;4;3;13;8;19;5;18;11;16;
*05ET+K8F;;;;;;;00.53.39;4;1;5;1;6511;;5;1;15;4;3;13;8;19;5;18;11;16;
*04AT=W4~46~H2O;p;r;;;;;00.53.43;4;1;5;1;6514;;5;1;15;4;3;13;8;19;5;18;11;16;
a$$&H#;p;;;;;;00.53.43;4;1;5;1;6514;;5;1;15;4;3;13;8;19;5;18;11;16;
ap23:15;;;;;;;00.53.47;4;1;5;1;6517;;5;1;15;4;3;13;8;19;5;18;11;16;
a08SQ-~~~18~~~N;;;;;;;00.54.04;4;1;5;1;6536;;5;1;15;4;3;13;8;19;5;18;11;16;
*18RQ+~~~18~~~~21;;;;;;;00.54.04;4;1;5;1;6536;;5;1;15;4;3;13;8;19;5;18;11;16;
*05ET+KBF;;;;;;;00.54.04;4;1;5;1;6536;;5;1;15;4;3;13;8;19;5;18;11;16;
*04AT-W4~46~H2;;r;;;;;00.54.09;4;1;5;1;6539;;5;1;15;4;3;13;8;19;5;18;11;16;
a19BT+~~~~2~~2;;;;;;;00.54.09;4;1;5;1;6539;;5;1;15;4;3;13;8;19;5;18;11;16;
a08DH+;;;;;;;00.54.11;4;1;5;1;6539;;5;1;15;4;3;13;8;19;5;18;11;16;
a11EH+;;;;;;;00.54.11;4;1;5;1;6541;;5;1;15;4;3;13;8;19;5;18;11;16;
a05AH/G4~42~T2;s;p;;;;;00.54.13;4;1;5;1;6542;;5;1;15;4;3;13;8;19;5;18;11;16;
*01BH#~~~~2~~2;s;;;;;;00.54.13;4;1;5;1;6542;;5;1;15;4;3;13;8;19;5;18;11;16;
*p24:15;;;;;;;00.54.21;4;1;5;1;6548;;5;1;15;4;3;13;8;19;5;18;11;16;
*z6;;;;;;;00.54.21;4;6;5;1;6553;;1;15;4;3;13;5;8;19;5;18;11;16;
*01SQ+~~~11;;;;;;;00.54.38;4;6;5;1;6570;;1;15;4;3;13;5;8;19;5;18;11;16;
a15RQ-~~~11;;;;;;;00.54.38;4;6;5;1;6570;;1;15;4;3;13;5;8;19;5;18;11;16;
a11EH+;;;;;;;00.54.38;4;6;5;1;6572;;1;15;4;3;13;5;8;19;5;18;11;16;
a05AH#G4~42~H2O;s;r;;;;;00.54.43;4;6;5;1;6573;;1;15;4;3;13;5;8;19;5;18;11;16;
*15BH=~~~~2~~2O;s;;;;;;00.54.43;4;6;5;1;6573;;1;15;4;3;13;5;8;19;5;18;11;16;
ap24:16;;;;;;;00.54.48;4;6;5;1;6577;;1;15;4;3;13;5;8;19;5;18;11;16;
az4;;;;;;;00.55.09;4;6;4;1;6601;;1;15;4;3;13;5;19;5;18;11;16;8;
a19SQ=~~~15~~~N;s;;;;;;00.55.27;4;6;4;1;6619;;1;15;4;3;13;5;19;5;18;11;16;8;
*$$&H#;s;;;;;;00.55.27;4;6;4;1;6619;;1;15;4;3;13;5;19;5;18;11;16;8;
*p25:16;;;;;;;00.55.30;4;6;4;1;6622;;1;15;4;3;13;5;19;5;18;11;16;8;
**4set;;;;;;;00.55.30;5;6;4;1;6622;;;;;;;;;;;;;;
