*P09>LUp;;;;;;;;1;1;1;;;;13;4;5;8;2;9;3;13;5;16;12;9;
*z6>LUp;;;;;;;;1;6;1;;;;13;4;5;8;2;9;3;13;5;16;12;9;
aP05>LUp;;;;;;;;1;6;1;;;;13;4;5;8;2;9;3;13;5;16;12;9;
az3>LUp;;;;;;;;1;6;3;;;;13;4;5;8;2;9;3;13;5;16;12;9;
*13SQ-~~~56A;;;;;;;22.36.12;1;6;3;1;205;;13;4;5;8;2;9;3;13;5;16;12;9;
a18RQ+~~~56A~~~21;;;;;;;22.36.12;1;6;3;1;205;;13;4;5;8;2;9;3;13;5;16;12;9;
a05EQ+K1C;;;;;;;22.36.12;1;6;3;1;205;;13;4;5;8;2;9;3;13;5;16;12;9;
a13AQ#J4~35~H2S;s;r;;;;;22.36.16;1;6;3;1;208;;13;4;5;8;2;9;3;13;5;16;12;9;
*08BQ=~~~~3~~2S;s;;;;;;22.36.16;1;6;3;1;208;;13;4;5;8;2;9;3;13;5;16;12;9;
ap00:01;;;;;;;22.36.22;1;6;3;1;212;;13;4;5;8;2;9;3;13;5;16;12;9;
az2;;;;;;;22.36.22;1;6;2;1;215;;13;4;5;8;2;9;13;5;16;12;9;3;
a13SQ-~~~65;;;;;;;22.36.41;1;6;2;1;234;;13;4;5;8;2;9;13;5;16;12;9;3;
*08RQ#~~~65~O;;;;;;;22.36.41;1;6;2;1;234;;13;4;5;8;2;9;13;5;16;12;9;3;
*09ET+K1F;;;;;;;22.36.41;1;6;2;1;234;;13;4;5;8;2;9;13;5;16;12;9;3;
*08AT-W4~45~H2;;r;;;;;22.36.46;1;6;2;1;237;;13;4;5;8;2;9;13;5;16;12;9;3;
a05BT+~~~~2~~2;;;;;;;22.36.46;1;6;2;1;237;;13;4;5;8;2;9;13;5;16;12;9;3;
*04DH-;;;;;;;22.36.46;1;6;2;1;237;;13;4;5;8;2;9;13;5;16;12;9;3;
*13EH-~~~~2;;;;;;;22.36.46;1;6;2;1;237;;13;4;5;8;2;9;13;5;16;12;9;3;
a05ET+;;;;;;;22.36.46;1;6;2;1;237;;13;4;5;8;2;9;13;5;16;12;9;3;
a16AT#W4~47~H2;p;p;;;;;22.36.55;1;6;2;1;240;;13;4;5;8;2;9;13;5;16;12;9;3;
*10DT=~~~47;p;;;;;;22.36.55;1;6;2;1;240;;13;4;5;8;2;9;13;5;16;12;9;3;
ap00:02;;;;;;;22.37.08;1;6;2;1;244;;13;4;5;8;2;9;13;5;16;12;9;3;
a13SQ-~~~66;;;;;;;22.37.17;1;6;2;1;270;;13;4;5;8;2;9;13;5;16;12;9;3;
*13RQ+~~~66~~~~32;;;;;;;22.37.17;1;6;2;1;270;;13;4;5;8;2;9;13;5;16;12;9;3;
*09ET+K1F;;;;;;;22.37.17;1;6;2;1;270;;13;4;5;8;2;9;13;5;16;12;9;3;
*08AT#W4~41DH2;s;r;;;;;22.37.23;1;6;2;1;273;;13;4;5;8;2;9;13;5;16;12;9;3;
a$$&H=;s;;;;;;22.37.23;1;6;2;1;273;;13;4;5;8;2;9;13;5;16;12;9;3;
*p01:02;;;;;;;22.37.27;1;6;2;1;277;;13;4;5;8;2;9;13;5;16;12;9;3;
*z5;;;;;;;22.37.27;1;5;2;1;280;;4;5;8;2;9;13;13;5;16;12;9;3;
*04SM-~~~15;;;;;;;22.37.40;1;5;2;1;293;;4;5;8;2;9;13;13;5;16;12;9;3;
a03RM+~~~15~O~~21;;;;;;;22.37.40;1;5;2;1;293;;4;5;8;2;9;13;13;5;16;12;9;3;
a05ET+K1B;;;;;;;22.37.40;1;5;2;1;293;;4;5;8;2;9;13;13;5;16;12;9;3;
a09AT#Y9~95~H1;s;r;;;;;22.37.45;1;5;2;1;296;;4;5;8;2;9;13;13;5;16;12;9;3;
*04DT=~~~95;s;;;;;;22.37.45;1;5;2;1;296;;4;5;8;2;9;13;13;5;16;12;9;3;
ap01:03;;;;;;;22.37.50;1;5;2;1;300;;4;5;8;2;9;13;13;5;16;12;9;3;
az1;;;;;;;22.37.50;1;5;1;1;303;;4;5;8;2;9;13;5;16;12;9;3;13;
a05SM-~~~17;;;;;;;22.38.00;1;5;1;1;314;;4;5;8;2;9;13;5;16;12;9;3;13;
*08RM+~~~17~O~~41;;;;;;;22.38.00;1;5;1;1;314;;4;5;8;2;9;13;5;16;12;9;3;13;
*09EQ+K1C;;;;;;;22.38.07;1;5;1;1;314;;4;5;8;2;9;13;5;16;12;9;3;13;
*02AQ-J4~31~H1;;r;;;;;22.38.05;1;5;1;1;317;;4;5;8;2;9;13;5;16;12;9;3;13;
a05DQ+~~~31;;;;;;;22.38.05;1;5;1;1;317;;4;5;8;2;9;13;5;16;12;9;3;13;
a18EH+~~F~4;;;;;;;22.38.11;1;5;1;1;317;;4;5;8;2;9;13;5;16;12;9;3;13;
a16AH-G4~45~H2;;p;;;;;22.38.09;1;5;1;1;320;;4;5;8;2;9;13;5;16;12;9;3;13;
*10DH+~~~45;;;;;;;22.38.09;1;5;1;1;320;;4;5;8;2;9;13;5;16;12;9;3;13;
*08EH+~~~~2;;;;;;;22.38.09;1;5;1;1;320;;4;5;8;2;9;13;5;16;12;9;3;13;
*05AH!G2~26~H2;;s;;;;;22.38.12;1;5;1;1;323;;4;5;8;2;9;13;5;16;12;9;3;13;
a12BH/~~~~4~~2;s;;;;;;22.38.12;1;5;1;1;323;;4;5;8;2;9;13;5;16;12;9;3;13;
*$$&H#;s;;;;;;22.38.12;1;5;1;1;323;;4;5;8;2;9;13;5;16;12;9;3;13;
*p02:03;;;;;;;22.38.19;1;5;1;1;327;;4;5;8;2;9;13;5;16;12;9;3;13;
*z4;;;;;;;22.38.19;1;4;1;1;332;;5;8;2;9;13;4;5;16;12;9;3;13;
*05SQ-~~~11;;;;;;;22.38.40;1;4;1;1;353;;5;8;2;9;13;4;5;16;12;9;3;13;
a18RQ+~~~11~~~~21;;;;;;;22.38.40;1;4;1;1;353;;5;8;2;9;13;4;5;16;12;9;3;13;
a05ET#K1B;;;;;;;22.38.40;1;4;1;1;353;;5;8;2;9;13;4;5;16;12;9;3;13;
a16AT#W2~21CH1;s;r;;;;;22.38.46;1;4;1;1;356;;5;8;2;9;13;4;5;16;12;9;3;13;
*$$&H=;s;;;;;;22.38.46;1;4;1;1;356;;5;8;2;9;13;4;5;16;12;9;3;13;
ap02:04;;;;;;;22.38.49;1;4;1;1;360;;5;8;2;9;13;4;5;16;12;9;3;13;
az6;;;;;;;22.38.49;1;4;6;1;362;;5;8;2;9;13;4;16;12;9;3;13;5;
a16SQ=~~~16~~~N;s;;;;;;22.39.02;1;4;6;1;375;;5;8;2;9;13;4;16;12;9;3;13;5;
*$$&H#;s;;;;;;22.39.02;1;4;6;1;375;;5;8;2;9;13;4;16;12;9;3;13;5;
*p03:04;;;;;;;22.39.05;1;4;6;1;378;;5;8;2;9;13;4;16;12;9;3;13;5;
*z3;;;;;;;22.39.05;1;3;6;1;378;;8;2;9;13;4;5;16;12;9;3;13;5;
*08SQ-~~~16;;;;;;;22.39.19;1;3;6;1;393;;8;2;9;13;4;5;16;12;9;3;13;5;
a18RQ#~~~16;;;;;;;22.39.19;1;3;6;1;393;;8;2;9;13;4;5;16;12;9;3;13;5;
a05ET+K1F;;;;;;;22.39.19;1;3;6;1;393;;8;2;9;13;4;5;16;12;9;3;13;5;
a03AT#W4~41~H2;s;r;;;;;22.39.24;1;3;6;1;396;;8;2;9;13;4;5;16;12;9;3;13;5;
*05DT=~~~41;s;;;;;;22.39.24;1;3;6;1;396;;8;2;9;13;4;5;16;12;9;3;13;5;
ap03:05;;;;;;;22.39.30;1;3;6;1;400;;8;2;9;13;4;5;16;12;9;3;13;5;
az5;;;;;;;22.39.30;1;3;5;1;403;;8;2;9;13;4;5;12;9;3;13;5;16;
a12SQ!~~~51;;;;;;;22.39.39;1;3;5;1;414;;8;2;9;13;4;5;12;9;3;13;5;16;
*08RQ!~~~51~~~~22;;;;;;;22.39.39;1;3;5;1;414;;8;2;9;13;4;5;12;9;3;13;5;16;
*09ET+KBB;;;;;;;22.39.48;1;3;5;1;414;;8;2;9;13;4;5;12;9;3;13;5;16;
*05AT-Y9~91~H2;;r;;;;;22.39.46;1;3;5;1;417;;8;2;9;13;4;5;12;9;3;13;5;16;
a05DT+~~~91;;;;;;;22.39.46;1;3;5;1;417;;8;2;9;13;4;5;12;9;3;13;5;16;
a12EH-~~~~4;;;;;;;22.39.46;1;3;5;1;417;;8;2;9;13;4;5;12;9;3;13;5;16;
*10FH+;;;;;;;22.39.52;1;3;5;1;420;;8;2;9;13;4;5;12;9;3;13;5;16;
*09ET#;;;;;;;22.39.52;1;3;5;1;420;;8;2;9;13;4;5;12;9;3;13;5;16;
*05AT#Y9~96CH0;s;s;;;;;22.39.54;1;3;5;1;423;;8;2;9;13;4;5;12;9;3;13;5;16;
a$$&H=;s;;;;;;22.39.54;1;3;5;1;423;;8;2;9;13;4;5;12;9;3;13;5;16;
*p04:05;;;;;;;22.39.58;1;3;5;1;427;;8;2;9;13;4;5;12;9;3;13;5;16;
*z2;;;;;;;22.39.58;1;2;5;1;431;;2;9;13;4;5;8;12;9;3;13;5;16;
*02SM=~~~16~~~N;s;;;;;;22.40.15;1;2;5;1;449;;2;9;13;4;5;8;12;9;3;13;5;16;
a$$&H#;s;;;;;;22.40.15;1;2;5;1;449;;2;9;13;4;5;8;12;9;3;13;5;16;
ap04:06;;;;;;;22.40.22;1;2;5;1;456;;2;9;13;4;5;8;12;9;3;13;5;16;
az4;;;;;;;22.40.22;1;2;4;1;455;;2;9;13;4;5;8;9;3;13;5;16;12;
a09SQ=~~~15~~~O;s;;;;;;22.40.33;1;2;4;1;467;;2;9;13;4;5;8;9;3;13;5;16;12;
*$$&H#;s;;;;;;22.40.33;1;2;4;1;467;;2;9;13;4;5;8;9;3;13;5;16;12;
*p05:06;;;;;;;22.40.38;1;2;4;1;472;;2;9;13;4;5;8;9;3;13;5;16;12;
*z1;;;;;;;22.40.38;1;1;4;1;471;;9;13;4;5;8;2;9;3;13;5;16;12;
*09SM-~~~17;;;;;;;22.40.52;1;1;4;1;486;;9;13;4;5;8;2;9;3;13;5;16;12;
a03RM#~~~17~O;;;;;;;22.40.52;1;1;4;1;486;;9;13;4;5;8;2;9;3;13;5;16;12;
a05ET+K1F;;;;;;;22.40.52;1;1;4;1;486;;9;13;4;5;8;2;9;3;13;5;16;12;
a03AT/W4~45~H2;p;r;;;;;22.40.56;1;1;4;1;489;;9;13;4;5;8;2;9;3;13;5;16;12;
*05BT#~~~~2~~2;p;;;;;;22.40.56;1;1;4;1;489;;9;13;4;5;8;2;9;3;13;5;16;12;
*p06:06;;;;;;;22.40.59;1;1;4;1;493;;9;13;4;5;8;2;9;3;13;5;16;12;
*09SM-~~~15;;;;;;;22.41.16;1;1;4;1;510;;9;13;4;5;8;2;9;3;13;5;16;12;
a03RM+~~~15~O~~32;;;;;;;22.41.16;1;1;4;1;510;;9;13;4;5;8;2;9;3;13;5;16;12;
a05EQ#K8C;;;;;;;22.41.16;1;1;4;1;510;;9;13;4;5;8;2;9;3;13;5;16;12;
a13AQ#J2~35~H1F;s;r;;;;;22.41.21;1;1;4;1;513;;9;13;4;5;8;2;9;3;13;5;16;12;
*04BQ=~~~~3~~1F;s;;;;;;22.41.21;1;1;4;1;513;;9;13;4;5;8;2;9;3;13;5;16;12;
ap06:07;;;;;;;22.41.24;1;1;4;1;517;;9;13;4;5;8;2;9;3;13;5;16;12;
az3;;;;;;;22.41.24;1;1;3;1;517;;9;13;4;5;8;2;3;13;5;16;12;9;
a03SM-~~~11;;;;;;;22.41.38;1;1;3;1;532;;9;13;4;5;8;2;3;13;5;16;12;9;
*13RM+~~~11~~~~32;;;;;;;22.41.38;1;1;3;1;532;;9;13;4;5;8;2;3;13;5;16;12;9;
*09EQ#K2C;;;;;;;22.41.38;1;1;3;1;532;;9;13;4;5;8;2;3;13;5;16;12;9;
*04AQ#J2~39DH1;s;r;;;;;22.41.43;1;1;3;1;535;;9;13;4;5;8;2;3;13;5;16;12;9;
a$$&H=;s;;;;;;22.41.43;1;1;3;1;535;;9;13;4;5;8;2;3;13;5;16;12;9;
*p07:07;;;;;;;22.41.46;1;1;3;1;539;;9;13;4;5;8;2;3;13;5;16;12;9;
*z6;;;;;;;22.41.46;1;6;3;1;539;;13;4;5;8;2;9;3;13;5;16;12;9;
*13SQ!~~~55;;;;;;;22.41.57;1;6;3;1;550;;13;4;5;8;2;9;3;13;5;16;12;9;
a16RQ!~~~55~~~~41;;;;;;;22.41.57;1;6;3;1;550;;13;4;5;8;2;9;3;13;5;16;12;9;
a05EQ#KFC;;;;;;;22.41.57;1;6;3;1;550;;13;4;5;8;2;9;3;13;5;16;12;9;
a13AQ#J3~37~H1;s;r;;;;;22.42.02;1;6;3;1;553;;13;4;5;8;2;9;3;13;5;16;12;9;
*$$&H=;s;;;;;;22.42.02;1;6;3;1;553;;13;4;5;8;2;9;3;13;5;16;12;9;
ap07:08;;;;;;;22.42.08;1;6;3;1;557;;13;4;5;8;2;9;3;13;5;16;12;9;
az2;;;;;;;22.42.08;1;6;2;1;561;;13;4;5;8;2;9;13;5;16;12;9;3;
a13SQ-~~~56;;;;;;;22.42.22;1;6;2;1;575;;13;4;5;8;2;9;13;5;16;12;9;3;
*10RQ#~~~56;;;;;;;22.42.22;1;6;2;1;575;;13;4;5;8;2;9;13;5;16;12;9;3;
*09EQ#K1C;;;;;;;22.42.22;1;6;2;1;575;;13;4;5;8;2;9;13;5;16;12;9;3;
*04AQ#J1~37~H1;s;r;;;;;22.42.25;1;6;2;1;578;;13;4;5;8;2;9;13;5;16;12;9;3;
a$$&H=;s;;;;;;22.42.25;1;6;2;1;578;;13;4;5;8;2;9;13;5;16;12;9;3;
*p08:08;;;;;;;22.42.27;1;6;2;1;582;;13;4;5;8;2;9;13;5;16;12;9;3;
*z5;;;;;;;22.42.27;1;5;2;1;580;;4;5;8;2;9;13;13;5;16;12;9;3;
*04SM-~~~17;;;;;;;22.42.43;1;5;2;1;597;;4;5;8;2;9;13;13;5;16;12;9;3;
a03RM+~~~17~~~~32;;;;;;;22.42.43;1;5;2;1;597;;4;5;8;2;9;13;13;5;16;12;9;3;
a05ET+K8B;;;;;;;22.42.43;1;5;2;1;597;;4;5;8;2;9;13;13;5;16;12;9;3;
a09AT#Y9~95~H2;s;r;;;;;22.42.49;1;5;2;1;600;;4;5;8;2;9;13;13;5;16;12;9;3;
*13DT=~~~95;s;;;;;;22.42.49;1;5;2;1;600;;4;5;8;2;9;13;13;5;16;12;9;3;
ap08:09;;;;;;;22.42.54;1;5;2;1;604;;4;5;8;2;9;13;13;5;16;12;9;3;
az1;;;;;;;22.42.54;1;5;1;1;607;;4;5;8;2;9;13;5;16;12;9;3;13;
a05SM-~~~15;;;;;;;22.43.05;1;5;1;1;617;;4;5;8;2;9;13;5;16;12;9;3;13;
*13RM#~~~15;;;;;;;22.43.05;1;5;1;1;617;;4;5;8;2;9;13;5;16;12;9;3;13;
*09ET+K2B;;;;;;;22.43.05;1;5;1;1;617;;4;5;8;2;9;13;5;16;12;9;3;13;
*05AT-W2~21~H2;;r;;;;;22.43.09;1;5;1;1;620;;4;5;8;2;9;13;5;16;12;9;3;13;
a12BT+~~~~4~~2;;;;;;;22.43.09;1;5;1;1;620;;4;5;8;2;9;13;5;16;12;9;3;13;
*05DH+;;;;;;;22.43.11;1;5;1;1;620;;4;5;8;2;9;13;5;16;12;9;3;13;
a18EH+~~B;;;;;;;22.43.11;1;5;1;1;620;;4;5;8;2;9;13;5;16;12;9;3;13;
a16AH+G2~21~H2;;p;;;;;22.43.14;1;5;1;1;623;;4;5;8;2;9;13;5;16;12;9;3;13;
*02BH-~~~~4~~2;;;;;;;22.43.14;1;5;1;1;623;;4;5;8;2;9;13;5;16;12;9;3;13;
a15DH+;;;;;;;22.43.14;1;5;1;1;623;;4;5;8;2;9;13;5;16;12;9;3;13;
a09AH-G4~48~T2;;p;;;;;22.43.17;1;5;1;1;626;;4;5;8;2;9;13;5;16;12;9;3;13;
*09DH+~~~48;;;;;;;22.43.17;1;5;1;1;626;;4;5;8;2;9;13;5;16;12;9;3;13;
*09EH+;;;;;;;22.43.17;1;5;1;1;626;;4;5;8;2;9;13;5;16;12;9;3;13;
*05AH#G2~25~H2S;s;s;;;;;22.43.20;1;5;1;1;630;;4;5;8;2;9;13;5;16;12;9;3;13;
a09BH=~~~~4~~2S;s;;;;;;22.43.20;1;5;1;1;630;;4;5;8;2;9;13;5;16;12;9;3;13;
*p09:09;;;;;;;22.43.25;1;5;1;1;634;;4;5;8;2;9;13;5;16;12;9;3;13;
*z4;;;;;;;22.43.25;1;4;1;1;638;;5;8;2;9;13;4;5;16;12;9;3;13;
*05SQ=~~~15~~~N;s;;;;;;22.43.53;1;4;1;1;666;;5;8;2;9;13;4;5;16;12;9;3;13;
a$$&H#;s;;;;;;22.43.53;1;4;1;1;666;;5;8;2;9;13;4;5;16;12;9;3;13;
ap09:10;;;;;;;22.43.57;1;4;1;1;670;;5;8;2;9;13;4;5;16;12;9;3;13;
az6;;;;;;;22.43.57;1;4;6;1;670;;5;8;2;9;13;4;16;12;9;3;13;5;
a16SQ!~~~16;;;;;;;22.44.07;1;4;6;1;681;;5;8;2;9;13;4;16;12;9;3;13;5;
*13RQ!~~~16~~~~42;;;;;;;22.44.07;1;4;6;1;681;;5;8;2;9;13;4;16;12;9;3;13;5;
*09ET+KFF~~~~~~K1;;;;;;;22.44.07;1;4;6;1;681;;5;8;2;9;13;4;16;12;9;3;13;5;
*08AT#W4~41~H2S;s;r;;;;;22.44.13;1;4;6;1;684;;5;8;2;9;13;4;16;12;9;3;13;5;
a09BT=~~~~2~~2S;s;;;;;;22.44.13;1;4;6;1;684;;5;8;2;9;13;4;16;12;9;3;13;5;
*p10:10;;;;;;;22.44.16;1;4;6;1;688;;5;8;2;9;13;4;16;12;9;3;13;5;
*z3;;;;;;;22.44.16;1;3;6;1;689;;8;2;9;13;4;5;16;12;9;3;13;5;
*08SM-~~~19;;;;;;;22.44.31;1;3;6;1;705;;8;2;9;13;4;5;16;12;9;3;13;5;
a18RM#~~~19~O;;;;;;;22.44.31;1;3;6;1;705;;8;2;9;13;4;5;16;12;9;3;13;5;
a05ET+K1B;;;;;;;22.44.31;1;3;6;1;705;;8;2;9;13;4;5;16;12;9;3;13;5;
a09AT#W2~21~H2;s;r;;;;;22.44.36;1;3;6;1;708;;8;2;9;13;4;5;16;12;9;3;13;5;
*05DT=~~~21;s;;;;;;22.44.36;1;3;6;1;708;;8;2;9;13;4;5;16;12;9;3;13;5;
ap10:11;;;;;;;22.44.40;1;3;6;1;712;;8;2;9;13;4;5;16;12;9;3;13;5;
az5;;;;;;;22.44.40;1;3;5;1;713;;8;2;9;13;4;5;12;9;3;13;5;16;
a12SQ=~~~51~~~O;s;;;;;;22.44.56;1;3;5;1;731;;8;2;9;13;4;5;12;9;3;13;5;16;
*$$&H#;s;;;;;;22.44.56;1;3;5;1;731;;8;2;9;13;4;5;12;9;3;13;5;16;
*p11:11;;;;;;;22.44.59;1;3;5;1;734;;8;2;9;13;4;5;12;9;3;13;5;16;
*z2;;;;;;;22.44.59;1;2;5;1;732;;2;9;13;4;5;8;12;9;3;13;5;16;
*02SM=~~~15A~~O;s;;;;;;22.45.15;1;2;5;1;749;;2;9;13;4;5;8;12;9;3;13;5;16;
a$$&H#;s;;;;;;22.45.15;1;2;5;1;749;;2;9;13;4;5;8;12;9;3;13;5;16;
ap11:12;;;;;;;22.45.21;1;2;5;1;755;;2;9;13;4;5;8;12;9;3;13;5;16;
az4;;;;;;;22.45.21;1;2;4;1;754;;2;9;13;4;5;8;9;3;13;5;16;12;
a09SM!~~~16;;;;;;;22.45.32;1;2;4;1;766;;2;9;13;4;5;8;9;3;13;5;16;12;
*08RM!~~~16~~~~21;;;;;;;22.45.32;1;2;4;1;766;;2;9;13;4;5;8;9;3;13;5;16;12;
*09ET+KEF;;;;;;;22.45.32;1;2;4;1;766;;2;9;13;4;5;8;9;3;13;5;16;12;
*13AT#W4~47~H2;s;r;;;;;22.45.37;1;2;4;1;769;;2;9;13;4;5;8;9;3;13;5;16;12;
a$$&H=;s;;;;;;22.45.37;1;2;4;1;769;;2;9;13;4;5;8;9;3;13;5;16;12;
*p12:12;;;;;;;22.45.39;1;2;4;1;773;;2;9;13;4;5;8;9;3;13;5;16;12;
*z1;;;;;;;22.45.39;1;1;4;1;772;;9;13;4;5;8;2;9;3;13;5;16;12;
*09SM-~~~17;;;;;;;22.45.57;1;1;4;1;792;;9;13;4;5;8;2;9;3;13;5;16;12;
a03RM+~~~17~O~~32;;;;;;;22.45.57;1;1;4;1;792;;9;13;4;5;8;2;9;3;13;5;16;12;
a05ET+K2B;;;;;;;22.45.57;1;1;4;1;792;;9;13;4;5;8;2;9;3;13;5;16;12;
a09AT!Y9~96~H2;;r;;;;;22.46.05;1;1;4;1;795;;9;13;4;5;8;2;9;3;13;5;16;12;
*04BT/~~~~4~~2;s;;;;;;22.46.05;1;1;4;1;795;;9;13;4;5;8;2;9;3;13;5;16;12;
a$$&H#;s;;;;;;22.46.05;1;1;4;1;795;;9;13;4;5;8;2;9;3;13;5;16;12;
ap12:13;;;;;;;22.46.09;1;1;4;1;799;;9;13;4;5;8;2;9;3;13;5;16;12;
az3;;;;;;;22.46.09;1;1;3;1;802;;9;13;4;5;8;2;3;13;5;16;12;9;
a03SM=~~~11A~~O;s;;;;;;22.46.20;1;1;3;1;814;;9;13;4;5;8;2;3;13;5;16;12;9;
*$$&H#;s;;;;;;22.46.20;1;1;3;1;814;;9;13;4;5;8;2;3;13;5;16;12;9;
*p13:13;;;;;;;22.46.25;1;1;3;1;819;;9;13;4;5;8;2;3;13;5;16;12;9;
*z6;;;;;;;22.46.25;1;6;3;1;818;;13;4;5;8;2;9;3;13;5;16;12;9;
*13SQ-~~~55;;;;;;;22.46.35;1;6;3;1;829;;13;4;5;8;2;9;3;13;5;16;12;9;
a18RQ#~~~55;;;;;;;22.46.35;1;6;3;1;829;;13;4;5;8;2;9;3;13;5;16;12;9;
a05ET+K1F;;;;;;;22.46.35;1;6;3;1;829;;13;4;5;8;2;9;3;13;5;16;12;9;
a16AT/W4~45~H2;p;r;;;;;22.46.41;1;6;3;1;832;;13;4;5;8;2;9;3;13;5;16;12;9;
*05BT#~~~~2~~2;p;;;;;;22.46.41;1;6;3;1;832;;13;4;5;8;2;9;3;13;5;16;12;9;
*p14:13;;;;;;;22.46.44;1;6;3;1;836;;13;4;5;8;2;9;3;13;5;16;12;9;
*13SQ+~~~58;;;;;;;22.46.59;1;6;3;1;853;;13;4;5;8;2;9;3;13;5;16;12;9;
a18RQ-~~~58;;;;;;;22.46.59;1;6;3;1;853;;13;4;5;8;2;9;3;13;5;16;12;9;
a05EQ+KCC~~~1;;;;;;;22.46.59;1;6;3;1;853;;13;4;5;8;2;9;3;13;5;16;12;9;
a13AQ+J4~33~T1;;r;;;;;22.47.06;1;6;3;1;856;;13;4;5;8;2;9;3;13;5;16;12;9;
*04DH+;;;;;;;22.47.06;1;6;3;1;856;;13;4;5;8;2;9;3;13;5;16;12;9;
*05EH+;;;;;;;22.47.06;1;6;3;1;856;;13;4;5;8;2;9;3;13;5;16;12;9;
*08AH#G4~45~H2S;p;p;;;;;22.47.09;1;6;3;1;859;;13;4;5;8;2;9;3;13;5;16;12;9;
a13BH=~~~~2~~2S;p;;;;;;22.47.09;1;6;3;1;859;;13;4;5;8;2;9;3;13;5;16;12;9;
*p15:13;;;;;;;22.47.12;1;6;3;1;863;;13;4;5;8;2;9;3;13;5;16;12;9;
*13SQ-~~~57;;;;;;;22.47.31;1;6;3;1;885;;13;4;5;8;2;9;3;13;5;16;12;9;
a16RQ+~~~57~~~~32;;;;;;;22.47.31;1;6;3;1;885;;13;4;5;8;2;9;3;13;5;16;12;9;
a05ET+K3F;;;;;;;22.47.31;1;6;3;1;885;;13;4;5;8;2;9;3;13;5;16;12;9;
a16AT-W4~48~T2;;r;;;;;22.47.38;1;6;3;1;888;;13;4;5;8;2;9;3;13;5;16;12;9;
*13DT+~~~48;;;;;;;22.47.38;1;6;3;1;888;;13;4;5;8;2;9;3;13;5;16;12;9;
*09EH+;;;;;;;22.47.38;1;6;3;1;888;;13;4;5;8;2;9;3;13;5;16;12;9;
*08AH#G4~46~H2O;p;p;;;;;22.47.42;1;6;3;1;891;;13;4;5;8;2;9;3;13;5;16;12;9;
a13BH=~~~~2~~2O;p;;;;;;22.47.42;1;6;3;1;891;;13;4;5;8;2;9;3;13;5;16;12;9;
*p16:13;;;;;;;22.47.44;1;6;3;1;895;;13;4;5;8;2;9;3;13;5;16;12;9;
*13SQ-~~~55;;;;;;;22.48.52;1;6;3;1;965;;13;4;5;8;2;9;3;13;5;16;12;9;
a16RQ#~~~55;;;;;;;22.48.52;1;6;3;1;965;;13;4;5;8;2;9;3;13;5;16;12;9;
a05EQ#K1C;;;;;;;22.48.52;1;6;3;1;965;;13;4;5;8;2;9;3;13;5;16;12;9;
a13AQ#J1~36~H1O;s;r;;;;;22.48.56;1;6;3;1;968;;13;4;5;8;2;9;3;13;5;16;12;9;
*04BQ=~~~~3~~1O;s;;;;;;22.48.56;1;6;3;1;968;;13;4;5;8;2;9;3;13;5;16;12;9;
ap16:14;;;;;;;22.49.00;1;6;3;1;972;;13;4;5;8;2;9;3;13;5;16;12;9;
az2;;;;;;;22.49.00;1;6;2;1;973;;13;4;5;8;2;9;13;5;16;12;9;3;
aT;;;;;;;22.49.00;1;6;2;1;973;;13;4;5;8;2;9;13;5;16;12;9;3;
a13SM-~~~55;;;;;;;22.49.14;1;6;2;1;987;;13;4;5;8;2;9;13;5;16;12;9;3;
*08RM#~~~55~O;;;;;;;22.49.14;1;6;2;1;987;;13;4;5;8;2;9;13;5;16;12;9;3;
*09ET+K1P;;;;;;;22.49.14;1;6;2;1;987;;13;4;5;8;2;9;13;5;16;12;9;3;
*13AT-Y8~86~H1;;r;;;;;22.49.18;1;6;2;1;990;;13;4;5;8;2;9;13;5;16;12;9;3;
a03DT+~~~86;;;;;;;22.49.18;1;6;2;1;990;;13;4;5;8;2;9;13;5;16;12;9;3;
a05EH+;;;;;;;22.49.18;1;6;2;1;990;;13;4;5;8;2;9;13;5;16;12;9;3;
a09AH=G9~9~~H2Z;s;p;;;;;22.49.21;1;6;2;1;993;;13;4;5;8;2;9;13;5;16;12;9;3;
*$$&H#;s;;;;;;22.49.21;1;6;2;1;993;;13;4;5;8;2;9;13;5;16;12;9;3;
*p17:14;;;;;;;22.49.25;1;6;2;1;997;;13;4;5;8;2;9;13;5;16;12;9;3;
*z5;;;;;;;22.49.25;1;5;2;1;998;;4;5;8;2;9;13;13;5;16;12;9;3;
*04SM!~~~15;;;;;;;22.49.40;1;5;2;1;1014;;4;5;8;2;9;13;13;5;16;12;9;3;
a03RM!~~~15~~~~42;;;;;;;22.49.40;1;5;2;1;1014;;4;5;8;2;9;13;13;5;16;12;9;3;
a05EH-K8B;;;;;;;22.49.47;1;5;2;1;1014;;4;5;8;2;9;13;13;5;16;12;9;3;
*08AT#W4~45~H2;p;p;;;;;22.49.49;1;5;2;1;1017;;4;5;8;2;9;13;13;5;16;12;9;3;
a$$&H=;p;;;;;;22.49.49;1;5;2;1;1017;;4;5;8;2;9;13;13;5;16;12;9;3;
*p18:14;;;;;;;22.49.53;1;5;2;1;1021;;4;5;8;2;9;13;13;5;16;12;9;3;
*04SM-~~~17;;;;;;;22.50.08;1;5;2;1;1042;;4;5;8;2;9;13;13;5;16;12;9;3;
a03RM+~~~17~O~~32;;;;;;;22.50.08;1;5;2;1;1042;;4;5;8;2;9;13;13;5;16;12;9;3;
a05ET+K8F;;;;;;;22.50.18;1;5;2;1;1042;;4;5;8;2;9;13;13;5;16;12;9;3;
a16AT+W4~45~H2;;r;;;;;22.50.14;1;5;2;1;1045;;4;5;8;2;9;13;13;5;16;12;9;3;
*05BT-~~~~2~~2;;;;;;;22.50.14;1;5;2;1;1045;;4;5;8;2;9;13;13;5;16;12;9;3;
a05EH-~~~~2;;;;;;;22.50.14;1;5;2;1;1045;;4;5;8;2;9;13;13;5;16;12;9;3;
*05FH+;;;;;;;22.50.19;1;5;2;1;1048;;4;5;8;2;9;13;13;5;16;12;9;3;
*09ET+;;;;;;;22.50.19;1;5;2;1;1048;;4;5;8;2;9;13;13;5;16;12;9;3;
*08AT#W4~41~H2S;p;p;;;;;22.50.21;1;5;2;1;1051;;4;5;8;2;9;13;13;5;16;12;9;3;
a05BT=~~~~2~~2S;p;;;;;;22.50.21;1;5;2;1;1051;;4;5;8;2;9;13;13;5;16;12;9;3;
*p19:14;;;;;;;22.50.24;1;5;2;1;1055;;4;5;8;2;9;13;13;5;16;12;9;3;
*04SM-~~~17;;;;;;;22.50.39;1;5;2;1;1073;;4;5;8;2;9;13;13;5;16;12;9;3;
a03RM+~~~17~O~~32;;;;;;;22.50.39;1;5;2;1;1073;;4;5;8;2;9;13;13;5;16;12;9;3;
a05EQ#K8C;;;;;;;22.50.39;1;5;2;1;1073;;4;5;8;2;9;13;13;5;16;12;9;3;
a12AQ+J2~36~H1;;r;;;;;22.50.44;1;5;2;1;1076;;4;5;8;2;9;13;13;5;16;12;9;3;
*13DQ/~~~36;;;;;;;22.50.44;1;5;2;1;1076;;4;5;8;2;9;13;13;5;16;12;9;3;
a09FH=;p;;;;;;22.51.56;1;5;2;1;1077;;4;5;8;2;9;13;13;5;16;12;9;3;
*$$&H#;p;;;;;;22.51.56;1;5;2;1;1077;;4;5;8;2;9;13;13;5;16;12;9;3;
*p20:14;;;;;;;22.51.57;1;5;2;1;1081;;4;5;8;2;9;13;13;5;16;12;9;3;
*04SM!~~~17;;;;;;;22.52.08;1;5;2;1;1162;;4;5;8;2;9;13;13;5;16;12;9;3;
a03RM!~~~17~O~~41;;;;;;;22.52.08;1;5;2;1;1162;;4;5;8;2;9;13;13;5;16;12;9;3;
a05ET+KFF;;;;;;;22.52.08;1;5;2;1;1162;;4;5;8;2;9;13;13;5;16;12;9;3;
a16AT=W4~47~H2S;p;r;;;;;22.52.14;1;5;2;1;1165;;4;5;8;2;9;13;13;5;16;12;9;3;
*$$&H#;p;;;;;;22.52.14;1;5;2;1;1165;;4;5;8;2;9;13;13;5;16;12;9;3;
*p21:14;;;;;;;22.52.16;1;5;2;1;1169;;4;5;8;2;9;13;13;5;16;12;9;3;
ac09:02;;;;;;;22.52.16;1;5;2;1;1169;;4;5;8;2;9;13;13;5;16;12;2;3;
ac05:01;;;;;;;22.52.16;1;5;2;1;1169;;4;5;8;2;9;13;13;1;16;12;2;3;
aP2;;;;;;;22.52.16;1;5;2;1;1169;;4;5;8;2;9;13;13;1;16;12;2;3;
az5;;;;;;;22.52.16;1;5;5;1;1169;;4;5;8;2;9;13;13;1;16;12;2;3;
*04SM!~~~15;;;;;;;22.52.48;1;5;5;1;1202;;4;5;8;2;9;13;13;1;16;12;2;3;
a03RM!~~~15~O~~32;;;;;;;22.52.48;1;5;5;1;1202;;4;5;8;2;9;13;13;1;16;12;2;3;
a02ET+K9B;;;;;;;22.52.48;1;5;5;1;1202;;4;5;8;2;9;13;13;1;16;12;2;3;
a01AT+W2~26~H2;;r;;;;;22.52.53;1;5;5;1;1205;;4;5;8;2;9;13;13;1;16;12;2;3;
*13DT/~~~26;;;;;;;22.52.53;1;5;5;1;1205;;4;5;8;2;9;13;13;1;16;12;2;3;
a16AO#V3~3~~H;s;s;;;;;22.52.57;1;5;5;1;1207;;4;5;8;2;9;13;13;1;16;12;2;3;
*$$&H=;s;;;;;;22.52.57;1;5;5;1;1207;;4;5;8;2;9;13;13;1;16;12;2;3;
ap21:15;;;;;;;22.52.58;1;5;5;1;1211;;4;5;8;2;9;13;13;1;16;12;2;3;
az4;;;;;;;22.52.58;1;5;4;1;1211;;4;5;8;2;9;13;1;16;12;2;3;13;
ac12:15;;;;;;;22.52.58;1;5;4;1;1211;;4;5;8;2;9;13;1;16;15;2;3;13;
a01SQ=~~~66D~~O;s;;;;;;22.53.26;1;5;4;1;1240;;4;5;8;2;9;13;1;16;15;2;3;13;
*$$&H#;s;;;;;;22.53.26;1;5;4;1;1240;;4;5;8;2;9;13;1;16;15;2;3;13;
*p22:15;;;;;;;22.53.31;1;5;4;1;1245;;4;5;8;2;9;13;1;16;15;2;3;13;
*z4;;;;;;;22.53.31;1;4;4;1;1244;;5;8;2;9;13;4;1;16;15;2;3;13;
*c05:01;;;;;;;22.53.31;1;4;4;1;1244;;1;8;2;9;13;4;1;16;15;2;3;13;
*c09:07;;;;;;;22.53.31;1;4;4;1;1244;;1;8;2;7;13;4;1;16;15;2;3;13;
*P1;;;;;;;22.53.31;1;4;4;1;1244;;1;8;2;7;13;4;1;16;15;2;3;13;
*z1;;;;;;;22.53.31;1;1;4;1;1244;;1;8;2;7;13;4;1;16;15;2;3;13;
*07SM!~~~57;;;;;;;22.54.02;1;1;4;1;1276;;1;8;2;7;13;4;1;16;15;2;3;13;
a03RM!~~~57~~~~32;;;;;;;22.54.02;1;1;4;1;1276;;1;8;2;7;13;4;1;16;15;2;3;13;
a02ET+K8F;;;;;;;22.54.02;1;1;4;1;1276;;1;8;2;7;13;4;1;16;15;2;3;13;
a16AT#W4~49~T2;s;r;;;;;22.54.10;1;1;4;1;1279;;1;8;2;7;13;4;1;16;15;2;3;13;
*$$&H=;s;;;;;;22.54.10;1;1;4;1;1279;;1;8;2;7;13;4;1;16;15;2;3;13;
ap22:16;;;;;;;22.54.14;1;1;4;1;1283;;1;8;2;7;13;4;1;16;15;2;3;13;
az3;;;;;;;22.54.14;1;1;3;1;1287;;1;8;2;7;13;4;16;15;2;3;13;1;
a16SQ!~~~11;;;;;;;22.54.26;1;1;3;1;1300;;1;8;2;7;13;4;16;15;2;3;13;1;
*08RQ!~~~11~~~~32;;;;;;;22.54.26;1;1;3;1;1300;;1;8;2;7;13;4;16;15;2;3;13;1;
*01ET+K1P;;;;;;;22.54.26;1;1;3;1;1300;;1;8;2;7;13;4;16;15;2;3;13;1;
*13AT-Y8~85~H0;;r;;;;;22.54.31;1;1;3;1;1303;;1;8;2;7;13;4;16;15;2;3;13;1;
a18DT+~~~85;;;;;;;22.54.31;1;1;3;1;1303;;1;8;2;7;13;4;16;15;2;3;13;1;
a02EH+~~P;;;;;;;22.54.31;1;1;3;1;1303;;1;8;2;7;13;4;16;15;2;3;13;1;
a01AH-G8~86~H1;;p;;;;;22.54.34;1;1;3;1;1306;;1;8;2;7;13;4;16;15;2;3;13;1;
*02BH+~~~~3~~1;;;;;;;22.54.34;1;1;3;1;1306;;1;8;2;7;13;4;16;15;2;3;13;1;
*02DH+;;;;;;;22.54.36;1;1;3;1;1306;;1;8;2;7;13;4;16;15;2;3;13;1;
*01ET+;;;;;;;22.54.36;1;1;3;1;1306;;1;8;2;7;13;4;16;15;2;3;13;1;
*07AT#W4~41~H2S;s;s;;;;;22.54.37;1;1;3;1;1309;;1;8;2;7;13;4;16;15;2;3;13;1;
a02BT=~~~~2~~2S;s;;;;;;22.54.37;1;1;3;1;1309;;1;8;2;7;13;4;16;15;2;3;13;1;
*p23:16;;;;;;;22.54.42;1;1;3;1;1313;;1;8;2;7;13;4;16;15;2;3;13;1;
*z6;;;;;;;22.54.42;1;6;3;1;1315;;8;2;7;13;4;1;16;15;2;3;13;1;
*08SQ#~~~16;p;;;;;;22.55.00;1;6;3;1;1333;;8;2;7;13;4;1;16;15;2;3;13;1;
a18RQ=~~~16~W;p;;;;;;22.55.00;1;6;3;1;1333;;8;2;7;13;4;1;16;15;2;3;13;1;
*p24:16;;;;;;;22.55.07;1;6;3;1;1337;;8;2;7;13;4;1;16;15;2;3;13;1;
*08SQ+~~~11;;;;;;;22.55.22;1;6;3;1;1355;;8;2;7;13;4;1;16;15;2;3;13;1;
a01RQ-~~~11;;;;;;;22.55.22;1;6;3;1;1355;;8;2;7;13;4;1;16;15;2;3;13;1;
a02ET+KBB;;;;;;;22.55.22;1;6;3;1;1355;;8;2;7;13;4;1;16;15;2;3;13;1;
a16AT#Y9~96~H2;s;r;;;;;22.55.30;1;6;3;1;1358;;8;2;7;13;4;1;16;15;2;3;13;1;
*08DT=~~~96;s;;;;;;22.55.30;1;6;3;1;1358;;8;2;7;13;4;1;16;15;2;3;13;1;
ap24:17;;;;;;;22.55.34;1;6;3;1;1362;;8;2;7;13;4;1;16;15;2;3;13;1;
az2;;;;;;;22.55.34;1;6;2;1;1367;;8;2;7;13;4;1;15;2;3;13;1;16;
a15SM-~~~57;;;;;;;22.55.46;1;6;2;1;1380;;8;2;7;13;4;1;15;2;3;13;1;16;
*13RM+~~~57~O~~21;;;;;;;22.55.46;1;6;2;1;1380;;8;2;7;13;4;1;15;2;3;13;1;16;
*01ET#K1F;;;;;;;22.55.46;1;6;2;1;1380;;8;2;7;13;4;1;15;2;3;13;1;16;
*13AT!W4~42~T1;;r;;;;;22.55.51;1;6;2;1;1383;;8;2;7;13;4;1;15;2;3;13;1;16;
a02BT/~~~~2~~1;s;;;;;;22.55.51;1;6;2;1;1383;;8;2;7;13;4;1;15;2;3;13;1;16;
*$$&H#;s;;;;;;22.55.51;1;6;2;1;1383;;8;2;7;13;4;1;15;2;3;13;1;16;
*p25:17;;;;;;;22.55.54;1;6;2;1;1387;;8;2;7;13;4;1;15;2;3;13;1;16;
**1set;;;;;;;22.55.54;2;6;2;1;1387;;;;;;;;;;;;;;
*P09>LUp;;;;;;;22.55.54;2;6;2;1;1387;;13;4;5;8;2;9;3;13;5;16;12;9;
*z6>LUp;;;;;;;22.55.54;2;6;2;1;1387;;13;4;5;8;2;9;3;13;5;16;12;9;
aP05>LUp;;;;;;;22.55.54;2;6;2;1;1387;;13;4;5;8;2;9;3;13;5;16;12;9;
az3>LUp;;;;;;;22.55.54;2;6;3;1;1387;;13;4;5;8;2;9;3;13;5;16;12;9;
a03SM-~~~19;;;;;;;22.59.14;2;6;3;1;1588;;13;4;5;8;2;9;3;13;5;16;12;9;
*13RM+~~~19~O~~31;;;;;;;22.59.14;2;6;3;1;1588;;13;4;5;8;2;9;3;13;5;16;12;9;
*09EQ#K1C;;;;;;;22.59.14;2;6;3;1;1588;;13;4;5;8;2;9;3;13;5;16;12;9;
*04AQ-J1~36~H1;;r;;;;;22.59.19;2;6;3;1;1591;;13;4;5;8;2;9;3;13;5;16;12;9;
a13BQ+~~~~3~~1;;;;;;;22.59.19;2;6;3;1;1591;;13;4;5;8;2;9;3;13;5;16;12;9;
a13DH+;;;;;;;22.59.21;2;6;3;1;1591;;13;4;5;8;2;9;3;13;5;16;12;9;
a05EH+;;;;;;;22.59.21;2;6;3;1;1591;;13;4;5;8;2;9;3;13;5;16;12;9;
a16AH#G4~45~H2S;p;p;;;;;22.59.23;2;6;3;1;1594;;13;4;5;8;2;9;3;13;5;16;12;9;
*04BH=~~~~2~~2S;p;;;;;;22.59.23;2;6;3;1;1594;;13;4;5;8;2;9;3;13;5;16;12;9;
ap00:01;;;;;;;22.59.31;2;6;3;1;1598;;13;4;5;8;2;9;3;13;5;16;12;9;
a03SM!~~~16;;;;;;;22.59.40;2;6;3;1;1614;;13;4;5;8;2;9;3;13;5;16;12;9;
*13RM!~~~16~~~~32;;;;;;;22.59.40;2;6;3;1;1614;;13;4;5;8;2;9;3;13;5;16;12;9;
*09ET+KEF;;;;;;;22.59.40;2;6;3;1;1614;;13;4;5;8;2;9;3;13;5;16;12;9;
*08AT+W4~45~H2;;r;;;;;22.59.46;2;6;3;1;1617;;13;4;5;8;2;9;3;13;5;16;12;9;
a13BT-~~~~2~~2;;;;;;;22.59.46;2;6;3;1;1617;;13;4;5;8;2;9;3;13;5;16;12;9;
*08DH+;;;;;;;22.59.48;2;6;3;1;1617;;13;4;5;8;2;9;3;13;5;16;12;9;
*09EH+;;;;;;;22.59.48;2;6;3;1;1617;;13;4;5;8;2;9;3;13;5;16;12;9;
*08AH#G4~45~H2S;s;s;;;;;22.59.51;2;6;3;1;1620;;13;4;5;8;2;9;3;13;5;16;12;9;
a13BH=~~~~2~~2S;s;;;;;;22.59.51;2;6;3;1;1620;;13;4;5;8;2;9;3;13;5;16;12;9;
*p01:01;;;;;;;23.00.00;2;6;3;1;1624;;13;4;5;8;2;9;3;13;5;16;12;9;
*z5;;;;;;;23.00.00;2;5;3;1;1633;;4;5;8;2;9;13;3;13;5;16;12;9;
*04SM-~~~17;;;;;;;23.00.09;2;5;3;1;1643;;4;5;8;2;9;13;3;13;5;16;12;9;
a18RM+~~~17~O~~32;;;;;;;23.00.09;2;5;3;1;1643;;4;5;8;2;9;13;3;13;5;16;12;9;
a05ET+K1B;;;;;;;23.00.09;2;5;3;1;1643;;4;5;8;2;9;13;3;13;5;16;12;9;
a09AT/Y9~95~H2;p;r;;;;;23.00.15;2;5;3;1;1646;;4;5;8;2;9;13;3;13;5;16;12;9;
*08BT#~~~~4~~2;p;;;;;;23.00.15;2;5;3;1;1646;;4;5;8;2;9;13;3;13;5;16;12;9;
*p02:01;;;;;;;23.00.18;2;5;3;1;1650;;4;5;8;2;9;13;3;13;5;16;12;9;
*04SM=~~~15~~~O;s;;;;;;23.00.33;2;5;3;1;1667;;4;5;8;2;9;13;3;13;5;16;12;9;
a$$&H#;s;;;;;;23.00.33;2;5;3;1;1667;;4;5;8;2;9;13;3;13;5;16;12;9;
ap02:02;;;;;;;23.00.38;2;5;3;1;1672;;4;5;8;2;9;13;3;13;5;16;12;9;
az2;;;;;;;23.00.38;2;5;2;1;1671;;4;5;8;2;9;13;13;5;16;12;9;3;
a13SM+~~~55;;;;;;;23.00.54;2;5;2;1;1688;;4;5;8;2;9;13;13;5;16;12;9;3;
*08RM-~~~55;;;;;;;23.00.54;2;5;2;1;1688;;4;5;8;2;9;13;13;5;16;12;9;3;
*09EH+KFF;;;;;;;23.00.54;2;5;2;1;1688;;4;5;8;2;9;13;13;5;16;12;9;3;
*08AH-G4~42~T2;;r;;;;;23.01.00;2;5;2;1;1691;;4;5;8;2;9;13;13;5;16;12;9;3;
a12BH+~~~~2~~2;;;;;;;23.01.00;2;5;2;1;1691;;4;5;8;2;9;13;13;5;16;12;9;3;
*08DH/;;;;;;;23.01.00;2;5;2;1;1691;;4;5;8;2;9;13;13;5;16;12;9;3;
a05AO#V2~2~~H;p;p;;;;;23.01.08;2;5;2;1;1693;;4;5;8;2;9;13;13;5;16;12;9;3;
*$$&H=;p;;;;;;23.01.08;2;5;2;1;1693;;4;5;8;2;9;13;13;5;16;12;9;3;
ap02:03;;;;;;;23.01.12;2;5;2;1;1697;;4;5;8;2;9;13;13;5;16;12;9;3;
a13SM-~~~56;;;;;;;23.01.21;2;5;2;1;1715;;4;5;8;2;9;13;13;5;16;12;9;3;
*13RM+~~~56~~~~21;;;;;;;23.01.21;2;5;2;1;1715;;4;5;8;2;9;13;13;5;16;12;9;3;
*09ET+K2B;;;;;;;23.01.21;2;5;2;1;1715;;4;5;8;2;9;13;13;5;16;12;9;3;
*05AT#W2~21AH2;s;r;;;;;23.01.27;2;5;2;1;1718;;4;5;8;2;9;13;13;5;16;12;9;3;
a$$&H=;s;;;;;;23.01.27;2;5;2;1;1718;;4;5;8;2;9;13;13;5;16;12;9;3;
*p03:03;;;;;;;23.01.31;2;5;2;1;1722;;4;5;8;2;9;13;13;5;16;12;9;3;
*z4;;;;;;;23.01.31;2;4;2;1;1724;;5;8;2;9;13;4;13;5;16;12;9;3;
*05SQ=~~~16D~~O;s;;;;;;23.01.48;2;4;2;1;1742;;5;8;2;9;13;4;13;5;16;12;9;3;
a$$&H#;s;;;;;;23.01.48;2;4;2;1;1742;;5;8;2;9;13;4;13;5;16;12;9;3;
ap03:04;;;;;;;23.01.55;2;4;2;1;1749;;5;8;2;9;13;4;13;5;16;12;9;3;
az1;;;;;;;23.01.55;2;4;1;1;1748;;5;8;2;9;13;4;5;16;12;9;3;13;
a05SM!~~~16;;;;;;;23.02.06;2;4;1;1;1760;;5;8;2;9;13;4;5;16;12;9;3;13;
*13RM!~~~16~~~~41;;;;;;;23.02.06;2;4;1;1;1760;;5;8;2;9;13;4;5;16;12;9;3;13;
*09EH+KFB~~~~~~KE;;;;;;;23.02.06;2;4;1;1;1760;;5;8;2;9;13;4;5;16;12;9;3;13;
*05AH#G9~99~H2;s;r;;;;;23.02.12;2;4;1;1;1763;;5;8;2;9;13;4;5;16;12;9;3;13;
a05DH=~~~99;s;;;;;;23.02.12;2;4;1;1;1763;;5;8;2;9;13;4;5;16;12;9;3;13;
*p04:04;;;;;;;23.02.18;2;4;1;1;1767;;5;8;2;9;13;4;5;16;12;9;3;13;
*z3;;;;;;;23.02.18;2;3;1;1;1771;;8;2;9;13;4;5;5;16;12;9;3;13;
*08SQ=~~~16D~~O;s;;;;;;23.02.31;2;3;1;1;1785;;8;2;9;13;4;5;5;16;12;9;3;13;
a$$&H#;s;;;;;;23.02.31;2;3;1;1;1785;;8;2;9;13;4;5;5;16;12;9;3;13;
ap04:05;;;;;;;23.02.36;2;3;1;1;1790;;8;2;9;13;4;5;5;16;12;9;3;13;
az6;;;;;;;23.02.36;2;3;6;1;1789;;8;2;9;13;4;5;16;12;9;3;13;5;
a16SQ=~~~15~~~N;s;;;;;;23.02.36;2;3;6;1;1802;;8;2;9;13;4;5;16;12;9;3;13;5;
*$$&H#;s;;;;;;23.02.36;2;3;6;1;1802;;8;2;9;13;4;5;16;12;9;3;13;5;
*p05:05;;;;;;;23.02.51;2;3;6;1;1817;;8;2;9;13;4;5;16;12;9;3;13;5;
*z2;;;;;;;23.02.51;2;2;6;1;1804;;2;9;13;4;5;8;16;12;9;3;13;5;
*02SM-~~~19;;;;;;;23.03.08;2;2;6;1;1822;;2;9;13;4;5;8;16;12;9;3;13;5;
a18RM+~~~19~O~~21;;;;;;;23.03.08;2;2;6;1;1822;;2;9;13;4;5;8;16;12;9;3;13;5;
a05ET+K1P;;;;;;;23.03.08;2;2;6;1;1822;;2;9;13;4;5;8;16;12;9;3;13;5;
a16AT=Y8~8~~H2Z;p;r;;;;;23.03.14;2;2;6;1;1825;;2;9;13;4;5;8;16;12;9;3;13;5;
*$$&H#;p;;;;;;23.03.14;2;2;6;1;1825;;2;9;13;4;5;8;16;12;9;3;13;5;
*p06:05;;;;;;;23.03.17;2;2;6;1;1829;;2;9;13;4;5;8;16;12;9;3;13;5;
*02SM-~~~17;;;;;;;23.03.30;2;2;6;1;1843;;2;9;13;4;5;8;16;12;9;3;13;5;
a03RM+~~~17~O~~32;;;;;;;23.03.30;2;2;6;1;1843;;2;9;13;4;5;8;16;12;9;3;13;5;
a05EQ+K1C;;;;;;;23.03.30;2;2;6;1;1843;;2;9;13;4;5;8;16;12;9;3;13;5;
a12AQ#J4~36~H2S;s;r;;;;;23.03.38;2;2;6;1;1846;;2;9;13;4;5;8;16;12;9;3;13;5;
*09BQ=~~~~3~~2S;s;;;;;;23.03.38;2;2;6;1;1846;;2;9;13;4;5;8;16;12;9;3;13;5;
ap06:06;;;;;;;23.03.45;2;2;6;1;1850;;2;9;13;4;5;8;16;12;9;3;13;5;
az5;;;;;;;23.03.45;2;2;5;1;1858;;2;9;13;4;5;8;12;9;3;13;5;16;
a12SQ+~~~51;;;;;;;23.03.54;2;2;5;1;1868;;2;9;13;4;5;8;12;9;3;13;5;16;
*08RQ-~~~51;;;;;;;23.03.54;2;2;5;1;1868;;2;9;13;4;5;8;12;9;3;13;5;16;
*09EH+~~B;;;;;;;23.03.54;2;2;5;1;1868;;2;9;13;4;5;8;12;9;3;13;5;16;
*05AH#G9~91~H2F;s;r;;;;;23.04.00;2;2;5;1;1871;;2;9;13;4;5;8;12;9;3;13;5;16;
a13BH=~~~~4~~2F;s;;;;;;23.04.00;2;2;5;1;1871;;2;9;13;4;5;8;12;9;3;13;5;16;
*p07:06;;;;;;;23.04.03;2;2;5;1;1875;;2;9;13;4;5;8;12;9;3;13;5;16;
*z1;;;;;;;23.04.03;2;1;5;1;1876;;9;13;4;5;8;2;12;9;3;13;5;16;
*09SM-~~~17;;;;;;;23.04.23;2;1;5;1;1897;;9;13;4;5;8;2;12;9;3;13;5;16;
a03RM#~~~17;;;;;;;23.04.23;2;1;5;1;1897;;9;13;4;5;8;2;12;9;3;13;5;16;
a05ET+K1B;;;;;;;23.04.23;2;1;5;1;1897;;9;13;4;5;8;2;12;9;3;13;5;16;
a09AT-W2~27~T2;;r;;;;;23.04.28;2;1;5;1;1900;;9;13;4;5;8;2;12;9;3;13;5;16;
*10DT+~~~27;;;;;;;23.04.28;2;1;5;1;1900;;9;13;4;5;8;2;12;9;3;13;5;16;
*09EH+;;;;;;;23.04.28;2;1;5;1;1900;;9;13;4;5;8;2;12;9;3;13;5;16;
*05AH#G2~24~T2;p;p;;;;;23.04.32;2;1;5;1;1903;;9;13;4;5;8;2;12;9;3;13;5;16;
a$$&H=;p;;;;;;23.04.32;2;1;5;1;1903;;9;13;4;5;8;2;12;9;3;13;5;16;
*p08:06;;;;;;;23.04.33;2;1;5;1;1907;;9;13;4;5;8;2;12;9;3;13;5;16;
*09SM!~~~18;;;;;;;23.04.53;2;1;5;1;1927;;9;13;4;5;8;2;12;9;3;13;5;16;
a03RM!~~~18~~~~32;;;;;;;23.04.53;2;1;5;1;1927;;9;13;4;5;8;2;12;9;3;13;5;16;
a05ET+K8F;;;;;;;23.04.53;2;1;5;1;1927;;9;13;4;5;8;2;12;9;3;13;5;16;
a03AT#W4~45~H2S;s;r;;;;;23.05.06;2;1;5;1;1930;;9;13;4;5;8;2;12;9;3;13;5;16;
*04BT=~~~~2~~2S;s;;;;;;23.05.06;2;1;5;1;1930;;9;13;4;5;8;2;12;9;3;13;5;16;
ap08:07;;;;;;;23.05.17;2;1;5;1;1934;;9;13;4;5;8;2;12;9;3;13;5;16;
az4;;;;;;;23.05.17;2;1;4;1;1950;;9;13;4;5;8;2;9;3;13;5;16;12;
a09SM-~~~11;;;;;;;23.05.17;2;1;4;1;1950;;9;13;4;5;8;2;9;3;13;5;16;12;
*13RM+~~~11~O~~41;;;;;;;23.05.17;2;1;4;1;1950;;9;13;4;5;8;2;9;3;13;5;16;12;
*09ET+K1F;;;;;;;23.05.17;2;1;4;1;1950;;9;13;4;5;8;2;9;3;13;5;16;12;
*05AT=W4~46~H2O;p;r;;;;;23.05.22;2;1;4;1;1953;;9;13;4;5;8;2;9;3;13;5;16;12;
a$$&H#;p;;;;;;23.05.22;2;1;4;1;1953;;9;13;4;5;8;2;9;3;13;5;16;12;
ap08:08;;;;;;;23.05.27;2;1;4;1;1957;;9;13;4;5;8;2;9;3;13;5;16;12;
a09SM!~~~11;;;;;;;23.05.37;2;1;4;1;1970;;9;13;4;5;8;2;9;3;13;5;16;12;
*13RM!~~~11~~~~21;;;;;;;23.05.37;2;1;4;1;1970;;9;13;4;5;8;2;9;3;13;5;16;12;
*09ET#K2F~~~~~~K2;;;;;;;23.05.37;2;1;4;1;1970;;9;13;4;5;8;2;9;3;13;5;16;12;
*05AT#W4~46~H1F;s;r;;;;;23.05.41;2;1;4;1;1973;;9;13;4;5;8;2;9;3;13;5;16;12;
a05BT=~~~~2~~1F;s;;;;;;23.05.41;2;1;4;1;1973;;9;13;4;5;8;2;9;3;13;5;16;12;
*p09:08;;;;;;;23.05.46;2;1;4;1;1977;;9;13;4;5;8;2;9;3;13;5;16;12;
*z6;;;;;;;23.05.46;2;6;4;1;1979;;13;4;5;8;2;9;9;3;13;5;16;12;
*13SQ=~~~51~~~N;s;;;;;;23.05.58;2;6;4;1;1992;;13;4;5;8;2;9;9;3;13;5;16;12;
a$$&H#;s;;;;;;23.05.58;2;6;4;1;1992;;13;4;5;8;2;9;9;3;13;5;16;12;
ap09:09;;;;;;;23.06.03;2;6;4;1;1997;;13;4;5;8;2;9;9;3;13;5;16;12;
az3;;;;;;;23.06.03;2;6;3;1;1996;;13;4;5;8;2;9;3;13;5;16;12;9;
a03SM-~~~11;;;;;;;23.06.15;2;6;3;1;2009;;13;4;5;8;2;9;3;13;5;16;12;9;
*13RM+~~~11~~~~21;;;;;;;23.06.15;2;6;3;1;2009;;13;4;5;8;2;9;3;13;5;16;12;9;
*09ET+K1F;;;;;;;23.06.15;2;6;3;1;2009;;13;4;5;8;2;9;3;13;5;16;12;9;
*08AT#W4~47~H2;s;r;;;;;23.06.19;2;6;3;1;2012;;13;4;5;8;2;9;3;13;5;16;12;9;
a18DT=~~~47;s;;;;;;23.06.19;2;6;3;1;2012;;13;4;5;8;2;9;3;13;5;16;12;9;
*p10:09;;;;;;;23.06.25;2;6;3;1;2016;;13;4;5;8;2;9;3;13;5;16;12;9;
*z5;;;;;;;23.06.25;2;5;3;1;2018;;4;5;8;2;9;13;3;13;5;16;12;9;
*04SM!~~~15;;;;;;;23.06.37;2;5;3;1;2031;;4;5;8;2;9;13;3;13;5;16;12;9;
a18RM!~~~15~~~~22;;;;;;;23.06.37;2;5;3;1;2031;;4;5;8;2;9;13;3;13;5;16;12;9;
a05ET+K9F;;;;;;;23.06.37;2;5;3;1;2031;;4;5;8;2;9;13;3;13;5;16;12;9;
a16AT=W4~4~~H2N;p;r;;;;;23.06.43;2;5;3;1;2034;;4;5;8;2;9;13;3;13;5;16;12;9;
*$$&H#;p;;;;;;23.06.43;2;5;3;1;2034;;4;5;8;2;9;13;3;13;5;16;12;9;
*p11:09;;;;;;;23.06.45;2;5;3;1;2038;;4;5;8;2;9;13;3;13;5;16;12;9;
*04SM-~~~15;;;;;;;23.07.47;2;5;3;1;2101;;4;5;8;2;9;13;3;13;5;16;12;9;
a18RM#~~~15~O;;;;;;;23.07.47;2;5;3;1;2101;;4;5;8;2;9;13;3;13;5;16;12;9;
a05EQ+K1C;;;;;;;23.07.47;2;5;3;1;2101;;4;5;8;2;9;13;3;13;5;16;12;9;
a13AQ#J4~37~H2;s;r;;;;;23.07.52;2;5;3;1;2104;;4;5;8;2;9;13;3;13;5;16;12;9;
*$$&H=;s;;;;;;23.07.52;2;5;3;1;2104;;4;5;8;2;9;13;3;13;5;16;12;9;
ap11:10;;;;;;;23.07.54;2;5;3;1;2108;;4;5;8;2;9;13;3;13;5;16;12;9;
az2;;;;;;;23.07.54;2;5;2;1;2107;;4;5;8;2;9;13;13;5;16;12;9;3;
a13SM-~~~55;;;;;;;23.08.09;2;5;2;1;2123;;4;5;8;2;9;13;13;5;16;12;9;3;
*08RM#~~~55~O;;;;;;;23.08.09;2;5;2;1;2123;;4;5;8;2;9;13;13;5;16;12;9;3;
*09EQ#K1C;;;;;;;23.08.09;2;5;2;1;2123;;4;5;8;2;9;13;13;5;16;12;9;3;
*02AQ#J1~37AH1X;s;r;;;;;23.08.14;2;5;2;1;2126;;4;5;8;2;9;13;13;5;16;12;9;3;
a$$&H=;s;;;;;;23.08.14;2;5;2;1;2126;;4;5;8;2;9;13;13;5;16;12;9;3;
*p12:10;;;;;;;23.08.16;2;5;2;1;2130;;4;5;8;2;9;13;13;5;16;12;9;3;
*z4;;;;;;;23.08.16;2;4;2;1;2129;;5;8;2;9;13;4;13;5;16;12;9;3;
*05SQ-~~~16;;;;;;;23.08.38;2;4;2;1;2152;;5;8;2;9;13;4;13;5;16;12;9;3;
a03RQ+~~~16~~~~41;;;;;;;23.08.38;2;4;2;1;2152;;5;8;2;9;13;4;13;5;16;12;9;3;
a05EQ#KFC;;;;;;;23.08.38;2;4;2;1;2152;;5;8;2;9;13;4;13;5;16;12;9;3;
a12AQ#J2~31CH1;s;r;;;;;23.08.43;2;4;2;1;2155;;5;8;2;9;13;4;13;5;16;12;9;3;
*$$&H=;s;;;;;;23.08.43;2;4;2;1;2155;;5;8;2;9;13;4;13;5;16;12;9;3;
ap12:11;;;;;;;23.08.45;2;4;2;1;2159;;5;8;2;9;13;4;13;5;16;12;9;3;
az1;;;;;;;23.08.45;2;4;1;1;2158;;5;8;2;9;13;4;5;16;12;9;3;13;
a05SM=~~~~1D~~O;s;;;;;;23.08.58;2;4;1;1;2171;;5;8;2;9;13;4;5;16;12;9;3;13;
*$$&H#;s;;;;;;23.08.58;2;4;1;1;2171;;5;8;2;9;13;4;5;16;12;9;3;13;
*p13:11;;;;;;;23.09.03;2;4;1;1;2176;;5;8;2;9;13;4;5;16;12;9;3;13;
*z3;;;;;;;23.09.03;2;3;1;1;2176;;8;2;9;13;4;5;5;16;12;9;3;13;
*08SM#~~~16;p;;;;;;23.09.18;2;3;1;1;2192;;8;2;9;13;4;5;5;16;12;9;3;13;
a03RM=~~~16AO;p;;;;;;23.09.18;2;3;1;1;2192;;8;2;9;13;4;5;5;16;12;9;3;13;
*p14:11;;;;;;;23.09.24;2;3;1;1;2196;;8;2;9;13;4;5;5;16;12;9;3;13;
ac05:02;;;;;;;23.09.24;2;3;1;1;2197;;8;2;9;13;4;5;2;16;12;9;3;13;
ac09:01;;;;;;;23.09.24;2;3;1;1;2197;;8;2;9;13;4;5;2;16;12;1;3;13;
aP2;;;;;;;23.09.24;2;3;1;1;2197;;8;2;9;13;4;5;2;16;12;1;3;13;
az1;;;;;;;23.09.24;2;3;1;1;2197;;8;2;9;13;4;5;2;16;12;1;3;13;
*08SM-~~~19~~~N;;;;;;;23.10.00;2;3;1;1;2233;;8;2;9;13;4;5;2;16;12;1;3;13;
a18RM#~~~19;;;;;;;23.10.00;2;3;1;1;2233;;8;2;9;13;4;5;2;16;12;1;3;13;
a02ET+K1B;;;;;;;23.10.00;2;3;1;1;2233;;8;2;9;13;4;5;2;16;12;1;3;13;
a16AT#W2~26~H2;s;r;;;;;23.10.05;2;3;1;1;2236;;8;2;9;13;4;5;2;16;12;1;3;13;
*08DT=~~~26;s;;;;;;23.10.05;2;3;1;1;2236;;8;2;9;13;4;5;2;16;12;1;3;13;
ap14:12;;;;;;;23.10.10;2;3;1;1;2240;;8;2;9;13;4;5;2;16;12;1;3;13;
az6;;;;;;;23.10.10;2;3;6;1;2243;;8;2;9;13;4;5;16;12;1;3;13;2;
a16SQ+~~~15;;;;;;;23.10.22;2;3;6;1;2256;;8;2;9;13;4;5;16;12;1;3;13;2;
*13RQ-~~~15;;;;;;;23.10.22;2;3;6;1;2256;;8;2;9;13;4;5;16;12;1;3;13;2;
*09EH+~~F;;;;;;;23.10.22;2;3;6;1;2256;;8;2;9;13;4;5;16;12;1;3;13;2;
*13AH-G4~45~H2;;r;;;;;23.10.27;2;3;6;1;2259;;8;2;9;13;4;5;16;12;1;3;13;2;
a01BH+~~~~2~~2;;;;;;;23.10.27;2;3;6;1;2259;;8;2;9;13;4;5;16;12;1;3;13;2;
a16DH+;;;;;;;23.10.30;2;3;6;1;2259;;8;2;9;13;4;5;16;12;1;3;13;2;
a02ET+~~B;;;;;;;23.10.30;2;3;6;1;2259;;8;2;9;13;4;5;16;12;1;3;13;2;
a01AT+W2~21~H2;;p;;;;;23.10.31;2;3;6;1;2262;;8;2;9;13;4;5;16;12;1;3;13;2;
*02BT-~~~~4~~2;;;;;;;23.10.31;2;3;6;1;2262;;8;2;9;13;4;5;16;12;1;3;13;2;
*10DH+;;;;;;;23.10.31;2;3;6;1;2262;;8;2;9;13;4;5;16;12;1;3;13;2;
*09AH-G2~25~T1;;s;;;;;23.10.31;2;3;6;1;2264;;8;2;9;13;4;5;16;12;1;3;13;2;
a16DH+~~~25;;;;;;;23.10.31;2;3;6;1;2264;;8;2;9;13;4;5;16;12;1;3;13;2;
a03EH/~~~~2;;;;;;;23.10.31;2;3;6;1;2264;;8;2;9;13;4;5;16;12;1;3;13;2;
*02AO/V4~42~H1;p;s;;;;;23.10.41;2;3;6;1;2268;;8;2;9;13;4;5;16;12;1;3;13;2;
a01BO#~~~~2~~1F;p;;;;;;23.10.41;2;3;6;1;2268;;8;2;9;13;4;5;16;12;1;3;13;2;
ap14:13;;;;;;;23.10.46;2;3;6;1;2272;;8;2;9;13;4;5;16;12;1;3;13;2;
a16SQ=~~~16A~~O;s;;;;;;23.11.00;2;3;6;1;2293;;8;2;9;13;4;5;16;12;1;3;13;2;
*$$&H#;s;;;;;;23.11.00;2;3;6;1;2293;;8;2;9;13;4;5;16;12;1;3;13;2;
*p15:13;;;;;;;23.11.05;2;3;6;1;2298;;8;2;9;13;4;5;16;12;1;3;13;2;
*z2;;;;;;;23.11.05;2;2;6;1;2298;;2;9;13;4;5;8;16;12;1;3;13;2;
*02SQ-~~~61;;;;;;;23.11.19;2;2;6;1;2313;;2;9;13;4;5;8;16;12;1;3;13;2;
a16RQ+~~~61~~~~41;;;;;;;23.11.19;2;2;6;1;2313;;2;9;13;4;5;8;16;12;1;3;13;2;
a02ET+KFF;;;;;;;23.11.19;2;2;6;1;2313;;2;9;13;4;5;8;16;12;1;3;13;2;
a03AT#W4~41~H2;s;r;;;;;23.11.25;2;2;6;1;2316;;2;9;13;4;5;8;16;12;1;3;13;2;
*05DT=~~~41;s;;;;;;23.11.25;2;2;6;1;2316;;2;9;13;4;5;8;16;12;1;3;13;2;
ap15:14;;;;;;;23.11.29;2;2;6;1;2320;;2;9;13;4;5;8;16;12;1;3;13;2;
az5;;;;;;;23.11.29;2;2;5;1;2322;;2;9;13;4;5;8;12;1;3;13;2;16;
a12SQ+~~~56;;;;;;;23.11.48;2;2;5;1;2342;;2;9;13;4;5;8;12;1;3;13;2;16;
*08RQ-~~~56;;;;;;;23.11.48;2;2;5;1;2342;;2;9;13;4;5;8;12;1;3;13;2;16;
*09EH+~~B;;;;;;;23.11.48;2;2;5;1;2342;;2;9;13;4;5;8;12;1;3;13;2;16;
*05AH+G9~91~H2;;r;;;;;23.11.54;2;2;5;1;2345;;2;9;13;4;5;8;12;1;3;13;2;16;
a13BH-~~~~4~~2;;;;;;;23.11.54;2;2;5;1;2345;;2;9;13;4;5;8;12;1;3;13;2;16;
*04DH+;;;;;;;23.11.54;2;2;5;1;2345;;2;9;13;4;5;8;12;1;3;13;2;16;
*09EH+;;;;;;;23.11.54;2;2;5;1;2345;;2;9;13;4;5;8;12;1;3;13;2;16;
*13AH#G4~48~T2;s;s;;;;;23.11.56;2;2;5;1;2348;;2;9;13;4;5;8;12;1;3;13;2;16;
a$$&H=;s;;;;;;23.11.56;2;2;5;1;2348;;2;9;13;4;5;8;12;1;3;13;2;16;
*p16:14;;;;;;;23.11.59;2;2;5;1;2352;;2;9;13;4;5;8;12;1;3;13;2;16;
*z1;;;;;;;23.11.59;2;1;5;1;2352;;9;13;4;5;8;2;12;1;3;13;2;16;
*09SM-~~~17;;;;;;;23.12.20;2;1;5;1;2374;;9;13;4;5;8;2;12;1;3;13;2;16;
a03RM+~~~17~O~~32;;;;;;;23.12.20;2;1;5;1;2374;;9;13;4;5;8;2;12;1;3;13;2;16;
a02ET+K1B;;;;;;;23.12.20;2;1;5;1;2374;;9;13;4;5;8;2;12;1;3;13;2;16;
a01AT#W2~25~H2S;s;r;;;;;23.12.25;2;1;5;1;2377;;9;13;4;5;8;2;12;1;3;13;2;16;
*13BT=~~~~4~~2S;s;;;;;;23.12.25;2;1;5;1;2377;;9;13;4;5;8;2;12;1;3;13;2;16;
ap16:15;;;;;;;23.12.35;2;1;5;1;2381;;9;13;4;5;8;2;12;1;3;13;2;16;
az4;;;;;;;23.12.35;2;1;4;1;2388;;9;13;4;5;8;2;1;3;13;2;16;12;
a01SQ-~~~16;;;;;;;23.12.45;2;1;4;1;2399;;9;13;4;5;8;2;1;3;13;2;16;12;
*10RQ#~~~16;;;;;;;23.12.45;2;1;4;1;2399;;9;13;4;5;8;2;1;3;13;2;16;12;
*09ET+K1P;;;;;;;23.12.45;2;1;4;1;2399;;9;13;4;5;8;2;1;3;13;2;16;12;
*08AT#Y8~81~H0;s;r;;;;;23.12.51;2;1;4;1;2402;;9;13;4;5;8;2;1;3;13;2;16;12;
a02DT=~~~81;s;;;;;;23.12.51;2;1;4;1;2402;;9;13;4;5;8;2;1;3;13;2;16;12;
*p17:15;;;;;;;23.12.55;2;1;4;1;2406;;9;13;4;5;8;2;1;3;13;2;16;12;
*z6;;;;;;;23.12.55;2;6;4;1;2408;;13;4;5;8;2;9;1;3;13;2;16;12;
*13SQ-~~~56;;;;;;;23.13.33;2;6;4;1;2446;;13;4;5;8;2;9;1;3;13;2;16;12;
a18RQ#~~~56;;;;;;;23.13.33;2;6;4;1;2446;;13;4;5;8;2;9;1;3;13;2;16;12;
a02EQ+K1C;;;;;;;23.13.33;2;6;4;1;2446;;13;4;5;8;2;9;1;3;13;2;16;12;
a13AQ-J1~36~H2;;r;;;;;23.13.38;2;6;4;1;2449;;13;4;5;8;2;9;1;3;13;2;16;12;
*04BQ+~~~~3~~2;;;;;;;23.13.38;2;6;4;1;2449;;13;4;5;8;2;9;1;3;13;2;16;12;
a02EH+;;;;;;;23.13.38;2;6;4;1;2449;;13;4;5;8;2;9;1;3;13;2;16;12;
a03AH#G4~45~H2;s;s;;;;;23.13.40;2;6;4;1;2452;;13;4;5;8;2;9;1;3;13;2;16;12;
*10DH=~~~45;s;;;;;;23.13.40;2;6;4;1;2452;;13;4;5;8;2;9;1;3;13;2;16;12;
ap17:16;;;;;;;23.13.46;2;6;4;1;2456;;13;4;5;8;2;9;1;3;13;2;16;12;
az3;;;;;;;23.13.46;2;6;3;1;2459;;13;4;5;8;2;9;3;13;2;16;12;1;
a03SM!~~~11;;;;;;;23.14.08;2;6;3;1;2482;;13;4;5;8;2;9;3;13;2;16;12;1;
*13RM!~~~11~~~~31;;;;;;;23.14.08;2;6;3;1;2482;;13;4;5;8;2;9;3;13;2;16;12;1;
*09ET#K1B;;;;;;;23.14.08;2;6;3;1;2482;;13;4;5;8;2;9;3;13;2;16;12;1;
*05AT#W2~26~H1;s;r;;;;;23.14.08;2;6;3;1;2485;;13;4;5;8;2;9;3;13;2;16;12;1;
a03DT=~~~26;s;;;;;;23.14.08;2;6;3;1;2485;;13;4;5;8;2;9;3;13;2;16;12;1;
*p18:16;;;;;;;23.14.18;2;6;3;1;2489;;13;4;5;8;2;9;3;13;2;16;12;1;
*z5;;;;;;;23.14.18;2;5;3;1;2491;;4;5;8;2;9;13;3;13;2;16;12;1;
*c04:03;;;;;;;23.14.18;2;5;3;1;2491;;3;5;8;2;9;13;3;13;2;16;12;1;
*03SQ!~~~15;;;;;;;23.14.44;2;5;3;1;2517;;3;5;8;2;9;13;3;13;2;16;12;1;
a16RQ!~~~15~~~~22;;;;;;;23.14.44;2;5;3;1;2517;;3;5;8;2;9;13;3;13;2;16;12;1;
a02ET+KBB;;;;;;;23.14.44;2;5;3;1;2517;;3;5;8;2;9;13;3;13;2;16;12;1;
a01AT=Y9~9~~H2N;p;r;;;;;23.14.50;2;5;3;1;2520;;3;5;8;2;9;13;3;13;2;16;12;1;
*$$&H#;p;;;;;;23.14.50;2;5;3;1;2520;;3;5;8;2;9;13;3;13;2;16;12;1;
*p19:16;;;;;;;23.14.52;2;5;3;1;2524;;3;5;8;2;9;13;3;13;2;16;12;1;
*03SM!~~~18;;;;;;;23.15.06;2;5;3;1;2540;;3;5;8;2;9;13;3;13;2;16;12;1;
a03RM!~~~18~O~~42;;;;;;;23.15.06;2;5;3;1;2540;;3;5;8;2;9;13;3;13;2;16;12;1;
a02ET+K8F;;;;;;;23.15.06;2;5;3;1;2540;;3;5;8;2;9;13;3;13;2;16;12;1;
a16AT=W4~41~H2O;p;r;;;;;23.15.11;2;5;3;1;2543;;3;5;8;2;9;13;3;13;2;16;12;1;
*$$&H#;p;;;;;;23.15.11;2;5;3;1;2543;;3;5;8;2;9;13;3;13;2;16;12;1;
*p20:16;;;;;;;23.15.14;2;5;3;1;2547;;3;5;8;2;9;13;3;13;2;16;12;1;
aT;;;;;;;23.15.14;2;5;3;1;2547;;3;5;8;2;9;13;3;13;2;16;12;1;
*03SQ=~~~16D~~O;s;;;;;;23.16.24;2;5;3;1;2617;;3;5;8;2;9;13;3;13;2;16;12;1;
a$$&H#;s;;;;;;23.16.24;2;5;3;1;2617;;3;5;8;2;9;13;3;13;2;16;12;1;
ap20:17;;;;;;;23.16.27;2;5;3;1;2620;;3;5;8;2;9;13;3;13;2;16;12;1;
az2;;;;;;;23.16.27;2;5;2;1;2620;;3;5;8;2;9;13;13;2;16;12;1;3;
*c03:04;;;;;;;23.16.27;2;5;2;1;2620;;4;5;8;2;9;13;13;2;16;12;1;3;
ac12:15;;;;;;;23.16.27;2;5;2;1;2620;;4;5;8;2;9;13;13;2;16;15;1;3;
a13SM+~~~57;;;;;;;23.16.47;2;5;2;1;2641;;4;5;8;2;9;13;13;2;16;15;1;3;
*08RM-~~~57~O;;;;;;;23.16.47;2;5;2;1;2641;;4;5;8;2;9;13;13;2;16;15;1;3;
*09EH+;;;;;;;23.16.47;2;5;2;1;2641;;4;5;8;2;9;13;13;2;16;15;1;3;
*05AH#G2~25~H2S;s;r;;;;;23.16.52;2;5;2;1;2644;;4;5;8;2;9;13;13;2;16;15;1;3;
a16BH=~~~~4~~2S;s;;;;;;23.16.52;2;5;2;1;2644;;4;5;8;2;9;13;13;2;16;15;1;3;
*p21:17;;;;;;;23.16.58;2;5;2;1;2648;;4;5;8;2;9;13;13;2;16;15;1;3;
*z4;;;;;;;23.16.58;2;4;2;1;2651;;5;8;2;9;13;4;13;2;16;15;1;3;
*c05:01;;;;;;;23.16.58;2;4;2;1;2651;;1;8;2;9;13;4;13;2;16;15;1;3;
*c09:07;;;;;;;23.16.58;2;4;2;1;2651;;1;8;2;7;13;4;13;2;16;15;1;3;
*P1;;;;;;;23.16.58;2;4;2;1;2651;;1;8;2;7;13;4;13;2;16;15;1;3;
*z1;;;;;;;23.16.58;2;1;2;1;2651;;1;8;2;7;13;4;13;2;16;15;1;3;
*01SM-~~~57;;;;;;;23.17.26;2;1;2;1;2680;;1;8;2;7;13;4;13;2;16;15;1;3;
a03RM+~~~57~O~~32;;;;;;;23.17.26;2;1;2;1;2680;;1;8;2;7;13;4;13;2;16;15;1;3;
a02EQ+K1C;;;;;;;23.17.26;2;1;2;1;2680;;1;8;2;7;13;4;13;2;16;15;1;3;
a15AQ=J1~3~~H2N;p;r;;;;;23.17.31;2;1;2;1;2683;;1;8;2;7;13;4;13;2;16;15;1;3;
*$$&H#;p;;;;;;23.17.31;2;1;2;1;2683;;1;8;2;7;13;4;13;2;16;15;1;3;
*p22:17;;;;;;;23.17.33;2;1;2;1;2687;;1;8;2;7;13;4;13;2;16;15;1;3;
*01SM=~~~56~~~N;s;;;;;;23.17.51;2;1;2;1;2705;;1;8;2;7;13;4;13;2;16;15;1;3;
a$$&H#;s;;;;;;23.17.51;2;1;2;1;2705;;1;8;2;7;13;4;13;2;16;15;1;3;
ap22:18;;;;;;;23.17.54;2;1;2;1;2708;;1;8;2;7;13;4;13;2;16;15;1;3;
az1;;;;;;;23.17.54;2;1;1;1;2707;;1;8;2;7;13;4;2;16;15;1;3;13;
a02SM+~~~11;;;;;;;23.18.09;2;1;1;1;2723;;1;8;2;7;13;4;2;16;15;1;3;13;
*08RM-~~~11;;;;;;;23.18.09;2;1;1;1;2723;;1;8;2;7;13;4;2;16;15;1;3;13;
*01EH+~~F;;;;;;;23.18.09;2;1;1;1;2723;;1;8;2;7;13;4;2;16;15;1;3;13;
*07AH-G4~45~H2;;r;;;;;23.18.15;2;1;1;1;2726;;1;8;2;7;13;4;2;16;15;1;3;13;
a01BH+~~~~2~~2;;;;;;;23.18.15;2;1;1;1;2726;;1;8;2;7;13;4;2;16;15;1;3;13;
a20DH+;;;;;;;23.18.18;2;1;1;1;2726;;1;8;2;7;13;4;2;16;15;1;3;13;
a02EH+;;;;;;;23.18.18;2;1;1;1;2726;;1;8;2;7;13;4;2;16;15;1;3;13;
a16AH#G4~45~H2F;p;p;;;;;23.18.20;2;1;1;1;2729;;1;8;2;7;13;4;2;16;15;1;3;13;
*02BH=~~~~2~~2F;p;;;;;;23.18.20;2;1;1;1;2729;;1;8;2;7;13;4;2;16;15;1;3;13;
ap22:19;;;;;;;23.18.24;2;1;1;1;2733;;1;8;2;7;13;4;2;16;15;1;3;13;
a02SM-~~~19;;;;;;;23.18.40;2;1;1;1;2754;;1;8;2;7;13;4;2;16;15;1;3;13;
*08RM#~~~19~O;;;;;;;23.18.40;2;1;1;1;2754;;1;8;2;7;13;4;2;16;15;1;3;13;
*01ET+K1P;;;;;;;23.18.40;2;1;1;1;2754;;1;8;2;7;13;4;2;16;15;1;3;13;
*13AT#Y8~86DH0;s;r;;;;;23.18.45;2;1;1;1;2757;;1;8;2;7;13;4;2;16;15;1;3;13;
a$$&H=;s;;;;;;23.18.45;2;1;1;1;2757;;1;8;2;7;13;4;2;16;15;1;3;13;
*p23:19;;;;;;;23.18.51;2;1;1;1;2761;;1;8;2;7;13;4;2;16;15;1;3;13;
*z6;;;;;;;23.18.51;2;6;1;1;2764;;8;2;7;13;4;1;2;16;15;1;3;13;
*08SQ-~~~16;;;;;;;23.19.04;2;6;1;1;2778;;8;2;7;13;4;1;2;16;15;1;3;13;
a03RQ#~~~16;;;;;;;23.19.04;2;6;1;1;2778;;8;2;7;13;4;1;2;16;15;1;3;13;
a02ET+K1B;;;;;;;23.19.04;2;6;1;1;2778;;8;2;7;13;4;1;2;16;15;1;3;13;
a16AT+W2~21~H2;;r;;;;;23.19.09;2;6;1;1;2781;;8;2;7;13;4;1;2;16;15;1;3;13;
*02BT-~~~~4~~2;;;;;;;23.19.09;2;6;1;1;2781;;8;2;7;13;4;1;2;16;15;1;3;13;
a18DH+;;;;;;;23.19.09;2;6;1;1;2781;;8;2;7;13;4;1;2;16;15;1;3;13;
a02ET+~~F;;;;;;;23.19.09;2;6;1;1;2781;;8;2;7;13;4;1;2;16;15;1;3;13;
a01AT#W4~44~H2;s;s;;;;;23.19.13;2;6;1;1;2784;;8;2;7;13;4;1;2;16;15;1;3;13;
*13DT=~~~44;s;;;;;;23.19.13;2;6;1;1;2784;;8;2;7;13;4;1;2;16;15;1;3;13;
ap23:20;;;;;;;23.19.17;2;6;1;1;2788;;8;2;7;13;4;1;2;16;15;1;3;13;
az6;;;;;;;23.19.17;2;6;6;1;2790;;8;2;7;13;4;1;16;15;1;3;13;2;
a16SQ=~~~15~~~N;s;;;;;;23.19.32;2;6;6;1;2806;;8;2;7;13;4;1;16;15;1;3;13;2;
*$$&H#;s;;;;;;23.19.32;2;6;6;1;2806;;8;2;7;13;4;1;16;15;1;3;13;2;
*p24:20;;;;;;;23.19.35;2;6;6;1;2809;;8;2;7;13;4;1;16;15;1;3;13;2;
*z5;;;;;;;23.19.35;2;5;6;1;2808;;2;7;13;4;1;8;16;15;1;3;13;2;
*02SM!~~~19;;;;;;;23.19.52;2;5;6;1;2825;;2;7;13;4;1;8;16;15;1;3;13;2;
a18RM!~~~19~O~~32;;;;;;;23.19.52;2;5;6;1;2825;;2;7;13;4;1;8;16;15;1;3;13;2;
a02ET+K8F;;;;;;;23.19.52;2;5;6;1;2825;;2;7;13;4;1;8;16;15;1;3;13;2;
a03AT!W4~42~H2;;r;;;;;23.19.56;2;5;6;1;2828;;2;7;13;4;1;8;16;15;1;3;13;2;
*04BT/~~~~2~~2;s;;;;;;23.19.56;2;5;6;1;2828;;2;7;13;4;1;8;16;15;1;3;13;2;
a$$&H#;s;;;;;;23.19.56;2;5;6;1;2828;;2;7;13;4;1;8;16;15;1;3;13;2;
ap24:21;;;;;;;23.20.29;2;5;6;1;2832;;2;7;13;4;1;8;16;15;1;3;13;2;
az5;;;;;;;23.20.29;2;5;5;1;2862;;2;7;13;4;1;8;15;1;3;13;2;16;
a15SM-~~~51;;;;;;;23.21.06;2;5;5;1;2899;;2;7;13;4;1;8;15;1;3;13;2;16;
*10RM+~~~51~~~~32;;;;;;;23.21.06;2;5;5;1;2899;;2;7;13;4;1;8;15;1;3;13;2;16;
*01ET+K1B;;;;;;;23.21.06;2;5;5;1;2899;;2;7;13;4;1;8;15;1;3;13;2;16;
*07AT-W2~21~H2;;r;;;;;23.21.11;2;5;5;1;2902;;2;7;13;4;1;8;15;1;3;13;2;16;
a13BT+~~~~4~~2;;;;;;;23.21.11;2;5;5;1;2902;;2;7;13;4;1;8;15;1;3;13;2;16;
a02DT+~~~21;;;;;;;23.21.11;2;5;5;1;2902;;2;7;13;4;1;8;15;1;3;13;2;16;
a02EH+~~B;;;;;;;23.21.11;2;5;5;1;2902;;2;7;13;4;1;8;15;1;3;13;2;16;
a01AH-G2~25~H2;;p;;;;;23.21.13;2;5;5;1;2905;;2;7;13;4;1;8;15;1;3;13;2;16;
*13BH+~~~~4~~2;;;;;;;23.21.13;2;5;5;1;2905;;2;7;13;4;1;8;15;1;3;13;2;16;
*08DH+;;;;;;;23.21.16;2;5;5;1;2905;;2;7;13;4;1;8;15;1;3;13;2;16;
*01ET#;;;;;;;23.21.16;2;5;5;1;2905;;2;7;13;4;1;8;15;1;3;13;2;16;
*07AT=W2~29~H1S;p;s;;;;;23.21.18;2;5;5;1;2908;;2;7;13;4;1;8;15;1;3;13;2;16;
a$$&H#;p;;;;;;23.21.18;2;5;5;1;2908;;2;7;13;4;1;8;15;1;3;13;2;16;
ap24:22;;;;;;;23.21.20;2;5;5;1;2912;;2;7;13;4;1;8;15;1;3;13;2;16;
a15SM+~~~51;;;;;;;23.22.14;2;5;5;1;2967;;2;7;13;4;1;8;15;1;3;13;2;16;
*10RM-~~~51;;;;;;;23.22.14;2;5;5;1;2967;;2;7;13;4;1;8;15;1;3;13;2;16;
*01EH+;;;;;;;23.22.14;2;5;5;1;2967;;2;7;13;4;1;8;15;1;3;13;2;16;
*13AH#G4~41~H2;s;r;;;;;23.22.19;2;5;5;1;2970;;2;7;13;4;1;8;15;1;3;13;2;16;
a02DH=~~~41;s;;;;;;23.22.19;2;5;5;1;2970;;2;7;13;4;1;8;15;1;3;13;2;16;
*p25:22;;;;;;;23.22.25;2;5;5;1;2974;;2;7;13;4;1;8;15;1;3;13;2;16;
**2set;;;;;;;23.22.25;3;5;5;1;2978;;;;;;;;;;;;;;
*P09>LUp;;;;;;;23.22.25;3;5;5;1;2978;;13;4;5;8;2;9;1;15;16;3;13;2;
*z6>LUp;;;;;;;23.22.25;3;6;5;1;2978;;13;4;5;8;2;9;1;15;16;3;13;2;
aP02>LUp;;;;;;;23.22.25;3;6;5;1;2978;;13;4;5;8;2;9;1;15;16;3;13;2;
az6>LUp;;;;;;;23.22.25;3;6;6;1;2978;;13;4;5;8;2;9;1;15;16;3;13;2;
*13SQ!~~~51~~~N;;;;;;;23.25.53;3;6;6;1;3187;;13;4;5;8;2;9;1;15;16;3;13;2;
a01RQ!~~~51~W~~31;;;;;;;23.25.53;3;6;6;1;3187;;13;4;5;8;2;9;1;15;16;3;13;2;
a02EQ+KCC~~~1;;;;;;;23.25.53;3;6;6;1;3187;;13;4;5;8;2;9;1;15;16;3;13;2;
a15AQ#J4~36~H1;s;r;;;;;23.26.04;3;6;6;1;3190;;13;4;5;8;2;9;1;15;16;3;13;2;
*13DQ=~~~36;s;;;;;;23.26.04;3;6;6;1;3190;;13;4;5;8;2;9;1;15;16;3;13;2;
ap00:01;;;;;;;23.26.08;3;6;6;1;3194;;13;4;5;8;2;9;1;15;16;3;13;2;
az5;;;;;;;23.26.08;3;6;5;1;3201;;13;4;5;8;2;9;15;16;3;13;2;1;
a15SM!~~~51;;;;;;;23.26.16;3;6;5;1;3210;;13;4;5;8;2;9;15;16;3;13;2;1;
*13RM!~~~51~O~~21;;;;;;;23.26.16;3;6;5;1;3210;;13;4;5;8;2;9;15;16;3;13;2;1;
*09EQ#KBC;;;;;;;23.26.16;3;6;5;1;3210;;13;4;5;8;2;9;15;16;3;13;2;1;
*04AQ#J4~32~T1;s;r;;;;;23.26.21;3;6;5;1;3213;;13;4;5;8;2;9;15;16;3;13;2;1;
a03DQ=~~~32;s;;;;;;23.26.21;3;6;5;1;3213;;13;4;5;8;2;9;15;16;3;13;2;1;
*p01:01;;;;;;;23.26.26;3;6;5;1;3217;;13;4;5;8;2;9;15;16;3;13;2;1;
*z5;;;;;;;23.26.26;3;5;5;1;3219;;4;5;8;2;9;13;15;16;3;13;2;1;
*04SM-~~~15;;;;;;;23.26.39;3;5;5;1;3234;;4;5;8;2;9;13;15;16;3;13;2;1;
a03RM+~~~15~~~~21;;;;;;;23.26.39;3;5;5;1;3234;;4;5;8;2;9;13;15;16;3;13;2;1;
a02ET+KBB;;;;;;;23.26.52;3;5;5;1;3234;;4;5;8;2;9;13;15;16;3;13;2;1;
a16AT-W2~21~H2;;r;;;;;23.26.45;3;5;5;1;3237;;4;5;8;2;9;13;15;16;3;13;2;1;
*02BT+~~~~4~~2;;;;;;;23.26.45;3;5;5;1;3237;;4;5;8;2;9;13;15;16;3;13;2;1;
*13DH+;;;;;;;23.26.47;3;5;5;1;3237;;4;5;8;2;9;13;15;16;3;13;2;1;
*09EH+~~B;;;;;;;23.26.47;3;5;5;1;3237;;4;5;8;2;9;13;15;16;3;13;2;1;
*05AH-G2~21~H2;;p;;;;;23.26.49;3;5;5;1;3240;;4;5;8;2;9;13;15;16;3;13;2;1;
a02DH+~~~21;;;;;;;23.26.49;3;5;5;1;3240;;4;5;8;2;9;13;15;16;3;13;2;1;
a18EH+~~F~4;;;;;;;23.26.49;3;5;5;1;3240;;4;5;8;2;9;13;15;16;3;13;2;1;
a03AH+G4~42~T2;;s;;;;;23.26.54;3;5;5;1;3243;;4;5;8;2;9;13;15;16;3;13;2;1;
*02BH-~~~~2~~2;;;;;;;23.26.54;3;5;5;1;3243;;4;5;8;2;9;13;15;16;3;13;2;1;
a03DH+;;;;;;;23.26.56;3;5;5;1;3243;;4;5;8;2;9;13;15;16;3;13;2;1;
a02ET+~~F;;;;;;;23.26.56;3;5;5;1;3243;;4;5;8;2;9;13;15;16;3;13;2;1;
a03AT+W4~46~T2;;s;;;;;23.26.59;3;5;5;1;3247;;4;5;8;2;9;13;15;16;3;13;2;1;
*13DH+~~~46;;;;;;;23.26.59;3;5;5;1;3247;;4;5;8;2;9;13;15;16;3;13;2;1;
*02AH=G3~3~~H~N;s;p;;;;;23.27.06;3;5;5;1;3250;;4;5;8;2;9;13;15;16;3;13;2;1;
a$$&H#;s;;;;;;23.27.06;3;5;5;1;3250;;4;5;8;2;9;13;15;16;3;13;2;1;
ap01:02;;;;;;;23.27.07;3;5;5;1;3254;;4;5;8;2;9;13;15;16;3;13;2;1;
az4;;;;;;;23.27.07;3;5;4;1;3260;;4;5;8;2;9;13;16;3;13;2;1;15;
a16SQ!~~~11;;;;;;;23.27.39;3;5;4;1;3292;;4;5;8;2;9;13;16;3;13;2;1;15;
*10RQ!~~~11~~~~32;;;;;;;23.27.39;3;5;4;1;3292;;4;5;8;2;9;13;16;3;13;2;1;15;
*09EH+K2F;;;;;;;23.27.39;3;5;4;1;3292;;4;5;8;2;9;13;16;3;13;2;1;15;
*08AH+G4~45~H2;;r;;;;;23.27.43;3;5;4;1;3295;;4;5;8;2;9;13;16;3;13;2;1;15;
a13BH-~~~~2~~2;;;;;;;23.27.43;3;5;4;1;3295;;4;5;8;2;9;13;16;3;13;2;1;15;
*02DH+;;;;;;;23.27.46;3;5;4;1;3295;;4;5;8;2;9;13;16;3;13;2;1;15;
*09ET+;;;;;;;23.27.46;3;5;4;1;3295;;4;5;8;2;9;13;16;3;13;2;1;15;
*08AT/W4~45~H2;p;s;;;;;23.27.47;3;5;4;1;3298;;4;5;8;2;9;13;16;3;13;2;1;15;
a13BT#~~~~2~~2;p;;;;;;23.27.47;3;5;4;1;3298;;4;5;8;2;9;13;16;3;13;2;1;15;
ap01:03;;;;;;;23.27.52;3;5;4;1;3302;;4;5;8;2;9;13;16;3;13;2;1;15;
a16SQ!~~~15;;;;;;;23.28.05;3;5;4;1;3320;;4;5;8;2;9;13;16;3;13;2;1;15;
*08RQ!~~~15~~~~41;;;;;;;23.28.05;3;5;4;1;3320;;4;5;8;2;9;13;16;3;13;2;1;15;
*09EQ#K1C;;;;;;;23.28.05;3;5;4;1;3320;;4;5;8;2;9;13;16;3;13;2;1;15;
*02AQ-J1~31~H1;;r;;;;;23.28.11;3;5;4;1;3323;;4;5;8;2;9;13;16;3;13;2;1;15;
a16DQ+~~~31;;;;;;;23.28.11;3;5;4;1;3323;;4;5;8;2;9;13;16;3;13;2;1;15;
a02ET+;;;;;;;23.28.11;3;5;4;1;3323;;4;5;8;2;9;13;16;3;13;2;1;15;
a03AT+W4~46~H2;;p;;;;;23.28.14;3;5;4;1;3326;;4;5;8;2;9;13;16;3;13;2;1;15;
*05BT-~~~~2~~2;;;;;;;23.28.14;3;5;4;1;3326;;4;5;8;2;9;13;16;3;13;2;1;15;
a02ET+;;;;;;;23.28.14;3;5;4;1;3326;;4;5;8;2;9;13;16;3;13;2;1;15;
a03AT=W4~45~H2S;s;p;;;;;23.28.17;3;5;4;1;3329;;4;5;8;2;9;13;16;3;13;2;1;15;
*$$&H#;s;;;;;;23.28.17;3;5;4;1;3329;;4;5;8;2;9;13;16;3;13;2;1;15;
*p02:03;;;;;;;23.28.25;3;5;4;1;3333;;4;5;8;2;9;13;16;3;13;2;1;15;
*z4;;;;;;;23.28.25;3;4;4;1;3338;;5;8;2;9;13;4;16;3;13;2;1;15;
*05SQ!~~~11;;;;;;;23.28.43;3;4;4;1;3356;;5;8;2;9;13;4;16;3;13;2;1;15;
a18RQ!~~~11~~~~41;;;;;;;23.28.43;3;4;4;1;3356;;5;8;2;9;13;4;16;3;13;2;1;15;
a02EQ+KFC;;;;;;;23.28.43;3;4;4;1;3356;;5;8;2;9;13;4;16;3;13;2;1;15;
a13AQ-J3~35~H2;;r;;;;;23.28.47;3;4;4;1;3359;;5;8;2;9;13;4;16;3;13;2;1;15;
*10DQ+~~~35;;;;;;;23.28.47;3;4;4;1;3359;;5;8;2;9;13;4;16;3;13;2;1;15;
*09ET+;;;;;;;23.28.47;3;4;4;1;3359;;5;8;2;9;13;4;16;3;13;2;1;15;
*08AT=W4~45~H2O;s;p;;;;;23.28.50;3;4;4;1;3362;;5;8;2;9;13;4;16;3;13;2;1;15;
a$$&H#;s;;;;;;23.28.50;3;4;4;1;3362;;5;8;2;9;13;4;16;3;13;2;1;15;
ap02:04;;;;;;;23.28.54;3;4;4;1;3366;;5;8;2;9;13;4;16;3;13;2;1;15;
az3;;;;;;;23.28.54;3;4;3;1;3367;;5;8;2;9;13;4;3;13;2;1;15;16;
a03SM!~~~16;;;;;;;23.29.10;3;4;3;1;3384;;5;8;2;9;13;4;3;13;2;1;15;16;
*13RM!~~~16~~~~21;;;;;;;23.29.10;3;4;3;1;3384;;5;8;2;9;13;4;3;13;2;1;15;16;
*09ET+KBB~~~~~~K2;;;;;;;23.29.10;3;4;3;1;3384;;5;8;2;9;13;4;3;13;2;1;15;16;
*05AT#Y9~96~H2;s;r;;;;;23.29.16;3;4;3;1;3387;;5;8;2;9;13;4;3;13;2;1;15;16;
a03DT=~~~96;s;;;;;;23.29.16;3;4;3;1;3387;;5;8;2;9;13;4;3;13;2;1;15;16;
*p03:04;;;;;;;23.29.21;3;4;3;1;3391;;5;8;2;9;13;4;3;13;2;1;15;16;
*z3;;;;;;;23.29.21;3;3;3;1;3394;;8;2;9;13;4;5;3;13;2;1;15;16;
*08SQ-~~~16;;;;;;;23.29.35;3;3;3;1;3409;;8;2;9;13;4;5;3;13;2;1;15;16;
a18RQ#~~~16;;;;;;;23.29.35;3;3;3;1;3409;;8;2;9;13;4;5;3;13;2;1;15;16;
a02ET#K1B;;;;;;;23.29.35;3;3;3;1;3409;;8;2;9;13;4;5;3;13;2;1;15;16;
a16AT=Y9~9~~H1N;p;r;;;;;23.29.41;3;3;3;1;3412;;8;2;9;13;4;5;3;13;2;1;15;16;
*$$&H#;p;;;;;;23.29.41;3;3;3;1;3412;;8;2;9;13;4;5;3;13;2;1;15;16;
*p04:04;;;;;;;23.29.45;3;3;3;1;3416;;8;2;9;13;4;5;3;13;2;1;15;16;
*08SM!~~~15;;;;;;;23.30.00;3;3;3;1;3434;;8;2;9;13;4;5;3;13;2;1;15;16;
a18RM!~~~15~O~~31;;;;;;;23.30.00;3;3;3;1;3434;;8;2;9;13;4;5;3;13;2;1;15;16;
a02EQ+KCC~~~1;;;;;;;23.30.00;3;3;3;1;3434;;8;2;9;13;4;5;3;13;2;1;15;16;
a13AQ#J1~33~T2;s;r;;;;;23.30.08;3;3;3;1;3437;;8;2;9;13;4;5;3;13;2;1;15;16;
*$$&H=;s;;;;;;23.30.08;3;3;3;1;3437;;8;2;9;13;4;5;3;13;2;1;15;16;
ap04:05;;;;;;;23.30.13;3;3;3;1;3441;;8;2;9;13;4;5;3;13;2;1;15;16;
az2;;;;;;;23.30.13;3;3;2;1;3446;;8;2;9;13;4;5;13;2;1;15;16;3;
a13SM!~~~51;;;;;;;23.30.25;3;3;2;1;3459;;8;2;9;13;4;5;13;2;1;15;16;3;
*08RM!~~~51~~~~21;;;;;;;23.30.25;3;3;2;1;3459;;8;2;9;13;4;5;13;2;1;15;16;3;
*09ET+KBF~~~~~~K1;;;;;;;23.30.25;3;3;2;1;3459;;8;2;9;13;4;5;13;2;1;15;16;3;
*13AT!W4~42~H2;;r;;;;;23.30.30;3;3;2;1;3462;;8;2;9;13;4;5;13;2;1;15;16;3;
a02BT/~~~~2~~2;s;;;;;;23.30.30;3;3;2;1;3462;;8;2;9;13;4;5;13;2;1;15;16;3;
*$$&H#;s;;;;;;23.30.30;3;3;2;1;3462;;8;2;9;13;4;5;13;2;1;15;16;3;
*p05:05;;;;;;;23.30.34;3;3;2;1;3466;;8;2;9;13;4;5;13;2;1;15;16;3;
*z2;;;;;;;23.30.34;3;2;2;1;3467;;2;9;13;4;5;8;13;2;1;15;16;3;
a16EH=~~~~~~~~~ZONA;p;;;;;;23.31.05;3;2;2;1;0;;2;9;13;4;5;8;13;2;1;15;16;3;
*$$&H#;p;;;;;;23.31.05;3;2;2;1;0;;2;9;13;4;5;8;13;2;1;15;16;3;
*p06:05;;;;;;;23.31.09;3;2;2;1;4;;2;9;13;4;5;8;13;2;1;15;16;3;
*02SQ+~~~66;;;;;;;23.31.20;3;2;2;1;3514;;2;9;13;4;5;8;13;2;1;15;16;3;
a03RQ-~~~66;;;;;;;23.31.20;3;2;2;1;3514;;2;9;13;4;5;8;13;2;1;15;16;3;
a18EH+;;;;;;;23.31.20;3;2;2;1;3514;;2;9;13;4;5;8;13;2;1;15;16;3;
a01AH=G4~4~~H2I;p;r;;;;;23.31.27;3;2;2;1;3517;;2;9;13;4;5;8;13;2;1;15;16;3;
*$$&H#;p;;;;;;23.31.27;3;2;2;1;3517;;2;9;13;4;5;8;13;2;1;15;16;3;
*p07:05;;;;;;;23.31.31;3;2;2;1;3521;;2;9;13;4;5;8;13;2;1;15;16;3;
*02SQ!~~~66;;;;;;;23.31.47;3;2;2;1;3540;;2;9;13;4;5;8;13;2;1;15;16;3;
a03RQ!~~~66~~~~22;;;;;;;23.31.47;3;2;2;1;3540;;2;9;13;4;5;8;13;2;1;15;16;3;
a02ET+K9F;;;;;;;23.31.47;3;2;2;1;3540;;2;9;13;4;5;8;13;2;1;15;16;3;
a01AT#W4~45~H2;s;r;;;;;23.31.52;3;2;2;1;3543;;2;9;13;4;5;8;13;2;1;15;16;3;
*02DT=~~~45;s;;;;;;23.31.52;3;2;2;1;3543;;2;9;13;4;5;8;13;2;1;15;16;3;
ap07:06;;;;;;;23.31.58;3;2;2;1;3547;;2;9;13;4;5;8;13;2;1;15;16;3;
az1;;;;;;;23.31.58;3;2;1;1;3551;;2;9;13;4;5;8;2;1;15;16;3;13;
a02SM-~~~16;;;;;;;23.32.12;3;2;1;1;3565;;2;9;13;4;5;8;2;1;15;16;3;13;
*08RM#~~~16;;;;;;;23.32.12;3;2;1;1;3565;;2;9;13;4;5;8;2;1;15;16;3;13;
*09ET+K2B;;;;;;;23.32.12;3;2;1;1;3565;;2;9;13;4;5;8;2;1;15;16;3;13;
*05AT-Y9~96~H2;;r;;;;;23.32.17;3;2;1;1;3568;;2;9;13;4;5;8;2;1;15;16;3;13;
a15BT+~~~~4~~2;;;;;;;23.32.17;3;2;1;1;3568;;2;9;13;4;5;8;2;1;15;16;3;13;
*10FH=;p;;;;;;23.32.28;3;2;1;1;3571;;2;9;13;4;5;8;2;1;15;16;3;13;
a$$&H#;p;;;;;;23.32.28;3;2;1;1;3571;;2;9;13;4;5;8;2;1;15;16;3;13;
ap07:07;;;;;;;23.32.29;3;2;1;1;3575;;2;9;13;4;5;8;2;1;15;16;3;13;
a02SM/~~~16B;;;;;;;23.32.36;3;2;1;1;3590;;2;9;13;4;5;8;2;1;15;16;3;13;
*08RM/~~~16BW;;;;;;;23.32.36;3;2;1;1;3590;;2;9;13;4;5;8;2;1;15;16;3;13;
a01AO#V3~3~~H;p;p;;;;;23.32.43;3;2;1;1;3592;;2;9;13;4;5;8;2;1;15;16;3;13;
*$$&H=;p;;;;;;23.32.43;3;2;1;1;3592;;2;9;13;4;5;8;2;1;15;16;3;13;
ap07:08;;;;;;;23.32.44;3;2;1;1;3596;;2;9;13;4;5;8;2;1;15;16;3;13;
a02SM=~~~11A~~O;s;;;;;;23.32.58;3;2;1;1;3612;;2;9;13;4;5;8;2;1;15;16;3;13;
*$$&H#;s;;;;;;23.32.58;3;2;1;1;3612;;2;9;13;4;5;8;2;1;15;16;3;13;
*p08:08;;;;;;;23.33.03;3;2;1;1;3617;;2;9;13;4;5;8;2;1;15;16;3;13;
*z1;;;;;;;23.33.03;3;1;1;1;3616;;9;13;4;5;8;2;2;1;15;16;3;13;
*09SM-~~~17;;;;;;;23.33.17;3;1;1;1;3631;;9;13;4;5;8;2;2;1;15;16;3;13;
a03RM#~~~17~O;;;;;;;23.33.17;3;1;1;1;3631;;9;13;4;5;8;2;2;1;15;16;3;13;
a02EQ+K3C;;;;;;;23.33.28;3;1;1;1;3631;;9;13;4;5;8;2;2;1;15;16;3;13;
a15AQ-J3~34~T1;;r;;;;;23.33.22;3;1;1;1;3634;;9;13;4;5;8;2;2;1;15;16;3;13;
*13BQ+~~~~3~~1;;;;;;;23.33.22;3;1;1;1;3634;;9;13;4;5;8;2;2;1;15;16;3;13;
*10EH+~~F;;;;;;;23.33.24;3;1;1;1;3634;;9;13;4;5;8;2;2;1;15;16;3;13;
*13AH-G4~42~T2;;p;;;;;23.33.24;3;1;1;1;3637;;9;13;4;5;8;2;2;1;15;16;3;13;
a01DH+~~~42;;;;;;;23.33.24;3;1;1;1;3637;;9;13;4;5;8;2;2;1;15;16;3;13;
*04EH-~~~~4;;;;;;;23.33.24;3;1;1;1;3637;;9;13;4;5;8;2;2;1;15;16;3;13;
a16AH-G4~42~T2;;s;;;;;23.33.33;3;1;1;1;3640;;9;13;4;5;8;2;2;1;15;16;3;13;
*10DH+~~~42;;;;;;;23.33.33;3;1;1;1;3640;;9;13;4;5;8;2;2;1;15;16;3;13;
*05EH+~~F;;;;;;;23.33.33;3;1;1;1;3640;;9;13;4;5;8;2;2;1;15;16;3;13;
*13AH+G4~49~T2;;p;;;;;23.33.33;3;1;1;1;3644;;9;13;4;5;8;2;2;1;15;16;3;13;
a02DH-~~~49;;;;;;;23.33.37;3;1;1;1;3644;;9;13;4;5;8;2;2;1;15;16;3;13;
a02EH+;;;;;;;23.33.37;3;1;1;1;3644;;9;13;4;5;8;2;2;1;15;16;3;13;
a01AH/G2~21~H2;p;s;;;;;23.33.39;3;1;1;1;3647;;9;13;4;5;8;2;2;1;15;16;3;13;
*04BH#~~~~4~~2;p;;;;;;23.33.39;3;1;1;1;3647;;9;13;4;5;8;2;2;1;15;16;3;13;
*p09:08;;;;;;;23.33.43;3;1;1;1;3651;;9;13;4;5;8;2;2;1;15;16;3;13;
*09SM!~~~11;;;;;;;23.34.03;3;1;1;1;3677;;9;13;4;5;8;2;2;1;15;16;3;13;
a18RM!~~~11~~~~21;;;;;;;23.34.03;3;1;1;1;3677;;9;13;4;5;8;2;2;1;15;16;3;13;
a02ET+KBB;;;;;;;23.34.03;3;1;1;1;3677;;9;13;4;5;8;2;2;1;15;16;3;13;
a01AT#W2~26~H2O;s;r;;;;;23.34.07;3;1;1;1;3680;;9;13;4;5;8;2;2;1;15;16;3;13;
*13BT=~~~~4~~2O;s;;;;;;23.34.07;3;1;1;1;3680;;9;13;4;5;8;2;2;1;15;16;3;13;
ap09:09;;;;;;;23.34.10;3;1;1;1;3684;;9;13;4;5;8;2;2;1;15;16;3;13;
az6;;;;;;;23.34.10;3;1;6;1;3683;;9;13;4;5;8;2;1;15;16;3;13;2;
a01SQ!~~~66;;;;;;;23.34.30;3;1;6;1;3704;;9;13;4;5;8;2;1;15;16;3;13;2;
*10RQ!~~~66~~~~22;;;;;;;23.34.30;3;1;6;1;3704;;9;13;4;5;8;2;1;15;16;3;13;2;
*09ET+KBF~~~~~~K1;;;;;;;23.34.30;3;1;6;1;3704;;9;13;4;5;8;2;1;15;16;3;13;2;
*05AT#W4~45~H2S;s;r;;;;;23.34.35;3;1;6;1;3707;;9;13;4;5;8;2;1;15;16;3;13;2;
a15BT=~~~~2~~2S;s;;;;;;23.34.35;3;1;6;1;3707;;9;13;4;5;8;2;1;15;16;3;13;2;
*p10:09;;;;;;;23.34.40;3;1;6;1;3711;;9;13;4;5;8;2;1;15;16;3;13;2;
*z6;;;;;;;23.34.40;3;6;6;1;3713;;13;4;5;8;2;9;1;15;16;3;13;2;
*13SQ-~~~56;;;;;;;23.34.50;3;6;6;1;3724;;13;4;5;8;2;9;1;15;16;3;13;2;
a18RQ+~~~56~~~~32;;;;;;;23.34.50;3;6;6;1;3724;;13;4;5;8;2;9;1;15;16;3;13;2;
a02EQ+K1C;;;;;;;23.34.50;3;6;6;1;3724;;13;4;5;8;2;9;1;15;16;3;13;2;
a15AQ-J4~34~T1;;r;;;;;23.34.55;3;6;6;1;3727;;13;4;5;8;2;9;1;15;16;3;13;2;
*08DQ+~~~34;;;;;;;23.34.55;3;6;6;1;3727;;13;4;5;8;2;9;1;15;16;3;13;2;
*09ET+;;;;;;;23.34.55;3;6;6;1;3727;;13;4;5;8;2;9;1;15;16;3;13;2;
*05AT#W2~26~H2F;p;p;;;;;23.34.59;3;6;6;1;3730;;13;4;5;8;2;9;1;15;16;3;13;2;
a15BT=~~~~4~~2F;p;;;;;;23.34.59;3;6;6;1;3730;;13;4;5;8;2;9;1;15;16;3;13;2;
*p11:09;;;;;;;23.35.05;3;6;6;1;3734;;13;4;5;8;2;9;1;15;16;3;13;2;
*13SQ-~~~52~~~N;;;;;;;23.35.14;3;6;6;1;3748;;13;4;5;8;2;9;1;15;16;3;13;2;
a15RQ+~~~52~~~~21;;;;;;;23.35.14;3;6;6;1;3748;;13;4;5;8;2;9;1;15;16;3;13;2;
a02ET+K1B;;;;;;;23.35.14;3;6;6;1;3748;;13;4;5;8;2;9;1;15;16;3;13;2;
a16AT+W2~21~H2;;r;;;;;23.35.20;3;6;6;1;3751;;13;4;5;8;2;9;1;15;16;3;13;2;
*04BT-~~~~4~~2;;;;;;;23.35.20;3;6;6;1;3751;;13;4;5;8;2;9;1;15;16;3;13;2;
a15DH+;;;;;;;23.35.22;3;6;6;1;3751;;13;4;5;8;2;9;1;15;16;3;13;2;
a02ET+;;;;;;;23.35.22;3;6;6;1;3751;;13;4;5;8;2;9;1;15;16;3;13;2;
a03AT#W4~49~T2;s;s;;;;;23.35.24;3;6;6;1;3754;;13;4;5;8;2;9;1;15;16;3;13;2;
*$$&H=;s;;;;;;23.35.24;3;6;6;1;3754;;13;4;5;8;2;9;1;15;16;3;13;2;
ap11:10;;;;;;;23.35.30;3;6;6;1;3758;;13;4;5;8;2;9;1;15;16;3;13;2;
az5;;;;;;;23.35.30;3;6;5;1;3763;;13;4;5;8;2;9;15;16;3;13;2;1;
a15SM-~~~16;;;;;;;23.35.45;3;6;5;1;3779;;13;4;5;8;2;9;15;16;3;13;2;1;
*10RM+~~~16~~~~32;;;;;;;23.35.45;3;6;5;1;3779;;13;4;5;8;2;9;15;16;3;13;2;1;
*09EQ#K1C;;;;;;;23.35.45;3;6;5;1;3779;;13;4;5;8;2;9;15;16;3;13;2;1;
*04AQ#J1~36DH1;s;r;;;;;23.35.50;3;6;5;1;3782;;13;4;5;8;2;9;15;16;3;13;2;1;
a$$&H=;s;;;;;;23.35.50;3;6;5;1;3782;;13;4;5;8;2;9;15;16;3;13;2;1;
*p12:10;;;;;;;23.35.53;3;6;5;1;3786;;13;4;5;8;2;9;15;16;3;13;2;1;
*z5;;;;;;;23.35.53;3;5;5;1;3786;;4;5;8;2;9;13;15;16;3;13;2;1;
*04SM-~~~17A;;;;;;;23.36.07;3;5;5;1;3801;;4;5;8;2;9;13;15;16;3;13;2;1;
a03RM+~~~17AO~~21;;;;;;;23.36.07;3;5;5;1;3801;;4;5;8;2;9;13;15;16;3;13;2;1;
a02ET#K2F;;;;;;;23.36.07;3;5;5;1;3801;;4;5;8;2;9;13;15;16;3;13;2;1;
a03AT#W4~41~H1;s;r;;;;;23.36.10;3;5;5;1;3804;;4;5;8;2;9;13;15;16;3;13;2;1;
*09DT=~~~41;s;;;;;;23.36.10;3;5;5;1;3804;;4;5;8;2;9;13;15;16;3;13;2;1;
ap12:11;;;;;;;23.36.15;3;5;5;1;3808;;4;5;8;2;9;13;15;16;3;13;2;1;
az4;;;;;;;23.36.15;3;5;4;1;3808;;4;5;8;2;9;13;16;3;13;2;1;15;
a16SQ=~~~11D~~O;s;;;;;;23.36.29;3;5;4;1;3823;;4;5;8;2;9;13;16;3;13;2;1;15;
*$$&H#;s;;;;;;23.36.29;3;5;4;1;3823;;4;5;8;2;9;13;16;3;13;2;1;15;
*p13:11;;;;;;;23.36.34;3;5;4;1;3828;;4;5;8;2;9;13;16;3;13;2;1;15;
*z4;;;;;;;23.36.34;3;4;4;1;3827;;5;8;2;9;13;4;16;3;13;2;1;15;
*05SQ!~~~16;;;;;;;23.37.58;3;4;4;1;3911;;5;8;2;9;13;4;16;3;13;2;1;15;
a01RQ!~~~16~~~~41;;;;;;;23.37.58;3;4;4;1;3911;;5;8;2;9;13;4;16;3;13;2;1;15;
a02ET+KFF;;;;;;;23.37.58;3;4;4;1;3911;;5;8;2;9;13;4;16;3;13;2;1;15;
a03AT-W4~42~T2;;r;;;;;23.38.04;3;4;4;1;3914;;5;8;2;9;13;4;16;3;13;2;1;15;
*02DT+~~~42;;;;;;;23.38.04;3;4;4;1;3914;;5;8;2;9;13;4;16;3;13;2;1;15;
*09EH+~~F;;;;;;;23.38.04;3;4;4;1;3914;;5;8;2;9;13;4;16;3;13;2;1;15;
*08AH-G4~42~T2;;p;;;;;23.38.07;3;4;4;1;3917;;5;8;2;9;13;4;16;3;13;2;1;15;
a02BH+~~~~2~~2;;;;;;;23.38.07;3;4;4;1;3917;;5;8;2;9;13;4;16;3;13;2;1;15;
a16DH+~~~~2;;;;;;;23.38.07;3;4;4;1;3917;;5;8;2;9;13;4;16;3;13;2;1;15;
a02ET+~~F;;;;;;;23.38.07;3;4;4;1;3917;;5;8;2;9;13;4;16;3;13;2;1;15;
a03AT-W4~42~T2;;s;;;;;23.38.10;3;4;4;1;3920;;5;8;2;9;13;4;16;3;13;2;1;15;
*05DT+~~~42;;;;;;;23.38.10;3;4;4;1;3920;;5;8;2;9;13;4;16;3;13;2;1;15;
*09ET+;;;;;;;23.38.10;3;4;4;1;3920;;5;8;2;9;13;4;16;3;13;2;1;15;
*08AT#W4~45~H2;p;p;;;;;23.38.13;3;4;4;1;3924;;5;8;2;9;13;4;16;3;13;2;1;15;
a$$&H=;p;;;;;;23.38.13;3;4;4;1;3924;;5;8;2;9;13;4;16;3;13;2;1;15;
*p14:11;;;;;;;23.38.16;3;4;4;1;3928;;5;8;2;9;13;4;16;3;13;2;1;15;
aT;;;;;;;23.38.16;3;4;4;1;3929;;5;8;2;9;13;4;16;3;13;2;1;15;
*05SQ=~~~16A~~O;s;;;;;;23.39.57;3;4;4;1;4028;;5;8;2;9;13;4;16;3;13;2;1;15;
a$$&H#;s;;;;;;23.39.57;3;4;4;1;4028;;5;8;2;9;13;4;16;3;13;2;1;15;
ap14:12;;;;;;;23.40.01;3;4;4;1;4032;;5;8;2;9;13;4;16;3;13;2;1;15;
az3;;;;;;;23.40.01;3;4;3;1;4034;;5;8;2;9;13;4;3;13;2;1;15;16;
a03SM!~~~11;;;;;;;23.40.13;3;4;3;1;4047;;5;8;2;9;13;4;3;13;2;1;15;16;
*10RM!~~~11~~~~41;;;;;;;23.40.13;3;4;3;1;4047;;5;8;2;9;13;4;3;13;2;1;15;16;
*09ET+K1F;;;;;;;23.40.13;3;4;3;1;4047;;5;8;2;9;13;4;3;13;2;1;15;16;
*08AT-W4~46~T2;;r;;;;;23.40.18;3;4;3;1;4050;;5;8;2;9;13;4;3;13;2;1;15;16;
a03DT+~~~46;;;;;;;23.40.18;3;4;3;1;4050;;5;8;2;9;13;4;3;13;2;1;15;16;
a02EQ#;;;;;;;23.40.18;3;4;3;1;4050;;5;8;2;9;13;4;3;13;2;1;15;16;
a13AQ#J1~35~H1;p;p;;;;;23.40.21;3;4;3;1;4053;;5;8;2;9;13;4;3;13;2;1;15;16;
*10DQ=~~~35;p;;;;;;23.40.21;3;4;3;1;4053;;5;8;2;9;13;4;3;13;2;1;15;16;
ap14:13;;;;;;;23.40.25;3;4;3;1;4057;;5;8;2;9;13;4;3;13;2;1;15;16;
a03SM-~~~11;;;;;;;23.40.38;3;4;3;1;4072;;5;8;2;9;13;4;3;13;2;1;15;16;
*10RM+~~~11~~~~21;;;;;;;23.40.38;3;4;3;1;4072;;5;8;2;9;13;4;3;13;2;1;15;16;
*09EO+K2S;;;;;;;23.40.38;3;4;3;1;4072;;5;8;2;9;13;4;3;13;2;1;15;16;
*09AO#JJ~39~T1;s;r;;;;;23.40.44;3;4;3;1;4074;;5;8;2;9;13;4;3;13;2;1;15;16;
a$$&H=;s;;;;;;23.40.44;3;4;3;1;4074;;5;8;2;9;13;4;3;13;2;1;15;16;
*p15:13;;;;;;;23.40.46;3;4;3;1;4078;;5;8;2;9;13;4;3;13;2;1;15;16;
*z3;;;;;;;23.40.46;3;3;3;1;4079;;8;2;9;13;4;5;3;13;2;1;15;16;
*08SM!~~~18;;;;;;;23.41.03;3;3;3;1;4097;;8;2;9;13;4;5;3;13;2;1;15;16;
a03RM!~~~18~O~~41;;;;;;;23.41.03;3;3;3;1;4097;;8;2;9;13;4;5;3;13;2;1;15;16;
a02ET+KFF;;;;;;;23.41.03;3;3;3;1;4097;;8;2;9;13;4;5;3;13;2;1;15;16;
a01AT=W4~46~H2O;p;r;;;;;23.41.08;3;3;3;1;4100;;8;2;9;13;4;5;3;13;2;1;15;16;
*$$&H#;p;;;;;;23.41.08;3;3;3;1;4100;;8;2;9;13;4;5;3;13;2;1;15;16;
*p16:13;;;;;;;23.41.10;3;3;3;1;4104;;8;2;9;13;4;5;3;13;2;1;15;16;
*08SM!~~~11;;;;;;;23.41.27;3;3;3;1;4121;;8;2;9;13;4;5;3;13;2;1;15;16;
a03RM!~~~11~O~~32;;;;;;;23.41.27;3;3;3;1;4121;;8;2;9;13;4;5;3;13;2;1;15;16;
a02ET+K8F;;;;;;;23.41.27;3;3;3;1;4121;;8;2;9;13;4;5;3;13;2;1;15;16;
a01AT+W4~47~H2;;r;;;;;23.41.32;3;3;3;1;4124;;8;2;9;13;4;5;3;13;2;1;15;16;
*10DT-~~~47;;;;;;;23.41.32;3;3;3;1;4124;;8;2;9;13;4;5;3;13;2;1;15;16;
a18FH+;;;;;;;23.41.38;3;3;3;1;4127;;8;2;9;13;4;5;3;13;2;1;15;16;
a02EQ+~~C;;;;;;;23.41.38;3;3;3;1;4127;;8;2;9;13;4;5;3;13;2;1;15;16;
a13AQ+J3~31~H2;;s;;;;;23.41.42;3;3;3;1;4130;;8;2;9;13;4;5;3;13;2;1;15;16;
*02BQ-~~~~3~~2;;;;;;;23.41.42;3;3;3;1;4130;;8;2;9;13;4;5;3;13;2;1;15;16;
a02EH+~~F;;;;;;;23.41.42;3;3;3;1;4130;;8;2;9;13;4;5;3;13;2;1;15;16;
a01AH-G4~46~H2;;s;;;;;23.41.45;3;3;3;1;4134;;8;2;9;13;4;5;3;13;2;1;15;16;
*08DH+~~~46;;;;;;;23.41.45;3;3;3;1;4134;;8;2;9;13;4;5;3;13;2;1;15;16;
*09EH+~~F;;;;;;;23.41.45;3;3;3;1;4134;;8;2;9;13;4;5;3;13;2;1;15;16;
*13AH-G4~44~P2;;p;;;;;23.41.49;3;3;3;1;4137;;8;2;9;13;4;5;3;13;2;1;15;16;
a01DH+~~~44;;;;;;;23.41.49;3;3;3;1;4137;;8;2;9;13;4;5;3;13;2;1;15;16;
a02ET+;;;;;;;23.41.49;3;3;3;1;4137;;8;2;9;13;4;5;3;13;2;1;15;16;
a16AT#Y9~91~H2F;s;s;;;;;23.41.53;3;3;3;1;4140;;8;2;9;13;4;5;3;13;2;1;15;16;
*02BT=~~~~4~~2F;s;;;;;;23.41.53;3;3;3;1;4140;;8;2;9;13;4;5;3;13;2;1;15;16;
ap16:14;;;;;;;23.41.56;3;3;3;1;4144;;8;2;9;13;4;5;3;13;2;1;15;16;
az2;;;;;;;23.41.56;3;3;2;1;4149;;8;2;9;13;4;5;13;2;1;15;16;3;
a13SM-~~~51;;;;;;;23.42.32;3;3;2;1;4186;;8;2;9;13;4;5;13;2;1;15;16;3;
*08RM#~~~51;;;;;;;23.42.32;3;3;2;1;4186;;8;2;9;13;4;5;13;2;1;15;16;3;
*09EQ+K2C;;;;;;;23.42.32;3;3;2;1;4186;;8;2;9;13;4;5;13;2;1;15;16;3;
*02AQ=J2~36~H1I;p;r;;;;;23.42.37;3;3;2;1;4189;;8;2;9;13;4;5;13;2;1;15;16;3;
a$$&H#;p;;;;;;23.42.37;3;3;2;1;4189;;8;2;9;13;4;5;13;2;1;15;16;3;
ap16:15;;;;;;;23.42.43;3;3;2;1;4193;;8;2;9;13;4;5;13;2;1;15;16;3;
a13SM!~~~51;;;;;;;23.42.58;3;3;2;1;4212;;8;2;9;13;4;5;13;2;1;15;16;3;
*08RM!~~~51~~~~32;;;;;;;23.42.58;3;3;2;1;4212;;8;2;9;13;4;5;13;2;1;15;16;3;
*09ET+K2B;;;;;;;23.42.58;3;3;2;1;4212;;8;2;9;13;4;5;13;2;1;15;16;3;
*05AT-Y9~96~H2;;r;;;;;23.43.04;3;3;2;1;4215;;8;2;9;13;4;5;13;2;1;15;16;3;
a15BT+~~~~4~~2;;;;;;;23.43.04;3;3;2;1;4215;;8;2;9;13;4;5;13;2;1;15;16;3;
a13FH/;;;;;;;23.43.04;3;3;2;1;4218;;8;2;9;13;4;5;13;2;1;15;16;3;
*02AO-V3~33~T1;;s;;;;;23.43.08;3;3;2;1;4221;;8;2;9;13;4;5;13;2;1;15;16;3;
a02BO+~~~~3~~1;;;;;;;23.43.08;3;3;2;1;4221;;8;2;9;13;4;5;13;2;1;15;16;3;
a03DH+;;;;;;;23.43.08;3;3;2;1;4221;;8;2;9;13;4;5;13;2;1;15;16;3;
a02EH+~~F;;;;;;;23.43.08;3;3;2;1;4221;;8;2;9;13;4;5;13;2;1;15;16;3;
a01AH-G4~41~H2;;p;;;;;23.43.09;3;3;2;1;4225;;8;2;9;13;4;5;13;2;1;15;16;3;
*09BH+~~~~2~~2;;;;;;;23.43.09;3;3;2;1;4225;;8;2;9;13;4;5;13;2;1;15;16;3;
a13DH/;;;;;;;23.43.09;3;3;2;1;4225;;8;2;9;13;4;5;13;2;1;15;16;3;
*02FH/;;;;;;;23.43.09;3;3;2;1;4226;;8;2;9;13;4;5;13;2;1;15;16;3;
a01FH+;;;;;;;23.43.09;3;3;2;1;4229;;8;2;9;13;4;5;13;2;1;15;16;3;
a02ET+~~B;;;;;;;23.43.18;3;3;2;1;4229;;8;2;9;13;4;5;13;2;1;15;16;3;
a16AT-Y9~95AH2;;p;;;;;23.43.18;3;3;2;1;4232;;8;2;9;13;4;5;13;2;1;15;16;3;
*10DT+~~~95A;;;;;;;23.43.18;3;3;2;1;4232;;8;2;9;13;4;5;13;2;1;15;16;3;
*09EH+~~B;;;;;;;23.43.18;3;3;2;1;4232;;8;2;9;13;4;5;13;2;1;15;16;3;
*05AH#G9~91~H2;s;s;;;;;23.43.20;3;3;2;1;4235;;8;2;9;13;4;5;13;2;1;15;16;3;
a16DH=~~~91;s;;;;;;23.43.20;3;3;2;1;4235;;8;2;9;13;4;5;13;2;1;15;16;3;
*p17:15;;;;;;;23.43.23;3;3;2;1;4239;;8;2;9;13;4;5;13;2;1;15;16;3;
*z2;;;;;;;23.43.23;3;2;2;1;4236;;2;9;13;4;5;8;13;2;1;15;16;3;
*02SM#~~~15D~~~.3;p;;;;;;23.43.45;3;2;2;1;4259;;2;9;13;4;5;8;13;2;1;15;16;3;
a03RM=~~~15DO~~.3;p;;;;;;23.43.45;3;2;2;1;4259;;2;9;13;4;5;8;13;2;1;15;16;3;
*p18:15;;;;;;;23.43.52;3;2;2;1;4263;;2;9;13;4;5;8;13;2;1;15;16;3;
*02SM+~~~17;;;;;;;23.44.05;3;2;2;1;4279;;2;9;13;4;5;8;13;2;1;15;16;3;
a03RM-~~~17~O;;;;;;;23.44.05;3;2;2;1;4279;;2;9;13;4;5;8;13;2;1;15;16;3;
a02ET+~~F;;;;;;;23.44.05;3;2;2;1;4279;;2;9;13;4;5;8;13;2;1;15;16;3;
a01AT/W4~45~H2;p;r;;;;;23.44.11;3;2;2;1;4282;;2;9;13;4;5;8;13;2;1;15;16;3;
*04BT#~~~~2~~2;p;;;;;;23.44.11;3;2;2;1;4282;;2;9;13;4;5;8;13;2;1;15;16;3;
*p19:15;;;;;;;23.44.15;3;2;2;1;4286;;2;9;13;4;5;8;13;2;1;15;16;3;
*02SM+~~~15;;;;;;;23.44.33;3;2;2;1;4307;;2;9;13;4;5;8;13;2;1;15;16;3;
a03RM-~~~15;;;;;;;23.44.33;3;2;2;1;4307;;2;9;13;4;5;8;13;2;1;15;16;3;
a02EH+~~F;;;;;;;23.44.33;3;2;2;1;4307;;2;9;13;4;5;8;13;2;1;15;16;3;
a01AH-G4~47~H2;;r;;;;;23.44.37;3;2;2;1;4310;;2;9;13;4;5;8;13;2;1;15;16;3;
*02DH+~~~47;;;;;;;23.44.37;3;2;2;1;4310;;2;9;13;4;5;8;13;2;1;15;16;3;
*09EH+;;;;;;;23.44.37;3;2;2;1;4310;;2;9;13;4;5;8;13;2;1;15;16;3;
*13AH#G4~46~H2O;p;p;;;;;23.44.41;3;2;2;1;4313;;2;9;13;4;5;8;13;2;1;15;16;3;
a15BH=~~~~2~~2O;p;;;;;;23.44.41;3;2;2;1;4313;;2;9;13;4;5;8;13;2;1;15;16;3;
*p20:15;;;;;;;23.44.48;3;2;2;1;4317;;2;9;13;4;5;8;13;2;1;15;16;3;
aT;;;;;;;23.44.48;3;2;2;1;4321;;2;9;13;4;5;8;13;2;1;15;16;3;
*02SM#~~~16;p;;;;;;23.45.57;3;2;2;1;4391;;2;9;13;4;5;8;13;2;1;15;16;3;
a03RM=~~~16~O;p;;;;;;23.45.57;3;2;2;1;4391;;2;9;13;4;5;8;13;2;1;15;16;3;
*p21:15;;;;;;;23.46.01;3;2;2;1;4395;;2;9;13;4;5;8;13;2;1;15;16;3;
*02SM-~~~17;;;;;;;23.46.17;3;2;2;1;4411;;2;9;13;4;5;8;13;2;1;15;16;3;
a03RM+~~~17~O~~32;;;;;;;23.46.17;3;2;2;1;4411;;2;9;13;4;5;8;13;2;1;15;16;3;
a02EQ+K2C;;;;;;;23.46.17;3;2;2;1;4411;;2;9;13;4;5;8;13;2;1;15;16;3;
a15AQ#J2~35~H1;s;r;;;;;23.46.23;3;2;2;1;4414;;2;9;13;4;5;8;13;2;1;15;16;3;
*02DQ=~~~35;s;;;;;;23.46.23;3;2;2;1;4414;;2;9;13;4;5;8;13;2;1;15;16;3;
ap21:16;;;;;;;23.46.25;3;2;2;1;4418;;2;9;13;4;5;8;13;2;1;15;16;3;
az1;;;;;;;23.46.25;3;2;1;1;4418;;2;9;13;4;5;8;2;1;15;16;3;13;
a02SM!~~~11;;;;;;;23.46.41;3;2;1;1;4435;;2;9;13;4;5;8;2;1;15;16;3;13;
*10RM!~~~11~~~~21;;;;;;;23.46.41;3;2;1;1;4435;;2;9;13;4;5;8;2;1;15;16;3;13;
*09ET+KBB~~~~~~K1;;;;;;;23.46.41;3;2;1;1;4435;;2;9;13;4;5;8;2;1;15;16;3;13;
*05AT-Y9~96~H2;;r;;;;;23.46.46;3;2;1;1;4438;;2;9;13;4;5;8;2;1;15;16;3;13;
a15BT+~~~~4~~2;;;;;;;23.46.46;3;2;1;1;4438;;2;9;13;4;5;8;2;1;15;16;3;13;
a20DH+;;;;;;;23.46.49;3;2;1;1;4438;;2;9;13;4;5;8;2;1;15;16;3;13;
*09EH+~~F;;;;;;;23.46.49;3;2;1;1;4438;;2;9;13;4;5;8;2;1;15;16;3;13;
*13AH-G4~44~P2;;s;;;;;23.46.53;3;2;1;1;4441;;2;9;13;4;5;8;2;1;15;16;3;13;
a01DH+~~~44;;;;;;;23.46.53;3;2;1;1;4441;;2;9;13;4;5;8;2;1;15;16;3;13;
a02EH+~~F;;;;;;;23.46.53;3;2;1;1;4441;;2;9;13;4;5;8;2;1;15;16;3;13;
a01AH+G4~41~H2;;p;;;;;23.46.56;3;2;1;1;4444;;2;9;13;4;5;8;2;1;15;16;3;13;
*09BH-~~~~2~~2;;;;;;;23.46.56;3;2;1;1;4444;;2;9;13;4;5;8;2;1;15;16;3;13;
a15DH+;;;;;;;23.47.00;3;2;1;1;4444;;2;9;13;4;5;8;2;1;15;16;3;13;
a02ET+~~B;;;;;;;23.47.00;3;2;1;1;4444;;2;9;13;4;5;8;2;1;15;16;3;13;
a16AT#W2~21BH2;p;p;;;;;23.47.09;3;2;1;1;4448;;2;9;13;4;5;8;2;1;15;16;3;13;
*$$&H=;p;;;;;;23.47.09;3;2;1;1;4448;;2;9;13;4;5;8;2;1;15;16;3;13;
ap21:17;;;;;;;23.47.10;3;2;1;1;4452;;2;9;13;4;5;8;2;1;15;16;3;13;
a02SM-~~~11;;;;;;;23.47.21;3;2;1;1;4475;;2;9;13;4;5;8;2;1;15;16;3;13;
*10RM+~~~11~O~~31;;;;;;;23.47.21;3;2;1;1;4475;;2;9;13;4;5;8;2;1;15;16;3;13;
*09EQ#K1C;;;;;;;23.47.21;3;2;1;1;4475;;2;9;13;4;5;8;2;1;15;16;3;13;
*04AQ#J1~35~H1O;s;r;;;;;23.47.25;3;2;1;1;4478;;2;9;13;4;5;8;2;1;15;16;3;13;
a15BQ=~~~~3~~1O;s;;;;;;23.47.25;3;2;1;1;4478;;2;9;13;4;5;8;2;1;15;16;3;13;
*p22:17;;;;;;;23.47.29;3;2;1;1;4482;;2;9;13;4;5;8;2;1;15;16;3;13;
*z1;;;;;;;23.47.29;3;1;1;1;4482;;9;13;4;5;8;2;2;1;15;16;3;13;
*09SM-~~~18;;;;;;;23.47.50;3;1;1;1;4505;;9;13;4;5;8;2;2;1;15;16;3;13;
a18RM#~~~18~O;;;;;;;23.47.50;3;1;1;1;4505;;9;13;4;5;8;2;2;1;15;16;3;13;
a02EQ+K2C;;;;;;;23.47.50;3;1;1;1;4505;;9;13;4;5;8;2;2;1;15;16;3;13;
a15AQ-J2~38~T2;;r;;;;;23.47.56;3;1;1;1;4508;;9;13;4;5;8;2;2;1;15;16;3;13;
*08DQ+~~~38;;;;;;;23.47.56;3;1;1;1;4508;;9;13;4;5;8;2;2;1;15;16;3;13;
*09EH#;;;;;;;23.47.56;3;1;1;1;4508;;9;13;4;5;8;2;2;1;15;16;3;13;
*05AH#G2~24~T1S;p;p;;;;;23.48.00;3;1;1;1;4511;;9;13;4;5;8;2;2;1;15;16;3;13;
a16BH=~~~~4~~1S;p;;;;;;23.48.00;3;1;1;1;4511;;9;13;4;5;8;2;2;1;15;16;3;13;
*p23:17;;;;;;;23.48.02;3;1;1;1;4515;;9;13;4;5;8;2;2;1;15;16;3;13;
*09SM-~~~16;;;;;;;23.48.18;3;1;1;1;4532;;9;13;4;5;8;2;2;1;15;16;3;13;
a18RM#~~~16;;;;;;;23.48.18;3;1;1;1;4532;;9;13;4;5;8;2;2;1;15;16;3;13;
a02ET+K2B;;;;;;;23.48.30;3;1;1;1;4532;;9;13;4;5;8;2;2;1;15;16;3;13;
a01AT-W2~24~T2;;r;;;;;23.48.23;3;1;1;1;4535;;9;13;4;5;8;2;2;1;15;16;3;13;
*13BT+~~~~4~~2;;;;;;;23.48.23;3;1;1;1;4535;;9;13;4;5;8;2;2;1;15;16;3;13;
*04DH+;;;;;;;23.48.25;3;1;1;1;4535;;9;13;4;5;8;2;2;1;15;16;3;13;
*09EH+~~F;;;;;;;23.48.25;3;1;1;1;4535;;9;13;4;5;8;2;2;1;15;16;3;13;
*13AH-G4~41~H2;;p;;;;;23.48.26;3;1;1;1;4538;;9;13;4;5;8;2;2;1;15;16;3;13;
a01BH+~~~~2~~2;;;;;;;23.48.26;3;1;1;1;4538;;9;13;4;5;8;2;2;1;15;16;3;13;
a02DH+;;;;;;;23.48.29;3;1;1;1;4538;;9;13;4;5;8;2;2;1;15;16;3;13;
a18EH+~~~~2;;;;;;;23.48.29;3;1;1;1;4538;;9;13;4;5;8;2;2;1;15;16;3;13;
a01AH/G2~21~H2;p;s;;;;;23.48.31;3;1;1;1;4541;;9;13;4;5;8;2;2;1;15;16;3;13;
*04BH#~~~~4~~2;p;;;;;;23.48.31;3;1;1;1;4541;;9;13;4;5;8;2;2;1;15;16;3;13;
*p24:17;;;;;;;23.48.34;3;1;1;1;4545;;9;13;4;5;8;2;2;1;15;16;3;13;
*09SM-~~~15;;;;;;;23.48.52;3;1;1;1;4567;;9;13;4;5;8;2;2;1;15;16;3;13;
a03RM+~~~15~~~~32;;;;;;;23.48.52;3;1;1;1;4567;;9;13;4;5;8;2;2;1;15;16;3;13;
a02ET+K8F;;;;;;;23.48.52;3;1;1;1;4567;;9;13;4;5;8;2;2;1;15;16;3;13;
a16AT/W4~45~H2;p;r;;;;;23.48.58;3;1;1;1;4570;;9;13;4;5;8;2;2;1;15;16;3;13;
*04BT#~~~~2~~2;p;;;;;;23.48.58;3;1;1;1;4570;;9;13;4;5;8;2;2;1;15;16;3;13;
*p25:17;;;;;;;23.49.00;3;1;1;1;4574;;9;13;4;5;8;2;2;1;15;16;3;13;
**3set;;;;;;;23.49.00;4;1;1;1;4573;;;;;;;;;;;;;;
