*P13>LUp;;;;;;;;1;5;2;;;;3;9;18;15;2;13;13;18;5;12;16;3;
*z6>LUp;;;;;;;;1;6;2;;;;3;9;18;15;2;13;13;18;5;12;16;3;
aP03>LUp;;;;;;;;1;6;2;;;;3;9;18;15;2;13;13;18;5;12;16;3;
az6>LUp;;;;;;;;1;6;6;;;;3;9;18;15;2;13;13;18;5;12;16;3;
*03SQ+~~~16;;;;;;;11.02.08;1;6;6;1;244;;3;9;18;15;2;13;13;18;5;12;16;3;
a17RQ-~~~16;;;;;;;11.02.08;1;6;6;1;244;;3;9;18;15;2;13;13;18;5;12;16;3;
a03EH+~~F;;;;;;;11.02.08;1;6;6;1;244;;3;9;18;15;2;13;13;18;5;12;16;3;
a12AH-G4~46~H2;;r;;;;;11.02.15;1;6;6;1;250;;3;9;18;15;2;13;13;18;5;12;16;3;
*03DH#~~~46;;;;;;;11.02.15;1;6;6;1;250;;3;9;18;15;2;13;13;18;5;12;16;3;
*13EH+~~F;;;;;;;11.02.15;1;6;6;1;250;;3;9;18;15;2;13;13;18;5;12;16;3;
*15AH+G4~42~H2C;;p;;;;;11.02.20;1;6;6;1;254;;3;9;18;15;2;13;13;18;5;12;16;3;
a05BH-~~~~2~~2;;;;;;;11.02.20;1;6;6;1;254;;3;9;18;15;2;13;13;18;5;12;16;3;
*13ET+~~P;;;;;;;11.02.20;1;6;6;1;254;;3;9;18;15;2;13;13;18;5;12;16;3;
*03AT-Y8~85~H1C;;p;;;;;11.02.23;1;6;6;1;257;;3;9;18;15;2;13;13;18;5;12;16;3;
a18BT+~~~~3~~1;;;;;;;11.02.23;1;6;6;1;257;;3;9;18;15;2;13;13;18;5;12;16;3;
a03EH+~~F;;;;;;;11.02.23;1;6;6;1;257;;3;9;18;15;2;13;13;18;5;12;16;3;
a12AH-G4~46~P2C;;s;;;;;11.02.27;1;6;6;1;261;;3;9;18;15;2;13;13;18;5;12;16;3;
*17DH#~~~46;;;;;;;11.02.27;1;6;6;1;261;;3;9;18;15;2;13;13;18;5;12;16;3;
*13EQ+~~C;;;;;;;11.02.27;1;6;6;1;261;;3;9;18;15;2;13;13;18;5;12;16;3;
*09AQ#J4~36~H1X;p;p;;;;;11.02.30;1;6;6;1;265;;3;9;18;15;2;13;13;18;5;12;16;3;
a13DQ=~~~36~S;p;;;;;;11.02.30;1;6;6;1;265;;3;9;18;15;2;13;13;18;5;12;16;3;
*p01:00;;;;;;;11.02.31;1;6;6;1;269;;3;9;18;15;2;13;13;18;5;12;16;3;
*03SQ-~~~16~~~N;;;;;;;11.02.53;1;6;6;1;289;;3;9;18;15;2;13;13;18;5;12;16;3;
a17RQ+~~~16~~~~32;;;;;;;11.02.53;1;6;6;1;289;;3;9;18;15;2;13;13;18;5;12;16;3;
a03ET+K1B;;;;;;;11.02.53;1;6;6;1;289;;3;9;18;15;2;13;13;18;5;12;16;3;
a05AT#W2~21~H2X;s;r;;;;;11.03.00;1;6;6;1;294;;3;9;18;15;2;13;13;18;5;12;16;3;
*13DT=~~~21~S;s;;;;;;11.03.00;1;6;6;1;294;;3;9;18;15;2;13;13;18;5;12;16;3;
ap01:01;;;;;;;11.03.03;1;6;6;1;298;;3;9;18;15;2;13;13;18;5;12;16;3;
az5;;;;;;;11.03.03;1;6;5;1;299;;3;9;18;15;2;13;18;5;12;16;3;13;
a18SQ-~~~66;;;;;;;11.03.19;1;6;5;1;314;;3;9;18;15;2;13;18;5;12;16;3;13;
*17RQ+~~~66~~~~22;;;;;;;11.03.19;1;6;5;1;314;;3;9;18;15;2;13;18;5;12;16;3;13;
*13EQ+KBC;;;;;;;11.03.19;1;6;5;1;314;;3;9;18;15;2;13;18;5;12;16;3;13;
*09AQ#J4~35~H1S;s;r;;;;;11.03.24;1;6;5;1;317;;3;9;18;15;2;13;18;5;12;16;3;13;
a16BQ=~~~~3~T1S;s;;;;;;11.03.24;1;6;5;1;317;;3;9;18;15;2;13;18;5;12;16;3;13;
*p02:01;;;;;;;11.03.31;1;6;5;1;321;;3;9;18;15;2;13;18;5;12;16;3;13;
*z5;;;;;;;11.03.31;1;5;5;1;326;;9;18;15;2;13;3;18;5;12;16;3;13;
*09SM!~~~58;;;;;;;11.03.43;1;5;5;1;338;;9;18;15;2;13;3;18;5;12;16;3;13;
a13RM!~~~58~O~~22;;;;;;;11.03.43;1;5;5;1;338;;9;18;15;2;13;3;18;5;12;16;3;13;
a03ET+K9F;;;;;;;11.03.43;1;5;5;1;338;;9;18;15;2;13;3;18;5;12;16;3;13;
a12AT=W4~4~~T2I;p;r;;;;;11.03.49;1;5;5;1;343;;9;18;15;2;13;3;18;5;12;16;3;13;
*$$&H#;p;;;;;;11.03.49;1;5;5;1;343;;9;18;15;2;13;3;18;5;12;16;3;13;
*p03:01;;;;;;;11.03.53;1;5;5;1;347;;9;18;15;2;13;3;18;5;12;16;3;13;
*09SM-~~~58;;;;;;;11.04.12;1;5;5;1;367;;9;18;15;2;13;3;18;5;12;16;3;13;
a13RM+~~~58~~~~32;;;;;;;11.04.12;1;5;5;1;367;;9;18;15;2;13;3;18;5;12;16;3;13;
a03ET+K1B;;;;;;;11.04.12;1;5;5;1;367;;9;18;15;2;13;3;18;5;12;16;3;13;
a05AT=W2~25~H2S;p;r;;;;;11.04.18;1;5;5;1;371;;9;18;15;2;13;3;18;5;12;16;3;13;
*$$&H#;p;;;;;;11.04.18;1;5;5;1;371;;9;18;15;2;13;3;18;5;12;16;3;13;
*p04:01;;;;;;;11.04.20;1;5;5;1;375;;9;18;15;2;13;3;18;5;12;16;3;13;
*09SM!~~~58;;;;;;;11.04.36;1;5;5;1;391;;9;18;15;2;13;3;18;5;12;16;3;13;
a13RM!~~~58~~~~32;;;;;;;11.04.36;1;5;5;1;391;;9;18;15;2;13;3;18;5;12;16;3;13;
a03ET+K8F;;;;;;;11.04.36;1;5;5;1;391;;9;18;15;2;13;3;18;5;12;16;3;13;
a12AT+W4~47~H2;;r;;;;;11.04.41;1;5;5;1;395;;9;18;15;2;13;3;18;5;12;16;3;13;
*09DT-~~~47;;;;;;;11.04.41;1;5;5;1;395;;9;18;15;2;13;3;18;5;12;16;3;13;
a03ET+~~F;;;;;;;11.04.41;1;5;5;1;395;;9;18;15;2;13;3;18;5;12;16;3;13;
a12AT-W4~42~T1C;;s;;;;;11.04.46;1;5;5;1;401;;9;18;15;2;13;3;18;5;12;16;3;13;
*18BT+~~~~2~~1;;;;;;;11.04.46;1;5;5;1;401;;9;18;15;2;13;3;18;5;12;16;3;13;
*13ET+~~B;;;;;;;11.04.46;1;5;5;1;401;;9;18;15;2;13;3;18;5;12;16;3;13;
*18AT+W2~24~T2C;;p;;;;;11.04.56;1;5;5;1;405;;9;18;15;2;13;3;18;5;12;16;3;13;
a16BT-~~~~4~~2;;;;;;;11.04.56;1;5;5;1;405;;9;18;15;2;13;3;18;5;12;16;3;13;
*13EO+~~C;;;;;;;11.04.56;1;5;5;1;405;;9;18;15;2;13;3;18;5;12;16;3;13;
*02AO#V3~3~~H2;p;p;;;;;11.05.00;1;5;5;1;406;;9;18;15;2;13;3;18;5;12;16;3;13;
a$$&H=;p;;;;;;11.05.00;1;5;5;1;406;;9;18;15;2;13;3;18;5;12;16;3;13;
*p05:01;;;;;;;11.05.02;1;5;5;1;409;;9;18;15;2;13;3;18;5;12;16;3;13;
*09SM-~~~59;;;;;;;11.05.09;1;5;5;1;424;;9;18;15;2;13;3;18;5;12;16;3;13;
a17RM+~~~59~~~~32;;;;;;;11.05.09;1;5;5;1;424;;9;18;15;2;13;3;18;5;12;16;3;13;
a03ET+K1B;;;;;;;11.05.09;1;5;5;1;424;;9;18;15;2;13;3;18;5;12;16;3;13;
a05AT#W2~21~H2S;s;r;;;;;11.05.17;1;5;5;1;429;;9;18;15;2;13;3;18;5;12;16;3;13;
*02BT=~~~~4~~2;s;;;;;;11.05.17;1;5;5;1;429;;9;18;15;2;13;3;18;5;12;16;3;13;
ap05:02;;;;;;;11.05.21;1;5;5;1;433;;9;18;15;2;13;3;18;5;12;16;3;13;
az4;;;;;;;11.05.21;1;5;4;1;436;;9;18;15;2;13;3;5;12;16;3;13;18;
a05SQ+~~~16;;;;;;;11.05.37;1;5;4;1;452;;9;18;15;2;13;3;5;12;16;3;13;18;
*03RQ-~~~16;;;;;;;11.05.37;1;5;4;1;452;;9;18;15;2;13;3;5;12;16;3;13;18;
*13EH+~~B;;;;;;;11.05.37;1;5;4;1;452;;9;18;15;2;13;3;5;12;16;3;13;18;
*18AH=G2~21~H3O;p;r;;;;;11.05.49;1;5;4;1;458;;9;18;15;2;13;3;5;12;16;3;13;18;
a$$&H#;p;;;;;;11.05.49;1;5;4;1;458;;9;18;15;2;13;3;5;12;16;3;13;18;
ap05:03;;;;;;;11.05.51;1;5;4;1;462;;9;18;15;2;13;3;5;12;16;3;13;18;
a05SQ+~~~11;;;;;;;11.06.08;1;5;4;1;483;;9;18;15;2;13;3;5;12;16;3;13;18;
*17RQ-~~~11;;;;;;;11.06.08;1;5;4;1;483;;9;18;15;2;13;3;5;12;16;3;13;18;
*13ET+~~F;;;;;;;11.06.08;1;5;4;1;483;;9;18;15;2;13;3;5;12;16;3;13;18;
*15AT+W4~42~H2C;;r;;;;;11.06.15;1;5;4;1;489;;9;18;15;2;13;3;5;12;16;3;13;18;
a03BT-~~~~2~~2;;;;;;;11.06.15;1;5;4;1;489;;9;18;15;2;13;3;5;12;16;3;13;18;
*13ET+~~B;;;;;;;11.06.15;1;5;4;1;489;;9;18;15;2;13;3;5;12;16;3;13;18;
*18AT/W2~24~H2;p;s;;;;;11.06.20;1;5;4;1;493;;9;18;15;2;13;3;5;12;16;3;13;18;
a12BT#~~~~4~~2;p;;;;;;11.06.20;1;5;4;1;493;;9;18;15;2;13;3;5;12;16;3;13;18;
ap05:04;;;;;;;11.06.22;1;5;4;1;497;;9;18;15;2;13;3;5;12;16;3;13;18;
a05SQ-~~~16;;;;;;;11.06.44;1;5;4;1;519;;9;18;15;2;13;3;5;12;16;3;13;18;
*03RQ+~~~16~~~~32;;;;;;;11.06.44;1;5;4;1;519;;9;18;15;2;13;3;5;12;16;3;13;18;
*13ET+K1P;;;;;;;11.06.44;1;5;4;1;519;;9;18;15;2;13;3;5;12;16;3;13;18;
*03AT+Y8~86~H2C;;r;;;;;11.06.50;1;5;4;1;522;;9;18;15;2;13;3;5;12;16;3;13;18;
a13DT-~~~86;;;;;;;11.06.50;1;5;4;1;522;;9;18;15;2;13;3;5;12;16;3;13;18;
a03EH+~~F;;;;;;;11.06.50;1;5;4;1;522;;9;18;15;2;13;3;5;12;16;3;13;18;
a12AH-G4~41~T0;;p;;;;;11.06.54;1;5;4;1;527;;9;18;15;2;13;3;5;12;16;3;13;18;
*03DH#~~~41;;;;;;;11.06.54;1;5;4;1;527;;9;18;15;2;13;3;5;12;16;3;13;18;
*13EH+~~F;;;;;;;11.06.54;1;5;4;1;527;;9;18;15;2;13;3;5;12;16;3;13;18;
*15AH#G4~46AP2X;s;s;;;;;11.06.56;1;5;4;1;531;;9;18;15;2;13;3;5;12;16;3;13;18;
a13DH=~~~46A;s;;;;;;11.06.56;1;5;4;1;531;;9;18;15;2;13;3;5;12;16;3;13;18;
*p06:04;;;;;;;11.07.00;1;5;4;1;535;;9;18;15;2;13;3;5;12;16;3;13;18;
*z4;;;;;;;11.07.00;1;4;4;1;535;;18;15;2;13;3;9;5;12;16;3;13;18;
*18SQ!~~~15;;;;;;;11.07.16;1;4;4;1;552;;18;15;2;13;3;9;5;12;16;3;13;18;
a12RQ!~~~15~~~~42;;;;;;;11.07.16;1;4;4;1;552;;18;15;2;13;3;9;5;12;16;3;13;18;
a03ET+K8F;;;;;;;11.07.16;1;4;4;1;552;;18;15;2;13;3;9;5;12;16;3;13;18;
a12AT#W4~42~T2F;s;r;;;;;11.07.21;1;4;4;1;556;;18;15;2;13;3;9;5;12;16;3;13;18;
*13BT=~~~~2~~2;s;;;;;;11.07.21;1;4;4;1;556;;18;15;2;13;3;9;5;12;16;3;13;18;
ap06:05;;;;;;;11.07.26;1;4;4;1;560;;18;15;2;13;3;9;5;12;16;3;13;18;
az3;;;;;;;11.07.26;1;4;3;1;561;;18;15;2;13;3;9;12;16;3;13;18;5;
a12SQ-~~~55;;;;;;;11.07.44;1;4;3;1;581;;18;15;2;13;3;9;12;16;3;13;18;5;
*03RQ+~~~55~~~~31;;;;;;;11.07.44;1;4;3;1;581;;18;15;2;13;3;9;12;16;3;13;18;5;
*13ET+KCF;;;;;;;11.07.44;1;4;3;1;581;;18;15;2;13;3;9;12;16;3;13;18;5;
*15AT/W4~42~H1;p;r;;;;;11.07.50;1;4;3;1;585;;18;15;2;13;3;9;12;16;3;13;18;5;
a03BT#~~~~2~~1;p;;;;;;11.07.50;1;4;3;1;585;;18;15;2;13;3;9;12;16;3;13;18;5;
ap06:06;;;;;;;11.07.55;1;4;3;1;589;;18;15;2;13;3;9;12;16;3;13;18;5;
a12SQ+~~~55;;;;;;;11.08.12;1;4;3;1;607;;18;15;2;13;3;9;12;16;3;13;18;5;
*15RQ-~~~55;;;;;;;11.08.12;1;4;3;1;607;;18;15;2;13;3;9;12;16;3;13;18;5;
*13EH+~~B;;;;;;;11.08.12;1;4;3;1;607;;18;15;2;13;3;9;12;16;3;13;18;5;
*18AH-G9~96~H2C;;r;;;;;11.08.20;1;4;3;1;613;;18;15;2;13;3;9;12;16;3;13;18;5;
a12DH#~~~96;;;;;;;11.08.20;1;4;3;1;613;;18;15;2;13;3;9;12;16;3;13;18;5;
a03ET+;;;;;;;11.08.20;1;4;3;1;613;;18;15;2;13;3;9;12;16;3;13;18;5;
a05AT/Y9~94~H2;s;p;;;;;11.08.30;1;4;3;1;616;;18;15;2;13;3;9;12;16;3;13;18;5;
*15BT#~~~~4~~2;s;;;;;;11.08.30;1;4;3;1;616;;18;15;2;13;3;9;12;16;3;13;18;5;
*p07:06;;;;;;;11.08.33;1;4;3;1;620;;18;15;2;13;3;9;12;16;3;13;18;5;
*z3;;;;;;;11.08.33;1;3;3;1;628;;15;2;13;3;9;18;12;16;3;13;18;5;
*15SM-~~~59;;;;;;;11.08.47;1;3;3;1;642;;15;2;13;3;9;18;12;16;3;13;18;5;
a12RM#~~~59;;;;;;;11.08.47;1;3;3;1;642;;15;2;13;3;9;18;12;16;3;13;18;5;
a03EQ+K1C;;;;;;;11.08.47;1;3;3;1;642;;15;2;13;3;9;18;12;16;3;13;18;5;
a16AQ+J1~34~T2;;r;;;;;11.08.53;1;3;3;1;646;;15;2;13;3;9;18;12;16;3;13;18;5;
*17DQ-~~~34;;;;;;;11.08.53;1;3;3;1;646;;15;2;13;3;9;18;12;16;3;13;18;5;
a03ET+~~F;;;;;;;11.08.53;1;3;3;1;646;;15;2;13;3;9;18;12;16;3;13;18;5;
a13AT-W4~42~H2C;;s;;;;;11.08.57;1;3;3;1;651;;15;2;13;3;9;18;12;16;3;13;18;5;
*02BT+~~~~2~~2;;;;;;;11.08.57;1;3;3;1;651;;15;2;13;3;9;18;12;16;3;13;18;5;
*13EH+~~F;;;;;;;11.08.57;1;3;3;1;651;;15;2;13;3;9;18;12;16;3;13;18;5;
*03AH-G4~45~H3C;;p;;;;;11.09.02;1;3;3;1;655;;15;2;13;3;9;18;12;16;3;13;18;5;
a17DH#~~~45;;;;;;;11.09.02;1;3;3;1;655;;15;2;13;3;9;18;12;16;3;13;18;5;
a13EH+~~B~2;;;;;;;11.09.02;1;3;3;1;655;;15;2;13;3;9;18;12;16;3;13;18;5;
a03AH-G2~25~P2;;s;;;;;11.09.02;1;3;3;1;658;;15;2;13;3;9;18;12;16;3;13;18;5;
*18DH+~~~25~S;;;;;;;11.09.02;1;3;3;1;658;;15;2;13;3;9;18;12;16;3;13;18;5;
*13EQ+~~C;;;;;;;11.09.02;1;3;3;1;658;;15;2;13;3;9;18;12;16;3;13;18;5;
*02AQ+J1~36~H2;;p;;;;;11.09.08;1;3;3;1;661;;15;2;13;3;9;18;12;16;3;13;18;5;
a12DQ-~~~36;;;;;;;11.09.08;1;3;3;1;661;;15;2;13;3;9;18;12;16;3;13;18;5;
a05EH/~~~~4;;;;;;;11.09.08;1;3;3;1;661;;15;2;13;3;9;18;12;16;3;13;18;5;
*17FH#;;;;;;;11.09.08;1;3;3;1;664;;15;2;13;3;9;18;12;16;3;13;18;5;
*13ET+~~F;;;;;;;11.09.08;1;3;3;1;664;;15;2;13;3;9;18;12;16;3;13;18;5;
*03AT#W4~45~H2X;p;p;;;;;11.09.14;1;3;3;1;667;;15;2;13;3;9;18;12;16;3;13;18;5;
a12DT=~~~45~S;p;;;;;;11.09.14;1;3;3;1;667;;15;2;13;3;9;18;12;16;3;13;18;5;
*p08:06;;;;;;;11.09.16;1;3;3;1;671;;15;2;13;3;9;18;12;16;3;13;18;5;
*15SM#~~~56;p;;;;;;11.09.40;1;3;3;1;695;;15;2;13;3;9;18;12;16;3;13;18;5;
a12RM=~~~56~L;p;;;;;;11.09.40;1;3;3;1;695;;15;2;13;3;9;18;12;16;3;13;18;5;
*p09:06;;;;;;;11.09.44;1;3;3;1;701;;15;2;13;3;9;18;12;16;3;13;18;5;
*15SM!~~~58;;;;;;;11.10.05;1;3;3;1;721;;15;2;13;3;9;18;12;16;3;13;18;5;
a12RM!~~~58~~~~31;;;;;;;11.10.05;1;3;3;1;721;;15;2;13;3;9;18;12;16;3;13;18;5;
a03EQ+KCC;;;;;;;11.10.05;1;3;3;1;721;;15;2;13;3;9;18;12;16;3;13;18;5;
a16AQ#J4~39~H1X;s;r;;;;;11.10.13;1;3;3;1;724;;15;2;13;3;9;18;12;16;3;13;18;5;
*18DQ=~~~39~S;s;;;;;;11.10.13;1;3;3;1;724;;15;2;13;3;9;18;12;16;3;13;18;5;
ap09:07;;;;;;;11.10.15;1;3;3;1;728;;15;2;13;3;9;18;12;16;3;13;18;5;
az2;;;;;;;11.10.15;1;3;2;1;730;;15;2;13;3;9;18;16;3;13;18;5;12;
a16SM+~~~16;;;;;;;11.10.29;1;3;2;1;744;;15;2;13;3;9;18;16;3;13;18;5;12;
*15RM-~~~16;;;;;;;11.10.29;1;3;2;1;744;;15;2;13;3;9;18;16;3;13;18;5;12;
*13EH+~~F;;;;;;;11.10.29;1;3;2;1;744;;15;2;13;3;9;18;16;3;13;18;5;12;
*03AH=G4~4~~H3N;p;r;;;;;11.10.36;1;3;2;1;750;;15;2;13;3;9;18;16;3;13;18;5;12;
a$$&H#;p;;;;;;11.10.36;1;3;2;1;750;;15;2;13;3;9;18;16;3;13;18;5;12;
ap09:08;;;;;;;11.10.38;1;3;2;1;754;;15;2;13;3;9;18;16;3;13;18;5;12;
a16SM-~~~16;;;;;;;11.10.53;1;3;2;1;768;;15;2;13;3;9;18;16;3;13;18;5;12;
*15RM#~~~16;;;;;;;11.10.53;1;3;2;1;768;;15;2;13;3;9;18;16;3;13;18;5;12;
*13EQ+K1C;;;;;;;11.10.53;1;3;2;1;768;;15;2;13;3;9;18;16;3;13;18;5;12;
*02AQ-J4~33~T2;;r;;;;;11.10.59;1;3;2;1;772;;15;2;13;3;9;18;16;3;13;18;5;12;
a03DQ#~~~33;;;;;;;11.10.59;1;3;2;1;772;;15;2;13;3;9;18;16;3;13;18;5;12;
a12EH+~~B~9;;;;;;;11.10.59;1;3;2;1;772;;15;2;13;3;9;18;16;3;13;18;5;12;
a05AH#G9~94~H2S;p;p;;;;;11.11.02;1;3;2;1;777;;15;2;13;3;9;18;16;3;13;18;5;12;
*03BH=~~~~4~~2;p;;;;;;11.11.02;1;3;2;1;777;;15;2;13;3;9;18;16;3;13;18;5;12;
ap09:09;;;;;;;11.11.05;1;3;2;1;781;;15;2;13;3;9;18;16;3;13;18;5;12;
a16SM-~~~19;;;;;;;11.11.18;1;3;2;1;793;;15;2;13;3;9;18;16;3;13;18;5;12;
*15RM+~~~19~~~~21;;;;;;;11.11.18;1;3;2;1;793;;15;2;13;3;9;18;16;3;13;18;5;12;
*13ET+KBF;;;;;;;11.11.18;1;3;2;1;793;;15;2;13;3;9;18;16;3;13;18;5;12;
*03AT+W4~42~H2C;;r;;;;;11.11.24;1;3;2;1;797;;15;2;13;3;9;18;16;3;13;18;5;12;
a03BT-~~~~2~A2;;;;;;;11.11.24;1;3;2;1;797;;15;2;13;3;9;18;16;3;13;18;5;12;
*13EQ+~~C;;;;;;;11.11.24;1;3;2;1;797;;15;2;13;3;9;18;16;3;13;18;5;12;
*02AQ-J1~33~H2C;;s;;;;;11.11.27;1;3;2;1;801;;15;2;13;3;9;18;16;3;13;18;5;12;
a18BQ+~~~~3~T2;;;;;;;11.11.27;1;3;2;1;801;;15;2;13;3;9;18;16;3;13;18;5;12;
a03EH+~~F;;;;;;;11.11.27;1;3;2;1;801;;15;2;13;3;9;18;16;3;13;18;5;12;
a13AH#G4~42~H2S;p;p;;;;;11.11.35;1;3;2;1;804;;15;2;13;3;9;18;16;3;13;18;5;12;
*13BH=~~~~2~A2S;p;;;;;;11.11.35;1;3;2;1;804;;15;2;13;3;9;18;16;3;13;18;5;12;
ap09:10;;;;;;;11.11.39;1;3;2;1;808;;15;2;13;3;9;18;16;3;13;18;5;12;
a16SM-~~~11;;;;;;;11.11.46;1;3;2;1;821;;15;2;13;3;9;18;16;3;13;18;5;12;
*15RM+~~~11~O~~21;;;;;;;11.11.46;1;3;2;1;821;;15;2;13;3;9;18;16;3;13;18;5;12;
*13ET+K1F;;;;;;;11.11.46;1;3;2;1;821;;15;2;13;3;9;18;16;3;13;18;5;12;
*03AT-W4~42~H2;;r;;;;;11.11.52;1;3;2;1;826;;15;2;13;3;9;18;16;3;13;18;5;12;
a18BT+~~~~2~~2;;;;;;;11.11.52;1;3;2;1;826;;15;2;13;3;9;18;16;3;13;18;5;12;
a03ET+~~F;;;;;;;11.11.52;1;3;2;1;826;;15;2;13;3;9;18;16;3;13;18;5;12;
a13AT-W4~42~P2;;p;;;;;11.11.59;1;3;2;1;829;;15;2;13;3;9;18;16;3;13;18;5;12;
*02BT+~~~~2~~2;;;;;;;11.11.59;1;3;2;1;829;;15;2;13;3;9;18;16;3;13;18;5;12;
*13ET+~~F;;;;;;;11.11.59;1;3;2;1;829;;15;2;13;3;9;18;16;3;13;18;5;12;
*03AT#W4~45~H2X;s;s;;;;;11.12.01;1;3;2;1;833;;15;2;13;3;9;18;16;3;13;18;5;12;
a12DT=~~~45~S;s;;;;;;11.12.01;1;3;2;1;833;;15;2;13;3;9;18;16;3;13;18;5;12;
*p10:10;;;;;;;11.12.02;1;3;2;1;834;;15;2;13;3;9;18;16;3;13;18;5;12;
*z2;;;;;;;11.12.02;1;2;2;1;837;;2;13;3;9;18;15;16;3;13;18;5;12;
*02SM-~~~58;;;;;;;11.12.24;1;2;2;1;858;;2;13;3;9;18;15;16;3;13;18;5;12;
a17RM#~~~58~O;;;;;;;11.12.24;1;2;2;1;858;;2;13;3;9;18;15;16;3;13;18;5;12;
a03EQ+K1C;;;;;;;11.12.24;1;2;2;1;858;;2;13;3;9;18;15;16;3;13;18;5;12;
a18AQ#J1~31~H2F;s;r;;;;;11.12.35;1;2;2;1;862;;2;13;3;9;18;15;16;3;13;18;5;12;
*09BQ=~~~~3~T2S;s;;;;;;11.12.35;1;2;2;1;862;;2;13;3;9;18;15;16;3;13;18;5;12;
ap10:11;;;;;;;11.12.37;1;2;2;1;866;;2;13;3;9;18;15;16;3;13;18;5;12;
az1;;;;;;;11.12.37;1;2;1;1;872;;2;13;3;9;18;15;3;13;18;5;12;16;
a03SQ!~~~15;;;;;;;11.12.45;1;2;1;1;880;;2;13;3;9;18;15;3;13;18;5;12;16;
*03RQ!~~~15~~~~32;;;;;;;11.12.45;1;2;1;1;880;;2;13;3;9;18;15;3;13;18;5;12;16;
*13EQ+K8C;;;;;;;11.12.45;1;2;1;1;880;;2;13;3;9;18;15;3;13;18;5;12;16;
*09AQ#J4~37~H1X;s;r;;;;;11.13.02;1;2;1;1;885;;2;13;3;9;18;15;3;13;18;5;12;16;
a10DQ=~~~37~S;s;;;;;;11.13.02;1;2;1;1;885;;2;13;3;9;18;15;3;13;18;5;12;16;
*p11:11;;;;;;;11.13.08;1;2;1;1;887;;2;13;3;9;18;15;3;13;18;5;12;16;
*z1;;;;;;;11.13.08;1;1;1;1;903;;13;3;9;18;15;2;3;13;18;5;12;16;
*13SM!~~~17;;;;;;;11.13.10;1;1;1;1;905;;13;3;9;18;15;2;3;13;18;5;12;16;
a12RM!~~~17~~~~32;;;;;;;11.13.10;1;1;1;1;905;;13;3;9;18;15;2;3;13;18;5;12;16;
a03ET+KCF;;;;;;;11.13.10;1;1;1;1;905;;13;3;9;18;15;2;3;13;18;5;12;16;
a05AT+W4~46AH2;;r;;;;;11.13.17;1;1;1;1;910;;13;3;9;18;15;2;3;13;18;5;12;16;
*15DT/~~~46A;;;;;;;11.13.17;1;1;1;1;910;;13;3;9;18;15;2;3;13;18;5;12;16;
a17FH#;;;;;;;11.13.17;1;1;1;1;916;;13;3;9;18;15;2;3;13;18;5;12;16;
a03ET+~~F;;;;;;;11.13.17;1;1;1;1;919;;13;3;9;18;15;2;3;13;18;5;12;16;
a05AT=W4~45~H2I;p;s;;;;;11.13.25;1;1;1;1;920;;13;3;9;18;15;2;3;13;18;5;12;16;
*$$&H#;p;;;;;;11.13.25;1;1;1;1;920;;13;3;9;18;15;2;3;13;18;5;12;16;
*p12:11;;;;;;;11.13.31;1;1;1;1;923;;13;3;9;18;15;2;3;13;18;5;12;16;
*13SQ#~~~19A;p;;;;;;11.13.52;1;1;1;1;947;;13;3;9;18;15;2;3;13;18;5;12;16;
a13RQ=~~~19AR;p;;;;;;11.13.52;1;1;1;1;947;;13;3;9;18;15;2;3;13;18;5;12;16;
*p13:11;;;;;;;11.13.54;1;1;1;1;951;;13;3;9;18;15;2;3;13;18;5;12;16;
*13SM-~~~16;;;;;;;11.14.16;1;1;1;1;971;;13;3;9;18;15;2;3;13;18;5;12;16;
a17RM#~~~16;;;;;;;11.14.16;1;1;1;1;971;;13;3;9;18;15;2;3;13;18;5;12;16;
a03EQ+K1C;;;;;;;11.14.16;1;1;1;1;971;;13;3;9;18;15;2;3;13;18;5;12;16;
a18AQ+J1~31~H2;;r;;;;;11.14.23;1;1;1;1;975;;13;3;9;18;15;2;3;13;18;5;12;16;
*13DQ-~~~31;;;;;;;11.14.23;1;1;1;1;975;;13;3;9;18;15;2;3;13;18;5;12;16;
*18AO+V2~22~H;;p;;;;;11.14.23;1;1;1;1;977;;13;3;9;18;15;2;3;13;18;5;12;16;
a03DO/~~~22;;;;;;;11.14.23;1;1;1;1;977;;13;3;9;18;15;2;3;13;18;5;12;16;
*15FH#;;;;;;;11.14.23;1;1;1;1;982;;13;3;9;18;15;2;3;13;18;5;12;16;
*13EQ+~~C;;;;;;;11.14.23;1;1;1;1;983;;13;3;9;18;15;2;3;13;18;5;12;16;
*09AQ#J4~39~H1X;p;p;;;;;11.14.30;1;1;1;1;985;;13;3;9;18;15;2;3;13;18;5;12;16;
a03DQ=~~~39~S;p;;;;;;11.14.30;1;1;1;1;985;;13;3;9;18;15;2;3;13;18;5;12;16;
*p14:11;;;;;;;11.14.31;1;1;1;1;989;;13;3;9;18;15;2;3;13;18;5;12;16;
aT;;;;;;;11.14.31;1;1;1;1;986;;13;3;9;18;15;2;3;13;18;5;12;16;
*13SM-~~~17;;;;;;;11.16.01;1;1;1;1;1075;;13;3;9;18;15;2;3;13;18;5;12;16;
a12RM+~~~17~~~~41;;;;;;;11.16.01;1;1;1;1;1075;;13;3;9;18;15;2;3;13;18;5;12;16;
a03ET+K1F;;;;;;;11.16.01;1;1;1;1;1075;;13;3;9;18;15;2;3;13;18;5;12;16;
a05AT-W4~45~H2;;r;;;;;11.16.05;1;1;1;1;1080;;13;3;9;18;15;2;3;13;18;5;12;16;
*17DT#~~~45;;;;;;;11.16.05;1;1;1;1;1080;;13;3;9;18;15;2;3;13;18;5;12;16;
*13EH+~~F;;;;;;;11.16.05;1;1;1;1;1080;;13;3;9;18;15;2;3;13;18;5;12;16;
*03AH=G4~45~H3O;s;p;;;;;11.16.10;1;1;1;1;1084;;13;3;9;18;15;2;3;13;18;5;12;16;
a$$&H#;s;;;;;;11.16.10;1;1;1;1;1084;;13;3;9;18;15;2;3;13;18;5;12;16;
ap14:12;;;;;;;11.16.15;1;1;1;1;1088;;13;3;9;18;15;2;3;13;18;5;12;16;
az6;;;;;;;11.16.15;1;1;6;1;1090;;13;3;9;18;15;2;13;18;5;12;16;3;
a13SM/~~~16;;;;;;;11.16.28;1;1;6;1;1103;;13;3;9;18;15;2;13;18;5;12;16;3;
*17RM/~~~16~L;;;;;;;11.16.28;1;1;6;1;1103;;13;3;9;18;15;2;13;18;5;12;16;3;
a12FH+;;;;;;;11.16.28;1;1;6;1;1108;;13;3;9;18;15;2;13;18;5;12;16;3;
a03ET+~~F;;;;;;;11.16.28;1;1;6;1;1109;;13;3;9;18;15;2;13;18;5;12;16;3;
a12AT#W4~47~H4X;p;p;;;;;11.16.43;1;1;6;1;1111;;13;3;9;18;15;2;13;18;5;12;16;3;
*17DT=~~~47~S;p;;;;;;11.16.43;1;1;6;1;1111;;13;3;9;18;15;2;13;18;5;12;16;3;
ap14:13;;;;;;;11.16.45;1;1;6;1;1115;;13;3;9;18;15;2;13;18;5;12;16;3;
a13SM#~~~15;p;;;;;;11.16.53;1;1;6;1;1128;;13;3;9;18;15;2;13;18;5;12;16;3;
*15RM=~~~15~R;p;;;;;;11.16.53;1;1;6;1;1128;;13;3;9;18;15;2;13;18;5;12;16;3;
ap14:14;;;;;;;11.16.57;1;1;6;1;1134;;13;3;9;18;15;2;13;18;5;12;16;3;
a13SM-~~~16;;;;;;;11.17.12;1;1;6;1;1147;;13;3;9;18;15;2;13;18;5;12;16;3;
*17RM+~~~16~~~~41;;;;;;;11.17.12;1;1;6;1;1147;;13;3;9;18;15;2;13;18;5;12;16;3;
*13EQ+KFC;;;;;;;11.17.12;1;1;6;1;1147;;13;3;9;18;15;2;13;18;5;12;16;3;
*09AQ#J4~36~H4F;s;r;;;;;11.17.19;1;1;6;1;1151;;13;3;9;18;15;2;13;18;5;12;16;3;
a05BQ=~~~~3~T4F;s;;;;;;11.17.19;1;1;6;1;1151;;13;3;9;18;15;2;13;18;5;12;16;3;
*p15:14;;;;;;;11.17.21;1;1;6;1;1154;;13;3;9;18;15;2;13;18;5;12;16;3;
*z6;;;;;;;11.17.21;1;6;6;1;1156;;3;9;18;15;2;13;13;18;5;12;16;3;
*03SQ-~~~15;;;;;;;11.17.37;1;6;6;1;1173;;3;9;18;15;2;13;13;18;5;12;16;3;
a12RQ+~~~15~~~~31;;;;;;;11.17.37;1;6;6;1;1173;;3;9;18;15;2;13;13;18;5;12;16;3;
a03EQ+KCC;;;;;;;11.17.37;1;6;6;1;1173;;3;9;18;15;2;13;13;18;5;12;16;3;
a18AQ+J1~33~T2;;r;;;;;11.17.44;1;6;6;1;1177;;3;9;18;15;2;13;13;18;5;12;16;3;
*09BQ-~~~~3~~2;;;;;;;11.17.44;1;6;6;1;1177;;3;9;18;15;2;13;13;18;5;12;16;3;
a03ET+~~F;;;;;;;11.17.44;1;6;6;1;1177;;3;9;18;15;2;13;13;18;5;12;16;3;
a12AT-W4~42~H2C;;s;;;;;11.17.47;1;6;6;1;1181;;3;9;18;15;2;13;13;18;5;12;16;3;
*18BT+~~~~2~~2;;;;;;;11.17.47;1;6;6;1;1181;;3;9;18;15;2;13;13;18;5;12;16;3;
*17EH+~~B~2;;;;;;;11.17.47;1;6;6;1;1182;;3;9;18;15;2;13;13;18;5;12;16;3;
*18AH#G2~24~H2S;p;p;;;;;11.17.51;1;6;6;1;1184;;3;9;18;15;2;13;13;18;5;12;16;3;
a12BH=~~~~4~A2S;p;;;;;;11.17.51;1;6;6;1;1184;;3;9;18;15;2;13;13;18;5;12;16;3;
*p16:14;;;;;;;11.17.53;1;6;6;1;1188;;3;9;18;15;2;13;13;18;5;12;16;3;
*03SQ+~~~19~~~N;;;;;;;11.18.13;1;6;6;1;1209;;3;9;18;15;2;13;13;18;5;12;16;3;
a13RQ-~~~19~W;;;;;;;11.18.13;1;6;6;1;1209;;3;9;18;15;2;13;13;18;5;12;16;3;
a05EH+~~F~4;;;;;;;11.18.13;1;6;6;1;1209;;3;9;18;15;2;13;13;18;5;12;16;3;
a12AH-G4~42~P2;;r;;;;;11.18.20;1;6;6;1;1214;;3;9;18;15;2;13;13;18;5;12;16;3;
*09BH+~~~~2~~2;;;;;;;11.18.20;1;6;6;1;1214;;3;9;18;15;2;13;13;18;5;12;16;3;
*15DH/~~~43~B;;;;;;;11.18.20;1;6;6;1;1214;;3;9;18;15;2;13;13;18;5;12;16;3;
a03FH+;;;;;;;11.18.20;1;6;6;1;1214;;3;9;18;15;2;13;13;18;5;12;16;3;
a17EH+~~F~4;;;;;;;11.18.29;1;6;6;1;1220;;3;9;18;15;2;13;13;18;5;12;16;3;
a12AH=G4~46~H2O;p;s;;;;;11.18.29;1;6;6;1;1223;;3;9;18;15;2;13;13;18;5;12;16;3;
*$$&H#;p;;;;;;11.18.29;1;6;6;1;1223;;3;9;18;15;2;13;13;18;5;12;16;3;
*p17:14;;;;;;;11.18.31;1;6;6;1;1225;;3;9;18;15;2;13;13;18;5;12;16;3;
*03SQ#~~~16;p;;;;;;11.18.50;1;6;6;1;1246;;3;9;18;15;2;13;13;18;5;12;16;3;
a17RQ=~~~16~M;p;;;;;;11.18.50;1;6;6;1;1246;;3;9;18;15;2;13;13;18;5;12;16;3;
*p18:14;;;;;;;11.18.55;1;6;6;1;1250;;3;9;18;15;2;13;13;18;5;12;16;3;
*03SQ=~~~1~~~~N;s;;;;;;11.19.17;1;6;6;1;1272;;3;9;18;15;2;13;13;18;5;12;16;3;
a$$&H#;s;;;;;;11.19.17;1;6;6;1;1272;;3;9;18;15;2;13;13;18;5;12;16;3;
ap18:15;;;;;;;11.19.18;1;6;6;1;1275;;3;9;18;15;2;13;13;18;5;12;16;3;
az5;;;;;;;11.19.18;1;6;5;1;1273;;3;9;18;15;2;13;18;5;12;16;3;13;
a18SM+~~~61;;;;;;;11.19.38;1;6;5;1;1292;;3;9;18;15;2;13;18;5;12;16;3;13;
*03RM-~~~61;;;;;;;11.19.38;1;6;5;1;1292;;3;9;18;15;2;13;18;5;12;16;3;13;
*13EH/~~B;;;;;;;11.19.38;1;6;5;1;1296;;3;9;18;15;2;13;18;5;12;16;3;13;
a13FH+;;;;;;;11.19.38;1;6;5;1;1297;;3;9;18;15;2;13;18;5;12;16;3;13;
a03ET+~~B~2;;;;;;;11.19.49;1;6;5;1;1300;;3;9;18;15;2;13;18;5;12;16;3;13;
a05AT+W2~26~H2;;p;;;;;11.19.49;1;6;5;1;1300;;3;9;18;15;2;13;18;5;12;16;3;13;
*03DT-~~~26~S;;;;;;;11.19.49;1;6;5;1;1300;;3;9;18;15;2;13;18;5;12;16;3;13;
a03EO+;;;;;;;11.19.49;1;6;5;1;1301;;3;9;18;15;2;13;18;5;12;16;3;13;
a05AO#V3~3~~H2;p;p;;;;;11.19.57;1;6;5;1;1303;;3;9;18;15;2;13;18;5;12;16;3;13;
*$$&H=;p;;;;;;11.19.57;1;6;5;1;1303;;3;9;18;15;2;13;18;5;12;16;3;13;
ap18:16;;;;;;;11.19.57;1;6;5;1;1305;;3;9;18;15;2;13;18;5;12;16;3;13;
a18SM-~~~61;;;;;;;11.20.11;1;6;5;1;1326;;3;9;18;15;2;13;18;5;12;16;3;13;
*03RM#~~~61~O;;;;;;;11.20.11;1;6;5;1;1326;;3;9;18;15;2;13;18;5;12;16;3;13;
*13ET+K1B;;;;;;;11.20.11;1;6;5;1;1326;;3;9;18;15;2;13;18;5;12;16;3;13;
*18AT-W2~24~H2C;;r;;;;;11.20.16;1;6;5;1;1330;;3;9;18;15;2;13;18;5;12;16;3;13;
a12BT+~~~~4~~2;;;;;;;11.20.16;1;6;5;1;1330;;3;9;18;15;2;13;18;5;12;16;3;13;
a03ET+~~B;;;;;;;11.20.16;1;6;5;1;1330;;3;9;18;15;2;13;18;5;12;16;3;13;
a05AT-W2~24~H2C;;p;;;;;11.20.21;1;6;5;1;1337;;3;9;18;15;2;13;18;5;12;16;3;13;
*15BT+~~~~4~~2;;;;;;;11.20.21;1;6;5;1;1337;;3;9;18;15;2;13;18;5;12;16;3;13;
*13ET+~~P;;;;;;;11.20.21;1;6;5;1;1337;;3;9;18;15;2;13;18;5;12;16;3;13;
*03AT#Y8~86~H0X;s;s;;;;;11.20.31;1;6;5;1;1341;;3;9;18;15;2;13;18;5;12;16;3;13;
a13DT=~~~86~S;s;;;;;;11.20.31;1;6;5;1;1341;;3;9;18;15;2;13;18;5;12;16;3;13;
*p19:16;;;;;;;11.20.31;1;6;5;1;1345;;3;9;18;15;2;13;18;5;12;16;3;13;
*z5;;;;;;;11.20.31;1;5;5;1;1346;;9;18;15;2;13;3;18;5;12;16;3;13;
*09SM-~~~58;;;;;;;11.20.51;1;5;5;1;1366;;9;18;15;2;13;3;18;5;12;16;3;13;
a13RM#~~~58~O;;;;;;;11.20.51;1;5;5;1;1366;;9;18;15;2;13;3;18;5;12;16;3;13;
a03EQ+K1C;;;;;;;11.20.51;1;5;5;1;1366;;9;18;15;2;13;3;18;5;12;16;3;13;
a16AQ=J1~37~H1S;p;r;;;;;11.20.58;1;5;5;1;1370;;9;18;15;2;13;3;18;5;12;16;3;13;
*$$&H#;p;;;;;;11.20.58;1;5;5;1;1370;;9;18;15;2;13;3;18;5;12;16;3;13;
*p20:16;;;;;;;11.21.00;1;5;5;1;1374;;9;18;15;2;13;3;18;5;12;16;3;13;
*09SM/~~~55;;;;;;;11.21.15;1;5;5;1;1390;;9;18;15;2;13;3;18;5;12;16;3;13;
a12RM/~~~55~M;;;;;;;11.21.15;1;5;5;1;1390;;9;18;15;2;13;3;18;5;12;16;3;13;
*13EO+;;;;;;;11.21.15;1;5;5;1;1390;;9;18;15;2;13;3;18;5;12;16;3;13;
*15AO#V3~3~~H2;p;p;;;;;11.21.20;1;5;5;1;1394;;9;18;15;2;13;3;18;5;12;16;3;13;
a$$&H=;p;;;;;;11.21.20;1;5;5;1;1394;;9;18;15;2;13;3;18;5;12;16;3;13;
*p21:16;;;;;;;11.21.21;1;5;5;1;1398;;9;18;15;2;13;3;18;5;12;16;3;13;
*09SM-~~~57;;;;;;;11.22.39;1;5;5;1;1474;;9;18;15;2;13;3;18;5;12;16;3;13;
a12RM#~~~57~O;;;;;;;11.22.39;1;5;5;1;1474;;9;18;15;2;13;3;18;5;12;16;3;13;
a03ET+K1F;;;;;;;11.22.39;1;5;5;1;1474;;9;18;15;2;13;3;18;5;12;16;3;13;
a12AT#W4~47~H4X;s;r;;;;;11.22.43;1;5;5;1;1478;;9;18;15;2;13;3;18;5;12;16;3;13;
*09DT=~~~47~S;s;;;;;;11.22.43;1;5;5;1;1478;;9;18;15;2;13;3;18;5;12;16;3;13;
ap21:17;;;;;;;11.22.45;1;5;5;1;1482;;9;18;15;2;13;3;18;5;12;16;3;13;
az4;;;;;;;11.22.45;1;5;4;1;1480;;9;18;15;2;13;3;5;12;16;3;13;18;
a05SQ+~~~16;;;;;;;11.23.06;1;5;4;1;1501;;9;18;15;2;13;3;5;12;16;3;13;18;
*03RQ-~~~16;;;;;;;11.23.06;1;5;4;1;1501;;9;18;15;2;13;3;5;12;16;3;13;18;
*13EH+~~B;;;;;;;11.23.06;1;5;4;1;1501;;9;18;15;2;13;3;5;12;16;3;13;18;
*18AH#G2~24~H3S;s;r;;;;;11.23.12;1;5;4;1;1507;;9;18;15;2;13;3;5;12;16;3;13;18;
a16BH=~~~~4~A3S;s;;;;;;11.23.12;1;5;4;1;1507;;9;18;15;2;13;3;5;12;16;3;13;18;
*p22:17;;;;;;;11.23.15;1;5;4;1;1511;;9;18;15;2;13;3;5;12;16;3;13;18;
*z4;;;;;;;11.23.15;1;4;4;1;1510;;18;15;2;13;3;9;5;12;16;3;13;18;
*c13:10;;;;;;;11.23.15;1;4;4;1;1510;;18;15;2;10;3;9;5;12;16;3;13;18;
*c18:22;;;;;;;11.23.15;1;4;4;1;1510;;22;15;2;10;3;9;5;12;16;3;13;18;
*P22;;;;;;;11.23.15;1;4;4;1;1510;;22;15;2;10;3;9;5;12;16;3;13;18;
*z1;;;;;;;11.23.15;1;1;4;1;1510;;22;15;2;10;3;9;5;12;16;3;13;18;
*22SM-~~~17;;;;;;;11.23.49;1;1;4;1;1544;;22;15;2;10;3;9;5;12;16;3;13;18;
a12RM+~~~17~~~~32;;;;;;;11.23.49;1;1;4;1;1544;;22;15;2;10;3;9;5;12;16;3;13;18;
a03ET+K8F;;;;;;;11.23.49;1;1;4;1;1544;;22;15;2;10;3;9;5;12;16;3;13;18;
a12AT#W4~42~T2X;s;r;;;;;11.23.54;1;1;4;1;1548;;22;15;2;10;3;9;5;12;16;3;13;18;
*10BT=~~~~2~~2;s;;;;;;11.23.54;1;1;4;1;1548;;22;15;2;10;3;9;5;12;16;3;13;18;
ap22:18;;;;;;;11.23.58;1;1;4;1;1552;;22;15;2;10;3;9;5;12;16;3;13;18;
az3;;;;;;;11.23.58;1;1;3;1;1553;;22;15;2;10;3;9;12;16;3;13;18;5;
a12SQ-~~~55;;;;;;;11.24.16;1;1;3;1;1571;;22;15;2;10;3;9;12;16;3;13;18;5;
*03RQ+~~~55~O~~32;;;;;;;11.24.16;1;1;3;1;1571;;22;15;2;10;3;9;12;16;3;13;18;5;
*22ET+K8F;;;;;;;11.24.16;1;1;3;1;1571;;22;15;2;10;3;9;12;16;3;13;18;5;
*10AT-W4~42~H2C;;r;;;;;11.24.21;1;1;3;1;1576;;22;15;2;10;3;9;12;16;3;13;18;5;
a03BT+~~~~2~~2;;;;;;;11.24.21;1;1;3;1;1576;;22;15;2;10;3;9;12;16;3;13;18;5;
a03EH+~~F;;;;;;;11.24.21;1;1;3;1;1576;;22;15;2;10;3;9;12;16;3;13;18;5;
a13AH#G4~45~H2X;p;p;;;;;11.24.28;1;1;3;1;1580;;22;15;2;10;3;9;12;16;3;13;18;5;
*10BH=~~~~2~~2;p;;;;;;11.24.28;1;1;3;1;1580;;22;15;2;10;3;9;12;16;3;13;18;5;
ap22:19;;;;;;;11.24.33;1;1;3;1;1584;;22;15;2;10;3;9;12;16;3;13;18;5;
a12SQ-~~~55;;;;;;;11.25.57;1;1;3;1;1672;;22;15;2;10;3;9;12;16;3;13;18;5;
*03RQ+~~~55~~~~32;;;;;;;11.25.57;1;1;3;1;1672;;22;15;2;10;3;9;12;16;3;13;18;5;
*22ET+K1P;;;;;;;11.25.57;1;1;3;1;1672;;22;15;2;10;3;9;12;16;3;13;18;5;
*03AT#Y8~83~H2S;s;r;;;;;11.26.05;1;1;3;1;1677;;22;15;2;10;3;9;12;16;3;13;18;5;
a16BT=~~~~3~~2;s;;;;;;11.26.05;1;1;3;1;1677;;22;15;2;10;3;9;12;16;3;13;18;5;
*p23:19;;;;;;;11.26.09;1;1;3;1;1681;;22;15;2;10;3;9;12;16;3;13;18;5;
*z6;;;;;;;11.26.09;1;6;3;1;1684;;15;2;10;3;9;22;12;16;3;13;18;5;
*15SM/~~~58A;;;;;;;11.26.24;1;6;3;1;1699;;15;2;10;3;9;22;12;16;3;13;18;5;
a12RM/~~~58AO;;;;;;;11.26.24;1;6;3;1;1699;;15;2;10;3;9;22;12;16;3;13;18;5;
*17FH#;;;;;;;11.26.24;1;6;3;1;1705;;15;2;10;3;9;22;12;16;3;13;18;5;
*22EQ+~~C;;;;;;;11.26.24;1;6;3;1;1707;;15;2;10;3;9;22;12;16;3;13;18;5;
*02AQ#J1~37~H1F;p;p;;;;;11.26.33;1;6;3;1;1708;;15;2;10;3;9;22;12;16;3;13;18;5;
a16BQ=~~~~3~T1S;p;;;;;;11.26.33;1;6;3;1;1708;;15;2;10;3;9;22;12;16;3;13;18;5;
*p24:19;;;;;;;11.26.34;1;6;3;1;1712;;15;2;10;3;9;22;12;16;3;13;18;5;
*15SM!~~~58;;;;;;;11.26.56;1;6;3;1;1731;;15;2;10;3;9;22;12;16;3;13;18;5;
a17RM!~~~58~~~~41;;;;;;;11.26.56;1;6;3;1;1731;;15;2;10;3;9;22;12;16;3;13;18;5;
a03ET+KFB;;;;;;;11.26.56;1;6;3;1;1731;;15;2;10;3;9;22;12;16;3;13;18;5;
a05AT-Y9~94~T1;;r;;;;;11.27.02;1;6;3;1;1735;;15;2;10;3;9;22;12;16;3;13;18;5;
*15DT#~~~94;;;;;;;11.27.02;1;6;3;1;1735;;15;2;10;3;9;22;12;16;3;13;18;5;
*22ET+~~F;;;;;;;11.27.02;1;6;3;1;1735;;15;2;10;3;9;22;12;16;3;13;18;5;
*03AT#W4~44~H2X;p;p;;;;;11.27.06;1;6;3;1;1740;;15;2;10;3;9;22;12;16;3;13;18;5;
a13DT=~~~44;p;;;;;;11.27.06;1;6;3;1;1740;;15;2;10;3;9;22;12;16;3;13;18;5;
*p25:19;;;;;;;11.27.09;1;6;3;1;1744;;15;2;10;3;9;22;12;16;3;13;18;5;
**1set;;;;;;;11.27.09;2;6;3;1;1745;;;;;;;;;;;;;;
*P13>LUp;;;;;;;11.27.09;2;6;3;1;1744;;3;9;18;15;2;13;13;18;5;12;16;3;
*z6>LUp;;;;;;;11.27.09;2;6;3;1;1744;;3;9;18;15;2;13;13;18;5;12;16;3;
aP03>LUp;;;;;;;11.27.09;2;6;3;1;1744;;3;9;18;15;2;13;13;18;5;12;16;3;
az6>LUp;;;;;;;11.27.09;2;6;6;1;1744;;3;9;18;15;2;13;13;18;5;12;16;3;
a13SM-~~~15;;;;;;;11.30.35;2;6;6;1;1950;;3;9;18;15;2;13;13;18;5;12;16;3;
*17RM#~~~15;;;;;;;11.30.35;2;6;6;1;1950;;3;9;18;15;2;13;13;18;5;12;16;3;
*13ET+K1P;;;;;;;11.30.35;2;6;6;1;1950;;3;9;18;15;2;13;13;18;5;12;16;3;
*03AT#Y8~88DH1X;s;r;;;;;11.30.40;2;6;6;1;1954;;3;9;18;15;2;13;13;18;5;12;16;3;
a13DT=~~~88D;s;;;;;;11.30.40;2;6;6;1;1954;;3;9;18;15;2;13;13;18;5;12;16;3;
*p01:00;;;;;;;11.30.43;2;6;6;1;1958;;3;9;18;15;2;13;13;18;5;12;16;3;
*z5;;;;;;;11.30.43;2;5;6;1;1958;;9;18;15;2;13;3;13;18;5;12;16;3;
*09SM-~~~55;;;;;;;11.31.03;2;5;6;1;1978;;9;18;15;2;13;3;13;18;5;12;16;3;
a17RM+~~~55~~~~41;;;;;;;11.31.03;2;5;6;1;1978;;9;18;15;2;13;3;13;18;5;12;16;3;
a03ET+KFF;;;;;;;11.31.03;2;5;6;1;1978;;9;18;15;2;13;3;13;18;5;12;16;3;
a12AT-W4~46~H2C;;r;;;;;11.31.08;2;5;6;1;1984;;9;18;15;2;13;3;13;18;5;12;16;3;
*18BT+~~~~2~~2;;;;;;;11.31.08;2;5;6;1;1984;;9;18;15;2;13;3;13;18;5;12;16;3;
*13ET+~~B;;;;;;;11.31.08;2;5;6;1;1984;;9;18;15;2;13;3;13;18;5;12;16;3;
*18AT#W2~26~H2O;p;p;;;;;11.31.16;2;5;6;1;1988;;9;18;15;2;13;3;13;18;5;12;16;3;
a18BT=~~~~4~A2O;p;;;;;;11.31.16;2;5;6;1;1988;;9;18;15;2;13;3;13;18;5;12;16;3;
*p02:00;;;;;;;11.31.18;2;5;6;1;1990;;9;18;15;2;13;3;13;18;5;12;16;3;
*09SM!~~~56;;;;;;;11.31.37;2;5;6;1;2012;;9;18;15;2;13;3;13;18;5;12;16;3;
a17RM!~~~56~~~~41;;;;;;;11.31.37;2;5;6;1;2012;;9;18;15;2;13;3;13;18;5;12;16;3;
a03ET+KFB;;;;;;;11.31.37;2;5;6;1;2012;;9;18;15;2;13;3;13;18;5;12;16;3;
a05AT-W2~24~H2C;;r;;;;;11.31.42;2;5;6;1;2016;;9;18;15;2;13;3;13;18;5;12;16;3;
*02BT+~~~~4~~2;;;;;;;11.31.42;2;5;6;1;2016;;9;18;15;2;13;3;13;18;5;12;16;3;
*13ET+~~P;;;;;;;11.31.42;2;5;6;1;2016;;9;18;15;2;13;3;13;18;5;12;16;3;
*03AT!Y8~83~T1;;p;;;;;11.31.46;2;5;6;1;2021;;9;18;15;2;13;3;13;18;5;12;16;3;
a18BT/~~~~3~~1;p;;;;;;11.31.46;2;5;6;1;2021;;9;18;15;2;13;3;13;18;5;12;16;3;
*$$&H#;p;;;;;;11.31.46;2;5;6;1;2021;;9;18;15;2;13;3;13;18;5;12;16;3;
*p03:00;;;;;;;11.31.50;2;5;6;1;2025;;9;18;15;2;13;3;13;18;5;12;16;3;
*09SM-~~~56;;;;;;;11.32.06;2;5;6;1;2041;;9;18;15;2;13;3;13;18;5;12;16;3;
a17RM+~~~56~~~~41;;;;;;;11.32.06;2;5;6;1;2041;;9;18;15;2;13;3;13;18;5;12;16;3;
a03EQ+K1C;;;;;;;11.32.06;2;5;6;1;2041;;9;18;15;2;13;3;13;18;5;12;16;3;
a18AQ-J4~33~H2;;r;;;;;11.32.13;2;5;6;1;2046;;9;18;15;2;13;3;13;18;5;12;16;3;
*02BQ+~~~~3~~2;;;;;;;11.32.13;2;5;6;1;2046;;9;18;15;2;13;3;13;18;5;12;16;3;
*09EH+~~B~2;;;;;;;11.32.13;2;5;6;1;2046;;9;18;15;2;13;3;13;18;5;12;16;3;
*18AH-G2~29~P0;;p;;;;;11.32.16;2;5;6;1;2050;;9;18;15;2;13;3;13;18;5;12;16;3;
a03DH+~~~29~S;;;;;;;11.32.16;2;5;6;1;2050;;9;18;15;2;13;3;13;18;5;12;16;3;
a17EH+~~B~2;;;;;;;11.32.16;2;5;6;1;2052;;9;18;15;2;13;3;13;18;5;12;16;3;
a05AH#G2~21~H2O;s;s;;;;;11.32.22;2;5;6;1;2054;;9;18;15;2;13;3;13;18;5;12;16;3;
*02BH=~~~~4~A2;s;;;;;;11.32.22;2;5;6;1;2054;;9;18;15;2;13;3;13;18;5;12;16;3;
ap03:01;;;;;;;11.32.25;2;5;6;1;2058;;9;18;15;2;13;3;13;18;5;12;16;3;
az5;;;;;;;11.32.25;2;5;5;1;2060;;9;18;15;2;13;3;18;5;12;16;3;13;
a18SM-~~~65;;;;;;;11.32.43;2;5;5;1;2078;;9;18;15;2;13;3;18;5;12;16;3;13;
*15RM+~~~65~~~~31;;;;;;;11.32.43;2;5;5;1;2078;;9;18;15;2;13;3;18;5;12;16;3;13;
*13ET+K2F;;;;;;;11.32.43;2;5;5;1;2078;;9;18;15;2;13;3;18;5;12;16;3;13;
*15AT-W4~41~H1;;r;;;;;11.32.49;2;5;5;1;2082;;9;18;15;2;13;3;18;5;12;16;3;13;
a03DT#~~~41;;;;;;;11.32.49;2;5;5;1;2082;;9;18;15;2;13;3;18;5;12;16;3;13;
a16EH+~~F~4;;;;;;;11.32.49;2;5;5;1;2084;;9;18;15;2;13;3;18;5;12;16;3;13;
a12AH#G4~47~H2F;p;p;;;;;11.32.59;2;5;5;1;2085;;9;18;15;2;13;3;18;5;12;16;3;13;
*02BH=~~~~2~A2F;p;;;;;;11.32.59;2;5;5;1;2085;;9;18;15;2;13;3;18;5;12;16;3;13;
ap03:02;;;;;;;11.33.00;2;5;5;1;2089;;9;18;15;2;13;3;18;5;12;16;3;13;
a18SM-~~~65;;;;;;;11.33.08;2;5;5;1;2104;;9;18;15;2;13;3;18;5;12;16;3;13;
*03RM#~~~65;;;;;;;11.33.08;2;5;5;1;2104;;9;18;15;2;13;3;18;5;12;16;3;13;
*13EQ+K1C;;;;;;;11.33.08;2;5;5;1;2104;;9;18;15;2;13;3;18;5;12;16;3;13;
*02AQ#J1~39~H1X;s;r;;;;;11.33.15;2;5;5;1;2108;;9;18;15;2;13;3;18;5;12;16;3;13;
a03DQ=~~~39~S;s;;;;;;11.33.15;2;5;5;1;2108;;9;18;15;2;13;3;18;5;12;16;3;13;
*p04:02;;;;;;;11.33.18;2;5;5;1;2112;;9;18;15;2;13;3;18;5;12;16;3;13;
*z4;;;;;;;11.33.18;2;4;5;1;2113;;18;15;2;13;3;9;18;5;12;16;3;13;
*18SQ=~~~16~~~O;s;;;;;;11.33.34;2;4;5;1;2130;;18;15;2;13;3;9;18;5;12;16;3;13;
a$$&H#;s;;;;;;11.33.34;2;4;5;1;2130;;18;15;2;13;3;9;18;5;12;16;3;13;
ap04:03;;;;;;;11.33.40;2;4;5;1;2134;;18;15;2;13;3;9;18;5;12;16;3;13;
az4;;;;;;;11.33.40;2;4;4;1;2135;;18;15;2;13;3;9;5;12;16;3;13;18;
a05SQ!~~~15;;;;;;;11.33.58;2;4;4;1;2153;;18;15;2;13;3;9;5;12;16;3;13;18;
*03RQ!~~~15~~~~22;;;;;;;11.33.58;2;4;4;1;2153;;18;15;2;13;3;9;5;12;16;3;13;18;
*13ET+K9F;;;;;;;11.33.58;2;4;4;1;2153;;18;15;2;13;3;9;5;12;16;3;13;18;
*15AT+W4~42~H4C;;r;;;;;11.34.04;2;4;4;1;2159;;18;15;2;13;3;9;5;12;16;3;13;18;
a16BT-~~~~2~~4;;;;;;;11.34.04;2;4;4;1;2159;;18;15;2;13;3;9;5;12;16;3;13;18;
*13ET+~~B;;;;;;;11.34.04;2;4;4;1;2159;;18;15;2;13;3;9;5;12;16;3;13;18;
*18AT#Y9~91~H4S;s;s;;;;;11.34.12;2;4;4;1;2165;;18;15;2;13;3;9;5;12;16;3;13;18;
a16BT=~~~~4~~4;s;;;;;;11.34.12;2;4;4;1;2165;;18;15;2;13;3;9;5;12;16;3;13;18;
*p05:03;;;;;;;11.34.14;2;4;4;1;2169;;18;15;2;13;3;9;5;12;16;3;13;18;
*z3;;;;;;;11.34.14;2;3;4;1;2169;;15;2;13;3;9;18;5;12;16;3;13;18;
*15SM-~~~59;;;;;;;11.34.33;2;3;4;1;2189;;15;2;13;3;9;18;5;12;16;3;13;18;
a17RM+~~~59~~~~32;;;;;;;11.34.33;2;3;4;1;2189;;15;2;13;3;9;18;5;12;16;3;13;18;
a03EQ+K1C;;;;;;;11.34.33;2;3;4;1;2189;;15;2;13;3;9;18;5;12;16;3;13;18;
a16AQ-J1~39~H2;;r;;;;;11.34.43;2;3;4;1;2193;;15;2;13;3;9;18;5;12;16;3;13;18;
*18DQ#~~~39;;;;;;;11.34.43;2;3;4;1;2193;;15;2;13;3;9;18;5;12;16;3;13;18;
*13ET+~~F;;;;;;;11.34.43;2;3;4;1;2193;;15;2;13;3;9;18;5;12;16;3;13;18;
*03AT-W4~42~H2C;;p;;;;;11.34.45;2;3;4;1;2197;;15;2;13;3;9;18;5;12;16;3;13;18;
a03BT+~~~~2~~2;;;;;;;11.34.45;2;3;4;1;2197;;15;2;13;3;9;18;5;12;16;3;13;18;
a03EQ+~~C;;;;;;;11.34.45;2;3;4;1;2197;;15;2;13;3;9;18;5;12;16;3;13;18;
a16AQ+J1~33~H2C;;s;;;;;11.34.50;2;3;4;1;2201;;15;2;13;3;9;18;5;12;16;3;13;18;
*02BQ-~~~~3~~2;;;;;;;11.34.50;2;3;4;1;2201;;15;2;13;3;9;18;5;12;16;3;13;18;
a03ET+~~F;;;;;;;11.34.50;2;3;4;1;2201;;15;2;13;3;9;18;5;12;16;3;13;18;
a12AT=W4~47~H2S;p;s;;;;;11.34.52;2;3;4;1;2204;;15;2;13;3;9;18;5;12;16;3;13;18;
*$$&H#;p;;;;;;11.34.52;2;3;4;1;2204;;15;2;13;3;9;18;5;12;16;3;13;18;
*p06:03;;;;;;;11.34.53;2;3;4;1;2206;;15;2;13;3;9;18;5;12;16;3;13;18;
*15SM=~~~57~~~R;s;;;;;;11.35.16;2;3;4;1;2231;;15;2;13;3;9;18;5;12;16;3;13;18;
a$$&H#;s;;;;;;11.35.16;2;3;4;1;2231;;15;2;13;3;9;18;5;12;16;3;13;18;
ap06:04;;;;;;;11.35.19;2;3;4;1;2235;;15;2;13;3;9;18;5;12;16;3;13;18;
az3;;;;;;;11.35.19;2;3;3;1;2234;;15;2;13;3;9;18;12;16;3;13;18;5;
a12SQ=~~~51~~~L;s;;;;;;11.35.40;2;3;3;1;2255;;15;2;13;3;9;18;12;16;3;13;18;5;
*$$&H#;s;;;;;;11.35.40;2;3;3;1;2255;;15;2;13;3;9;18;12;16;3;13;18;5;
*p07:04;;;;;;;11.35.41;2;3;3;1;2258;;15;2;13;3;9;18;12;16;3;13;18;5;
*z2;;;;;;;11.35.41;2;2;3;1;2256;;2;13;3;9;18;15;12;16;3;13;18;5;
*02SM-~~~58;;;;;;;11.35.59;2;2;3;1;2274;;2;13;3;9;18;15;12;16;3;13;18;5;
a12RM#~~~58;;;;;;;11.35.59;2;2;3;1;2274;;2;13;3;9;18;15;12;16;3;13;18;5;
a03ET+K1B;;;;;;;11.36.08;2;2;3;1;2274;;2;13;3;9;18;15;12;16;3;13;18;5;
a05AT+Y9~99~H2;;r;;;;;11.36.04;2;2;3;1;2278;;2;13;3;9;18;15;12;16;3;13;18;5;
*02DT/~~~~9;;;;;;;11.36.04;2;2;3;1;2278;;2;13;3;9;18;15;12;16;3;13;18;5;
*13EH/;;;;;;;11.36.11;2;2;3;1;2278;;2;13;3;9;18;15;12;16;3;13;18;5;
a05FH-;;;;;;;11.36.11;2;2;3;1;2284;;2;13;3;9;18;15;12;16;3;13;18;5;
a03EH/~~F;;;;;;;11.36.11;2;2;3;1;2285;;2;13;3;9;18;15;12;16;3;13;18;5;
*03FH#;;;;;;;11.36.11;2;2;3;1;2285;;2;13;3;9;18;15;12;16;3;13;18;5;
*13ET+~~F~4;;;;;;;11.36.14;2;2;3;1;2288;;2;13;3;9;18;15;12;16;3;13;18;5;
*03AT-W4~42~H2C;;p;;;;;11.36.14;2;2;3;1;2290;;2;13;3;9;18;15;12;16;3;13;18;5;
a03BT+~~~~2~A2;;;;;;;11.36.14;2;2;3;1;2290;;2;13;3;9;18;15;12;16;3;13;18;5;
a03ET+~~F;;;;;;;11.36.14;2;2;3;1;2292;;2;13;3;9;18;15;12;16;3;13;18;5;
a13AT-W4~46~H2;;s;;;;;11.36.19;2;2;3;1;2294;;2;13;3;9;18;15;12;16;3;13;18;5;
*15DT#~~~46;;;;;;;11.36.19;2;2;3;1;2294;;2;13;3;9;18;15;12;16;3;13;18;5;
*03EH+~~B~9;;;;;;;11.36.19;2;2;3;1;2296;;2;13;3;9;18;15;12;16;3;13;18;5;
*18AH/G9~94~H3;s;p;;;;;11.36.26;2;2;3;1;2297;;2;13;3;9;18;15;12;16;3;13;18;5;
a03BH#~~~~4~~3;s;;;;;;11.36.26;2;2;3;1;2297;;2;13;3;9;18;15;12;16;3;13;18;5;
ap07:05;;;;;;;11.36.31;2;2;3;1;2301;;2;13;3;9;18;15;12;16;3;13;18;5;
az2;;;;;;;11.36.31;2;2;2;1;2306;;2;13;3;9;18;15;16;3;13;18;5;12;
a16SM-~~~16;;;;;;;11.36.41;2;2;2;1;2316;;2;13;3;9;18;15;16;3;13;18;5;12;
*15RM#~~~16~O;;;;;;;11.36.41;2;2;2;1;2316;;2;13;3;9;18;15;16;3;13;18;5;12;
*13EQ+K1C;;;;;;;11.36.41;2;2;2;1;2316;;2;13;3;9;18;15;16;3;13;18;5;12;
*09AQ+J1~33~P4C;;r;;;;;11.36.48;2;2;2;1;2320;;2;13;3;9;18;15;16;3;13;18;5;12;
a18BQ-~~~~3~~4;;;;;;;11.36.48;2;2;2;1;2320;;2;13;3;9;18;15;16;3;13;18;5;12;
*13EH+~~F;;;;;;;11.36.48;2;2;2;1;2320;;2;13;3;9;18;15;16;3;13;18;5;12;
*03AH#G4~42~H2S;s;s;;;;;11.36.57;2;2;2;1;2324;;2;13;3;9;18;15;16;3;13;18;5;12;
a13BH=~~~~2~A2S;s;;;;;;11.36.57;2;2;2;1;2324;;2;13;3;9;18;15;16;3;13;18;5;12;
*p08:05;;;;;;;11.36.58;2;2;2;1;2328;;2;13;3;9;18;15;16;3;13;18;5;12;
*z1;;;;;;;11.36.58;2;1;2;1;2333;;13;3;9;18;15;2;16;3;13;18;5;12;
*13SM!~~~15;;;;;;;11.37.13;2;1;2;1;2348;;13;3;9;18;15;2;16;3;13;18;5;12;
a13RM!~~~15~~~~21;;;;;;;11.37.13;2;1;2;1;2348;;13;3;9;18;15;2;16;3;13;18;5;12;
a03EH+KBB;;;;;;;11.37.13;2;1;2;1;2348;;13;3;9;18;15;2;16;3;13;18;5;12;
a05AH-G9~91~H2;;r;;;;;11.37.19;2;1;2;1;2352;;13;3;9;18;15;2;16;3;13;18;5;12;
*13DH#~~~91;;;;;;;11.37.19;2;1;2;1;2352;;13;3;9;18;15;2;16;3;13;18;5;12;
*17EH+~~B~2;;;;;;;11.37.19;2;1;2;1;2352;;13;3;9;18;15;2;16;3;13;18;5;12;
*18AH-G2~24~P3C;;p;;;;;11.37.25;2;1;2;1;2357;;13;3;9;18;15;2;16;3;13;18;5;12;
a18BH+~~~~4~A3;;;;;;;11.37.25;2;1;2;1;2357;;13;3;9;18;15;2;16;3;13;18;5;12;
a03ET+~~F;;;;;;;11.37.25;2;1;2;1;2357;;13;3;9;18;15;2;16;3;13;18;5;12;
a13AT#W4~46~T2F;s;s;;;;;11.37.35;2;1;2;1;2361;;13;3;9;18;15;2;16;3;13;18;5;12;
*18BT=~~~~2~A2F;s;;;;;;11.37.35;2;1;2;1;2361;;13;3;9;18;15;2;16;3;13;18;5;12;
ap08:06;;;;;;;11.37.36;2;1;2;1;2365;;13;3;9;18;15;2;16;3;13;18;5;12;
az1;;;;;;;11.37.36;2;1;1;1;2371;;13;3;9;18;15;2;3;13;18;5;12;16;
a03SQ!~~~15;;;;;;;11.37.48;2;1;1;1;2383;;13;3;9;18;15;2;3;13;18;5;12;16;
*15RQ!~~~15~~~~32;;;;;;;11.37.48;2;1;1;1;2383;;13;3;9;18;15;2;3;13;18;5;12;16;
*13ET+K8B;;;;;;;11.37.48;2;1;1;1;2383;;13;3;9;18;15;2;3;13;18;5;12;16;
*03AT-W2~28~T2;;r;;;;;11.37.54;2;1;1;1;2388;;13;3;9;18;15;2;3;13;18;5;12;16;
a10DT#~~~28;;;;;;;11.37.54;2;1;1;1;2388;;13;3;9;18;15;2;3;13;18;5;12;16;
a03ET+~~B;;;;;;;11.37.54;2;1;1;1;2388;;13;3;9;18;15;2;3;13;18;5;12;16;
a05AT#W2~24~H2S;p;p;;;;;11.38.05;2;1;1;1;2392;;13;3;9;18;15;2;3;13;18;5;12;16;
*03BT=~~~~4~~2;p;;;;;;11.38.05;2;1;1;1;2392;;13;3;9;18;15;2;3;13;18;5;12;16;
ap08:07;;;;;;;11.38.09;2;1;1;1;2396;;13;3;9;18;15;2;3;13;18;5;12;16;
a03SQ#~~~14~~~N;p;;;;;;11.38.15;2;1;1;1;2410;;13;3;9;18;15;2;3;13;18;5;12;16;
*18RQ=~~~14~W;p;;;;;;11.38.15;2;1;1;1;2410;;13;3;9;18;15;2;3;13;18;5;12;16;
ap08:08;;;;;;;11.38.19;2;1;1;1;2415;;13;3;9;18;15;2;3;13;18;5;12;16;
a03SM-~~~15;;;;;;;11.38.34;2;1;1;1;2429;;13;3;9;18;15;2;3;13;18;5;12;16;
*15RM+~~~15~~~~41;;;;;;;11.38.34;2;1;1;1;2429;;13;3;9;18;15;2;3;13;18;5;12;16;
*13ET+K1F;;;;;;;11.38.34;2;1;1;1;2429;;13;3;9;18;15;2;3;13;18;5;12;16;
*18AT#W4~49DH1X;s;r;;;;;11.38.44;2;1;1;1;2433;;13;3;9;18;15;2;3;13;18;5;12;16;
a03DT=~~~49D;s;;;;;;11.38.44;2;1;1;1;2433;;13;3;9;18;15;2;3;13;18;5;12;16;
*p09:08;;;;;;;11.38.49;2;1;1;1;2437;;13;3;9;18;15;2;3;13;18;5;12;16;
*z6;;;;;;;11.38.49;2;6;1;1;2444;;3;9;18;15;2;13;3;13;18;5;12;16;
*03SQ-~~~16;;;;;;;11.39.04;2;6;1;1;2459;;3;9;18;15;2;13;3;13;18;5;12;16;
a17RQ+~~~16~~~~21;;;;;;;11.39.04;2;6;1;1;2459;;3;9;18;15;2;13;3;13;18;5;12;16;
a03EQ+KBC;;;;;;;11.39.04;2;6;1;1;2459;;3;9;18;15;2;13;3;13;18;5;12;16;
a18AQ#J1~38AH1X;s;r;;;;;11.39.12;2;6;1;1;2464;;3;9;18;15;2;13;3;13;18;5;12;16;
*13DQ=~~~38A;s;;;;;;11.39.12;2;6;1;1;2464;;3;9;18;15;2;13;3;13;18;5;12;16;
ap09:09;;;;;;;11.39.20;2;6;1;1;2468;;3;9;18;15;2;13;3;13;18;5;12;16;
az6;;;;;;;11.39.20;2;6;6;1;2475;;3;9;18;15;2;13;13;18;5;12;16;3;
ac13:09;;;;;;;11.39.20;2;6;6;1;2475;;3;9;18;15;2;13;9;18;5;12;16;3;
a09SM-~~~16;;;;;;;11.39.32;2;6;6;1;2487;;3;9;18;15;2;13;9;18;5;12;16;3;
*03RM#~~~16~O;;;;;;;11.39.32;2;6;6;1;2487;;3;9;18;15;2;13;9;18;5;12;16;3;
*13EQ+K1C;;;;;;;11.39.32;2;6;6;1;2487;;3;9;18;15;2;13;9;18;5;12;16;3;
*09AQ=J4~35~H1O;p;r;;;;;11.39.42;2;6;6;1;2492;;3;9;18;15;2;13;9;18;5;12;16;3;
a$$&H#;p;;;;;;11.39.42;2;6;6;1;2492;;3;9;18;15;2;13;9;18;5;12;16;3;
ap09:10;;;;;;;11.39.45;2;6;6;1;2496;;3;9;18;15;2;13;9;18;5;12;16;3;
a09SM!~~~11;;;;;;;11.39.51;2;6;6;1;2507;;3;9;18;15;2;13;9;18;5;12;16;3;
*03RM!~~~11~O~~21;;;;;;;11.39.51;2;6;6;1;2507;;3;9;18;15;2;13;9;18;5;12;16;3;
*13EQ+KCC~~~1;;;;;;;11.39.51;2;6;6;1;2507;;3;9;18;15;2;13;9;18;5;12;16;3;
*09AQ#J4~38AH1F;s;r;;;;;11.39.58;2;6;6;1;2511;;3;9;18;15;2;13;9;18;5;12;16;3;
a12BQ=~~~~3~~1;s;;;;;;11.39.58;2;6;6;1;2511;;3;9;18;15;2;13;9;18;5;12;16;3;
*p10:10;;;;;;;11.40.02;2;6;6;1;2515;;3;9;18;15;2;13;9;18;5;12;16;3;
*z5;;;;;;;11.40.02;2;5;6;1;2517;;9;18;15;2;13;3;9;18;5;12;16;3;
*09SM-~~~57;;;;;;;11.40.15;2;5;6;1;2531;;9;18;15;2;13;3;9;18;5;12;16;3;
a12RM#~~~57~O;;;;;;;11.40.15;2;5;6;1;2531;;9;18;15;2;13;3;9;18;5;12;16;3;
a03EQ+K1C;;;;;;;11.40.15;2;5;6;1;2531;;9;18;15;2;13;3;9;18;5;12;16;3;
a18AQ#J4~35~H2S;s;r;;;;;11.40.24;2;5;6;1;2535;;9;18;15;2;13;3;9;18;5;12;16;3;
*09DQ=~~~35~S;s;;;;;;11.40.24;2;5;6;1;2535;;9;18;15;2;13;3;9;18;5;12;16;3;
ap10:11;;;;;;;11.40.30;2;5;6;1;2536;;9;18;15;2;13;3;9;18;5;12;16;3;
az5;;;;;;;11.40.30;2;5;5;1;2545;;9;18;15;2;13;3;18;5;12;16;3;9;
a18SM!~~~65;;;;;;;11.40.38;2;5;5;1;2553;;9;18;15;2;13;3;18;5;12;16;3;9;
*15RM!~~~65~~~~32;;;;;;;11.40.38;2;5;5;1;2553;;9;18;15;2;13;3;18;5;12;16;3;9;
*13ET+K8F;;;;;;;11.40.38;2;5;5;1;2553;;9;18;15;2;13;3;18;5;12;16;3;9;
*15AT+W4~42~H2C;;r;;;;;11.40.49;2;5;5;1;2557;;9;18;15;2;13;3;18;5;12;16;3;9;
a05BT-~~~~2~~2;;;;;;;11.40.49;2;5;5;1;2557;;9;18;15;2;13;3;18;5;12;16;3;9;
*13EQ+~~C;;;;;;;11.40.49;2;5;5;1;2557;;9;18;15;2;13;3;18;5;12;16;3;9;
*02AQ/J1~33~H2;p;s;;;;;11.40.53;2;5;5;1;2561;;9;18;15;2;13;3;18;5;12;16;3;9;
a16BQ#~~~~3~~2;p;;;;;;11.40.53;2;5;5;1;2561;;9;18;15;2;13;3;18;5;12;16;3;9;
ap10:12;;;;;;;11.40.57;2;5;5;1;2565;;9;18;15;2;13;3;18;5;12;16;3;9;
a18SM-~~~65;;;;;;;11.41.04;2;5;5;1;2578;;9;18;15;2;13;3;18;5;12;16;3;9;
*15RM+~~~65~~~~41;;;;;;;11.41.04;2;5;5;1;2578;;9;18;15;2;13;3;18;5;12;16;3;9;
*13ET+KFB;;;;;;;11.41.04;2;5;5;1;2578;;9;18;15;2;13;3;18;5;12;16;3;9;
*18AT#W2~26~H4X;s;r;;;;;11.41.08;2;5;5;1;2583;;9;18;15;2;13;3;18;5;12;16;3;9;
a09DT=~~~26~S;s;;;;;;11.41.08;2;5;5;1;2583;;9;18;15;2;13;3;18;5;12;16;3;9;
*p11:12;;;;;;;11.41.10;2;5;5;1;2587;;9;18;15;2;13;3;18;5;12;16;3;9;
*z4;;;;;;;11.41.10;2;4;5;1;2585;;18;15;2;13;3;9;18;5;12;16;3;9;
*18SQ-~~~16;;;;;;;11.41.26;2;4;5;1;2602;;18;15;2;13;3;9;18;5;12;16;3;9;
a09RQ+~~~16~~~~21;;;;;;;11.41.26;2;4;5;1;2602;;18;15;2;13;3;9;18;5;12;16;3;9;
a03ET+K1B;;;;;;;11.41.26;2;4;5;1;2602;;18;15;2;13;3;9;18;5;12;16;3;9;
a05AT=W2~29~H4S;p;r;;;;;11.41.32;2;4;5;1;2607;;18;15;2;13;3;9;18;5;12;16;3;9;
*$$&H#;p;;;;;;11.41.32;2;4;5;1;2607;;18;15;2;13;3;9;18;5;12;16;3;9;
*p12:12;;;;;;;11.41.35;2;4;5;1;2611;;18;15;2;13;3;9;18;5;12;16;3;9;
*18SQ=~~~16~~~O;s;;;;;;11.41.54;2;4;5;1;2629;;18;15;2;13;3;9;18;5;12;16;3;9;
a$$&H#;s;;;;;;11.41.54;2;4;5;1;2629;;18;15;2;13;3;9;18;5;12;16;3;9;
ap12:13;;;;;;;11.41.58;2;4;5;1;2633;;18;15;2;13;3;9;18;5;12;16;3;9;
az4;;;;;;;11.41.58;2;4;4;1;2633;;18;15;2;13;3;9;5;12;16;3;9;18;
a05SQ!~~~16;;;;;;;11.42.20;2;4;4;1;2656;;18;15;2;13;3;9;5;12;16;3;9;18;
*03RQ!~~~16~~~~22;;;;;;;11.42.20;2;4;4;1;2656;;18;15;2;13;3;9;5;12;16;3;9;18;
*13ET+K9B;;;;;;;11.42.20;2;4;4;1;2656;;18;15;2;13;3;9;5;12;16;3;9;18;
*18AT#Y9~95AH2O;s;r;;;;;11.42.32;2;4;4;1;2661;;18;15;2;13;3;9;5;12;16;3;9;18;
a16BT=~~~~4~~2;s;;;;;;11.42.32;2;4;4;1;2661;;18;15;2;13;3;9;5;12;16;3;9;18;
*p13:13;;;;;;;11.42.34;2;4;4;1;2665;;18;15;2;13;3;9;5;12;16;3;9;18;
*z3;;;;;;;11.42.34;2;3;4;1;2669;;15;2;13;3;9;18;5;12;16;3;9;18;
*15SM-~~~58;;;;;;;11.42.56;2;3;4;1;2692;;15;2;13;3;9;18;5;12;16;3;9;18;
a09RM+~~~58~O~~32;;;;;;;11.42.56;2;3;4;1;2692;;15;2;13;3;9;18;5;12;16;3;9;18;
a03EQ+K1C;;;;;;;11.42.56;2;3;4;1;2692;;15;2;13;3;9;18;5;12;16;3;9;18;
a16AQ+J4~31~H1;;r;;;;;11.43.04;2;3;4;1;2696;;15;2;13;3;9;18;5;12;16;3;9;18;
*18DQ/~~~31;;;;;;;11.43.04;2;3;4;1;2696;;15;2;13;3;9;18;5;12;16;3;9;18;
a17FH+;;;;;;;11.43.04;2;3;4;1;2696;;15;2;13;3;9;18;5;12;16;3;9;18;
a03ET+~~B~9;;;;;;;11.43.11;2;3;4;1;2699;;15;2;13;3;9;18;5;12;16;3;9;18;
a05AT-Y9~95~H2;;s;;;;;11.43.11;2;3;4;1;2701;;15;2;13;3;9;18;5;12;16;3;9;18;
*17DT#~~~95;;;;;;;11.43.11;2;3;4;1;2701;;15;2;13;3;9;18;5;12;16;3;9;18;
*15EH+~~F~4;;;;;;;11.43.11;2;3;4;1;2701;;15;2;13;3;9;18;5;12;16;3;9;18;
*03AH+G4~42~H3C;;p;;;;;11.43.16;2;3;4;1;2706;;15;2;13;3;9;18;5;12;16;3;9;18;
a03BH-~~~~2~A3;;;;;;;11.43.16;2;3;4;1;2706;;15;2;13;3;9;18;5;12;16;3;9;18;
*13EH+~~F;;;;;;;11.43.16;2;3;4;1;2708;;15;2;13;3;9;18;5;12;16;3;9;18;
*03AH/G4~42~H2;s;p;;;;;11.43.22;2;3;4;1;2708;;15;2;13;3;9;18;5;12;16;3;9;18;
a03BH#~~~~2~~2;s;;;;;;11.43.22;2;3;4;1;2708;;15;2;13;3;9;18;5;12;16;3;9;18;
ap13:14;;;;;;;11.43.24;2;3;4;1;2712;;15;2;13;3;9;18;5;12;16;3;9;18;
az3;;;;;;;11.43.24;2;3;3;1;2719;;15;2;13;3;9;18;12;16;3;9;18;5;
a12SQ-~~~55;;;;;;;11.43.39;2;3;3;1;2735;;15;2;13;3;9;18;12;16;3;9;18;5;
*17RQ+~~~55~~~~32;;;;;;;11.43.39;2;3;3;1;2735;;15;2;13;3;9;18;12;16;3;9;18;5;
*13EQ+K8C;;;;;;;11.43.39;2;3;3;1;2735;;15;2;13;3;9;18;12;16;3;9;18;5;
*02AQ#J4~36~H1X;s;r;;;;;11.43.45;2;3;3;1;2739;;15;2;13;3;9;18;12;16;3;9;18;5;
a12DQ=~~~36~S;s;;;;;;11.43.45;2;3;3;1;2739;;15;2;13;3;9;18;12;16;3;9;18;5;
*p14:14;;;;;;;11.43.47;2;3;3;1;2743;;15;2;13;3;9;18;12;16;3;9;18;5;
*z2;;;;;;;11.43.47;2;2;3;1;2742;;2;13;3;9;18;15;12;16;3;9;18;5;
*02SM+~~~58;;;;;;;11.44.03;2;2;3;1;2759;;2;13;3;9;18;15;12;16;3;9;18;5;
a17RM-~~~58;;;;;;;11.44.03;2;2;3;1;2759;;2;13;3;9;18;15;12;16;3;9;18;5;
a03AO/JJ~34~T2;p;r;;;;;11.44.11;2;2;3;1;2762;;2;13;3;9;18;15;12;16;3;9;18;5;
*03BM#~~~~4~~2;p;;;;;;11.44.11;2;2;3;1;2762;;2;13;3;9;18;15;12;16;3;9;18;5;
*p15:14;;;;;;;11.44.12;2;2;3;1;2766;;2;13;3;9;18;15;12;16;3;9;18;5;
*02SM!~~~58;;;;;;;11.44.26;2;2;3;1;2781;;2;13;3;9;18;15;12;16;3;9;18;5;
a17RM!~~~58~~~~32;;;;;;;11.44.26;2;2;3;1;2781;;2;13;3;9;18;15;12;16;3;9;18;5;
a03ET+K8F;;;;;;;11.44.26;2;2;3;1;2781;;2;13;3;9;18;15;12;16;3;9;18;5;
a09AT#W4~46~H4X;s;r;;;;;11.44.33;2;2;3;1;2785;;2;13;3;9;18;15;12;16;3;9;18;5;
*15DT=~~~46~S;s;;;;;;11.44.33;2;2;3;1;2785;;2;13;3;9;18;15;12;16;3;9;18;5;
ap15:15;;;;;;;11.44.36;2;2;3;1;2787;;2;13;3;9;18;15;12;16;3;9;18;5;
az2;;;;;;;11.44.36;2;2;2;1;2791;;2;13;3;9;18;15;16;3;9;18;5;12;
a16SM-~~~16;;;;;;;11.44.49;2;2;2;1;2804;;2;13;3;9;18;15;16;3;9;18;5;12;
*15RM+~~~16~~~~41;;;;;;;11.44.49;2;2;2;1;2804;;2;13;3;9;18;15;16;3;9;18;5;12;
*13EQ+K1C;;;;;;;11.44.49;2;2;2;1;2804;;2;13;3;9;18;15;16;3;9;18;5;12;
*09AQ#J1~37~H2F;s;r;;;;;11.44.56;2;2;2;1;2808;;2;13;3;9;18;15;16;3;9;18;5;12;
a18BQ=~~~~3~T2F;s;;;;;;11.44.56;2;2;2;1;2808;;2;13;3;9;18;15;16;3;9;18;5;12;
*p16:15;;;;;;;11.44.58;2;2;2;1;2810;;2;13;3;9;18;15;16;3;9;18;5;12;
*z1;;;;;;;11.44.58;2;1;2;1;2813;;13;3;9;18;15;2;16;3;9;18;5;12;
*13SM-~~~16;;;;;;;11.45.18;2;1;2;1;2833;;13;3;9;18;15;2;16;3;9;18;5;12;
a12RM#~~~16;;;;;;;11.45.18;2;1;2;1;2833;;13;3;9;18;15;2;16;3;9;18;5;12;
a03ET/K1P;;;;;;;11.45.24;2;1;2;1;2833;;13;3;9;18;15;2;16;3;9;18;5;12;
a17FH#;;;;;;;11.45.24;2;1;2;1;2833;;13;3;9;18;15;2;16;3;9;18;5;12;
*13EQ+~~C~3;;;;;;;11.45.28;2;1;2;1;2838;;13;3;9;18;15;2;16;3;9;18;5;12;
*09AQ#J4~39~H1X;p;p;;;;;11.45.28;2;1;2;1;2842;;13;3;9;18;15;2;16;3;9;18;5;12;
a05DQ=~~~39~S;p;;;;;;11.45.28;2;1;2;1;2842;;13;3;9;18;15;2;16;3;9;18;5;12;
*p17:15;;;;;;;11.45.29;2;1;2;1;2846;;13;3;9;18;15;2;16;3;9;18;5;12;
aT;;;;;;;11.45.29;2;1;2;1;2844;;13;3;9;18;15;2;16;3;9;18;5;12;
*13SM-~~~17;;;;;;;11.46.53;2;1;2;1;2929;;13;3;9;18;15;2;16;3;9;18;5;12;
a09RM+~~~17~~~~41;;;;;;;11.46.53;2;1;2;1;2929;;13;3;9;18;15;2;16;3;9;18;5;12;
a03ET+K1B;;;;;;;11.46.53;2;1;2;1;2929;;13;3;9;18;15;2;16;3;9;18;5;12;
a05AT+Y9~95~H1;;r;;;;;11.46.59;2;1;2;1;2933;;13;3;9;18;15;2;16;3;9;18;5;12;
*17DT/~~~95;;;;;;;11.46.59;2;1;2;1;2933;;13;3;9;18;15;2;16;3;9;18;5;12;
a09FH+;;;;;;;11.46.59;2;1;2;1;2933;;13;3;9;18;15;2;16;3;9;18;5;12;
a03ET+~~B;;;;;;;11.46.59;2;1;2;1;2935;;13;3;9;18;15;2;16;3;9;18;5;12;
a05AT#Y9~95~H1X;s;s;;;;;11.47.05;2;1;2;1;2939;;13;3;9;18;15;2;16;3;9;18;5;12;
*17DT=~~~95~S;s;;;;;;11.47.05;2;1;2;1;2939;;13;3;9;18;15;2;16;3;9;18;5;12;
ap17:16;;;;;;;11.47.07;2;1;2;1;2941;;13;3;9;18;15;2;16;3;9;18;5;12;
az1;;;;;;;11.47.07;2;1;1;1;2942;;13;3;9;18;15;2;3;9;18;5;12;16;
a03SQ-~~~16;;;;;;;11.47.27;2;1;1;1;2960;;13;3;9;18;15;2;3;9;18;5;12;16;
*17RQ+~~~16~~~~32;;;;;;;11.47.27;2;1;1;1;2960;;13;3;9;18;15;2;3;9;18;5;12;16;
*13ET+K9B;;;;;;;11.47.27;2;1;1;1;2960;;13;3;9;18;15;2;3;9;18;5;12;16;
*03AT#W2~26~H2X;s;r;;;;;11.47.37;2;1;1;1;2964;;13;3;9;18;15;2;3;9;18;5;12;16;
a12DT=~~~26~S;s;;;;;;11.47.37;2;1;1;1;2964;;13;3;9;18;15;2;3;9;18;5;12;16;
*p18:16;;;;;;;11.47.39;2;1;1;1;2966;;13;3;9;18;15;2;3;9;18;5;12;16;
*z6;;;;;;;11.47.39;2;6;1;1;2974;;3;9;18;15;2;13;3;9;18;5;12;16;
*03SQ+~~~15;;;;;;;11.47.50;2;6;1;1;2985;;3;9;18;15;2;13;3;9;18;5;12;16;
a12RQ-~~~15;;;;;;;11.47.50;2;6;1;1;2985;;3;9;18;15;2;13;3;9;18;5;12;16;
a03ET+~~F;;;;;;;11.47.50;2;6;1;1;2985;;3;9;18;15;2;13;3;9;18;5;12;16;
a05AT+W4~42~T2;;r;;;;;11.47.57;2;6;1;1;2991;;3;9;18;15;2;13;3;9;18;5;12;16;
*15DT-~~~42;;;;;;;11.47.57;2;6;1;1;2991;;3;9;18;15;2;13;3;9;18;5;12;16;
a12FH#;;;;;;;11.47.57;2;6;1;1;2990;;3;9;18;15;2;13;3;9;18;5;12;16;
a03EQ+~~C;;;;;;;11.47.57;2;6;1;1;2990;;3;9;18;15;2;13;3;9;18;5;12;16;
a18AQ+J1~33~H2C;;s;;;;;11.48.04;2;6;1;1;2997;;3;9;18;15;2;13;3;9;18;5;12;16;
*09BQ-~~~~3~T2;;;;;;;11.48.04;2;6;1;1;2997;;3;9;18;15;2;13;3;9;18;5;12;16;
a12EH+~~B~2;;;;;;;11.48.04;2;6;1;1;2997;;3;9;18;15;2;13;3;9;18;5;12;16;
a09AH=G2~21~H2O;p;s;;;;;11.48.10;2;6;1;1;3001;;3;9;18;15;2;13;3;9;18;5;12;16;
*$$&H#;p;;;;;;11.48.10;2;6;1;1;3001;;3;9;18;15;2;13;3;9;18;5;12;16;
*p19:16;;;;;;;11.48.10;2;6;1;1;3003;;3;9;18;15;2;13;3;9;18;5;12;16;
*03SQ=~~~1~~~~N;s;;;;;;11.48.30;2;6;1;1;3025;;3;9;18;15;2;13;3;9;18;5;12;16;
a$$&H#;s;;;;;;11.48.30;2;6;1;1;3025;;3;9;18;15;2;13;3;9;18;5;12;16;
ap19:17;;;;;;;11.48.32;2;6;1;1;3027;;3;9;18;15;2;13;3;9;18;5;12;16;
az6;;;;;;;11.48.32;2;6;6;1;3027;;3;9;18;15;2;13;9;18;5;12;16;3;
a09SM+~~~19;;;;;;;11.48.46;2;6;6;1;3041;;3;9;18;15;2;13;9;18;5;12;16;3;
*03RM-~~~19;;;;;;;11.48.46;2;6;6;1;3041;;3;9;18;15;2;13;9;18;5;12;16;3;
*13EH+~~B;;;;;;;11.48.46;2;6;6;1;3041;;3;9;18;15;2;13;9;18;5;12;16;3;
*18AH#G2~26~H3F;s;r;;;;;11.48.53;2;6;6;1;3047;;3;9;18;15;2;13;9;18;5;12;16;3;
a09DH=~~~26;s;;;;;;11.48.53;2;6;6;1;3047;;3;9;18;15;2;13;9;18;5;12;16;3;
*p20:17;;;;;;;11.48.56;2;6;6;1;3051;;3;9;18;15;2;13;9;18;5;12;16;3;
*z5;;;;;;;11.48.56;2;5;6;1;3051;;9;18;15;2;13;3;9;18;5;12;16;3;
*c09:06;;;;;;;11.48.56;2;5;6;1;3051;;6;18;15;2;13;3;9;18;5;12;16;3;
*06SQ!~~~16C;;;;;;;11.49.27;2;5;6;1;3082;;6;18;15;2;13;3;9;18;5;12;16;3;
a17RQ!~~~16C~~~21;;;;;;;11.49.27;2;5;6;1;3082;;6;18;15;2;13;3;9;18;5;12;16;3;
a03ET+KBF;;;;;;;11.49.27;2;5;6;1;3082;;6;18;15;2;13;3;9;18;5;12;16;3;
a12AT=W4~43~T2;p;r;;;;;11.49.34;2;5;6;1;3087;;6;18;15;2;13;3;9;18;5;12;16;3;
*$$&H#;p;;;;;;11.49.34;2;5;6;1;3087;;6;18;15;2;13;3;9;18;5;12;16;3;
*p21:17;;;;;;;11.49.36;2;5;6;1;3092;;6;18;15;2;13;3;9;18;5;12;16;3;
aT;;;;;;;11.49.36;2;5;6;1;3091;;6;18;15;2;13;3;9;18;5;12;16;3;
*06SQ-~~~16;;;;;;;11.50.58;2;5;6;1;3173;;6;18;15;2;13;3;9;18;5;12;16;3;
a17RQ+~~~16~~~~32;;;;;;;11.50.58;2;5;6;1;3173;;6;18;15;2;13;3;9;18;5;12;16;3;
a03ET+K1F;;;;;;;11.50.58;2;5;6;1;3173;;6;18;15;2;13;3;9;18;5;12;16;3;
a12AT#W4~47~H2X;s;r;;;;;11.51.03;2;5;6;1;3178;;6;18;15;2;13;3;9;18;5;12;16;3;
*03DT=~~~47~S;s;;;;;;11.51.03;2;5;6;1;3178;;6;18;15;2;13;3;9;18;5;12;16;3;
ap21:18;;;;;;;11.51.05;2;5;6;1;3180;;6;18;15;2;13;3;9;18;5;12;16;3;
az5;;;;;;;11.51.05;2;5;5;1;3180;;6;18;15;2;13;3;18;5;12;16;3;9;
*c06:09;;;;;;;11.51.05;2;5;5;1;3180;;9;18;15;2;13;3;18;5;12;16;3;9;
ac18:15;;;;;;;11.51.05;2;5;5;1;3180;;9;18;15;2;13;3;15;5;12;16;3;9;
a15SM-~~~56;;;;;;;11.51.38;2;5;5;1;3213;;9;18;15;2;13;3;15;5;12;16;3;9;
*17RM#~~~56;;;;;;;11.51.38;2;5;5;1;3213;;9;18;15;2;13;3;15;5;12;16;3;9;
*13ET+K1B;;;;;;;11.51.38;2;5;5;1;3213;;9;18;15;2;13;3;15;5;12;16;3;9;
*18AT#W2~29~H1X;s;r;;;;;11.51.46;2;5;5;1;3218;;9;18;15;2;13;3;15;5;12;16;3;9;
a03DT=~~~29;s;;;;;;11.51.46;2;5;5;1;3218;;9;18;15;2;13;3;15;5;12;16;3;9;
*p22:18;;;;;;;11.51.55;2;5;5;1;3222;;9;18;15;2;13;3;15;5;12;16;3;9;
*z4;;;;;;;11.51.55;2;4;5;1;3230;;18;15;2;13;3;9;15;5;12;16;3;9;
*c13:10;;;;;;;11.51.55;2;4;5;1;3230;;18;15;2;10;3;9;15;5;12;16;3;9;
*c18:22;;;;;;;11.51.55;2;4;5;1;3230;;22;15;2;10;3;9;15;5;12;16;3;9;
*P22;;;;;;;11.51.55;2;4;5;1;3230;;22;15;2;10;3;9;15;5;12;16;3;9;
*z1;;;;;;;11.51.55;2;1;5;1;3230;;22;15;2;10;3;9;15;5;12;16;3;9;
ac15:18;;;;;;;11.51.55;2;1;5;1;3230;;22;15;2;10;3;9;18;5;12;16;3;9;
*22SM-~~~19;;;;;;;11.52.22;2;1;5;1;3257;;22;15;2;10;3;9;18;5;12;16;3;9;
a17RM#~~~19;;;;;;;11.52.22;2;1;5;1;3257;;22;15;2;10;3;9;18;5;12;16;3;9;
a03ET+K1B;;;;;;;11.52.22;2;1;5;1;3257;;22;15;2;10;3;9;18;5;12;16;3;9;
a05AT-W2~22~P2;;r;;;;;11.52.29;2;1;5;1;3262;;22;15;2;10;3;9;18;5;12;16;3;9;
*10DT#~~~22;;;;;;;11.52.29;2;1;5;1;3262;;22;15;2;10;3;9;18;5;12;16;3;9;
*22ET+~~F;;;;;;;11.52.29;2;1;5;1;3262;;22;15;2;10;3;9;18;5;12;16;3;9;
*15AT=W4~45~H2O;s;p;;;;;11.52.33;2;1;5;1;3266;;22;15;2;10;3;9;18;5;12;16;3;9;
a$$&H#;s;;;;;;11.52.33;2;1;5;1;3266;;22;15;2;10;3;9;18;5;12;16;3;9;
ap22:19;;;;;;;11.52.35;2;1;5;1;3270;;22;15;2;10;3;9;18;5;12;16;3;9;
az4;;;;;;;11.52.35;2;1;4;1;3270;;22;15;2;10;3;9;5;12;16;3;9;18;
a05SQ-~~~16;;;;;;;11.52.57;2;1;4;1;3292;;22;15;2;10;3;9;5;12;16;3;9;18;
*17RQ+~~~16~~~~21;;;;;;;11.52.57;2;1;4;1;3292;;22;15;2;10;3;9;5;12;16;3;9;18;
*22EQ+K1C;;;;;;;11.52.57;2;1;4;1;3292;;22;15;2;10;3;9;5;12;16;3;9;18;
*02AQ+J1~33~T2;;r;;;;;11.53.03;2;1;4;1;3297;;22;15;2;10;3;9;5;12;16;3;9;18;
a16BQ-~~~~3~~2;;;;;;;11.53.03;2;1;4;1;3297;;22;15;2;10;3;9;5;12;16;3;9;18;
a03ET+~~F;;;;;;;11.53.03;2;1;4;1;3297;;22;15;2;10;3;9;5;12;16;3;9;18;
a12AT#W4~44~T0X;p;p;;;;;11.53.16;2;1;4;1;3301;;22;15;2;10;3;9;5;12;16;3;9;18;
*17DT=~~~44;p;;;;;;11.53.16;2;1;4;1;3301;;22;15;2;10;3;9;5;12;16;3;9;18;
ap22:20;;;;;;;11.53.19;2;1;4;1;3305;;22;15;2;10;3;9;5;12;16;3;9;18;
*T;;;;;;;11.53.19;2;1;4;1;3314;;22;15;2;10;3;9;5;12;16;3;9;18;
a05SQ-~~~11~~~N;;;;;;;11.54.36;2;1;4;1;3391;;22;15;2;10;3;9;5;12;16;3;9;18;
*15RQ+~~~11~~~~32;;;;;;;11.54.36;2;1;4;1;3391;;22;15;2;10;3;9;5;12;16;3;9;18;
*22ET+K8F;;;;;;;11.54.36;2;1;4;1;3391;;22;15;2;10;3;9;5;12;16;3;9;18;
*10AT+W4~42~H2C;;r;;;;;11.54.44;2;1;4;1;3397;;22;15;2;10;3;9;5;12;16;3;9;18;
a03BT-~~~~2~~2;;;;;;;11.54.44;2;1;4;1;3397;;22;15;2;10;3;9;5;12;16;3;9;18;
*22ET+~~F;;;;;;;11.54.44;2;1;4;1;3397;;22;15;2;10;3;9;5;12;16;3;9;18;
*10AT-W4~45~H2C;;s;;;;;11.54.46;2;1;4;1;3401;;22;15;2;10;3;9;5;12;16;3;9;18;
a16BT+~~~~2~~2;;;;;;;11.54.46;2;1;4;1;3401;;22;15;2;10;3;9;5;12;16;3;9;18;
a03EH+~~F;;;;;;;11.54.46;2;1;4;1;3401;;22;15;2;10;3;9;5;12;16;3;9;18;
a12AH=G4~45~H2O;s;p;;;;;11.54.50;2;1;4;1;3405;;22;15;2;10;3;9;5;12;16;3;9;18;
*$$&H#;s;;;;;;11.54.50;2;1;4;1;3405;;22;15;2;10;3;9;5;12;16;3;9;18;
*p23:20;;;;;;;11.54.51;2;1;4;1;3409;;22;15;2;10;3;9;5;12;16;3;9;18;
*z6;;;;;;;11.54.51;2;6;4;1;3406;;15;2;10;3;9;22;5;12;16;3;9;18;
*15SM!~~~56;;;;;;;11.55.51;2;6;4;1;3467;;15;2;10;3;9;22;5;12;16;3;9;18;
a17RM!~~~56~~~~21;;;;;;;11.55.51;2;6;4;1;3467;;15;2;10;3;9;22;5;12;16;3;9;18;
a03EO+KBS;;;;;;;11.55.51;2;6;4;1;3467;;15;2;10;3;9;22;5;12;16;3;9;18;
a03AO-JJ~3~~T1;;r;;;;;11.56.03;2;6;4;1;3470;;15;2;10;3;9;22;5;12;16;3;9;18;
*17DO#~~~3;;;;;;;11.56.03;2;6;4;1;3470;;15;2;10;3;9;22;5;12;16;3;9;18;
*22EQ+~~C;;;;;;;11.56.03;2;6;4;1;3472;;15;2;10;3;9;22;5;12;16;3;9;18;
*02AQ#J1~33~T1X;p;p;;;;;11.56.08;2;6;4;1;3474;;15;2;10;3;9;22;5;12;16;3;9;18;
a03DQ=~~~33~E;p;;;;;;11.56.08;2;6;4;1;3474;;15;2;10;3;9;22;5;12;16;3;9;18;
*p24:20;;;;;;;11.56.09;2;6;4;1;3476;;15;2;10;3;9;22;5;12;16;3;9;18;
*15SM-~~~56;;;;;;;11.56.22;2;6;4;1;3498;;15;2;10;3;9;22;5;12;16;3;9;18;
a17RM+~~~56~~~~41;;;;;;;11.56.22;2;6;4;1;3498;;15;2;10;3;9;22;5;12;16;3;9;18;
a03EQ+KCC;;;;;;;11.56.22;2;6;4;1;3498;;15;2;10;3;9;22;5;12;16;3;9;18;
a16AQ#J4~37~H1X;s;r;;;;;11.56.31;2;6;4;1;3502;;15;2;10;3;9;22;5;12;16;3;9;18;
*17DQ=~~~37;s;;;;;;11.56.31;2;6;4;1;3502;;15;2;10;3;9;22;5;12;16;3;9;18;
ap24:21;;;;;;;11.56.36;2;6;4;1;3506;;15;2;10;3;9;22;5;12;16;3;9;18;
az3;;;;;;;11.56.36;2;6;3;1;3511;;15;2;10;3;9;22;12;16;3;9;18;5;
ac09:13;;;;;;;11.56.36;2;6;3;1;3511;;15;2;10;3;9;22;12;16;3;13;18;5;
a12SQ=~~~5~~~~N;s;;;;;;11.56.51;2;6;3;1;3526;;15;2;10;3;9;22;12;16;3;13;18;5;
*$$&H#;s;;;;;;11.56.51;2;6;3;1;3526;;15;2;10;3;9;22;12;16;3;13;18;5;
*p25:21;;;;;;;11.56.56;2;6;3;1;3530;;15;2;10;3;9;22;12;16;3;13;18;5;
**2set;;;;;;;11.56.56;3;6;3;1;3531;;;;;;;;;;;;;;
*P13>LUp;;;;;;;11.56.56;3;6;3;1;3531;;3;9;18;15;2;13;13;18;5;12;16;3;
*z6>LUp;;;;;;;11.56.56;3;6;3;1;3531;;3;9;18;15;2;13;13;18;5;12;16;3;
aP03>LUp;;;;;;;11.56.56;3;6;3;1;3531;;3;9;18;15;2;13;13;18;5;12;16;3;
az6>LUp;;;;;;;11.56.56;3;6;6;1;3531;;3;9;18;15;2;13;13;18;5;12;16;3;
*03SQ!~~~16~~~N;;;;;;;12.00.36;3;6;6;1;3752;;3;9;18;15;2;13;13;18;5;12;16;3;
a17RQ!~~~16~~~~21;;;;;;;12.00.36;3;6;6;1;3752;;3;9;18;15;2;13;13;18;5;12;16;3;
a03EQ+KBC;;;;;;;12.00.36;3;6;6;1;3752;;3;9;18;15;2;13;13;18;5;12;16;3;
a18AQ+J1~33~P2C;;r;;;;;12.00.44;3;6;6;1;3756;;3;9;18;15;2;13;13;18;5;12;16;3;
*15BQ-~~~~3~~2;;;;;;;12.00.44;3;6;6;1;3756;;3;9;18;15;2;13;13;18;5;12;16;3;
*13EO+;;;;;;;12.00.44;3;6;6;1;3756;;3;9;18;15;2;13;13;18;5;12;16;3;
*15AO#V3~3~~H2;p;p;;;;;12.00.48;3;6;6;1;3758;;3;9;18;15;2;13;13;18;5;12;16;3;
a$$&H=;p;;;;;;12.00.48;3;6;6;1;3758;;3;9;18;15;2;13;13;18;5;12;16;3;
*p01:00;;;;;;;12.00.48;3;6;6;1;3760;;3;9;18;15;2;13;13;18;5;12;16;3;
*03SQ!~~~16;;;;;;;12.01.03;3;6;6;1;3779;;3;9;18;15;2;13;13;18;5;12;16;3;
a17RQ!~~~16~~~~32;;;;;;;12.01.03;3;6;6;1;3779;;3;9;18;15;2;13;13;18;5;12;16;3;
a03ET+K8F;;;;;;;12.01.03;3;6;6;1;3779;;3;9;18;15;2;13;13;18;5;12;16;3;
a12AT+W4~42~T2C;;r;;;;;12.01.11;3;6;6;1;3784;;3;9;18;15;2;13;13;18;5;12;16;3;
*09BT-~~~~2~~2;;;;;;;12.01.11;3;6;6;1;3784;;3;9;18;15;2;13;13;18;5;12;16;3;
*13ET+~~B;;;;;;;12.01.11;3;6;6;1;3784;;3;9;18;15;2;13;13;18;5;12;16;3;
*18AT#W2~25~H2O;p;p;;;;;12.01.16;3;6;6;1;3789;;3;9;18;15;2;13;13;18;5;12;16;3;
a18BT=~~~~4~~2;p;;;;;;12.01.16;3;6;6;1;3789;;3;9;18;15;2;13;13;18;5;12;16;3;
*p02:00;;;;;;;12.01.19;3;6;6;1;3793;;3;9;18;15;2;13;13;18;5;12;16;3;
*03SQ!~~~16;;;;;;;12.01.38;3;6;6;1;3814;;3;9;18;15;2;13;13;18;5;12;16;3;
a17RQ!~~~16~~~~42;;;;;;;12.01.38;3;6;6;1;3814;;3;9;18;15;2;13;13;18;5;12;16;3;
a03ET+KFF;;;;;;;12.01.38;3;6;6;1;3814;;3;9;18;15;2;13;13;18;5;12;16;3;
a12AT/W4~42~H2;p;r;;;;;12.01.45;3;6;6;1;3819;;3;9;18;15;2;13;13;18;5;12;16;3;
*18BT#~~~~2~~2;p;;;;;;12.01.45;3;6;6;1;3819;;3;9;18;15;2;13;13;18;5;12;16;3;
*p03:00;;;;;;;12.01.47;3;6;6;1;3823;;3;9;18;15;2;13;13;18;5;12;16;3;
*03SQ#~~~15;p;;;;;;12.02.06;3;6;6;1;3842;;3;9;18;15;2;13;13;18;5;12;16;3;
a12RQ=~~~15~R;p;;;;;;12.02.06;3;6;6;1;3842;;3;9;18;15;2;13;13;18;5;12;16;3;
*p04:00;;;;;;;12.02.13;3;6;6;1;3848;;3;9;18;15;2;13;13;18;5;12;16;3;
aT;;;;;;;12.02.13;3;6;6;1;3848;;3;9;18;15;2;13;13;18;5;12;16;3;
*03SQ-~~~18~~~N;;;;;;;12.03.37;3;6;6;1;3932;;3;9;18;15;2;13;13;18;5;12;16;3;
a17RQ+~~~18~W~~32;;;;;;;12.03.37;3;6;6;1;3932;;3;9;18;15;2;13;13;18;5;12;16;3;
a03ET+K2B;;;;;;;12.03.37;3;6;6;1;3932;;3;9;18;15;2;13;13;18;5;12;16;3;
a05AT/W2~24~H2;p;r;;;;;12.03.45;3;6;6;1;3937;;3;9;18;15;2;13;13;18;5;12;16;3;
*15BT#~~~~4~~2;p;;;;;;12.03.45;3;6;6;1;3937;;3;9;18;15;2;13;13;18;5;12;16;3;
*p05:00;;;;;;;12.03.55;3;6;6;1;3941;;3;9;18;15;2;13;13;18;5;12;16;3;
*03SQ#~~~11C;p;;;;;;12.04.04;3;6;6;1;3960;;3;9;18;15;2;13;13;18;5;12;16;3;
a13RQ=~~~11CL;p;;;;;;12.04.04;3;6;6;1;3960;;3;9;18;15;2;13;13;18;5;12;16;3;
*p06:00;;;;;;;12.04.11;3;6;6;1;3965;;3;9;18;15;2;13;13;18;5;12;16;3;
*03SQ=~~~1~~~~N;s;;;;;;12.04.32;3;6;6;1;3988;;3;9;18;15;2;13;13;18;5;12;16;3;
a$$&H#;s;;;;;;12.04.32;3;6;6;1;3988;;3;9;18;15;2;13;13;18;5;12;16;3;
ap06:01;;;;;;;12.04.34;3;6;6;1;3991;;3;9;18;15;2;13;13;18;5;12;16;3;
az5;;;;;;;12.04.34;3;6;5;1;3989;;3;9;18;15;2;13;18;5;12;16;3;13;
a18SM-~~~61;;;;;;;12.04.55;3;6;5;1;4010;;3;9;18;15;2;13;18;5;12;16;3;13;
*03RM+~~~61~~~~22;;;;;;;12.04.55;3;6;5;1;4010;;3;9;18;15;2;13;18;5;12;16;3;13;
*13ET+KBF;;;;;;;12.04.55;3;6;5;1;4010;;3;9;18;15;2;13;18;5;12;16;3;13;
*15AT+W4~42~H1C;;r;;;;;12.05.02;3;6;5;1;4014;;3;9;18;15;2;13;18;5;12;16;3;13;
a05BT-~~~~2~~1;;;;;;;12.05.02;3;6;5;1;4014;;3;9;18;15;2;13;18;5;12;16;3;13;
*13EQ+~~C;;;;;;;12.05.02;3;6;5;1;4014;;3;9;18;15;2;13;18;5;12;16;3;13;
*09AQ-J1~3~~T1;;s;;;;;12.05.05;3;6;5;1;4017;;3;9;18;15;2;13;18;5;12;16;3;13;
a05DQ#~~~3;;;;;;;12.05.05;3;6;5;1;4017;;3;9;18;15;2;13;18;5;12;16;3;13;
a03ET+~~F;;;;;;;12.05.05;3;6;5;1;4017;;3;9;18;15;2;13;18;5;12;16;3;13;
a12AT-W4~42~H2C;;p;;;;;12.05.07;3;6;5;1;4020;;3;9;18;15;2;13;18;5;12;16;3;13;
*09BT+~~~~2~~2;;;;;;;12.05.07;3;6;5;1;4020;;3;9;18;15;2;13;18;5;12;16;3;13;
*13ET+~~B;;;;;;;12.05.07;3;6;5;1;4020;;3;9;18;15;2;13;18;5;12;16;3;13;
*18AT-W2~21~H2;;s;;;;;12.05.10;3;6;5;1;4024;;3;9;18;15;2;13;18;5;12;16;3;13;
a13DT#~~~21;;;;;;;12.05.10;3;6;5;1;4024;;3;9;18;15;2;13;18;5;12;16;3;13;
a05EH+~~F;;;;;;;12.05.10;3;6;5;1;4024;;3;9;18;15;2;13;18;5;12;16;3;13;
a12AH/G4~42~P3;s;p;;;;;12.05.15;3;6;5;1;4028;;3;9;18;15;2;13;18;5;12;16;3;13;
*09BH#~~~~2~~3;s;;;;;;12.05.15;3;6;5;1;4028;;3;9;18;15;2;13;18;5;12;16;3;13;
*p07:01;;;;;;;12.05.18;3;6;5;1;4032;;3;9;18;15;2;13;18;5;12;16;3;13;
*z5;;;;;;;12.05.18;3;5;5;1;4033;;9;18;15;2;13;3;18;5;12;16;3;13;
*09SM-~~~57;;;;;;;12.05.39;3;5;5;1;4054;;9;18;15;2;13;3;18;5;12;16;3;13;
a12RM#~~~57;;;;;;;12.05.39;3;5;5;1;4054;;9;18;15;2;13;3;18;5;12;16;3;13;
a03ET+K1B;;;;;;;12.05.39;3;5;5;1;4054;;9;18;15;2;13;3;18;5;12;16;3;13;
a05AT/W2~24~H2;p;r;;;;;12.05.45;3;5;5;1;4059;;9;18;15;2;13;3;18;5;12;16;3;13;
*15BT#~~~~4~~2;p;;;;;;12.05.45;3;5;5;1;4059;;9;18;15;2;13;3;18;5;12;16;3;13;
*p08:01;;;;;;;12.05.49;3;5;5;1;4063;;9;18;15;2;13;3;18;5;12;16;3;13;
*09SM-~~~56;;;;;;;12.06.09;3;5;5;1;4083;;9;18;15;2;13;3;18;5;12;16;3;13;
a13RM+~~~56~~~~32;;;;;;;12.06.09;3;5;5;1;4083;;9;18;15;2;13;3;18;5;12;16;3;13;
a03ET+KCB;;;;;;;12.06.09;3;5;5;1;4083;;9;18;15;2;13;3;18;5;12;16;3;13;
a05AT=W2~21~H2O;p;r;;;;;12.06.14;3;5;5;1;4087;;9;18;15;2;13;3;18;5;12;16;3;13;
*$$&H#;p;;;;;;12.06.14;3;5;5;1;4087;;9;18;15;2;13;3;18;5;12;16;3;13;
*p09:01;;;;;;;12.06.15;3;5;5;1;4091;;9;18;15;2;13;3;18;5;12;16;3;13;
ac05:07;;;;;;;12.06.15;3;5;5;1;4090;;9;18;15;2;13;3;18;7;12;16;3;13;
ac03:15;;;;;;;12.06.15;3;5;5;1;4090;;9;18;15;2;13;3;18;7;12;16;15;13;
aP15;;;;;;;12.06.15;3;5;5;1;4090;;9;18;15;2;13;3;18;7;12;16;15;13;
az5;;;;;;;12.06.15;3;5;5;1;4090;;9;18;15;2;13;3;18;7;12;16;15;13;
*09SM#~~~55;p;;;;;;12.07.05;3;5;5;1;4140;;9;18;15;2;13;3;18;7;12;16;15;13;
a12RM=~~~55~O;p;;;;;;12.07.05;3;5;5;1;4140;;9;18;15;2;13;3;18;7;12;16;15;13;
*p10:01;;;;;;;12.07.08;3;5;5;1;4144;;9;18;15;2;13;3;18;7;12;16;15;13;
*09SM-~~~57;;;;;;;12.07.51;3;5;5;1;4186;;9;18;15;2;13;3;18;7;12;16;15;13;
a12RM#~~~57;;;;;;;12.07.51;3;5;5;1;4186;;9;18;15;2;13;3;18;7;12;16;15;13;
a15EQ+K2C;;;;;;;12.07.51;3;5;5;1;4186;;9;18;15;2;13;3;18;7;12;16;15;13;
a16AQ-J2~33~H1C;;r;;;;;12.07.57;3;5;5;1;4190;;9;18;15;2;13;3;18;7;12;16;15;13;
*02BQ+~~~~3~~1;;;;;;;12.07.57;3;5;5;1;4190;;9;18;15;2;13;3;18;7;12;16;15;13;
*13EQ+~~C;;;;;;;12.07.57;3;5;5;1;4190;;9;18;15;2;13;3;18;7;12;16;15;13;
*02AQ=J2~37~H1S;s;p;;;;;12.08.00;3;5;5;1;4193;;9;18;15;2;13;3;18;7;12;16;15;13;
a$$&H#;s;;;;;;12.08.00;3;5;5;1;4193;;9;18;15;2;13;3;18;7;12;16;15;13;
ap10:02;;;;;;;12.08.02;3;5;5;1;4197;;9;18;15;2;13;3;18;7;12;16;15;13;
az4;;;;;;;12.08.02;3;5;4;1;4197;;9;18;15;2;13;3;7;12;16;15;13;18;
a07SQ-~~~11;;;;;;;12.08.21;3;5;4;1;4218;;9;18;15;2;13;3;7;12;16;15;13;18;
*17RQ#~~~11;;;;;;;12.08.21;3;5;4;1;4218;;9;18;15;2;13;3;7;12;16;15;13;18;
*13ET+K1F;;;;;;;12.08.21;3;5;4;1;4218;;9;18;15;2;13;3;7;12;16;15;13;18;
*15AT#W4~41~H1X;s;r;;;;;12.08.28;3;5;4;1;4222;;9;18;15;2;13;3;7;12;16;15;13;18;
a07DT=~~~41~S;s;;;;;;12.08.28;3;5;4;1;4222;;9;18;15;2;13;3;7;12;16;15;13;18;
*p11:02;;;;;;;12.08.30;3;5;4;1;4226;;9;18;15;2;13;3;7;12;16;15;13;18;
*z4;;;;;;;12.08.30;3;4;4;1;4225;;18;15;2;13;3;9;7;12;16;15;13;18;
*18SQ=~~~11~~~O;s;;;;;;12.08.44;3;4;4;1;4240;;18;15;2;13;3;9;7;12;16;15;13;18;
a$$&H#;s;;;;;;12.08.44;3;4;4;1;4240;;18;15;2;13;3;9;7;12;16;15;13;18;
ap11:03;;;;;;;12.08.47;3;4;4;1;4243;;18;15;2;13;3;9;7;12;16;15;13;18;
az3;;;;;;;12.08.47;3;4;3;1;4242;;18;15;2;13;3;9;12;16;15;13;18;7;
a12SQ-~~~56;;;;;;;12.09.04;3;4;3;1;4259;;18;15;2;13;3;9;12;16;15;13;18;7;
*03RQ+~~~56~~~~32;;;;;;;12.09.04;3;4;3;1;4259;;18;15;2;13;3;9;12;16;15;13;18;7;
*13ET+KCB;;;;;;;12.09.04;3;4;3;1;4259;;18;15;2;13;3;9;12;16;15;13;18;7;
*18AT/Y9~94~H2;p;r;;;;;12.09.11;3;4;3;1;4265;;18;15;2;13;3;9;12;16;15;13;18;7;
a13BT#~~~~4~~2;p;;;;;;12.09.11;3;4;3;1;4265;;18;15;2;13;3;9;12;16;15;13;18;7;
ap11:04;;;;;;;12.09.14;3;4;3;1;4269;;18;15;2;13;3;9;12;16;15;13;18;7;
a12SQ=~~~56~~~O;s;;;;;;12.09.30;3;4;3;1;4286;;18;15;2;13;3;9;12;16;15;13;18;7;
*$$&H#;s;;;;;;12.09.30;3;4;3;1;4286;;18;15;2;13;3;9;12;16;15;13;18;7;
*p12:04;;;;;;;12.09.33;3;4;3;1;4289;;18;15;2;13;3;9;12;16;15;13;18;7;
*z3;;;;;;;12.09.33;3;3;3;1;4288;;15;2;13;3;9;18;12;16;15;13;18;7;
*15SM!~~~56;;;;;;;12.09.49;3;3;3;1;4305;;15;2;13;3;9;18;12;16;15;13;18;7;
a17RM!~~~56~O~~21;;;;;;;12.09.49;3;3;3;1;4305;;15;2;13;3;9;18;12;16;15;13;18;7;
a15ET+KBF;;;;;;;12.09.49;3;3;3;1;4305;;15;2;13;3;9;18;12;16;15;13;18;7;
a13AT#W4~47~H2X;s;r;;;;;12.09.56;3;3;3;1;4309;;15;2;13;3;9;18;12;16;15;13;18;7;
*17DT=~~~47~S;s;;;;;;12.09.56;3;3;3;1;4309;;15;2;13;3;9;18;12;16;15;13;18;7;
ap12:05;;;;;;;12.09.59;3;3;3;1;4313;;15;2;13;3;9;18;12;16;15;13;18;7;
az2;;;;;;;12.09.59;3;3;2;1;4314;;15;2;13;3;9;18;16;15;13;18;7;12;
a16SM-~~~11;;;;;;;12.10.12;3;3;2;1;4327;;15;2;13;3;9;18;16;15;13;18;7;12;
*15RM#~~~11;;;;;;;12.10.12;3;3;2;1;4327;;15;2;13;3;9;18;16;15;13;18;7;12;
*13EQ+K1C;;;;;;;12.10.12;3;3;2;1;4327;;15;2;13;3;9;18;16;15;13;18;7;12;
*02AQ#J4~35~H1X;s;r;;;;;12.10.18;3;3;2;1;4331;;15;2;13;3;9;18;16;15;13;18;7;12;
a12DQ=~~~35;s;;;;;;12.10.18;3;3;2;1;4331;;15;2;13;3;9;18;16;15;13;18;7;12;
*p13:05;;;;;;;12.10.21;3;3;2;1;4335;;15;2;13;3;9;18;16;15;13;18;7;12;
*z2;;;;;;;12.10.21;3;2;2;1;4336;;2;13;3;9;18;15;16;15;13;18;7;12;
*02SM-~~~58;;;;;;;12.10.38;3;2;2;1;4354;;2;13;3;9;18;15;16;15;13;18;7;12;
a12RM#~~~58~O;;;;;;;12.10.38;3;2;2;1;4354;;2;13;3;9;18;15;16;15;13;18;7;12;
a15ET+K2B;;;;;;;12.10.38;3;2;2;1;4354;;2;13;3;9;18;15;16;15;13;18;7;12;
a07AT-Y9~91~H1;;r;;;;;12.10.44;3;2;2;1;4358;;2;13;3;9;18;15;16;15;13;18;7;12;
*18DT#~~~91;;;;;;;12.10.44;3;2;2;1;4358;;2;13;3;9;18;15;16;15;13;18;7;12;
*13EH+~~F;;;;;;;12.10.44;3;2;2;1;4358;;2;13;3;9;18;15;16;15;13;18;7;12;
*03AH#G4~46~H3X;p;p;;;;;12.10.48;3;2;2;1;4362;;2;13;3;9;18;15;16;15;13;18;7;12;
a12DH=~~~46~S;p;;;;;;12.10.48;3;2;2;1;4362;;2;13;3;9;18;15;16;15;13;18;7;12;
*p14:05;;;;;;;12.10.49;3;2;2;1;4366;;2;13;3;9;18;15;16;15;13;18;7;12;
*02SM-~~~56;;;;;;;12.11.04;3;2;2;1;4379;;2;13;3;9;18;15;16;15;13;18;7;12;
a12RM#~~~56~O;;;;;;;12.11.04;3;2;2;1;4379;;2;13;3;9;18;15;16;15;13;18;7;12;
a15EQ+K2C;;;;;;;12.11.04;3;2;2;1;4379;;2;13;3;9;18;15;16;15;13;18;7;12;
a18AQ#J2~35~H1X;s;r;;;;;12.11.15;3;2;2;1;4383;;2;13;3;9;18;15;16;15;13;18;7;12;
*02DQ=~~~35~S;s;;;;;;12.11.15;3;2;2;1;4383;;2;13;3;9;18;15;16;15;13;18;7;12;
ap14:06;;;;;;;12.11.18;3;2;2;1;4384;;2;13;3;9;18;15;16;15;13;18;7;12;
az1;;;;;;;12.11.18;3;2;1;1;4393;;2;13;3;9;18;15;15;13;18;7;12;16;
a15SM-~~~17;;;;;;;12.11.32;3;2;1;1;4407;;2;13;3;9;18;15;15;13;18;7;12;16;
*03RM+~~~17~O~~41;;;;;;;12.11.32;3;2;1;1;4407;;2;13;3;9;18;15;15;13;18;7;12;16;
*13ET+K1F;;;;;;;12.11.32;3;2;1;1;4407;;2;13;3;9;18;15;15;13;18;7;12;16;
*03AT-W4~46~H2C;;r;;;;;12.11.37;3;2;1;1;4412;;2;13;3;9;18;15;15;13;18;7;12;16;
a12DT#~~~46;;;;;;;12.11.37;3;2;1;1;4412;;2;13;3;9;18;15;15;13;18;7;12;16;
a15ET+~~F;;;;;;;12.11.37;3;2;1;1;4412;;2;13;3;9;18;15;15;13;18;7;12;16;
a13AT/W4~42~H2;s;p;;;;;12.11.42;3;2;1;1;4416;;2;13;3;9;18;15;15;13;18;7;12;16;
*09BT#~~~~2~~2;s;;;;;;12.11.42;3;2;1;1;4416;;2;13;3;9;18;15;15;13;18;7;12;16;
*p15:06;;;;;;;12.11.44;3;2;1;1;4420;;2;13;3;9;18;15;15;13;18;7;12;16;
*z1;;;;;;;12.11.44;3;1;1;1;4419;;13;3;9;18;15;2;15;13;18;7;12;16;
*13SQ!~~~11;;;;;;;12.12.05;3;1;1;1;4440;;13;3;9;18;15;2;15;13;18;7;12;16;
a13RQ!~~~11~~~~32;;;;;;;12.12.05;3;1;1;1;4440;;13;3;9;18;15;2;15;13;18;7;12;16;
a15EH+K8B;;;;;;;12.12.05;3;1;1;1;4440;;13;3;9;18;15;2;15;13;18;7;12;16;
a13AH/G2~24~T2;p;r;;;;;12.12.11;3;1;1;1;4445;;13;3;9;18;15;2;15;13;18;7;12;16;
*03BH#~~~~4~~2;p;;;;;;12.12.11;3;1;1;1;4445;;13;3;9;18;15;2;15;13;18;7;12;16;
*p16:06;;;;;;;12.12.13;3;1;1;1;4449;;13;3;9;18;15;2;15;13;18;7;12;16;
*13SM-~~~18~~~N;;;;;;;12.12.34;3;1;1;1;4468;;13;3;9;18;15;2;15;13;18;7;12;16;
a17RM#~~~18~W;;;;;;;12.12.34;3;1;1;1;4468;;13;3;9;18;15;2;15;13;18;7;12;16;
a15ET+K1F;;;;;;;12.12.34;3;1;1;1;4468;;13;3;9;18;15;2;15;13;18;7;12;16;
a07AT#W4~47~H4X;s;r;;;;;12.12.39;3;1;1;1;4472;;13;3;9;18;15;2;15;13;18;7;12;16;
*17DT=~~~47;s;;;;;;12.12.39;3;1;1;1;4472;;13;3;9;18;15;2;15;13;18;7;12;16;
ap16:07;;;;;;;12.12.45;3;1;1;1;4476;;13;3;9;18;15;2;15;13;18;7;12;16;
az6;;;;;;;12.12.45;3;1;6;1;4480;;13;3;9;18;15;2;13;18;7;12;16;15;
ac13:09;;;;;;;12.12.45;3;1;6;1;4480;;13;3;9;18;15;2;9;18;7;12;16;15;
a09SM-~~~17;;;;;;;12.12.59;3;1;6;1;4494;;13;3;9;18;15;2;9;18;7;12;16;15;
*15RM+~~~17~~~~32;;;;;;;12.12.59;3;1;6;1;4494;;13;3;9;18;15;2;9;18;7;12;16;15;
*13ET+K8B;;;;;;;12.12.59;3;1;6;1;4494;;13;3;9;18;15;2;9;18;7;12;16;15;
*03AT#W2~24~H2S;s;r;;;;;12.13.09;3;1;6;1;4500;;13;3;9;18;15;2;9;18;7;12;16;15;
a12BT=~~~~4~~2;s;;;;;;12.13.09;3;1;6;1;4500;;13;3;9;18;15;2;9;18;7;12;16;15;
*p17:07;;;;;;;12.13.12;3;1;6;1;4504;;13;3;9;18;15;2;9;18;7;12;16;15;
*z6;;;;;;;12.13.12;3;6;6;1;4507;;3;9;18;15;2;13;9;18;7;12;16;15;
*03SQ=~~~1~~~~N;s;;;;;;12.13.27;3;6;6;1;4522;;3;9;18;15;2;13;9;18;7;12;16;15;
a$$&H#;s;;;;;;12.13.27;3;6;6;1;4522;;3;9;18;15;2;13;9;18;7;12;16;15;
ap17:08;;;;;;;12.13.29;3;6;6;1;4525;;3;9;18;15;2;13;9;18;7;12;16;15;
az5;;;;;;;12.13.29;3;6;5;1;4524;;3;9;18;15;2;13;18;7;12;16;15;9;
a18SQ-~~~61~~~N;;;;;;;12.13.47;3;6;5;1;4542;;3;9;18;15;2;13;18;7;12;16;15;9;
*03RQ+~~~61~~~~21;;;;;;;12.13.47;3;6;5;1;4542;;3;9;18;15;2;13;18;7;12;16;15;9;
*13ET+K1B;;;;;;;12.13.47;3;6;5;1;4542;;3;9;18;15;2;13;18;7;12;16;15;9;
*18AT#W2~24~H2S;s;r;;;;;12.13.54;3;6;5;1;4547;;3;9;18;15;2;13;18;7;12;16;15;9;
a12BT=~~~~4~~2;s;;;;;;12.13.54;3;6;5;1;4547;;3;9;18;15;2;13;18;7;12;16;15;9;
*p18:08;;;;;;;12.13.57;3;6;5;1;4551;;3;9;18;15;2;13;18;7;12;16;15;9;
*z5;;;;;;;12.13.57;3;5;5;1;4552;;9;18;15;2;13;3;18;7;12;16;15;9;
*c09:06;;;;;;;12.13.57;3;5;5;1;4552;;6;18;15;2;13;3;18;7;12;16;15;9;
*06SQ!~~~16;;;;;;;12.14.21;3;5;5;1;4576;;6;18;15;2;13;3;18;7;12;16;15;9;
a09RQ!~~~16~~~~32;;;;;;;12.14.21;3;5;5;1;4576;;6;18;15;2;13;3;18;7;12;16;15;9;
a15EQ+K8C;;;;;;;12.14.21;3;5;5;1;4576;;6;18;15;2;13;3;18;7;12;16;15;9;
a16AQ#J2~32~T1X;s;r;;;;;12.14.35;3;5;5;1;4581;;6;18;15;2;13;3;18;7;12;16;15;9;
*13DQ=~~~32~E;s;;;;;;12.14.35;3;5;5;1;4581;;6;18;15;2;13;3;18;7;12;16;15;9;
ap18:09;;;;;;;12.14.38;3;5;5;1;4585;;6;18;15;2;13;3;18;7;12;16;15;9;
az4;;;;;;;12.14.38;3;5;4;1;4593;;6;18;15;2;13;3;7;12;16;15;9;18;
*c06:09;;;;;;;12.14.38;3;5;4;1;4593;;9;18;15;2;13;3;7;12;16;15;9;18;
a07SQ-~~~11;;;;;;;12.14.49;3;5;4;1;4604;;9;18;15;2;13;3;7;12;16;15;9;18;
*17RQ+~~~11~~~~31;;;;;;;12.14.49;3;5;4;1;4604;;9;18;15;2;13;3;7;12;16;15;9;18;
*13ET+K1F;;;;;;;12.14.49;3;5;4;1;4604;;9;18;15;2;13;3;7;12;16;15;9;18;
*15AT#W4~41~H2X;s;r;;;;;12.14.55;3;5;4;1;4609;;9;18;15;2;13;3;7;12;16;15;9;18;
a07DT=~~~41~S;s;;;;;;12.14.55;3;5;4;1;4609;;9;18;15;2;13;3;7;12;16;15;9;18;
*p19:09;;;;;;;12.14.57;3;5;4;1;4613;;9;18;15;2;13;3;7;12;16;15;9;18;
*z4;;;;;;;12.14.57;3;4;4;1;4612;;18;15;2;13;3;9;7;12;16;15;9;18;
*c13:10;;;;;;;12.14.57;3;4;4;1;4612;;18;15;2;10;3;9;7;12;16;15;9;18;
*c18:22;;;;;;;12.14.57;3;4;4;1;4612;;22;15;2;10;3;9;7;12;16;15;9;18;
*P22;;;;;;;12.14.57;3;4;4;1;4612;;22;15;2;10;3;9;7;12;16;15;9;18;
*z1;;;;;;;12.14.57;3;1;4;1;4612;;22;15;2;10;3;9;7;12;16;15;9;18;
*22SM-~~~17;;;;;;;12.15.28;3;1;4;1;4643;;22;15;2;10;3;9;7;12;16;15;9;18;
a16RM+~~~17~~~~32;;;;;;;12.15.28;3;1;4;1;4643;;22;15;2;10;3;9;7;12;16;15;9;18;
a15ET+K1F;;;;;;;12.15.28;3;1;4;1;4643;;22;15;2;10;3;9;7;12;16;15;9;18;
a12AT#W4~47~H2X;s;r;;;;;12.15.38;3;1;4;1;4648;;22;15;2;10;3;9;7;12;16;15;9;18;
*17DT=~~~47~S;s;;;;;;12.15.38;3;1;4;1;4648;;22;15;2;10;3;9;7;12;16;15;9;18;
ap19:10;;;;;;;12.15.41;3;1;4;1;4652;;22;15;2;10;3;9;7;12;16;15;9;18;
az3;;;;;;;12.15.41;3;1;3;1;4656;;22;15;2;10;3;9;12;16;15;9;18;7;
a12SQ=~~~56~~~O;s;;;;;;12.15.54;3;1;3;1;4670;;22;15;2;10;3;9;12;16;15;9;18;7;
*$$&H#;s;;;;;;12.15.54;3;1;3;1;4670;;22;15;2;10;3;9;12;16;15;9;18;7;
*p20:10;;;;;;;12.15.57;3;1;3;1;4674;;22;15;2;10;3;9;12;16;15;9;18;7;
*z6;;;;;;;12.15.57;3;6;3;1;4672;;15;2;10;3;9;22;12;16;15;9;18;7;
*15SM-~~~59;;;;;;;12.16.15;3;6;3;1;4690;;15;2;10;3;9;22;12;16;15;9;18;7;
a12RM+~~~59~~~~21;;;;;;;12.16.15;3;6;3;1;4690;;15;2;10;3;9;22;12;16;15;9;18;7;
a15ET+KBB;;;;;;;12.16.15;3;6;3;1;4690;;15;2;10;3;9;22;12;16;15;9;18;7;
a07AT#Y9~94~H2S;s;r;;;;;12.16.23;3;6;3;1;4694;;15;2;10;3;9;22;12;16;15;9;18;7;
*03BT=~~~~4~~2;s;;;;;;12.16.23;3;6;3;1;4694;;15;2;10;3;9;22;12;16;15;9;18;7;
ap20:11;;;;;;;12.16.27;3;6;3;1;4698;;15;2;10;3;9;22;12;16;15;9;18;7;
az2;;;;;;;12.16.27;3;6;2;1;4702;;15;2;10;3;9;22;16;15;9;18;7;12;
a16SM+~~~11;;;;;;;12.16.36;3;6;2;1;4711;;15;2;10;3;9;22;16;15;9;18;7;12;
*15RM-~~~11;;;;;;;12.16.36;3;6;2;1;4711;;15;2;10;3;9;22;16;15;9;18;7;12;
*22ET+~~B;;;;;;;12.16.36;3;6;2;1;4711;;15;2;10;3;9;22;16;15;9;18;7;12;
*10AT-W2~23~T2;;r;;;;;12.16.42;3;6;2;1;4716;;15;2;10;3;9;22;16;15;9;18;7;12;
a15DT#~~~23;;;;;;;12.16.42;3;6;2;1;4716;;15;2;10;3;9;22;16;15;9;18;7;12;
a16EH+~~F~4;;;;;;;12.16.42;3;6;2;1;4716;;15;2;10;3;9;22;16;15;9;18;7;12;
a09AH#G4~41~H2X;p;p;;;;;12.16.47;3;6;2;1;4720;;15;2;10;3;9;22;16;15;9;18;7;12;
*22DH=~~~41~S;p;;;;;;12.16.47;3;6;2;1;4720;;15;2;10;3;9;22;16;15;9;18;7;12;
ap20:12;;;;;;;12.16.49;3;6;2;1;4724;;15;2;10;3;9;22;16;15;9;18;7;12;
a16SM!~~~11;;;;;;;12.17.00;3;6;2;1;4735;;15;2;10;3;9;22;16;15;9;18;7;12;
*15RM!~~~11~~~~32;;;;;;;12.17.00;3;6;2;1;4735;;15;2;10;3;9;22;16;15;9;18;7;12;
*22ET+K8F;;;;;;;12.17.00;3;6;2;1;4735;;15;2;10;3;9;22;16;15;9;18;7;12;
*03AT#W4~47~H2X;s;r;;;;;12.17.05;3;6;2;1;4741;;15;2;10;3;9;22;16;15;9;18;7;12;
a16DT=~~~47;s;;;;;;12.17.05;3;6;2;1;4741;;15;2;10;3;9;22;16;15;9;18;7;12;
*p21:12;;;;;;;12.17.09;3;6;2;1;4745;;15;2;10;3;9;22;16;15;9;18;7;12;
*z5;;;;;;;12.17.09;3;5;2;1;4744;;2;10;3;9;22;15;16;15;9;18;7;12;
*02SM-~~~56;;;;;;;12.17.25;3;5;2;1;4760;;2;10;3;9;22;15;16;15;9;18;7;12;
a17RM+~~~56~~~~32;;;;;;;12.17.25;3;5;2;1;4760;;2;10;3;9;22;15;16;15;9;18;7;12;
a15ET+K2F;;;;;;;12.17.25;3;5;2;1;4760;;2;10;3;9;22;15;16;15;9;18;7;12;
a09AT+W4~42~H2;;r;;;;;12.17.30;3;5;2;1;4765;;2;10;3;9;22;15;16;15;9;18;7;12;
*10BT-~~~~2~~2;;;;;;;12.17.30;3;5;2;1;4765;;2;10;3;9;22;15;16;15;9;18;7;12;
a12EH+~~F~4;;;;;;;12.17.30;3;5;2;1;4765;;2;10;3;9;22;15;16;15;9;18;7;12;
a09AH=G4~45~H2O;p;s;;;;;12.17.35;3;5;2;1;4769;;2;10;3;9;22;15;16;15;9;18;7;12;
*$$&H#;p;;;;;;12.17.35;3;5;2;1;4769;;2;10;3;9;22;15;16;15;9;18;7;12;
*p22:12;;;;;;;12.17.36;3;5;2;1;4771;;2;10;3;9;22;15;16;15;9;18;7;12;
aT;;;;;;;12.17.36;3;5;2;1;4771;;2;10;3;9;22;15;16;15;9;18;7;12;
*02SM-~~~56;;;;;;;12.18.45;3;5;2;1;4840;;2;10;3;9;22;15;16;15;9;18;7;12;
a17RM+~~~56~~~~32;;;;;;;12.18.45;3;5;2;1;4840;;2;10;3;9;22;15;16;15;9;18;7;12;
a15ET+K8B;;;;;;;12.18.45;3;5;2;1;4840;;2;10;3;9;22;15;16;15;9;18;7;12;
a07AT+Y9~94~H1;;r;;;;;12.18.52;3;5;2;1;4846;;2;10;3;9;22;15;16;15;9;18;7;12;
*03BT-~~~~4~~1;;;;;;;12.18.52;3;5;2;1;4846;;2;10;3;9;22;15;16;15;9;18;7;12;
a09AO-V4~42~H1;;s;;;;;12.18.52;3;5;2;1;4849;;2;10;3;9;22;15;16;15;9;18;7;12;
*10BO+~~~~2~A1;;;;;;;12.18.52;3;5;2;1;4850;;2;10;3;9;22;15;16;15;9;18;7;12;
*22ET+~~B;;;;;;;12.18.52;3;5;2;1;4851;;2;10;3;9;22;15;16;15;9;18;7;12;
*10AT+W2~24~H2C;;p;;;;;12.18.57;3;5;2;1;4852;;2;10;3;9;22;15;16;15;9;18;7;12;
a18BT-~~~~4~~2;;;;;;;12.18.57;3;5;2;1;4852;;2;10;3;9;22;15;16;15;9;18;7;12;
*09EH+~~F;;;;;;;12.18.57;3;5;2;1;4852;;2;10;3;9;22;15;16;15;9;18;7;12;
*03AH#G4~46~H2X;p;p;;;;;12.19.04;3;5;2;1;4856;;2;10;3;9;22;15;16;15;9;18;7;12;
a12DH=~~~46~S;p;;;;;;12.19.04;3;5;2;1;4856;;2;10;3;9;22;15;16;15;9;18;7;12;
*p23:12;;;;;;;12.19.05;3;5;2;1;4860;;2;10;3;9;22;15;16;15;9;18;7;12;
*02SM#~~~56;p;;;;;;12.19.25;3;5;2;1;4880;;2;10;3;9;22;15;16;15;9;18;7;12;
a17RM=~~~56~L;p;;;;;;12.19.25;3;5;2;1;4880;;2;10;3;9;22;15;16;15;9;18;7;12;
*p24:12;;;;;;;12.19.36;3;5;2;1;4884;;2;10;3;9;22;15;16;15;9;18;7;12;
*02SM!~~~57;;;;;;;12.20.02;3;5;2;1;4918;;2;10;3;9;22;15;16;15;9;18;7;12;
a09RM!~~~57~~~~32;;;;;;;12.20.02;3;5;2;1;4918;;2;10;3;9;22;15;16;15;9;18;7;12;
a15ET+K8B;;;;;;;12.20.02;3;5;2;1;4918;;2;10;3;9;22;15;16;15;9;18;7;12;
a07AT-Y9~96~H2C;;r;;;;;12.20.08;3;5;2;1;4922;;2;10;3;9;22;15;16;15;9;18;7;12;
*09BT+~~~~4~~2;;;;;;;12.20.08;3;5;2;1;4922;;2;10;3;9;22;15;16;15;9;18;7;12;
*02EH+~~B~9;;;;;;;12.20.08;3;5;2;1;4922;;2;10;3;9;22;15;16;15;9;18;7;12;
*10AH#G2~21~H3X;p;p;;;;;12.20.13;3;5;2;1;4928;;2;10;3;9;22;15;16;15;9;18;7;12;
a07DH=~~~21~S;p;;;;;;12.20.13;3;5;2;1;4928;;2;10;3;9;22;15;16;15;9;18;7;12;
*p25:12;;;;;;;12.20.20;3;5;2;1;4932;;2;10;3;9;22;15;16;15;9;18;7;12;
**3set;;;;;;;12.20.20;4;5;2;1;4934;;;;;;;;;;;;;;
