*P09>LUp;;;;;;;;1;1;1;;;;9;13;11;5;3;4;3;9;18;15;2;13;
*z1>LUp;;;;;;;;1;1;1;;;;9;13;11;5;3;4;3;9;18;15;2;13;
aP13>LUp;;;;;;;;1;1;1;;;;9;13;11;5;3;4;3;9;18;15;2;13;
az6>LUp;;;;;;;;1;1;6;;;;9;13;11;5;3;4;3;9;18;15;2;13;
a03SQ=~~~11~~~N;s;;;;;;16.49.12;1;1;6;1;279;;9;13;11;5;3;4;3;9;18;15;2;13;
*$$&H#;s;;;;;;16.49.12;1;1;6;1;279;;9;13;11;5;3;4;3;9;18;15;2;13;
*p01:00;;;;;;;16.49.16;1;1;6;1;283;;9;13;11;5;3;4;3;9;18;15;2;13;
*z6;;;;;;;16.49.16;1;6;6;1;283;;13;11;5;3;4;9;3;9;18;15;2;13;
*13SQ-~~~66;;;;;;;16.49.28;1;6;6;1;295;;13;11;5;3;4;9;3;9;18;15;2;13;
a17RQ+~~~66~~~~32;;;;;;;16.49.28;1;6;6;1;295;;13;11;5;3;4;9;3;9;18;15;2;13;
a13ET+K1F;;;;;;;16.49.36;1;6;6;1;303;;13;11;5;3;4;9;3;9;18;15;2;13;
a15AT-W4~41~H1;;r;;;;;16.49.34;1;6;6;1;301;;13;11;5;3;4;9;3;9;18;15;2;13;
*09DT+~~~41;;;;;;;16.49.34;1;6;6;1;301;;13;11;5;3;4;9;3;9;18;15;2;13;
*10EH+~~F~4;;;;;;;16.49.34;1;6;6;1;301;;13;11;5;3;4;9;3;9;18;15;2;13;
*03AH-G4~45~H2;;p;;;;;16.49.37;1;6;6;1;304;;13;11;5;3;4;9;3;9;18;15;2;13;
a09BH+~~~~2~~2;;;;;;;16.49.37;1;6;6;1;304;;13;11;5;3;4;9;3;9;18;15;2;13;
a03DH+;;;;;;;16.49.37;1;6;6;1;304;;13;11;5;3;4;9;3;9;18;15;2;13;
a13ET+;;;;;;;16.49.37;1;6;6;1;304;;13;11;5;3;4;9;3;9;18;15;2;13;
a15AT#W4~45~H2;s;s;;;;;16.49.41;1;6;6;1;308;;13;11;5;3;4;9;3;9;18;15;2;13;
*$$&H=;s;;;;;;16.49.41;1;6;6;1;308;;13;11;5;3;4;9;3;9;18;15;2;13;
ap01:01;;;;;;;16.49.43;1;6;6;1;310;;13;11;5;3;4;9;3;9;18;15;2;13;
az5;;;;;;;16.49.43;1;6;5;1;310;;13;11;5;3;4;9;9;18;15;2;13;3;
a09SM#~~~52~~~N;p;;;;;;16.50.04;1;6;5;1;331;;13;11;5;3;4;9;9;18;15;2;13;3;
*09RM=~~~52~W;p;;;;;;16.50.04;1;6;5;1;331;;13;11;5;3;4;9;9;18;15;2;13;3;
ap01:02;;;;;;;16.50.13;1;6;5;1;340;;13;11;5;3;4;9;9;18;15;2;13;3;
a09SM-~~~51;;;;;;;16.50.25;1;6;5;1;352;;13;11;5;3;4;9;9;18;15;2;13;3;
*13RM#~~~51~O;;;;;;;16.50.25;1;6;5;1;352;;13;11;5;3;4;9;9;18;15;2;13;3;
*09ET#K2B;;;;;;;16.50.25;1;6;5;1;352;;13;11;5;3;4;9;9;18;15;2;13;3;
*05AT#W2~29~H1;s;r;;;;;16.50.30;1;6;5;1;357;;13;11;5;3;4;9;9;18;15;2;13;3;
a$$&H=;s;;;;;;16.50.30;1;6;5;1;357;;13;11;5;3;4;9;9;18;15;2;13;3;
*p02:02;;;;;;;16.50.33;1;6;5;1;360;;13;11;5;3;4;9;9;18;15;2;13;3;
*z5;;;;;;;16.50.33;1;5;5;1;360;;11;5;3;4;9;13;9;18;15;2;13;3;
*11SM-~~~58;;;;;;;16.50.48;1;5;5;1;375;;11;5;3;4;9;13;9;18;15;2;13;3;
a03RM+~~~58~~~~32;;;;;;;16.50.48;1;5;5;1;375;;11;5;3;4;9;13;9;18;15;2;13;3;
a13ET#K2B;;;;;;;16.50.48;1;5;5;1;375;;11;5;3;4;9;13;9;18;15;2;13;3;
a18AT#W2~28AH1;s;r;;;;;16.50.55;1;5;5;1;382;;11;5;3;4;9;13;9;18;15;2;13;3;
*$$&H=;s;;;;;;16.50.55;1;5;5;1;382;;11;5;3;4;9;13;9;18;15;2;13;3;
ap02:03;;;;;;;16.50.58;1;5;5;1;385;;11;5;3;4;9;13;9;18;15;2;13;3;
az4;;;;;;;16.50.58;1;5;4;1;385;;11;5;3;4;9;13;18;15;2;13;3;9;
a18SQ=~~~66~~~N;s;;;;;;16.51.15;1;5;4;1;402;;11;5;3;4;9;13;18;15;2;13;3;9;
*$$&H#;s;;;;;;16.51.15;1;5;4;1;402;;11;5;3;4;9;13;18;15;2;13;3;9;
*p03:03;;;;;;;16.51.19;1;5;4;1;406;;11;5;3;4;9;13;18;15;2;13;3;9;
*z4;;;;;;;16.51.19;1;4;4;1;406;;5;3;4;9;13;11;18;15;2;13;3;9;
*05SQ!~~~16;;;;;;;16.51.41;1;4;4;1;428;;5;3;4;9;13;11;18;15;2;13;3;9;
a03RQ!~~~16~~~~21;;;;;;;16.51.41;1;4;4;1;428;;5;3;4;9;13;11;18;15;2;13;3;9;
a13ET+KBF;;;;;;;16.51.49;1;4;4;1;436;;5;3;4;9;13;11;18;15;2;13;3;9;
a15AT-W4~46~H2;;r;;;;;16.51.47;1;4;4;1;434;;5;3;4;9;13;11;18;15;2;13;3;9;
*09BH+;;;;;;;16.51.47;1;4;4;1;434;;5;3;4;9;13;11;18;15;2;13;3;9;
*13DT+~~~46;;;;;;;16.51.47;1;4;4;1;434;;5;3;4;9;13;11;18;15;2;13;3;9;
*10EH+~~F~4;;;;;;;16.51.47;1;4;4;1;434;;5;3;4;9;13;11;18;15;2;13;3;9;
*03AH-G4~42~T2;;p;;;;;16.51.51;1;4;4;1;438;;5;3;4;9;13;11;18;15;2;13;3;9;
a02DH+~~~42;;;;;;;16.51.51;1;4;4;1;438;;5;3;4;9;13;11;18;15;2;13;3;9;
a13EH+~~P;;;;;;;16.51.51;1;4;4;1;438;;5;3;4;9;13;11;18;15;2;13;3;9;
a03AH=G8~81~H1O;p;s;;;;;16.51.54;1;4;4;1;441;;5;3;4;9;13;11;18;15;2;13;3;9;
*$$&H#;p;;;;;;16.51.54;1;4;4;1;441;;5;3;4;9;13;11;18;15;2;13;3;9;
*p04:03;;;;;;;16.51.57;1;4;4;1;444;;5;3;4;9;13;11;18;15;2;13;3;9;
*05SQ-~~~66;;;;;;;16.52.18;1;4;4;1;465;;5;3;4;9;13;11;18;15;2;13;3;9;
a03RQ#~~~66~~~~33;;;;;;;16.52.18;1;4;4;1;465;;5;3;4;9;13;11;18;15;2;13;3;9;
a13ET#K2F;;;;;;;16.52.18;1;4;4;1;465;;5;3;4;9;13;11;18;15;2;13;3;9;
a15AT#W4~41~H1;s;r;;;;;16.52.24;1;4;4;1;471;;5;3;4;9;13;11;18;15;2;13;3;9;
*05DT=~~~41;s;;;;;;16.52.24;1;4;4;1;471;;5;3;4;9;13;11;18;15;2;13;3;9;
ap04:04;;;;;;;16.52.28;1;4;4;1;475;;5;3;4;9;13;11;18;15;2;13;3;9;
az3;;;;;;;16.52.29;1;4;3;1;476;;5;3;4;9;13;11;15;2;13;3;9;18;
a15SM-~~~56;;;;;;;16.52.44;1;4;3;1;491;;5;3;4;9;13;11;15;2;13;3;9;18;
*13RM+~~~56~O;;;;;;;16.52.44;1;4;3;1;491;;5;3;4;9;13;11;15;2;13;3;9;18;
*09EQ+K2C;;;;;;;16.52.44;1;4;3;1;491;;5;3;4;9;13;11;15;2;13;3;9;18;
*04AQ+J2~33~H1;;r;;;;;16.52.48;1;4;3;1;495;;5;3;4;9;13;11;15;2;13;3;9;18;
a02BQ-~~~~3~~1;;;;;;;16.52.48;1;4;3;1;495;;5;3;4;9;13;11;15;2;13;3;9;18;
*13DH+;;;;;;;16.52.50;1;4;3;1;497;;5;3;4;9;13;11;15;2;13;3;9;18;
*09ET#~~F;;;;;;;16.52.50;1;4;3;1;497;;5;3;4;9;13;11;15;2;13;3;9;18;
*03AT#W4~48~P2;s;s;;;;;16.52.51;1;4;3;1;498;;5;3;4;9;13;11;15;2;13;3;9;18;
a$$&H=;s;;;;;;16.52.51;1;4;3;1;498;;5;3;4;9;13;11;15;2;13;3;9;18;
*p05:04;;;;;;;16.52.57;1;4;3;1;504;;5;3;4;9;13;11;15;2;13;3;9;18;
*z3;;;;;;;16.52.57;1;3;3;1;504;;3;4;9;13;11;5;15;2;13;3;9;18;
*03SQ=~~~16~~~N;s;;;;;;16.53.10;1;3;3;1;517;;3;4;9;13;11;5;15;2;13;3;9;18;
a$$&H#;s;;;;;;16.53.10;1;3;3;1;517;;3;4;9;13;11;5;15;2;13;3;9;18;
ap05:05;;;;;;;16.53.14;1;3;3;1;521;;3;4;9;13;11;5;15;2;13;3;9;18;
az2;;;;;;;16.53.14;1;3;2;1;521;;3;4;9;13;11;5;2;13;3;9;18;15;
a02SM-~~~57;;;;;;;16.53.30;1;3;2;1;537;;3;4;9;13;11;5;2;13;3;9;18;15;
*13RM#~~~57~~~~33;;;;;;;16.53.30;1;3;2;1;537;;3;4;9;13;11;5;2;13;3;9;18;15;
*09ET+K3F;;;;;;;16.53.30;1;3;2;1;537;;3;4;9;13;11;5;2;13;3;9;18;15;
*13AT-W4~41~H2;;r;;;;;16.53.34;1;3;2;1;541;;3;4;9;13;11;5;2;13;3;9;18;15;
a18DT+~~~41;;;;;;;16.53.34;1;3;2;1;541;;3;4;9;13;11;5;2;13;3;9;18;15;
a13EH+~~F;;;;;;;16.53.34;1;3;2;1;541;;3;4;9;13;11;5;2;13;3;9;18;15;
a03AH+G4~47~H3;;p;;;;;16.53.37;1;3;2;1;544;;3;4;9;13;11;5;2;13;3;9;18;15;
*10DH-~~~47;;;;;;;16.53.37;1;3;2;1;544;;3;4;9;13;11;5;2;13;3;9;18;15;
a02FH+;;;;;;;16.53.43;1;3;2;1;550;;3;4;9;13;11;5;2;13;3;9;18;15;
a13EQ#~~C;;;;;;;16.53.43;1;3;2;1;550;;3;4;9;13;11;5;2;13;3;9;18;15;
a09AQ#J4~38DH1;p;p;;;;;16.53.47;1;3;2;1;554;;3;4;9;13;11;5;2;13;3;9;18;15;
*$$&H=;p;;;;;;16.53.47;1;3;2;1;554;;3;4;9;13;11;5;2;13;3;9;18;15;
ap05:06;;;;;;;16.53.49;1;3;2;1;556;;3;4;9;13;11;5;2;13;3;9;18;15;
a02SM-~~~57;;;;;;;16.54.04;1;3;2;1;571;;3;4;9;13;11;5;2;13;3;9;18;15;
*13RM#~~~57~~~~33;;;;;;;16.54.04;1;3;2;1;571;;3;4;9;13;11;5;2;13;3;9;18;15;
*09ET#K1B;;;;;;;16.54.04;1;3;2;1;571;;3;4;9;13;11;5;2;13;3;9;18;15;
*05AT#Y9~95DH1;s;r;;;;;16.54.09;1;3;2;1;576;;3;4;9;13;11;5;2;13;3;9;18;15;
a$$&H=;s;;;;;;16.54.09;1;3;2;1;576;;3;4;9;13;11;5;2;13;3;9;18;15;
*p06:06;;;;;;;16.54.12;1;3;2;1;579;;3;4;9;13;11;5;2;13;3;9;18;15;
*z2;;;;;;;16.54.12;1;2;2;1;579;;4;9;13;11;5;3;2;13;3;9;18;15;
*04SM+~~~16;;;;;;;16.54.26;1;2;2;1;593;;4;9;13;11;5;3;2;13;3;9;18;15;
a15RM-~~~16;;;;;;;16.54.26;1;2;2;1;593;;4;9;13;11;5;3;2;13;3;9;18;15;
a13EH+~~F;;;;;;;16.54.26;1;2;2;1;593;;4;9;13;11;5;3;2;13;3;9;18;15;
a03AH+G4~42~H2;;r;;;;;16.54.32;1;2;2;1;599;;4;9;13;11;5;3;2;13;3;9;18;15;
*11BH-~~~~2~~2;;;;;;;16.54.32;1;2;2;1;599;;4;9;13;11;5;3;2;13;3;9;18;15;
a17DH+;;;;;;;16.54.34;1;2;2;1;601;;4;9;13;11;5;3;2;13;3;9;18;15;
a13EH+~~F;;;;;;;16.54.34;1;2;2;1;601;;4;9;13;11;5;3;2;13;3;9;18;15;
a03AH-G4~46~H2;;s;;;;;16.54.36;1;2;2;1;603;;4;9;13;11;5;3;2;13;3;9;18;15;
*03DH+~~~46;;;;;;;16.54.36;1;2;2;1;603;;4;9;13;11;5;3;2;13;3;9;18;15;
*09EH+~~F;;;;;;;16.54.36;1;2;2;1;603;;4;9;13;11;5;3;2;13;3;9;18;15;
*13AH-G4~46AH1;;p;;;;;16.54.39;1;2;2;1;606;;4;9;13;11;5;3;2;13;3;9;18;15;
a15DH+~~~46A;;;;;;;16.54.39;1;2;2;1;606;;4;9;13;11;5;3;2;13;3;9;18;15;
a13ET+~~B;;;;;;;16.54.39;1;2;2;1;606;;4;9;13;11;5;3;2;13;3;9;18;15;
a18AT-Y9~96~H2;;s;;;;;16.54.45;1;2;2;1;612;;4;9;13;11;5;3;2;13;3;9;18;15;
*03DT+~~~96;;;;;;;16.54.45;1;2;2;1;612;;4;9;13;11;5;3;2;13;3;9;18;15;
*09EH+~~B;;;;;;;16.54.45;1;2;2;1;612;;4;9;13;11;5;3;2;13;3;9;18;15;
*05AH-G9~91~H2;;p;;;;;16.54.47;1;2;2;1;614;;4;9;13;11;5;3;2;13;3;9;18;15;
a18DH+~~~91;;;;;;;16.54.47;1;2;2;1;614;;4;9;13;11;5;3;2;13;3;9;18;15;
a13ET#;;;;;;;16.54.47;1;2;2;1;614;;4;9;13;11;5;3;2;13;3;9;18;15;
a15AT#Y8~86~H0;s;s;;;;;16.54.53;1;2;2;1;620;;4;9;13;11;5;3;2;13;3;9;18;15;
*$$&H=;s;;;;;;16.54.53;1;2;2;1;620;;4;9;13;11;5;3;2;13;3;9;18;15;
ap06:07;;;;;;;16.54.56;1;2;2;1;623;;4;9;13;11;5;3;2;13;3;9;18;15;
az1;;;;;;;16.54.56;1;2;1;1;623;;4;9;13;11;5;3;13;3;9;18;15;2;
a13SM!~~~15;;;;;;;16.55.21;1;2;1;1;648;;4;9;13;11;5;3;13;3;9;18;15;2;
*13RM!~~~15~~~~21;;;;;;;16.55.21;1;2;1;1;648;;4;9;13;11;5;3;13;3;9;18;15;2;
*09ET+KBF~~~~~~K2;;;;;;;16.55.21;1;2;1;1;648;;4;9;13;11;5;3;13;3;9;18;15;2;
*13AT-W4~46~H2;;r;;;;;16.55.26;1;2;1;1;653;;4;9;13;11;5;3;13;3;9;18;15;2;
a15DT+~~~46;;;;;;;16.55.26;1;2;1;1;653;;4;9;13;11;5;3;13;3;9;18;15;2;
a13EH+~~F;;;;;;;16.55.26;1;2;1;1;653;;4;9;13;11;5;3;13;3;9;18;15;2;
a03AH-G4~49~T2;;p;;;;;16.55.29;1;2;1;1;656;;4;9;13;11;5;3;13;3;9;18;15;2;
*05DH+~~~49;;;;;;;16.55.29;1;2;1;1;656;;4;9;13;11;5;3;13;3;9;18;15;2;
*09ET+;;;;;;;16.55.29;1;2;1;1;656;;4;9;13;11;5;3;13;3;9;18;15;2;
*13AT#W4~42~H2S;s;s;;;;;16.55.33;1;2;1;1;660;;4;9;13;11;5;3;13;3;9;18;15;2;
a09BT=~~~~2~~2S;s;;;;;;16.55.33;1;2;1;1;660;;4;9;13;11;5;3;13;3;9;18;15;2;
*p07:07;;;;;;;16.55.36;1;2;1;1;663;;4;9;13;11;5;3;13;3;9;18;15;2;
*z1;;;;;;;16.55.36;1;1;1;1;663;;9;13;11;5;3;4;13;3;9;18;15;2;
*09SM!~~~16;;;;;;;16.55.56;1;1;1;1;683;;9;13;11;5;3;4;13;3;9;18;15;2;
a17RM!~~~16~O;;;;;;;16.55.56;1;1;1;1;683;;9;13;11;5;3;4;13;3;9;18;15;2;
a13EQ+K1C;;;;;;;16.55.56;1;1;1;1;683;;9;13;11;5;3;4;13;3;9;18;15;2;
a09AQ-J4~38~H1;;r;;;;;16.56.02;1;1;1;1;689;;9;13;11;5;3;4;13;3;9;18;15;2;
*03DQ+~~~38;;;;;;;16.56.02;1;1;1;1;689;;9;13;11;5;3;4;13;3;9;18;15;2;
*09ET+;;;;;;;16.56.02;1;1;1;1;689;;9;13;11;5;3;4;13;3;9;18;15;2;
*05AT/W2~24~H2;s;p;;;;;16.56.04;1;1;1;1;691;;9;13;11;5;3;4;13;3;9;18;15;2;
a18BT#~~~~4~~2;s;;;;;;16.56.04;1;1;1;1;691;;9;13;11;5;3;4;13;3;9;18;15;2;
ap07:08;;;;;;;16.56.16;1;1;1;1;703;;9;13;11;5;3;4;13;3;9;18;15;2;
az6;;;;;;;16.56.16;1;1;6;1;703;;9;13;11;5;3;4;3;9;18;15;2;13;
a03SQ-~~~11;;;;;;;16.56.31;1;1;6;1;718;;9;13;11;5;3;4;3;9;18;15;2;13;
*13RQ+~~~11~~~~41;;;;;;;16.56.31;1;1;6;1;718;;9;13;11;5;3;4;3;9;18;15;2;13;
*09EQ+K3C;;;;;;;16.56.31;1;1;6;1;718;;9;13;11;5;3;4;3;9;18;15;2;13;
*11AQ-J3~32~H1;;r;;;;;16.56.36;1;1;6;1;723;;9;13;11;5;3;4;3;9;18;15;2;13;
a18DQ+~~~32;;;;;;;16.56.36;1;1;6;1;723;;9;13;11;5;3;4;3;9;18;15;2;13;
a13EH+~~F;;;;;;;16.56.36;1;1;6;1;723;;9;13;11;5;3;4;3;9;18;15;2;13;
a15AH-G4~46~H2;;p;;;;;16.56.40;1;1;6;1;727;;9;13;11;5;3;4;3;9;18;15;2;13;
*11DH+;;;;;;;16.56.40;1;1;6;1;727;;9;13;11;5;3;4;3;9;18;15;2;13;
*03DH+~~~46;;;;;;;16.56.40;1;1;6;1;727;;9;13;11;5;3;4;3;9;18;15;2;13;
*09ET+;;;;;;;16.56.40;1;1;6;1;727;;9;13;11;5;3;4;3;9;18;15;2;13;
*13AT/W2~24~T2;p;s;;;;;16.56.43;1;1;6;1;730;;9;13;11;5;3;4;3;9;18;15;2;13;
a15BT#~~~~4~~2;p;;;;;;16.56.43;1;1;6;1;730;;9;13;11;5;3;4;3;9;18;15;2;13;
ap07:09;;;;;;;16.56.46;1;1;6;1;733;;9;13;11;5;3;4;3;9;18;15;2;13;
a03SQ=~~~16~~~O;s;;;;;;16.57.04;1;1;6;1;751;;9;13;11;5;3;4;3;9;18;15;2;13;
*$$&H#;s;;;;;;16.57.04;1;1;6;1;751;;9;13;11;5;3;4;3;9;18;15;2;13;
*p08:09;;;;;;;16.57.09;1;1;6;1;756;;9;13;11;5;3;4;3;9;18;15;2;13;
*z6;;;;;;;16.57.09;1;6;6;1;756;;13;11;5;3;4;9;3;9;18;15;2;13;
*13SQ+~~~61;;;;;;;16.57.21;1;6;6;1;768;;13;11;5;3;4;9;3;9;18;15;2;13;
a03RQ-~~~61;;;;;;;16.57.21;1;6;6;1;768;;13;11;5;3;4;9;3;9;18;15;2;13;
a13EH+~~B;;;;;;;16.57.21;1;6;6;1;768;;13;11;5;3;4;9;3;9;18;15;2;13;
a18AH+G2~24~H2;;r;;;;;16.57.27;1;6;6;1;774;;13;11;5;3;4;9;3;9;18;15;2;13;
*03BH-~~~~4~~2;;;;;;;16.57.27;1;6;6;1;774;;13;11;5;3;4;9;3;9;18;15;2;13;
a17DH+;;;;;;;16.57.27;1;6;6;1;774;;13;11;5;3;4;9;3;9;18;15;2;13;
a13EH+~~B;;;;;;;16.57.27;1;6;6;1;774;;13;11;5;3;4;9;3;9;18;15;2;13;
a18AH=G2~29~H2S;p;s;;;;;16.57.31;1;6;6;1;778;;13;11;5;3;4;9;3;9;18;15;2;13;
*$$&H#;p;;;;;;16.57.31;1;6;6;1;778;;13;11;5;3;4;9;3;9;18;15;2;13;
*p09:09;;;;;;;16.57.33;1;6;6;1;780;;13;11;5;3;4;9;3;9;18;15;2;13;
*13SQ-~~~61;;;;;;;16.57.49;1;6;6;1;796;;13;11;5;3;4;9;3;9;18;15;2;13;
a03RQ+~~~61~~~~33;;;;;;;16.57.49;1;6;6;1;796;;13;11;5;3;4;9;3;9;18;15;2;13;
a13EQ#K1C;;;;;;;16.57.49;1;6;6;1;796;;13;11;5;3;4;9;3;9;18;15;2;13;
a09AQ#J4~37~H1;s;r;;;;;16.57.55;1;6;6;1;802;;13;11;5;3;4;9;3;9;18;15;2;13;
*$$&H=;s;;;;;;16.57.55;1;6;6;1;802;;13;11;5;3;4;9;3;9;18;15;2;13;
ap09:10;;;;;;;16.57.58;1;6;6;1;805;;13;11;5;3;4;9;3;9;18;15;2;13;
az5;;;;;;;16.57.58;1;6;5;1;805;;13;11;5;3;4;9;9;18;15;2;13;3;
a09SM/~~~56;;;;;;;16.58.11;1;6;5;1;818;;13;11;5;3;4;9;9;18;15;2;13;3;
*10RM/~~~56~R;;;;;;;16.58.11;1;6;5;1;818;;13;11;5;3;4;9;9;18;15;2;13;3;
a18AO#V2~2~~H;p;p;;;;;16.58.22;1;6;5;1;829;;13;11;5;3;4;9;9;18;15;2;13;3;
*$$&H=;p;;;;;;16.58.22;1;6;5;1;829;;13;11;5;3;4;9;9;18;15;2;13;3;
ap09:11;;;;;;;16.58.24;1;6;5;1;831;;13;11;5;3;4;9;9;18;15;2;13;3;
a09SM+~~~51;;;;;;;16.58.31;1;6;5;1;838;;13;11;5;3;4;9;9;18;15;2;13;3;
*13RM-~~~51;;;;;;;16.58.31;1;6;5;1;838;;13;11;5;3;4;9;9;18;15;2;13;3;
*09EH+~~F;;;;;;;16.58.31;1;6;5;1;838;;13;11;5;3;4;9;9;18;15;2;13;3;
*03AH#G4~45~H2;s;r;;;;;16.58.35;1;6;5;1;842;;13;11;5;3;4;9;9;18;15;2;13;3;
a09DH=~~~45;s;;;;;;16.58.35;1;6;5;1;842;;13;11;5;3;4;9;9;18;15;2;13;3;
*p10:11;;;;;;;16.58.47;1;6;5;1;854;;13;11;5;3;4;9;9;18;15;2;13;3;
*z5;;;;;;;16.58.47;1;5;5;1;854;;11;5;3;4;9;13;9;18;15;2;13;3;
*11SM-~~~55;;;;;;;16.59.00;1;5;5;1;867;;11;5;3;4;9;13;9;18;15;2;13;3;
a03RM#~~~55~O;;;;;;;16.59.00;1;5;5;1;867;;11;5;3;4;9;13;9;18;15;2;13;3;
a13ET#K2B;;;;;;;16.59.00;1;5;5;1;867;;11;5;3;4;9;13;9;18;15;2;13;3;
a18AT#W2~29~H1;s;r;;;;;16.59.05;1;5;5;1;872;;11;5;3;4;9;13;9;18;15;2;13;3;
*$$&H=;s;;;;;;16.59.05;1;5;5;1;872;;11;5;3;4;9;13;9;18;15;2;13;3;
ap10:12;;;;;;;16.59.12;1;5;5;1;879;;11;5;3;4;9;13;9;18;15;2;13;3;
az4;;;;;;;16.59.12;1;5;4;1;879;;11;5;3;4;9;13;18;15;2;13;3;9;
ac18:10;;;;;;;16.59.12;1;5;4;1;879;;11;5;3;4;9;13;10;15;2;13;3;9;
a10SM!~~~16;;;;;;;17.01.19;1;5;4;1;1006;;11;5;3;4;9;13;10;15;2;13;3;9;
*13RM!~~~16~~~~42;;;;;;;17.01.19;1;5;4;1;1006;;11;5;3;4;9;13;10;15;2;13;3;9;
*09ET+KFB~~~~~~KE;;;;;;;17.01.28;1;5;4;1;1015;;11;5;3;4;9;13;10;15;2;13;3;9;
*05AT-W2~21~H2;;r;;;;;17.01.23;1;5;4;1;1010;;11;5;3;4;9;13;10;15;2;13;3;9;
a13DT+~~~21;;;;;;;17.01.23;1;5;4;1;1010;;11;5;3;4;9;13;10;15;2;13;3;9;
a17EH=~~~~~~~~U;s;;;;;;17.01.23;1;5;4;1;1010;;11;5;3;4;9;13;10;15;2;13;3;9;
*$$&H#;s;;;;;;17.01.23;1;5;4;1;1010;;11;5;3;4;9;13;10;15;2;13;3;9;
*p11:12;;;;;;;17.01.31;1;5;4;1;1018;;11;5;3;4;9;13;10;15;2;13;3;9;
*z4;;;;;;;17.01.31;1;4;4;1;1018;;5;3;4;9;13;11;10;15;2;13;3;9;
*05SQ#~~~61;p;;;;;;17.01.52;1;4;4;1;1039;;5;3;4;9;13;11;10;15;2;13;3;9;
a17RQ=~~~61~R;p;;;;;;17.01.52;1;4;4;1;1039;;5;3;4;9;13;11;10;15;2;13;3;9;
*p12:12;;;;;;;17.01.57;1;4;4;1;1044;;5;3;4;9;13;11;10;15;2;13;3;9;
*05SQ-~~~61;;;;;;;17.02.17;1;4;4;1;1064;;5;3;4;9;13;11;10;15;2;13;3;9;
a17RQ+~~~61~~~~33;;;;;;;17.02.17;1;4;4;1;1064;;5;3;4;9;13;11;10;15;2;13;3;9;
a13ET+K2P;;;;;;;17.02.17;1;4;4;1;1064;;5;3;4;9;13;11;10;15;2;13;3;9;
a03AT#Y8~85~H1;s;r;;;;;17.02.23;1;4;4;1;1070;;5;3;4;9;13;11;10;15;2;13;3;9;
*10DT=~~~85;s;;;;;;17.02.23;1;4;4;1;1070;;5;3;4;9;13;11;10;15;2;13;3;9;
ap12:13;;;;;;;17.02.26;1;4;4;1;1073;;5;3;4;9;13;11;10;15;2;13;3;9;
az3;;;;;;;17.02.26;1;4;3;1;1073;;5;3;4;9;13;11;15;2;13;3;9;10;
a15SM#~~~55;p;;;;;;17.02.40;1;4;3;1;1087;;5;3;4;9;13;11;15;2;13;3;9;10;
*13RM=~~~55~L;p;;;;;;17.02.40;1;4;3;1;1087;;5;3;4;9;13;11;15;2;13;3;9;10;
ap12:14;;;;;;;17.02.46;1;4;3;1;1093;;5;3;4;9;13;11;15;2;13;3;9;10;
a15SM-~~~53~~~N;;;;;;;17.03.02;1;4;3;1;1109;;5;3;4;9;13;11;15;2;13;3;9;10;
*04RM#~~~53;;;;;;;17.03.02;1;4;3;1;1109;;5;3;4;9;13;11;15;2;13;3;9;10;
*09ET+K1F;;;;;;;17.03.02;1;4;3;1;1109;;5;3;4;9;13;11;15;2;13;3;9;10;
*03AT#W4~44~H2;s;r;;;;;17.03.06;1;4;3;1;1113;;5;3;4;9;13;11;15;2;13;3;9;10;
a03DT=~~~44;s;;;;;;17.03.06;1;4;3;1;1113;;5;3;4;9;13;11;15;2;13;3;9;10;
*p13:14;;;;;;;17.03.12;1;4;3;1;1119;;5;3;4;9;13;11;15;2;13;3;9;10;
*z3;;;;;;;17.03.12;1;3;3;1;1119;;3;4;9;13;11;5;15;2;13;3;9;10;
*03SQ!~~~16;;;;;;;17.03.24;1;3;3;1;1131;;3;4;9;13;11;5;15;2;13;3;9;10;
a03RQ!~~~16;;;;;;;17.03.24;1;3;3;1;1131;;3;4;9;13;11;5;15;2;13;3;9;10;
a13EQ#K1C;;;;;;;17.03.24;1;3;3;1;1131;;3;4;9;13;11;5;15;2;13;3;9;10;
a02AQ#J1~33~H1F;s;r;;;;;17.03.32;1;3;3;1;1139;;3;4;9;13;11;5;15;2;13;3;9;10;
*04BQ=~~~~3~~1F;s;;;;;;17.03.32;1;3;3;1;1139;;3;4;9;13;11;5;15;2;13;3;9;10;
ap13:15;;;;;;;17.03.35;1;3;3;1;1142;;3;4;9;13;11;5;15;2;13;3;9;10;
az2;;;;;;;17.03.35;1;3;2;1;1142;;3;4;9;13;11;5;2;13;3;9;10;15;
a02SM+~~~55;;;;;;;17.03.47;1;3;2;1;1154;;3;4;9;13;11;5;2;13;3;9;10;15;
*10RM-~~~55;;;;;;;17.03.47;1;3;2;1;1154;;3;4;9;13;11;5;2;13;3;9;10;15;
*04EH+~~F~4;;;;;;;17.03.51;1;3;2;1;1158;;3;4;9;13;11;5;2;13;3;9;10;15;
*13AH-G4~41~H0;;r;;;;;17.03.53;1;3;2;1;1160;;3;4;9;13;11;5;2;13;3;9;10;15;
a10DH+~~~41;;;;;;;17.03.53;1;3;2;1;1160;;3;4;9;13;11;5;2;13;3;9;10;15;
a13ET+~~F;;;;;;;17.03.53;1;3;2;1;1160;;3;4;9;13;11;5;2;13;3;9;10;15;
a03AT#W4~41~H2;p;p;;;;;17.03.56;1;3;2;1;1163;;3;4;9;13;11;5;2;13;3;9;10;15;
*05DT=~~~41;p;;;;;;17.03.56;1;3;2;1;1163;;3;4;9;13;11;5;2;13;3;9;10;15;
ap13:16;;;;;;;17.03.58;1;3;2;1;1165;;3;4;9;13;11;5;2;13;3;9;10;15;
a02SM+~~~55;;;;;;;17.04.14;1;3;2;1;1181;;3;4;9;13;11;5;2;13;3;9;10;15;
*13RM-~~~55;;;;;;;17.04.14;1;3;2;1;1181;;3;4;9;13;11;5;2;13;3;9;10;15;
*09EH+~~B;;;;;;;17.04.14;1;3;2;1;1181;;3;4;9;13;11;5;2;13;3;9;10;15;
*05AH#G9~91~H2O;s;r;;;;;17.04.18;1;3;2;1;1185;;3;4;9;13;11;5;2;13;3;9;10;15;
a09BH=~~~~4~~2O;s;;;;;;17.04.18;1;3;2;1;1185;;3;4;9;13;11;5;2;13;3;9;10;15;
*p14:16;;;;;;;17.04.24;1;3;2;1;1191;;3;4;9;13;11;5;2;13;3;9;10;15;
*z2;;;;;;;17.04.24;1;2;2;1;1191;;4;9;13;11;5;3;2;13;3;9;10;15;
*04SM+~~~15;;;;;;;17.04.39;1;2;2;1;1206;;4;9;13;11;5;3;2;13;3;9;10;15;
a03RM-~~~15~O;;;;;;;17.04.39;1;2;2;1;1206;;4;9;13;11;5;3;2;13;3;9;10;15;
a15EH=~~~~4~~~Z;p;;;;;;17.04.46;1;2;2;1;1213;;4;9;13;11;5;3;2;13;3;9;10;15;
*$$&H#;p;;;;;;17.04.46;1;2;2;1;1213;;4;9;13;11;5;3;2;13;3;9;10;15;
*p15:16;;;;;;;17.04.47;1;2;2;1;1214;;4;9;13;11;5;3;2;13;3;9;10;15;
*04SM-~~~15;;;;;;;17.05.02;1;2;2;1;1229;;4;9;13;11;5;3;2;13;3;9;10;15;
a03RM+~~~15~~~~32;;;;;;;17.05.02;1;2;2;1;1229;;4;9;13;11;5;3;2;13;3;9;10;15;
a13ET+K1F;;;;;;;17.05.02;1;2;2;1;1229;;4;9;13;11;5;3;2;13;3;9;10;15;
a03AT#W4~44~H2;s;r;;;;;17.05.05;1;2;2;1;1232;;4;9;13;11;5;3;2;13;3;9;10;15;
*13DT=~~~44;s;;;;;;17.05.05;1;2;2;1;1232;;4;9;13;11;5;3;2;13;3;9;10;15;
ap15:17;;;;;;;17.05.10;1;2;2;1;1237;;4;9;13;11;5;3;2;13;3;9;10;15;
az1;;;;;;;17.05.10;1;2;1;1;1237;;4;9;13;11;5;3;13;3;9;10;15;2;
a13SM+~~~16;;;;;;;17.05.27;1;2;1;1;1254;;4;9;13;11;5;3;13;3;9;10;15;2;
*03RM-~~~16;;;;;;;17.05.27;1;2;1;1;1254;;4;9;13;11;5;3;13;3;9;10;15;2;
*10EH+~~F~4;;;;;;;17.05.33;1;2;1;1;1260;;4;9;13;11;5;3;13;3;9;10;15;2;
*13AH-G4~41~P2;;r;;;;;17.05.34;1;2;1;1;1261;;4;9;13;11;5;3;13;3;9;10;15;2;
a13DH+~~~41;;;;;;;17.05.34;1;2;1;1;1261;;4;9;13;11;5;3;13;3;9;10;15;2;
a17EH+~~F~4;;;;;;;17.05.37;1;2;1;1;1264;;4;9;13;11;5;3;13;3;9;10;15;2;
a03AH#G4~47~H2;p;p;;;;;17.05.38;1;2;1;1;1265;;4;9;13;11;5;3;13;3;9;10;15;2;
*10DH=~~~47;p;;;;;;17.05.38;1;2;1;1;1265;;4;9;13;11;5;3;13;3;9;10;15;2;
ap15:18;;;;;;;17.05.40;1;2;1;1;1267;;4;9;13;11;5;3;13;3;9;10;15;2;
a13SM-~~~15;;;;;;;17.05.59;1;2;1;1;1286;;4;9;13;11;5;3;13;3;9;10;15;2;
*13RM#~~~15~O;;;;;;;17.05.59;1;2;1;1;1286;;4;9;13;11;5;3;13;3;9;10;15;2;
*09ET+K1P;;;;;;;17.05.59;1;2;1;1;1286;;4;9;13;11;5;3;13;3;9;10;15;2;
*03AT#Y8~85~H2;s;r;;;;;17.06.04;1;2;1;1;1291;;4;9;13;11;5;3;13;3;9;10;15;2;
a$$&H=;s;;;;;;17.06.04;1;2;1;1;1291;;4;9;13;11;5;3;13;3;9;10;15;2;
*p16:18;;;;;;;17.06.07;1;2;1;1;1294;;4;9;13;11;5;3;13;3;9;10;15;2;
*z1;;;;;;;17.06.07;1;1;1;1;1294;;9;13;11;5;3;4;13;3;9;10;15;2;
*09SM+~~~15;;;;;;;17.06.21;1;1;1;1;1308;;9;13;11;5;3;4;13;3;9;10;15;2;
a15RM-~~~15;;;;;;;17.06.21;1;1;1;1;1308;;9;13;11;5;3;4;13;3;9;10;15;2;
a17EH+~~~~4;;;;;;;17.06.25;1;1;1;1;1312;;9;13;11;5;3;4;13;3;9;10;15;2;
a10AH=G4~45~H2S;p;r;;;;;17.06.28;1;1;1;1;1315;;9;13;11;5;3;4;13;3;9;10;15;2;
*$$&H#;p;;;;;;17.06.28;1;1;1;1;1315;;9;13;11;5;3;4;13;3;9;10;15;2;
*p17:18;;;;;;;17.06.30;1;1;1;1;1317;;9;13;11;5;3;4;13;3;9;10;15;2;
*c11:02;;;;;;;17.06.30;1;1;1;1;1317;;9;13;2;5;3;4;13;3;9;10;15;2;
*09SM!~~~16;;;;;;;17.06.53;1;1;1;1;1340;;9;13;2;5;3;4;13;3;9;10;15;2;
a17RM!~~~16~~~~33;;;;;;;17.06.53;1;1;1;1;1340;;9;13;2;5;3;4;13;3;9;10;15;2;
a13ET+K1B;;;;;;;17.07.03;1;1;1;1;1350;;9;13;2;5;3;4;13;3;9;10;15;2;
a03AT-W2~24~H2;;r;;;;;17.06.58;1;1;1;1;1345;;9;13;2;5;3;4;13;3;9;10;15;2;
*13BT+~~~~4~~2;;;;;;;17.06.58;1;1;1;1;1345;;9;13;2;5;3;4;13;3;9;10;15;2;
*10EH/;;;;;;;17.06.58;1;1;1;1;1345;;9;13;2;5;3;4;13;3;9;10;15;2;
a03AT+W2~22~H2;;s;;;;;17.07.05;1;1;1;1;1352;;9;13;2;5;3;4;13;3;9;10;15;2;
*13BT-~~~~4~~2;;;;;;;17.07.05;1;1;1;1;1352;;9;13;2;5;3;4;13;3;9;10;15;2;
a09DH+;;;;;;;17.07.05;1;1;1;1;1352;;9;13;2;5;3;4;13;3;9;10;15;2;
a13ET+;;;;;;;17.07.05;1;1;1;1;1352;;9;13;2;5;3;4;13;3;9;10;15;2;
a10AT#W4~49~T2;s;s;;;;;17.07.11;1;1;1;1;1358;;9;13;2;5;3;4;13;3;9;10;15;2;
*$$&H=;s;;;;;;17.07.11;1;1;1;1;1358;;9;13;2;5;3;4;13;3;9;10;15;2;
ap17:19;;;;;;;17.07.18;1;1;1;1;1365;;9;13;2;5;3;4;13;3;9;10;15;2;
az6;;;;;;;17.07.18;1;1;6;1;1365;;9;13;2;5;3;4;3;9;10;15;2;13;
a03SQ=~~~11~~~R;s;;;;;;17.07.34;1;1;6;1;1381;;9;13;2;5;3;4;3;9;10;15;2;13;
*$$&H#;s;;;;;;17.07.34;1;1;6;1;1381;;9;13;2;5;3;4;3;9;10;15;2;13;
*p18:19;;;;;;;17.07.38;1;1;6;1;1385;;9;13;2;5;3;4;3;9;10;15;2;13;
*z6;;;;;;;17.07.38;1;6;6;1;1385;;13;2;5;3;4;9;3;9;10;15;2;13;
*13ST-~~~66;;;;;;;17.07.51;1;6;6;1;1398;;13;2;5;3;4;9;3;9;10;15;2;13;
a17RT+~~~66;;;;;;;17.07.51;1;6;6;1;1398;;13;2;5;3;4;9;3;9;10;15;2;13;
a13ET+K1P;;;;;;;17.07.51;1;6;6;1;1398;;13;2;5;3;4;9;3;9;10;15;2;13;
a03AT#Y8~83~H3F;s;r;;;;;17.07.57;1;6;6;1;1404;;13;2;5;3;4;9;3;9;10;15;2;13;
*02BT=~~~~3~~3F;s;;;;;;17.07.57;1;6;6;1;1404;;13;2;5;3;4;9;3;9;10;15;2;13;
ap18:20;;;;;;;17.08.01;1;6;6;1;1408;;13;2;5;3;4;9;3;9;10;15;2;13;
az5;;;;;;;17.08.01;1;6;5;1;1408;;13;2;5;3;4;9;9;10;15;2;13;3;
a09SM-~~~51;;;;;;;17.08.19;1;6;5;1;1426;;13;2;5;3;4;9;9;10;15;2;13;3;
*13RM#~~~51~O;;;;;;;17.08.19;1;6;5;1;1426;;13;2;5;3;4;9;9;10;15;2;13;3;
*09ET+K3B;;;;;;;17.08.19;1;6;5;1;1426;;13;2;5;3;4;9;9;10;15;2;13;3;
*05AT+W2~29~H2;;r;;;;;17.08.24;1;6;5;1;1431;;13;2;5;3;4;9;9;10;15;2;13;3;
a13DT-~~~29;;;;;;;17.08.24;1;6;5;1;1431;;13;2;5;3;4;9;9;10;15;2;13;3;
*02FH+;;;;;;;17.08.30;1;6;5;1;1437;;13;2;5;3;4;9;9;10;15;2;13;3;
*09ET#;;;;;;;17.08.30;1;6;5;1;1437;;13;2;5;3;4;9;9;10;15;2;13;3;
*03AT#W4~41~H1;s;s;;;;;17.08.31;1;6;5;1;1438;;13;2;5;3;4;9;9;10;15;2;13;3;
a$$&H=;s;;;;;;17.08.31;1;6;5;1;1438;;13;2;5;3;4;9;9;10;15;2;13;3;
*p19:20;;;;;;;17.08.35;1;6;5;1;1442;;13;2;5;3;4;9;9;10;15;2;13;3;
*z5;;;;;;;17.08.35;1;5;5;1;1442;;2;5;3;4;9;13;9;10;15;2;13;3;
*c02:11;;;;;;;17.08.35;1;5;5;1;1442;;11;5;3;4;9;13;9;10;15;2;13;3;
*11SM+~~~55;;;;;;;17.09.00;1;5;5;1;1467;;11;5;3;4;9;13;9;10;15;2;13;3;
a03RM-~~~55~O;;;;;;;17.09.00;1;5;5;1;1467;;11;5;3;4;9;13;9;10;15;2;13;3;
a13ET+K2F;;;;;;;17.09.00;1;5;5;1;1467;;11;5;3;4;9;13;9;10;15;2;13;3;
a15AT+W4~42~H2;;r;;;;;17.09.05;1;5;5;1;1472;;11;5;3;4;9;13;9;10;15;2;13;3;
*04BT-~~~~2~~2;;;;;;;17.09.05;1;5;5;1;1472;;11;5;3;4;9;13;9;10;15;2;13;3;
a02DH+;;;;;;;17.09.08;1;5;5;1;1475;;11;5;3;4;9;13;9;10;15;2;13;3;
a13EQ+~~C;;;;;;;17.09.08;1;5;5;1;1475;;11;5;3;4;9;13;9;10;15;2;13;3;
a02AQ-J2~36~H2;;s;;;;;17.09.10;1;5;5;1;1477;;11;5;3;4;9;13;9;10;15;2;13;3;
*04BQ+~~~~3~~2;;;;;;;17.09.10;1;5;5;1;1477;;11;5;3;4;9;13;9;10;15;2;13;3;
*13DH+;;;;;;;17.09.11;1;5;5;1;1478;;11;5;3;4;9;13;9;10;15;2;13;3;
*09EH+;;;;;;;17.09.11;1;5;5;1;1478;;11;5;3;4;9;13;9;10;15;2;13;3;
*03AH=G4~45~H2S;s;p;;;;;17.09.12;1;5;5;1;1479;;11;5;3;4;9;13;9;10;15;2;13;3;
a$$&H#;s;;;;;;17.09.12;1;5;5;1;1479;;11;5;3;4;9;13;9;10;15;2;13;3;
ap19:21;;;;;;;17.09.15;1;5;5;1;1482;;11;5;3;4;9;13;9;10;15;2;13;3;
az4;;;;;;;17.09.15;1;5;4;1;1482;;11;5;3;4;9;13;10;15;2;13;3;9;
a10SM-~~~16;;;;;;;17.09.30;1;5;4;1;1497;;11;5;3;4;9;13;10;15;2;13;3;9;
*13RM+~~~16~~~~34;;;;;;;17.09.30;1;5;4;1;1497;;11;5;3;4;9;13;10;15;2;13;3;9;
*09EQ#K1C;;;;;;;17.09.30;1;5;4;1;1497;;11;5;3;4;9;13;10;15;2;13;3;9;
*04AQ#J1~37~H1F;s;r;;;;;17.09.34;1;5;4;1;1501;;11;5;3;4;9;13;10;15;2;13;3;9;
a02BQ=~~~~3~~1F;s;;;;;;17.09.34;1;5;4;1;1501;;11;5;3;4;9;13;10;15;2;13;3;9;
*p20:21;;;;;;;17.09.37;1;5;4;1;1504;;11;5;3;4;9;13;10;15;2;13;3;9;
*z4;;;;;;;17.09.37;1;4;4;1;1504;;5;3;4;9;13;11;10;15;2;13;3;9;
*c09:08;;;;;;;17.09.37;1;4;4;1;1504;;5;3;4;8;13;11;10;15;2;13;3;9;
*P5;;;;;;;17.09.37;1;4;4;1;1504;;5;3;4;8;13;11;10;15;2;13;3;9;
*z1;;;;;;;17.09.37;1;1;4;1;1504;;5;3;4;8;13;11;10;15;2;13;3;9;
*05SQ#~~~16~~~N;p;;;;;;17.10.05;1;1;4;1;1532;;5;3;4;8;13;11;10;15;2;13;3;9;
a03RQ=~~~16~W;p;;;;;;17.10.05;1;1;4;1;1532;;5;3;4;8;13;11;10;15;2;13;3;9;
*p21:21;;;;;;;17.10.14;1;1;4;1;1541;;5;3;4;8;13;11;10;15;2;13;3;9;
aT;;;;;;;17.10.14;1;1;4;1;1541;;5;3;4;8;13;11;10;15;2;13;3;9;
*05SQ/~~~66;;;;;;;17.11.24;1;1;4;1;1611;;5;3;4;8;13;11;10;15;2;13;3;9;
a03RQ/~~~66~M;;;;;;;17.11.24;1;1;4;1;1611;;5;3;4;8;13;11;10;15;2;13;3;9;
*04AO#V3~36~H;p;p;;;;;17.11.31;1;1;4;1;1618;;5;3;4;8;13;11;10;15;2;13;3;9;
a$$&H=;p;;;;;;17.11.31;1;1;4;1;1618;;5;3;4;8;13;11;10;15;2;13;3;9;
*p22:21;;;;;;;17.11.32;1;1;4;1;1619;;5;3;4;8;13;11;10;15;2;13;3;9;
*05SQ-~~~18;;;;;;;17.11.53;1;1;4;1;1640;;5;3;4;8;13;11;10;15;2;13;3;9;
a17RQ#~~~18~~~~33;;;;;;;17.11.53;1;1;4;1;1640;;5;3;4;8;13;11;10;15;2;13;3;9;
a13ET#K1F;;;;;;;17.11.53;1;1;4;1;1640;;5;3;4;8;13;11;10;15;2;13;3;9;
a15AT#W4~47~H1;s;r;;;;;17.11.59;1;1;4;1;1646;;5;3;4;8;13;11;10;15;2;13;3;9;
*10DT=~~~47;s;;;;;;17.11.59;1;1;4;1;1646;;5;3;4;8;13;11;10;15;2;13;3;9;
ap22:22;;;;;;;17.12.04;1;1;4;1;1651;;5;3;4;8;13;11;10;15;2;13;3;9;
az3;;;;;;;17.12.04;1;1;3;1;1651;;5;3;4;8;13;11;15;2;13;3;9;10;
*c05:01;;;;;;;17.12.04;1;1;3;1;1651;;1;3;4;8;13;11;15;2;13;3;9;10;
*P1;;;;;;;17.12.04;1;1;3;1;1651;;1;3;4;8;13;11;15;2;13;3;9;10;
*z1;;;;;;;17.12.04;1;1;3;1;1651;;1;3;4;8;13;11;15;2;13;3;9;10;
a15SM-~~~58;;;;;;;17.12.21;1;1;3;1;1668;;1;3;4;8;13;11;15;2;13;3;9;10;
*13RM+~~~58~O;;;;;;;17.12.21;1;1;3;1;1668;;1;3;4;8;13;11;15;2;13;3;9;10;
*01ET+K1F;;;;;;;17.12.21;1;1;3;1;1668;;1;3;4;8;13;11;15;2;13;3;9;10;
*08AT-W4~47~H2;;r;;;;;17.12.26;1;1;3;1;1673;;1;3;4;8;13;11;15;2;13;3;9;10;
a17DT+~~~47;;;;;;;17.12.26;1;1;3;1;1673;;1;3;4;8;13;11;15;2;13;3;9;10;
a13EH+~~B;;;;;;;17.12.26;1;1;3;1;1673;;1;3;4;8;13;11;15;2;13;3;9;10;
a10AH-G9~94~T2;;p;;;;;17.12.29;1;1;3;1;1676;;1;3;4;8;13;11;15;2;13;3;9;10;
*04BH+~~~~4~~2;;;;;;;17.12.29;1;1;3;1;1676;;1;3;4;8;13;11;15;2;13;3;9;10;
*10FH+;;;;;;;17.12.38;1;1;3;1;1685;;1;3;4;8;13;11;15;2;13;3;9;10;
*01ET+~~F;;;;;;;17.12.38;1;1;3;1;1685;;1;3;4;8;13;11;15;2;13;3;9;10;
*08AT#W4~41~H1;s;s;;;;;17.12.39;1;1;3;1;1686;;1;3;4;8;13;11;15;2;13;3;9;10;
a$$&H=;s;;;;;;17.12.39;1;1;3;1;1686;;1;3;4;8;13;11;15;2;13;3;9;10;
*p23:22;;;;;;;17.12.40;1;1;3;1;1687;;1;3;4;8;13;11;15;2;13;3;9;10;
*z6;;;;;;;17.12.40;1;6;3;1;1687;;3;4;8;13;11;1;15;2;13;3;9;10;
*03SQ+~~~16;;;;;;;17.12.56;1;6;3;1;1703;;3;4;8;13;11;1;15;2;13;3;9;10;
a17RQ-~~~16;;;;;;;17.12.56;1;6;3;1;1703;;3;4;8;13;11;1;15;2;13;3;9;10;
a13EH+~~F;;;;;;;17.12.56;1;6;3;1;1703;;3;4;8;13;11;1;15;2;13;3;9;10;
a03AH-G4~45~H3;;r;;;;;17.13.01;1;6;3;1;1708;;3;4;8;13;11;1;15;2;13;3;9;10;
*08BH+~~~~2~~3;;;;;;;17.13.01;1;6;3;1;1708;;3;4;8;13;11;1;15;2;13;3;9;10;
*10DH+;;;;;;;17.13.04;1;6;3;1;1711;;3;4;8;13;11;1;15;2;13;3;9;10;
*01ET+~~B;;;;;;;17.13.04;1;6;3;1;1711;;3;4;8;13;11;1;15;2;13;3;9;10;
*13AT#W2~29~H2;p;p;;;;;17.13.06;1;6;3;1;1713;;3;4;8;13;11;1;15;2;13;3;9;10;
a10DT=~~~29;p;;;;;;17.13.06;1;6;3;1;1713;;3;4;8;13;11;1;15;2;13;3;9;10;
*p24:22;;;;;;;17.13.10;1;6;3;1;1717;;3;4;8;13;11;1;15;2;13;3;9;10;
aT;;;;;;;17.13.10;1;6;3;1;1717;;3;4;8;13;11;1;15;2;13;3;9;10;
*03SQ=~~~16A~~O;s;;;;;;17.14.18;1;6;3;1;1785;;3;4;8;13;11;1;15;2;13;3;9;10;
a$$&H#;s;;;;;;17.14.18;1;6;3;1;1785;;3;4;8;13;11;1;15;2;13;3;9;10;
ap24:23;;;;;;;17.14.23;1;6;3;1;1790;;3;4;8;13;11;1;15;2;13;3;9;10;
az2;;;;;;;17.14.23;1;6;2;1;1790;;3;4;8;13;11;1;2;13;3;9;10;15;
ac02:06;;;;;;;17.14.23;1;6;2;1;1790;;3;4;8;13;11;1;6;13;3;9;10;15;
*T;;;;;;;17.14.23;1;6;2;1;1790;;3;4;8;13;11;1;6;13;3;9;10;15;
a06SQ!~~~16;;;;;;;17.15.35;1;6;2;1;1862;;3;4;8;13;11;1;6;13;3;9;10;15;
*10RQ!~~~16~~~~33;;;;;;;17.15.35;1;6;2;1;1862;;3;4;8;13;11;1;6;13;3;9;10;15;
*01ET+K3F;;;;;;;17.15.35;1;6;2;1;1862;;3;4;8;13;11;1;6;13;3;9;10;15;
*13AT#W4~45AH2;s;r;;;;;17.15.40;1;6;2;1;1867;;3;4;8;13;11;1;6;13;3;9;10;15;
a$$&H=;s;;;;;;17.15.40;1;6;2;1;1867;;3;4;8;13;11;1;6;13;3;9;10;15;
*p25:23;;;;;;;17.15.44;1;6;2;1;1871;;3;4;8;13;11;1;6;13;3;9;10;15;
**1set;;;;;;;17.15.44;2;6;2;1;1871;;;;;;;;;;;;;;
*P09>LUp;;;;;;;17.15.44;2;6;2;1;1871;;13;11;5;3;4;9;3;9;18;15;2;13;
*z6>LUp;;;;;;;17.15.44;2;6;2;1;1871;;13;11;5;3;4;9;3;9;18;15;2;13;
aP13>LUp;;;;;;;17.15.44;2;6;2;1;1871;;13;11;5;3;4;9;3;9;18;15;2;13;
az6>LUp;;;;;;;17.15.44;2;6;6;1;1871;;13;11;5;3;4;9;3;9;18;15;2;13;
*13ST+~~~65;;;;;;;17.19.05;2;6;6;1;2072;;13;11;5;3;4;9;3;9;18;15;2;13;
a15RT-~~~65~O;;;;;;;17.19.05;2;6;6;1;2072;;13;11;5;3;4;9;3;9;18;15;2;13;
a13ET+;;;;;;;17.19.05;2;6;6;1;2072;;13;11;5;3;4;9;3;9;18;15;2;13;
a15AT/W4~42~H2;p;r;;;;;17.19.11;2;6;6;1;2078;;13;11;5;3;4;9;3;9;18;15;2;13;
*05BT#~~~~2~~2;p;;;;;;17.19.11;2;6;6;1;2078;;13;11;5;3;4;9;3;9;18;15;2;13;
*p01:00;;;;;;;17.19.16;2;6;6;1;2083;;13;11;5;3;4;9;3;9;18;15;2;13;
*13ST+~~~65;;;;;;;17.19.25;2;6;6;1;2092;;13;11;5;3;4;9;3;9;18;15;2;13;
a15RT-~~~65;;;;;;;17.19.25;2;6;6;1;2092;;13;11;5;3;4;9;3;9;18;15;2;13;
a13EH+~~B;;;;;;;17.19.25;2;6;6;1;2092;;13;11;5;3;4;9;3;9;18;15;2;13;
a18AH-G2~26~P0;;r;;;;;17.19.31;2;6;6;1;2098;;13;11;5;3;4;9;3;9;18;15;2;13;
*13DH+~~~26;;;;;;;17.19.31;2;6;6;1;2098;;13;11;5;3;4;9;3;9;18;15;2;13;
*09ET+~~B;;;;;;;17.19.31;2;6;6;1;2098;;13;11;5;3;4;9;3;9;18;15;2;13;
*05AT#W2~21~H2;p;p;;;;;17.19.35;2;6;6;1;2102;;13;11;5;3;4;9;3;9;18;15;2;13;
a$$&H=;p;;;;;;17.19.35;2;6;6;1;2102;;13;11;5;3;4;9;3;9;18;15;2;13;
*p02:00;;;;;;;17.19.37;2;6;6;1;2104;;13;11;5;3;4;9;3;9;18;15;2;13;
*13SQ!~~~65;;;;;;;17.19.49;2;6;6;1;2116;;13;11;5;3;4;9;3;9;18;15;2;13;
a15RQ!~~~65~~~~22;;;;;;;17.19.49;2;6;6;1;2116;;13;11;5;3;4;9;3;9;18;15;2;13;
a13ET#KBP;;;;;;;17.19.49;2;6;6;1;2116;;13;11;5;3;4;9;3;9;18;15;2;13;
a03AT#Y8~83~H1F;s;r;;;;;17.19.54;2;6;6;1;2121;;13;11;5;3;4;9;3;9;18;15;2;13;
*11BT=~~~~3~~1F;s;;;;;;17.19.54;2;6;6;1;2121;;13;11;5;3;4;9;3;9;18;15;2;13;
ap02:01;;;;;;;17.20.00;2;6;6;1;2127;;13;11;5;3;4;9;3;9;18;15;2;13;
az5;;;;;;;17.20.00;2;6;5;1;2127;;13;11;5;3;4;9;9;18;15;2;13;3;
a09SM+~~~51;;;;;;;17.20.14;2;6;5;1;2141;;13;11;5;3;4;9;9;18;15;2;13;3;
*13RM-~~~51~O;;;;;;;17.20.14;2;6;5;1;2141;;13;11;5;3;4;9;9;18;15;2;13;3;
*10EH+~~B~2;;;;;;;17.20.18;2;6;5;1;2145;;13;11;5;3;4;9;9;18;15;2;13;3;
*05AH=G2~26~H2O;p;r;;;;;17.20.19;2;6;5;1;2146;;13;11;5;3;4;9;9;18;15;2;13;3;
a$$&H#;p;;;;;;17.20.19;2;6;5;1;2146;;13;11;5;3;4;9;9;18;15;2;13;3;
ap02:02;;;;;;;17.20.25;2;6;5;1;2152;;13;11;5;3;4;9;9;18;15;2;13;3;
a09SM-~~~56;;;;;;;17.20.40;2;6;5;1;2167;;13;11;5;3;4;9;9;18;15;2;13;3;
*10RM+~~~56~~~~33;;;;;;;17.20.40;2;6;5;1;2167;;13;11;5;3;4;9;9;18;15;2;13;3;
*09EQ+K1C;;;;;;;17.20.40;2;6;5;1;2167;;13;11;5;3;4;9;9;18;15;2;13;3;
*11AQ+J4~31~H1;;r;;;;;17.20.45;2;6;5;1;2172;;13;11;5;3;4;9;9;18;15;2;13;3;
a13DQ/~~~31;;;;;;;17.20.45;2;6;5;1;2172;;13;11;5;3;4;9;9;18;15;2;13;3;
*09ET+~~B;;;;;;;17.20.45;2;6;5;1;2172;;13;11;5;3;4;9;9;18;15;2;13;3;
*05AT#W2~24~H2F;s;s;;;;;17.20.48;2;6;5;1;2175;;13;11;5;3;4;9;9;18;15;2;13;3;
a02BT=~~~~4~~2F;s;;;;;;17.20.48;2;6;5;1;2175;;13;11;5;3;4;9;9;18;15;2;13;3;
*p03:02;;;;;;;17.20.53;2;6;5;1;2180;;13;11;5;3;4;9;9;18;15;2;13;3;
*z5;;;;;;;17.20.53;2;5;5;1;2180;;11;5;3;4;9;13;9;18;15;2;13;3;
*11SM-~~~57~~~N;;;;;;;17.21.08;2;5;5;1;2195;;11;5;3;4;9;13;9;18;15;2;13;3;
a03RM+~~~57~~~~33;;;;;;;17.21.08;2;5;5;1;2195;;11;5;3;4;9;13;9;18;15;2;13;3;
a13ET+K2F;;;;;;;17.21.08;2;5;5;1;2195;;11;5;3;4;9;13;9;18;15;2;13;3;
a15AT#W4~42~H2S;s;r;;;;;17.21.13;2;5;5;1;2200;;11;5;3;4;9;13;9;18;15;2;13;3;
*04BT=~~~~2~~2S;s;;;;;;17.21.13;2;5;5;1;2200;;11;5;3;4;9;13;9;18;15;2;13;3;
ap03:03;;;;;;;17.21.19;2;5;5;1;2206;;11;5;3;4;9;13;9;18;15;2;13;3;
az4;;;;;;;17.21.19;2;5;4;1;2206;;11;5;3;4;9;13;18;15;2;13;3;9;
a18SQ=~~~66~~~N;s;;;;;;17.21.31;2;5;4;1;2218;;11;5;3;4;9;13;18;15;2;13;3;9;
*$$&H#;s;;;;;;17.21.31;2;5;4;1;2218;;11;5;3;4;9;13;18;15;2;13;3;9;
*p04:03;;;;;;;17.21.33;2;5;4;1;2220;;11;5;3;4;9;13;18;15;2;13;3;9;
*z4;;;;;;;17.21.33;2;4;4;1;2220;;5;3;4;9;13;11;18;15;2;13;3;9;
*05SQ/~~~66;;;;;;;17.21.52;2;4;4;1;2239;;5;3;4;9;13;11;18;15;2;13;3;9;
a03RQ/~~~66~L;;;;;;;17.21.52;2;4;4;1;2239;;5;3;4;9;13;11;18;15;2;13;3;9;
*03FH+;;;;;;;17.21.57;2;4;4;1;2244;;5;3;4;9;13;11;18;15;2;13;3;9;
*09ET+~~B;;;;;;;17.21.57;2;4;4;1;2244;;5;3;4;9;13;11;18;15;2;13;3;9;
*05AT#Y9~91~H1;p;p;;;;;17.22.00;2;4;4;1;2247;;5;3;4;9;13;11;18;15;2;13;3;9;
a18DT=~~~91;p;;;;;;17.22.00;2;4;4;1;2247;;5;3;4;9;13;11;18;15;2;13;3;9;
*p05:03;;;;;;;17.22.05;2;4;4;1;2252;;5;3;4;9;13;11;18;15;2;13;3;9;
*05SQ-~~~61;;;;;;;17.22.25;2;4;4;1;2272;;5;3;4;9;13;11;18;15;2;13;3;9;
a17RQ#~~~61~~~~33;;;;;;;17.22.25;2;4;4;1;2272;;5;3;4;9;13;11;18;15;2;13;3;9;
a13ET+K1B;;;;;;;17.22.25;2;4;4;1;2272;;5;3;4;9;13;11;18;15;2;13;3;9;
a18AT-Y9~95BH2;;r;;;;;17.22.31;2;4;4;1;2278;;5;3;4;9;13;11;18;15;2;13;3;9;
*10DT+~~~95B;;;;;;;17.22.31;2;4;4;1;2278;;5;3;4;9;13;11;18;15;2;13;3;9;
*09EH+~~F;;;;;;;17.22.31;2;4;4;1;2278;;5;3;4;9;13;11;18;15;2;13;3;9;
*03AH#G4~42~H2S;p;p;;;;;17.22.33;2;4;4;1;2280;;5;3;4;9;13;11;18;15;2;13;3;9;
a02BH=~~~~2~~2S;p;;;;;;17.22.33;2;4;4;1;2280;;5;3;4;9;13;11;18;15;2;13;3;9;
*p06:03;;;;;;;17.22.37;2;4;4;1;2284;;5;3;4;9;13;11;18;15;2;13;3;9;
*05SQ-~~~61;;;;;;;17.22.59;2;4;4;1;2306;;5;3;4;9;13;11;18;15;2;13;3;9;
a17RQ#~~~61~~~~33;;;;;;;17.22.59;2;4;4;1;2306;;5;3;4;9;13;11;18;15;2;13;3;9;
a13EQ+K2C;;;;;;;17.22.59;2;4;4;1;2306;;5;3;4;9;13;11;18;15;2;13;3;9;
a02AQ#J2~33~H2S;s;r;;;;;17.23.05;2;4;4;1;2312;;5;3;4;9;13;11;18;15;2;13;3;9;
*04BQ=~~~~3~~2S;s;;;;;;17.23.05;2;4;4;1;2312;;5;3;4;9;13;11;18;15;2;13;3;9;
ap06:04;;;;;;;17.23.13;2;4;4;1;2320;;5;3;4;9;13;11;18;15;2;13;3;9;
az3;;;;;;;17.23.13;2;4;3;1;2320;;5;3;4;9;13;11;15;2;13;3;9;18;
a15SM-~~~56;;;;;;;17.23.23;2;4;3;1;2330;;5;3;4;9;13;11;15;2;13;3;9;18;
*13RM+~~~56~O;;;;;;;17.23.23;2;4;3;1;2330;;5;3;4;9;13;11;15;2;13;3;9;18;
*09EQ+K2C;;;;;;;17.23.23;2;4;3;1;2330;;5;3;4;9;13;11;15;2;13;3;9;18;
*04AQ#J2~37~H1;s;r;;;;;17.23.27;2;4;3;1;2334;;5;3;4;9;13;11;15;2;13;3;9;18;
a17DQ=~~~37;s;;;;;;17.23.27;2;4;3;1;2334;;5;3;4;9;13;11;15;2;13;3;9;18;
*p07:04;;;;;;;17.23.30;2;4;3;1;2337;;5;3;4;9;13;11;15;2;13;3;9;18;
*z3;;;;;;;17.23.30;2;3;3;1;2337;;3;4;9;13;11;5;15;2;13;3;9;18;
*03SQ=~~~16~~~O;s;;;;;;17.23.44;2;3;3;1;2351;;3;4;9;13;11;5;15;2;13;3;9;18;
a$$&H#;s;;;;;;17.23.44;2;3;3;1;2351;;3;4;9;13;11;5;15;2;13;3;9;18;
ap07:05;;;;;;;17.23.48;2;3;3;1;2355;;3;4;9;13;11;5;15;2;13;3;9;18;
az2;;;;;;;17.23.48;2;3;2;1;2355;;3;4;9;13;11;5;2;13;3;9;18;15;
a02SM-~~~56;;;;;;;17.24.04;2;3;2;1;2371;;3;4;9;13;11;5;2;13;3;9;18;15;
*10RM+~~~56~~~~33;;;;;;;17.24.04;2;3;2;1;2371;;3;4;9;13;11;5;2;13;3;9;18;15;
*09ET#K3B;;;;;;;17.24.04;2;3;2;1;2371;;3;4;9;13;11;5;2;13;3;9;18;15;
*05AT#Y9~95AH1;s;r;;;;;17.24.09;2;3;2;1;2376;;3;4;9;13;11;5;2;13;3;9;18;15;
a$$&H=;s;;;;;;17.24.09;2;3;2;1;2376;;3;4;9;13;11;5;2;13;3;9;18;15;
*p08:05;;;;;;;17.24.12;2;3;2;1;2379;;3;4;9;13;11;5;2;13;3;9;18;15;
*z2;;;;;;;17.24.12;2;2;2;1;2379;;4;9;13;11;5;3;2;13;3;9;18;15;
*04SM!~~~15;;;;;;;17.24.26;2;2;2;1;2393;;4;9;13;11;5;3;2;13;3;9;18;15;
a15RM!~~~15~~~~33;;;;;;;17.24.26;2;2;2;1;2393;;4;9;13;11;5;3;2;13;3;9;18;15;
a13ET+K1F;;;;;;;17.24.26;2;2;2;1;2393;;4;9;13;11;5;3;2;13;3;9;18;15;
a03AT+W4~47DH2;;r;;;;;17.24.31;2;2;2;1;2398;;4;9;13;11;5;3;2;13;3;9;18;15;
*04DT/~~~47D;;;;;;;17.24.31;2;2;2;1;2398;;4;9;13;11;5;3;2;13;3;9;18;15;
a17FH+;;;;;;;17.24.31;2;2;2;1;2398;;4;9;13;11;5;3;2;13;3;9;18;15;
a13EQ#~~C;;;;;;;17.24.31;2;2;2;1;2398;;4;9;13;11;5;3;2;13;3;9;18;15;
a09AQ#J4~31~H1;s;s;;;;;17.24.36;2;2;2;1;2403;;4;9;13;11;5;3;2;13;3;9;18;15;
*$$&H=;s;;;;;;17.24.36;2;2;2;1;2403;;4;9;13;11;5;3;2;13;3;9;18;15;
ap08:06;;;;;;;17.24.38;2;2;2;1;2405;;4;9;13;11;5;3;2;13;3;9;18;15;
az1;;;;;;;17.24.38;2;2;1;1;2405;;4;9;13;11;5;3;13;3;9;18;15;2;
a13SM-~~~15;;;;;;;17.24.59;2;2;1;1;2426;;4;9;13;11;5;3;13;3;9;18;15;2;
*13RM#~~~15~O;;;;;;;17.24.59;2;2;1;1;2426;;4;9;13;11;5;3;13;3;9;18;15;2;
*09ET+K1F;;;;;;;17.24.59;2;2;1;1;2426;;4;9;13;11;5;3;13;3;9;18;15;2;
*13AT#W4~46~H2;s;r;;;;;17.25.03;2;2;1;1;2430;;4;9;13;11;5;3;13;3;9;18;15;2;
a$$&H=;s;;;;;;17.25.03;2;2;1;1;2430;;4;9;13;11;5;3;13;3;9;18;15;2;
*p09:06;;;;;;;17.25.05;2;2;1;1;2432;;4;9;13;11;5;3;13;3;9;18;15;2;
*z1;;;;;;;17.25.05;2;1;1;1;2432;;9;13;11;5;3;4;13;3;9;18;15;2;
*c11:02;;;;;;;17.25.05;2;1;1;1;2432;;9;13;2;5;3;4;13;3;9;18;15;2;
*09SM+~~~15;;;;;;;17.25.31;2;1;1;1;2458;;9;13;2;5;3;4;13;3;9;18;15;2;
a15RM-~~~15;;;;;;;17.25.31;2;1;1;1;2458;;9;13;2;5;3;4;13;3;9;18;15;2;
a18EH+~~B~9;;;;;;;17.25.31;2;1;1;1;2458;;9;13;2;5;3;4;13;3;9;18;15;2;
a03AH+G2~24~H2;;r;;;;;17.25.38;2;1;1;1;2465;;9;13;2;5;3;4;13;3;9;18;15;2;
*13BH-~~~~4~~2;;;;;;;17.25.38;2;1;1;1;2465;;9;13;2;5;3;4;13;3;9;18;15;2;
*13DH/~~~24;;;;;;;17.25.38;2;1;1;1;2465;;9;13;2;5;3;4;13;3;9;18;15;2;
a09AO-V3~35~H1;;s;;;;;17.25.38;2;1;1;1;2465;;9;13;2;5;3;4;13;3;9;18;15;2;
*10DO+~~~35;;;;;;;17.25.38;2;1;1;1;2465;;9;13;2;5;3;4;13;3;9;18;15;2;
*13EH-~~~~2;;;;;;;17.25.38;2;1;1;1;2465;;9;13;2;5;3;4;13;3;9;18;15;2;
a09FH+;;;;;;;17.25.38;2;1;1;1;2465;;9;13;2;5;3;4;13;3;9;18;15;2;
a09AQ#J4~39~H1;s;s;;;;;17.25.49;2;1;1;1;2476;;9;13;2;5;3;4;13;3;9;18;15;2;
*$$&H=;s;;;;;;17.25.49;2;1;1;1;2476;;9;13;2;5;3;4;13;3;9;18;15;2;
ap09:07;;;;;;;17.25.51;2;1;1;1;2478;;9;13;2;5;3;4;13;3;9;18;15;2;
az6;;;;;;;17.25.51;2;1;6;1;2478;;9;13;2;5;3;4;3;9;18;15;2;13;
a03SQ=~~~16~~~N;s;;;;;;17.26.28;2;1;6;1;2515;;9;13;2;5;3;4;3;9;18;15;2;13;
*$$&H#;s;;;;;;17.26.28;2;1;6;1;2515;;9;13;2;5;3;4;3;9;18;15;2;13;
*p10:07;;;;;;;17.26.31;2;1;6;1;2518;;9;13;2;5;3;4;3;9;18;15;2;13;
*z6;;;;;;;17.26.31;2;6;6;1;2518;;13;2;5;3;4;9;3;9;18;15;2;13;
*13ST=~~~66~~~O;s;;;;;;17.26.41;2;6;6;1;2528;;13;2;5;3;4;9;3;9;18;15;2;13;
a$$&H#;s;;;;;;17.26.41;2;6;6;1;2528;;13;2;5;3;4;9;3;9;18;15;2;13;
ap10:08;;;;;;;17.26.53;2;6;6;1;2540;;13;2;5;3;4;9;3;9;18;15;2;13;
az5;;;;;;;17.26.53;2;6;5;1;2540;;13;2;5;3;4;9;9;18;15;2;13;3;
a09SM-~~~55;;;;;;;17.27.03;2;6;5;1;2550;;13;2;5;3;4;9;9;18;15;2;13;3;
*03RM#~~~55~O;;;;;;;17.27.03;2;6;5;1;2550;;13;2;5;3;4;9;9;18;15;2;13;3;
*09EQ#K1C;;;;;;;17.27.03;2;6;5;1;2550;;13;2;5;3;4;9;9;18;15;2;13;3;
*02AQ#J1~37~H1;s;r;;;;;17.27.08;2;6;5;1;2555;;13;2;5;3;4;9;9;18;15;2;13;3;
a$$&H=;s;;;;;;17.27.08;2;6;5;1;2555;;13;2;5;3;4;9;9;18;15;2;13;3;
*p11:08;;;;;;;17.27.09;2;6;5;1;2556;;13;2;5;3;4;9;9;18;15;2;13;3;
*z5;;;;;;;17.27.09;2;5;5;1;2556;;2;5;3;4;9;13;9;18;15;2;13;3;
*02SM-~~~57;;;;;;;17.27.30;2;5;5;1;2577;;2;5;3;4;9;13;9;18;15;2;13;3;
a03RM+~~~57~~~~33;;;;;;;17.27.30;2;5;5;1;2577;;2;5;3;4;9;13;9;18;15;2;13;3;
a13ET+K2F;;;;;;;17.27.30;2;5;5;1;2577;;2;5;3;4;9;13;9;18;15;2;13;3;
a15AT#W4~48~H2;s;r;;;;;17.27.36;2;5;5;1;2583;;2;5;3;4;9;13;9;18;15;2;13;3;
*$$&H=;s;;;;;;17.27.36;2;5;5;1;2583;;2;5;3;4;9;13;9;18;15;2;13;3;
ap11:09;;;;;;;17.27.39;2;5;5;1;2586;;2;5;3;4;9;13;9;18;15;2;13;3;
az4;;;;;;;17.27.39;2;5;4;1;2586;;2;5;3;4;9;13;18;15;2;13;3;9;
a18SQ-~~~15;;;;;;;17.27.55;2;5;4;1;2602;;2;5;3;4;9;13;18;15;2;13;3;9;
*03RQ+~~~15~~~~33;;;;;;;17.27.55;2;5;4;1;2602;;2;5;3;4;9;13;18;15;2;13;3;9;
*09ET+K1P;;;;;;;17.27.55;2;5;4;1;2602;;2;5;3;4;9;13;18;15;2;13;3;9;
*13AT+Y8~86~H0;;r;;;;;17.28.00;2;5;4;1;2607;;2;5;3;4;9;13;18;15;2;13;3;9;
a13DT/~~~86;;;;;;;17.28.00;2;5;4;1;2607;;2;5;3;4;9;13;18;15;2;13;3;9;
*05AO+V2~21~H1;;s;;;;;17.28.02;2;5;4;1;2609;;2;5;3;4;9;13;18;15;2;13;3;9;
a18DO/~~~21;;;;;;;17.28.02;2;5;4;1;2609;;2;5;3;4;9;13;18;15;2;13;3;9;
*04FH+;;;;;;;17.28.04;2;5;4;1;2611;;2;5;3;4;9;13;18;15;2;13;3;9;
*09ET+~~F;;;;;;;17.28.04;2;5;4;1;2611;;2;5;3;4;9;13;18;15;2;13;3;9;
*03AT/W4~42~H2;p;s;;;;;17.28.05;2;5;4;1;2612;;2;5;3;4;9;13;18;15;2;13;3;9;
a13BT#~~~~2~~2;p;;;;;;17.28.05;2;5;4;1;2612;;2;5;3;4;9;13;18;15;2;13;3;9;
ap11:10;;;;;;;17.28.09;2;5;4;1;2616;;2;5;3;4;9;13;18;15;2;13;3;9;
a18SQ!~~~11;;;;;;;17.28.25;2;5;4;1;2632;;2;5;3;4;9;13;18;15;2;13;3;9;
*10RQ!~~~11~~~~22;;;;;;;17.28.25;2;5;4;1;2632;;2;5;3;4;9;13;18;15;2;13;3;9;
*09ET+K1B;;;;;;;17.28.25;2;5;4;1;2632;;2;5;3;4;9;13;18;15;2;13;3;9;
*05AT-W2~26~H2;;r;;;;;17.28.31;2;5;4;1;2638;;2;5;3;4;9;13;18;15;2;13;3;9;
a03DT+~~~26;;;;;;;17.28.31;2;5;4;1;2638;;2;5;3;4;9;13;18;15;2;13;3;9;
a13EH+~~F;;;;;;;17.28.31;2;5;4;1;2638;;2;5;3;4;9;13;18;15;2;13;3;9;
a15AH-G4~42~H2;;p;;;;;17.28.35;2;5;4;1;2642;;2;5;3;4;9;13;18;15;2;13;3;9;
*04BH+~~~~2~~2;;;;;;;17.28.35;2;5;4;1;2642;;2;5;3;4;9;13;18;15;2;13;3;9;
*13DH+;;;;;;;17.28.37;2;5;4;1;2644;;2;5;3;4;9;13;18;15;2;13;3;9;
*09EH+;;;;;;;17.28.37;2;5;4;1;2644;;2;5;3;4;9;13;18;15;2;13;3;9;
*03AH#G4~46~H2;s;s;;;;;17.28.39;2;5;4;1;2646;;2;5;3;4;9;13;18;15;2;13;3;9;
a$$&H=;s;;;;;;17.28.39;2;5;4;1;2646;;2;5;3;4;9;13;18;15;2;13;3;9;
*p12:10;;;;;;;17.28.41;2;5;4;1;2648;;2;5;3;4;9;13;18;15;2;13;3;9;
*z4;;;;;;;17.28.41;2;4;4;1;2648;;5;3;4;9;13;2;18;15;2;13;3;9;
*05SQ=~~~66D~~O;s;;;;;;17.29.04;2;4;4;1;2671;;5;3;4;9;13;2;18;15;2;13;3;9;
a$$&H#;s;;;;;;17.29.04;2;4;4;1;2671;;5;3;4;9;13;2;18;15;2;13;3;9;
ap12:11;;;;;;;17.29.08;2;4;4;1;2675;;5;3;4;9;13;2;18;15;2;13;3;9;
az3;;;;;;;17.29.08;2;4;3;1;2675;;5;3;4;9;13;2;15;2;13;3;9;18;
a15SM-~~~57;;;;;;;17.29.25;2;4;3;1;2692;;5;3;4;9;13;2;15;2;13;3;9;18;
*03RM#~~~57~O;;;;;;;17.29.25;2;4;3;1;2692;;5;3;4;9;13;2;15;2;13;3;9;18;
*09ET#K2B;;;;;;;17.29.25;2;4;3;1;2692;;5;3;4;9;13;2;15;2;13;3;9;18;
*05AT=Y9~95~H1S;p;r;;;;;17.29.30;2;4;3;1;2697;;5;3;4;9;13;2;15;2;13;3;9;18;
a$$&H#;p;;;;;;17.29.30;2;4;3;1;2697;;5;3;4;9;13;2;15;2;13;3;9;18;
ap12:12;;;;;;;17.29.32;2;4;3;1;2699;;5;3;4;9;13;2;15;2;13;3;9;18;
a15SM=~~~56~~~N;s;;;;;;17.29.50;2;4;3;1;2717;;5;3;4;9;13;2;15;2;13;3;9;18;
*$$&H#;s;;;;;;17.29.50;2;4;3;1;2717;;5;3;4;9;13;2;15;2;13;3;9;18;
*p13:12;;;;;;;17.29.53;2;4;3;1;2720;;5;3;4;9;13;2;15;2;13;3;9;18;
*z3;;;;;;;17.29.53;2;3;3;1;2720;;3;4;9;13;2;5;15;2;13;3;9;18;
*03SQ-~~~16;;;;;;;17.30.05;2;3;3;1;2732;;3;4;9;13;2;5;15;2;13;3;9;18;
a17RQ#~~~16~~~~33;;;;;;;17.30.05;2;3;3;1;2732;;3;4;9;13;2;5;15;2;13;3;9;18;
a13ET+K1F;;;;;;;17.30.05;2;3;3;1;2732;;3;4;9;13;2;5;15;2;13;3;9;18;
a03AT#W4~47~H2;s;r;;;;;17.30.10;2;3;3;1;2737;;3;4;9;13;2;5;15;2;13;3;9;18;
*10DT=~~~47;s;;;;;;17.30.10;2;3;3;1;2737;;3;4;9;13;2;5;15;2;13;3;9;18;
ap13:13;;;;;;;17.30.15;2;3;3;1;2742;;3;4;9;13;2;5;15;2;13;3;9;18;
az2;;;;;;;17.30.15;2;3;2;1;2742;;3;4;9;13;2;5;2;13;3;9;18;15;
a02SM!~~~56;;;;;;;17.30.30;2;3;2;1;2757;;3;4;9;13;2;5;2;13;3;9;18;15;
*10RM!~~~56~~~~33;;;;;;;17.30.30;2;3;2;1;2757;;3;4;9;13;2;5;2;13;3;9;18;15;
*09ET+KEF;;;;;;;17.30.30;2;3;2;1;2757;;3;4;9;13;2;5;2;13;3;9;18;15;
*13AT-W4~43~H2;;r;;;;;17.30.35;2;3;2;1;2762;;3;4;9;13;2;5;2;13;3;9;18;15;
a03DT+~~~43;;;;;;;17.30.35;2;3;2;1;2762;;3;4;9;13;2;5;2;13;3;9;18;15;
a13ET+;;;;;;;17.30.35;2;3;2;1;2762;;3;4;9;13;2;5;2;13;3;9;18;15;
a18AT#Y9~94~H2S;p;p;;;;;17.30.42;2;3;2;1;2769;;3;4;9;13;2;5;2;13;3;9;18;15;
*13BT=~~~~4~~2S;p;;;;;;17.30.42;2;3;2;1;2769;;3;4;9;13;2;5;2;13;3;9;18;15;
ap13:14;;;;;;;17.30.44;2;3;2;1;2771;;3;4;9;13;2;5;2;13;3;9;18;15;
a02SM-~~~51;;;;;;;17.30.58;2;3;2;1;2785;;3;4;9;13;2;5;2;13;3;9;18;15;
*03RM#~~~51~O;;;;;;;17.30.58;2;3;2;1;2785;;3;4;9;13;2;5;2;13;3;9;18;15;
*09ET#K1F;;;;;;;17.30.58;2;3;2;1;2785;;3;4;9;13;2;5;2;13;3;9;18;15;
*13AT#W4~47~H1;s;r;;;;;17.31.02;2;3;2;1;2789;;3;4;9;13;2;5;2;13;3;9;18;15;
a03DT=~~~47;s;;;;;;17.31.02;2;3;2;1;2789;;3;4;9;13;2;5;2;13;3;9;18;15;
*p14:14;;;;;;;17.31.07;2;3;2;1;2794;;3;4;9;13;2;5;2;13;3;9;18;15;
*z2;;;;;;;17.31.07;2;2;2;1;2794;;4;9;13;2;5;3;2;13;3;9;18;15;
*04SM!~~~15;;;;;;;17.31.20;2;2;2;1;2807;;4;9;13;2;5;3;2;13;3;9;18;15;
a03RM!~~~15~O;;;;;;;17.31.20;2;2;2;1;2807;;4;9;13;2;5;3;2;13;3;9;18;15;
a13EH+K1F;;;;;;;17.31.20;2;2;2;1;2807;;4;9;13;2;5;3;2;13;3;9;18;15;
a03AH#G4~45DH2;s;r;;;;;17.31.24;2;2;2;1;2811;;4;9;13;2;5;3;2;13;3;9;18;15;
*$$&H=;s;;;;;;17.31.24;2;2;2;1;2811;;4;9;13;2;5;3;2;13;3;9;18;15;
ap14:15;;;;;;;17.31.28;2;2;2;1;2815;;4;9;13;2;5;3;2;13;3;9;18;15;
az1;;;;;;;17.31.28;2;2;1;1;2815;;4;9;13;2;5;3;13;3;9;18;15;2;
a13SQ#~~~16;p;;;;;;17.31.51;2;2;1;1;2838;;4;9;13;2;5;3;13;3;9;18;15;2;
*03RQ=~~~16AR;p;;;;;;17.31.51;2;2;1;1;2838;;4;9;13;2;5;3;13;3;9;18;15;2;
ap14:16;;;;;;;17.31.58;2;2;1;1;2845;;4;9;13;2;5;3;13;3;9;18;15;2;
a13SQ-~~~16;;;;;;;17.32.16;2;2;1;1;2863;;4;9;13;2;5;3;13;3;9;18;15;2;
*03RQ+~~~16~~~~34;;;;;;;17.32.16;2;2;1;1;2863;;4;9;13;2;5;3;13;3;9;18;15;2;
*09ET+K2B;;;;;;;17.32.16;2;2;1;1;2863;;4;9;13;2;5;3;13;3;9;18;15;2;
*05AT-Y9~91~H1;;r;;;;;17.32.21;2;2;1;1;2868;;4;9;13;2;5;3;13;3;9;18;15;2;
a13DT+~~~91;;;;;;;17.32.21;2;2;1;1;2868;;4;9;13;2;5;3;13;3;9;18;15;2;
a17EH+~~~~4;;;;;;;17.32.21;2;2;1;1;2868;;4;9;13;2;5;3;13;3;9;18;15;2;
a03AH/G4~42~H2;s;p;;;;;17.32.25;2;2;1;1;2872;;4;9;13;2;5;3;13;3;9;18;15;2;
*02BH#~~~~2~~2;s;;;;;;17.32.25;2;2;1;1;2872;;4;9;13;2;5;3;13;3;9;18;15;2;
*p15:16;;;;;;;17.32.33;2;2;1;1;2880;;4;9;13;2;5;3;13;3;9;18;15;2;
*z1;;;;;;;17.32.33;2;1;1;1;2880;;9;13;2;5;3;4;13;3;9;18;15;2;
*09SM!~~~16;;;;;;;17.32.48;2;1;1;1;2895;;9;13;2;5;3;4;13;3;9;18;15;2;
a15RM!~~~16~~~~33;;;;;;;17.32.48;2;1;1;1;2895;;9;13;2;5;3;4;13;3;9;18;15;2;
a13EQ+K2C;;;;;;;17.33.03;2;1;1;1;2910;;9;13;2;5;3;4;13;3;9;18;15;2;
a09AQ-J2~31~H2;;r;;;;;17.32.54;2;1;1;1;2901;;9;13;2;5;3;4;13;3;9;18;15;2;
*09DQ+~~~31;;;;;;;17.32.54;2;1;1;1;2901;;9;13;2;5;3;4;13;3;9;18;15;2;
*09EH+~~F;;;;;;;17.33.07;2;1;1;1;2914;;9;13;2;5;3;4;13;3;9;18;15;2;
*13AH-G4~41~H0;;p;;;;;17.32.57;2;1;1;1;2904;;9;13;2;5;3;4;13;3;9;18;15;2;
a15DH+~~~41;;;;;;;17.32.57;2;1;1;1;2904;;9;13;2;5;3;4;13;3;9;18;15;2;
a13ET+~~F;;;;;;;17.32.57;2;1;1;1;2904;;9;13;2;5;3;4;13;3;9;18;15;2;
a18AT-W4~41~H1;;s;;;;;17.33.01;2;1;1;1;2908;;9;13;2;5;3;4;13;3;9;18;15;2;
*09DT+~~~41;;;;;;;17.33.01;2;1;1;1;2908;;9;13;2;5;3;4;13;3;9;18;15;2;
*03EH+~~F~4;;;;;;;17.33.01;2;1;1;1;2908;;9;13;2;5;3;4;13;3;9;18;15;2;
*13AH-G4~41~H0;;p;;;;;17.33.04;2;1;1;1;2911;;9;13;2;5;3;4;13;3;9;18;15;2;
a13DH+~~~41;;;;;;;17.33.04;2;1;1;1;2911;;9;13;2;5;3;4;13;3;9;18;15;2;
a17EH+~~~~2;;;;;;;17.33.04;2;1;1;1;2911;;9;13;2;5;3;4;13;3;9;18;15;2;
a03AH=G2~21~H2S;p;s;;;;;17.33.10;2;1;1;1;2917;;9;13;2;5;3;4;13;3;9;18;15;2;
*$$&H#;p;;;;;;17.33.10;2;1;1;1;2917;;9;13;2;5;3;4;13;3;9;18;15;2;
*p16:16;;;;;;;17.33.12;2;1;1;1;2919;;9;13;2;5;3;4;13;3;9;18;15;2;
*09SM+~~~15;;;;;;;17.33.27;2;1;1;1;2934;;9;13;2;5;3;4;13;3;9;18;15;2;
a15RM-~~~15;;;;;;;17.33.27;2;1;1;1;2934;;9;13;2;5;3;4;13;3;9;18;15;2;
a17EH+~~F~4;;;;;;;17.33.31;2;1;1;1;2938;;9;13;2;5;3;4;13;3;9;18;15;2;
a18AH-G4~42~H2;;r;;;;;17.33.33;2;1;1;1;2940;;9;13;2;5;3;4;13;3;9;18;15;2;
*02BH+~~~~2~~2;;;;;;;17.33.33;2;1;1;1;2940;;9;13;2;5;3;4;13;3;9;18;15;2;
a15DH/;;;;;;;17.33.33;2;1;1;1;2940;;9;13;2;5;3;4;13;3;9;18;15;2;
*05FH+;;;;;;;17.33.33;2;1;1;1;2940;;9;13;2;5;3;4;13;3;9;18;15;2;
*09EH#;;;;;;;17.33.33;2;1;1;1;2940;;9;13;2;5;3;4;13;3;9;18;15;2;
*05AH/G2~24~H1;s;p;;;;;17.33.37;2;1;1;1;2944;;9;13;2;5;3;4;13;3;9;18;15;2;
a18BH#~~~~4~~1;s;;;;;;17.33.37;2;1;1;1;2944;;9;13;2;5;3;4;13;3;9;18;15;2;
ap16:17;;;;;;;17.33.40;2;1;1;1;2947;;9;13;2;5;3;4;13;3;9;18;15;2;
az6;;;;;;;17.33.40;2;1;6;1;2947;;9;13;2;5;3;4;3;9;18;15;2;13;
a03SQ=~~~16D~~O;s;;;;;;17.34.01;2;1;6;1;2968;;9;13;2;5;3;4;3;9;18;15;2;13;
*$$&H#;s;;;;;;17.34.01;2;1;6;1;2968;;9;13;2;5;3;4;3;9;18;15;2;13;
*p17:17;;;;;;;17.34.07;2;1;6;1;2974;;9;13;2;5;3;4;3;9;18;15;2;13;
*z6;;;;;;;17.34.07;2;6;6;1;2974;;13;2;5;3;4;9;3;9;18;15;2;13;
*13SQ+~~~53~~~N;;;;;;;17.34.49;2;6;6;1;3016;;13;2;5;3;4;9;3;9;18;15;2;13;
a13RQ-~~~53;;;;;;;17.34.49;2;6;6;1;3016;;13;2;5;3;4;9;3;9;18;15;2;13;
a09EH+~~F;;;;;;;17.34.49;2;6;6;1;3016;;13;2;5;3;4;9;3;9;18;15;2;13;
a15AH-G4~42~H2;;r;;;;;17.34.56;2;6;6;1;3023;;13;2;5;3;4;9;3;9;18;15;2;13;
*02BH+~~~~2~~2;;;;;;;17.34.56;2;6;6;1;3023;;13;2;5;3;4;9;3;9;18;15;2;13;
*10FH+;;;;;;;17.34.58;2;6;6;1;3025;;13;2;5;3;4;9;3;9;18;15;2;13;
*09ET+~~P;;;;;;;17.34.58;2;6;6;1;3025;;13;2;5;3;4;9;3;9;18;15;2;13;
*13AT-Y8~85~H1;;p;;;;;17.35.00;2;6;6;1;3027;;13;2;5;3;4;9;3;9;18;15;2;13;
a17DT+~~~85;;;;;;;17.35.00;2;6;6;1;3027;;13;2;5;3;4;9;3;9;18;15;2;13;
a13EH+;;;;;;;17.35.00;2;6;6;1;3027;;13;2;5;3;4;9;3;9;18;15;2;13;
a15AH#G4~42~H2F;s;s;;;;;17.35.05;2;6;6;1;3032;;13;2;5;3;4;9;3;9;18;15;2;13;
*02BH=~~~~2~~2F;s;;;;;;17.35.05;2;6;6;1;3032;;13;2;5;3;4;9;3;9;18;15;2;13;
ap17:18;;;;;;;17.35.08;2;6;6;1;3035;;13;2;5;3;4;9;3;9;18;15;2;13;
az5;;;;;;;17.35.08;2;6;5;1;3035;;13;2;5;3;4;9;9;18;15;2;13;3;
ac09:06;;;;;;;17.35.08;2;6;5;1;3035;;13;2;5;3;4;9;6;18;15;2;13;3;
a06SQ-~~~16;;;;;;;17.35.40;2;6;5;1;3067;;13;2;5;3;4;9;6;18;15;2;13;3;
*10RQ#~~~16~~~~33;;;;;;;17.35.40;2;6;5;1;3067;;13;2;5;3;4;9;6;18;15;2;13;3;
*09EQ#K1C;;;;;;;17.35.40;2;6;5;1;3067;;13;2;5;3;4;9;6;18;15;2;13;3;
*02AQ#J4~39AH0;s;r;;;;;17.35.44;2;6;5;1;3071;;13;2;5;3;4;9;6;18;15;2;13;3;
a$$&H=;s;;;;;;17.35.44;2;6;5;1;3071;;13;2;5;3;4;9;6;18;15;2;13;3;
*p18:18;;;;;;;17.35.49;2;6;5;1;3076;;13;2;5;3;4;9;6;18;15;2;13;3;
*z5;;;;;;;17.35.49;2;5;5;1;3076;;2;5;3;4;9;13;6;18;15;2;13;3;
ac06:09;;;;;;;17.35.49;2;5;5;1;3076;;2;5;3;4;9;13;9;18;15;2;13;3;
*02SM+~~~57;;;;;;;17.36.20;2;5;5;1;3107;;2;5;3;4;9;13;9;18;15;2;13;3;
a03RM-~~~57;;;;;;;17.36.20;2;5;5;1;3107;;2;5;3;4;9;13;9;18;15;2;13;3;
a17EH+~~B~2;;;;;;;17.36.25;2;5;5;1;3112;;2;5;3;4;9;13;9;18;15;2;13;3;
a18AH-G2~26~H2;;r;;;;;17.36.28;2;5;5;1;3115;;2;5;3;4;9;13;9;18;15;2;13;3;
*13DH+~~~26;;;;;;;17.36.28;2;5;5;1;3115;;2;5;3;4;9;13;9;18;15;2;13;3;
*09EH+;;;;;;;17.36.28;2;5;5;1;3115;;2;5;3;4;9;13;9;18;15;2;13;3;
*05AH#G2~24~H3F;p;p;;;;;17.36.30;2;5;5;1;3117;;2;5;3;4;9;13;9;18;15;2;13;3;
a18BH=~~~~4~~3F;p;;;;;;17.36.30;2;5;5;1;3117;;2;5;3;4;9;13;9;18;15;2;13;3;
*p19:18;;;;;;;17.36.35;2;5;5;1;3122;;2;5;3;4;9;13;9;18;15;2;13;3;
*02SM-~~~57;;;;;;;17.38.12;2;5;5;1;3219;;2;5;3;4;9;13;9;18;15;2;13;3;
a15RM#~~~57;;;;;;;17.38.12;2;5;5;1;3219;;2;5;3;4;9;13;9;18;15;2;13;3;
a13ET+K1F;;;;;;;17.38.12;2;5;5;1;3219;;2;5;3;4;9;13;9;18;15;2;13;3;
a15AT/W4~42~H2;p;r;;;;;17.38.19;2;5;5;1;3226;;2;5;3;4;9;13;9;18;15;2;13;3;
*04BT#~~~~2~~2;p;;;;;;17.38.19;2;5;5;1;3226;;2;5;3;4;9;13;9;18;15;2;13;3;
*p20:18;;;;;;;17.38.23;2;5;5;1;3230;;2;5;3;4;9;13;9;18;15;2;13;3;
aT;;;;;;;17.38.23;2;5;5;1;3230;;2;5;3;4;9;13;9;18;15;2;13;3;
*02SM-~~~58;;;;;;;17.39.32;2;5;5;1;3299;;2;5;3;4;9;13;9;18;15;2;13;3;
a03RM+~~~58~~~~32;;;;;;;17.39.32;2;5;5;1;3299;;2;5;3;4;9;13;9;18;15;2;13;3;
a13ET#K1B;;;;;;;17.39.32;2;5;5;1;3299;;2;5;3;4;9;13;9;18;15;2;13;3;
a18AT#W2~29~H1;s;r;;;;;17.39.37;2;5;5;1;3304;;2;5;3;4;9;13;9;18;15;2;13;3;
*$$&H=;s;;;;;;17.39.37;2;5;5;1;3304;;2;5;3;4;9;13;9;18;15;2;13;3;
ap20:19;;;;;;;17.39.40;2;5;5;1;3307;;2;5;3;4;9;13;9;18;15;2;13;3;
az4;;;;;;;17.39.40;2;5;4;1;3307;;2;5;3;4;9;13;18;15;2;13;3;9;
ac13:10;;;;;;;17.39.40;2;5;4;1;3307;;2;5;3;4;9;13;18;15;2;10;3;9;
ac18:22;;;;;;;17.39.40;2;5;4;1;3307;;2;5;3;4;9;13;22;15;2;10;3;9;
aP22;;;;;;;17.39.40;2;5;4;1;3307;;2;5;3;4;9;13;22;15;2;10;3;9;
az1;;;;;;;17.39.40;2;5;1;1;3307;;2;5;3;4;9;13;22;15;2;10;3;9;
a22SM-~~~15;;;;;;;17.40.07;2;5;1;1;3334;;2;5;3;4;9;13;22;15;2;10;3;9;
*03RM+~~~15~O;;;;;;;17.40.07;2;5;1;1;3334;;2;5;3;4;9;13;22;15;2;10;3;9;
*09ET#K1P;;;;;;;17.40.07;2;5;1;1;3334;;2;5;3;4;9;13;22;15;2;10;3;9;
*13AT#Y8~81~H1;s;r;;;;;17.40.11;2;5;1;1;3338;;2;5;3;4;9;13;22;15;2;10;3;9;
a$$&H=;s;;;;;;17.40.11;2;5;1;1;3338;;2;5;3;4;9;13;22;15;2;10;3;9;
*p21:19;;;;;;;17.40.13;2;5;1;1;3340;;2;5;3;4;9;13;22;15;2;10;3;9;
*z4;;;;;;;17.40.13;2;4;1;1;3340;;5;3;4;9;13;2;22;15;2;10;3;9;
*c09:08;;;;;;;17.40.13;2;4;1;1;3340;;5;3;4;8;13;2;22;15;2;10;3;9;
*P5;;;;;;;17.40.13;2;4;1;1;3340;;5;3;4;8;13;2;22;15;2;10;3;9;
*z1;;;;;;;17.40.13;2;1;1;1;3340;;5;3;4;8;13;2;22;15;2;10;3;9;
*05SQ#;p;;;;;;17.40.40;2;1;1;1;3367;;5;3;4;8;13;2;22;15;2;10;3;9;
a22RQ=~~~~~~~~P;p;;;;;;17.40.40;2;1;1;1;3367;;5;3;4;8;13;2;22;15;2;10;3;9;
*p22:19;;;;;;;17.40.49;2;1;1;1;3376;;5;3;4;8;13;2;22;15;2;10;3;9;
*05SQ!~~~61;;;;;;;17.41.25;2;1;1;1;3412;;5;3;4;8;13;2;22;15;2;10;3;9;
a15RQ!~~~61~~~~22;;;;;;;17.41.25;2;1;1;1;3412;;5;3;4;8;13;2;22;15;2;10;3;9;
a22ET+K2F;;;;;;;17.41.25;2;1;1;1;3412;;5;3;4;8;13;2;22;15;2;10;3;9;
a10AT#W4~46~H2;s;r;;;;;17.41.30;2;1;1;1;3417;;5;3;4;8;13;2;22;15;2;10;3;9;
*13DT=~~~46;s;;;;;;17.41.30;2;1;1;1;3417;;5;3;4;8;13;2;22;15;2;10;3;9;
ap22:20;;;;;;;17.41.32;2;1;1;1;3419;;5;3;4;8;13;2;22;15;2;10;3;9;
az6;;;;;;;17.41.32;2;1;6;1;3419;;5;3;4;8;13;2;15;2;10;3;9;22;
*c05:01;;;;;;;17.41.32;2;1;6;1;3419;;1;3;4;8;13;2;15;2;10;3;9;22;
*P1;;;;;;;17.41.32;2;1;6;1;3419;;1;3;4;8;13;2;15;2;10;3;9;22;
*z1;;;;;;;17.41.32;2;1;6;1;3419;;1;3;4;8;13;2;15;2;10;3;9;22;
a15SM-~~~66;;;;;;;17.41.55;2;1;6;1;3442;;1;3;4;8;13;2;15;2;10;3;9;22;
*10RM+~~~66;;;;;;;17.41.55;2;1;6;1;3442;;1;3;4;8;13;2;15;2;10;3;9;22;
*01EQ+K1C;;;;;;;17.41.55;2;1;6;1;3442;;1;3;4;8;13;2;15;2;10;3;9;22;
*04AQ-J1~33~H1;;r;;;;;17.42.00;2;1;6;1;3447;;1;3;4;8;13;2;15;2;10;3;9;22;
a02BQ+~~~~3~~1;;;;;;;17.42.00;2;1;6;1;3447;;1;3;4;8;13;2;15;2;10;3;9;22;
*04DH+;;;;;;;17.42.00;2;1;6;1;3447;;1;3;4;8;13;2;15;2;10;3;9;22;
*01ET+;;;;;;;17.42.00;2;1;6;1;3447;;1;3;4;8;13;2;15;2;10;3;9;22;
*03AT#W2~22~H2S;s;s;;;;;17.42.03;2;1;6;1;3450;;1;3;4;8;13;2;15;2;10;3;9;22;
a02BT=~~~~4~~2S;s;;;;;;17.42.03;2;1;6;1;3450;;1;3;4;8;13;2;15;2;10;3;9;22;
*p23:20;;;;;;;17.42.05;2;1;6;1;3452;;1;3;4;8;13;2;15;2;10;3;9;22;
*z6;;;;;;;17.42.05;2;6;6;1;3452;;3;4;8;13;2;1;15;2;10;3;9;22;
*03SM-~~~17;;;;;;;17.42.27;2;6;6;1;3474;;3;4;8;13;2;1;15;2;10;3;9;22;
a17RM+~~~17~O;;;;;;;17.42.27;2;6;6;1;3474;;3;4;8;13;2;1;15;2;10;3;9;22;
a22EQ#K1C;;;;;;;17.42.27;2;6;6;1;3474;;3;4;8;13;2;1;15;2;10;3;9;22;
a02AQ#J4~35BH1;s;r;;;;;17.42.31;2;6;6;1;3478;;3;4;8;13;2;1;15;2;10;3;9;22;
*$$&H=;s;;;;;;17.42.31;2;6;6;1;3478;;3;4;8;13;2;1;15;2;10;3;9;22;
ap23:21;;;;;;;17.42.33;2;6;6;1;3480;;3;4;8;13;2;1;15;2;10;3;9;22;
az5;;;;;;;17.42.33;2;6;5;1;3480;;3;4;8;13;2;1;2;10;3;9;22;15;
a02SM-~~~56;;;;;;;17.42.50;2;6;5;1;3497;;3;4;8;13;2;1;2;10;3;9;22;15;
*03RM#~~~56~~~~33;;;;;;;17.42.50;2;6;5;1;3497;;3;4;8;13;2;1;2;10;3;9;22;15;
*01ET+K1F;;;;;;;17.42.50;2;6;5;1;3497;;3;4;8;13;2;1;2;10;3;9;22;15;
*13AT-W4~42~T1;;r;;;;;17.42.55;2;6;5;1;3502;;3;4;8;13;2;1;2;10;3;9;22;15;
a09DT+~~~42;;;;;;;17.42.55;2;6;5;1;3502;;3;4;8;13;2;1;2;10;3;9;22;15;
a22EH+;;;;;;;17.42.55;2;6;5;1;3502;;3;4;8;13;2;1;2;10;3;9;22;15;
a03AH#G4~44~H2;p;p;;;;;17.42.57;2;6;5;1;3504;;3;4;8;13;2;1;2;10;3;9;22;15;
*$$&H=;p;;;;;;17.42.57;2;6;5;1;3504;;3;4;8;13;2;1;2;10;3;9;22;15;
ap23:22;;;;;;;17.43.01;2;6;5;1;3508;;3;4;8;13;2;1;2;10;3;9;22;15;
a02SM-~~~56;;;;;;;17.44.31;2;6;5;1;3598;;3;4;8;13;2;1;2;10;3;9;22;15;
*03RM+~~~56~~~~33;;;;;;;17.44.31;2;6;5;1;3598;;3;4;8;13;2;1;2;10;3;9;22;15;
*01ET#K2B;;;;;;;17.44.31;2;6;5;1;3598;;3;4;8;13;2;1;2;10;3;9;22;15;
*08AT#W2~29~H1;s;r;;;;;17.44.36;2;6;5;1;3603;;3;4;8;13;2;1;2;10;3;9;22;15;
a$$&H=;s;;;;;;17.44.36;2;6;5;1;3603;;3;4;8;13;2;1;2;10;3;9;22;15;
*p24:22;;;;;;;17.44.38;2;6;5;1;3605;;3;4;8;13;2;1;2;10;3;9;22;15;
*z5;;;;;;;17.44.38;2;5;5;1;3605;;4;8;13;2;1;3;2;10;3;9;22;15;
*04SM-~~~15;;;;;;;17.44.54;2;5;5;1;3621;;4;8;13;2;1;3;2;10;3;9;22;15;
a03RM+~~~15~O;;;;;;;17.44.54;2;5;5;1;3621;;4;8;13;2;1;3;2;10;3;9;22;15;
a22EH+~~F;;;;;;;17.44.54;2;5;5;1;3621;;4;8;13;2;1;3;2;10;3;9;22;15;
a03AH#G4~44~H2;s;r;;;;;17.44.54;2;5;5;1;3621;;4;8;13;2;1;3;2;10;3;9;22;15;
*08DH=~~~44;s;;;;;;17.44.54;2;5;5;1;3621;;4;8;13;2;1;3;2;10;3;9;22;15;
ap24:23;;;;;;;17.45.06;2;5;5;1;3633;;4;8;13;2;1;3;2;10;3;9;22;15;
az4;;;;;;;17.45.06;2;5;4;1;3633;;4;8;13;2;1;3;10;3;9;22;15;2;
ac10:13;;;;;;;17.45.06;2;5;4;1;3633;;4;8;13;2;1;3;13;3;9;22;15;2;
ac22:18;;;;;;;17.45.06;2;5;4;1;3633;;4;8;13;2;1;3;13;3;9;18;15;2;
aP13;;;;;;;17.45.06;2;5;4;1;3633;;4;8;13;2;1;3;13;3;9;18;15;2;
az1;;;;;;;17.45.06;2;5;1;1;3633;;4;8;13;2;1;3;13;3;9;18;15;2;
a13SM-~~~16;;;;;;;17.45.42;2;5;1;1;3669;;4;8;13;2;1;3;13;3;9;18;15;2;
*03RM#~~~16~~~~33;;;;;;;17.45.42;2;5;1;1;3669;;4;8;13;2;1;3;13;3;9;18;15;2;
*01ET+K2B;;;;;;;17.45.42;2;5;1;1;3669;;4;8;13;2;1;3;13;3;9;18;15;2;
*08AT#W2~25~H1;s;r;;;;;17.45.48;2;5;1;1;3675;;4;8;13;2;1;3;13;3;9;18;15;2;
a17DT=~~~25;s;;;;;;17.45.48;2;5;1;1;3675;;4;8;13;2;1;3;13;3;9;18;15;2;
*p25:23;;;;;;;17.45.52;2;5;1;1;3679;;4;8;13;2;1;3;13;3;9;18;15;2;
**2set;;;;;;;17.45.52;3;5;1;1;3679;;;;;;;;;;;;;;
*P09>LUp;;;;;;;17.45.52;3;5;1;1;3679;;9;13;2;5;3;4;3;9;18;15;2;13;
*z1>LUp;;;;;;;17.45.52;3;1;1;1;3679;;9;13;2;5;3;4;3;9;18;15;2;13;
aP13>LUp;;;;;;;17.45.52;3;1;1;1;3679;;9;13;2;5;3;4;3;9;18;15;2;13;
az6>LUp;;;;;;;17.45.52;3;1;6;1;3679;;9;13;2;5;3;4;3;9;18;15;2;13;
a03SQ!~~~15;;;;;;;17.49.34;3;1;6;1;3901;;9;13;2;5;3;4;3;9;18;15;2;13;
*03RQ!~~~15~~~~34;;;;;;;17.49.34;3;1;6;1;3901;;9;13;2;5;3;4;3;9;18;15;2;13;
*09ET+KFF;;;;;;;17.49.34;3;1;6;1;3901;;9;13;2;5;3;4;3;9;18;15;2;13;
*05AT-W4~47~H2;;r;;;;;17.49.40;3;1;6;1;3907;;9;13;2;5;3;4;3;9;18;15;2;13;
a17DT+~~~47;;;;;;;17.49.40;3;1;6;1;3907;;9;13;2;5;3;4;3;9;18;15;2;13;
a13EH+;;;;;;;17.49.40;3;1;6;1;3907;;9;13;2;5;3;4;3;9;18;15;2;13;
a15AH#G4~42~H2S;p;p;;;;;17.49.44;3;1;6;1;3911;;9;13;2;5;3;4;3;9;18;15;2;13;
*13BH=~~~~2~~2S;p;;;;;;17.49.44;3;1;6;1;3911;;9;13;2;5;3;4;3;9;18;15;2;13;
ap00:01;;;;;;;17.49.47;3;1;6;1;3914;;9;13;2;5;3;4;3;9;18;15;2;13;
a03SQ!~~~15~~~N;;;;;;;17.50.01;3;1;6;1;3928;;9;13;2;5;3;4;3;9;18;15;2;13;
*03RQ!~~~15~~~~33;;;;;;;17.50.01;3;1;6;1;3928;;9;13;2;5;3;4;3;9;18;15;2;13;
*09ET+K2B;;;;;;;17.50.01;3;1;6;1;3928;;9;13;2;5;3;4;3;9;18;15;2;13;
*13AT#W2~24~T2F;s;r;;;;;17.50.06;3;1;6;1;3933;;9;13;2;5;3;4;3;9;18;15;2;13;
a15BT=~~~~4~~2F;s;;;;;;17.50.06;3;1;6;1;3933;;9;13;2;5;3;4;3;9;18;15;2;13;
*p01:01;;;;;;;17.50.09;3;1;6;1;3936;;9;13;2;5;3;4;3;9;18;15;2;13;
*z6;;;;;;;17.50.09;3;6;6;1;3936;;13;2;5;3;4;9;3;9;18;15;2;13;
*13ST-~~~58;;;;;;;17.50.22;3;6;6;1;3949;;13;2;5;3;4;9;3;9;18;15;2;13;
a17RT#~~~58~~~~33;;;;;;;17.50.22;3;6;6;1;3949;;13;2;5;3;4;9;3;9;18;15;2;13;
a13ET+K1F;;;;;;;17.50.22;3;6;6;1;3949;;13;2;5;3;4;9;3;9;18;15;2;13;
a15AT#W4~45~H2;s;r;;;;;17.50.27;3;6;6;1;3954;;13;2;5;3;4;9;3;9;18;15;2;13;
*13DT=~~~45;s;;;;;;17.50.27;3;6;6;1;3954;;13;2;5;3;4;9;3;9;18;15;2;13;
ap01:02;;;;;;;17.50.33;3;6;6;1;3960;;13;2;5;3;4;9;3;9;18;15;2;13;
az5;;;;;;;17.50.33;3;6;5;1;3960;;13;2;5;3;4;9;9;18;15;2;13;3;
a09SM=~~~56~~~O;s;;;;;;17.50.49;3;6;5;1;3976;;13;2;5;3;4;9;9;18;15;2;13;3;
*$$&H#;s;;;;;;17.50.49;3;6;5;1;3976;;13;2;5;3;4;9;9;18;15;2;13;3;
*p02:02;;;;;;;17.50.53;3;6;5;1;3980;;13;2;5;3;4;9;9;18;15;2;13;3;
*z5;;;;;;;17.50.53;3;5;5;1;3980;;2;5;3;4;9;13;9;18;15;2;13;3;
*02SM!~~~55;;;;;;;17.51.10;3;5;5;1;3997;;2;5;3;4;9;13;9;18;15;2;13;3;
a15RM!~~~55~O;;;;;;;17.51.10;3;5;5;1;3997;;2;5;3;4;9;13;9;18;15;2;13;3;
a13EH+K2B;;;;;;;17.51.10;3;5;5;1;3997;;2;5;3;4;9;13;9;18;15;2;13;3;
a18AH#G2~25AH2;s;r;;;;;17.51.16;3;5;5;1;4003;;2;5;3;4;9;13;9;18;15;2;13;3;
*$$&H=;s;;;;;;17.51.16;3;5;5;1;4003;;2;5;3;4;9;13;9;18;15;2;13;3;
ap02:03;;;;;;;17.51.19;3;5;5;1;4006;;2;5;3;4;9;13;9;18;15;2;13;3;
az4;;;;;;;17.51.19;3;5;4;1;4006;;2;5;3;4;9;13;18;15;2;13;3;9;
a18SQ=~~~66~~~O;s;;;;;;17.51.32;3;5;4;1;4019;;2;5;3;4;9;13;18;15;2;13;3;9;
*$$&H#;s;;;;;;17.51.32;3;5;4;1;4019;;2;5;3;4;9;13;18;15;2;13;3;9;
*p03:03;;;;;;;17.51.35;3;5;4;1;4022;;2;5;3;4;9;13;18;15;2;13;3;9;
*z4;;;;;;;17.51.35;3;4;4;1;4022;;5;3;4;9;13;2;18;15;2;13;3;9;
*05SQ=~~~66~~~N;s;;;;;;17.51.53;3;4;4;1;4040;;5;3;4;9;13;2;18;15;2;13;3;9;
a$$&H#;s;;;;;;17.51.53;3;4;4;1;4040;;5;3;4;9;13;2;18;15;2;13;3;9;
ap03:04;;;;;;;17.51.57;3;4;4;1;4044;;5;3;4;9;13;2;18;15;2;13;3;9;
az3;;;;;;;17.51.57;3;4;3;1;4044;;5;3;4;9;13;2;15;2;13;3;9;18;
a15SM+~~~56~~~~};;;;;;;17.52.08;3;4;3;1;4055;;5;3;4;9;13;2;15;2;13;3;9;18;
*13RM-~~~56~O;;;;;;;17.52.08;3;4;3;1;4055;;5;3;4;9;13;2;15;2;13;3;9;18;
*09EH+~~B;;;;;;;17.52.08;3;4;3;1;4055;;5;3;4;9;13;2;15;2;13;3;9;18;
*05AH-G9~92~H2;;r;;;;;17.52.12;3;4;3;1;4059;;5;3;4;9;13;2;15;2;13;3;9;18;
a02BH+~~~~4~~2;;;;;;;17.52.12;3;4;3;1;4059;;5;3;4;9;13;2;15;2;13;3;9;18;
*04DH/;;;;;;;17.52.17;3;4;3;1;4064;;5;3;4;9;13;2;15;2;13;3;9;18;
a02FH+;;;;;;;17.52.17;3;4;3;1;4064;;5;3;4;9;13;2;15;2;13;3;9;18;
a13EH+;;;;;;;17.52.17;3;4;3;1;4064;;5;3;4;9;13;2;15;2;13;3;9;18;
a03AH#G4~47~H2;p;p;;;;;17.52.19;3;4;3;1;4066;;5;3;4;9;13;2;15;2;13;3;9;18;
*$$&H=;p;;;;;;17.52.19;3;4;3;1;4066;;5;3;4;9;13;2;15;2;13;3;9;18;
ap03:05;;;;;;;17.52.21;3;4;3;1;4068;;5;3;4;9;13;2;15;2;13;3;9;18;
a15SM-~~~57;;;;;;;17.52.33;3;4;3;1;4080;;5;3;4;9;13;2;15;2;13;3;9;18;
*13RM#~~~57~O;;;;;;;17.52.33;3;4;3;1;4080;;5;3;4;9;13;2;15;2;13;3;9;18;
*09ET+K2F;;;;;;;17.52.33;3;4;3;1;4080;;5;3;4;9;13;2;15;2;13;3;9;18;
*03AT-W4~45~H1;;r;;;;;17.52.36;3;4;3;1;4083;;5;3;4;9;13;2;15;2;13;3;9;18;
a17DT+~~~45;;;;;;;17.52.36;3;4;3;1;4083;;5;3;4;9;13;2;15;2;13;3;9;18;
a13AO=JJ~35~T1O;s;p;;;;;17.52.47;3;4;3;1;4094;;5;3;4;9;13;2;15;2;13;3;9;18;
*$$&H#;s;;;;;;17.52.47;3;4;3;1;4094;;5;3;4;9;13;2;15;2;13;3;9;18;
*p04:05;;;;;;;17.52.52;3;4;3;1;4099;;5;3;4;9;13;2;15;2;13;3;9;18;
*z3;;;;;;;17.52.52;3;3;3;1;4099;;3;4;9;13;2;5;15;2;13;3;9;18;
*03SQ/~~~16;;;;;;;17.52.57;3;3;3;1;4104;;3;4;9;13;2;5;15;2;13;3;9;18;
a17RQ/~~~16~M;;;;;;;17.52.57;3;3;3;1;4104;;3;4;9;13;2;5;15;2;13;3;9;18;
*13AO#V4~4~~H;p;p;;;;;17.53.04;3;3;3;1;4111;;3;4;9;13;2;5;15;2;13;3;9;18;
a$$&H=;p;;;;;;17.53.04;3;3;3;1;4111;;3;4;9;13;2;5;15;2;13;3;9;18;
*p05:05;;;;;;;17.53.05;3;3;3;1;4112;;3;4;9;13;2;5;15;2;13;3;9;18;
*03SQ=~~~16D~~O;s;;;;;;17.53.15;3;3;3;1;4122;;3;4;9;13;2;5;15;2;13;3;9;18;
a$$&H#;s;;;;;;17.53.15;3;3;3;1;4122;;3;4;9;13;2;5;15;2;13;3;9;18;
ap05:06;;;;;;;17.53.19;3;3;3;1;4126;;3;4;9;13;2;5;15;2;13;3;9;18;
az2;;;;;;;17.53.19;3;3;2;1;4126;;3;4;9;13;2;5;2;13;3;9;18;15;
a02SM+~~~51;;;;;;;17.53.34;3;3;2;1;4141;;3;4;9;13;2;5;2;13;3;9;18;15;
*03RM-~~~51;;;;;;;17.53.34;3;3;2;1;4141;;3;4;9;13;2;5;2;13;3;9;18;15;
*09AO#JJ~34~T1;s;r;;;;;17.53.41;3;3;2;1;4148;;3;4;9;13;2;5;2;13;3;9;18;15;
a$$&H=;s;;;;;;17.53.41;3;3;2;1;4148;;3;4;9;13;2;5;2;13;3;9;18;15;
*p06:06;;;;;;;17.53.43;3;3;2;1;4150;;3;4;9;13;2;5;2;13;3;9;18;15;
*z2;;;;;;;17.53.43;3;2;2;1;4150;;4;9;13;2;5;3;2;13;3;9;18;15;
*04SM-~~~15;;;;;;;17.53.55;3;2;2;1;4162;;4;9;13;2;5;3;2;13;3;9;18;15;
a15RM+~~~15~~~~33;;;;;;;17.53.55;3;2;2;1;4162;;4;9;13;2;5;3;2;13;3;9;18;15;
a13ET+K1F;;;;;;;17.53.55;3;2;2;1;4162;;4;9;13;2;5;3;2;13;3;9;18;15;
a03AT+W4~42~H2;;r;;;;;17.54.00;3;2;2;1;4167;;4;9;13;2;5;3;2;13;3;9;18;15;
*09BH-;;;;;;;17.54.00;3;2;2;1;4167;;4;9;13;2;5;3;2;13;3;9;18;15;
*05DT-~~~42;;;;;;;17.54.00;3;2;2;1;4167;;4;9;13;2;5;3;2;13;3;9;18;15;
a17FH+;;;;;;;17.54.06;3;2;2;1;4173;;4;9;13;2;5;3;2;13;3;9;18;15;
a13ET+;;;;;;;17.54.06;3;2;2;1;4173;;4;9;13;2;5;3;2;13;3;9;18;15;
a03AT#W4~42~T2;s;s;;;;;17.54.09;3;2;2;1;4176;;4;9;13;2;5;3;2;13;3;9;18;15;
*$$&H=;s;;;;;;17.54.09;3;2;2;1;4176;;4;9;13;2;5;3;2;13;3;9;18;15;
ap06:07;;;;;;;17.54.16;3;2;2;1;4183;;4;9;13;2;5;3;2;13;3;9;18;15;
az1;;;;;;;17.54.16;3;2;1;1;4183;;4;9;13;2;5;3;13;3;9;18;15;2;
a13SQ=~~~13~~~N;s;;;;;;17.54.46;3;2;1;1;4213;;4;9;13;2;5;3;13;3;9;18;15;2;
*$$&H#;s;;;;;;17.54.46;3;2;1;1;4213;;4;9;13;2;5;3;13;3;9;18;15;2;
*p07:07;;;;;;;17.54.50;3;2;1;1;4217;;4;9;13;2;5;3;13;3;9;18;15;2;
*z1;;;;;;;17.54.50;3;1;1;1;4217;;9;13;2;5;3;4;13;3;9;18;15;2;
*09SM-~~~16;;;;;;;17.55.05;3;1;1;1;4232;;9;13;2;5;3;4;13;3;9;18;15;2;
a17RM#~~~16~~~~33;;;;;;;17.55.05;3;1;1;1;4232;;9;13;2;5;3;4;13;3;9;18;15;2;
a13EQ#K1C;;;;;;;17.55.05;3;1;1;1;4232;;9;13;2;5;3;4;13;3;9;18;15;2;
a09AQ#J4~33~H1F;s;r;;;;;17.55.10;3;1;1;1;4237;;9;13;2;5;3;4;13;3;9;18;15;2;
*02BQ=~~~~3~~1F;s;;;;;;17.55.10;3;1;1;1;4237;;9;13;2;5;3;4;13;3;9;18;15;2;
ap07:08;;;;;;;17.55.14;3;1;1;1;4241;;9;13;2;5;3;4;13;3;9;18;15;2;
az6;;;;;;;17.55.14;3;1;6;1;4241;;9;13;2;5;3;4;3;9;18;15;2;13;
a03SQ/~~~11;;;;;;;17.55.30;3;1;6;1;4257;;9;13;2;5;3;4;3;9;18;15;2;13;
*13RQ/~~~11~W;;;;;;;17.55.30;3;1;6;1;4257;;9;13;2;5;3;4;3;9;18;15;2;13;
a15AO#V3~3~~H;p;p;;;;;17.55.35;3;1;6;1;4262;;9;13;2;5;3;4;3;9;18;15;2;13;
*$$&H=;p;;;;;;17.55.35;3;1;6;1;4262;;9;13;2;5;3;4;3;9;18;15;2;13;
ap07:09;;;;;;;17.55.40;3;1;6;1;4267;;9;13;2;5;3;4;3;9;18;15;2;13;
a03SQ-~~~16;;;;;;;17.55.51;3;1;6;1;4278;;9;13;2;5;3;4;3;9;18;15;2;13;
*10RQ#~~~16~~~~33;;;;;;;17.55.51;3;1;6;1;4278;;9;13;2;5;3;4;3;9;18;15;2;13;
*09EQ#K2C;;;;;;;17.55.51;3;1;6;1;4278;;9;13;2;5;3;4;3;9;18;15;2;13;
*02AQ#J2~31BH1;s;r;;;;;17.55.55;3;1;6;1;4282;;9;13;2;5;3;4;3;9;18;15;2;13;
a$$&H=;s;;;;;;17.55.55;3;1;6;1;4282;;9;13;2;5;3;4;3;9;18;15;2;13;
*p08:09;;;;;;;17.55.58;3;1;6;1;4285;;9;13;2;5;3;4;3;9;18;15;2;13;
*z6;;;;;;;17.55.58;3;6;6;1;4285;;13;2;5;3;4;9;3;9;18;15;2;13;
*13SQ+~~~61~~~N;;;;;;;17.56.09;3;6;6;1;4296;;13;2;5;3;4;9;3;9;18;15;2;13;
a03RQ-~~~61;;;;;;;17.56.09;3;6;6;1;4296;;13;2;5;3;4;9;3;9;18;15;2;13;
a17EH+~~B~2;;;;;;;17.56.09;3;6;6;1;4296;;13;2;5;3;4;9;3;9;18;15;2;13;
a18AH+G2~24~H2;;r;;;;;17.56.16;3;6;6;1;4303;;13;2;5;3;4;9;3;9;18;15;2;13;
*02BH-~~~~4~~2;;;;;;;17.56.16;3;6;6;1;4303;;13;2;5;3;4;9;3;9;18;15;2;13;
a15DH+;;;;;;;17.56.16;3;6;6;1;4303;;13;2;5;3;4;9;3;9;18;15;2;13;
a17EH+~~~~4;;;;;;;17.56.14;3;6;6;1;4301;;13;2;5;3;4;9;3;9;18;15;2;13;
a15AH/G4~42~H2;p;s;;;;;17.56.19;3;6;6;1;4306;;13;2;5;3;4;9;3;9;18;15;2;13;
*05BH#~~~~2~~2;p;;;;;;17.56.19;3;6;6;1;4306;;13;2;5;3;4;9;3;9;18;15;2;13;
*p09:09;;;;;;;17.56.24;3;6;6;1;4311;;13;2;5;3;4;9;3;9;18;15;2;13;
*13SQ-~~~65;;;;;;;17.56.36;3;6;6;1;4323;;13;2;5;3;4;9;3;9;18;15;2;13;
a15RQ+~~~65~~~~33;;;;;;;17.56.36;3;6;6;1;4323;;13;2;5;3;4;9;3;9;18;15;2;13;
a13ET+K1B;;;;;;;17.56.36;3;6;6;1;4323;;13;2;5;3;4;9;3;9;18;15;2;13;
a18AT#W2~25DH2;s;r;;;;;17.56.42;3;6;6;1;4329;;13;2;5;3;4;9;3;9;18;15;2;13;
*$$&H=;s;;;;;;17.56.42;3;6;6;1;4329;;13;2;5;3;4;9;3;9;18;15;2;13;
ap09:10;;;;;;;17.56.45;3;6;6;1;4332;;13;2;5;3;4;9;3;9;18;15;2;13;
az5;;;;;;;17.56.45;3;6;5;1;4332;;13;2;5;3;4;9;9;18;15;2;13;3;
a09SM/~~~51;;;;;;;17.56.59;3;6;5;1;4346;;13;2;5;3;4;9;9;18;15;2;13;3;
*13RM/~~~51~M;;;;;;;17.56.59;3;6;5;1;4346;;13;2;5;3;4;9;9;18;15;2;13;3;
a02AO-V3~36~H0;;p;;;;;17.57.08;3;6;5;1;4355;;13;2;5;3;4;9;9;18;15;2;13;3;
*13DO+~~~36;;;;;;;17.57.08;3;6;5;1;4355;;13;2;5;3;4;9;9;18;15;2;13;3;
*09ET#;;;;;;;17.57.08;3;6;5;1;4355;;13;2;5;3;4;9;9;18;15;2;13;3;
*03AT#W4~47~H1;s;s;;;;;17.57.10;3;6;5;1;4357;;13;2;5;3;4;9;9;18;15;2;13;3;
a$$&H=;s;;;;;;17.57.10;3;6;5;1;4357;;13;2;5;3;4;9;9;18;15;2;13;3;
*p10:10;;;;;;;17.57.12;3;6;5;1;4359;;13;2;5;3;4;9;9;18;15;2;13;3;
*z5;;;;;;;17.57.12;3;5;5;1;4359;;2;5;3;4;9;13;9;18;15;2;13;3;
*02SM!~~~57;;;;;;;17.57.25;3;5;5;1;4372;;2;5;3;4;9;13;9;18;15;2;13;3;
a15RM!~~~57~~~~21;;;;;;;17.57.25;3;5;5;1;4372;;2;5;3;4;9;13;9;18;15;2;13;3;
a13ET+KBF~~~~~~K2;;;;;;;17.57.25;3;5;5;1;4372;;2;5;3;4;9;13;9;18;15;2;13;3;
a15AT/W4~42~H2;p;r;;;;;17.57.30;3;5;5;1;4377;;2;5;3;4;9;13;9;18;15;2;13;3;
*05BT#~~~~2~~2;p;;;;;;17.57.30;3;5;5;1;4377;;2;5;3;4;9;13;9;18;15;2;13;3;
*p11:10;;;;;;;17.57.39;3;5;5;1;4386;;2;5;3;4;9;13;9;18;15;2;13;3;
ac15:10;;;;;;;17.57.39;3;5;5;1;4386;;2;5;3;4;9;13;9;18;10;2;13;3;
*02SM-~~~57;;;;;;;17.57.55;3;5;5;1;4402;;2;5;3;4;9;13;9;18;10;2;13;3;
a10RM+~~~57~~~~33;;;;;;;17.57.55;3;5;5;1;4402;;2;5;3;4;9;13;9;18;10;2;13;3;
a13ET+K2B;;;;;;;17.57.55;3;5;5;1;4402;;2;5;3;4;9;13;9;18;10;2;13;3;
a18AT#W2~29~H2;s;r;;;;;17.58.00;3;5;5;1;4407;;2;5;3;4;9;13;9;18;10;2;13;3;
*$$&H=;s;;;;;;17.58.00;3;5;5;1;4407;;2;5;3;4;9;13;9;18;10;2;13;3;
ap11:11;;;;;;;17.58.04;3;5;5;1;4411;;2;5;3;4;9;13;9;18;10;2;13;3;
az4;;;;;;;17.58.04;3;5;4;1;4411;;2;5;3;4;9;13;18;10;2;13;3;9;
a18SQ#~~~16;p;;;;;;17.58.17;3;5;4;1;4424;;2;5;3;4;9;13;18;10;2;13;3;9;
*13RQ=~~~16~W;p;;;;;;17.58.17;3;5;4;1;4424;;2;5;3;4;9;13;18;10;2;13;3;9;
ap11:12;;;;;;;17.58.23;3;5;4;1;4430;;2;5;3;4;9;13;18;10;2;13;3;9;
a18SQ=~~~16~~~N;s;;;;;;17.58.34;3;5;4;1;4441;;2;5;3;4;9;13;18;10;2;13;3;9;
*$$&H#;s;;;;;;17.58.34;3;5;4;1;4441;;2;5;3;4;9;13;18;10;2;13;3;9;
*p12:12;;;;;;;17.58.38;3;5;4;1;4445;;2;5;3;4;9;13;18;10;2;13;3;9;
*z4;;;;;;;17.58.38;3;4;4;1;4445;;5;3;4;9;13;2;18;10;2;13;3;9;
*05SQ!~~~66;;;;;;;17.58.58;3;4;4;1;4465;;5;3;4;9;13;2;18;10;2;13;3;9;
a03RQ!~~~66;;;;;;;17.58.58;3;4;4;1;4465;;5;3;4;9;13;2;18;10;2;13;3;9;
a13ET+K2B;;;;;;;17.58.58;3;4;4;1;4465;;5;3;4;9;13;2;18;10;2;13;3;9;
a18AT-Y9~95~H2;;r;;;;;17.59.04;3;4;4;1;4471;;5;3;4;9;13;2;18;10;2;13;3;9;
*10DT+~~~95;;;;;;;17.59.04;3;4;4;1;4471;;5;3;4;9;13;2;18;10;2;13;3;9;
*09EH+~~F;;;;;;;17.59.04;3;4;4;1;4471;;5;3;4;9;13;2;18;10;2;13;3;9;
*03AH-G4~42~H2;;p;;;;;17.59.06;3;4;4;1;4473;;5;3;4;9;13;2;18;10;2;13;3;9;
a13BH+~~~~2~~2;;;;;;;17.59.06;3;4;4;1;4473;;5;3;4;9;13;2;18;10;2;13;3;9;
a18DH+;;;;;;;17.59.09;3;4;4;1;4476;;5;3;4;9;13;2;18;10;2;13;3;9;
a13ET+;;;;;;;17.59.09;3;4;4;1;4476;;5;3;4;9;13;2;18;10;2;13;3;9;
a10AT#W4~42~H2S;s;s;;;;;17.59.12;3;4;4;1;4479;;5;3;4;9;13;2;18;10;2;13;3;9;
*04BT=~~~~2~~2S;s;;;;;;17.59.12;3;4;4;1;4479;;5;3;4;9;13;2;18;10;2;13;3;9;
ap12:13;;;;;;;17.59.18;3;4;4;1;4485;;5;3;4;9;13;2;18;10;2;13;3;9;
az3;;;;;;;17.59.18;3;4;3;1;4485;;5;3;4;9;13;2;10;2;13;3;9;18;
a10SM-~~~15;;;;;;;17.59.31;3;4;3;1;4498;;5;3;4;9;13;2;10;2;13;3;9;18;
*03RM+~~~15~~~~34;;;;;;;17.59.31;3;4;3;1;4498;;5;3;4;9;13;2;10;2;13;3;9;18;
*09ET+KFF~~~~~~K1;;;;;;;17.59.39;3;4;3;1;4506;;5;3;4;9;13;2;10;2;13;3;9;18;
*03AT-W4~42~H;;r;;;;;17.59.36;3;4;3;1;4503;;5;3;4;9;13;2;10;2;13;3;9;18;
a03DT+~~~42;;;;;;;17.59.38;3;4;3;1;4505;;5;3;4;9;13;2;10;2;13;3;9;18;
a18EH+~~~~4;;;;;;;17.59.38;3;4;3;1;4505;;5;3;4;9;13;2;10;2;13;3;9;18;
a03AH-G4~46~H;;p;;;;;17.59.41;3;4;3;1;4508;;5;3;4;9;13;2;10;2;13;3;9;18;
*13DH+~~~46;;;;;;;17.59.41;3;4;3;1;4508;;5;3;4;9;13;2;10;2;13;3;9;18;
*09ET+;;;;;;;17.59.41;3;4;3;1;4508;;5;3;4;9;13;2;10;2;13;3;9;18;
*03AT#W4~42~H2F;s;s;;;;;17.59.43;3;4;3;1;4510;;5;3;4;9;13;2;10;2;13;3;9;18;
a13BT=~~~~2~~2F;s;;;;;;17.59.43;3;4;3;1;4510;;5;3;4;9;13;2;10;2;13;3;9;18;
*p13:13;;;;;;;17.59.48;3;4;3;1;4515;;5;3;4;9;13;2;10;2;13;3;9;18;
*z3;;;;;;;17.59.48;3;3;3;1;4515;;3;4;9;13;2;5;10;2;13;3;9;18;
*03SQ!~~~15;;;;;;;18.00.02;3;3;3;1;4529;;3;4;9;13;2;5;10;2;13;3;9;18;
a03RQ!~~~15~~~~22;;;;;;;18.00.02;3;3;3;1;4529;;3;4;9;13;2;5;10;2;13;3;9;18;
a13EQ+KBC~~~~~~K2;;;;;;;18.00.02;3;3;3;1;4529;;3;4;9;13;2;5;10;2;13;3;9;18;
a02AQ-J2~34~T2;;r;;;;;18.00.07;3;3;3;1;4534;;3;4;9;13;2;5;10;2;13;3;9;18;
*10DQ+~~~34;;;;;;;18.00.07;3;3;3;1;4534;;3;4;9;13;2;5;10;2;13;3;9;18;
*09EH+;;;;;;;18.00.07;3;3;3;1;4534;;3;4;9;13;2;5;10;2;13;3;9;18;
*05AH#G9~97~T2;p;p;;;;;18.00.10;3;3;3;1;4537;;3;4;9;13;2;5;10;2;13;3;9;18;
a$$&H=;p;;;;;;18.00.10;3;3;3;1;4537;;3;4;9;13;2;5;10;2;13;3;9;18;
*p14:13;;;;;;;18.00.16;3;3;3;1;4543;;3;4;9;13;2;5;10;2;13;3;9;18;
*03SQ-~~~15;;;;;;;18.00.31;3;3;3;1;4558;;3;4;9;13;2;5;10;2;13;3;9;18;
a03RQ+~~~15~~~~33;;;;;;;18.00.31;3;3;3;1;4558;;3;4;9;13;2;5;10;2;13;3;9;18;
a13EQ+K1C;;;;;;;18.00.31;3;3;3;1;4558;;3;4;9;13;2;5;10;2;13;3;9;18;
a02AQ#J4~34~T2;s;r;;;;;18.00.37;3;3;3;1;4564;;3;4;9;13;2;5;10;2;13;3;9;18;
*$$&H=;s;;;;;;18.00.37;3;3;3;1;4564;;3;4;9;13;2;5;10;2;13;3;9;18;
ap14:14;;;;;;;18.00.42;3;3;3;1;4569;;3;4;9;13;2;5;10;2;13;3;9;18;
az2;;;;;;;18.00.42;3;3;2;1;4569;;3;4;9;13;2;5;2;13;3;9;18;10;
a02SM/~~~57;;;;;;;18.01.07;3;3;2;1;4594;;3;4;9;13;2;5;2;13;3;9;18;10;
*13RM/~~~57~W;;;;;;;18.01.07;3;3;2;1;4594;;3;4;9;13;2;5;2;13;3;9;18;10;
a09FH+;;;;;;;18.01.07;3;3;2;1;4594;;3;4;9;13;2;5;2;13;3;9;18;10;
a13ET+~~F;;;;;;;18.01.07;3;3;2;1;4594;;3;4;9;13;2;5;2;13;3;9;18;10;
a03AT#W4~47~H2;p;p;;;;;18.01.17;3;3;2;1;4604;;3;4;9;13;2;5;2;13;3;9;18;10;
*10DT=~~~47;p;;;;;;18.01.17;3;3;2;1;4604;;3;4;9;13;2;5;2;13;3;9;18;10;
ap14:15;;;;;;;18.01.18;3;3;2;1;4605;;3;4;9;13;2;5;2;13;3;9;18;10;
a02SM!~~~57;;;;;;;18.01.35;3;3;2;1;4622;;3;4;9;13;2;5;2;13;3;9;18;10;
*13RM!~~~57~~~~33;;;;;;;18.01.35;3;3;2;1;4622;;3;4;9;13;2;5;2;13;3;9;18;10;
*09ET#K1P;;;;;;;18.01.35;3;3;2;1;4622;;3;4;9;13;2;5;2;13;3;9;18;10;
*03AT#Y8~85DH1;s;r;;;;;18.01.40;3;3;2;1;4627;;3;4;9;13;2;5;2;13;3;9;18;10;
a$$&H=;s;;;;;;18.01.40;3;3;2;1;4627;;3;4;9;13;2;5;2;13;3;9;18;10;
*p15:15;;;;;;;18.01.42;3;3;2;1;4629;;3;4;9;13;2;5;2;13;3;9;18;10;
*z2;;;;;;;18.01.42;3;2;2;1;4629;;4;9;13;2;5;3;2;13;3;9;18;10;
*04SM-~~~16;;;;;;;18.01.57;3;2;2;1;4644;;4;9;13;2;5;3;2;13;3;9;18;10;
a10RM+~~~16~~~~33;;;;;;;18.01.57;3;2;2;1;4644;;4;9;13;2;5;3;2;13;3;9;18;10;
a13EQ+K3C;;;;;;;18.01.57;3;2;2;1;4644;;4;9;13;2;5;3;2;13;3;9;18;10;
a09AQ#J3~31~H2;s;r;;;;;18.02.03;3;2;2;1;4650;;4;9;13;2;5;3;2;13;3;9;18;10;
*$$&H=;s;;;;;;18.02.03;3;2;2;1;4650;;4;9;13;2;5;3;2;13;3;9;18;10;
ap15:16;;;;;;;18.02.05;3;2;2;1;4652;;4;9;13;2;5;3;2;13;3;9;18;10;
az1;;;;;;;18.02.05;3;2;1;1;4652;;4;9;13;2;5;3;13;3;9;18;10;2;
a13SM+~~~15;;;;;;;18.02.24;3;2;1;1;4671;;4;9;13;2;5;3;13;3;9;18;10;2;
*13RM-~~~15;;;;;;;18.02.24;3;2;1;1;4671;;4;9;13;2;5;3;13;3;9;18;10;2;
*09EH+;;;;;;;18.02.24;3;2;1;1;4671;;4;9;13;2;5;3;13;3;9;18;10;2;
*13AH=G4~45~H2S;p;r;;;;;18.02.28;3;2;1;1;4675;;4;9;13;2;5;3;13;3;9;18;10;2;
a$$&H#;p;;;;;;18.02.28;3;2;1;1;4675;;4;9;13;2;5;3;13;3;9;18;10;2;
ap15:17;;;;;;;18.02.32;3;2;1;1;4679;;4;9;13;2;5;3;13;3;9;18;10;2;
*T;;;;;;;18.02.32;3;2;1;1;4679;;4;9;13;2;5;3;13;3;9;18;10;2;
a13SM+~~~15;;;;;;;18.03.47;3;2;1;1;4754;;4;9;13;2;5;3;13;3;9;18;10;2;
*13RM-~~~15;;;;;;;18.03.47;3;2;1;1;4754;;4;9;13;2;5;3;13;3;9;18;10;2;
*02EH+~~F;;;;;;;18.03.47;3;2;1;1;4754;;4;9;13;2;5;3;13;3;9;18;10;2;
*13AH-G4~46~H0;;r;;;;;18.03.54;3;2;1;1;4761;;4;9;13;2;5;3;13;3;9;18;10;2;
a10DH+~~~46;;;;;;;18.03.54;3;2;1;1;4761;;4;9;13;2;5;3;13;3;9;18;10;2;
a13EQ#;;;;;;;18.03.54;3;2;1;1;4761;;4;9;13;2;5;3;13;3;9;18;10;2;
a09AQ#J4~35~H1;p;p;;;;;18.03.57;3;2;1;1;4764;;4;9;13;2;5;3;13;3;9;18;10;2;
*$$&H=;p;;;;;;18.03.57;3;2;1;1;4764;;4;9;13;2;5;3;13;3;9;18;10;2;
ap15:18;;;;;;;18.04.02;3;2;1;1;4769;;4;9;13;2;5;3;13;3;9;18;10;2;
a13SQ+~~~15;;;;;;;18.04.19;3;2;1;1;4786;;4;9;13;2;5;3;13;3;9;18;10;2;
*13RQ-~~~15;;;;;;;18.04.19;3;2;1;1;4786;;4;9;13;2;5;3;13;3;9;18;10;2;
*09EH+~~B;;;;;;;18.04.28;3;2;1;1;4795;;4;9;13;2;5;3;13;3;9;18;10;2;
*05AH-G9~91~H2;;r;;;;;18.04.24;3;2;1;1;4791;;4;9;13;2;5;3;13;3;9;18;10;2;
a13DH+~~~91;;;;;;;18.04.24;3;2;1;1;4791;;4;9;13;2;5;3;13;3;9;18;10;2;
a17EH=~~~~4~~~Z;s;;;;;;18.04.24;3;2;1;1;4791;;4;9;13;2;5;3;13;3;9;18;10;2;
*$$&H#;s;;;;;;18.04.24;3;2;1;1;4791;;4;9;13;2;5;3;13;3;9;18;10;2;
*p16:18;;;;;;;18.04.31;3;2;1;1;4798;;4;9;13;2;5;3;13;3;9;18;10;2;
*z1;;;;;;;18.04.31;3;1;1;1;4798;;9;13;2;5;3;4;13;3;9;18;10;2;
*09SM-~~~15;;;;;;;18.04.49;3;1;1;1;4816;;9;13;2;5;3;4;13;3;9;18;10;2;
a10RM#~~~15~O;;;;;;;18.04.49;3;1;1;1;4816;;9;13;2;5;3;4;13;3;9;18;10;2;
a13ET+K1F;;;;;;;18.04.49;3;1;1;1;4816;;9;13;2;5;3;4;13;3;9;18;10;2;
a18AT-W4~44~H2;;r;;;;;18.04.54;3;1;1;1;4821;;9;13;2;5;3;4;13;3;9;18;10;2;
*13DT+~~~44;;;;;;;18.04.54;3;1;1;1;4821;;9;13;2;5;3;4;13;3;9;18;10;2;
*09EH+~~F;;;;;;;18.04.54;3;1;1;1;4821;;9;13;2;5;3;4;13;3;9;18;10;2;
*13AH+G4~42~H2;;p;;;;;18.04.56;3;1;1;1;4823;;9;13;2;5;3;4;13;3;9;18;10;2;
a09BH-~~~~2~~2;;;;;;;18.04.56;3;1;1;1;4823;;9;13;2;5;3;4;13;3;9;18;10;2;
*03DH+;;;;;;;18.04.56;3;1;1;1;4823;;9;13;2;5;3;4;13;3;9;18;10;2;
*09EH+~~B;;;;;;;18.04.56;3;1;1;1;4823;;9;13;2;5;3;4;13;3;9;18;10;2;
*05AH+G2~24~T2;;p;;;;;18.05.04;3;1;1;1;4831;;9;13;2;5;3;4;13;3;9;18;10;2;
a03DH-~~~24;;;;;;;18.05.04;3;1;1;1;4831;;9;13;2;5;3;4;13;3;9;18;10;2;
*03FH+;;;;;;;18.05.04;3;1;1;1;4831;;9;13;2;5;3;4;13;3;9;18;10;2;
*09ET+~~B;;;;;;;18.05.04;3;1;1;1;4831;;9;13;2;5;3;4;13;3;9;18;10;2;
*05AT#W2~22~H1;p;p;;;;;18.05.07;3;1;1;1;4834;;9;13;2;5;3;4;13;3;9;18;10;2;
a09DT=~~~22;p;;;;;;18.05.07;3;1;1;1;4834;;9;13;2;5;3;4;13;3;9;18;10;2;
*p17:18;;;;;;;18.05.11;3;1;1;1;4838;;9;13;2;5;3;4;13;3;9;18;10;2;
*09SM-~~~16;;;;;;;18.06.33;3;1;1;1;4920;;9;13;2;5;3;4;13;3;9;18;10;2;
a10RM#~~~16~O;;;;;;;18.06.33;3;1;1;1;4920;;9;13;2;5;3;4;13;3;9;18;10;2;
a13EQ#K1C;;;;;;;18.06.33;3;1;1;1;4920;;9;13;2;5;3;4;13;3;9;18;10;2;
a09AQ#J4~39~H1;s;r;;;;;18.06.38;3;1;1;1;4925;;9;13;2;5;3;4;13;3;9;18;10;2;
*$$&H=;s;;;;;;18.06.38;3;1;1;1;4925;;9;13;2;5;3;4;13;3;9;18;10;2;
ap17:19;;;;;;;18.06.40;3;1;1;1;4927;;9;13;2;5;3;4;13;3;9;18;10;2;
az6;;;;;;;18.06.40;3;1;6;1;4927;;9;13;2;5;3;4;3;9;18;10;2;13;
a03SQ-~~~11;;;;;;;18.06.55;3;1;6;1;4942;;9;13;2;5;3;4;3;9;18;10;2;13;
*13RQ#~~~11~~~~33;;;;;;;18.06.55;3;1;6;1;4942;;9;13;2;5;3;4;3;9;18;10;2;13;
*09EQ#K1C;;;;;;;18.06.55;3;1;6;1;4942;;9;13;2;5;3;4;3;9;18;10;2;13;
*02AQ#J4~39~H1;s;r;;;;;18.07.00;3;1;6;1;4947;;9;13;2;5;3;4;3;9;18;10;2;13;
a$$&H=;s;;;;;;18.07.00;3;1;6;1;4947;;9;13;2;5;3;4;3;9;18;10;2;13;
*p18:19;;;;;;;18.07.02;3;1;6;1;4949;;9;13;2;5;3;4;3;9;18;10;2;13;
*z6;;;;;;;18.07.02;3;6;6;1;4949;;13;2;5;3;4;9;3;9;18;10;2;13;
*13SQ-~~~66;;;;;;;18.07.15;3;6;6;1;4962;;13;2;5;3;4;9;3;9;18;10;2;13;
a17RQ#~~~66~O;;;;;;;18.07.15;3;6;6;1;4962;;13;2;5;3;4;9;3;9;18;10;2;13;
a13EQ+K1C;;;;;;;18.07.15;3;6;6;1;4962;;13;2;5;3;4;9;3;9;18;10;2;13;
a09AQ#J4~36~H2F;s;r;;;;;18.07.21;3;6;6;1;4968;;13;2;5;3;4;9;3;9;18;10;2;13;
*02BQ=~~~~3~~2F;s;;;;;;18.07.21;3;6;6;1;4968;;13;2;5;3;4;9;3;9;18;10;2;13;
ap18:20;;;;;;;18.07.24;3;6;6;1;4971;;13;2;5;3;4;9;3;9;18;10;2;13;
az5;;;;;;;18.07.24;3;6;5;1;4971;;13;2;5;3;4;9;9;18;10;2;13;3;
a09SM-~~~51;;;;;;;18.07.38;3;6;5;1;4985;;13;2;5;3;4;9;9;18;10;2;13;3;
*13RM#~~~51~~~~33;;;;;;;18.07.38;3;6;5;1;4985;;13;2;5;3;4;9;9;18;10;2;13;3;
*09ET#K1F;;;;;;;18.07.38;3;6;5;1;4985;;13;2;5;3;4;9;9;18;10;2;13;3;
*03AT#W4~47DH1;s;r;;;;;18.07.43;3;6;5;1;4990;;13;2;5;3;4;9;9;18;10;2;13;3;
a$$&H=;s;;;;;;18.07.43;3;6;5;1;4990;;13;2;5;3;4;9;9;18;10;2;13;3;
*p19:20;;;;;;;18.07.46;3;6;5;1;4993;;13;2;5;3;4;9;9;18;10;2;13;3;
*z5;;;;;;;18.07.46;3;5;5;1;4993;;2;5;3;4;9;13;9;18;10;2;13;3;
*02SM-~~~55;;;;;;;18.08.05;3;5;5;1;5012;;2;5;3;4;9;13;9;18;10;2;13;3;
a03RM+~~~55~O;;;;;;;18.08.05;3;5;5;1;5012;;2;5;3;4;9;13;9;18;10;2;13;3;
a13EQ#K1C;;;;;;;18.08.05;3;5;5;1;5012;;2;5;3;4;9;13;9;18;10;2;13;3;
a02AQ#J4~39~H1;s;r;;;;;18.08.09;3;5;5;1;5016;;2;5;3;4;9;13;9;18;10;2;13;3;
*$$&H=;s;;;;;;18.08.09;3;5;5;1;5016;;2;5;3;4;9;13;9;18;10;2;13;3;
ap19:21;;;;;;;18.08.11;3;5;5;1;5018;;2;5;3;4;9;13;9;18;10;2;13;3;
az4;;;;;;;18.08.12;3;5;4;1;5019;;2;5;3;4;9;13;18;10;2;13;3;9;
ac13:06;;;;;;;18.08.12;3;5;4;1;5019;;2;5;3;4;9;13;18;10;2;6;3;9;
ac18:22;;;;;;;18.08.12;3;5;4;1;5019;;2;5;3;4;9;13;22;10;2;6;3;9;
aP22;;;;;;;18.08.12;3;5;4;1;5019;;2;5;3;4;9;13;22;10;2;6;3;9;
az1;;;;;;;18.08.12;3;5;1;1;5019;;2;5;3;4;9;13;22;10;2;6;3;9;
a22SM+~~~18;;;;;;;18.08.44;3;5;1;1;5051;;2;5;3;4;9;13;22;10;2;6;3;9;
*13RM-~~~18~~~~33;;;;;;;18.08.44;3;5;1;1;5051;;2;5;3;4;9;13;22;10;2;6;3;9;
*09EH+~~F;;;;;;;18.08.44;3;5;1;1;5051;;2;5;3;4;9;13;22;10;2;6;3;9;
*03AH-G4~47~H2;;r;;;;;18.08.49;3;5;1;1;5056;;2;5;3;4;9;13;22;10;2;6;3;9;
a17DH+~~~47;;;;;;;18.08.49;3;5;1;1;5056;;2;5;3;4;9;13;22;10;2;6;3;9;
a22EH+;;;;;;;18.08.49;3;5;1;1;5056;;2;5;3;4;9;13;22;10;2;6;3;9;
a10AH=G4~46~H2O;s;p;;;;;18.08.54;3;5;1;1;5061;;2;5;3;4;9;13;22;10;2;6;3;9;
*$$&H#;s;;;;;;18.08.54;3;5;1;1;5061;;2;5;3;4;9;13;22;10;2;6;3;9;
*p20:21;;;;;;;18.08.59;3;5;1;1;5066;;2;5;3;4;9;13;22;10;2;6;3;9;
*z4;;;;;;;18.08.59;3;4;1;1;5066;;5;3;4;9;13;2;22;10;2;6;3;9;
*c09:07;;;;;;;18.08.59;3;4;1;1;5066;;5;3;4;7;13;2;22;10;2;6;3;9;
*P5;;;;;;;18.08.59;3;4;1;1;5066;;5;3;4;7;13;2;22;10;2;6;3;9;
*z1;;;;;;;18.08.59;3;1;1;1;5066;;5;3;4;7;13;2;22;10;2;6;3;9;
*05SQ#~~~61D;p;;;;;;18.10.06;3;1;1;1;5133;;5;3;4;7;13;2;22;10;2;6;3;9;
a17RQ=~~~61DR;p;;;;;;18.10.06;3;1;1;1;5133;;5;3;4;7;13;2;22;10;2;6;3;9;
*p21:21;;;;;;;18.10.17;3;1;1;1;5144;;5;3;4;7;13;2;22;10;2;6;3;9;
*05SQ#~~~61;p;;;;;;18.10.35;3;1;1;1;5162;;5;3;4;7;13;2;22;10;2;6;3;9;
a10RQ=~~~61~M;p;;;;;;18.10.35;3;1;1;1;5162;;5;3;4;7;13;2;22;10;2;6;3;9;
*p22:21;;;;;;;18.10.38;3;1;1;1;5165;;5;3;4;7;13;2;22;10;2;6;3;9;
aT;;;;;;;18.10.38;3;1;1;1;5165;;5;3;4;7;13;2;22;10;2;6;3;9;
*05SQ#~~~66A;p;;;;;;18.11.49;3;1;1;1;5236;;5;3;4;7;13;2;22;10;2;6;3;9;
a17RQ=~~~66AR;p;;;;;;18.11.49;3;1;1;1;5236;;5;3;4;7;13;2;22;10;2;6;3;9;
*p23:21;;;;;;;18.11.56;3;1;1;1;5243;;5;3;4;7;13;2;22;10;2;6;3;9;
aT;;;;;;;18.11.56;3;1;1;1;5243;;5;3;4;7;13;2;22;10;2;6;3;9;
*05SQ#~~~13~~~N;p;;;;;;18.13.11;3;1;1;1;5318;;5;3;4;7;13;2;22;10;2;6;3;9;
a22RQ=~~~13;p;;;;;;18.13.11;3;1;1;1;5318;;5;3;4;7;13;2;22;10;2;6;3;9;
*p24:21;;;;;;;18.13.21;3;1;1;1;5328;;5;3;4;7;13;2;22;10;2;6;3;9;
*05SQ+~~~65;;;;;;;18.14.01;3;1;1;1;5368;;5;3;4;7;13;2;22;10;2;6;3;9;
a03RQ-~~~65;;;;;;;18.14.01;3;1;1;1;5368;;5;3;4;7;13;2;22;10;2;6;3;9;
a22EH+~~F;;;;;;;18.14.01;3;1;1;1;5368;;5;3;4;7;13;2;22;10;2;6;3;9;
a06AH-G4~49~T2;;r;;;;;18.14.06;3;1;1;1;5373;;5;3;4;7;13;2;22;10;2;6;3;9;
*05DH+~~~49;;;;;;;18.14.06;3;1;1;1;5373;;5;3;4;7;13;2;22;10;2;6;3;9;
*05AH#G9~91DH2;p;p;;;;;18.14.11;3;1;1;1;5378;;5;3;4;7;13;2;22;10;2;6;3;9;
a$$&H=;p;;;;;;18.14.11;3;1;1;1;5378;;5;3;4;7;13;2;22;10;2;6;3;9;
*p25:21;;;;;;;18.14.40;3;1;1;1;5381;;5;3;4;7;13;2;22;10;2;6;3;9;
**3set;;;;;;;18.14.40;4;1;1;1;5382;;;;;;;;;;;;;;
