*P09>LUp;;;;;;;;1;5;5;;;;13;4;5;8;2;9;16;9;2;18;7;11;
*z6>LUp;;;;;;;;1;6;5;;;;13;4;5;8;2;9;16;9;2;18;7;11;
aP09>LUp;;;;;;;;1;6;5;;;;13;4;5;8;2;9;16;9;2;18;7;11;
az2>LUp;;;;;;;;1;6;2;;;;13;4;5;8;2;9;16;9;2;18;7;11;
*13SM-~~~66;;;;;;;11.01.05;1;6;2;1;261;;13;4;5;8;2;9;16;9;2;18;7;11;
a11RM#~~~66~~~~33;;;;;;;11.01.05;1;6;2;1;261;;13;4;5;8;2;9;16;9;2;18;7;11;
a09ET+K2P;;;;;;;11.01.05;1;6;2;1;263;;13;4;5;8;2;9;16;9;2;18;7;11;
a11AT+Y8~86~H2;;r;;;;;11.01.11;1;6;2;1;264;;13;4;5;8;2;9;16;9;2;18;7;11;
*04BT-~~~~3~~2;;;;;;;11.01.11;1;6;2;1;264;;13;4;5;8;2;9;16;9;2;18;7;11;
a20DH+;;;;;;;11.01.13;1;6;2;1;264;;13;4;5;8;2;9;16;9;2;18;7;11;
a09EH+~~F;;;;;;;11.01.13;1;6;2;1;266;;13;4;5;8;2;9;16;9;2;18;7;11;
a02AH-G4~47~H2;;s;;;;;11.01.14;1;6;2;1;267;;13;4;5;8;2;9;16;9;2;18;7;11;
*08DH+~~~47;;;;;;;11.01.14;1;6;2;1;267;;13;4;5;8;2;9;16;9;2;18;7;11;
*05EH/~~~~4;;;;;;;11.01.14;1;6;2;1;267;;13;4;5;8;2;9;16;9;2;18;7;11;
a09EH+;;;;;;;11.01.14;1;6;2;1;269;;13;4;5;8;2;9;16;9;2;18;7;11;
a02AH#G4~41~H2;s;s;;;;;11.01.20;1;6;2;1;270;;13;4;5;8;2;9;16;9;2;18;7;11;
*$$&H=;s;;;;;;11.01.20;1;6;2;1;270;;13;4;5;8;2;9;16;9;2;18;7;11;
ap00:01;;;;;;;11.01.25;1;6;2;1;279;;13;4;5;8;2;9;16;9;2;18;7;11;
az1;;;;;;;11.01.25;1;6;1;1;281;;13;4;5;8;2;9;9;2;18;7;11;16;
a09SM+~~~56;;;;;;;11.01.38;1;6;1;1;294;;13;4;5;8;2;9;9;2;18;7;11;16;
*10RM-~~~56;;;;;;;11.01.38;1;6;1;1;294;;13;4;5;8;2;9;9;2;18;7;11;16;
*08EH+~~~~2;;;;;;;11.01.43;1;6;1;1;296;;13;4;5;8;2;9;9;2;18;7;11;16;
*05AH#G2~25~T2;s;r;;;;;11.01.43;1;6;1;1;297;;13;4;5;8;2;9;9;2;18;7;11;16;
a$$&H=;s;;;;;;11.01.43;1;6;1;1;297;;13;4;5;8;2;9;9;2;18;7;11;16;
*p01:01;;;;;;;11.01.46;1;6;1;1;301;;13;4;5;8;2;9;9;2;18;7;11;16;
*z5;;;;;;;11.01.46;1;5;1;1;302;;4;5;8;2;9;13;9;2;18;7;11;16;
*04SM!~~~16;;;;;;;11.02.14;1;5;1;1;330;;4;5;8;2;9;13;9;2;18;7;11;16;
a20RM!~~~16~~~~41;;;;;;;11.02.14;1;5;1;1;330;;4;5;8;2;9;13;9;2;18;7;11;16;
a09EQ#KFC~~~~~~K3;;;;;;;11.02.14;1;5;1;1;332;;4;5;8;2;9;13;9;2;18;7;11;16;
a18AQ#J3~35AH1;s;r;;;;;11.02.20;1;5;1;1;333;;4;5;8;2;9;13;9;2;18;7;11;16;
*$$&H=;s;;;;;;11.02.20;1;5;1;1;333;;4;5;8;2;9;13;9;2;18;7;11;16;
ap01:02;;;;;;;11.02.24;1;5;1;1;337;;4;5;8;2;9;13;9;2;18;7;11;16;
az6;;;;;;;11.02.24;1;5;6;1;340;;4;5;8;2;9;13;2;18;7;11;16;9;
a02SQ=~~~15~~~N;s;;;;;;11.02.36;1;5;6;1;352;;4;5;8;2;9;13;2;18;7;11;16;9;
*$$&H#;s;;;;;;11.02.36;1;5;6;1;352;;4;5;8;2;9;13;2;18;7;11;16;9;
*p02:02;;;;;;;11.02.40;1;5;6;1;356;;4;5;8;2;9;13;2;18;7;11;16;9;
*z4;;;;;;;11.02.40;1;4;6;1;356;;5;8;2;9;13;4;2;18;7;11;16;9;
*05SQ-~~~61;;;;;;;11.02.58;1;4;6;1;374;;5;8;2;9;13;4;2;18;7;11;16;9;
a02RQ#~~~61~~~~33;;;;;;;11.02.58;1;4;6;1;374;;5;8;2;9;13;4;2;18;7;11;16;9;
a09EQ+K2C;;;;;;;11.02.58;1;4;6;1;376;;5;8;2;9;13;4;2;18;7;11;16;9;
a18AQ#J2~36BH2;s;r;;;;;11.03.02;1;4;6;1;377;;5;8;2;9;13;4;2;18;7;11;16;9;
*$$&H=;s;;;;;;11.03.02;1;4;6;1;377;;5;8;2;9;13;4;2;18;7;11;16;9;
ap02:03;;;;;;;11.03.06;1;4;6;1;380;;5;8;2;9;13;4;2;18;7;11;16;9;
az5;;;;;;;11.03.06;1;4;5;1;382;;5;8;2;9;13;4;18;7;11;16;9;2;
a18SM+~~~56;;;;;;;11.03.17;1;4;5;1;393;;5;8;2;9;13;4;18;7;11;16;9;2;
*13RM-~~~56;;;;;;;11.03.17;1;4;5;1;393;;5;8;2;9;13;4;18;7;11;16;9;2;
*09AO+JJ~33~T1;;r;;;;;11.03.17;1;4;5;1;395;;5;8;2;9;13;4;18;7;11;16;9;2;
a16BO-~~~~3~~1;;;;;;;11.03.17;1;4;5;1;395;;5;8;2;9;13;4;18;7;11;16;9;2;
*08DH+;;;;;;;11.03.17;1;4;5;1;395;;5;8;2;9;13;4;18;7;11;16;9;2;
*08AT#W4~41~H2S;s;s;;;;;11.03.26;1;4;5;1;398;;5;8;2;9;13;4;18;7;11;16;9;2;
a07BT=~~~~2~~2S;s;;;;;;11.03.26;1;4;5;1;398;;5;8;2;9;13;4;18;7;11;16;9;2;
*p03:03;;;;;;;11.03.30;1;4;5;1;401;;5;8;2;9;13;4;18;7;11;16;9;2;
*z3;;;;;;;11.03.30;1;3;5;1;406;;8;2;9;13;4;5;18;7;11;16;9;2;
*08SQ=~~~15~~~N;s;;;;;;11.03.44;1;3;5;1;420;;8;2;9;13;4;5;18;7;11;16;9;2;
a$$&H#;s;;;;;;11.03.44;1;3;5;1;420;;8;2;9;13;4;5;18;7;11;16;9;2;
ap03:04;;;;;;;11.03.47;1;3;5;1;423;;8;2;9;13;4;5;18;7;11;16;9;2;
az4;;;;;;;11.03.47;1;3;4;1;423;;8;2;9;13;4;5;7;11;16;9;2;18;
a07SQ=~~~16~~~O;s;;;;;;11.04.05;1;3;4;1;441;;8;2;9;13;4;5;7;11;16;9;2;18;
*$$&H#;s;;;;;;11.04.05;1;3;4;1;441;;8;2;9;13;4;5;7;11;16;9;2;18;
*p04:04;;;;;;;11.04.09;1;3;4;1;445;;8;2;9;13;4;5;7;11;16;9;2;18;
*z2;;;;;;;11.04.09;1;2;4;1;445;;2;9;13;4;5;8;7;11;16;9;2;18;
*02SM-~~~55;;;;;;;11.04.25;1;2;4;1;461;;2;9;13;4;5;8;7;11;16;9;2;18;
a02RM#~~~55~O;;;;;;;11.04.25;1;2;4;1;461;;2;9;13;4;5;8;7;11;16;9;2;18;
a09ET+K1F;;;;;;;11.04.25;1;2;4;1;463;;2;9;13;4;5;8;7;11;16;9;2;18;
a11AT#W4~47~H2S;s;r;;;;;11.04.30;1;2;4;1;464;;2;9;13;4;5;8;7;11;16;9;2;18;
*04BT=~~~~2~~2S;s;;;;;;11.04.30;1;2;4;1;464;;2;9;13;4;5;8;7;11;16;9;2;18;
ap04:05;;;;;;;11.04.34;1;2;4;1;469;;2;9;13;4;5;8;7;11;16;9;2;18;
az3;;;;;;;11.04.34;1;2;3;1;470;;2;9;13;4;5;8;11;16;9;2;18;7;
a11SQ=~~~61~~~N;s;;;;;;11.04.49;1;2;3;1;485;;2;9;13;4;5;8;11;16;9;2;18;7;
*$$&H#;s;;;;;;11.04.49;1;2;3;1;485;;2;9;13;4;5;8;11;16;9;2;18;7;
*p05:05;;;;;;;11.04.58;1;2;3;1;490;;2;9;13;4;5;8;11;16;9;2;18;7;
*z1;;;;;;;11.04.58;1;1;3;1;494;;9;13;4;5;8;2;11;16;9;2;18;7;
*09SM-~~~57;;;;;;;11.05.07;1;1;3;1;503;;9;13;4;5;8;2;11;16;9;2;18;7;
a02RM+~~~57~~~~41;;;;;;;11.05.07;1;1;3;1;503;;9;13;4;5;8;2;11;16;9;2;18;7;
a09EQ#K3C;;;;;;;11.05.07;1;1;3;1;505;;9;13;4;5;8;2;11;16;9;2;18;7;
a16AQ#J3~39BH1;s;r;;;;;11.05.15;1;1;3;1;506;;9;13;4;5;8;2;11;16;9;2;18;7;
*$$&H=;s;;;;;;11.05.15;1;1;3;1;506;;9;13;4;5;8;2;11;16;9;2;18;7;
ap05:06;;;;;;;11.05.17;1;1;3;1;509;;9;13;4;5;8;2;11;16;9;2;18;7;
az2;;;;;;;11.05.17;1;1;2;1;513;;9;13;4;5;8;2;16;9;2;18;7;11;
a16SM#~~~55;p;;;;;;11.05.29;1;1;2;1;525;;9;13;4;5;8;2;16;9;2;18;7;11;
*08RM=~~~55~L;p;;;;;;11.05.29;1;1;2;1;525;;9;13;4;5;8;2;16;9;2;18;7;11;
ap05:07;;;;;;;11.05.33;1;1;2;1;528;;9;13;4;5;8;2;16;9;2;18;7;11;
a16SM+~~~56;;;;;;;11.05.44;1;1;2;1;540;;9;13;4;5;8;2;16;9;2;18;7;11;
*10RM-~~~56;;;;;;;11.05.44;1;1;2;1;540;;9;13;4;5;8;2;16;9;2;18;7;11;
*09EH=~~~~~~~~Z;p;;;;;;11.05.52;1;1;2;1;540;;9;13;4;5;8;2;16;9;2;18;7;11;
a$$&H#;p;;;;;;11.05.52;1;1;2;1;540;;9;13;4;5;8;2;16;9;2;18;7;11;
ap05:08;;;;;;;11.05.54;1;1;2;1;546;;9;13;4;5;8;2;16;9;2;18;7;11;
a16SM-~~~55;;;;;;;11.06.02;1;1;2;1;558;;9;13;4;5;8;2;16;9;2;18;7;11;
*08RM+~~~55~~~~33;;;;;;;11.06.02;1;1;2;1;558;;9;13;4;5;8;2;16;9;2;18;7;11;
*09EQ+K2C;;;;;;;11.06.02;1;1;2;1;560;;9;13;4;5;8;2;16;9;2;18;7;11;
*04AQ-J2~35~H2;;r;;;;;11.06.07;1;1;2;1;561;;9;13;4;5;8;2;16;9;2;18;7;11;
a16DQ+~~~35;;;;;;;11.06.07;1;1;2;1;561;;9;13;4;5;8;2;16;9;2;18;7;11;
a02EH+~~~~9;;;;;;;11.06.07;1;1;2;1;563;;9;13;4;5;8;2;16;9;2;18;7;11;
a07AH#G9~96~H2S;p;p;;;;;11.06.11;1;1;2;1;564;;9;13;4;5;8;2;16;9;2;18;7;11;
*04BH=~~~~4~~2S;p;;;;;;11.06.11;1;1;2;1;564;;9;13;4;5;8;2;16;9;2;18;7;11;
ap05:09;;;;;;;11.06.15;1;1;2;1;568;;9;13;4;5;8;2;16;9;2;18;7;11;
a16SM-~~~55;;;;;;;11.07.21;1;1;2;1;637;;9;13;4;5;8;2;16;9;2;18;7;11;
*08RM+~~~55~~~~33;;;;;;;11.07.21;1;1;2;1;637;;9;13;4;5;8;2;16;9;2;18;7;11;
*09ET+K2F;;;;;;;11.07.21;1;1;2;1;639;;9;13;4;5;8;2;16;9;2;18;7;11;
*05AT#W4~46~H2;s;r;;;;;11.07.26;1;1;2;1;640;;9;13;4;5;8;2;16;9;2;18;7;11;
a$$&H=;s;;;;;;11.07.26;1;1;2;1;640;;9;13;4;5;8;2;16;9;2;18;7;11;
*p06:09;;;;;;;11.07.29;1;1;2;1;645;;9;13;4;5;8;2;16;9;2;18;7;11;
*z6;;;;;;;11.07.29;1;6;2;1;645;;13;4;5;8;2;9;16;9;2;18;7;11;
*T;;;;;;;11.07.29;1;6;2;1;645;;13;4;5;8;2;9;16;9;2;18;7;11;
*13SQ=~~~66~~~N;s;;;;;;11.07.43;1;6;2;1;659;;13;4;5;8;2;9;16;9;2;18;7;11;
a$$&H#;s;;;;;;11.07.43;1;6;2;1;659;;13;4;5;8;2;9;16;9;2;18;7;11;
ap06:10;;;;;;;11.07.46;1;6;2;1;662;;13;4;5;8;2;9;16;9;2;18;7;11;
az1;;;;;;;11.07.46;1;6;1;1;662;;13;4;5;8;2;9;9;2;18;7;11;16;
a09SM!~~~55;;;;;;;11.07.56;1;6;1;1;672;;13;4;5;8;2;9;9;2;18;7;11;16;
*08RM!~~~55~~~~42;;;;;;;11.07.56;1;6;1;1;672;;13;4;5;8;2;9;9;2;18;7;11;16;
*09ET+KFF~~~~~~K3;;;;;;;11.07.56;1;6;1;1;674;;13;4;5;8;2;9;9;2;18;7;11;16;
*08AT-W4~45~H2;;r;;;;;11.08.02;1;6;1;1;675;;13;4;5;8;2;9;9;2;18;7;11;16;
a07BT+~~~~2~~2;;;;;;;11.08.02;1;6;1;1;675;;13;4;5;8;2;9;9;2;18;7;11;16;
a11DH+;;;;;;;11.08.04;1;6;1;1;675;;13;4;5;8;2;9;9;2;18;7;11;16;
a09ET+;;;;;;;11.08.04;1;6;1;1;677;;13;4;5;8;2;9;9;2;18;7;11;16;
a11AT/Y8~86~H3;s;p;;;;;11.08.05;1;6;1;1;678;;13;4;5;8;2;9;9;2;18;7;11;16;
*08BT#~~~~3~~3;s;;;;;;11.08.05;1;6;1;1;678;;13;4;5;8;2;9;9;2;18;7;11;16;
*p07:10;;;;;;;11.08.09;1;6;1;1;683;;13;4;5;8;2;9;9;2;18;7;11;16;
*z5;;;;;;;11.08.09;1;5;1;1;685;;4;5;8;2;9;13;9;2;18;7;11;16;
*04SM-~~~11;;;;;;;11.08.26;1;5;1;1;702;;4;5;8;2;9;13;9;2;18;7;11;16;
a02RM#~~~11~O;;;;;;;11.08.26;1;5;1;1;702;;4;5;8;2;9;13;9;2;18;7;11;16;
a09EQ#K1C;;;;;;;11.08.26;1;5;1;1;704;;4;5;8;2;9;13;9;2;18;7;11;16;
a18AQ#J1~37~H1;s;r;;;;;11.08.31;1;5;1;1;705;;4;5;8;2;9;13;9;2;18;7;11;16;
*04DQ=~~~37;s;;;;;;11.08.31;1;5;1;1;705;;4;5;8;2;9;13;9;2;18;7;11;16;
ap07:11;;;;;;;11.08.35;1;5;1;1;708;;4;5;8;2;9;13;9;2;18;7;11;16;
az6;;;;;;;11.08.35;1;5;6;1;711;;4;5;8;2;9;13;2;18;7;11;16;9;
a02SQ-~~~15;;;;;;;11.08.55;1;5;6;1;731;;4;5;8;2;9;13;2;18;7;11;16;9;
*08RQ#~~~15~~~~33;;;;;;;11.08.55;1;5;6;1;731;;4;5;8;2;9;13;2;18;7;11;16;9;
*09ET+K1P;;;;;;;11.08.55;1;5;6;1;733;;4;5;8;2;9;13;2;18;7;11;16;9;
*13AT#Y8~86~H0;s;r;;;;;11.09.01;1;5;6;1;734;;4;5;8;2;9;13;2;18;7;11;16;9;
a02DT=~~~86;s;;;;;;11.09.01;1;5;6;1;734;;4;5;8;2;9;13;2;18;7;11;16;9;
*p08:11;;;;;;;11.09.04;1;5;6;1;738;;4;5;8;2;9;13;2;18;7;11;16;9;
*z4;;;;;;;11.09.04;1;4;6;1;740;;5;8;2;9;13;4;2;18;7;11;16;9;
*05SQ/~~~65;;;;;;;11.09.20;1;4;6;1;756;;5;8;2;9;13;4;2;18;7;11;16;9;
a11RQ/~~~65~M;;;;;;;11.09.20;1;4;6;1;756;;5;8;2;9;13;4;2;18;7;11;16;9;
*09ET+~~B;;;;;;;11.09.20;1;4;6;1;758;;5;8;2;9;13;4;2;18;7;11;16;9;
*05AT-Y9~96~H2;;p;;;;;11.09.29;1;4;6;1;759;;5;8;2;9;13;4;2;18;7;11;16;9;
a18BT+~~~~4~~2;;;;;;;11.09.29;1;4;6;1;759;;5;8;2;9;13;4;2;18;7;11;16;9;
a02DH+;;;;;;;11.09.31;1;4;6;1;759;;5;8;2;9;13;4;2;18;7;11;16;9;
a09EH+;;;;;;;11.09.31;1;4;6;1;759;;5;8;2;9;13;4;2;18;7;11;16;9;
a20EH+~~B~2;;;;;;;11.09.33;1;4;6;1;761;;5;8;2;9;13;4;2;18;7;11;16;9;
a07AH+G2~21~H2;;s;;;;;11.09.33;1;4;6;1;762;;5;8;2;9;13;4;2;18;7;11;16;9;
*02BH-~~~~4~~2;;;;;;;11.09.33;1;4;6;1;762;;5;8;2;9;13;4;2;18;7;11;16;9;
a09DH+;;;;;;;11.09.33;1;4;6;1;762;;5;8;2;9;13;4;2;18;7;11;16;9;
a02EH+~~~~4;;;;;;;11.09.35;1;4;6;1;764;;5;8;2;9;13;4;2;18;7;11;16;9;
a11AH#G4~41~H2;s;s;;;;;11.09.35;1;4;6;1;765;;5;8;2;9;13;4;2;18;7;11;16;9;
*$$&H=;s;;;;;;11.09.35;1;4;6;1;765;;5;8;2;9;13;4;2;18;7;11;16;9;
ap08:12;;;;;;;11.09.39;1;4;6;1;775;;5;8;2;9;13;4;2;18;7;11;16;9;
az5;;;;;;;11.09.39;1;4;5;1;775;;5;8;2;9;13;4;18;7;11;16;9;2;
a18SM-~~~65;;;;;;;11.09.55;1;4;5;1;791;;5;8;2;9;13;4;18;7;11;16;9;2;
*08RM#~~~65~O;;;;;;;11.09.55;1;4;5;1;791;;5;8;2;9;13;4;18;7;11;16;9;2;
*09ET#K1P;;;;;;;11.09.55;1;4;5;1;793;;5;8;2;9;13;4;18;7;11;16;9;2;
*13AT#Y8~87~H2;s;r;;;;;11.10.00;1;4;5;1;794;;5;8;2;9;13;4;18;7;11;16;9;2;
a$$&H=;s;;;;;;11.10.00;1;4;5;1;794;;5;8;2;9;13;4;18;7;11;16;9;2;
*p09:12;;;;;;;11.10.03;1;4;5;1;797;;5;8;2;9;13;4;18;7;11;16;9;2;
*z3;;;;;;;11.10.03;1;3;5;1;799;;8;2;9;13;4;5;18;7;11;16;9;2;
*08SQ=~~~16~~~N;s;;;;;;11.10.19;1;3;5;1;815;;8;2;9;13;4;5;18;7;11;16;9;2;
a$$&H#;s;;;;;;11.10.19;1;3;5;1;815;;8;2;9;13;4;5;18;7;11;16;9;2;
ap09:13;;;;;;;11.10.28;1;3;5;1;821;;8;2;9;13;4;5;18;7;11;16;9;2;
az4;;;;;;;11.10.28;1;3;4;1;824;;8;2;9;13;4;5;7;11;16;9;2;18;
a07SQ-~~~16;;;;;;;11.10.43;1;3;4;1;839;;8;2;9;13;4;5;7;11;16;9;2;18;
*10RQ#~~~16~~~~33;;;;;;;11.10.43;1;3;4;1;839;;8;2;9;13;4;5;7;11;16;9;2;18;
*09EQ+K3C;;;;;;;11.10.43;1;3;4;1;841;;8;2;9;13;4;5;7;11;16;9;2;18;
*02AQ+J3~36~H1;;r;;;;;11.10.48;1;3;4;1;842;;8;2;9;13;4;5;7;11;16;9;2;18;
a02DQ-~~~36;;;;;;;11.10.48;1;3;4;1;842;;8;2;9;13;4;5;7;11;16;9;2;18;
*13FH+;;;;;;;11.10.53;1;3;4;1;845;;8;2;9;13;4;5;7;11;16;9;2;18;
*09ET#;;;;;;;11.10.53;1;3;4;1;847;;8;2;9;13;4;5;7;11;16;9;2;18;
*05AT/Y9~96~H1;p;s;;;;;11.10.55;1;3;4;1;848;;8;2;9;13;4;5;7;11;16;9;2;18;
a11BT#~~~~4~~1;p;;;;;;11.10.55;1;3;4;1;848;;8;2;9;13;4;5;7;11;16;9;2;18;
ap09:14;;;;;;;11.10.58;1;3;4;1;854;;8;2;9;13;4;5;7;11;16;9;2;18;
a07SQ-~~~11;;;;;;;11.11.20;1;3;4;1;876;;8;2;9;13;4;5;7;11;16;9;2;18;
*08RQ+~~~11~~~~33;;;;;;;11.11.20;1;3;4;1;876;;8;2;9;13;4;5;7;11;16;9;2;18;
*09EQ#K1C;;;;;;;11.11.20;1;3;4;1;878;;8;2;9;13;4;5;7;11;16;9;2;18;
*02AQ=J4~31~H1O;p;r;;;;;11.11.26;1;3;4;1;879;;8;2;9;13;4;5;7;11;16;9;2;18;
a$$&H#;p;;;;;;11.11.26;1;3;4;1;879;;8;2;9;13;4;5;7;11;16;9;2;18;
ap09:15;;;;;;;11.11.28;1;3;4;1;883;;8;2;9;13;4;5;7;11;16;9;2;18;
*T;;;;;;;11.11.28;1;3;4;1;884;;8;2;9;13;4;5;7;11;16;9;2;18;
a07SQ!~~~16;;;;;;;11.12.47;1;3;4;1;963;;8;2;9;13;4;5;7;11;16;9;2;18;
*10RQ!~~~16~~~~34;;;;;;;11.12.47;1;3;4;1;963;;8;2;9;13;4;5;7;11;16;9;2;18;
*09ET+K1F;;;;;;;11.12.47;1;3;4;1;965;;8;2;9;13;4;5;7;11;16;9;2;18;
*13AT#W4~41~H2S;s;r;;;;;11.12.52;1;3;4;1;966;;8;2;9;13;4;5;7;11;16;9;2;18;
a09BT=~~~~2~~2S;s;;;;;;11.12.52;1;3;4;1;966;;8;2;9;13;4;5;7;11;16;9;2;18;
*p10:15;;;;;;;11.12.56;1;3;4;1;970;;8;2;9;13;4;5;7;11;16;9;2;18;
*z2;;;;;;;11.12.56;1;2;4;1;972;;2;9;13;4;5;8;7;11;16;9;2;18;
*c09:06;;;;;;;11.12.56;1;2;4;1;972;;2;6;13;4;5;8;7;11;16;9;2;18;
*c05:01;;;;;;;11.12.56;1;2;4;1;972;;2;6;13;4;1;8;7;11;16;9;2;18;
*P1;;;;;;;11.12.56;1;2;4;1;972;;2;6;13;4;1;8;7;11;16;9;2;18;
*z5;;;;;;;11.12.56;1;5;4;1;972;;2;6;13;4;1;8;7;11;16;9;2;18;
*02SM!~~~11;;;;;;;11.13.23;1;5;4;1;999;;2;6;13;4;1;8;7;11;16;9;2;18;
a20RM!~~~11~~~~32;;;;;;;11.13.23;1;5;4;1;999;;2;6;13;4;1;8;7;11;16;9;2;18;
a09EH+K2B;;;;;;;11.13.23;1;5;4;1;1001;;2;6;13;4;1;8;7;11;16;9;2;18;
a07AH/G9~95~H2;p;r;;;;;11.13.29;1;5;4;1;1002;;2;6;13;4;1;8;7;11;16;9;2;18;
*13BH#~~~~4~~2;p;;;;;;11.13.29;1;5;4;1;1002;;2;6;13;4;1;8;7;11;16;9;2;18;
*p11:15;;;;;;;11.13.31;1;5;4;1;1007;;2;6;13;4;1;8;7;11;16;9;2;18;
*02SM-~~~11;;;;;;;11.13.44;1;5;4;1;1020;;2;6;13;4;1;8;7;11;16;9;2;18;
a20RM#~~~11~~~~33;;;;;;;11.13.44;1;5;4;1;1020;;2;6;13;4;1;8;7;11;16;9;2;18;
a09ET+K2F;;;;;;;11.13.44;1;5;4;1;1022;;2;6;13;4;1;8;7;11;16;9;2;18;
a11AT!W4~45~H2;;r;;;;;11.13.50;1;5;4;1;1023;;2;6;13;4;1;8;7;11;16;9;2;18;
*06BT/~~~~2~~2;s;;;;;;11.13.50;1;5;4;1;1023;;2;6;13;4;1;8;7;11;16;9;2;18;
a$$&H#;s;;;;;;11.13.50;1;5;4;1;1023;;2;6;13;4;1;8;7;11;16;9;2;18;
ap11:16;;;;;;;11.13.55;1;5;4;1;1027;;2;6;13;4;1;8;7;11;16;9;2;18;
az3;;;;;;;11.13.55;1;5;3;1;1031;;2;6;13;4;1;8;11;16;9;2;18;7;
a11SQ-~~~61;;;;;;;11.14.10;1;5;3;1;1046;;2;6;13;4;1;8;11;16;9;2;18;7;
*10RQ+~~~61~~~~34;;;;;;;11.14.10;1;5;3;1;1046;;2;6;13;4;1;8;11;16;9;2;18;7;
*01EQ#K1C;;;;;;;11.14.10;1;5;3;1;1048;;2;6;13;4;1;8;11;16;9;2;18;7;
*04AQ#J1~36CH1;s;r;;;;;11.14.16;1;5;3;1;1049;;2;6;13;4;1;8;11;16;9;2;18;7;
a$$&H=;s;;;;;;11.14.16;1;5;3;1;1049;;2;6;13;4;1;8;11;16;9;2;18;7;
*p12:16;;;;;;;11.14.18;1;5;3;1;1053;;2;6;13;4;1;8;11;16;9;2;18;7;
*z4;;;;;;;11.14.18;1;4;3;1;1054;;6;13;4;1;8;2;11;16;9;2;18;7;
*c01:05;;;;;;;11.14.18;1;4;3;1;1054;;6;13;4;5;8;2;11;16;9;2;18;7;
*P6;;;;;;;11.14.18;1;4;3;1;1054;;6;13;4;5;8;2;11;16;9;2;18;7;
*z1;;;;;;;11.14.18;1;1;3;1;1054;;6;13;4;5;8;2;11;16;9;2;18;7;
*06SQ!~~~56;;;;;;;11.14.41;1;1;3;1;1077;;6;13;4;5;8;2;11;16;9;2;18;7;
a20RQ!~~~56~~~~21;;;;;;;11.14.41;1;1;3;1;1077;;6;13;4;5;8;2;11;16;9;2;18;7;
a09ET+KB~~~~~~~K3;;;;;;;11.14.41;1;1;3;1;1079;;6;13;4;5;8;2;11;16;9;2;18;7;
a02AT#W4~45~H2S;s;r;;;;;11.14.46;1;1;3;1;1080;;6;13;4;5;8;2;11;16;9;2;18;7;
*04BT=~~~~2~~2S;s;;;;;;11.14.46;1;1;3;1;1080;;6;13;4;5;8;2;11;16;9;2;18;7;
ap12:17;;;;;;;11.14.49;1;1;3;1;1084;;6;13;4;5;8;2;11;16;9;2;18;7;
az2;;;;;;;11.14.49;1;1;2;1;1085;;6;13;4;5;8;2;16;9;2;18;7;11;
*c06:09;;;;;;;11.14.49;1;1;2;1;1085;;9;13;4;5;8;2;16;9;2;18;7;11;
*P9;;;;;;;11.14.49;1;1;2;1;1085;;9;13;4;5;8;2;16;9;2;18;7;11;
*z1;;;;;;;11.14.49;1;1;2;1;1085;;9;13;4;5;8;2;16;9;2;18;7;11;
a16SM-~~~55;;;;;;;11.15.05;1;1;2;1;1101;;9;13;4;5;8;2;16;9;2;18;7;11;
*08RM+~~~55~~~~21;;;;;;;11.15.05;1;1;2;1;1101;;9;13;4;5;8;2;16;9;2;18;7;11;
*09EQ#KBC~~~~~~K1;;;;;;;11.15.05;1;1;2;1;1103;;9;13;4;5;8;2;16;9;2;18;7;11;
*04AQ=J1~35~H1S;p;r;;;;;11.15.11;1;1;2;1;1104;;9;13;4;5;8;2;16;9;2;18;7;11;
a$$&H#;p;;;;;;11.15.11;1;1;2;1;1104;;9;13;4;5;8;2;16;9;2;18;7;11;
ap12:18;;;;;;;11.15.15;1;1;2;1;1108;;9;13;4;5;8;2;16;9;2;18;7;11;
a16SM=~~~55A~~O;s;;;;;;11.15.25;1;1;2;1;1121;;9;13;4;5;8;2;16;9;2;18;7;11;
*$$&H#;s;;;;;;11.15.25;1;1;2;1;1121;;9;13;4;5;8;2;16;9;2;18;7;11;
*p13:18;;;;;;;11.15.29;1;1;2;1;1126;;9;13;4;5;8;2;16;9;2;18;7;11;
*z6;;;;;;;11.15.29;1;6;2;1;1125;;13;4;5;8;2;9;16;9;2;18;7;11;
*13SQ-~~~66;;;;;;;11.15.39;1;6;2;1;1135;;13;4;5;8;2;9;16;9;2;18;7;11;
a11RQ+~~~66~~~~32;;;;;;;11.15.39;1;6;2;1;1135;;13;4;5;8;2;9;16;9;2;18;7;11;
a09ET+K1F;;;;;;;11.15.39;1;6;2;1;1137;;13;4;5;8;2;9;16;9;2;18;7;11;
a02AT#W4~45~H2S;s;r;;;;;11.15.44;1;6;2;1;1138;;13;4;5;8;2;9;16;9;2;18;7;11;
*04BT=~~~~2~~2S;s;;;;;;11.15.44;1;6;2;1;1138;;13;4;5;8;2;9;16;9;2;18;7;11;
ap13:19;;;;;;;11.15.47;1;6;2;1;1142;;13;4;5;8;2;9;16;9;2;18;7;11;
az1;;;;;;;11.15.47;1;6;1;1;1143;;13;4;5;8;2;9;9;2;18;7;11;16;
a09SM!~~~55;;;;;;;11.16.01;1;6;1;1;1157;;13;4;5;8;2;9;9;2;18;7;11;16;
*08RM!~~~55~~~~33;;;;;;;11.16.01;1;6;1;1;1157;;13;4;5;8;2;9;9;2;18;7;11;16;
*09EQ+K1C;;;;;;;11.16.01;1;6;1;1;1159;;13;4;5;8;2;9;9;2;18;7;11;16;
*04AQ+J1~35~H1;;r;;;;;11.16.07;1;6;1;1;1160;;13;4;5;8;2;9;9;2;18;7;11;16;
a18BQ-~~~~3~~1;;;;;;;11.16.07;1;6;1;1;1160;;13;4;5;8;2;9;9;2;18;7;11;16;
*04DH+;;;;;;;11.16.12;1;6;1;1;1160;;13;4;5;8;2;9;9;2;18;7;11;16;
*09ET+~~B;;;;;;;11.16.12;1;6;1;1;1162;;13;4;5;8;2;9;9;2;18;7;11;16;
*05AT#W2~26~H2;s;s;;;;;11.16.13;1;6;1;1;1163;;13;4;5;8;2;9;9;2;18;7;11;16;
a11DT=~~~26;s;;;;;;11.16.13;1;6;1;1;1163;;13;4;5;8;2;9;9;2;18;7;11;16;
*p14:19;;;;;;;11.16.15;1;6;1;1;1169;;13;4;5;8;2;9;9;2;18;7;11;16;
*z5;;;;;;;11.16.15;1;5;1;1;1171;;4;5;8;2;9;13;9;2;18;7;11;16;
*c04:03;;;;;;;11.16.15;1;5;1;1;1171;;3;5;8;2;9;13;9;2;18;7;11;16;
*03SQ+~~~15;;;;;;;11.16.38;1;5;1;1;1194;;3;5;8;2;9;13;9;2;18;7;11;16;
a11RQ-~~~15;;;;;;;11.16.38;1;5;1;1;1194;;3;5;8;2;9;13;9;2;18;7;11;16;
a09EH+~~F;;;;;;;11.16.38;1;5;1;1;1196;;3;5;8;2;9;13;9;2;18;7;11;16;
a07AH=G4~46~H2O;p;r;;;;;11.16.44;1;5;1;1;1197;;3;5;8;2;9;13;9;2;18;7;11;16;
*$$&H#;p;;;;;;11.16.44;1;5;1;1;1197;;3;5;8;2;9;13;9;2;18;7;11;16;
*p15:19;;;;;;;11.16.46;1;5;1;1;1203;;3;5;8;2;9;13;9;2;18;7;11;16;
*03SQ-~~~66;;;;;;;11.17.38;1;5;1;1;1254;;3;5;8;2;9;13;9;2;18;7;11;16;
a20RQ#~~~66~~~~33;;;;;;;11.17.38;1;5;1;1;1254;;3;5;8;2;9;13;9;2;18;7;11;16;
a09EQ+K1C;;;;;;;11.17.38;1;5;1;1;1256;;3;5;8;2;9;13;9;2;18;7;11;16;
a18AQ+J4~32~T2;;r;;;;;11.17.43;1;5;1;1;1257;;3;5;8;2;9;13;9;2;18;7;11;16;
*05BQ-~~~~3~~2;;;;;;;11.17.43;1;5;1;1;1257;;3;5;8;2;9;13;9;2;18;7;11;16;
a18DH+;;;;;;;11.17.43;1;5;1;1;1257;;3;5;8;2;9;13;9;2;18;7;11;16;
a09EH+~~F;;;;;;;11.17.43;1;5;1;1;1259;;3;5;8;2;9;13;9;2;18;7;11;16;
a07AH-G4~46~H2;;s;;;;;11.17.47;1;5;1;1;1260;;3;5;8;2;9;13;9;2;18;7;11;16;
*03DH+~~~46;;;;;;;11.17.47;1;5;1;1;1260;;3;5;8;2;9;13;9;2;18;7;11;16;
*09EH+;;;;;;;11.17.47;1;5;1;1;1262;;3;5;8;2;9;13;9;2;18;7;11;16;
*08AH#G4~41~H2;p;p;;;;;11.17.51;1;5;1;1;1263;;3;5;8;2;9;13;9;2;18;7;11;16;
a$$&H=;p;;;;;;11.17.51;1;5;1;1;1263;;3;5;8;2;9;13;9;2;18;7;11;16;
*p16:19;;;;;;;11.17.53;1;5;1;1;1268;;3;5;8;2;9;13;9;2;18;7;11;16;
*03SQ!~~~65;;;;;;;11.18.58;1;5;1;1;1335;;3;5;8;2;9;13;9;2;18;7;11;16;
a11RQ!~~~65~~~~22;;;;;;;11.18.58;1;5;1;1;1335;;3;5;8;2;9;13;9;2;18;7;11;16;
a09ET+K2B;;;;;;;11.18.58;1;5;1;1;1335;;3;5;8;2;9;13;9;2;18;7;11;16;
a02AT-W2~25~H2;;r;;;;;11.18.58;1;5;1;1;1335;;3;5;8;2;9;13;9;2;18;7;11;16;
*13DT+~~~25;;;;;;;11.18.58;1;5;1;1;1335;;3;5;8;2;9;13;9;2;18;7;11;16;
*03AH-G8~8~~H2~CHECK;;p;;;;;11.18.58;1;5;1;1;1335;;3;5;8;2;9;13;9;2;18;7;11;16;
a09DH+~~~8;;;;;;;11.18.58;1;5;1;1;1335;;3;5;8;2;9;13;9;2;18;7;11;16;
*$$&H#;p;;;;;;11.18.58;1;5;1;1;1335;;3;5;8;2;9;13;9;2;18;7;11;16;
a$$&H=;p;;;;;;11.18.58;1;5;1;1;1335;;3;5;8;2;9;13;9;2;18;7;11;16;
*p17:19;;;;;;;11.19.37;1;5;1;1;1344;;3;5;8;2;9;13;9;2;18;7;11;16;
*03SQ=~~~66~~~O;s;;;;;;11.19.50;1;5;1;1;1386;;3;5;8;2;9;13;9;2;18;7;11;16;
a$$&H#;s;;;;;;11.19.50;1;5;1;1;1386;;3;5;8;2;9;13;9;2;18;7;11;16;
ap17:20;;;;;;;11.19.53;1;5;1;1;1389;;3;5;8;2;9;13;9;2;18;7;11;16;
az6;;;;;;;11.19.53;1;5;6;1;1389;;3;5;8;2;9;13;2;18;7;11;16;9;
*c03:04;;;;;;;11.19.53;1;5;6;1;1389;;4;5;8;2;9;13;2;18;7;11;16;9;
a02SQ-~~~11;;;;;;;11.20.30;1;5;6;1;1426;;4;5;8;2;9;13;2;18;7;11;16;9;
*10RQ+~~~11~~~~33;;;;;;;11.20.30;1;5;6;1;1426;;4;5;8;2;9;13;2;18;7;11;16;9;
*09EQ+K1C;;;;;;;11.20.30;1;5;6;1;1428;;4;5;8;2;9;13;2;18;7;11;16;9;
*02AQ-J1~35~H1;;r;;;;;11.20.35;1;5;6;1;1429;;4;5;8;2;9;13;2;18;7;11;16;9;
a18BQ+~~~~3~~1;;;;;;;11.20.35;1;5;6;1;1429;;4;5;8;2;9;13;2;18;7;11;16;9;
a20DQ+~~~35;;;;;;;11.20.35;1;5;6;1;1429;;4;5;8;2;9;13;2;18;7;11;16;9;
a09ET+;;;;;;;11.20.35;1;5;6;1;1431;;4;5;8;2;9;13;2;18;7;11;16;9;
a11AT#W4~48DH2;p;p;;;;;11.20.38;1;5;6;1;1432;;4;5;8;2;9;13;2;18;7;11;16;9;
*$$&H=;p;;;;;;11.20.38;1;5;6;1;1432;;4;5;8;2;9;13;2;18;7;11;16;9;
ap17:21;;;;;;;11.20.41;1;5;6;1;1436;;4;5;8;2;9;13;2;18;7;11;16;9;
a02SQ+~~~11;;;;;;;11.20.57;1;5;6;1;1453;;4;5;8;2;9;13;2;18;7;11;16;9;
*10RQ-~~~11;;;;;;;11.20.57;1;5;6;1;1453;;4;5;8;2;9;13;2;18;7;11;16;9;
a09EH+;;;;;;;11.20.57;1;5;6;1;1455;;4;5;8;2;9;13;2;18;7;11;16;9;
*05AT-W2~29~H0;;r;;;;;11.21.05;1;5;6;1;1456;;4;5;8;2;9;13;2;18;7;11;16;9;
a09DT+~~~29;;;;;;;11.21.05;1;5;6;1;1456;;4;5;8;2;9;13;2;18;7;11;16;9;
a20EH+~~B;;;;;;;11.21.05;1;5;6;1;1458;;4;5;8;2;9;13;2;18;7;11;16;9;
a07AH#G2~25~H2;p;p;;;;;11.21.07;1;5;6;1;1459;;4;5;8;2;9;13;2;18;7;11;16;9;
*10DH=~~~25;p;;;;;;11.21.07;1;5;6;1;1459;;4;5;8;2;9;13;2;18;7;11;16;9;
ap17:22;;;;;;;11.21.10;1;5;6;1;1464;;4;5;8;2;9;13;2;18;7;11;16;9;
a02SM-~~~15;;;;;;;11.22.15;1;5;6;1;1531;;4;5;8;2;9;13;2;18;7;11;16;9;
*08RM+~~~15~O~~34;;;;;;;11.22.15;1;5;6;1;1531;;4;5;8;2;9;13;2;18;7;11;16;9;
*09ET#KFB;;;;;;;11.22.15;1;5;6;1;1533;;4;5;8;2;9;13;2;18;7;11;16;9;
*05AT-W2~26~H1;;r;;;;;11.22.21;1;5;6;1;1534;;4;5;8;2;9;13;2;18;7;11;16;9;
a11BT+~~~~4~~1;;;;;;;11.22.21;1;5;6;1;1534;;4;5;8;2;9;13;2;18;7;11;16;9;
a09DT+;;;;;;;11.22.21;1;5;6;1;1536;;4;5;8;2;9;13;2;18;7;11;16;9;
a02AT=Y8~8~~H2N;s;p;;;;;11.22.25;1;5;6;1;1537;;4;5;8;2;9;13;2;18;7;11;16;9;
*$$&H#;s;;;;;;11.22.25;1;5;6;1;1537;;4;5;8;2;9;13;2;18;7;11;16;9;
*p18:22;;;;;;;11.22.29;1;5;6;1;1540;;4;5;8;2;9;13;2;18;7;11;16;9;
*z4;;;;;;;11.22.29;1;4;6;1;1545;;5;8;2;9;13;4;2;18;7;11;16;9;
*05SQ-~~~65;;;;;;;11.22.41;1;4;6;1;1557;;5;8;2;9;13;4;2;18;7;11;16;9;
a11RQ+~~~65~~~~32;;;;;;;11.22.41;1;4;6;1;1557;;5;8;2;9;13;4;2;18;7;11;16;9;
a09ET+K1F;;;;;;;11.22.41;1;4;6;1;1559;;5;8;2;9;13;4;2;18;7;11;16;9;
a11AT-W4~46~H2;;r;;;;;11.22.46;1;4;6;1;1560;;5;8;2;9;13;4;2;18;7;11;16;9;
*09BT+~~~~2~~2;;;;;;;11.22.46;1;4;6;1;1560;;5;8;2;9;13;4;2;18;7;11;16;9;
*13DH+;;;;;;;11.22.46;1;4;6;1;1560;;5;8;2;9;13;4;2;18;7;11;16;9;
*05EH+~~F;;;;;;;11.22.46;1;4;6;1;1562;;5;8;2;9;13;4;2;18;7;11;16;9;
*08AH-G4~45~H0;;p;;;;;11.22.49;1;4;6;1;1563;;5;8;2;9;13;4;2;18;7;11;16;9;
a20DH+~~~45;;;;;;;11.22.49;1;4;6;1;1563;;5;8;2;9;13;4;2;18;7;11;16;9;
a09ET+;;;;;;;11.22.49;1;4;6;1;1565;;5;8;2;9;13;4;2;18;7;11;16;9;
a07AT/W2~21~H2;p;s;;;;;11.22.54;1;4;6;1;1566;;5;8;2;9;13;4;2;18;7;11;16;9;
*02BT#~~~~4~~2;p;;;;;;11.22.54;1;4;6;1;1566;;5;8;2;9;13;4;2;18;7;11;16;9;
*p19:22;;;;;;;11.22.57;1;4;6;1;1573;;5;8;2;9;13;4;2;18;7;11;16;9;
*05SQ-~~~61;;;;;;;11.23.16;1;4;6;1;1592;;5;8;2;9;13;4;2;18;7;11;16;9;
a02RQ+~~~61~~~~34;;;;;;;11.23.16;1;4;6;1;1592;;5;8;2;9;13;4;2;18;7;11;16;9;
a09EQ+K1C;;;;;;;11.23.16;1;4;6;1;1594;;5;8;2;9;13;4;2;18;7;11;16;9;
a18AQ#J4~32~T1;s;r;;;;;11.23.26;1;4;6;1;1595;;5;8;2;9;13;4;2;18;7;11;16;9;
*$$&H=;s;;;;;;11.23.26;1;4;6;1;1595;;5;8;2;9;13;4;2;18;7;11;16;9;
ap19:23;;;;;;;11.23.32;1;4;6;1;1599;;5;8;2;9;13;4;2;18;7;11;16;9;
az5;;;;;;;11.23.32;1;4;5;1;1608;;5;8;2;9;13;4;18;7;11;16;9;2;
a18SM+~~~55;;;;;;;11.23.46;1;4;5;1;1622;;5;8;2;9;13;4;18;7;11;16;9;2;
*08RM-~~~55;;;;;;;11.23.46;1;4;5;1;1622;;5;8;2;9;13;4;18;7;11;16;9;2;
*09EH+~~B;;;;;;;11.23.46;1;4;5;1;1624;;5;8;2;9;13;4;18;7;11;16;9;2;
*05AH-G9~91~H2;;r;;;;;11.23.50;1;4;5;1;1625;;5;8;2;9;13;4;18;7;11;16;9;2;
a16BH+~~~~4~~2;;;;;;;11.23.50;1;4;5;1;1625;;5;8;2;9;13;4;18;7;11;16;9;2;
a07DH+;;;;;;;11.23.53;1;4;5;1;1625;;5;8;2;9;13;4;18;7;11;16;9;2;
a09ET+;;;;;;;11.23.53;1;4;5;1;1627;;5;8;2;9;13;4;18;7;11;16;9;2;
a11AT#W4~41~H2S;p;p;;;;;11.23.54;1;4;5;1;1628;;5;8;2;9;13;4;18;7;11;16;9;2;
*09BT=~~~~2~~2S;p;;;;;;11.23.54;1;4;5;1;1628;;5;8;2;9;13;4;18;7;11;16;9;2;
ap19:24;;;;;;;11.24.05;1;4;5;1;1634;;5;8;2;9;13;4;18;7;11;16;9;2;
a18SM-~~~55;;;;;;;11.24.11;1;4;5;1;1647;;5;8;2;9;13;4;18;7;11;16;9;2;
*08RM+~~~55~~~~32;;;;;;;11.24.11;1;4;5;1;1647;;5;8;2;9;13;4;18;7;11;16;9;2;
*09ET+K1F;;;;;;;11.24.11;1;4;5;1;1649;;5;8;2;9;13;4;18;7;11;16;9;2;
*08AT=W4~42~T2Z;p;r;;;;;11.24.16;1;4;5;1;1650;;5;8;2;9;13;4;18;7;11;16;9;2;
a$$&H#;p;;;;;;11.24.16;1;4;5;1;1650;;5;8;2;9;13;4;18;7;11;16;9;2;
ap19:25;;;;;;;11.24.20;1;4;5;1;1653;;5;8;2;9;13;4;18;7;11;16;9;2;
**1set;;;;;;;11.24.20;2;4;5;1;1656;;;;;;;;;;;;;;
*P09>LUp;;;;;;;11.24.20;2;4;5;1;1656;;9;13;4;5;8;2;9;2;18;7;11;16;
*z1>LUp;;;;;;;11.24.20;2;1;5;1;1656;;9;13;4;5;8;2;9;2;18;7;11;16;
aP09>LUp;;;;;;;11.24.20;2;1;5;1;1656;;9;13;4;5;8;2;9;2;18;7;11;16;
az1>LUp;;;;;;;11.24.20;2;1;1;1;1656;;9;13;4;5;8;2;9;2;18;7;11;16;
a09SM-~~~56D;;;;;;;11.27.54;2;1;1;1;1870;;9;13;4;5;8;2;9;2;18;7;11;16;
*08RM+~~~56D~~~33;;;;;;;11.27.54;2;1;1;1;1870;;9;13;4;5;8;2;9;2;18;7;11;16;
*09EQ+K1C;;;;;;;11.27.54;2;1;1;1;1872;;9;13;4;5;8;2;9;2;18;7;11;16;
*04AQ#J1~35~H1;s;r;;;;;11.27.58;2;1;1;1;1873;;9;13;4;5;8;2;9;2;18;7;11;16;
a11DQ=~~~35;s;;;;;;11.27.58;2;1;1;1;1873;;9;13;4;5;8;2;9;2;18;7;11;16;
*p01:00;;;;;;;11.28.01;2;1;1;1;1876;;9;13;4;5;8;2;9;2;18;7;11;16;
*z6;;;;;;;11.28.01;2;6;1;1;1877;;13;4;5;8;2;9;9;2;18;7;11;16;
*13SQ-~~~55;;;;;;;11.28.13;2;6;1;1;1889;;13;4;5;8;2;9;9;2;18;7;11;16;
a11RQ+~~~55~~~~32;;;;;;;11.28.13;2;6;1;1;1889;;13;4;5;8;2;9;9;2;18;7;11;16;
a09EQ+K1C;;;;;;;11.28.13;2;6;1;1;1891;;13;4;5;8;2;9;9;2;18;7;11;16;
a18AQ-J1~35~H2;;r;;;;;11.28.17;2;6;1;1;1892;;13;4;5;8;2;9;9;2;18;7;11;16;
*08BQ+~~~~3~~2;;;;;;;11.28.17;2;6;1;1;1892;;13;4;5;8;2;9;9;2;18;7;11;16;
*10DQ+~~~35;;;;;;;11.28.17;2;6;1;1;1892;;13;4;5;8;2;9;9;2;18;7;11;16;
*08EH+~~B;;;;;;;11.28.17;2;6;1;1;1894;;13;4;5;8;2;9;9;2;18;7;11;16;
*05AH-G2~24~T2;;p;;;;;11.28.20;2;6;1;1;1895;;13;4;5;8;2;9;9;2;18;7;11;16;
a07BH+~~~~4~~2;;;;;;;11.28.20;2;6;1;1;1895;;13;4;5;8;2;9;9;2;18;7;11;16;
*05DH/;;;;;;;11.28.20;2;6;1;1;1895;;13;4;5;8;2;9;9;2;18;7;11;16;
a02FH+;;;;;;;11.28.20;2;6;1;1;1895;;13;4;5;8;2;9;9;2;18;7;11;16;
a09ET+;;;;;;;11.28.20;2;6;1;1;1897;;13;4;5;8;2;9;9;2;18;7;11;16;
a07AT#W4~45~H2F;s;s;;;;;11.28.25;2;6;1;1;1898;;13;4;5;8;2;9;9;2;18;7;11;16;
*04BT=~~~~2~~2F;s;;;;;;11.28.25;2;6;1;1;1898;;13;4;5;8;2;9;9;2;18;7;11;16;
ap01:01;;;;;;;11.28.30;2;6;1;1;1901;;13;4;5;8;2;9;9;2;18;7;11;16;
az6;;;;;;;11.28.30;2;6;6;1;1906;;13;4;5;8;2;9;2;18;7;11;16;9;
a02SQ-~~~11~~~N;;;;;;;11.28.40;2;6;6;1;1916;;13;4;5;8;2;9;2;18;7;11;16;9;
*13RQ+~~~11~~~~33;;;;;;;11.28.40;2;6;6;1;1916;;13;4;5;8;2;9;2;18;7;11;16;9;
*09EQ+K1C;;;;;;;11.28.49;2;6;6;1;1918;;13;4;5;8;2;9;2;18;7;11;16;9;
*04AQ-J1~36~H1;;r;;;;;11.28.46;2;6;6;1;1919;;13;4;5;8;2;9;2;18;7;11;16;9;
a18BQ+~~~~3~~1;;;;;;;11.28.46;2;6;6;1;1919;;13;4;5;8;2;9;2;18;7;11;16;9;
a02DQ+~~~36;;;;;;;11.28.46;2;6;6;1;1919;;13;4;5;8;2;9;2;18;7;11;16;9;
a11EH-;;;;;;;11.28.46;2;6;6;1;1921;;13;4;5;8;2;9;2;18;7;11;16;9;
*10FH+;;;;;;;11.28.46;2;6;6;1;1922;;13;4;5;8;2;9;2;18;7;11;16;9;
*04AQ=J4~39~H1S;p;s;;;;;11.28.52;2;6;6;1;1925;;13;4;5;8;2;9;2;18;7;11;16;9;
a$$&H#;p;;;;;;11.28.52;2;6;6;1;1925;;13;4;5;8;2;9;2;18;7;11;16;9;
ap01:02;;;;;;;11.28.55;2;6;6;1;1930;;13;4;5;8;2;9;2;18;7;11;16;9;
a02SQ=~~~11~~~N;s;;;;;;11.29.12;2;6;6;1;1948;;13;4;5;8;2;9;2;18;7;11;16;9;
*$$&H#;s;;;;;;11.29.12;2;6;6;1;1948;;13;4;5;8;2;9;2;18;7;11;16;9;
*p02:02;;;;;;;11.29.16;2;6;6;1;1952;;13;4;5;8;2;9;2;18;7;11;16;9;
*z5;;;;;;;11.29.16;2;5;6;1;1952;;4;5;8;2;9;13;2;18;7;11;16;9;
*04SM-~~~11;;;;;;;11.29.30;2;5;6;1;1966;;4;5;8;2;9;13;2;18;7;11;16;9;
a02RM#~~~11~~~~33;;;;;;;11.29.30;2;5;6;1;1966;;4;5;8;2;9;13;2;18;7;11;16;9;
a09EQ#K1C;;;;;;;11.29.30;2;5;6;1;1968;;4;5;8;2;9;13;2;18;7;11;16;9;
a18AQ#J1~35~H1;s;r;;;;;11.29.35;2;5;6;1;1969;;4;5;8;2;9;13;2;18;7;11;16;9;
*$$&H=;s;;;;;;11.29.35;2;5;6;1;1969;;4;5;8;2;9;13;2;18;7;11;16;9;
ap02:03;;;;;;;11.29.40;2;5;6;1;1972;;4;5;8;2;9;13;2;18;7;11;16;9;
az5;;;;;;;11.29.40;2;5;5;1;1976;;4;5;8;2;9;13;18;7;11;16;9;2;
a18SM=~~~55~~~O;s;;;;;;11.29.50;2;5;5;1;1986;;4;5;8;2;9;13;18;7;11;16;9;2;
*$$&H#;s;;;;;;11.29.50;2;5;5;1;1986;;4;5;8;2;9;13;18;7;11;16;9;2;
*p03:03;;;;;;;11.29.56;2;5;5;1;1992;;4;5;8;2;9;13;18;7;11;16;9;2;
*z4;;;;;;;11.29.56;2;4;5;1;1992;;5;8;2;9;13;4;18;7;11;16;9;2;
*05SQ=~~~66~~~N;s;;;;;;11.30.09;2;4;5;1;2005;;5;8;2;9;13;4;18;7;11;16;9;2;
a$$&H#;s;;;;;;11.30.09;2;4;5;1;2005;;5;8;2;9;13;4;18;7;11;16;9;2;
ap03:04;;;;;;;11.30.13;2;4;5;1;2009;;5;8;2;9;13;4;18;7;11;16;9;2;
az4;;;;;;;11.30.13;2;4;4;1;2009;;5;8;2;9;13;4;7;11;16;9;2;18;
a07SQ-~~~16;;;;;;;11.30.29;2;4;4;1;2025;;5;8;2;9;13;4;7;11;16;9;2;18;
*13RQ+~~~16~~~~32;;;;;;;11.30.29;2;4;4;1;2025;;5;8;2;9;13;4;7;11;16;9;2;18;
*09ET+K1P;;;;;;;11.30.29;2;4;4;1;2027;;5;8;2;9;13;4;7;11;16;9;2;18;
*13AT+Y8~86~H2;;r;;;;;11.30.35;2;4;4;1;2028;;5;8;2;9;13;4;7;11;16;9;2;18;
a16BT-~~~~3~~2;;;;;;;11.30.35;2;4;4;1;2028;;5;8;2;9;13;4;7;11;16;9;2;18;
*09DH+;;;;;;;11.30.35;2;4;4;1;2028;;5;8;2;9;13;4;7;11;16;9;2;18;
*13EH+;;;;;;;11.30.35;2;4;4;1;2030;;5;8;2;9;13;4;7;11;16;9;2;18;
*08AH/G4~45~H2;p;s;;;;;11.30.39;2;4;4;1;2031;;5;8;2;9;13;4;7;11;16;9;2;18;
a16BH#~~~~2~~2;p;;;;;;11.30.39;2;4;4;1;2031;;5;8;2;9;13;4;7;11;16;9;2;18;
ap03:05;;;;;;;11.30.42;2;4;4;1;2036;;5;8;2;9;13;4;7;11;16;9;2;18;
a07SQ!~~~11;;;;;;;11.31.14;2;4;4;1;2070;;5;8;2;9;13;4;7;11;16;9;2;18;
*10RQ!~~~11~~~~33;;;;;;;11.31.14;2;4;4;1;2070;;5;8;2;9;13;4;7;11;16;9;2;18;
*09EH+K3B;;;;;;;11.31.14;2;4;4;1;2072;;5;8;2;9;13;4;7;11;16;9;2;18;
*05AH#G9~91~H2;s;r;;;;;11.31.20;2;4;4;1;2073;;5;8;2;9;13;4;7;11;16;9;2;18;
a07DH=~~~91;s;;;;;;11.31.20;2;4;4;1;2073;;5;8;2;9;13;4;7;11;16;9;2;18;
*p04:05;;;;;;;11.31.24;2;4;4;1;2078;;5;8;2;9;13;4;7;11;16;9;2;18;
*z3;;;;;;;11.31.24;2;3;4;1;2080;;8;2;9;13;4;5;7;11;16;9;2;18;
*08SQ!~~~14~~~N;;;;;;;11.31.43;2;3;4;1;2099;;8;2;9;13;4;5;7;11;16;9;2;18;
a16RQ!~~~14~W~~33;;;;;;;11.31.43;2;3;4;1;2099;;8;2;9;13;4;5;7;11;16;9;2;18;
a09ET+KEB;;;;;;;11.31.43;2;3;4;1;2101;;8;2;9;13;4;5;7;11;16;9;2;18;
a07AT-Y9~96~H2;;r;;;;;11.31.50;2;3;4;1;2102;;8;2;9;13;4;5;7;11;16;9;2;18;
*08DT+~~~96;;;;;;;11.31.50;2;3;4;1;2102;;8;2;9;13;4;5;7;11;16;9;2;18;
*09EH+;;;;;;;11.31.50;2;3;4;1;2104;;8;2;9;13;4;5;7;11;16;9;2;18;
*13AH-G4~48~T2;;p;;;;;11.31.53;2;3;4;1;2105;;8;2;9;13;4;5;7;11;16;9;2;18;
a20DH+~~~48;;;;;;;11.31.53;2;3;4;1;2105;;8;2;9;13;4;5;7;11;16;9;2;18;
a07EH-~~~~4;;;;;;;11.31.53;2;3;4;1;2105;;8;2;9;13;4;5;7;11;16;9;2;18;
*10FH+;;;;;;;11.31.56;2;3;4;1;2108;;8;2;9;13;4;5;7;11;16;9;2;18;
*09EQ+;;;;;;;11.31.56;2;3;4;1;2111;;8;2;9;13;4;5;7;11;16;9;2;18;
*02AQ#J3~36~H2F;p;p;;;;;11.32.01;2;3;4;1;2112;;8;2;9;13;4;5;7;11;16;9;2;18;
a16BQ=~~~~3~~2F;p;;;;;;11.32.01;2;3;4;1;2112;;8;2;9;13;4;5;7;11;16;9;2;18;
*p05:05;;;;;;;11.32.10;2;3;4;1;2118;;8;2;9;13;4;5;7;11;16;9;2;18;
*08SQ/~~~15B;;;;;;;11.32.22;2;3;4;1;2138;;8;2;9;13;4;5;7;11;16;9;2;18;
a11RQ/~~~15BW;;;;;;;11.32.22;2;3;4;1;2138;;8;2;9;13;4;5;7;11;16;9;2;18;
*10FH+;;;;;;;11.32.28;2;3;4;1;2140;;8;2;9;13;4;5;7;11;16;9;2;18;
*09EQ#~~C;;;;;;;11.32.28;2;3;4;1;2142;;8;2;9;13;4;5;7;11;16;9;2;18;
*02AQ#J1~35~H1F;p;p;;;;;11.32.30;2;3;4;1;2143;;8;2;9;13;4;5;7;11;16;9;2;18;
a16BQ=~~~~3~~1F;p;;;;;;11.32.30;2;3;4;1;2143;;8;2;9;13;4;5;7;11;16;9;2;18;
*p06:05;;;;;;;11.32.33;2;3;4;1;2148;;8;2;9;13;4;5;7;11;16;9;2;18;
*08SQ-~~~15;;;;;;;11.32.56;2;3;4;1;2172;;8;2;9;13;4;5;7;11;16;9;2;18;
a11RQ#~~~15~~~~33;;;;;;;11.32.56;2;3;4;1;2172;;8;2;9;13;4;5;7;11;16;9;2;18;
a09ET+K1F;;;;;;;11.32.56;2;3;4;1;2174;;8;2;9;13;4;5;7;11;16;9;2;18;
a11AT#W4~46~H2;s;r;;;;;11.33.01;2;3;4;1;2175;;8;2;9;13;4;5;7;11;16;9;2;18;
*$$&H=;s;;;;;;11.33.01;2;3;4;1;2175;;8;2;9;13;4;5;7;11;16;9;2;18;
ap06:06;;;;;;;11.33.05;2;3;4;1;2179;;8;2;9;13;4;5;7;11;16;9;2;18;
az3;;;;;;;11.33.05;2;3;3;1;2181;;8;2;9;13;4;5;11;16;9;2;18;7;
a11SQ!~~~66;;;;;;;11.33.24;2;3;3;1;2200;;8;2;9;13;4;5;11;16;9;2;18;7;
*08RQ!~~~66~~~~42;;;;;;;11.33.24;2;3;3;1;2200;;8;2;9;13;4;5;11;16;9;2;18;7;
*09ET+KFF~~~~~~KE;;;;;;;11.33.24;2;3;3;1;2202;;8;2;9;13;4;5;11;16;9;2;18;7;
*13AT+W4~45~H2;;r;;;;;11.33.30;2;3;3;1;2203;;8;2;9;13;4;5;11;16;9;2;18;7;
a16BT-~~~~2~~2;;;;;;;11.33.30;2;3;3;1;2203;;8;2;9;13;4;5;11;16;9;2;18;7;
*05DH+;;;;;;;11.33.32;2;3;3;1;2203;;8;2;9;13;4;5;11;16;9;2;18;7;
*09ET+~~P;;;;;;;11.33.32;2;3;3;1;2205;;8;2;9;13;4;5;11;16;9;2;18;7;
*08AT!Y8~81~H2;;s;;;;;11.33.37;2;3;3;1;2206;;8;2;9;13;4;5;11;16;9;2;18;7;
a16BT/~~~~3~~2;s;;;;;;11.33.37;2;3;3;1;2206;;8;2;9;13;4;5;11;16;9;2;18;7;
*$$&H#;s;;;;;;11.33.37;2;3;3;1;2206;;8;2;9;13;4;5;11;16;9;2;18;7;
*p07:06;;;;;;;11.33.41;2;3;3;1;2212;;8;2;9;13;4;5;11;16;9;2;18;7;
*z2;;;;;;;11.33.41;2;2;3;1;2217;;2;9;13;4;5;8;11;16;9;2;18;7;
*02SQ-~~~61;;;;;;;11.33.54;2;2;3;1;2230;;2;9;13;4;5;8;11;16;9;2;18;7;
a11RQ+~~~61~~~~33;;;;;;;11.33.54;2;2;3;1;2230;;2;9;13;4;5;8;11;16;9;2;18;7;
a09EQ+K1C;;;;;;;11.33.54;2;2;3;1;2232;;2;9;13;4;5;8;11;16;9;2;18;7;
a16AQ#J4~36CH3;s;r;;;;;11.33.59;2;2;3;1;2233;;2;9;13;4;5;8;11;16;9;2;18;7;
*$$&H=;s;;;;;;11.33.59;2;2;3;1;2233;;2;9;13;4;5;8;11;16;9;2;18;7;
ap07:07;;;;;;;11.34.02;2;2;3;1;2236;;2;9;13;4;5;8;11;16;9;2;18;7;
az2;;;;;;;11.34.02;2;2;2;1;2238;;2;9;13;4;5;8;16;9;2;18;7;11;
a16SQ+~~~17;;;;;;;11.34.16;2;2;2;1;2252;;2;9;13;4;5;8;16;9;2;18;7;11;
*04RQ-~~~17~O;;;;;;;11.34.16;2;2;2;1;2252;;2;9;13;4;5;8;16;9;2;18;7;11;
*13EH+~~B;;;;;;;11.34.16;2;2;2;1;2254;;2;9;13;4;5;8;16;9;2;18;7;11;
*05AH-G9~91~H0;;r;;;;;11.34.22;2;2;2;1;2255;;2;9;13;4;5;8;16;9;2;18;7;11;
a07DH+~~~91;;;;;;;11.34.22;2;2;2;1;2255;;2;9;13;4;5;8;16;9;2;18;7;11;
a09EH+~~F;;;;;;;11.34.22;2;2;2;1;2257;;2;9;13;4;5;8;16;9;2;18;7;11;
a02AH#G4~45BH2;p;p;;;;;11.34.25;2;2;2;1;2258;;2;9;13;4;5;8;16;9;2;18;7;11;
*$$&H=;p;;;;;;11.34.25;2;2;2;1;2258;;2;9;13;4;5;8;16;9;2;18;7;11;
ap07:08;;;;;;;11.34.29;2;2;2;1;2264;;2;9;13;4;5;8;16;9;2;18;7;11;
a16SM-~~~15;;;;;;;11.34.43;2;2;2;1;2279;;2;9;13;4;5;8;16;9;2;18;7;11;
*13RM+~~~15~~~~32;;;;;;;11.34.43;2;2;2;1;2279;;2;9;13;4;5;8;16;9;2;18;7;11;
*09EQ+K2C;;;;;;;11.34.43;2;2;2;1;2281;;2;9;13;4;5;8;16;9;2;18;7;11;
*04AQ-J2~37~H1;;r;;;;;11.34.47;2;2;2;1;2282;;2;9;13;4;5;8;16;9;2;18;7;11;
a16DQ+~~~37;;;;;;;11.34.47;2;2;2;1;2282;;2;9;13;4;5;8;16;9;2;18;7;11;
a11EH+~~F;;;;;;;11.34.47;2;2;2;1;2284;;2;9;13;4;5;8;16;9;2;18;7;11;
a02AH-G4~42~T2;;p;;;;;11.34.51;2;2;2;1;2285;;2;9;13;4;5;8;16;9;2;18;7;11;
*04BH+~~~~2~~2;;;;;;;11.34.51;2;2;2;1;2285;;2;9;13;4;5;8;16;9;2;18;7;11;
*04DH+;;;;;;;11.34.52;2;2;2;1;2285;;2;9;13;4;5;8;16;9;2;18;7;11;
*10EH+~~F;;;;;;;11.34.52;2;2;2;1;2287;;2;9;13;4;5;8;16;9;2;18;7;11;
*13AH-G4~41~P2;;s;;;;;11.34.53;2;2;2;1;2288;;2;9;13;4;5;8;16;9;2;18;7;11;
a18BH+~~~~2~~2;;;;;;;11.34.53;2;2;2;1;2288;;2;9;13;4;5;8;16;9;2;18;7;11;
a07DH+~~~41;;;;;;;11.34.53;2;2;2;1;2288;;2;9;13;4;5;8;16;9;2;18;7;11;
a09ET+~~F;;;;;;;11.34.53;2;2;2;1;2291;;2;9;13;4;5;8;16;9;2;18;7;11;
a02AT-W4~46~H2;;p;;;;;11.34.57;2;2;2;1;2292;;2;9;13;4;5;8;16;9;2;18;7;11;
*09BT+~~~~2~~2;;;;;;;11.34.57;2;2;2;1;2292;;2;9;13;4;5;8;16;9;2;18;7;11;
*08DH+;;;;;;;11.35.00;2;2;2;1;2292;;2;9;13;4;5;8;16;9;2;18;7;11;
*09ET+~~B;;;;;;;11.35.00;2;2;2;1;2294;;2;9;13;4;5;8;16;9;2;18;7;11;
*05AT=Y9~95~H2N;p;s;;;;;11.35.02;2;2;2;1;2295;;2;9;13;4;5;8;16;9;2;18;7;11;
a$$&H#;p;;;;;;11.35.02;2;2;2;1;2295;;2;9;13;4;5;8;16;9;2;18;7;11;
ap07:09;;;;;;;11.35.04;2;2;2;1;2301;;2;9;13;4;5;8;16;9;2;18;7;11;
a16SM!~~~15;;;;;;;11.35.18;2;2;2;1;2314;;2;9;13;4;5;8;16;9;2;18;7;11;
*13RM!~~~15~~~~33;;;;;;;11.35.18;2;2;2;1;2314;;2;9;13;4;5;8;16;9;2;18;7;11;
*09ET+K1F;;;;;;;11.35.18;2;2;2;1;2316;;2;9;13;4;5;8;16;9;2;18;7;11;
*13AT=W4~45CH2S;p;r;;;;;11.35.22;2;2;2;1;2317;;2;9;13;4;5;8;16;9;2;18;7;11;
a$$&H#;p;;;;;;11.35.22;2;2;2;1;2317;;2;9;13;4;5;8;16;9;2;18;7;11;
ap07:10;;;;;;;11.35.26;2;2;2;1;2321;;2;9;13;4;5;8;16;9;2;18;7;11;
*T;;;;;;;11.35.26;2;2;2;1;2322;;2;9;13;4;5;8;16;9;2;18;7;11;
a16SM+~~~16;;;;;;;11.36.30;2;2;2;1;2386;;2;9;13;4;5;8;16;9;2;18;7;11;
*08RM-~~~16;;;;;;;11.36.30;2;2;2;1;2386;;2;9;13;4;5;8;16;9;2;18;7;11;
*09EH+~~F;;;;;;;11.36.30;2;2;2;1;2388;;2;9;13;4;5;8;16;9;2;18;7;11;
*13AH#G4~45~H2;s;r;;;;;11.36.35;2;2;2;1;2389;;2;9;13;4;5;8;16;9;2;18;7;11;
a16DH=~~~45;s;;;;;;11.36.35;2;2;2;1;2389;;2;9;13;4;5;8;16;9;2;18;7;11;
*p08:10;;;;;;;11.36.37;2;2;2;1;2392;;2;9;13;4;5;8;16;9;2;18;7;11;
*z1;;;;;;;11.36.37;2;1;2;1;2393;;9;13;4;5;8;2;16;9;2;18;7;11;
*09SM=~~~15~~~N;s;;;;;;11.37.08;2;1;2;1;2424;;9;13;4;5;8;2;16;9;2;18;7;11;
a$$&H#;s;;;;;;11.37.08;2;1;2;1;2424;;9;13;4;5;8;2;16;9;2;18;7;11;
ap08:11;;;;;;;11.37.11;2;1;2;1;2427;;9;13;4;5;8;2;16;9;2;18;7;11;
az1;;;;;;;11.37.11;2;1;1;1;2427;;9;13;4;5;8;2;9;2;18;7;11;16;
a09SM!~~~56;;;;;;;11.37.23;2;1;1;1;2439;;9;13;4;5;8;2;9;2;18;7;11;16;
*08RM!~~~56;;;;;;;11.37.23;2;1;1;1;2439;;9;13;4;5;8;2;9;2;18;7;11;16;
*09ET+KEF;;;;;;;11.37.23;2;1;1;1;2441;;9;13;4;5;8;2;9;2;18;7;11;16;
*05AT-W4~47~H2;;r;;;;;11.37.29;2;1;1;1;2442;;9;13;4;5;8;2;9;2;18;7;11;16;
a18BT+~~~~2~~2;;;;;;;11.37.29;2;1;1;1;2442;;9;13;4;5;8;2;9;2;18;7;11;16;
a02DT+~~~47;;;;;;;11.37.29;2;1;1;1;2442;;9;13;4;5;8;2;9;2;18;7;11;16;
a11EH+~~F;;;;;;;11.37.29;2;1;1;1;2444;;9;13;4;5;8;2;9;2;18;7;11;16;
a02AH#G4~42~T2S;p;p;;;;;11.37.32;2;1;1;1;2445;;9;13;4;5;8;2;9;2;18;7;11;16;
*04BH=~~~~2~~2S;p;;;;;;11.37.32;2;1;1;1;2445;;9;13;4;5;8;2;9;2;18;7;11;16;
ap08:12;;;;;;;11.37.38;2;1;1;1;2452;;9;13;4;5;8;2;9;2;18;7;11;16;
a09SM-~~~56;;;;;;;11.37.48;2;1;1;1;2464;;9;13;4;5;8;2;9;2;18;7;11;16;
*08RM+~~~56;;;;;;;11.37.48;2;1;1;1;2464;;9;13;4;5;8;2;9;2;18;7;11;16;
*09EH-~~~~8;;;;;;;11.37.52;2;1;1;1;2466;;9;13;4;5;8;2;9;2;18;7;11;16;
a09FH-;;;;;;;11.37.52;2;1;1;1;2466;;9;13;4;5;8;2;9;2;18;7;11;16;
a07EH+~~~~4;;;;;;;11.37.56;2;1;1;1;2467;;9;13;4;5;8;2;9;2;18;7;11;16;
a02AH-G4~49~P2;;p;;;;;11.37.56;2;1;1;1;2467;;9;13;4;5;8;2;9;2;18;7;11;16;
*09DH+~~~49;;;;;;;11.37.56;2;1;1;1;2467;;9;13;4;5;8;2;9;2;18;7;11;16;
*10EH+~~F;;;;;;;11.37.56;2;1;1;1;2469;;9;13;4;5;8;2;9;2;18;7;11;16;
*05AH+G4~45~H2;;s;;;;;11.38.01;2;1;1;1;2470;;9;13;4;5;8;2;9;2;18;7;11;16;
a18BH-~~~~2~~2;;;;;;;11.38.01;2;1;1;1;2470;;9;13;4;5;8;2;9;2;18;7;11;16;
*10DH+;;;;;;;11.38.03;2;1;1;1;2470;;9;13;4;5;8;2;9;2;18;7;11;16;
*09ET+~~B;;;;;;;11.38.03;2;1;1;1;2472;;9;13;4;5;8;2;9;2;18;7;11;16;
*13AT#W2~29~H1;s;s;;;;;11.38.05;2;1;1;1;2473;;9;13;4;5;8;2;9;2;18;7;11;16;
a09DT=~~~29;s;;;;;;11.38.05;2;1;1;1;2473;;9;13;4;5;8;2;9;2;18;7;11;16;
*p09:12;;;;;;;11.38.08;2;1;1;1;2483;;9;13;4;5;8;2;9;2;18;7;11;16;
*z6;;;;;;;11.38.08;2;6;1;1;2484;;13;4;5;8;2;9;9;2;18;7;11;16;
*13SQ=~~~66D~~O;s;;;;;;11.38.22;2;6;1;1;2498;;13;4;5;8;2;9;9;2;18;7;11;16;
a$$&H#;s;;;;;;11.38.22;2;6;1;1;2498;;13;4;5;8;2;9;9;2;18;7;11;16;
ap09:13;;;;;;;11.38.25;2;6;1;1;2501;;13;4;5;8;2;9;9;2;18;7;11;16;
az6;;;;;;;11.38.25;2;6;6;1;2501;;13;4;5;8;2;9;2;18;7;11;16;9;
a02SQ+~~~11;;;;;;;11.38.36;2;6;6;1;2512;;13;4;5;8;2;9;2;18;7;11;16;9;
*13RQ-~~~11;;;;;;;11.38.36;2;6;6;1;2512;;13;4;5;8;2;9;2;18;7;11;16;9;
*09ET+~~F;;;;;;;11.38.50;2;6;6;1;2514;;13;4;5;8;2;9;2;18;7;11;16;9;
*08AT+W4~42~T2;;r;;;;;11.38.42;2;6;6;1;2515;;13;4;5;8;2;9;2;18;7;11;16;9;
a07BT-~~~~2~~2;;;;;;;11.38.42;2;6;6;1;2515;;13;4;5;8;2;9;2;18;7;11;16;9;
*04FH+;;;;;;;11.38.42;2;6;6;1;2515;;13;4;5;8;2;9;2;18;7;11;16;9;
*09ET+~~F;;;;;;;11.38.42;2;6;6;1;2517;;13;4;5;8;2;9;2;18;7;11;16;9;
*08AT-W4~45~H2;;s;;;;;11.38.48;2;6;6;1;2518;;13;4;5;8;2;9;2;18;7;11;16;9;
a20DT+~~~45;;;;;;;11.38.48;2;6;6;1;2518;;13;4;5;8;2;9;2;18;7;11;16;9;
a02EH+~~~~4;;;;;;;11.38.48;2;6;6;1;2520;;13;4;5;8;2;9;2;18;7;11;16;9;
a11AH#G4~46~H2F;p;p;;;;;11.38.51;2;6;6;1;2521;;13;4;5;8;2;9;2;18;7;11;16;9;
*04BH=~~~~2~~2F;p;;;;;;11.38.51;2;6;6;1;2521;;13;4;5;8;2;9;2;18;7;11;16;9;
ap09:14;;;;;;;11.39.00;2;6;6;1;2530;;13;4;5;8;2;9;2;18;7;11;16;9;
*c04:12;;;;;;;11.39.00;2;6;6;1;2536;;13;12;5;8;2;9;2;18;7;11;16;9;
a02SQ-~~~11;;;;;;;11.39.26;2;6;6;1;2562;;13;12;5;8;2;9;2;18;7;11;16;9;
*13RQ+~~~11~~~~33;;;;;;;11.39.26;2;6;6;1;2562;;13;12;5;8;2;9;2;18;7;11;16;9;
*09EQ+K3C;;;;;;;11.39.26;2;6;6;1;2564;;13;12;5;8;2;9;2;18;7;11;16;9;
*12AQ-J3~31~H1;;r;;;;;11.39.31;2;6;6;1;2565;;13;12;5;8;2;9;2;18;7;11;16;9;
a09DQ+~~~31;;;;;;;11.39.31;2;6;6;1;2565;;13;12;5;8;2;9;2;18;7;11;16;9;
a20EH+;;;;;;;11.39.31;2;6;6;1;2567;;13;12;5;8;2;9;2;18;7;11;16;9;
a07AH#G2~21~H2S;p;p;;;;;11.39.34;2;6;6;1;2568;;13;12;5;8;2;9;2;18;7;11;16;9;
*12BH=~~~~4~~2S;p;;;;;;11.39.34;2;6;6;1;2568;;13;12;5;8;2;9;2;18;7;11;16;9;
ap09:15;;;;;;;11.39.38;2;6;6;1;2573;;13;12;5;8;2;9;2;18;7;11;16;9;
a02SQ-~~~11;;;;;;;11.39.57;2;6;6;1;2593;;13;12;5;8;2;9;2;18;7;11;16;9;
*13RQ#~~~11~~~~33;;;;;;;11.39.57;2;6;6;1;2593;;13;12;5;8;2;9;2;18;7;11;16;9;
*09ET+K3B;;;;;;;11.39.57;2;6;6;1;2595;;13;12;5;8;2;9;2;18;7;11;16;9;
*05AT#W2~26~H2O;s;r;;;;;11.40.02;2;6;6;1;2596;;13;12;5;8;2;9;2;18;7;11;16;9;
a18BT=~~~~4~~2O;s;;;;;;11.40.02;2;6;6;1;2596;;13;12;5;8;2;9;2;18;7;11;16;9;
*p10:15;;;;;;;11.40.05;2;6;6;1;2600;;13;12;5;8;2;9;2;18;7;11;16;9;
*z5;;;;;;;11.40.05;2;5;6;1;2601;;12;5;8;2;9;13;2;18;7;11;16;9;
*12SM#~~~55;p;;;;;;11.40.50;2;5;6;1;2646;;12;5;8;2;9;13;2;18;7;11;16;9;
a20RM=~~~55~L;p;;;;;;11.40.50;2;5;6;1;2646;;12;5;8;2;9;13;2;18;7;11;16;9;
*p11:15;;;;;;;11.40.55;2;5;6;1;2651;;12;5;8;2;9;13;2;18;7;11;16;9;
*12SM-~~~55;;;;;;;11.41.11;2;5;6;1;2667;;12;5;8;2;9;13;2;18;7;11;16;9;
a20RM+~~~55~~~~32;;;;;;;11.41.11;2;5;6;1;2667;;12;5;8;2;9;13;2;18;7;11;16;9;
a09ET#K1B;;;;;;;11.41.11;2;5;6;1;2669;;12;5;8;2;9;13;2;18;7;11;16;9;
a07AT#W2~29~H1;s;r;;;;;11.41.17;2;5;6;1;2670;;12;5;8;2;9;13;2;18;7;11;16;9;
*$$&H=;s;;;;;;11.41.17;2;5;6;1;2670;;12;5;8;2;9;13;2;18;7;11;16;9;
ap11:16;;;;;;;11.41.21;2;5;6;1;2674;;12;5;8;2;9;13;2;18;7;11;16;9;
az5;;;;;;;11.41.21;2;5;5;1;2677;;12;5;8;2;9;13;18;7;11;16;9;2;
a18SM!~~~55;;;;;;;11.41.33;2;5;5;1;2689;;12;5;8;2;9;13;18;7;11;16;9;2;
*08RM!~~~55~O;;;;;;;11.41.33;2;5;5;1;2689;;12;5;8;2;9;13;18;7;11;16;9;2;
*09ET+K2B;;;;;;;11.41.33;2;5;5;1;2691;;12;5;8;2;9;13;18;7;11;16;9;2;
*05AT=W2~26~H2O;p;r;;;;;11.41.39;2;5;5;1;2692;;12;5;8;2;9;13;18;7;11;16;9;2;
a$$&H#;p;;;;;;11.41.39;2;5;5;1;2692;;12;5;8;2;9;13;18;7;11;16;9;2;
ap11:17;;;;;;;11.41.51;2;5;5;1;2697;;12;5;8;2;9;13;18;7;11;16;9;2;
a18SM+~~~56;;;;;;;11.44.50;2;5;5;1;2886;;12;5;8;2;9;13;18;7;11;16;9;2;
*13RM-~~~56~O;;;;;;;11.44.50;2;5;5;1;2886;;12;5;8;2;9;13;18;7;11;16;9;2;
*09EH+~~B;;;;;;;11.44.50;2;5;5;1;2888;;12;5;8;2;9;13;18;7;11;16;9;2;
*05AH/G2~26~H2;p;r;;;;;11.44.56;2;5;5;1;2889;;12;5;8;2;9;13;18;7;11;16;9;2;
a16BH#~~~~4~~2;p;;;;;;11.44.56;2;5;5;1;2889;;12;5;8;2;9;13;18;7;11;16;9;2;
ap11:18;;;;;;;11.44.58;2;5;5;1;2894;;12;5;8;2;9;13;18;7;11;16;9;2;
*T;;;;;;;11.44.58;2;5;5;1;2894;;12;5;8;2;9;13;18;7;11;16;9;2;
a18SM-~~~55;;;;;;;11.46.05;2;5;5;1;2961;;12;5;8;2;9;13;18;7;11;16;9;2;
*08RM#~~~55~O;;;;;;;11.46.05;2;5;5;1;2961;;12;5;8;2;9;13;18;7;11;16;9;2;
*09ET#K1P;;;;;;;11.46.05;2;5;5;1;2963;;12;5;8;2;9;13;18;7;11;16;9;2;
*13AT#Y8~86~H1;s;r;;;;;11.46.10;2;5;5;1;2964;;12;5;8;2;9;13;18;7;11;16;9;2;
a$$&H=;s;;;;;;11.46.10;2;5;5;1;2964;;12;5;8;2;9;13;18;7;11;16;9;2;
*p12:18;;;;;;;11.46.12;2;5;5;1;2967;;12;5;8;2;9;13;18;7;11;16;9;2;
*z4;;;;;;;11.46.12;2;4;5;1;2968;;5;8;2;9;13;12;18;7;11;16;9;2;
*c09:06;;;;;;;11.46.12;2;4;5;1;2968;;5;8;2;6;13;12;18;7;11;16;9;2;
*P5;;;;;;;11.46.12;2;4;5;1;2968;;5;8;2;6;13;12;18;7;11;16;9;2;
*z1;;;;;;;11.46.12;2;1;5;1;2968;;5;8;2;6;13;12;18;7;11;16;9;2;
*05SQ=~~~66A~~O;s;;;;;;11.46.37;2;1;5;1;2993;;5;8;2;6;13;12;18;7;11;16;9;2;
a$$&H#;s;;;;;;11.46.37;2;1;5;1;2993;;5;8;2;6;13;12;18;7;11;16;9;2;
ap12:19;;;;;;;11.46.42;2;1;5;1;2998;;5;8;2;6;13;12;18;7;11;16;9;2;
az4;;;;;;;11.46.42;2;1;4;1;2998;;5;8;2;6;13;12;7;11;16;9;2;18;
*c05:01;;;;;;;11.46.42;2;1;4;1;2998;;1;8;2;6;13;12;7;11;16;9;2;18;
*P1;;;;;;;11.46.42;2;1;4;1;2998;;1;8;2;6;13;12;7;11;16;9;2;18;
*z1;;;;;;;11.46.42;2;1;4;1;2998;;1;8;2;6;13;12;7;11;16;9;2;18;
a07SQ-~~~16;;;;;;;11.46.59;2;1;4;1;3015;;1;8;2;6;13;12;7;11;16;9;2;18;
*10RQ+~~~16~~~~34;;;;;;;11.46.59;2;1;4;1;3015;;1;8;2;6;13;12;7;11;16;9;2;18;
*01EQ#K1C;;;;;;;11.46.59;2;1;4;1;3017;;1;8;2;6;13;12;7;11;16;9;2;18;
*02AQ=J4~39~T1S;p;r;;;;;11.47.04;2;1;4;1;3018;;1;8;2;6;13;12;7;11;16;9;2;18;
a$$&H#;p;;;;;;11.47.04;2;1;4;1;3018;;1;8;2;6;13;12;7;11;16;9;2;18;
ap12:20;;;;;;;11.47.08;2;1;4;1;3021;;1;8;2;6;13;12;7;11;16;9;2;18;
a07SQ=~~~66~~~N;s;;;;;;11.47.29;2;1;4;1;3045;;1;8;2;6;13;12;7;11;16;9;2;18;
*$$&H#;s;;;;;;11.47.29;2;1;4;1;3045;;1;8;2;6;13;12;7;11;16;9;2;18;
*p13:20;;;;;;;11.47.33;2;1;4;1;3050;;1;8;2;6;13;12;7;11;16;9;2;18;
*z6;;;;;;;11.47.33;2;6;4;1;3049;;8;2;6;13;12;1;7;11;16;9;2;18;
*08SQ-~~~15;;;;;;;11.47.49;2;6;4;1;3065;;8;2;6;13;12;1;7;11;16;9;2;18;
a11RQ#~~~15~~~~33;;;;;;;11.47.49;2;6;4;1;3065;;8;2;6;13;12;1;7;11;16;9;2;18;
a09ET+K2F;;;;;;;11.47.49;2;6;4;1;3067;;8;2;6;13;12;1;7;11;16;9;2;18;
a11AT#W4~41~H2;s;r;;;;;11.47.54;2;6;4;1;3068;;8;2;6;13;12;1;7;11;16;9;2;18;
*01DT=~~~41;s;;;;;;11.47.54;2;6;4;1;3068;;8;2;6;13;12;1;7;11;16;9;2;18;
ap13:21;;;;;;;11.47.59;2;6;4;1;3072;;8;2;6;13;12;1;7;11;16;9;2;18;
az3;;;;;;;11.47.59;2;6;3;1;3075;;8;2;6;13;12;1;11;16;9;2;18;7;
a11SQ!~~~65~~~N;;;;;;;11.48.13;2;6;3;1;3089;;8;2;6;13;12;1;11;16;9;2;18;7;
*13RQ!~~~65~~~~22;;;;;;;11.48.13;2;6;3;1;3089;;8;2;6;13;12;1;11;16;9;2;18;7;
*01ET+KBF~~~~~~K2;;;;;;;11.48.13;2;6;3;1;3091;;8;2;6;13;12;1;11;16;9;2;18;7;
*13AT#W4~46~H2;s;r;;;;;11.48.19;2;6;3;1;3092;;8;2;6;13;12;1;11;16;9;2;18;7;
a11DT=~~~46;s;;;;;;11.48.19;2;6;3;1;3092;;8;2;6;13;12;1;11;16;9;2;18;7;
*p14:21;;;;;;;11.48.24;2;6;3;1;3097;;8;2;6;13;12;1;11;16;9;2;18;7;
*z5;;;;;;;11.48.24;2;5;3;1;3100;;2;6;13;12;1;8;11;16;9;2;18;7;
*02SM!~~~11;;;;;;;11.48.36;2;5;3;1;3112;;2;6;13;12;1;8;11;16;9;2;18;7;
a20RM!~~~11~O~~21;;;;;;;11.48.36;2;5;3;1;3112;;2;6;13;12;1;8;11;16;9;2;18;7;
a09EQ+KBC~~~~~~K3;;;;;;;11.48.36;2;5;3;1;3114;;2;6;13;12;1;8;11;16;9;2;18;7;
a16AQ-J3~34~T2;;r;;;;;11.48.42;2;5;3;1;3115;;2;6;13;12;1;8;11;16;9;2;18;7;
*13DQ+~~~34;;;;;;;11.48.42;2;5;3;1;3115;;2;6;13;12;1;8;11;16;9;2;18;7;
*01EH+;;;;;;;11.48.42;2;5;3;1;3117;;2;6;13;12;1;8;11;16;9;2;18;7;
*13AH#G4~46~H2;p;p;;;;;11.48.45;2;5;3;1;3118;;2;6;13;12;1;8;11;16;9;2;18;7;
a20DH=~~~46;p;;;;;;11.48.45;2;5;3;1;3118;;2;6;13;12;1;8;11;16;9;2;18;7;
*p15:21;;;;;;;11.48.55;2;5;3;1;3124;;2;6;13;12;1;8;11;16;9;2;18;7;
*02SM-~~~19;;;;;;;11.49.09;2;5;3;1;3145;;2;6;13;12;1;8;11;16;9;2;18;7;
a20RM#~~~19~~~~33;;;;;;;11.49.09;2;5;3;1;3145;;2;6;13;12;1;8;11;16;9;2;18;7;
a09EQ+K1C;;;;;;;11.49.09;2;5;3;1;3147;;2;6;13;12;1;8;11;16;9;2;18;7;
a16AQ#J4~37~H2;s;r;;;;;11.49.14;2;5;3;1;3148;;2;6;13;12;1;8;11;16;9;2;18;7;
*$$&H=;s;;;;;;11.49.14;2;5;3;1;3148;;2;6;13;12;1;8;11;16;9;2;18;7;
ap15:22;;;;;;;11.49.17;2;5;3;1;3151;;2;6;13;12;1;8;11;16;9;2;18;7;
az2;;;;;;;11.49.17;2;5;2;1;3153;;2;6;13;12;1;8;16;9;2;18;7;11;
a16SM!~~~16;;;;;;;11.49.31;2;5;2;1;3167;;2;6;13;12;1;8;16;9;2;18;7;11;
*08RM!~~~16~~~~33;;;;;;;11.49.31;2;5;2;1;3167;;2;6;13;12;1;8;16;9;2;18;7;11;
*01ET+K1F;;;;;;;11.49.31;2;5;2;1;3169;;2;6;13;12;1;8;16;9;2;18;7;11;
*13AT#W4~46~H2F;s;r;;;;;11.49.36;2;5;2;1;3170;;2;6;13;12;1;8;16;9;2;18;7;11;
a18BT=~~~~2~~2F;s;;;;;;11.49.36;2;5;2;1;3170;;2;6;13;12;1;8;16;9;2;18;7;11;
*p16:22;;;;;;;11.49.40;2;5;2;1;3174;;2;6;13;12;1;8;16;9;2;18;7;11;
*z4;;;;;;;11.49.40;2;4;2;1;3176;;6;13;12;1;8;2;16;9;2;18;7;11;
*c01:05;;;;;;;11.49.40;2;4;2;1;3176;;6;13;12;5;8;2;16;9;2;18;7;11;
*P6;;;;;;;11.49.40;2;4;2;1;3176;;6;13;12;5;8;2;16;9;2;18;7;11;
*z1;;;;;;;11.49.40;2;1;2;1;3176;;6;13;12;5;8;2;16;9;2;18;7;11;
*06SQ=~~~65A~~O;s;;;;;;11.50.05;2;1;2;1;3201;;6;13;12;5;8;2;16;9;2;18;7;11;
a$$&H#;s;;;;;;11.50.05;2;1;2;1;3201;;6;13;12;5;8;2;16;9;2;18;7;11;
ap16:23;;;;;;;11.50.11;2;1;2;1;3207;;6;13;12;5;8;2;16;9;2;18;7;11;
az1;;;;;;;11.50.11;2;1;1;1;3207;;6;13;12;5;8;2;9;2;18;7;11;16;
*c06:09;;;;;;;11.50.11;2;1;1;1;3207;;9;13;12;5;8;2;9;2;18;7;11;16;
*P9;;;;;;;11.50.11;2;1;1;1;3207;;9;13;12;5;8;2;9;2;18;7;11;16;
*z1;;;;;;;11.50.11;2;1;1;1;3207;;9;13;12;5;8;2;9;2;18;7;11;16;
a09SM=~~~16D~~O;s;;;;;;11.50.25;2;1;1;1;3221;;9;13;12;5;8;2;9;2;18;7;11;16;
*$$&H#;s;;;;;;11.50.25;2;1;1;1;3221;;9;13;12;5;8;2;9;2;18;7;11;16;
*p17:23;;;;;;;11.50.30;2;1;1;1;3226;;9;13;12;5;8;2;9;2;18;7;11;16;
*z6;;;;;;;11.50.30;2;6;1;1;3226;;13;12;5;8;2;9;9;2;18;7;11;16;
*13SQ-~~~65;;;;;;;11.50.39;2;6;1;1;3235;;13;12;5;8;2;9;9;2;18;7;11;16;
a11RQ+~~~65~~~~33;;;;;;;11.50.39;2;6;1;1;3235;;13;12;5;8;2;9;9;2;18;7;11;16;
a09ET+K2B;;;;;;;11.50.39;2;6;1;1;3237;;13;12;5;8;2;9;9;2;18;7;11;16;
a02AT#W2~24~H2F;s;r;;;;;11.50.43;2;6;1;1;3238;;13;12;5;8;2;9;9;2;18;7;11;16;
*08BT=~~~~4~~2F;s;;;;;;11.50.43;2;6;1;1;3238;;13;12;5;8;2;9;9;2;18;7;11;16;
ap17:24;;;;;;;11.50.48;2;6;1;1;3242;;13;12;5;8;2;9;9;2;18;7;11;16;
az6;;;;;;;11.50.48;2;6;6;1;3244;;13;12;5;8;2;9;2;18;7;11;16;9;
a02SQ-~~~65;;;;;;;11.51.06;2;6;6;1;3262;;13;12;5;8;2;9;2;18;7;11;16;9;
*08RQ+~~~65~~~~21;;;;;;;11.51.06;2;6;6;1;3262;;13;12;5;8;2;9;2;18;7;11;16;9;
*09ET#KBP~~~~~~K1;;;;;;;11.51.06;2;6;6;1;3264;;13;12;5;8;2;9;2;18;7;11;16;9;
*13AT=Y8~8~~H1N;p;r;;;;;11.51.12;2;6;6;1;3265;;13;12;5;8;2;9;2;18;7;11;16;9;
a$$&H#;p;;;;;;11.51.12;2;6;6;1;3265;;13;12;5;8;2;9;2;18;7;11;16;9;
ap17:25;;;;;;;11.51.15;2;6;6;1;3269;;13;12;5;8;2;9;2;18;7;11;16;9;
**2set;;;;;;;11.51.15;3;6;6;1;3271;;;;;;;;;;;;;;
*P09>LUp;;;;;;;11.51.15;3;6;6;1;3271;;9;13;12;5;8;2;16;9;2;18;7;11;
*z1>LUp;;;;;;;11.51.15;3;1;6;1;3271;;9;13;12;5;8;2;16;9;2;18;7;11;
aP09>LUp;;;;;;;11.51.15;3;1;6;1;3271;;9;13;12;5;8;2;16;9;2;18;7;11;
az2>LUp;;;;;;;11.51.15;3;1;2;1;3271;;9;13;12;5;8;2;16;9;2;18;7;11;
*09SM+~~~16;;;;;;;11.54.55;3;1;2;1;3491;;9;13;12;5;8;2;16;9;2;18;7;11;
a20RM-~~~16;;;;;;;11.54.55;3;1;2;1;3491;;9;13;12;5;8;2;16;9;2;18;7;11;
a09AO+JJ~33~T1;;r;;;;;11.55.00;3;1;2;1;3493;;9;13;12;5;8;2;16;9;2;18;7;11;
*12BO-~~~~3~~1;;;;;;;11.55.00;3;1;2;1;3493;;9;13;12;5;8;2;16;9;2;18;7;11;
a09DH+;;;;;;;11.55.00;3;1;2;1;3493;;9;13;12;5;8;2;16;9;2;18;7;11;
a11EH+~~F;;;;;;;11.55.00;3;1;2;1;3495;;9;13;12;5;8;2;16;9;2;18;7;11;
a02AH#G4~43~T3;s;s;;;;;11.55.04;3;1;2;1;3496;;9;13;12;5;8;2;16;9;2;18;7;11;
*09DH=~~~43;s;;;;;;11.55.04;3;1;2;1;3496;;9;13;12;5;8;2;16;9;2;18;7;11;
ap00:01;;;;;;;11.55.09;3;1;2;1;3501;;9;13;12;5;8;2;16;9;2;18;7;11;
az1;;;;;;;11.55.09;3;1;1;1;3505;;9;13;12;5;8;2;9;2;18;7;11;16;
a09SM-~~~15;;;;;;;11.55.22;3;1;1;1;3518;;9;13;12;5;8;2;9;2;18;7;11;16;
*08RM+~~~15~~~~33;;;;;;;11.55.22;3;1;1;1;3518;;9;13;12;5;8;2;9;2;18;7;11;16;
*09EQ+K1C;;;;;;;11.55.22;3;1;1;1;3520;;9;13;12;5;8;2;9;2;18;7;11;16;
*12AQ-J1~36~H1;;r;;;;;11.55.27;3;1;1;1;3521;;9;13;12;5;8;2;9;2;18;7;11;16;
a18BQ+~~~~3~~1;;;;;;;11.55.27;3;1;1;1;3521;;9;13;12;5;8;2;9;2;18;7;11;16;
a09DH+;;;;;;;11.55.29;3;1;1;1;3521;;9;13;12;5;8;2;9;2;18;7;11;16;
a11EH+~~B;;;;;;;11.55.29;3;1;1;1;3523;;9;13;12;5;8;2;9;2;18;7;11;16;
a07AH-G2~26~H2;;p;;;;;11.55.31;3;1;1;1;3524;;9;13;12;5;8;2;9;2;18;7;11;16;
*12BH+~~~~4~~2;;;;;;;11.55.31;3;1;1;1;3524;;9;13;12;5;8;2;9;2;18;7;11;16;
*09EQ#;;;;;;;11.55.31;3;1;1;1;3526;;9;13;12;5;8;2;9;2;18;7;11;16;
*12AQ=J1~35~H1S;p;s;;;;;11.55.35;3;1;1;1;3527;;9;13;12;5;8;2;9;2;18;7;11;16;
a$$&H#;p;;;;;;11.55.35;3;1;1;1;3527;;9;13;12;5;8;2;9;2;18;7;11;16;
ap00:02;;;;;;;11.55.39;3;1;1;1;3532;;9;13;12;5;8;2;9;2;18;7;11;16;
a09SM-~~~56;;;;;;;11.55.54;3;1;1;1;3550;;9;13;12;5;8;2;9;2;18;7;11;16;
*10RM+~~~56~~~~21;;;;;;;11.55.54;3;1;1;1;3550;;9;13;12;5;8;2;9;2;18;7;11;16;
*09ET+KBP~~~~~~K1;;;;;;;11.55.54;3;1;1;1;3552;;9;13;12;5;8;2;9;2;18;7;11;16;
*08AT=Y8~8~~H~Z;p;r;;;;;11.56.00;3;1;1;1;3553;;9;13;12;5;8;2;9;2;18;7;11;16;
a$$&H#;p;;;;;;11.56.00;3;1;1;1;3553;;9;13;12;5;8;2;9;2;18;7;11;16;
ap00:03;;;;;;;11.56.11;3;1;1;1;3556;;9;13;12;5;8;2;9;2;18;7;11;16;
a09SM!~~~55;;;;;;;11.56.15;3;1;1;1;3571;;9;13;12;5;8;2;9;2;18;7;11;16;
*08RM!~~~55~~~~21;;;;;;;11.56.15;3;1;1;1;3571;;9;13;12;5;8;2;9;2;18;7;11;16;
*09EQ+KBC~~~~~~K1;;;;;;;11.56.15;3;1;1;1;3573;;9;13;12;5;8;2;9;2;18;7;11;16;
*12AQ-J4~37~T1;;r;;;;;11.56.18;3;1;1;1;3574;;9;13;12;5;8;2;9;2;18;7;11;16;
a20DQ+~~~37;;;;;;;11.56.18;3;1;1;1;3574;;9;13;12;5;8;2;9;2;18;7;11;16;
a09EH+~~B;;;;;;;11.56.18;3;1;1;1;3576;;9;13;12;5;8;2;9;2;18;7;11;16;
a07AH-G2~26~H2;;p;;;;;11.56.23;3;1;1;1;3577;;9;13;12;5;8;2;9;2;18;7;11;16;
*05BH+~~~~4~~2;;;;;;;11.56.23;3;1;1;1;3577;;9;13;12;5;8;2;9;2;18;7;11;16;
*08DH+;;;;;;;11.56.25;3;1;1;1;3577;;9;13;12;5;8;2;9;2;18;7;11;16;
*09EH+~~F;;;;;;;11.56.25;3;1;1;1;3579;;9;13;12;5;8;2;9;2;18;7;11;16;
*05AH+G4~46~H2;;s;;;;;11.56.26;3;1;1;1;3580;;9;13;12;5;8;2;9;2;18;7;11;16;
a07BH-~~~~2~~2;;;;;;;11.56.26;3;1;1;1;3580;;9;13;12;5;8;2;9;2;18;7;11;16;
*13AO+V3~3~~H;;s;;;;;11.56.29;3;1;1;1;3584;;9;13;12;5;8;2;9;2;18;7;11;16;
a18DH-;;;;;;;11.56.29;3;1;1;1;3584;;9;13;12;5;8;2;9;2;18;7;11;16;
*10FH+;;;;;;;11.56.33;3;1;1;1;3587;;9;13;12;5;8;2;9;2;18;7;11;16;
*09ET+~~F;;;;;;;11.56.33;3;1;1;1;3589;;9;13;12;5;8;2;9;2;18;7;11;16;
*05AT-W4~45~H2;;s;;;;;11.56.35;3;1;1;1;3590;;9;13;12;5;8;2;9;2;18;7;11;16;
a18BT+~~~~2~~2;;;;;;;11.56.35;3;1;1;1;3590;;9;13;12;5;8;2;9;2;18;7;11;16;
a02DH+;;;;;;;11.56.38;3;1;1;1;3590;;9;13;12;5;8;2;9;2;18;7;11;16;
a20EH+;;;;;;;11.56.38;3;1;1;1;3592;;9;13;12;5;8;2;9;2;18;7;11;16;
a02AH#G4~41~H2;p;p;;;;;11.56.54;3;1;1;1;3593;;9;13;12;5;8;2;9;2;18;7;11;16;
*$$&H=;p;;;;;;11.56.54;3;1;1;1;3593;;9;13;12;5;8;2;9;2;18;7;11;16;
ap00:04;;;;;;;11.56.56;3;1;1;1;3601;;9;13;12;5;8;2;9;2;18;7;11;16;
a09SM-~~~56;;;;;;;11.57.16;3;1;1;1;3632;;9;13;12;5;8;2;9;2;18;7;11;16;
*08RM+~~~56~~~~33;;;;;;;11.57.16;3;1;1;1;3632;;9;13;12;5;8;2;9;2;18;7;11;16;
*09ET+K2B;;;;;;;11.57.27;3;1;1;1;3634;;9;13;12;5;8;2;9;2;18;7;11;16;
*13AT-W2~26~H2;;r;;;;;11.57.21;3;1;1;1;3635;;9;13;12;5;8;2;9;2;18;7;11;16;
a02BT+~~~~4~~2;;;;;;;11.57.21;3;1;1;1;3635;;9;13;12;5;8;2;9;2;18;7;11;16;
a11DH+;;;;;;;11.57.23;3;1;1;1;3635;;9;13;12;5;8;2;9;2;18;7;11;16;
a09EQ+~~C;;;;;;;11.57.23;3;1;1;1;3637;;9;13;12;5;8;2;9;2;18;7;11;16;
a18AQ-J4~36~H1;;p;;;;;11.57.25;3;1;1;1;3638;;9;13;12;5;8;2;9;2;18;7;11;16;
*08DQ+~~~36;;;;;;;11.57.25;3;1;1;1;3638;;9;13;12;5;8;2;9;2;18;7;11;16;
*10EH+~~B~2;;;;;;;11.57.25;3;1;1;1;3640;;9;13;12;5;8;2;9;2;18;7;11;16;
*13AH+G2~21~H0;;s;;;;;11.57.28;3;1;1;1;3641;;9;13;12;5;8;2;9;2;18;7;11;16;
a11DH/~~~21;;;;;;;11.57.28;3;1;1;1;3641;;9;13;12;5;8;2;9;2;18;7;11;16;
*12AO+V3~31~H1;;s;;;;;11.57.32;3;1;1;1;3644;;9;13;12;5;8;2;9;2;18;7;11;16;
a11DO/~~~31;;;;;;;11.57.32;3;1;1;1;3644;;9;13;12;5;8;2;9;2;18;7;11;16;
*12FH+;;;;;;;11.57.32;3;1;1;1;3647;;9;13;12;5;8;2;9;2;18;7;11;16;
*09ET+;;;;;;;11.57.32;3;1;1;1;3649;;9;13;12;5;8;2;9;2;18;7;11;16;
*13AT#W2~29~H2;s;s;;;;;11.57.36;3;1;1;1;3650;;9;13;12;5;8;2;9;2;18;7;11;16;
a$$&H=;s;;;;;;11.57.36;3;1;1;1;3650;;9;13;12;5;8;2;9;2;18;7;11;16;
*p01:04;;;;;;;11.57.38;3;1;1;1;3654;;9;13;12;5;8;2;9;2;18;7;11;16;
*z6;;;;;;;11.57.38;3;6;1;1;3654;;13;12;5;8;2;9;9;2;18;7;11;16;
*13SM+~~~61;;;;;;;11.58.11;3;6;1;1;3687;;13;12;5;8;2;9;9;2;18;7;11;16;
a02RM-~~~61;;;;;;;11.58.11;3;6;1;1;3687;;13;12;5;8;2;9;9;2;18;7;11;16;
a09EH+~~F;;;;;;;11.58.11;3;6;1;1;3689;;13;12;5;8;2;9;9;2;18;7;11;16;
a07AH#G4~46~H2;s;r;;;;;11.58.17;3;6;1;1;3690;;13;12;5;8;2;9;9;2;18;7;11;16;
*$$&H=;s;;;;;;11.58.17;3;6;1;1;3690;;13;12;5;8;2;9;9;2;18;7;11;16;
ap01:05;;;;;;;11.58.19;3;6;1;1;3695;;13;12;5;8;2;9;9;2;18;7;11;16;
az6;;;;;;;11.58.19;3;6;6;1;3695;;13;12;5;8;2;9;2;18;7;11;16;9;
a02SQ!~~~15;;;;;;;11.58.35;3;6;6;1;3711;;13;12;5;8;2;9;2;18;7;11;16;9;
*08RQ!~~~15~~~~22;;;;;;;11.58.35;3;6;6;1;3711;;13;12;5;8;2;9;2;18;7;11;16;9;
*09ET+KBB~~~~~~K1;;;;;;;11.58.35;3;6;6;1;3713;;13;12;5;8;2;9;2;18;7;11;16;9;
*05AT/W2~24~T2;p;r;;;;;11.58.42;3;6;6;1;3714;;13;12;5;8;2;9;2;18;7;11;16;9;
a11BT#~~~~4~~2;p;;;;;;11.58.42;3;6;6;1;3714;;13;12;5;8;2;9;2;18;7;11;16;9;
ap01:06;;;;;;;11.58.45;3;6;6;1;3720;;13;12;5;8;2;9;2;18;7;11;16;9;
a02SQ!~~~11;;;;;;;11.58.59;3;6;6;1;3735;;13;12;5;8;2;9;2;18;7;11;16;9;
*13RQ!~~~11~~~~33;;;;;;;11.58.59;3;6;6;1;3735;;13;12;5;8;2;9;2;18;7;11;16;9;
*09ET+K3B;;;;;;;11.58.59;3;6;6;1;3737;;13;12;5;8;2;9;2;18;7;11;16;9;
*05AT#W2~25~H1S;s;r;;;;;11.59.05;3;6;6;1;3738;;13;12;5;8;2;9;2;18;7;11;16;9;
a11BT=~~~~4~~1S;s;;;;;;11.59.05;3;6;6;1;3738;;13;12;5;8;2;9;2;18;7;11;16;9;
*p02:06;;;;;;;11.59.08;3;6;6;1;3743;;13;12;5;8;2;9;2;18;7;11;16;9;
*z5;;;;;;;11.59.08;3;5;6;1;3744;;12;5;8;2;9;13;2;18;7;11;16;9;
*12SM!~~~51;;;;;;;11.59.49;3;5;6;1;3784;;12;5;8;2;9;13;2;18;7;11;16;9;
a02RM!~~~51~~~~42;;;;;;;11.59.49;3;5;6;1;3784;;12;5;8;2;9;13;2;18;7;11;16;9;
a09ET+KF~~~~~~~K3;;;;;;;11.59.49;3;5;6;1;3784;;12;5;8;2;9;13;2;18;7;11;16;9;
a11AT/W4~46~H2;p;r;;;;;11.59.57;3;5;6;1;3787;;12;5;8;2;9;13;2;18;7;11;16;9;
*02BT#~~~~2~~2;p;;;;;;11.59.57;3;5;6;1;3787;;12;5;8;2;9;13;2;18;7;11;16;9;
*p03:06;;;;;;;12.00.01;3;5;6;1;3790;;12;5;8;2;9;13;2;18;7;11;16;9;
*12SM-~~~51;;;;;;;12.00.12;3;5;6;1;3808;;12;5;8;2;9;13;2;18;7;11;16;9;
a02RM+~~~51~O~~32;;;;;;;12.00.12;3;5;6;1;3808;;12;5;8;2;9;13;2;18;7;11;16;9;
a09EQ+K1C;;;;;;;12.00.12;3;5;6;1;3810;;12;5;8;2;9;13;2;18;7;11;16;9;
a18AQ#J4~36CH1;s;r;;;;;12.00.23;3;5;6;1;3811;;12;5;8;2;9;13;2;18;7;11;16;9;
*$$&H=;s;;;;;;12.00.23;3;5;6;1;3811;;12;5;8;2;9;13;2;18;7;11;16;9;
ap03:07;;;;;;;12.00.26;3;5;6;1;3814;;12;5;8;2;9;13;2;18;7;11;16;9;
az5;;;;;;;12.00.26;3;5;5;1;3822;;12;5;8;2;9;13;18;7;11;16;9;2;
a18SM+~~~57;;;;;;;12.00.34;3;5;5;1;3830;;12;5;8;2;9;13;18;7;11;16;9;2;
*08RM-~~~57;;;;;;;12.00.34;3;5;5;1;3830;;12;5;8;2;9;13;18;7;11;16;9;2;
*09EH+~~F;;;;;;;12.00.34;3;5;5;1;3832;;12;5;8;2;9;13;18;7;11;16;9;2;
*08AH!G4~42~T2;;r;;;;;12.00.40;3;5;5;1;3833;;12;5;8;2;9;13;18;7;11;16;9;2;
a07BH/~~~~2~~2;s;;;;;;12.00.40;3;5;5;1;3833;;12;5;8;2;9;13;18;7;11;16;9;2;
*$$&H#;s;;;;;;12.00.40;3;5;5;1;3833;;12;5;8;2;9;13;18;7;11;16;9;2;
*p04:07;;;;;;;12.00.43;3;5;5;1;3837;;12;5;8;2;9;13;18;7;11;16;9;2;
*z4;;;;;;;12.00.43;3;4;5;1;3839;;5;8;2;9;13;12;18;7;11;16;9;2;
*05SQ+~~~61;;;;;;;12.01.00;3;4;5;1;3856;;5;8;2;9;13;12;18;7;11;16;9;2;
a20RQ-~~~61;;;;;;;12.01.00;3;4;5;1;3856;;5;8;2;9;13;12;18;7;11;16;9;2;
a09EH+~~F;;;;;;;12.01.00;3;4;5;1;3858;;5;8;2;9;13;12;18;7;11;16;9;2;
a11AH#G4~45~H2O;s;r;;;;;12.01.05;3;4;5;1;3859;;5;8;2;9;13;12;18;7;11;16;9;2;
*02BH=~~~~2~~2O;s;;;;;;12.01.05;3;4;5;1;3859;;5;8;2;9;13;12;18;7;11;16;9;2;
ap04:08;;;;;;;12.01.15;3;4;5;1;3865;;5;8;2;9;13;12;18;7;11;16;9;2;
az4;;;;;;;12.01.15;3;4;4;1;3871;;5;8;2;9;13;12;7;11;16;9;2;18;
a07SQ!~~~65;;;;;;;12.01.25;3;4;4;1;3881;;5;8;2;9;13;12;7;11;16;9;2;18;
*08RQ!~~~65~~~~34;;;;;;;12.01.25;3;4;4;1;3881;;5;8;2;9;13;12;7;11;16;9;2;18;
*09ET+K3F;;;;;;;12.01.25;3;4;4;1;3883;;5;8;2;9;13;12;7;11;16;9;2;18;
*08AT#W4~45~H2S;s;r;;;;;12.01.31;3;4;4;1;3884;;5;8;2;9;13;12;7;11;16;9;2;18;
a16BT=~~~~2~~2S;s;;;;;;12.01.31;3;4;4;1;3884;;5;8;2;9;13;12;7;11;16;9;2;18;
*p05:08;;;;;;;12.01.37;3;4;4;1;3890;;5;8;2;9;13;12;7;11;16;9;2;18;
*z3;;;;;;;12.01.37;3;3;4;1;3893;;8;2;9;13;12;5;7;11;16;9;2;18;
*08SQ!~~~16;;;;;;;12.01.51;3;3;4;1;3907;;8;2;9;13;12;5;7;11;16;9;2;18;
a02RQ!~~~16~~~~34;;;;;;;12.01.51;3;3;4;1;3907;;8;2;9;13;12;5;7;11;16;9;2;18;
a09ET+KEB;;;;;;;12.01.51;3;3;4;1;3909;;8;2;9;13;12;5;7;11;16;9;2;18;
a07AT=Y9~95~H2S;p;r;;;;;12.01.56;3;3;4;1;3910;;8;2;9;13;12;5;7;11;16;9;2;18;
*$$&H#;p;;;;;;12.01.56;3;3;4;1;3910;;8;2;9;13;12;5;7;11;16;9;2;18;
*p06:08;;;;;;;12.01.58;3;3;4;1;3914;;8;2;9;13;12;5;7;11;16;9;2;18;
*08SQ=~~~15~~~N;s;;;;;;12.02.17;3;3;4;1;3933;;8;2;9;13;12;5;7;11;16;9;2;18;
a$$&H#;s;;;;;;12.02.17;3;3;4;1;3933;;8;2;9;13;12;5;7;11;16;9;2;18;
ap06:09;;;;;;;12.02.20;3;3;4;1;3936;;8;2;9;13;12;5;7;11;16;9;2;18;
az3;;;;;;;12.02.20;3;3;3;1;3936;;8;2;9;13;12;5;11;16;9;2;18;7;
a11SQ=~~~66~~~N;s;;;;;;12.02.36;3;3;3;1;3952;;8;2;9;13;12;5;11;16;9;2;18;7;
*$$&H#;s;;;;;;12.02.36;3;3;3;1;3952;;8;2;9;13;12;5;11;16;9;2;18;7;
*p07:09;;;;;;;12.02.39;3;3;3;1;3956;;8;2;9;13;12;5;11;16;9;2;18;7;
*z2;;;;;;;12.02.39;3;2;3;1;3955;;2;9;13;12;5;8;11;16;9;2;18;7;
*02SM!~~~19;;;;;;;12.02.53;3;2;3;1;3969;;2;9;13;12;5;8;11;16;9;2;18;7;
a20RM!~~~19~~~~33;;;;;;;12.02.53;3;2;3;1;3969;;2;9;13;12;5;8;11;16;9;2;18;7;
a09ET+KEF;;;;;;;12.02.53;3;2;3;1;3971;;2;9;13;12;5;8;11;16;9;2;18;7;
a02AT+W4~44~H2;;r;;;;;12.02.59;3;2;3;1;3972;;2;9;13;12;5;8;11;16;9;2;18;7;
*13DT-~~~44;;;;;;;12.02.59;3;2;3;1;3972;;2;9;13;12;5;8;11;16;9;2;18;7;
a07FH+;;;;;;;12.03.03;3;2;3;1;3975;;2;9;13;12;5;8;11;16;9;2;18;7;
a09EQ+~~C;;;;;;;12.03.03;3;2;3;1;3977;;2;9;13;12;5;8;11;16;9;2;18;7;
a16AQ-J3~36~H2;;s;;;;;12.03.05;3;2;3;1;3978;;2;9;13;12;5;8;11;16;9;2;18;7;
*13BQ+~~~~3~~2;;;;;;;12.03.05;3;2;3;1;3978;;2;9;13;12;5;8;11;16;9;2;18;7;
*09DH+;;;;;;;12.03.05;3;2;3;1;3978;;2;9;13;12;5;8;11;16;9;2;18;7;
*08EH+~~F;;;;;;;12.03.05;3;2;3;1;3981;;2;9;13;12;5;8;11;16;9;2;18;7;
*13AH=G4~4~~H0N;s;p;;;;;12.03.10;3;2;3;1;3982;;2;9;13;12;5;8;11;16;9;2;18;7;
a$$&H#;s;;;;;;12.03.10;3;2;3;1;3982;;2;9;13;12;5;8;11;16;9;2;18;7;
ap07:10;;;;;;;12.03.11;3;2;3;1;3986;;2;9;13;12;5;8;11;16;9;2;18;7;
az2;;;;;;;12.03.11;3;2;2;1;3987;;2;9;13;12;5;8;16;9;2;18;7;11;
a16SM-~~~16;;;;;;;12.03.28;3;2;2;1;4004;;2;9;13;12;5;8;16;9;2;18;7;11;
*08RM#~~~16~~~~33;;;;;;;12.03.28;3;2;2;1;4004;;2;9;13;12;5;8;16;9;2;18;7;11;
*09ET#K1P;;;;;;;12.03.28;3;2;2;1;4006;;2;9;13;12;5;8;16;9;2;18;7;11;
*08AT#Y8~85~H1;s;r;;;;;12.03.33;3;2;2;1;4007;;2;9;13;12;5;8;16;9;2;18;7;11;
a$$&H=;s;;;;;;12.03.33;3;2;2;1;4007;;2;9;13;12;5;8;16;9;2;18;7;11;
*p08:10;;;;;;;12.03.35;3;2;2;1;4010;;2;9;13;12;5;8;16;9;2;18;7;11;
*z1;;;;;;;12.03.35;3;1;2;1;4011;;9;13;12;5;8;2;16;9;2;18;7;11;
*09SM=~~~16A~~O;s;;;;;;12.03.51;3;1;2;1;4027;;9;13;12;5;8;2;16;9;2;18;7;11;
a$$&H#;s;;;;;;12.03.51;3;1;2;1;4027;;9;13;12;5;8;2;16;9;2;18;7;11;
ap08:11;;;;;;;12.03.58;3;1;2;1;4034;;9;13;12;5;8;2;16;9;2;18;7;11;
az1;;;;;;;12.03.58;3;1;1;1;4034;;9;13;12;5;8;2;9;2;18;7;11;16;
a09SM!~~~56;;;;;;;12.04.07;3;1;1;1;4043;;9;13;12;5;8;2;9;2;18;7;11;16;
*10RM!~~~56;;;;;;;12.04.07;3;1;1;1;4043;;9;13;12;5;8;2;9;2;18;7;11;16;
*09ET+K3B;;;;;;;12.04.07;3;1;1;1;4045;;9;13;12;5;8;2;9;2;18;7;11;16;
*13AT/W2~25~H2;p;r;;;;;12.04.12;3;1;1;1;4046;;9;13;12;5;8;2;9;2;18;7;11;16;
a02BT#~~~~4~~2;p;;;;;;12.04.12;3;1;1;1;4046;;9;13;12;5;8;2;9;2;18;7;11;16;
ap08:12;;;;;;;12.04.15;3;1;1;1;4050;;9;13;12;5;8;2;9;2;18;7;11;16;
a09SM-~~~56;;;;;;;12.04.26;3;1;1;1;4062;;9;13;12;5;8;2;9;2;18;7;11;16;
*10RM#~~~56~~~~33;;;;;;;12.04.26;3;1;1;1;4062;;9;13;12;5;8;2;9;2;18;7;11;16;
*09ET+K1B;;;;;;;12.04.26;3;1;1;1;4064;;9;13;12;5;8;2;9;2;18;7;11;16;
*13AT#W2~29~H2;s;r;;;;;12.04.30;3;1;1;1;4065;;9;13;12;5;8;2;9;2;18;7;11;16;
a07DT=~~~29;s;;;;;;12.04.30;3;1;1;1;4065;;9;13;12;5;8;2;9;2;18;7;11;16;
*p09:12;;;;;;;12.04.36;3;1;1;1;4069;;9;13;12;5;8;2;9;2;18;7;11;16;
*z6;;;;;;;12.04.36;3;6;1;1;4072;;13;12;5;8;2;9;9;2;18;7;11;16;
*13SQ=~~~66~~~N;s;;;;;;12.04.45;3;6;1;1;4081;;13;12;5;8;2;9;9;2;18;7;11;16;
a$$&H#;s;;;;;;12.04.45;3;6;1;1;4081;;13;12;5;8;2;9;9;2;18;7;11;16;
ap09:13;;;;;;;12.04.48;3;6;1;1;4085;;13;12;5;8;2;9;9;2;18;7;11;16;
az6;;;;;;;12.04.48;3;6;6;1;4084;;13;12;5;8;2;9;2;18;7;11;16;9;
a02SQ!~~~11;;;;;;;12.05.05;3;6;6;1;4101;;13;12;5;8;2;9;2;18;7;11;16;9;
*13RQ!~~~11~~~~22;;;;;;;12.05.05;3;6;6;1;4101;;13;12;5;8;2;9;2;18;7;11;16;9;
*09ET+KBB~~~~~~K1;;;;;;;12.05.05;3;6;6;1;4103;;13;12;5;8;2;9;2;18;7;11;16;9;
*05AT#W2~25~H2S;s;r;;;;;12.05.12;3;6;6;1;4104;;13;12;5;8;2;9;2;18;7;11;16;9;
a11BT=~~~~4~~2S;s;;;;;;12.05.12;3;6;6;1;4104;;13;12;5;8;2;9;2;18;7;11;16;9;
*p10:13;;;;;;;12.05.17;3;6;6;1;4108;;13;12;5;8;2;9;2;18;7;11;16;9;
*z5;;;;;;;12.05.17;3;5;6;1;4113;;12;5;8;2;9;13;2;18;7;11;16;9;
*12SM=~~~51~~~O;s;;;;;;12.05.33;3;5;6;1;4129;;12;5;8;2;9;13;2;18;7;11;16;9;
a$$&H#;s;;;;;;12.05.33;3;5;6;1;4129;;12;5;8;2;9;13;2;18;7;11;16;9;
ap10:14;;;;;;;12.05.37;3;5;6;1;4134;;12;5;8;2;9;13;2;18;7;11;16;9;
az5;;;;;;;12.05.37;3;5;5;1;4133;;12;5;8;2;9;13;18;7;11;16;9;2;
a18SM!~~~55;;;;;;;12.05.50;3;5;5;1;4146;;12;5;8;2;9;13;18;7;11;16;9;2;
*08RM!~~~55~O;;;;;;;12.05.50;3;5;5;1;4146;;12;5;8;2;9;13;18;7;11;16;9;2;
*09ET+K2F;;;;;;;12.05.50;3;5;5;1;4148;;12;5;8;2;9;13;18;7;11;16;9;2;
*08AT#W4~45AH2;s;r;;;;;12.05.56;3;5;5;1;4149;;12;5;8;2;9;13;18;7;11;16;9;2;
a$$&H=;s;;;;;;12.05.56;3;5;5;1;4149;;12;5;8;2;9;13;18;7;11;16;9;2;
*p11:14;;;;;;;12.06.03;3;5;5;1;4154;;12;5;8;2;9;13;18;7;11;16;9;2;
*z4;;;;;;;12.06.03;3;4;5;1;4159;;5;8;2;9;13;12;18;7;11;16;9;2;
*05SQ!~~~65~~~N;;;;;;;12.06.16;3;4;5;1;4172;;5;8;2;9;13;12;18;7;11;16;9;2;
a11RQ!~~~65~~~~33;;;;;;;12.06.16;3;4;5;1;4172;;5;8;2;9;13;12;18;7;11;16;9;2;
a09EQ#K1C;;;;;;;12.06.16;3;4;5;1;4174;;5;8;2;9;13;12;18;7;11;16;9;2;
a16AQ#J4~31~H1S;s;r;;;;;12.06.22;3;4;5;1;4175;;5;8;2;9;13;12;18;7;11;16;9;2;
*02BQ=~~~~3~~1S;s;;;;;;12.06.22;3;4;5;1;4175;;5;8;2;9;13;12;18;7;11;16;9;2;
ap11:15;;;;;;;12.06.25;3;4;5;1;4179;;5;8;2;9;13;12;18;7;11;16;9;2;
az4;;;;;;;12.06.25;3;4;4;1;4181;;5;8;2;9;13;12;7;11;16;9;2;18;
a07SQ-~~~16;;;;;;;12.06.46;3;4;4;1;4202;;5;8;2;9;13;12;7;11;16;9;2;18;
*13RQ+~~~16~~~~33;;;;;;;12.06.46;3;4;4;1;4202;;5;8;2;9;13;12;7;11;16;9;2;18;
*09EH=~~~~8~~~U;p;;;;;;12.06.52;3;4;4;1;4202;;5;8;2;9;13;12;7;11;16;9;2;18;
a$$&H#;p;;;;;;12.06.52;3;4;4;1;4202;;5;8;2;9;13;12;7;11;16;9;2;18;
ap11:16;;;;;;;12.06.56;3;4;4;1;4210;;5;8;2;9;13;12;7;11;16;9;2;18;
*c09:01;;;;;;;12.06.56;3;4;4;1;4212;;5;8;2;1;13;12;7;11;16;9;2;18;
*P1;;;;;;;12.06.56;3;4;4;1;4212;;5;8;2;1;13;12;7;11;16;9;2;18;
*z4;;;;;;;12.06.56;3;4;4;1;4212;;5;8;2;1;13;12;7;11;16;9;2;18;
a07SQ-~~~16;;;;;;;12.07.18;3;4;4;1;4234;;5;8;2;1;13;12;7;11;16;9;2;18;
*13RQ+~~~16~~~~32;;;;;;;12.07.18;3;4;4;1;4234;;5;8;2;1;13;12;7;11;16;9;2;18;
*01ET+K2B;;;;;;;12.07.30;3;4;4;1;4236;;5;8;2;1;13;12;7;11;16;9;2;18;
*05AT-Y9~91~H2;;r;;;;;12.07.25;3;4;4;1;4237;;5;8;2;1;13;12;7;11;16;9;2;18;
a07DT+~~~91;;;;;;;12.07.25;3;4;4;1;4237;;5;8;2;1;13;12;7;11;16;9;2;18;
a09EH+~~F;;;;;;;12.07.25;3;4;4;1;4239;;5;8;2;1;13;12;7;11;16;9;2;18;
a11AH-G4~44~P2;;p;;;;;12.07.28;3;4;4;1;4240;;5;8;2;1;13;12;7;11;16;9;2;18;
*08DH+~~~44;;;;;;;12.07.28;3;4;4;1;4240;;5;8;2;1;13;12;7;11;16;9;2;18;
*10EH+~~F~4;;;;;;;12.07.28;3;4;4;1;4242;;5;8;2;1;13;12;7;11;16;9;2;18;
*08AH#G4~46~H2;s;s;;;;;12.07.32;3;4;4;1;4243;;5;8;2;1;13;12;7;11;16;9;2;18;
a02DH=~~~46;s;;;;;;12.07.32;3;4;4;1;4243;;5;8;2;1;13;12;7;11;16;9;2;18;
*p12:16;;;;;;;12.07.34;3;4;4;1;4250;;5;8;2;1;13;12;7;11;16;9;2;18;
*z3;;;;;;;12.07.34;3;3;4;1;4250;;8;2;1;13;12;5;7;11;16;9;2;18;
*08SQ-~~~16;;;;;;;12.08.02;3;3;4;1;4278;;8;2;1;13;12;5;7;11;16;9;2;18;
a02RQ+~~~16~~~~32;;;;;;;12.08.02;3;3;4;1;4278;;8;2;1;13;12;5;7;11;16;9;2;18;
a09ET+K2B;;;;;;;12.08.02;3;3;4;1;4280;;8;2;1;13;12;5;7;11;16;9;2;18;
a07AT#Y9~95~H2;s;r;;;;;12.08.09;3;3;4;1;4281;;8;2;1;13;12;5;7;11;16;9;2;18;
*10DT=~~~95;s;;;;;;12.08.09;3;3;4;1;4281;;8;2;1;13;12;5;7;11;16;9;2;18;
ap12:17;;;;;;;12.08.11;3;3;4;1;4287;;8;2;1;13;12;5;7;11;16;9;2;18;
az3;;;;;;;12.08.11;3;3;3;1;4287;;8;2;1;13;12;5;11;16;9;2;18;7;
a11SQ/~~~66;;;;;;;12.08.29;3;3;3;1;4305;;8;2;1;13;12;5;11;16;9;2;18;7;
*10RQ/~~~66~L;;;;;;;12.08.29;3;3;3;1;4305;;8;2;1;13;12;5;11;16;9;2;18;7;
a16AO#V3~3~~H;p;p;;;;;12.08.37;3;3;3;1;4307;;8;2;1;13;12;5;11;16;9;2;18;7;
*$$&H=;p;;;;;;12.08.37;3;3;3;1;4307;;8;2;1;13;12;5;11;16;9;2;18;7;
ap12:18;;;;;;;12.08.38;3;3;3;1;4312;;8;2;1;13;12;5;11;16;9;2;18;7;
*T;;;;;;;12.08.38;3;3;3;1;4314;;8;2;1;13;12;5;11;16;9;2;18;7;
a11SQ-~~~67~~~N;;;;;;;12.09.50;3;3;3;1;4386;;8;2;1;13;12;5;11;16;9;2;18;7;
*13RQ#~~~67;;;;;;;12.09.50;3;3;3;1;4386;;8;2;1;13;12;5;11;16;9;2;18;7;
*01ET+K1F;;;;;;;12.09.50;3;3;3;1;4388;;8;2;1;13;12;5;11;16;9;2;18;7;
*13AT#W4~46CH2;s;r;;;;;12.09.56;3;3;3;1;4389;;8;2;1;13;12;5;11;16;9;2;18;7;
a$$&H=;s;;;;;;12.09.56;3;3;3;1;4389;;8;2;1;13;12;5;11;16;9;2;18;7;
*p13:18;;;;;;;12.09.58;3;3;3;1;4394;;8;2;1;13;12;5;11;16;9;2;18;7;
*z2;;;;;;;12.09.58;3;2;3;1;4394;;2;1;13;12;5;8;11;16;9;2;18;7;
*02SM-~~~19;;;;;;;12.10.14;3;2;3;1;4410;;2;1;13;12;5;8;11;16;9;2;18;7;
a20RM+~~~19~~~~33;;;;;;;12.10.14;3;2;3;1;4410;;2;1;13;12;5;8;11;16;9;2;18;7;
a09ET+K1B;;;;;;;12.10.14;3;2;3;1;4412;;2;1;13;12;5;8;11;16;9;2;18;7;
a07AT+Y9~96~H1;;r;;;;;12.10.19;3;2;3;1;4413;;2;1;13;12;5;8;11;16;9;2;18;7;
*08DT-~~~96;;;;;;;12.10.19;3;2;3;1;4413;;2;1;13;12;5;8;11;16;9;2;18;7;
a20FH+;;;;;;;12.10.23;3;2;3;1;4416;;2;1;13;12;5;8;11;16;9;2;18;7;
a09ET+;;;;;;;12.10.23;3;2;3;1;4418;;2;1;13;12;5;8;11;16;9;2;18;7;
a11AT#Y8~81~H2O;s;s;;;;;12.10.27;3;2;3;1;4419;;2;1;13;12;5;8;11;16;9;2;18;7;
*12BT=~~~~3~~2O;s;;;;;;12.10.27;3;2;3;1;4419;;2;1;13;12;5;8;11;16;9;2;18;7;
ap13:19;;;;;;;12.10.35;3;2;3;1;4425;;2;1;13;12;5;8;11;16;9;2;18;7;
az2;;;;;;;12.10.35;3;2;2;1;4431;;2;1;13;12;5;8;16;9;2;18;7;11;
a16SM-~~~16;;;;;;;12.10.57;3;2;2;1;4453;;2;1;13;12;5;8;16;9;2;18;7;11;
*08RM+~~~16~~~~33;;;;;;;12.10.57;3;2;2;1;4453;;2;1;13;12;5;8;16;9;2;18;7;11;
*01ET#K1B;;;;;;;12.10.57;3;2;2;1;4455;;2;1;13;12;5;8;16;9;2;18;7;11;
*05AT=Y9~95~H1S;p;r;;;;;12.11.02;3;2;2;1;4456;;2;1;13;12;5;8;16;9;2;18;7;11;
a$$&H#;p;;;;;;12.11.02;3;2;2;1;4456;;2;1;13;12;5;8;16;9;2;18;7;11;
ap13:20;;;;;;;12.11.05;3;2;2;1;4459;;2;1;13;12;5;8;16;9;2;18;7;11;
a16SM-~~~16;;;;;;;12.11.17;3;2;2;1;4473;;2;1;13;12;5;8;16;9;2;18;7;11;
*08RM+~~~16~~~~32;;;;;;;12.11.17;3;2;2;1;4473;;2;1;13;12;5;8;16;9;2;18;7;11;
*01EQ+K1C;;;;;;;12.11.17;3;2;2;1;4475;;2;1;13;12;5;8;16;9;2;18;7;11;
*12AQ#J1~35AH2;s;r;;;;;12.11.21;3;2;2;1;4476;;2;1;13;12;5;8;16;9;2;18;7;11;
a11DQ=~~~35A;s;;;;;;12.11.21;3;2;2;1;4476;;2;1;13;12;5;8;16;9;2;18;7;11;
*p14:20;;;;;;;12.11.24;3;2;2;1;4480;;2;1;13;12;5;8;16;9;2;18;7;11;
*z1;;;;;;;12.11.24;3;1;2;1;4480;;1;13;12;5;8;2;16;9;2;18;7;11;
*01SM-~~~57;;;;;;;12.11.43;3;1;2;1;4499;;1;13;12;5;8;2;16;9;2;18;7;11;
a11RM+~~~57~~~~33;;;;;;;12.11.43;3;1;2;1;4499;;1;13;12;5;8;2;16;9;2;18;7;11;
a09ET+K1F;;;;;;;12.11.43;3;1;2;1;4501;;1;13;12;5;8;2;16;9;2;18;7;11;
a02AT-W4~42~T2;;r;;;;;12.11.47;3;1;2;1;4502;;1;13;12;5;8;2;16;9;2;18;7;11;
*12DT+~~~42;;;;;;;12.11.47;3;1;2;1;4502;;1;13;12;5;8;2;16;9;2;18;7;11;
*01EH+;;;;;;;12.11.47;3;1;2;1;4504;;1;13;12;5;8;2;16;9;2;18;7;11;
*13AH#G4~41~H2F;p;p;;;;;12.11.49;3;1;2;1;4505;;1;13;12;5;8;2;16;9;2;18;7;11;
a09BH=~~~~2~~2F;p;;;;;;12.11.49;3;1;2;1;4505;;1;13;12;5;8;2;16;9;2;18;7;11;
*p15:20;;;;;;;12.11.54;3;1;2;1;4509;;1;13;12;5;8;2;16;9;2;18;7;11;
*01SM!~~~57;;;;;;;12.12.10;3;1;2;1;4526;;1;13;12;5;8;2;16;9;2;18;7;11;
a02RM!~~~57~O~~32;;;;;;;12.12.10;3;1;2;1;4526;;1;13;12;5;8;2;16;9;2;18;7;11;
a09ET+K1B;;;;;;;12.12.10;3;1;2;1;4528;;1;13;12;5;8;2;16;9;2;18;7;11;
a07AT!Y9~96~H2;;r;;;;;12.12.15;3;1;2;1;4529;;1;13;12;5;8;2;16;9;2;18;7;11;
*12BT/~~~~4~~2;s;;;;;;12.12.15;3;1;2;1;4529;;1;13;12;5;8;2;16;9;2;18;7;11;
a$$&H#;s;;;;;;12.12.15;3;1;2;1;4529;;1;13;12;5;8;2;16;9;2;18;7;11;
ap15:21;;;;;;;12.12.19;3;1;2;1;4534;;1;13;12;5;8;2;16;9;2;18;7;11;
az1;;;;;;;12.12.19;3;1;1;1;4535;;1;13;12;5;8;2;9;2;18;7;11;16;
a09SM-~~~56D;;;;;;;12.12.33;3;1;1;1;4549;;1;13;12;5;8;2;9;2;18;7;11;16;
*08RM#~~~56D~~~32;;;;;;;12.12.33;3;1;1;1;4549;;1;13;12;5;8;2;9;2;18;7;11;16;
*01ET+K1B;;;;;;;12.12.33;3;1;1;1;4551;;1;13;12;5;8;2;9;2;18;7;11;16;
*13AT!W2~21~H2;;r;;;;;12.12.36;3;1;1;1;4552;;1;13;12;5;8;2;9;2;18;7;11;16;
a02BT/~~~~4~~2;s;;;;;;12.12.36;3;1;1;1;4552;;1;13;12;5;8;2;9;2;18;7;11;16;
*$$&H#;s;;;;;;12.12.36;3;1;1;1;4552;;1;13;12;5;8;2;9;2;18;7;11;16;
*p16:21;;;;;;;12.12.43;3;1;1;1;4555;;1;13;12;5;8;2;9;2;18;7;11;16;
*z6;;;;;;;12.12.43;3;6;1;1;4559;;13;12;5;8;2;1;9;2;18;7;11;16;
*13SM/~~~55;;;;;;;12.12.53;3;6;1;1;4569;;13;12;5;8;2;1;9;2;18;7;11;16;
a11RM/~~~55~W;;;;;;;12.12.53;3;6;1;1;4569;;13;12;5;8;2;1;9;2;18;7;11;16;
*10FH+;;;;;;;12.13.00;3;6;1;1;4571;;13;12;5;8;2;1;9;2;18;7;11;16;
*01EQ#~~C;;;;;;;12.13.00;3;6;1;1;4573;;13;12;5;8;2;1;9;2;18;7;11;16;
*12AQ=J4~3~~H1N;s;p;;;;;12.13.02;3;6;1;1;4574;;13;12;5;8;2;1;9;2;18;7;11;16;
a$$&H#;s;;;;;;12.13.02;3;6;1;1;4574;;13;12;5;8;2;1;9;2;18;7;11;16;
ap16:22;;;;;;;12.13.09;3;6;1;1;4581;;13;12;5;8;2;1;9;2;18;7;11;16;
az6;;;;;;;12.13.09;3;6;6;1;4585;;13;12;5;8;2;1;2;18;7;11;16;9;
a02SQ/~~~15;;;;;;;12.13.21;3;6;6;1;4597;;13;12;5;8;2;1;2;18;7;11;16;9;
*08RQ/~~~15~M;;;;;;;12.13.21;3;6;6;1;4597;;13;12;5;8;2;1;2;18;7;11;16;9;
a11AO#V4~4~~H;p;p;;;;;12.13.21;3;6;6;1;4599;;13;12;5;8;2;1;2;18;7;11;16;9;
*$$&H=;p;;;;;;12.13.21;3;6;6;1;4599;;13;12;5;8;2;1;2;18;7;11;16;9;
ap16:23;;;;;;;12.13.33;3;6;6;1;4603;;13;12;5;8;2;1;2;18;7;11;16;9;
a02SQ-~~~16;;;;;;;12.13.44;3;6;6;1;4620;;13;12;5;8;2;1;2;18;7;11;16;9;
*13RQ+~~~16~~~~33;;;;;;;12.13.44;3;6;6;1;4620;;13;12;5;8;2;1;2;18;7;11;16;9;
*01ET+K3F;;;;;;;12.13.44;3;6;6;1;4622;;13;12;5;8;2;1;2;18;7;11;16;9;
*08AT#W4~41~H2F;s;r;;;;;12.13.48;3;6;6;1;4623;;13;12;5;8;2;1;2;18;7;11;16;9;
a07BT=~~~~2~~2F;s;;;;;;12.13.48;3;6;6;1;4623;;13;12;5;8;2;1;2;18;7;11;16;9;
*p17:23;;;;;;;12.13.50;3;6;6;1;4627;;13;12;5;8;2;1;2;18;7;11;16;9;
*z5;;;;;;;12.13.50;3;5;6;1;4626;;12;5;8;2;1;13;2;18;7;11;16;9;
*c12:14;;;;;;;12.13.50;3;5;6;1;4626;;14;5;8;2;1;13;2;18;7;11;16;9;
*14SM-~~~11;;;;;;;12.14.11;3;5;6;1;4647;;14;5;8;2;1;13;2;18;7;11;16;9;
a02RM+~~~11~~~~32;;;;;;;12.14.11;3;5;6;1;4647;;14;5;8;2;1;13;2;18;7;11;16;9;
a09EQ+K3C;;;;;;;12.14.11;3;5;6;1;4649;;14;5;8;2;1;13;2;18;7;11;16;9;
a18AQ#J3~36~H2S;s;r;;;;;12.14.16;3;5;6;1;4650;;14;5;8;2;1;13;2;18;7;11;16;9;
*02BQ=~~~~3~~2S;s;;;;;;12.14.16;3;5;6;1;4650;;14;5;8;2;1;13;2;18;7;11;16;9;
ap17:24;;;;;;;12.14.20;3;5;6;1;4654;;14;5;8;2;1;13;2;18;7;11;16;9;
az5;;;;;;;12.14.20;3;5;5;1;4656;;14;5;8;2;1;13;18;7;11;16;9;2;
ac09:06;;;;;;;12.14.20;3;5;5;1;4656;;14;5;8;2;1;13;18;7;11;16;6;2;
aP6;;;;;;;12.14.20;3;5;5;1;4656;;14;5;8;2;1;13;18;7;11;16;6;2;
az5;;;;;;;12.14.20;3;5;5;1;4656;;14;5;8;2;1;13;18;7;11;16;6;2;
*c14:12;;;;;;;12.14.20;3;5;5;1;4656;;12;5;8;2;1;13;18;7;11;16;6;2;
a18SM-~~~15;;;;;;;12.14.49;3;5;5;1;4685;;12;5;8;2;1;13;18;7;11;16;6;2;
*08RM+~~~15~~~~33;;;;;;;12.14.49;3;5;5;1;4685;;12;5;8;2;1;13;18;7;11;16;6;2;
*01ET+K1B;;;;;;;12.14.49;3;5;5;1;4687;;12;5;8;2;1;13;18;7;11;16;6;2;
*05AT=W2~21~H2S;p;r;;;;;12.14.58;3;5;5;1;4688;;12;5;8;2;1;13;18;7;11;16;6;2;
a$$&H#;p;;;;;;12.14.58;3;5;5;1;4688;;12;5;8;2;1;13;18;7;11;16;6;2;
ap17:25;;;;;;;12.15.05;3;5;5;1;4693;;12;5;8;2;1;13;18;7;11;16;6;2;
**3set;;;;;;;12.15.05;4;5;5;1;4701;;;;;;;;;;;;;;
