*P05>LUp;;;;;;;;1;4;5;;;;10;12;9;3;13;5;9;18;2;7;13;10;
*z6>LUp;;;;;;;;1;6;5;;;;10;12;9;3;13;5;9;18;2;7;13;10;
aP10>LUp;;;;;;;;1;6;5;;;;10;12;9;3;13;5;9;18;2;7;13;10;
az6>LUp;;;;;;;;1;6;6;;;;10;12;9;3;13;5;9;18;2;7;13;10;
a09SQ!~~~15;;;;;;;19.03.50;1;6;6;1;173;;10;12;9;3;13;5;9;18;2;7;13;10;
*03RQ!~~~15~~~~21;;;;;;;19.03.50;1;6;6;1;173;;10;12;9;3;13;5;9;18;2;7;13;10;
*05ET+KBF;;;;;;;19.03.50;1;6;6;1;173;;10;12;9;3;13;5;9;18;2;7;13;10;
*03AT/W4~45~H2;p;r;;;;;19.03.54;1;6;6;1;177;;10;12;9;3;13;5;9;18;2;7;13;10;
a18BT#~~~~2~~2;p;;;;;;19.03.54;1;6;6;1;177;;10;12;9;3;13;5;9;18;2;7;13;10;
ap00:01;;;;;;;19.04.01;1;6;6;1;181;;10;12;9;3;13;5;9;18;2;7;13;10;
a09SQ=~~~15~~~O;s;;;;;;19.04.01;1;6;6;1;200;;10;12;9;3;13;5;9;18;2;7;13;10;
*$$&H#;s;;;;;;19.04.01;1;6;6;1;200;;10;12;9;3;13;5;9;18;2;7;13;10;
*p01:01;;;;;;;19.04.27;1;6;6;1;204;;10;12;9;3;13;5;9;18;2;7;13;10;
*z5;;;;;;;19.04.27;1;5;6;1;209;;12;9;3;13;5;10;9;18;2;7;13;10;
*12SQ-~~~56;;;;;;;19.04.35;1;5;6;1;220;;12;9;3;13;5;10;9;18;2;7;13;10;
a04RQ#~~~56;;;;;;;19.04.35;1;5;6;1;220;;12;9;3;13;5;10;9;18;2;7;13;10;
a10ET+K3B;;;;;;;19.04.35;1;5;6;1;220;;12;9;3;13;5;10;9;18;2;7;13;10;
a02AT/W2~26~H2;p;r;;;;;19.04.40;1;5;6;1;223;;12;9;3;13;5;10;9;18;2;7;13;10;
*03BT#~~~~4~~2;p;;;;;;19.04.40;1;5;6;1;223;;12;9;3;13;5;10;9;18;2;7;13;10;
*p02:01;;;;;;;19.04.45;1;5;6;1;228;;12;9;3;13;5;10;9;18;2;7;13;10;
*12SQ+~~~56;;;;;;;19.05.00;1;5;6;1;220;;12;9;3;13;5;10;9;18;2;7;13;10;
a04RQ-~~~56;;;;;;;19.05.00;1;5;6;1;220;;12;9;3;13;5;10;9;18;2;7;13;10;
a07AH-G4~45~T2;;r;;;;;19.05.06;1;5;6;1;223;;12;9;3;13;5;10;9;18;2;7;13;10;
*12DH+~~~45;;;;;;;19.05.06;1;5;6;1;223;;12;9;3;13;5;10;9;18;2;7;13;10;
*09AT!W2~24~T2;;p;;;;;19.05.10;1;5;6;1;226;;12;9;3;13;5;10;9;18;2;7;13;10;
a07BT/~~~~4~~2;p;;;;;;19.05.10;1;5;6;1;226;;12;9;3;13;5;10;9;18;2;7;13;10;
*$$&H#;p;;;;;;19.05.10;1;5;6;1;226;;12;9;3;13;5;10;9;18;2;7;13;10;
*p03:01;;;;;;;19.05.18;1;5;6;1;233;;12;9;3;13;5;10;9;18;2;7;13;10;
*12SQ-~~~51;;;;;;;19.06.06;1;5;6;1;312;;12;9;3;13;5;10;9;18;2;7;13;10;
a09RQ#~~~51;;;;;;;19.06.06;1;5;6;1;312;;12;9;3;13;5;10;9;18;2;7;13;10;
a10EQ+K3C;;;;;;;19.06.06;1;5;6;1;312;;12;9;3;13;5;10;9;18;2;7;13;10;
a18AQ#J3~35~H2;s;r;;;;;19.06.13;1;5;6;1;315;;12;9;3;13;5;10;9;18;2;7;13;10;
*12DQ=~~~35;s;;;;;;19.06.13;1;5;6;1;315;;12;9;3;13;5;10;9;18;2;7;13;10;
ap03:02;;;;;;;19.06.17;1;5;6;1;321;;12;9;3;13;5;10;9;18;2;7;13;10;
az5;;;;;;;19.06.17;1;5;5;1;319;;12;9;3;13;5;10;18;2;7;13;10;9;
a18SM-~~~58;;;;;;;19.06.31;1;5;5;1;336;;12;9;3;13;5;10;18;2;7;13;10;9;
*10RM+~~~58~~~~41;;;;;;;19.06.31;1;5;5;1;336;;12;9;3;13;5;10;18;2;7;13;10;9;
*05ET+KFB;;;;;;;19.06.31;1;5;5;1;336;;12;9;3;13;5;10;18;2;7;13;10;9;
*09AT#W2~27~H1;s;r;;;;;19.06.35;1;5;5;1;341;;12;9;3;13;5;10;18;2;7;13;10;9;
a$$&H=;s;;;;;;19.06.35;1;5;5;1;341;;12;9;3;13;5;10;18;2;7;13;10;9;
*p04:02;;;;;;;19.06.39;1;5;5;1;345;;12;9;3;13;5;10;18;2;7;13;10;9;
*z4;;;;;;;19.06.39;1;4;5;1;341;;9;3;13;5;10;12;18;2;7;13;10;9;
*09SQ+~~~11~~~N;;;;;;;19.06.54;1;4;5;1;356;;9;3;13;5;10;12;18;2;7;13;10;9;
a04RQ-~~~11~W;;;;;;;19.06.54;1;4;5;1;356;;9;3;13;5;10;12;18;2;7;13;10;9;
a07AH-G4~45~T0;;r;;;;;19.06.58;1;4;5;1;359;;9;3;13;5;10;12;18;2;7;13;10;9;
*18DH+~~~45;;;;;;;19.06.58;1;4;5;1;359;;9;3;13;5;10;12;18;2;7;13;10;9;
*09AT+Y9~91~H1;;p;;;;;19.07.01;1;4;5;1;362;;9;3;13;5;10;12;18;2;7;13;10;9;
a10DT/~~~91;;;;;;;19.07.01;1;4;5;1;362;;9;3;13;5;10;12;18;2;7;13;10;9;
*13AO#V3~33~H1S;p;p;;;;;19.07.06;1;4;5;1;364;;9;3;13;5;10;12;18;2;7;13;10;9;
a13BO=~~~~3~~1S;p;;;;;;19.07.06;1;4;5;1;364;;9;3;13;5;10;12;18;2;7;13;10;9;
*p05:02;;;;;;;19.07.10;1;4;5;1;370;;9;3;13;5;10;12;18;2;7;13;10;9;
*09SQ=~~~11~~~N;s;;;;;;19.07.22;1;4;5;1;387;;9;3;13;5;10;12;18;2;7;13;10;9;
a$$&H#;s;;;;;;19.07.22;1;4;5;1;387;;9;3;13;5;10;12;18;2;7;13;10;9;
ap05:03;;;;;;;19.07.26;1;4;5;1;392;;9;3;13;5;10;12;18;2;7;13;10;9;
az4;;;;;;;19.07.26;1;4;4;1;389;;9;3;13;5;10;12;2;7;13;10;9;18;
a02SQ-~~~66;;;;;;;19.07.42;1;4;4;1;407;;9;3;13;5;10;12;2;7;13;10;9;18;
*10RQ+~~~66~~~~32;;;;;;;19.07.42;1;4;4;1;407;;9;3;13;5;10;12;2;7;13;10;9;18;
*05ET+K1F;;;;;;;19.07.42;1;4;4;1;407;;9;3;13;5;10;12;2;7;13;10;9;18;
*03AT-W4~45~H2;;r;;;;;19.07.49;1;4;4;1;410;;9;3;13;5;10;12;2;7;13;10;9;18;
a13BT+~~~~2~~2;;;;;;;19.07.49;1;4;4;1;410;;9;3;13;5;10;12;2;7;13;10;9;18;
a07AT#W4~41~H1;p;p;;;;;19.07.52;1;4;4;1;413;;9;3;13;5;10;12;2;7;13;10;9;18;
*$$&H=;p;;;;;;19.07.52;1;4;4;1;413;;9;3;13;5;10;12;2;7;13;10;9;18;
ap05:04;;;;;;;19.07.55;1;4;4;1;418;;9;3;13;5;10;12;2;7;13;10;9;18;
a02SQ-~~~65;;;;;;;19.08.17;1;4;4;1;442;;9;3;13;5;10;12;2;7;13;10;9;18;
*03RQ#~~~65;;;;;;;19.08.17;1;4;4;1;442;;9;3;13;5;10;12;2;7;13;10;9;18;
*05EO+K1S;;;;;;;19.08.17;1;4;4;1;442;;9;3;13;5;10;12;2;7;13;10;9;18;
*05AO#JJ~39~T1;s;r;;;;;19.08.22;1;4;4;1;447;;9;3;13;5;10;12;2;7;13;10;9;18;
a$$&H=;s;;;;;;19.08.22;1;4;4;1;447;;9;3;13;5;10;12;2;7;13;10;9;18;
*p06:04;;;;;;;19.08.24;1;4;4;1;449;;9;3;13;5;10;12;2;7;13;10;9;18;
*z3;;;;;;;19.08.24;1;3;4;1;447;;3;13;5;10;12;9;2;7;13;10;9;18;
*03SM!~~~16;;;;;;;19.08.41;1;3;4;1;465;;3;13;5;10;12;9;2;7;13;10;9;18;
a09RM!~~~16~~~~42;;;;;;;19.08.41;1;3;4;1;465;;3;13;5;10;12;9;2;7;13;10;9;18;
a10EQ+K2C;;;;;;;19.08.41;1;3;4;1;465;;3;13;5;10;12;9;2;7;13;10;9;18;
a13AQ-J2~35~H1;;r;;;;;19.08.47;1;3;4;1;468;;3;13;5;10;12;9;2;7;13;10;9;18;
*18DQ+~~~35;;;;;;;19.08.47;1;3;4;1;468;;3;13;5;10;12;9;2;7;13;10;9;18;
*10AH-G4~42~T2;;p;;;;;19.08.50;1;3;4;1;471;;3;13;5;10;12;9;2;7;13;10;9;18;
a10DH+~~~42;;;;;;;19.08.50;1;3;4;1;471;;3;13;5;10;12;9;2;7;13;10;9;18;
a02AH=G9~96~H3O;p;s;;;;;19.08.55;1;3;4;1;474;;3;13;5;10;12;9;2;7;13;10;9;18;
*$$&H#;p;;;;;;19.08.55;1;3;4;1;474;;3;13;5;10;12;9;2;7;13;10;9;18;
*p07:04;;;;;;;19.09.03;1;3;4;1;481;;3;13;5;10;12;9;2;7;13;10;9;18;
*03SM-~~~16;;;;;;;19.09.10;1;3;4;1;495;;3;13;5;10;12;9;2;7;13;10;9;18;
a09RM#~~~16~O;;;;;;;19.09.10;1;3;4;1;495;;3;13;5;10;12;9;2;7;13;10;9;18;
a10EQ+K1C;;;;;;;19.09.10;1;3;4;1;495;;3;13;5;10;12;9;2;7;13;10;9;18;
a13AQ=J1~34~T2N;p;r;;;;;19.09.15;1;3;4;1;498;;3;13;5;10;12;9;2;7;13;10;9;18;
*$$&H#;p;;;;;;19.09.15;1;3;4;1;498;;3;13;5;10;12;9;2;7;13;10;9;18;
*p08:04;;;;;;;19.09.19;1;3;4;1;503;;3;13;5;10;12;9;2;7;13;10;9;18;
*03SM-~~~16;;;;;;;19.09.30;1;3;4;1;516;;3;13;5;10;12;9;2;7;13;10;9;18;
a09RM#~~~16~O;;;;;;;19.09.30;1;3;4;1;516;;3;13;5;10;12;9;2;7;13;10;9;18;
a10EQ+K1C;;;;;;;19.09.30;1;3;4;1;516;;3;13;5;10;12;9;2;7;13;10;9;18;
a13AQ#J1~35~H2;s;r;;;;;19.09.35;1;3;4;1;521;;3;13;5;10;12;9;2;7;13;10;9;18;
*$$&H=;s;;;;;;19.09.35;1;3;4;1;521;;3;13;5;10;12;9;2;7;13;10;9;18;
ap08:05;;;;;;;19.09.38;1;3;4;1;524;;3;13;5;10;12;9;2;7;13;10;9;18;
az3;;;;;;;19.09.38;1;3;3;1;520;;3;13;5;10;12;9;7;13;10;9;18;2;
a07SM-~~~16;;;;;;;19.09.59;1;3;3;1;543;;3;13;5;10;12;9;7;13;10;9;18;2;
*18RM+~~~16~O~~31;;;;;;;19.09.59;1;3;3;1;543;;3;13;5;10;12;9;7;13;10;9;18;2;
*05ET+KCF;;;;;;;19.09.59;1;3;3;1;543;;3;13;5;10;12;9;7;13;10;9;18;2;
*10AT+W4~41~H2;;r;;;;;19.10.04;1;3;3;1;546;;3;13;5;10;12;9;7;13;10;9;18;2;
a10BT-~~~~2~~2;;;;;;;19.10.04;1;3;3;1;546;;3;13;5;10;12;9;7;13;10;9;18;2;
*13AQ-J1~36~H1;;s;;;;;19.10.06;1;3;3;1;549;;3;13;5;10;12;9;7;13;10;9;18;2;
a13BQ+~~~~3~~1;;;;;;;19.10.06;1;3;3;1;549;;3;13;5;10;12;9;7;13;10;9;18;2;
a07DH+;;;;;;;19.10.08;1;3;3;1;549;;3;13;5;10;12;9;7;13;10;9;18;2;
a09AT#W4~46~H2F;p;p;;;;;19.10.09;1;3;3;1;552;;3;13;5;10;12;9;7;13;10;9;18;2;
*13BT=~~~~2~~2F;p;;;;;;19.10.09;1;3;3;1;552;;3;13;5;10;12;9;7;13;10;9;18;2;
ap08:06;;;;;;;19.10.14;1;3;3;1;557;;3;13;5;10;12;9;7;13;10;9;18;2;
a07SM!~~~11;;;;;;;19.10.26;1;3;3;1;570;;3;13;5;10;12;9;7;13;10;9;18;2;
*03RM!~~~11~O~~21;;;;;;;19.10.26;1;3;3;1;570;;3;13;5;10;12;9;7;13;10;9;18;2;
*05ET+KBB;;;;;;;19.10.26;1;3;3;1;570;;3;13;5;10;12;9;7;13;10;9;18;2;
*09AT-Y9~95~H1;;r;;;;;19.10.26;1;3;3;1;572;;3;13;5;10;12;9;7;13;10;9;18;2;
a04DT+~~~95;;;;;;;19.10.26;1;3;3;1;572;;3;13;5;10;12;9;7;13;10;9;18;2;
a02AH#G9~95~H2;p;p;;;;;19.10.35;1;3;3;1;575;;3;13;5;10;12;9;7;13;10;9;18;2;
*18DH=~~~95;p;;;;;;19.10.35;1;3;3;1;575;;3;13;5;10;12;9;7;13;10;9;18;2;
ap08:07;;;;;;;19.10.45;1;3;3;1;580;;3;13;5;10;12;9;7;13;10;9;18;2;
a07SM+~~~19;;;;;;;19.10.53;1;3;3;1;597;;3;13;5;10;12;9;7;13;10;9;18;2;
*03RM-~~~19;;;;;;;19.10.53;1;3;3;1;597;;3;13;5;10;12;9;7;13;10;9;18;2;
*10AH/G4~42~T2;p;r;;;;;19.10.57;1;3;3;1;600;;3;13;5;10;12;9;7;13;10;9;18;2;
a13BH#~~~~2~~2;p;;;;;;19.10.57;1;3;3;1;600;;3;13;5;10;12;9;7;13;10;9;18;2;
ap08:08;;;;;;;19.11.00;1;3;3;1;606;;3;13;5;10;12;9;7;13;10;9;18;2;
a07SM!~~~11;;;;;;;19.11.18;1;3;3;1;624;;3;13;5;10;12;9;7;13;10;9;18;2;
*03RM!~~~11~~~~31;;;;;;;19.11.18;1;3;3;1;624;;3;13;5;10;12;9;7;13;10;9;18;2;
*05EQ+KCC~~~1;;;;;;;19.11.18;1;3;3;1;624;;3;13;5;10;12;9;7;13;10;9;18;2;
*13AQ#J4~31~H1;s;r;;;;;19.11.27;1;3;3;1;627;;3;13;5;10;12;9;7;13;10;9;18;2;
a$$&H=;s;;;;;;19.11.27;1;3;3;1;627;;3;13;5;10;12;9;7;13;10;9;18;2;
*p09:08;;;;;;;19.11.35;1;3;3;1;632;;3;13;5;10;12;9;7;13;10;9;18;2;
*z2;;;;;;;19.11.35;1;2;3;1;638;;13;5;10;12;9;3;7;13;10;9;18;2;
*13SM-~~~55;;;;;;;19.11.44;1;2;3;1;649;;13;5;10;12;9;3;7;13;10;9;18;2;
a09RM#~~~55~O;;;;;;;19.11.44;1;2;3;1;649;;13;5;10;12;9;3;7;13;10;9;18;2;
a10ET+K3F;;;;;;;19.11.44;1;2;3;1;649;;13;5;10;12;9;3;7;13;10;9;18;2;
a09AT#W4~45~H1;s;r;;;;;19.11.49;1;2;3;1;652;;13;5;10;12;9;3;7;13;10;9;18;2;
*$$&H=;s;;;;;;19.11.49;1;2;3;1;652;;13;5;10;12;9;3;7;13;10;9;18;2;
ap09:09;;;;;;;19.11.52;1;2;3;1;657;;13;5;10;12;9;3;7;13;10;9;18;2;
az2;;;;;;;19.11.52;1;2;2;1;654;;13;5;10;12;9;3;13;10;9;18;2;7;
a13SM#~~~55;p;;;;;;19.12.08;1;2;2;1;673;;13;5;10;12;9;3;13;10;9;18;2;7;
*03RM=~~~55~O;p;;;;;;19.12.08;1;2;2;1;673;;13;5;10;12;9;3;13;10;9;18;2;7;
ap09:10;;;;;;;19.12.13;1;2;2;1;678;;13;5;10;12;9;3;13;10;9;18;2;7;
a13SM-~~~53~~~N;;;;;;;19.12.29;1;2;2;1;694;;13;5;10;12;9;3;13;10;9;18;2;7;
*03RM+~~~53~W~~41;;;;;;;19.12.29;1;2;2;1;694;;13;5;10;12;9;3;13;10;9;18;2;7;
*05ET+K1B;;;;;;;19.12.29;1;2;2;1;694;;13;5;10;12;9;3;13;10;9;18;2;7;
*09AT/Y9~96~H2;p;r;;;;;19.12.35;1;2;2;1;697;;13;5;10;12;9;3;13;10;9;18;2;7;
a09BT#~~~~4~~2;p;;;;;;19.12.35;1;2;2;1;697;;13;5;10;12;9;3;13;10;9;18;2;7;
ap09:11;;;;;;;19.12.39;1;2;2;1;702;;13;5;10;12;9;3;13;10;9;18;2;7;
a13SM!~~~57;;;;;;;19.12.53;1;2;2;1;718;;13;5;10;12;9;3;13;10;9;18;2;7;
*03RM!~~~57~O~~41;;;;;;;19.12.53;1;2;2;1;718;;13;5;10;12;9;3;13;10;9;18;2;7;
*05ET+KFF;;;;;;;19.12.53;1;2;2;1;718;;13;5;10;12;9;3;13;10;9;18;2;7;
*10AT-W4~45~H2;;r;;;;;19.12.59;1;2;2;1;721;;13;5;10;12;9;3;13;10;9;18;2;7;
a18BT+~~~~2~~2;;;;;;;19.12.59;1;2;2;1;721;;13;5;10;12;9;3;13;10;9;18;2;7;
a02AH-G9~96~H2;;p;;;;;19.13.03;1;2;2;1;724;;13;5;10;12;9;3;13;10;9;18;2;7;
*18DH+~~~96;;;;;;;19.13.03;1;2;2;1;724;;13;5;10;12;9;3;13;10;9;18;2;7;
*10AT+W4~41~H2;;s;;;;;19.13.06;1;2;2;1;727;;13;5;10;12;9;3;13;10;9;18;2;7;
a10BT-~~~~2~~2;;;;;;;19.13.06;1;2;2;1;727;;13;5;10;12;9;3;13;10;9;18;2;7;
*05DH+;;;;;;;19.13.06;1;2;2;1;727;;13;5;10;12;9;3;13;10;9;18;2;7;
*09AH/G9~96~H2;p;s;;;;;19.13.09;1;2;2;1;731;;13;5;10;12;9;3;13;10;9;18;2;7;
a09BH#~~~~4~~2;p;;;;;;19.13.09;1;2;2;1;731;;13;5;10;12;9;3;13;10;9;18;2;7;
ap09:12;;;;;;;19.13.12;1;2;2;1;736;;13;5;10;12;9;3;13;10;9;18;2;7;
*T;;;;;;;19.13.12;1;2;2;1;734;;13;5;10;12;9;3;13;10;9;18;2;7;
a13SM!~~~57;;;;;;;19.14.29;1;2;2;1;814;;13;5;10;12;9;3;13;10;9;18;2;7;
*03RM!~~~57~O~~42;;;;;;;19.14.29;1;2;2;1;814;;13;5;10;12;9;3;13;10;9;18;2;7;
*05ET+K8F;;;;;;;19.14.29;1;2;2;1;814;;13;5;10;12;9;3;13;10;9;18;2;7;
*10AT+W4~41~H3;;r;;;;;19.14.35;1;2;2;1;820;;13;5;10;12;9;3;13;10;9;18;2;7;
a10BT-~~~~2~~3;;;;;;;19.14.35;1;2;2;1;820;;13;5;10;12;9;3;13;10;9;18;2;7;
*05EH-~~~~3;;;;;;;19.14.38;1;2;2;1;823;;13;5;10;12;9;3;13;10;9;18;2;7;
a02FH+;;;;;;;19.14.41;1;2;2;1;826;;13;5;10;12;9;3;13;10;9;18;2;7;
*12AQ-J3~31~H1;;s;;;;;19.14.43;1;2;2;1;828;;13;5;10;12;9;3;13;10;9;18;2;7;
a02DQ+~~~31;;;;;;;19.14.43;1;2;2;1;828;;13;5;10;12;9;3;13;10;9;18;2;7;
a09AH+G4~42~T2;;p;;;;;19.14.47;1;2;2;1;832;;13;5;10;12;9;3;13;10;9;18;2;7;
*12BH-~~~~2~~2;;;;;;;19.14.47;1;2;2;1;832;;13;5;10;12;9;3;13;10;9;18;2;7;
a02AT/Y9~91~H2;s;p;;;;;19.14.50;1;2;2;1;835;;13;5;10;12;9;3;13;10;9;18;2;7;
*12BT#~~~~4~~2;s;;;;;;19.14.50;1;2;2;1;835;;13;5;10;12;9;3;13;10;9;18;2;7;
*p10:12;;;;;;;19.14.53;1;2;2;1;838;;13;5;10;12;9;3;13;10;9;18;2;7;
*z1;;;;;;;19.14.53;1;1;2;1;836;;5;10;12;9;3;13;13;10;9;18;2;7;
*05SM-~~~16;;;;;;;19.15.15;1;1;2;1;860;;5;10;12;9;3;13;13;10;9;18;2;7;
a07RM#~~~16~O;;;;;;;19.15.15;1;1;2;1;860;;5;10;12;9;3;13;13;10;9;18;2;7;
a10ET+K1F;;;;;;;19.15.15;1;1;2;1;860;;5;10;12;9;3;13;13;10;9;18;2;7;
a09AT#W4~46~H1S;s;r;;;;;19.15.20;1;1;2;1;865;;5;10;12;9;3;13;13;10;9;18;2;7;
*09BT=~~~~2~~1S;s;;;;;;19.15.20;1;1;2;1;865;;5;10;12;9;3;13;13;10;9;18;2;7;
ap10:13;;;;;;;19.15.25;1;1;2;1;869;;5;10;12;9;3;13;13;10;9;18;2;7;
az1;;;;;;;19.15.25;1;1;1;1;867;;5;10;12;9;3;13;10;9;18;2;7;13;
a10SM-~~~15;;;;;;;19.15.36;1;1;1;1;880;;5;10;12;9;3;13;10;9;18;2;7;13;
*03RM#~~~15~O;;;;;;;19.15.36;1;1;1;1;880;;5;10;12;9;3;13;10;9;18;2;7;13;
*05ET+K1B;;;;;;;19.15.36;1;1;1;1;880;;5;10;12;9;3;13;10;9;18;2;7;13;
*10AT#W2~25~H1F;s;r;;;;;19.15.41;1;1;1;1;883;;5;10;12;9;3;13;10;9;18;2;7;13;
a09BT=~~~~4~~1F;s;;;;;;19.15.41;1;1;1;1;883;;5;10;12;9;3;13;10;9;18;2;7;13;
*p11:13;;;;;;;19.15.48;1;1;1;1;888;;5;10;12;9;3;13;10;9;18;2;7;13;
*z6;;;;;;;19.15.48;1;6;1;1;890;;10;12;9;3;13;5;10;9;18;2;7;13;
*10SQ/~~~11;;;;;;;19.16.02;1;6;1;1;906;;10;12;9;3;13;5;10;9;18;2;7;13;
a09RQ/~~~11~R;;;;;;;19.16.02;1;6;1;1;906;;10;12;9;3;13;5;10;9;18;2;7;13;
*03AT-W4~43~T2;;p;;;;;19.16.09;1;6;1;1;914;;10;12;9;3;13;5;10;9;18;2;7;13;
a02DT+~~~43;;;;;;;19.16.09;1;6;1;1;914;;10;12;9;3;13;5;10;9;18;2;7;13;
a09AH-G2~21~H2;;s;;;;;19.16.15;1;6;1;1;919;;10;12;9;3;13;5;10;9;18;2;7;13;
*12BH+~~~~4~~2;;;;;;;19.16.15;1;6;1;1;919;;10;12;9;3;13;5;10;9;18;2;7;13;
*05DH+;;;;;;;19.16.17;1;6;1;1;921;;10;12;9;3;13;5;10;9;18;2;7;13;
*09AH-G2~24~T2;;p;;;;;19.16.19;1;6;1;1;923;;10;12;9;3;13;5;10;9;18;2;7;13;
a04DH+~~~24;;;;;;;19.16.19;1;6;1;1;923;;10;12;9;3;13;5;10;9;18;2;7;13;
a02AT#W4~46~H2S;s;s;;;;;19.16.21;1;6;1;1;925;;10;12;9;3;13;5;10;9;18;2;7;13;
*12BT=~~~~2~~2S;s;;;;;;19.16.21;1;6;1;1;925;;10;12;9;3;13;5;10;9;18;2;7;13;
ap11:14;;;;;;;19.16.24;1;6;1;1;928;;10;12;9;3;13;5;10;9;18;2;7;13;
az6;;;;;;;19.16.24;1;6;6;1;926;;10;12;9;3;13;5;9;18;2;7;13;10;
a09SQ=~~~16~~~N;s;;;;;;19.16.44;1;6;6;1;948;;10;12;9;3;13;5;9;18;2;7;13;10;
*$$&H#;s;;;;;;19.16.44;1;6;6;1;948;;10;12;9;3;13;5;9;18;2;7;13;10;
*p12:14;;;;;;;19.16.47;1;6;6;1;951;;10;12;9;3;13;5;9;18;2;7;13;10;
*z5;;;;;;;19.16.47;1;5;6;1;950;;12;9;3;13;5;10;9;18;2;7;13;10;
*12SQ+~~~56;;;;;;;19.17.05;1;5;6;1;971;;12;9;3;13;5;10;9;18;2;7;13;10;
a04RQ-~~~56;;;;;;;19.17.05;1;5;6;1;971;;12;9;3;13;5;10;9;18;2;7;13;10;
a02AH-G2~26~H2;;r;;;;;19.17.13;1;5;6;1;974;;12;9;3;13;5;10;9;18;2;7;13;10;
*10DH+~~~26;;;;;;;19.17.13;1;5;6;1;974;;12;9;3;13;5;10;9;18;2;7;13;10;
*03AH#G4~41~H2S;p;p;;;;;19.17.15;1;5;6;1;977;;12;9;3;13;5;10;9;18;2;7;13;10;
a02BH=~~~~2~~2S;p;;;;;;19.17.15;1;5;6;1;977;;12;9;3;13;5;10;9;18;2;7;13;10;
*p13:14;;;;;;;19.17.18;1;5;6;1;982;;12;9;3;13;5;10;9;18;2;7;13;10;
*12SQ!~~~51;;;;;;;19.17.37;1;5;6;1;1002;;12;9;3;13;5;10;9;18;2;7;13;10;
a09RQ!~~~51~~~~41;;;;;;;19.17.37;1;5;6;1;1002;;12;9;3;13;5;10;9;18;2;7;13;10;
a10ET+K3B;;;;;;;19.17.37;1;5;6;1;1002;;12;9;3;13;5;10;9;18;2;7;13;10;
a02AT-W2~25~H2;;r;;;;;19.17.43;1;5;6;1;1005;;12;9;3;13;5;10;9;18;2;7;13;10;
*12DT+~~~25;;;;;;;19.17.43;1;5;6;1;1005;;12;9;3;13;5;10;9;18;2;7;13;10;
*03AH#G4~41~H2;p;p;;;;;19.17.46;1;5;6;1;1008;;12;9;3;13;5;10;9;18;2;7;13;10;
a$$&H=;p;;;;;;19.17.46;1;5;6;1;1008;;12;9;3;13;5;10;9;18;2;7;13;10;
*p14:14;;;;;;;19.17.48;1;5;6;1;1013;;12;9;3;13;5;10;9;18;2;7;13;10;
*12SQ=~~~56~~~N;s;;;;;;19.18.06;1;5;6;1;1031;;12;9;3;13;5;10;9;18;2;7;13;10;
a$$&H#;s;;;;;;19.18.06;1;5;6;1;1031;;12;9;3;13;5;10;9;18;2;7;13;10;
ap14:15;;;;;;;19.18.11;1;5;6;1;1036;;12;9;3;13;5;10;9;18;2;7;13;10;
az5;;;;;;;19.18.11;1;5;5;1;1034;;12;9;3;13;5;10;18;2;7;13;10;9;
a18SM+~~~57;;;;;;;19.18.30;1;5;5;1;1054;;12;9;3;13;5;10;18;2;7;13;10;9;
*03RM-~~~57~O;;;;;;;19.18.30;1;5;5;1;1054;;12;9;3;13;5;10;18;2;7;13;10;9;
*09AH#G2~25~H2;s;r;;;;;19.18.34;1;5;5;1;1059;;12;9;3;13;5;10;18;2;7;13;10;9;
a$$&H=;s;;;;;;19.18.34;1;5;5;1;1059;;12;9;3;13;5;10;18;2;7;13;10;9;
*p15:15;;;;;;;19.18.37;1;5;5;1;1062;;12;9;3;13;5;10;18;2;7;13;10;9;
*z4;;;;;;;19.18.37;1;4;5;1;1060;;9;3;13;5;10;12;18;2;7;13;10;9;
*c05:16;;;;;;;19.18.37;1;4;5;1;1060;;9;3;13;16;10;12;18;2;7;13;10;9;
*c09:02;;;;;;;19.18.37;1;4;5;1;1060;;2;3;13;16;10;12;18;2;7;13;10;9;
*P2;;;;;;;19.18.37;1;4;5;1;1060;;2;3;13;16;10;12;18;2;7;13;10;9;
*z1;;;;;;;19.18.37;1;1;5;1;1060;;2;3;13;16;10;12;18;2;7;13;10;9;
*02SM!~~~16;;;;;;;19.19.07;1;1;5;1;1091;;2;3;13;16;10;12;18;2;7;13;10;9;
a09RM!~~~16~O~~32;;;;;;;19.19.07;1;1;5;1;1091;;2;3;13;16;10;12;18;2;7;13;10;9;
a10ET+K1F;;;;;;;19.19.07;1;1;5;1;1091;;2;3;13;16;10;12;18;2;7;13;10;9;
a07AT#W4~41~H2S;s;r;;;;;19.19.13;1;1;5;1;1097;;2;3;13;16;10;12;18;2;7;13;10;9;
*16BT=~~~~2~~2S;s;;;;;;19.19.13;1;1;5;1;1097;;2;3;13;16;10;12;18;2;7;13;10;9;
ap15:16;;;;;;;19.19.17;1;1;5;1;1099;;2;3;13;16;10;12;18;2;7;13;10;9;
az4;;;;;;;19.19.17;1;1;4;1;1100;;2;3;13;16;10;12;2;7;13;10;9;18;
a02SQ#~~~66;p;;;;;;19.19.31;1;1;4;1;1115;;2;3;13;16;10;12;2;7;13;10;9;18;
*18RQ=~~~66~R;p;;;;;;19.19.31;1;1;4;1;1115;;2;3;13;16;10;12;2;7;13;10;9;18;
ap15:17;;;;;;;19.19.36;1;1;4;1;1120;;2;3;13;16;10;12;2;7;13;10;9;18;
a02SQ-~~~65;;;;;;;19.19.52;1;1;4;1;1137;;2;3;13;16;10;12;2;7;13;10;9;18;
*10RQ+~~~65~~~~41;;;;;;;19.19.52;1;1;4;1;1137;;2;3;13;16;10;12;2;7;13;10;9;18;
*02ET+K1F;;;;;;;19.19.52;1;1;4;1;1137;;2;3;13;16;10;12;2;7;13;10;9;18;
*16AT-W4~41~H2;;r;;;;;19.19.57;1;1;4;1;1142;;2;3;13;16;10;12;2;7;13;10;9;18;
a10BT+~~~~2~~2;;;;;;;19.19.57;1;1;4;1;1142;;2;3;13;16;10;12;2;7;13;10;9;18;
a02AH=G9~96~H0N;s;p;;;;;19.20.01;1;1;4;1;1146;;2;3;13;16;10;12;2;7;13;10;9;18;
*$$&H#;s;;;;;;19.20.01;1;1;4;1;1146;;2;3;13;16;10;12;2;7;13;10;9;18;
*p16:17;;;;;;;19.20.05;1;1;4;1;1149;;2;3;13;16;10;12;2;7;13;10;9;18;
*z6;;;;;;;19.20.05;1;6;4;1;1147;;3;13;16;10;12;2;2;7;13;10;9;18;
*03SM-~~~16;;;;;;;19.20.19;1;6;4;1;1164;;3;13;16;10;12;2;2;7;13;10;9;18;
a09RM+~~~16~O~~21;;;;;;;19.20.19;1;6;4;1;1164;;3;13;16;10;12;2;2;7;13;10;9;18;
a10ET+K1P;;;;;;;19.20.19;1;6;4;1;1164;;3;13;16;10;12;2;2;7;13;10;9;18;
a09AT=Y8~85~H1Z;p;r;;;;;19.20.26;1;6;4;1;1167;;3;13;16;10;12;2;2;7;13;10;9;18;
*$$&H#;p;;;;;;19.20.26;1;6;4;1;1167;;3;13;16;10;12;2;2;7;13;10;9;18;
*p17:17;;;;;;;19.20.31;1;6;4;1;1172;;3;13;16;10;12;2;2;7;13;10;9;18;
*03SM-~~~11;;;;;;;19.20.40;1;6;4;1;1185;;3;13;16;10;12;2;2;7;13;10;9;18;
a04RM+~~~11~O~~21;;;;;;;19.20.40;1;6;4;1;1185;;3;13;16;10;12;2;2;7;13;10;9;18;
a10EQ+K1C;;;;;;;19.20.40;1;6;4;1;1185;;3;13;16;10;12;2;2;7;13;10;9;18;
a13AQ#J4~35~H2;s;r;;;;;19.20.45;1;6;4;1;1190;;3;13;16;10;12;2;2;7;13;10;9;18;
*18DQ=~~~35;s;;;;;;19.20.45;1;6;4;1;1190;;3;13;16;10;12;2;2;7;13;10;9;18;
ap17:18;;;;;;;19.20.50;1;6;4;1;1195;;3;13;16;10;12;2;2;7;13;10;9;18;
az3;;;;;;;19.20.50;1;6;3;1;1193;;3;13;16;10;12;2;7;13;10;9;18;2;
*c03:06;;;;;;;19.20.50;1;6;3;1;1193;;6;13;16;10;12;2;7;13;10;9;18;2;
ac10:20;;;;;;;19.20.50;1;6;3;1;1193;;6;13;16;10;12;2;7;13;20;9;18;2;
ac02:05;;;;;;;19.20.50;1;6;3;1;1193;;6;13;16;10;12;2;7;13;20;9;18;5;
aP5;;;;;;;19.20.50;1;6;3;1;1193;;6;13;16;10;12;2;7;13;20;9;18;5;
az6;;;;;;;19.20.50;1;6;6;1;1193;;6;13;16;10;12;2;7;13;20;9;18;5;
a07SM-~~~11;;;;;;;19.22.05;1;6;6;1;1270;;6;13;16;10;12;2;7;13;20;9;18;5;
*06RM+~~~11~~~~32;;;;;;;19.22.05;1;6;6;1;1270;;6;13;16;10;12;2;7;13;20;9;18;5;
*02ET+K1B;;;;;;;19.22.05;1;6;6;1;1270;;6;13;16;10;12;2;7;13;20;9;18;5;
*16AT#W2~26~H1F;s;r;;;;;19.22.10;1;6;6;1;1273;;6;13;16;10;12;2;7;13;20;9;18;5;
a09BT=~~~~4~~1F;s;;;;;;19.22.10;1;6;6;1;1273;;6;13;16;10;12;2;7;13;20;9;18;5;
*p18:18;;;;;;;19.22.22;1;6;6;1;1278;;6;13;16;10;12;2;7;13;20;9;18;5;
*z5;;;;;;;19.22.22;1;5;6;1;1284;;13;16;10;12;2;6;7;13;20;9;18;5;
ac20:10;;;;;;;19.22.22;1;5;6;1;1284;;13;16;10;12;2;6;7;13;10;9;18;5;
ac05:02;;;;;;;19.22.22;1;5;6;1;1284;;13;16;10;12;2;6;7;13;10;9;18;2;
aP10;;;;;;;19.22.22;1;5;6;1;1284;;13;16;10;12;2;6;7;13;10;9;18;2;
az3;;;;;;;19.22.22;1;5;3;1;1284;;13;16;10;12;2;6;7;13;10;9;18;2;
*13SM=~~~51~~~N;s;;;;;;19.22.37;1;5;3;1;1302;;13;16;10;12;2;6;7;13;10;9;18;2;
a$$&H#;s;;;;;;19.22.37;1;5;3;1;1302;;13;16;10;12;2;6;7;13;10;9;18;2;
ap18:19;;;;;;;19.22.41;1;5;3;1;1305;;13;16;10;12;2;6;7;13;10;9;18;2;
az2;;;;;;;19.22.41;1;5;2;1;1303;;13;16;10;12;2;6;13;10;9;18;2;7;
a13SM!~~~51;;;;;;;19.22.57;1;5;2;1;1321;;13;16;10;12;2;6;13;10;9;18;2;7;
*18RM!~~~51~O~~22;;;;;;;19.22.57;1;5;2;1;1321;;13;16;10;12;2;6;13;10;9;18;2;7;
*02ET+KBB;;;;;;;19.22.57;1;5;2;1;1321;;13;16;10;12;2;6;13;10;9;18;2;7;
*16AT-W2~26~H2;;r;;;;;19.23.02;1;5;2;1;1324;;13;16;10;12;2;6;13;10;9;18;2;7;
a18BT+~~~~4~~2;;;;;;;19.23.02;1;5;2;1;1324;;13;16;10;12;2;6;13;10;9;18;2;7;
a07DH+;;;;;;;19.23.02;1;5;2;1;1324;;13;16;10;12;2;6;13;10;9;18;2;7;
a02AH#G9~95~H2;p;p;;;;;19.23.04;1;5;2;1;1327;;13;16;10;12;2;6;13;10;9;18;2;7;
*18DH=~~~95;p;;;;;;19.23.04;1;5;2;1;1327;;13;16;10;12;2;6;13;10;9;18;2;7;
ap18:20;;;;;;;19.23.13;1;5;2;1;1332;;13;16;10;12;2;6;13;10;9;18;2;7;
a13SM-~~~51;;;;;;;19.23.27;1;5;2;1;1352;;13;16;10;12;2;6;13;10;9;18;2;7;
*18RM+~~~51~O~~32;;;;;;;19.23.27;1;5;2;1;1352;;13;16;10;12;2;6;13;10;9;18;2;7;
*02ET+K1F;;;;;;;19.23.27;1;5;2;1;1352;;13;16;10;12;2;6;13;10;9;18;2;7;
*10AT+W4~47~H1;;r;;;;;19.23.31;1;5;2;1;1355;;13;16;10;12;2;6;13;10;9;18;2;7;
a09DT/~~~47;;;;;;;19.23.31;1;5;2;1;1355;;13;16;10;12;2;6;13;10;9;18;2;7;
*02FH/;;;;;;;19.23.36;1;5;2;1;1358;;13;16;10;12;2;6;13;10;9;18;2;7;
a09AT!W4~45~H2;;p;;;;;19.23.39;1;5;2;1;1361;;13;16;10;12;2;6;13;10;9;18;2;7;
*16BT/~~~~2~~2;p;;;;;;19.23.39;1;5;2;1;1361;;13;16;10;12;2;6;13;10;9;18;2;7;
a$$&H#;p;;;;;;19.23.39;1;5;2;1;1361;;13;16;10;12;2;6;13;10;9;18;2;7;
ap18:21;;;;;;;19.23.49;1;5;2;1;1366;;13;16;10;12;2;6;13;10;9;18;2;7;
*T;;;;;;;19.23.49;1;5;2;1;1372;;13;16;10;12;2;6;13;10;9;18;2;7;
a13SM!~~~56;;;;;;;19.24.52;1;5;2;1;1436;;13;16;10;12;2;6;13;10;9;18;2;7;
*06RM!~~~56~~~~41;;;;;;;19.24.52;1;5;2;1;1436;;13;16;10;12;2;6;13;10;9;18;2;7;
*02EQ+KFC;;;;;;;19.24.52;1;5;2;1;1436;;13;16;10;12;2;6;13;10;9;18;2;7;
*12AQ-J1~37~H1;;r;;;;;19.24.56;1;5;2;1;1440;;13;16;10;12;2;6;13;10;9;18;2;7;
a09DQ+~~~37;;;;;;;19.24.56;1;5;2;1;1440;;13;16;10;12;2;6;13;10;9;18;2;7;
a02AH+G9~91~H2;;p;;;;;19.24.59;1;5;2;1;1442;;13;16;10;12;2;6;13;10;9;18;2;7;
*02DH/~~~91;;;;;;;19.24.59;1;5;2;1;1442;;13;16;10;12;2;6;13;10;9;18;2;7;
a09FH-;;;;;;;19.25.04;1;5;2;1;1448;;13;16;10;12;2;6;13;10;9;18;2;7;
*16AT!W2~26~H1;;s;;;;;19.25.08;1;5;2;1;1451;;13;16;10;12;2;6;13;10;9;18;2;7;
a09BT/~~~~4~~1;s;;;;;;19.25.08;1;5;2;1;1451;;13;16;10;12;2;6;13;10;9;18;2;7;
*$$&H#;s;;;;;;19.25.08;1;5;2;1;1451;;13;16;10;12;2;6;13;10;9;18;2;7;
*p19:21;;;;;;;19.25.14;1;5;2;1;1457;;13;16;10;12;2;6;13;10;9;18;2;7;
*z4;;;;;;;19.25.14;1;4;2;1;1456;;16;10;12;2;6;13;13;10;9;18;2;7;
*16SQ-~~~16;;;;;;;19.25.30;1;4;2;1;1475;;16;10;12;2;6;13;13;10;9;18;2;7;
a07RQ#~~~16;;;;;;;19.25.30;1;4;2;1;1475;;16;10;12;2;6;13;13;10;9;18;2;7;
a10ET+K1F;;;;;;;19.25.30;1;4;2;1;1475;;16;10;12;2;6;13;13;10;9;18;2;7;
a09AT#W4~45~H2;s;r;;;;;19.25.35;1;4;2;1;1478;;16;10;12;2;6;13;13;10;9;18;2;7;
*$$&H=;s;;;;;;19.25.35;1;4;2;1;1478;;16;10;12;2;6;13;13;10;9;18;2;7;
ap19:22;;;;;;;19.25.39;1;4;2;1;1483;;16;10;12;2;6;13;13;10;9;18;2;7;
az1;;;;;;;19.25.39;1;4;1;1;1482;;16;10;12;2;6;13;10;9;18;2;7;13;
a10SM!~~~51;;;;;;;19.25.55;1;4;1;1;1499;;16;10;12;2;6;13;10;9;18;2;7;13;
*18RM!~~~51~~~~41;;;;;;;19.25.55;1;4;1;1;1499;;16;10;12;2;6;13;10;9;18;2;7;13;
*02ET+KFB;;;;;;;19.25.55;1;4;1;1;1499;;16;10;12;2;6;13;10;9;18;2;7;13;
*16AT#Y9~96~H1;s;r;;;;;19.25.55;1;4;1;1;1499;;16;10;12;2;6;13;10;9;18;2;7;13;
a07DT=~~~96;s;;;;;;19.25.55;1;4;1;1;1499;;16;10;12;2;6;13;10;9;18;2;7;13;
*p20:22;;;;;;;19.26.11;1;4;1;1;1507;;16;10;12;2;6;13;10;9;18;2;7;13;
*z3;;;;;;;19.26.11;1;3;1;1;1513;;10;12;2;6;13;16;10;9;18;2;7;13;
*c02:09;;;;;;;19.26.11;1;3;1;1;1513;;10;12;9;6;13;16;10;9;18;2;7;13;
*c16:05;;;;;;;19.26.11;1;3;1;1;1513;;10;12;9;6;13;5;10;9;18;2;7;13;
*P5;;;;;;;19.26.11;1;3;1;1;1513;;10;12;9;6;13;5;10;9;18;2;7;13;
*z6;;;;;;;19.26.11;1;6;1;1;1513;;10;12;9;6;13;5;10;9;18;2;7;13;
aT;;;;;;;19.26.11;1;6;1;1;1513;;10;12;9;6;13;5;10;9;18;2;7;13;
*10SQ=~~~15~~~L;s;;;;;;19.27.30;1;6;1;1;1594;;10;12;9;6;13;5;10;9;18;2;7;13;
a$$&H#;s;;;;;;19.27.30;1;6;1;1;1594;;10;12;9;6;13;5;10;9;18;2;7;13;
ap20:23;;;;;;;19.27.33;1;6;1;1;1598;;10;12;9;6;13;5;10;9;18;2;7;13;
az6;;;;;;;19.27.33;1;6;6;1;1596;;10;12;9;6;13;5;9;18;2;7;13;10;
a09SQ=~~~15~~~L;s;;;;;;19.27.53;1;6;6;1;1617;;10;12;9;6;13;5;9;18;2;7;13;10;
*$$&H#;s;;;;;;19.27.53;1;6;6;1;1617;;10;12;9;6;13;5;9;18;2;7;13;10;
*p21:23;;;;;;;19.27.57;1;6;6;1;1621;;10;12;9;6;13;5;9;18;2;7;13;10;
*z5;;;;;;;19.27.57;1;5;6;1;1619;;12;9;6;13;5;10;9;18;2;7;13;10;
*12SQ=~~~51~~~O;s;;;;;;19.28.15;1;5;6;1;1639;;12;9;6;13;5;10;9;18;2;7;13;10;
a$$&H#;s;;;;;;19.28.15;1;5;6;1;1639;;12;9;6;13;5;10;9;18;2;7;13;10;
ap21:24;;;;;;;19.28.20;1;5;6;1;1643;;12;9;6;13;5;10;9;18;2;7;13;10;
az5;;;;;;;19.28.20;1;5;5;1;1642;;12;9;6;13;5;10;18;2;7;13;10;9;
a18SM-~~~56;;;;;;;19.28.38;1;5;5;1;1663;;12;9;6;13;5;10;18;2;7;13;10;9;
*10RM+~~~56~O~~21;;;;;;;19.28.38;1;5;5;1;1663;;12;9;6;13;5;10;18;2;7;13;10;9;
*05ET+K1B;;;;;;;19.28.38;1;5;5;1;1663;;12;9;6;13;5;10;18;2;7;13;10;9;
*09AT#W2~21~H2;s;r;;;;;19.28.43;1;5;5;1;1668;;12;9;6;13;5;10;18;2;7;13;10;9;
a$$&H=;s;;;;;;19.28.43;1;5;5;1;1668;;12;9;6;13;5;10;18;2;7;13;10;9;
*p22:24;;;;;;;19.28.45;1;5;5;1;1670;;12;9;6;13;5;10;18;2;7;13;10;9;
*z4;;;;;;;19.28.45;1;4;5;1;1668;;9;6;13;5;10;12;18;2;7;13;10;9;
*09SQ/~~~11;;;;;;;19.29.04;1;4;5;1;1688;;9;6;13;5;10;12;18;2;7;13;10;9;
a04RQ/~~~11~M;;;;;;;19.29.04;1;4;5;1;1688;;9;6;13;5;10;12;18;2;7;13;10;9;
*13AQ-J1~35~H2;;p;;;;;19.29.12;1;4;5;1;1696;;9;6;13;5;10;12;18;2;7;13;10;9;
a04DQ+~~~35;;;;;;;19.29.12;1;4;5;1;1696;;9;6;13;5;10;12;18;2;7;13;10;9;
a07AT#W4~46~H2;s;s;;;;;19.29.16;1;4;5;1;1700;;9;6;13;5;10;12;18;2;7;13;10;9;
*18DT=~~~46;s;;;;;;19.29.16;1;4;5;1;1700;;9;6;13;5;10;12;18;2;7;13;10;9;
ap22:25;;;;;;;19.29.21;1;4;5;1;1705;;9;6;13;5;10;12;18;2;7;13;10;9;
**1set;;;;;;;19.29.21;2;4;5;1;1704;;;;;;;;;;;;;;
*P05>LUp;;;;;;;19.29.21;2;4;5;1;1704;;10;12;9;6;13;5;9;18;2;7;13;10;
*z6>LUp;;;;;;;19.29.21;2;6;5;1;1704;;10;12;9;6;13;5;9;18;2;7;13;10;
aP10>LUp;;;;;;;19.29.21;2;6;5;1;1704;;10;12;9;6;13;5;9;18;2;7;13;10;
az6>LUp;;;;;;;19.29.21;2;6;6;1;1704;;10;12;9;6;13;5;9;18;2;7;13;10;
*10SQ+~~~65;;;;;;;19.33.28;2;6;6;1;1952;;10;12;9;6;13;5;9;18;2;7;13;10;
a07RQ-~~~65;;;;;;;19.33.28;2;6;6;1;1952;;10;12;9;6;13;5;9;18;2;7;13;10;
a02EH=~~~~~~~~U;p;;;;;;19.33.34;2;6;6;1;1952;;10;12;9;6;13;5;9;18;2;7;13;10;
*$$&H#;p;;;;;;19.33.34;2;6;6;1;1952;;10;12;9;6;13;5;9;18;2;7;13;10;
*p01:00;;;;;;;19.33.37;2;6;6;1;1957;;10;12;9;6;13;5;9;18;2;7;13;10;
*10SQ=~~~16~~~O;s;;;;;;19.33.53;2;6;6;1;1977;;10;12;9;6;13;5;9;18;2;7;13;10;
a$$&H#;s;;;;;;19.33.53;2;6;6;1;1977;;10;12;9;6;13;5;9;18;2;7;13;10;
ap01:01;;;;;;;19.33.58;2;6;6;1;1982;;10;12;9;6;13;5;9;18;2;7;13;10;
az5;;;;;;;19.33.58;2;6;5;1;1980;;10;12;9;6;13;5;18;2;7;13;10;9;
a18SM#~~~55;p;;;;;;19.34.14;2;6;5;1;1999;;10;12;9;6;13;5;18;2;7;13;10;9;
*06RM=~~~55~M;p;;;;;;19.34.14;2;6;5;1;1999;;10;12;9;6;13;5;18;2;7;13;10;9;
ap01:02;;;;;;;19.34.25;2;6;5;1;2008;;10;12;9;6;13;5;18;2;7;13;10;9;
a18SM-~~~57;;;;;;;19.34.42;2;6;5;1;2027;;10;12;9;6;13;5;18;2;7;13;10;9;
*06RM+~~~57~O~~32;;;;;;;19.34.42;2;6;5;1;2027;;10;12;9;6;13;5;18;2;7;13;10;9;
*05EQ+K2C;;;;;;;19.34.42;2;6;5;1;2027;;10;12;9;6;13;5;18;2;7;13;10;9;
*12AQ-J2~31~H2;;r;;;;;19.34.47;2;6;5;1;2030;;10;12;9;6;13;5;18;2;7;13;10;9;
a02BQ+~~~~3~~2;;;;;;;19.34.47;2;6;5;1;2030;;10;12;9;6;13;5;18;2;7;13;10;9;
a02AT/W2~21~H2;s;p;;;;;19.34.52;2;6;5;1;2033;;10;12;9;6;13;5;18;2;7;13;10;9;
*12BT#~~~~4~~2;s;;;;;;19.34.52;2;6;5;1;2033;;10;12;9;6;13;5;18;2;7;13;10;9;
*p02:02;;;;;;;19.35.03;2;6;5;1;2040;;10;12;9;6;13;5;18;2;7;13;10;9;
*z5;;;;;;;19.35.03;2;5;5;1;2046;;12;9;6;13;5;10;18;2;7;13;10;9;
*12SM-~~~51;;;;;;;19.35.09;2;5;5;1;2053;;12;9;6;13;5;10;18;2;7;13;10;9;
a04RM+~~~51~O~~32;;;;;;;19.35.09;2;5;5;1;2053;;12;9;6;13;5;10;18;2;7;13;10;9;
a10EQ+K1C;;;;;;;19.35.09;2;5;5;1;2053;;12;9;6;13;5;10;18;2;7;13;10;9;
a13AQ#J4~31~H1S;s;r;;;;;19.35.15;2;5;5;1;2060;;12;9;6;13;5;10;18;2;7;13;10;9;
*13BQ=~~~~3~~1S;s;;;;;;19.35.15;2;5;5;1;2060;;12;9;6;13;5;10;18;2;7;13;10;9;
ap02:03;;;;;;;19.35.25;2;5;5;1;2061;;12;9;6;13;5;10;18;2;7;13;10;9;
az4;;;;;;;19.35.25;2;5;4;1;2068;;12;9;6;13;5;10;2;7;13;10;9;18;
a02SQ-~~~66;;;;;;;19.35.31;2;5;4;1;2075;;12;9;6;13;5;10;2;7;13;10;9;18;
*10RQ+~~~66~~~~41;;;;;;;19.35.31;2;5;4;1;2075;;12;9;6;13;5;10;2;7;13;10;9;18;
*05EQ+K1C;;;;;;;19.35.31;2;5;4;1;2075;;12;9;6;13;5;10;2;7;13;10;9;18;
*13AQ#J1~35~H1S;s;r;;;;;19.35.35;2;5;4;1;2079;;12;9;6;13;5;10;2;7;13;10;9;18;
a13BQ=~~~~3~~1S;s;;;;;;19.35.35;2;5;4;1;2079;;12;9;6;13;5;10;2;7;13;10;9;18;
*p03:03;;;;;;;19.35.38;2;5;4;1;2082;;12;9;6;13;5;10;2;7;13;10;9;18;
*z4;;;;;;;19.35.38;2;4;4;1;2080;;9;6;13;5;10;12;2;7;13;10;9;18;
*09SQ-~~~11;;;;;;;19.35.53;2;4;4;1;2098;;9;6;13;5;10;12;2;7;13;10;9;18;
a09RQ+~~~11~~~~41;;;;;;;19.35.53;2;4;4;1;2098;;9;6;13;5;10;12;2;7;13;10;9;18;
a10EQ+K1C;;;;;;;19.35.53;2;4;4;1;2098;;9;6;13;5;10;12;2;7;13;10;9;18;
a13AQ#J4~31~H1S;s;r;;;;;19.35.59;2;4;4;1;2104;;9;6;13;5;10;12;2;7;13;10;9;18;
*13BQ=~~~~3~~1S;s;;;;;;19.35.59;2;4;4;1;2104;;9;6;13;5;10;12;2;7;13;10;9;18;
ap03:04;;;;;;;19.36.10;2;4;4;1;2106;;9;6;13;5;10;12;2;7;13;10;9;18;
az3;;;;;;;19.36.10;2;4;3;1;2112;;9;6;13;5;10;12;7;13;10;9;18;2;
a07SM/~~~15;;;;;;;19.36.24;2;4;3;1;2129;;9;6;13;5;10;12;7;13;10;9;18;2;
*06RM/~~~15~L;;;;;;;19.36.24;2;4;3;1;2129;;9;6;13;5;10;12;7;13;10;9;18;2;
a13AQ#J3~39~H1;p;p;;;;;19.36.35;2;4;3;1;2132;;9;6;13;5;10;12;7;13;10;9;18;2;
*$$&H=;p;;;;;;19.36.35;2;4;3;1;2132;;9;6;13;5;10;12;7;13;10;9;18;2;
ap03:05;;;;;;;19.36.44;2;4;3;1;2141;;9;6;13;5;10;12;7;13;10;9;18;2;
a07SM!~~~15~~~N;;;;;;;19.37.14;2;4;3;1;2178;;9;6;13;5;10;12;7;13;10;9;18;2;
*06RM!~~~15~O~~33;;;;;;;19.37.14;2;4;3;1;2178;;9;6;13;5;10;12;7;13;10;9;18;2;
*05EQ+K8C;;;;;;;19.37.14;2;4;3;1;2178;;9;6;13;5;10;12;7;13;10;9;18;2;
*13AQ#J4~31~H1;s;r;;;;;19.37.19;2;4;3;1;2183;;9;6;13;5;10;12;7;13;10;9;18;2;
a$$&H=;s;;;;;;19.37.19;2;4;3;1;2183;;9;6;13;5;10;12;7;13;10;9;18;2;
*p04:05;;;;;;;19.37.24;2;4;3;1;2187;;9;6;13;5;10;12;7;13;10;9;18;2;
*z3;;;;;;;19.37.24;2;3;3;1;2186;;6;13;5;10;12;9;7;13;10;9;18;2;
*06SM-~~~55;;;;;;;19.37.37;2;3;3;1;2202;;6;13;5;10;12;9;7;13;10;9;18;2;
a04RM+~~~55~O~~32;;;;;;;19.37.37;2;3;3;1;2202;;6;13;5;10;12;9;7;13;10;9;18;2;
a10ET+K3F;;;;;;;19.37.37;2;3;3;1;2202;;6;13;5;10;12;9;7;13;10;9;18;2;
a09AT=W4~46~H2O;p;r;;;;;19.37.44;2;3;3;1;2205;;6;13;5;10;12;9;7;13;10;9;18;2;
*$$&H#;p;;;;;;19.37.44;2;3;3;1;2205;;6;13;5;10;12;9;7;13;10;9;18;2;
*p05:05;;;;;;;19.37.46;2;3;3;1;2210;;6;13;5;10;12;9;7;13;10;9;18;2;
*06SM-~~~61;;;;;;;19.38.02;2;3;3;1;2225;;6;13;5;10;12;9;7;13;10;9;18;2;
a07RM+~~~61~O~~32;;;;;;;19.38.02;2;3;3;1;2225;;6;13;5;10;12;9;7;13;10;9;18;2;
a10EQ+K3C;;;;;;;19.38.02;2;3;3;1;2225;;6;13;5;10;12;9;7;13;10;9;18;2;
a13AQ-J3~36~H2;;r;;;;;19.38.07;2;3;3;1;2228;;6;13;5;10;12;9;7;13;10;9;18;2;
*06DQ+~~~36;;;;;;;19.38.07;2;3;3;1;2228;;6;13;5;10;12;9;7;13;10;9;18;2;
a02AH-G9~96~H2;;s;;;;;19.38.11;2;3;3;1;2231;;6;13;5;10;12;9;7;13;10;9;18;2;
*10BH+~~~~4~~2;;;;;;;19.38.11;2;3;3;1;2231;;6;13;5;10;12;9;7;13;10;9;18;2;
*09AH-G9~91~H2;;p;;;;;19.38.15;2;3;3;1;2234;;6;13;5;10;12;9;7;13;10;9;18;2;
a02DH+~~~91;;;;;;;19.38.15;2;3;3;1;2234;;6;13;5;10;12;9;7;13;10;9;18;2;
a02AH=G9~91~H2S;p;s;;;;;19.38.18;2;3;3;1;2238;;6;13;5;10;12;9;7;13;10;9;18;2;
*$$&H#;p;;;;;;19.38.18;2;3;3;1;2238;;6;13;5;10;12;9;7;13;10;9;18;2;
*p06:05;;;;;;;19.38.23;2;3;3;1;2244;;6;13;5;10;12;9;7;13;10;9;18;2;
*06SM+~~~11;;;;;;;19.38.39;2;3;3;1;2264;;6;13;5;10;12;9;7;13;10;9;18;2;
a07RM-~~~11~O;;;;;;;19.38.39;2;3;3;1;2264;;6;13;5;10;12;9;7;13;10;9;18;2;
a02AH-G9~98~P0;;r;;;;;19.38.45;2;3;3;1;2267;;6;13;5;10;12;9;7;13;10;9;18;2;
*18DH+~~~98;;;;;;;19.38.45;2;3;3;1;2267;;6;13;5;10;12;9;7;13;10;9;18;2;
*13AQ#J1~33~T1;p;p;;;;;19.38.48;2;3;3;1;2270;;6;13;5;10;12;9;7;13;10;9;18;2;
a$$&H=;p;;;;;;19.38.48;2;3;3;1;2270;;6;13;5;10;12;9;7;13;10;9;18;2;
*p07:05;;;;;;;19.38.51;2;3;3;1;2275;;6;13;5;10;12;9;7;13;10;9;18;2;
*06SM!~~~11;;;;;;;19.39.09;2;3;3;1;2293;;6;13;5;10;12;9;7;13;10;9;18;2;
a07RM!~~~11~O~~21;;;;;;;19.39.09;2;3;3;1;2293;;6;13;5;10;12;9;7;13;10;9;18;2;
a10ET+KBB;;;;;;;19.39.09;2;3;3;1;2293;;6;13;5;10;12;9;7;13;10;9;18;2;
a02AT#Y9~95~H2;s;r;;;;;19.39.14;2;3;3;1;2299;;6;13;5;10;12;9;7;13;10;9;18;2;
*18DT=~~~95;s;;;;;;19.39.14;2;3;3;1;2299;;6;13;5;10;12;9;7;13;10;9;18;2;
ap07:06;;;;;;;19.39.20;2;3;3;1;2301;;6;13;5;10;12;9;7;13;10;9;18;2;
az2;;;;;;;19.39.20;2;3;2;1;2302;;6;13;5;10;12;9;13;10;9;18;2;7;
a13SM-~~~56;;;;;;;19.39.36;2;3;2;1;2321;;6;13;5;10;12;9;13;10;9;18;2;7;
*06RM#~~~56~O;;;;;;;19.39.36;2;3;2;1;2321;;6;13;5;10;12;9;13;10;9;18;2;7;
*05ET+K1B;;;;;;;19.39.36;2;3;2;1;2321;;6;13;5;10;12;9;13;10;9;18;2;7;
*09AT#Y9~96~H0;s;r;;;;;19.39.42;2;3;2;1;2327;;6;13;5;10;12;9;13;10;9;18;2;7;
a$$&H=;s;;;;;;19.39.42;2;3;2;1;2327;;6;13;5;10;12;9;13;10;9;18;2;7;
*p08:06;;;;;;;19.39.45;2;3;2;1;2330;;6;13;5;10;12;9;13;10;9;18;2;7;
*z2;;;;;;;19.39.45;2;2;2;1;2328;;13;5;10;12;9;6;13;10;9;18;2;7;
*13SM-~~~56;;;;;;;19.40.00;2;2;2;1;2345;;13;5;10;12;9;6;13;10;9;18;2;7;
a07RM#~~~56~O;;;;;;;19.40.00;2;2;2;1;2345;;13;5;10;12;9;6;13;10;9;18;2;7;
a10EQ+K1C;;;;;;;19.40.00;2;2;2;1;2345;;13;5;10;12;9;6;13;10;9;18;2;7;
a18AQ#J1~31~H2S;s;r;;;;;19.40.05;2;2;2;1;2350;;13;5;10;12;9;6;13;10;9;18;2;7;
*12BQ=~~~~3~~2S;s;;;;;;19.40.05;2;2;2;1;2350;;13;5;10;12;9;6;13;10;9;18;2;7;
ap08:07;;;;;;;19.40.10;2;2;2;1;2355;;13;5;10;12;9;6;13;10;9;18;2;7;
az1;;;;;;;19.40.10;2;2;1;1;2353;;13;5;10;12;9;6;10;9;18;2;7;13;
a10SM!~~~15;;;;;;;19.40.23;2;2;1;1;2368;;13;5;10;12;9;6;10;9;18;2;7;13;
*10RM!~~~15~O~~32;;;;;;;19.40.23;2;2;1;1;2368;;13;5;10;12;9;6;10;9;18;2;7;13;
*05EH=~~~~4~~~Z;p;;;;;;19.40.28;2;2;1;1;2368;;13;5;10;12;9;6;10;9;18;2;7;13;
a$$&H#;p;;;;;;19.40.28;2;2;1;1;2368;;13;5;10;12;9;6;10;9;18;2;7;13;
ap08:08;;;;;;;19.40.35;2;2;1;1;2376;;13;5;10;12;9;6;10;9;18;2;7;13;
a10SM!~~~15;;;;;;;19.40.46;2;2;1;1;2389;;13;5;10;12;9;6;10;9;18;2;7;13;
*10RM!~~~15~O~~41;;;;;;;19.40.46;2;2;1;1;2389;;13;5;10;12;9;6;10;9;18;2;7;13;
*05EQ+KCC;;;;;;;19.40.46;2;2;1;1;2389;;13;5;10;12;9;6;10;9;18;2;7;13;
*12AQ#J1~37~H1;s;r;;;;;19.40.51;2;2;1;1;2394;;13;5;10;12;9;6;10;9;18;2;7;13;
a04DQ=~~~37;s;;;;;;19.40.51;2;2;1;1;2394;;13;5;10;12;9;6;10;9;18;2;7;13;
*p09:08;;;;;;;19.40.54;2;2;1;1;2398;;13;5;10;12;9;6;10;9;18;2;7;13;
*z1;;;;;;;19.40.54;2;1;1;1;2397;;5;10;12;9;6;13;10;9;18;2;7;13;
*05SM=~~~11~~~N;s;;;;;;19.41.10;2;1;1;1;2413;;5;10;12;9;6;13;10;9;18;2;7;13;
a$$&H#;s;;;;;;19.41.10;2;1;1;1;2413;;5;10;12;9;6;13;10;9;18;2;7;13;
ap09:09;;;;;;;19.41.13;2;1;1;1;2416;;5;10;12;9;6;13;10;9;18;2;7;13;
az6;;;;;;;19.41.13;2;1;6;1;2415;;5;10;12;9;6;13;9;18;2;7;13;10;
a09SM+~~~15;;;;;;;19.41.29;2;1;6;1;2434;;5;10;12;9;6;13;9;18;2;7;13;10;
*06RM-~~~15;;;;;;;19.41.29;2;1;6;1;2434;;5;10;12;9;6;13;9;18;2;7;13;10;
*09AH-G4~42~T2;;r;;;;;19.41.36;2;1;6;1;2441;;5;10;12;9;6;13;9;18;2;7;13;10;
a10DH+~~~42;;;;;;;19.41.36;2;1;6;1;2441;;5;10;12;9;6;13;9;18;2;7;13;10;
a02AH/G2~21~H2;s;p;;;;;19.41.38;2;1;6;1;2443;;5;10;12;9;6;13;9;18;2;7;13;10;
*12BH#~~~~4~~2;s;;;;;;19.41.38;2;1;6;1;2443;;5;10;12;9;6;13;9;18;2;7;13;10;
*p10:09;;;;;;;19.41.43;2;1;6;1;2449;;5;10;12;9;6;13;9;18;2;7;13;10;
*z6;;;;;;;19.41.43;2;6;6;1;2446;;10;12;9;6;13;5;9;18;2;7;13;10;
*10SQ!~~~61;;;;;;;19.41.59;2;6;6;1;2463;;10;12;9;6;13;5;9;18;2;7;13;10;
a09RQ!~~~61~~~~41;;;;;;;19.41.59;2;6;6;1;2463;;10;12;9;6;13;5;9;18;2;7;13;10;
a10ET+K3F;;;;;;;19.41.59;2;6;6;1;2463;;10;12;9;6;13;5;9;18;2;7;13;10;
a07AT+W4~46~H2;;r;;;;;19.42.06;2;6;6;1;2466;;10;12;9;6;13;5;9;18;2;7;13;10;
*12BT-~~~~2~~2;;;;;;;19.42.06;2;6;6;1;2466;;10;12;9;6;13;5;9;18;2;7;13;10;
a10DH+;;;;;;;19.42.06;2;6;6;1;2466;;10;12;9;6;13;5;9;18;2;7;13;10;
a07AH-G4~45~H2;;s;;;;;19.42.09;2;6;6;1;2469;;10;12;9;6;13;5;9;18;2;7;13;10;
*12BH+~~~~2~~2;;;;;;;19.42.09;2;6;6;1;2469;;10;12;9;6;13;5;9;18;2;7;13;10;
*20DH+;;;;;;;19.42.11;2;6;6;1;2469;;10;12;9;6;13;5;9;18;2;7;13;10;
*12AQ-J3~33~T1;;p;;;;;19.42.13;2;6;6;1;2472;;10;12;9;6;13;5;9;18;2;7;13;10;
a07DQ+~~~33;;;;;;;19.42.13;2;6;6;1;2472;;10;12;9;6;13;5;9;18;2;7;13;10;
a10EH=~~~~~~~~Z;p;;;;;;19.42.15;2;6;6;1;2472;;10;12;9;6;13;5;9;18;2;7;13;10;
*$$&H#;p;;;;;;19.42.15;2;6;6;1;2472;;10;12;9;6;13;5;9;18;2;7;13;10;
*p11:09;;;;;;;19.42.18;2;6;6;1;2480;;10;12;9;6;13;5;9;18;2;7;13;10;
*10SQ-~~~61;;;;;;;19.42.42;2;6;6;1;2506;;10;12;9;6;13;5;9;18;2;7;13;10;
a09RQ#~~~61;;;;;;;19.42.42;2;6;6;1;2506;;10;12;9;6;13;5;9;18;2;7;13;10;
a10EQ+K1C;;;;;;;19.42.42;2;6;6;1;2506;;10;12;9;6;13;5;9;18;2;7;13;10;
a18AQ#J4~37~H1;s;r;;;;;19.42.49;2;6;6;1;2512;;10;12;9;6;13;5;9;18;2;7;13;10;
*$$&H=;s;;;;;;19.42.49;2;6;6;1;2512;;10;12;9;6;13;5;9;18;2;7;13;10;
ap11:10;;;;;;;19.42.52;2;6;6;1;2513;;10;12;9;6;13;5;9;18;2;7;13;10;
az5;;;;;;;19.42.52;2;6;5;1;2514;;10;12;9;6;13;5;18;2;7;13;10;9;
a18SM!~~~57;;;;;;;19.43.09;2;6;5;1;2533;;10;12;9;6;13;5;18;2;7;13;10;9;
*06RM!~~~57~O~~41;;;;;;;19.43.09;2;6;5;1;2533;;10;12;9;6;13;5;18;2;7;13;10;9;
*05EQ+KCC;;;;;;;19.43.09;2;6;5;1;2533;;10;12;9;6;13;5;18;2;7;13;10;9;
*12AQ#J1~35~H2F;s;r;;;;;19.43.12;2;6;5;1;2536;;10;12;9;6;13;5;18;2;7;13;10;9;
a13BQ=~~~~3~~2F;s;;;;;;19.43.12;2;6;5;1;2536;;10;12;9;6;13;5;18;2;7;13;10;9;
*p12:10;;;;;;;19.43.20;2;6;5;1;2541;;10;12;9;6;13;5;18;2;7;13;10;9;
*z5;;;;;;;19.43.20;2;5;5;1;2542;;12;9;6;13;5;10;18;2;7;13;10;9;
*12SQ-~~~56;;;;;;;19.43.34;2;5;5;1;2559;;12;9;6;13;5;10;18;2;7;13;10;9;
a09RQ#~~~56;;;;;;;19.43.34;2;5;5;1;2559;;12;9;6;13;5;10;18;2;7;13;10;9;
a10EQ+K1C;;;;;;;19.43.34;2;5;5;1;2559;;12;9;6;13;5;10;18;2;7;13;10;9;
a13AQ#J1~35~H2;s;r;;;;;19.43.38;2;5;5;1;2564;;12;9;6;13;5;10;18;2;7;13;10;9;
*12DQ=~~~35;s;;;;;;19.43.38;2;5;5;1;2564;;12;9;6;13;5;10;18;2;7;13;10;9;
ap12:11;;;;;;;19.43.45;2;5;5;1;2570;;12;9;6;13;5;10;18;2;7;13;10;9;
az4;;;;;;;19.43.45;2;5;4;1;2567;;12;9;6;13;5;10;2;7;13;10;9;18;
a02SQ/~~~66;;;;;;;19.43.59;2;5;4;1;2584;;12;9;6;13;5;10;2;7;13;10;9;18;
*10RQ/~~~66~M;;;;;;;19.43.59;2;5;4;1;2584;;12;9;6;13;5;10;2;7;13;10;9;18;
a13AO#V3~3~~H;p;p;;;;;19.44.06;2;5;4;1;2586;;12;9;6;13;5;10;2;7;13;10;9;18;
*$$&H=;p;;;;;;19.44.06;2;5;4;1;2586;;12;9;6;13;5;10;2;7;13;10;9;18;
ap12:12;;;;;;;19.44.10;2;5;4;1;2591;;12;9;6;13;5;10;2;7;13;10;9;18;
a02SQ-~~~65;;;;;;;19.44.24;2;5;4;1;2609;;12;9;6;13;5;10;2;7;13;10;9;18;
*06RQ+~~~65~~~~32;;;;;;;19.44.24;2;5;4;1;2609;;12;9;6;13;5;10;2;7;13;10;9;18;
*05ET+K8B;;;;;;;19.44.24;2;5;4;1;2609;;12;9;6;13;5;10;2;7;13;10;9;18;
*09AT#W2~21~H2F;s;r;;;;;19.44.30;2;5;4;1;2614;;12;9;6;13;5;10;2;7;13;10;9;18;
a13BT=~~~~4~~2F;s;;;;;;19.44.30;2;5;4;1;2614;;12;9;6;13;5;10;2;7;13;10;9;18;
*p13:12;;;;;;;19.44.34;2;5;4;1;2618;;12;9;6;13;5;10;2;7;13;10;9;18;
*z4;;;;;;;19.44.34;2;4;4;1;2616;;9;6;13;5;10;12;2;7;13;10;9;18;
*09SQ!~~~16;;;;;;;19.44.46;2;4;4;1;2630;;9;6;13;5;10;12;2;7;13;10;9;18;
a09RQ!~~~16~~~~21;;;;;;;19.44.46;2;4;4;1;2630;;9;6;13;5;10;12;2;7;13;10;9;18;
a10ET+KBB;;;;;;;19.44.46;2;4;4;1;2630;;9;6;13;5;10;12;2;7;13;10;9;18;
a02AT#Y9~91~H2O;s;r;;;;;19.44.52;2;4;4;1;2636;;9;6;13;5;10;12;2;7;13;10;9;18;
*13BT=~~~~4~~2O;s;;;;;;19.44.52;2;4;4;1;2636;;9;6;13;5;10;12;2;7;13;10;9;18;
ap13:13;;;;;;;19.44.56;2;4;4;1;2640;;9;6;13;5;10;12;2;7;13;10;9;18;
az3;;;;;;;19.44.56;2;4;3;1;2638;;9;6;13;5;10;12;7;13;10;9;18;2;
a07SM!~~~16;;;;;;;19.45.14;2;4;3;1;2658;;9;6;13;5;10;12;7;13;10;9;18;2;
*06RM!~~~16~O~~32;;;;;;;19.45.14;2;4;3;1;2658;;9;6;13;5;10;12;7;13;10;9;18;2;
*05ET+K8B;;;;;;;19.45.14;2;4;3;1;2658;;9;6;13;5;10;12;7;13;10;9;18;2;
*09AT-Y9~96~H2;;r;;;;;19.45.21;2;4;3;1;2661;;9;6;13;5;10;12;7;13;10;9;18;2;
a07DT+~~~96;;;;;;;19.45.21;2;4;3;1;2661;;9;6;13;5;10;12;7;13;10;9;18;2;
a02AH-G9~91~H2;;p;;;;;19.45.24;2;4;3;1;2664;;9;6;13;5;10;12;7;13;10;9;18;2;
*18DH+~~~91;;;;;;;19.45.24;2;4;3;1;2664;;9;6;13;5;10;12;7;13;10;9;18;2;
*06AT-W4~41~H2;;s;;;;;19.45.27;2;4;3;1;2667;;9;6;13;5;10;12;7;13;10;9;18;2;
a10BT+~~~~2~~2;;;;;;;19.45.27;2;4;3;1;2667;;9;6;13;5;10;12;7;13;10;9;18;2;
a09DH+;;;;;;;19.45.29;2;4;3;1;2667;;9;6;13;5;10;12;7;13;10;9;18;2;
a02AT/Y9~91~H2;s;p;;;;;19.45.30;2;4;3;1;2671;;9;6;13;5;10;12;7;13;10;9;18;2;
*13BT#~~~~4~~2;s;;;;;;19.45.30;2;4;3;1;2671;;9;6;13;5;10;12;7;13;10;9;18;2;
*p14:13;;;;;;;19.45.33;2;4;3;1;2677;;9;6;13;5;10;12;7;13;10;9;18;2;
*z3;;;;;;;19.45.33;2;3;3;1;2675;;6;13;5;10;12;9;7;13;10;9;18;2;
*06SM!~~~11;;;;;;;19.45.54;2;3;3;1;2699;;6;13;5;10;12;9;7;13;10;9;18;2;
a07RM!~~~11~O~~32;;;;;;;19.45.54;2;3;3;1;2699;;6;13;5;10;12;9;7;13;10;9;18;2;
a10ET+K3F;;;;;;;19.45.54;2;3;3;1;2699;;6;13;5;10;12;9;7;13;10;9;18;2;
a09AT#W4~47~H2;s;r;;;;;19.45.59;2;3;3;1;2705;;6;13;5;10;12;9;7;13;10;9;18;2;
*20DT=~~~47;s;;;;;;19.45.59;2;3;3;1;2705;;6;13;5;10;12;9;7;13;10;9;18;2;
ap14:14;;;;;;;19.46.03;2;3;3;1;2708;;6;13;5;10;12;9;7;13;10;9;18;2;
az2;;;;;;;19.46.03;2;3;2;1;2705;;6;13;5;10;12;9;13;10;9;18;2;7;
a13SM-~~~51;;;;;;;19.46.16;2;3;2;1;2720;;6;13;5;10;12;9;13;10;9;18;2;7;
*06RM+~~~51~O~~32;;;;;;;19.46.16;2;3;2;1;2720;;6;13;5;10;12;9;13;10;9;18;2;7;
*05EQ+K8C;;;;;;;19.46.16;2;3;2;1;2720;;6;13;5;10;12;9;13;10;9;18;2;7;
*13AQ#J1~35~H1;s;r;;;;;19.46.20;2;3;2;1;2724;;6;13;5;10;12;9;13;10;9;18;2;7;
a$$&H=;s;;;;;;19.46.20;2;3;2;1;2724;;6;13;5;10;12;9;13;10;9;18;2;7;
*p15:14;;;;;;;19.46.25;2;3;2;1;2728;;6;13;5;10;12;9;13;10;9;18;2;7;
*z2;;;;;;;19.46.25;2;2;2;1;2727;;13;5;10;12;9;6;13;10;9;18;2;7;
*13SM-~~~55;;;;;;;19.46.39;2;2;2;1;2744;;13;5;10;12;9;6;13;10;9;18;2;7;
a07RM#~~~55~O;;;;;;;19.46.39;2;2;2;1;2744;;13;5;10;12;9;6;13;10;9;18;2;7;
a10ET+K1F;;;;;;;19.46.39;2;2;2;1;2744;;13;5;10;12;9;6;13;10;9;18;2;7;
a09AT#W4~46~H1;s;r;;;;;19.46.46;2;2;2;1;2750;;13;5;10;12;9;6;13;10;9;18;2;7;
*$$&H=;s;;;;;;19.46.46;2;2;2;1;2750;;13;5;10;12;9;6;13;10;9;18;2;7;
ap15:15;;;;;;;19.46.39;2;2;2;1;2752;;13;5;10;12;9;6;13;10;9;18;2;7;
az1;;;;;;;19.46.39;2;2;1;1;2742;;13;5;10;12;9;6;10;9;18;2;7;13;
a10SM-~~~15;;;;;;;19.47.01;2;2;1;1;2765;;13;5;10;12;9;6;10;9;18;2;7;13;
*06RM+~~~15~~~~31;;;;;;;19.47.01;2;2;1;1;2765;;13;5;10;12;9;6;10;9;18;2;7;13;
*05ET+KCB;;;;;;;19.47.01;2;2;1;1;2765;;13;5;10;12;9;6;10;9;18;2;7;13;
*09AT=Y9~91~H1O;p;r;;;;;19.47.05;2;2;1;1;2768;;13;5;10;12;9;6;10;9;18;2;7;13;
a$$&H#;p;;;;;;19.47.05;2;2;1;1;2768;;13;5;10;12;9;6;10;9;18;2;7;13;
ap15:16;;;;;;;19.47.08;2;2;1;1;2773;;13;5;10;12;9;6;10;9;18;2;7;13;
a10SM-~~~17;;;;;;;19.47.23;2;2;1;1;2789;;13;5;10;12;9;6;10;9;18;2;7;13;
*06RM+~~~17~~~~41;;;;;;;19.47.23;2;2;1;1;2789;;13;5;10;12;9;6;10;9;18;2;7;13;
*05ET+K1F;;;;;;;19.47.23;2;2;1;1;2789;;13;5;10;12;9;6;10;9;18;2;7;13;
*10AT/W4~45~H2;p;r;;;;;19.47.28;2;2;1;1;2792;;13;5;10;12;9;6;10;9;18;2;7;13;
a18BT#~~~~2~~2;p;;;;;;19.47.28;2;2;1;1;2792;;13;5;10;12;9;6;10;9;18;2;7;13;
ap15:17;;;;;;;19.47.33;2;2;1;1;2797;;13;5;10;12;9;6;10;9;18;2;7;13;
a10SM-~~~15;;;;;;;19.47.46;2;2;1;1;2810;;13;5;10;12;9;6;10;9;18;2;7;13;
*06RM+~~~15~~~~41;;;;;;;19.47.46;2;2;1;1;2810;;13;5;10;12;9;6;10;9;18;2;7;13;
*05ET+K1B;;;;;;;19.47.46;2;2;1;1;2810;;13;5;10;12;9;6;10;9;18;2;7;13;
*09AT=Y9~95~H0O;p;r;;;;;19.47.51;2;2;1;1;2813;;13;5;10;12;9;6;10;9;18;2;7;13;
a$$&H#;p;;;;;;19.47.51;2;2;1;1;2813;;13;5;10;12;9;6;10;9;18;2;7;13;
ap15:18;;;;;;;19.47.57;2;2;1;1;2818;;13;5;10;12;9;6;10;9;18;2;7;13;
*c05:16;;;;;;;19.47.57;2;2;1;1;2820;;13;16;10;12;9;6;10;9;18;2;7;13;
*c09:02;;;;;;;19.47.57;2;2;1;1;2820;;13;16;10;12;2;6;10;9;18;2;7;13;
*P2;;;;;;;19.47.57;2;2;1;1;2820;;13;16;10;12;2;6;10;9;18;2;7;13;
*z5;;;;;;;19.47.57;2;5;1;1;2820;;13;16;10;12;2;6;10;9;18;2;7;13;
a10SM-~~~11;;;;;;;19.48.33;2;5;1;1;2858;;13;16;10;12;2;6;10;9;18;2;7;13;
*18RM#~~~11~O;;;;;;;19.48.33;2;5;1;1;2858;;13;16;10;12;2;6;10;9;18;2;7;13;
*02EQ+K1C;;;;;;;19.48.33;2;5;1;1;2858;;13;16;10;12;2;6;10;9;18;2;7;13;
*12AQ#J4~31~H1;s;r;;;;;19.48.38;2;5;1;1;2862;;13;16;10;12;2;6;10;9;18;2;7;13;
a$$&H=;s;;;;;;19.48.38;2;5;1;1;2862;;13;16;10;12;2;6;10;9;18;2;7;13;
*p16:18;;;;;;;19.48.43;2;5;1;1;2865;;13;16;10;12;2;6;10;9;18;2;7;13;
*z4;;;;;;;19.48.43;2;4;1;1;2866;;16;10;12;2;6;13;10;9;18;2;7;13;
*16SQ=~~~16~~~O;s;;;;;;19.48.52;2;4;1;1;2878;;16;10;12;2;6;13;10;9;18;2;7;13;
a$$&H#;s;;;;;;19.48.52;2;4;1;1;2878;;16;10;12;2;6;13;10;9;18;2;7;13;
ap16:19;;;;;;;19.48.56;2;4;1;1;2882;;16;10;12;2;6;13;10;9;18;2;7;13;
az6;;;;;;;19.48.56;2;4;6;1;2879;;16;10;12;2;6;13;9;18;2;7;13;10;
a09SQ=~~~65~~~L;s;;;;;;19.49.15;2;4;6;1;2899;;16;10;12;2;6;13;9;18;2;7;13;10;
*$$&H#;s;;;;;;19.49.15;2;4;6;1;2899;;16;10;12;2;6;13;9;18;2;7;13;10;
*p17:19;;;;;;;19.49.25;2;4;6;1;2909;;16;10;12;2;6;13;9;18;2;7;13;10;
*z3;;;;;;;19.49.25;2;3;6;1;2908;;10;12;2;6;13;16;9;18;2;7;13;10;
*10SQ!~~~66;;;;;;;19.49.35;2;3;6;1;2920;;10;12;2;6;13;16;9;18;2;7;13;10;
a04RQ!~~~66~~~~31;;;;;;;19.49.35;2;3;6;1;2920;;10;12;2;6;13;16;9;18;2;7;13;10;
a10EQ+K1C;;;;;;;19.49.35;2;3;6;1;2920;;10;12;2;6;13;16;9;18;2;7;13;10;
a18AQ#J4~37~H1;s;r;;;;;19.49.42;2;3;6;1;2926;;10;12;2;6;13;16;9;18;2;7;13;10;
*$$&H=;s;;;;;;19.49.42;2;3;6;1;2926;;10;12;2;6;13;16;9;18;2;7;13;10;
ap17:20;;;;;;;19.49.45;2;3;6;1;2929;;10;12;2;6;13;16;9;18;2;7;13;10;
az5;;;;;;;19.49.45;2;3;5;1;2927;;10;12;2;6;13;16;18;2;7;13;10;9;
a18SM+~~~57;;;;;;;19.50.01;2;3;5;1;2946;;10;12;2;6;13;16;18;2;7;13;10;9;
*06RM-~~~57~O;;;;;;;19.50.01;2;3;5;1;2946;;10;12;2;6;13;16;18;2;7;13;10;9;
*16AH=G9~95~H2A;p;r;;;;;19.50.07;2;3;5;1;2949;;10;12;2;6;13;16;18;2;7;13;10;9;
a$$&H#;p;;;;;;19.50.07;2;3;5;1;2949;;10;12;2;6;13;16;18;2;7;13;10;9;
ap17:21;;;;;;;19.50.09;2;3;5;1;2954;;10;12;2;6;13;16;18;2;7;13;10;9;
*T;;;;;;;19.50.09;2;3;5;1;2951;;10;12;2;6;13;16;18;2;7;13;10;9;
a18SM+~~~55;;;;;;;19.51.26;2;3;5;1;3030;;10;12;2;6;13;16;18;2;7;13;10;9;
*06RM-~~~55~O;;;;;;;19.51.26;2;3;5;1;3030;;10;12;2;6;13;16;18;2;7;13;10;9;
*06AH#G4~41~H2S;s;r;;;;;19.51.32;2;3;5;1;3033;;10;12;2;6;13;16;18;2;7;13;10;9;
a02BH=~~~~2~~2S;s;;;;;;19.51.32;2;3;5;1;3033;;10;12;2;6;13;16;18;2;7;13;10;9;
*p18:21;;;;;;;19.51.35;2;3;5;1;3038;;10;12;2;6;13;16;18;2;7;13;10;9;
*z2;;;;;;;19.51.35;2;2;5;1;3037;;12;2;6;13;16;10;18;2;7;13;10;9;
*12SQ!~~~51;;;;;;;19.51.51;2;2;5;1;3055;;12;2;6;13;16;10;18;2;7;13;10;9;
a04RQ!~~~51~~~~22;;;;;;;19.51.51;2;2;5;1;3055;;12;2;6;13;16;10;18;2;7;13;10;9;
a10ET+K1B;;;;;;;19.51.51;2;2;5;1;3055;;12;2;6;13;16;10;18;2;7;13;10;9;
a02AT#W2~25~H2;s;r;;;;;19.51.56;2;2;5;1;3060;;12;2;6;13;16;10;18;2;7;13;10;9;
*12DT=~~~25;s;;;;;;19.51.56;2;2;5;1;3060;;12;2;6;13;16;10;18;2;7;13;10;9;
ap18:22;;;;;;;19.51.59;2;2;5;1;3063;;12;2;6;13;16;10;18;2;7;13;10;9;
az4;;;;;;;19.51.59;2;2;4;1;3062;;12;2;6;13;16;10;2;7;13;10;9;18;
a02SQ!~~~66;;;;;;;19.52.17;2;2;4;1;3082;;12;2;6;13;16;10;2;7;13;10;9;18;
*10RQ!~~~66~~~~21;;;;;;;19.52.17;2;2;4;1;3082;;12;2;6;13;16;10;2;7;13;10;9;18;
*02ET+KBF;;;;;;;19.52.17;2;2;4;1;3082;;12;2;6;13;16;10;2;7;13;10;9;18;
*06AT-W4~48~T2;;r;;;;;19.52.25;2;2;4;1;3085;;12;2;6;13;16;10;2;7;13;10;9;18;
a07DT+~~~48;;;;;;;19.52.25;2;2;4;1;3085;;12;2;6;13;16;10;2;7;13;10;9;18;
a07AT!W4~46~H2;;p;;;;;19.52.27;2;2;4;1;3088;;12;2;6;13;16;10;2;7;13;10;9;18;
*02BT/~~~~2~~2;p;;;;;;19.52.27;2;2;4;1;3088;;12;2;6;13;16;10;2;7;13;10;9;18;
a$$&H#;p;;;;;;19.52.27;2;2;4;1;3088;;12;2;6;13;16;10;2;7;13;10;9;18;
ap18:23;;;;;;;19.52.37;2;2;4;1;3097;;12;2;6;13;16;10;2;7;13;10;9;18;
a02SQ#~~~65;p;;;;;;19.53.14;2;2;4;1;3139;;12;2;6;13;16;10;2;7;13;10;9;18;
*06RQ=~~~65~M;p;;;;;;19.53.14;2;2;4;1;3139;;12;2;6;13;16;10;2;7;13;10;9;18;
ap18:24;;;;;;;19.53.20;2;2;4;1;3146;;12;2;6;13;16;10;2;7;13;10;9;18;
ac10:06;;;;;;;19.53.20;2;2;4;1;3143;;12;2;6;13;16;10;2;7;13;6;9;18;
aP6;;;;;;;19.53.20;2;2;4;1;3143;;12;2;6;13;16;10;2;7;13;6;9;18;
az4;;;;;;;19.53.20;2;2;4;1;3143;;12;2;6;13;16;10;2;7;13;6;9;18;
a02SQ-~~~61;;;;;;;19.53.54;2;2;4;1;3178;;12;2;6;13;16;10;2;7;13;6;9;18;
*18RQ+~~~61~~~~32;;;;;;;19.53.54;2;2;4;1;3178;;12;2;6;13;16;10;2;7;13;6;9;18;
*02ET+K2B;;;;;;;19.53.54;2;2;4;1;3178;;12;2;6;13;16;10;2;7;13;6;9;18;
*16AT#Y9~96~H0;s;r;;;;;19.53.59;2;2;4;1;3184;;12;2;6;13;16;10;2;7;13;6;9;18;
a09DT=~~~96;s;;;;;;19.53.59;2;2;4;1;3184;;12;2;6;13;16;10;2;7;13;6;9;18;
*p19:24;;;;;;;19.54.04;2;2;4;1;3189;;12;2;6;13;16;10;2;7;13;6;9;18;
*z1;;;;;;;19.54.04;2;1;4;1;3187;;2;6;13;16;10;12;2;7;13;6;9;18;
ac06:10;;;;;;;19.54.04;2;1;4;1;3187;;2;6;13;16;10;12;2;7;13;10;9;18;
aP10;;;;;;;19.54.04;2;1;4;1;3187;;2;6;13;16;10;12;2;7;13;10;9;18;
az4;;;;;;;19.54.04;2;1;4;1;3187;;2;6;13;16;10;12;2;7;13;10;9;18;
*02SM-~~~11;;;;;;;19.54.21;2;1;4;1;3206;;2;6;13;16;10;12;2;7;13;10;9;18;
a04RM+~~~11~O~~21;;;;;;;19.54.21;2;1;4;1;3206;;2;6;13;16;10;12;2;7;13;10;9;18;
a10EQ+K1C;;;;;;;19.54.21;2;1;4;1;3206;;2;6;13;16;10;12;2;7;13;10;9;18;
a13AQ-J4~31~H2;;r;;;;;19.54.25;2;1;4;1;3209;;2;6;13;16;10;12;2;7;13;10;9;18;
*13BQ+~~~~3~~2;;;;;;;19.54.25;2;1;4;1;3209;;2;6;13;16;10;12;2;7;13;10;9;18;
*10DH+;;;;;;;19.54.27;2;1;4;1;3209;;2;6;13;16;10;12;2;7;13;10;9;18;
*16AT#W2~25~H1;p;p;;;;;19.54.28;2;1;4;1;3212;;2;6;13;16;10;12;2;7;13;10;9;18;
a04DT=~~~25;p;;;;;;19.54.28;2;1;4;1;3212;;2;6;13;16;10;12;2;7;13;10;9;18;
*p20:24;;;;;;;19.54.33;2;1;4;1;3218;;2;6;13;16;10;12;2;7;13;10;9;18;
aT;;;;;;;19.54.33;2;1;4;1;3215;;2;6;13;16;10;12;2;7;13;10;9;18;
*02SM-~~~11;;;;;;;19.55.42;2;1;4;1;3287;;2;6;13;16;10;12;2;7;13;10;9;18;
a04RM+~~~11~~~~41;;;;;;;19.55.42;2;1;4;1;3287;;2;6;13;16;10;12;2;7;13;10;9;18;
a10EQ+K1C;;;;;;;19.55.42;2;1;4;1;3287;;2;6;13;16;10;12;2;7;13;10;9;18;
a13AQ-J4~37~H2;;r;;;;;19.55.47;2;1;4;1;3290;;2;6;13;16;10;12;2;7;13;10;9;18;
*20DQ+~~~37;;;;;;;19.55.47;2;1;4;1;3290;;2;6;13;16;10;12;2;7;13;10;9;18;
*06AH+G4~42~T1;;p;;;;;19.55.50;2;1;4;1;3293;;2;6;13;16;10;12;2;7;13;10;9;18;
a13BH-~~~~2~~1;;;;;;;19.55.50;2;1;4;1;3293;;2;6;13;16;10;12;2;7;13;10;9;18;
*06DH+;;;;;;;19.55.50;2;1;4;1;3293;;2;6;13;16;10;12;2;7;13;10;9;18;
*06AH-G4~42~T0;;p;;;;;19.55.54;2;1;4;1;3296;;2;6;13;16;10;12;2;7;13;10;9;18;
a13DH+~~~42;;;;;;;19.55.54;2;1;4;1;3296;;2;6;13;16;10;12;2;7;13;10;9;18;
*13AQ-J3~36~H1;;p;;;;;19.55.57;2;1;4;1;3300;;2;6;13;16;10;12;2;7;13;10;9;18;
a10DQ+~~~36;;;;;;;19.55.57;2;1;4;1;3300;;2;6;13;16;10;12;2;7;13;10;9;18;
*16AH#G2~29~H2;p;p;;;;;19.56.00;2;1;4;1;3303;;2;6;13;16;10;12;2;7;13;10;9;18;
a10DH=~~~29;p;;;;;;19.56.00;2;1;4;1;3303;;2;6;13;16;10;12;2;7;13;10;9;18;
*p21:24;;;;;;;19.56.04;2;1;4;1;3308;;2;6;13;16;10;12;2;7;13;10;9;18;
*02SM+~~~11;;;;;;;19.56.16;2;1;4;1;3319;;2;6;13;16;10;12;2;7;13;10;9;18;
a04RM-~~~11;;;;;;;19.56.16;2;1;4;1;3319;;2;6;13;16;10;12;2;7;13;10;9;18;
a07AH#G4~46~H2S;s;r;;;;;19.56.19;2;1;4;1;3322;;2;6;13;16;10;12;2;7;13;10;9;18;
*16BH=~~~~2~~2S;s;;;;;;19.56.19;2;1;4;1;3322;;2;6;13;16;10;12;2;7;13;10;9;18;
ap21:25;;;;;;;19.56.27;2;1;4;1;3327;;2;6;13;16;10;12;2;7;13;10;9;18;
**2set;;;;;;;19.56.27;3;1;4;1;3330;;;;;;;;;;;;;;
*P02>LUp;;;;;;;19.56.27;3;1;4;1;3330;;10;13;16;3;12;2;9;18;2;7;13;10;
*z6>LUp;;;;;;;19.56.27;3;6;4;1;3330;;10;13;16;3;12;2;9;18;2;7;13;10;
aP10>LUp;;;;;;;19.56.27;3;6;4;1;3330;;10;13;16;3;12;2;9;18;2;7;13;10;
az6>LUp;;;;;;;19.56.27;3;6;6;1;3330;;10;13;16;3;12;2;9;18;2;7;13;10;
a09SM+~~~15;;;;;;;19.59.45;3;6;6;1;3530;;10;13;16;3;12;2;9;18;2;7;13;10;
*03RM-~~~15~O;;;;;;;19.59.45;3;6;6;1;3530;;10;13;16;3;12;2;9;18;2;7;13;10;
*03AH-G4~42~T1;;r;;;;;19.59.49;3;6;6;1;3533;;10;13;16;3;12;2;9;18;2;7;13;10;
a02BH+~~~~2~~1;;;;;;;19.59.49;3;6;6;1;3533;;10;13;16;3;12;2;9;18;2;7;13;10;
a10DH+;;;;;;;19.59.51;3;6;6;1;3533;;10;13;16;3;12;2;9;18;2;7;13;10;
a02AH#G2~26~H3O;p;p;;;;;19.59.52;3;6;6;1;3536;;10;13;16;3;12;2;9;18;2;7;13;10;
*13BH=~~~~4~~3O;p;;;;;;19.59.52;3;6;6;1;3536;;10;13;16;3;12;2;9;18;2;7;13;10;
ap00:01;;;;;;;19.59.56;3;6;6;1;3541;;10;13;16;3;12;2;9;18;2;7;13;10;
a09SM!~~~15;;;;;;;20.00.11;3;6;6;1;3556;;10;13;16;3;12;2;9;18;2;7;13;10;
*03RM!~~~15~O~~31;;;;;;;20.00.11;3;6;6;1;3556;;10;13;16;3;12;2;9;18;2;7;13;10;
*02EQ+KCC;;;;;;;20.00.11;3;6;6;1;3556;;10;13;16;3;12;2;9;18;2;7;13;10;
*13AQ+J4~31~H2;;r;;;;;20.00.16;3;6;6;1;3561;;10;13;16;3;12;2;9;18;2;7;13;10;
a02BQ-~~~~3~~2;;;;;;;20.00.16;3;6;6;1;3561;;10;13;16;3;12;2;9;18;2;7;13;10;
*10DH+;;;;;;;20.00.16;3;6;6;1;3561;;10;13;16;3;12;2;9;18;2;7;13;10;
*16AT-W2~21~H2;;s;;;;;20.00.18;3;6;6;1;3563;;10;13;16;3;12;2;9;18;2;7;13;10;
a02DT+~~~21;;;;;;;20.00.18;3;6;6;1;3563;;10;13;16;3;12;2;9;18;2;7;13;10;
a02AH-G2~23~T1;;p;;;;;20.00.21;3;6;6;1;3566;;10;13;16;3;12;2;9;18;2;7;13;10;
*13DH+~~~23;;;;;;;20.00.21;3;6;6;1;3566;;10;13;16;3;12;2;9;18;2;7;13;10;
*13AQ-J4~31~H1;;s;;;;;20.00.26;3;6;6;1;3570;;10;13;16;3;12;2;9;18;2;7;13;10;
a18BQ+~~~~3~~1;;;;;;;20.00.26;3;6;6;1;3570;;10;13;16;3;12;2;9;18;2;7;13;10;
a10DH+;;;;;;;20.00.28;3;6;6;1;3573;;10;13;16;3;12;2;9;18;2;7;13;10;
a02AH-G2~26~H2;;p;;;;;20.00.29;3;6;6;1;3574;;10;13;16;3;12;2;9;18;2;7;13;10;
*13BH+~~~~4~~2;;;;;;;20.00.29;3;6;6;1;3574;;10;13;16;3;12;2;9;18;2;7;13;10;
*10DH/;;;;;;;20.00.33;3;6;6;1;3577;;10;13;16;3;12;2;9;18;2;7;13;10;
a07FH=;s;;;;;;20.00.36;3;6;6;1;3581;;10;13;16;3;12;2;9;18;2;7;13;10;
*$$&H#;s;;;;;;20.00.36;3;6;6;1;3581;;10;13;16;3;12;2;9;18;2;7;13;10;
*p01:01;;;;;;;20.00.40;3;6;6;1;3585;;10;13;16;3;12;2;9;18;2;7;13;10;
*z5;;;;;;;20.00.40;3;5;6;1;3583;;13;16;3;12;2;10;9;18;2;7;13;10;
*13SM-~~~51;;;;;;;20.01.02;3;5;6;1;3607;;13;16;3;12;2;10;9;18;2;7;13;10;
a09RM#~~~51~O;;;;;;;20.01.02;3;5;6;1;3607;;13;16;3;12;2;10;9;18;2;7;13;10;
a10EQ+K1C;;;;;;;20.01.02;3;5;6;1;3607;;13;16;3;12;2;10;9;18;2;7;13;10;
a18AQ#J4~35~H1;s;r;;;;;20.01.09;3;5;6;1;3613;;13;16;3;12;2;10;9;18;2;7;13;10;
*$$&H=;s;;;;;;20.01.09;3;5;6;1;3613;;13;16;3;12;2;10;9;18;2;7;13;10;
ap01:02;;;;;;;20.01.12;3;5;6;1;3616;;13;16;3;12;2;10;9;18;2;7;13;10;
az5;;;;;;;20.01.12;3;5;5;1;3614;;13;16;3;12;2;10;18;2;7;13;10;9;
a18SM/~~~56;;;;;;;20.01.28;3;5;5;1;3633;;13;16;3;12;2;10;18;2;7;13;10;9;
*10RM/~~~56~M;;;;;;;20.01.28;3;5;5;1;3633;;13;16;3;12;2;10;18;2;7;13;10;9;
a13FH=;s;;;;;;20.01.40;3;5;5;1;3645;;13;16;3;12;2;10;18;2;7;13;10;9;
*$$&H#;s;;;;;;20.01.40;3;5;5;1;3645;;13;16;3;12;2;10;18;2;7;13;10;9;
*p02:02;;;;;;;20.01.43;3;5;5;1;3639;;13;16;3;12;2;10;18;2;7;13;10;9;
*z4;;;;;;;20.01.43;3;4;5;1;3645;;16;3;12;2;10;13;18;2;7;13;10;9;
*16SQ-~~~16;;;;;;;20.01.45;3;4;5;1;3650;;16;3;12;2;10;13;18;2;7;13;10;9;
a09RQ#~~~16;;;;;;;20.01.45;3;4;5;1;3650;;16;3;12;2;10;13;18;2;7;13;10;9;
a10ET+K1B;;;;;;;20.01.45;3;4;5;1;3650;;16;3;12;2;10;13;18;2;7;13;10;9;
a02AT!W2~21~H2;;r;;;;;20.01.51;3;4;5;1;3655;;16;3;12;2;10;13;18;2;7;13;10;9;
*03BT/~~~~4~~2;s;;;;;;20.01.51;3;4;5;1;3655;;16;3;12;2;10;13;18;2;7;13;10;9;
a$$&H#;s;;;;;;20.01.51;3;4;5;1;3655;;16;3;12;2;10;13;18;2;7;13;10;9;
ap02:03;;;;;;;20.01.56;3;4;5;1;3662;;16;3;12;2;10;13;18;2;7;13;10;9;
az4;;;;;;;20.01.56;3;4;4;1;3659;;16;3;12;2;10;13;2;7;13;10;9;18;
a02SQ#~~~65;p;;;;;;20.02.12;3;4;4;1;3676;;16;3;12;2;10;13;2;7;13;10;9;18;
*03RQ=~~~65~M;p;;;;;;20.02.12;3;4;4;1;3676;;16;3;12;2;10;13;2;7;13;10;9;18;
ap02:04;;;;;;;20.02.18;3;4;4;1;3682;;16;3;12;2;10;13;2;7;13;10;9;18;
a02SQ#~~~66;p;;;;;;20.02.36;3;4;4;1;3699;;16;3;12;2;10;13;2;7;13;10;9;18;
*10RQ=~~~66~R;p;;;;;;20.02.36;3;4;4;1;3699;;16;3;12;2;10;13;2;7;13;10;9;18;
ap02:05;;;;;;;20.02.42;3;4;4;1;3705;;16;3;12;2;10;13;2;7;13;10;9;18;
a02SQ=~~~65~~~N;s;;;;;;20.03.03;3;4;4;1;3728;;16;3;12;2;10;13;2;7;13;10;9;18;
*$$&H#;s;;;;;;20.03.03;3;4;4;1;3728;;16;3;12;2;10;13;2;7;13;10;9;18;
*p03:05;;;;;;;20.03.08;3;4;4;1;3733;;16;3;12;2;10;13;2;7;13;10;9;18;
*z3;;;;;;;20.03.08;3;3;4;1;3731;;3;12;2;10;13;16;2;7;13;10;9;18;
*03SM-~~~16;;;;;;;20.03.18;3;3;4;1;3744;;3;12;2;10;13;16;2;7;13;10;9;18;
a09RM+~~~16~O~~32;;;;;;;20.03.18;3;3;4;1;3744;;3;12;2;10;13;16;2;7;13;10;9;18;
a10ET+K1B;;;;;;;20.03.18;3;3;4;1;3744;;3;12;2;10;13;16;2;7;13;10;9;18;
a02AT#Y9~95~H2;s;r;;;;;20.03.25;3;3;4;1;3750;;3;12;2;10;13;16;2;7;13;10;9;18;
*$$&H=;s;;;;;;20.03.25;3;3;4;1;3750;;3;12;2;10;13;16;2;7;13;10;9;18;
ap03:06;;;;;;;20.03.48;3;3;4;1;3774;;3;12;2;10;13;16;2;7;13;10;9;18;
az3;;;;;;;20.03.48;3;3;3;1;3771;;3;12;2;10;13;16;7;13;10;9;18;2;
a07SM-~~~11;;;;;;;20.04.02;3;3;3;1;3787;;3;12;2;10;13;16;7;13;10;9;18;2;
*03RM#~~~11~O;;;;;;;20.04.02;3;3;3;1;3787;;3;12;2;10;13;16;7;13;10;9;18;2;
*02EQ+K1C;;;;;;;20.04.02;3;3;3;1;3787;;3;12;2;10;13;16;7;13;10;9;18;2;
*12AQ#J1~35~H1;s;r;;;;;20.04.06;3;3;3;1;3791;;3;12;2;10;13;16;7;13;10;9;18;2;
a$$&H=;s;;;;;;20.04.06;3;3;3;1;3791;;3;12;2;10;13;16;7;13;10;9;18;2;
*p04:06;;;;;;;20.04.11;3;3;3;1;3797;;3;12;2;10;13;16;7;13;10;9;18;2;
*z2;;;;;;;20.04.11;3;2;3;1;3794;;12;2;10;13;16;3;7;13;10;9;18;2;
*12SQ-~~~51;;;;;;;20.04.25;3;2;3;1;3809;;12;2;10;13;16;3;7;13;10;9;18;2;
a07RQ+~~~51~~~~31;;;;;;;20.04.25;3;2;3;1;3809;;12;2;10;13;16;3;7;13;10;9;18;2;
a10ET+K1F;;;;;;;20.04.25;3;2;3;1;3809;;12;2;10;13;16;3;7;13;10;9;18;2;
a09AT#W4~46~H2;s;r;;;;;20.04.33;3;2;3;1;3817;;12;2;10;13;16;3;7;13;10;9;18;2;
*$$&H=;s;;;;;;20.04.33;3;2;3;1;3817;;12;2;10;13;16;3;7;13;10;9;18;2;
ap04:07;;;;;;;20.04.42;3;2;3;1;3817;;12;2;10;13;16;3;7;13;10;9;18;2;
az2;;;;;;;20.04.42;3;2;2;1;3825;;12;2;10;13;16;3;13;10;9;18;2;7;
a13SM-~~~58;;;;;;;20.04.48;3;2;2;1;3832;;12;2;10;13;16;3;13;10;9;18;2;7;
*03RM#~~~58~O;;;;;;;20.04.48;3;2;2;1;3832;;12;2;10;13;16;3;13;10;9;18;2;7;
*02EQ=K1C~~~~~U;p;;;;;;20.04.53;3;2;2;1;3832;;12;2;10;13;16;3;13;10;9;18;2;7;
a$$&H#;p;;;;;;20.04.53;3;2;2;1;3832;;12;2;10;13;16;3;13;10;9;18;2;7;
ap04:08;;;;;;;20.04.56;3;2;2;1;3838;;12;2;10;13;16;3;13;10;9;18;2;7;
a13SM+~~~55;;;;;;;20.05.09;3;2;2;1;3854;;12;2;10;13;16;3;13;10;9;18;2;7;
*03RM-~~~55~O;;;;;;;20.05.09;3;2;2;1;3854;;12;2;10;13;16;3;13;10;9;18;2;7;
*16AH#G9~91~H2O;s;r;;;;;20.05.15;3;2;2;1;3860;;12;2;10;13;16;3;13;10;9;18;2;7;
a18BH=~~~~4~~2O;s;;;;;;20.05.15;3;2;2;1;3860;;12;2;10;13;16;3;13;10;9;18;2;7;
*p05:08;;;;;;;20.05.19;3;2;2;1;3864;;12;2;10;13;16;3;13;10;9;18;2;7;
*z1;;;;;;;20.05.19;3;1;2;1;3861;;2;10;13;16;3;12;13;10;9;18;2;7;
*02SM-~~~11;;;;;;;20.05.33;3;1;2;1;3877;;2;10;13;16;3;12;13;10;9;18;2;7;
a04RM+~~~11~O~~21;;;;;;;20.05.33;3;1;2;1;3877;;2;10;13;16;3;12;13;10;9;18;2;7;
a10ET+K1F;;;;;;;20.05.33;3;1;2;1;3877;;2;10;13;16;3;12;13;10;9;18;2;7;
a09AT#W4~46~H1S;s;r;;;;;20.05.38;3;1;2;1;3882;;2;10;13;16;3;12;13;10;9;18;2;7;
*16BT=~~~~2~~1S;s;;;;;;20.05.38;3;1;2;1;3882;;2;10;13;16;3;12;13;10;9;18;2;7;
ap05:09;;;;;;;20.05.42;3;1;2;1;3886;;2;10;13;16;3;12;13;10;9;18;2;7;
az1;;;;;;;20.05.42;3;1;1;1;3884;;2;10;13;16;3;12;10;9;18;2;7;13;
a10SM-~~~17;;;;;;;20.05.53;3;1;1;1;3898;;2;10;13;16;3;12;10;9;18;2;7;13;
*03RM#~~~17;;;;;;;20.05.53;3;1;1;1;3898;;2;10;13;16;3;12;10;9;18;2;7;13;
*02EQ+K1C;;;;;;;20.05.53;3;1;1;1;3898;;2;10;13;16;3;12;10;9;18;2;7;13;
*13AQ=J1~35~H1S;p;r;;;;;20.05.57;3;1;1;1;3901;;2;10;13;16;3;12;10;9;18;2;7;13;
a$$&H#;p;;;;;;20.05.57;3;1;1;1;3901;;2;10;13;16;3;12;10;9;18;2;7;13;
ap05:10;;;;;;;20.06.00;3;1;1;1;3906;;2;10;13;16;3;12;10;9;18;2;7;13;
*T;;;;;;;20.06.00;3;1;1;1;3903;;2;10;13;16;3;12;10;9;18;2;7;13;
a10SM-~~~19;;;;;;;20.07.00;3;1;1;1;3964;;2;10;13;16;3;12;10;9;18;2;7;13;
*18RM+~~~19~~~~32;;;;;;;20.07.00;3;1;1;1;3964;;2;10;13;16;3;12;10;9;18;2;7;13;
*02ET+K1F;;;;;;;20.07.00;3;1;1;1;3964;;2;10;13;16;3;12;10;9;18;2;7;13;
*16AT+W4~41~H2;;r;;;;;20.07.04;3;1;1;1;3967;;2;10;13;16;3;12;10;9;18;2;7;13;
a02BT-~~~~2~~2;;;;;;;20.07.04;3;1;1;1;3967;;2;10;13;16;3;12;10;9;18;2;7;13;
*02DH+;;;;;;;20.07.07;3;1;1;1;3967;;2;10;13;16;3;12;10;9;18;2;7;13;
*10AH-G2~24~T2;;s;;;;;20.07.08;3;1;1;1;3970;;2;10;13;16;3;12;10;9;18;2;7;13;
a04DH+~~~24;;;;;;;20.07.08;3;1;1;1;3970;;2;10;13;16;3;12;10;9;18;2;7;13;
a09AT#W4~45~H2S;p;p;;;;;20.07.12;3;1;1;1;3973;;2;10;13;16;3;12;10;9;18;2;7;13;
*13BT=~~~~2~~2S;p;;;;;;20.07.12;3;1;1;1;3973;;2;10;13;16;3;12;10;9;18;2;7;13;
ap05:11;;;;;;;20.07.18;3;1;1;1;3978;;2;10;13;16;3;12;10;9;18;2;7;13;
a10SM!~~~15;;;;;;;20.07.32;3;1;1;1;3996;;2;10;13;16;3;12;10;9;18;2;7;13;
*03RM!~~~15~O~~42;;;;;;;20.07.32;3;1;1;1;3996;;2;10;13;16;3;12;10;9;18;2;7;13;
*02ET+K7B;;;;;;;20.07.32;3;1;1;1;3996;;2;10;13;16;3;12;10;9;18;2;7;13;
*10AT-W2~26~H;;r;;;;;20.07.39;3;1;1;1;3999;;2;10;13;16;3;12;10;9;18;2;7;13;
a07DT+~~~26;;;;;;;20.07.39;3;1;1;1;3999;;2;10;13;16;3;12;10;9;18;2;7;13;
a09AH#G4~45~H2;p;p;;;;;20.07.43;3;1;1;1;4002;;2;10;13;16;3;12;10;9;18;2;7;13;
*$$&H=;p;;;;;;20.07.43;3;1;1;1;4002;;2;10;13;16;3;12;10;9;18;2;7;13;
ap05:12;;;;;;;20.07.50;3;1;1;1;4007;;2;10;13;16;3;12;10;9;18;2;7;13;
a10SM+~~~18;;;;;;;20.08.00;3;1;1;1;4025;;2;10;13;16;3;12;10;9;18;2;7;13;
*03RM-~~~18;;;;;;;20.08.00;3;1;1;1;4025;;2;10;13;16;3;12;10;9;18;2;7;13;
*16AH#G4~41~H2S;s;r;;;;;20.08.06;3;1;1;1;4031;;2;10;13;16;3;12;10;9;18;2;7;13;
a02BH=~~~~2~~2S;s;;;;;;20.08.06;3;1;1;1;4031;;2;10;13;16;3;12;10;9;18;2;7;13;
*p06:12;;;;;;;20.08.10;3;1;1;1;4033;;2;10;13;16;3;12;10;9;18;2;7;13;
*z6;;;;;;;20.08.10;3;6;1;1;4033;;10;13;16;3;12;2;10;9;18;2;7;13;
*10SQ+~~~15;;;;;;;20.08.22;3;6;1;1;4046;;10;13;16;3;12;2;10;9;18;2;7;13;
a04RQ-~~~15;;;;;;;20.08.22;3;6;1;1;4046;;10;13;16;3;12;2;10;9;18;2;7;13;
a09AH#G2~25~H2;s;r;;;;;20.08.30;3;6;1;1;4054;;10;13;16;3;12;2;10;9;18;2;7;13;
*$$&H=;s;;;;;;20.08.30;3;6;1;1;4054;;10;13;16;3;12;2;10;9;18;2;7;13;
ap06:13;;;;;;;20.08.32;3;6;1;1;4057;;10;13;16;3;12;2;10;9;18;2;7;13;
az6;;;;;;;20.08.32;3;6;6;1;4055;;10;13;16;3;12;2;9;18;2;7;13;10;
a09SM+~~~17;;;;;;;20.08.46;3;6;6;1;4071;;10;13;16;3;12;2;9;18;2;7;13;10;
*03RM-~~~17~O;;;;;;;20.08.46;3;6;6;1;4071;;10;13;16;3;12;2;9;18;2;7;13;10;
*16AT#W2~26~H2;s;r;;;;;20.08.51;3;6;6;1;4074;;10;13;16;3;12;2;9;18;2;7;13;10;
a$$&H=;s;;;;;;20.08.51;3;6;6;1;4074;;10;13;16;3;12;2;9;18;2;7;13;10;
*p07:13;;;;;;;20.08.52;3;6;6;1;4079;;10;13;16;3;12;2;9;18;2;7;13;10;
*z5;;;;;;;20.08.52;3;5;6;1;4075;;13;16;3;12;2;10;9;18;2;7;13;10;
*13SM-~~~51;;;;;;;20.09.09;3;5;6;1;4093;;13;16;3;12;2;10;9;18;2;7;13;10;
a09RM#~~~51;;;;;;;20.09.09;3;5;6;1;4093;;13;16;3;12;2;10;9;18;2;7;13;10;
a10ET+K1B;;;;;;;20.09.09;3;5;6;1;4093;;13;16;3;12;2;10;9;18;2;7;13;10;
a02AT#W2~29~H1;s;r;;;;;20.09.15;3;5;6;1;4100;;13;16;3;12;2;10;9;18;2;7;13;10;
*$$&H=;s;;;;;;20.09.15;3;5;6;1;4100;;13;16;3;12;2;10;9;18;2;7;13;10;
ap07:14;;;;;;;20.09.19;3;5;6;1;4104;;13;16;3;12;2;10;9;18;2;7;13;10;
az5;;;;;;;20.09.19;3;5;5;1;4102;;13;16;3;12;2;10;18;2;7;13;10;9;
a18SM+~~~55;;;;;;;20.09.38;3;5;5;1;4123;;13;16;3;12;2;10;18;2;7;13;10;9;
*03RM-~~~55~O;;;;;;;20.09.38;3;5;5;1;4123;;13;16;3;12;2;10;18;2;7;13;10;9;
*03AH-G4~46~H2;;r;;;;;20.09.44;3;5;5;1;4129;;13;16;3;12;2;10;18;2;7;13;10;9;
a09DH+~~~46;;;;;;;20.09.44;3;5;5;1;4129;;13;16;3;12;2;10;18;2;7;13;10;9;
a07AT=W4~41~H2O;s;p;;;;;20.09.48;3;5;5;1;4133;;13;16;3;12;2;10;18;2;7;13;10;9;
*$$&H#;s;;;;;;20.09.48;3;5;5;1;4133;;13;16;3;12;2;10;18;2;7;13;10;9;
*p08:14;;;;;;;20.09.58;3;5;5;1;4136;;13;16;3;12;2;10;18;2;7;13;10;9;
*z4;;;;;;;20.09.58;3;4;5;1;4141;;16;3;12;2;10;13;18;2;7;13;10;9;
*16SQ=~~~15~~~N;s;;;;;;20.10.52;3;4;5;1;4197;;16;3;12;2;10;13;18;2;7;13;10;9;
a$$&H#;s;;;;;;20.10.52;3;4;5;1;4197;;16;3;12;2;10;13;18;2;7;13;10;9;
ap08:15;;;;;;;20.10.56;3;4;5;1;4201;;16;3;12;2;10;13;18;2;7;13;10;9;
az4;;;;;;;20.10.56;3;4;4;1;4198;;16;3;12;2;10;13;2;7;13;10;9;18;
a02SQ=~~~61~~~N;s;;;;;;20.11.12;3;4;4;1;4216;;16;3;12;2;10;13;2;7;13;10;9;18;
*$$&H#;s;;;;;;20.11.12;3;4;4;1;4216;;16;3;12;2;10;13;2;7;13;10;9;18;
*p09:15;;;;;;;20.11.20;3;4;4;1;4219;;16;3;12;2;10;13;2;7;13;10;9;18;
*z3;;;;;;;20.11.20;3;3;4;1;4222;;3;12;2;10;13;16;2;7;13;10;9;18;
*03SM+~~~11;;;;;;;20.11.26;3;3;4;1;4231;;3;12;2;10;13;16;2;7;13;10;9;18;
a04RM-~~~11;;;;;;;20.11.26;3;3;4;1;4231;;3;12;2;10;13;16;2;7;13;10;9;18;
a07AH-G4~47~H2;;r;;;;;20.11.32;3;3;4;1;4238;;3;12;2;10;13;16;2;7;13;10;9;18;
*10DH+~~~47;;;;;;;20.11.32;3;3;4;1;4238;;3;12;2;10;13;16;2;7;13;10;9;18;
*16AH=G9~9~~H2Z;s;p;;;;;20.11.36;3;3;4;1;4241;;3;12;2;10;13;16;2;7;13;10;9;18;
a$$&H#;s;;;;;;20.11.36;3;3;4;1;4241;;3;12;2;10;13;16;2;7;13;10;9;18;
ap09:16;;;;;;;20.11.39;3;3;4;1;4243;;3;12;2;10;13;16;2;7;13;10;9;18;
az3;;;;;;;20.11.39;3;3;3;1;4242;;3;12;2;10;13;16;7;13;10;9;18;2;
ac10:20;;;;;;;20.11.39;3;3;3;1;4242;;3;12;2;10;13;16;7;13;20;9;18;2;
ac02:05;;;;;;;20.11.39;3;3;3;1;4242;;3;12;2;10;13;16;7;13;20;9;18;5;
aP5;;;;;;;20.11.39;3;3;3;1;4242;;3;12;2;10;13;16;7;13;20;9;18;5;
az6;;;;;;;20.11.39;3;3;6;1;4242;;3;12;2;10;13;16;7;13;20;9;18;5;
a07SM!~~~16;;;;;;;20.12.17;3;3;6;1;4281;;3;12;2;10;13;16;7;13;20;9;18;5;
*03RM!~~~16~O~~32;;;;;;;20.12.17;3;3;6;1;4281;;3;12;2;10;13;16;7;13;20;9;18;5;
*02ET+K8F;;;;;;;20.12.17;3;3;6;1;4281;;3;12;2;10;13;16;7;13;20;9;18;5;
*10AT/W4~45~H2;p;r;;;;;20.12.23;3;3;6;1;4284;;3;12;2;10;13;16;7;13;20;9;18;5;
a13BT#~~~~2~~2;p;;;;;;20.12.23;3;3;6;1;4284;;3;12;2;10;13;16;7;13;20;9;18;5;
ap09:17;;;;;;;20.12.26;3;3;6;1;4290;;3;12;2;10;13;16;7;13;20;9;18;5;
a07SM-~~~19~~~N;;;;;;;20.12.42;3;3;6;1;4307;;3;12;2;10;13;16;7;13;20;9;18;5;
*03RM#~~~19;;;;;;;20.12.42;3;3;6;1;4307;;3;12;2;10;13;16;7;13;20;9;18;5;
*02EQ+K3C;;;;;;;20.12.42;3;3;6;1;4307;;3;12;2;10;13;16;7;13;20;9;18;5;
*12AQ#J3~34~T2;s;r;;;;;20.12.48;3;3;6;1;4313;;3;12;2;10;13;16;7;13;20;9;18;5;
a$$&H=;s;;;;;;20.12.48;3;3;6;1;4313;;3;12;2;10;13;16;7;13;20;9;18;5;
*p10:17;;;;;;;20.12.53;3;3;6;1;4318;;3;12;2;10;13;16;7;13;20;9;18;5;
*z2;;;;;;;20.12.53;3;2;6;1;4316;;12;2;10;13;16;3;7;13;20;9;18;5;
*12SQ-~~~56;;;;;;;20.13.08;3;2;6;1;4333;;12;2;10;13;16;3;7;13;20;9;18;5;
a04RQ+~~~56~~~~32;;;;;;;20.13.08;3;2;6;1;4333;;12;2;10;13;16;3;7;13;20;9;18;5;
a05ET+K1F;;;;;;;20.13.08;3;2;6;1;4333;;12;2;10;13;16;3;7;13;20;9;18;5;
a09AT#W4~45~H2F;s;r;;;;;20.13.13;3;2;6;1;4338;;12;2;10;13;16;3;7;13;20;9;18;5;
*13BT=~~~~2~~2F;s;;;;;;20.13.13;3;2;6;1;4338;;12;2;10;13;16;3;7;13;20;9;18;5;
ap10:18;;;;;;;20.13.19;3;2;6;1;4341;;12;2;10;13;16;3;7;13;20;9;18;5;
az5;;;;;;;20.13.19;3;2;5;1;4342;;12;2;10;13;16;3;13;20;9;18;5;7;
a13SM!~~~56;;;;;;;20.13.33;3;2;5;1;4358;;12;2;10;13;16;3;13;20;9;18;5;7;
*03RM!~~~56~O~~21;;;;;;;20.13.33;3;2;5;1;4358;;12;2;10;13;16;3;13;20;9;18;5;7;
*02ET+KBB;;;;;;;20.13.33;3;2;5;1;4358;;12;2;10;13;16;3;13;20;9;18;5;7;
*16AT=Y9~9~~H0N;p;r;;;;;20.13.39;3;2;5;1;4361;;12;2;10;13;16;3;13;20;9;18;5;7;
a$$&H#;p;;;;;;20.13.39;3;2;5;1;4361;;12;2;10;13;16;3;13;20;9;18;5;7;
ap10:19;;;;;;;20.13.42;3;2;5;1;4366;;12;2;10;13;16;3;13;20;9;18;5;7;
*T;;;;;;;20.13.42;3;2;5;1;4364;;12;2;10;13;16;3;13;20;9;18;5;7;
a13SM+~~~58;;;;;;;20.14.47;3;2;5;1;4432;;12;2;10;13;16;3;13;20;9;18;5;7;
*03RM-~~~58~O;;;;;;;20.14.47;3;2;5;1;4432;;12;2;10;13;16;3;13;20;9;18;5;7;
*10AH#G4~46~H3S;s;r;;;;;20.14.53;3;2;5;1;4438;;12;2;10;13;16;3;13;20;9;18;5;7;
a20BH=~~~~2~~3S;s;;;;;;20.14.53;3;2;5;1;4438;;12;2;10;13;16;3;13;20;9;18;5;7;
*p11:19;;;;;;;20.14.56;3;2;5;1;4440;;12;2;10;13;16;3;13;20;9;18;5;7;
*z1;;;;;;;20.14.56;3;1;5;1;4439;;2;10;13;16;3;12;13;20;9;18;5;7;
*02SM-~~~16;;;;;;;20.15.06;3;1;5;1;4451;;2;10;13;16;3;12;13;20;9;18;5;7;
a07RM#~~~16~O;;;;;;;20.15.06;3;1;5;1;4451;;2;10;13;16;3;12;13;20;9;18;5;7;
a05ET+K1B;;;;;;;20.15.06;3;1;5;1;4451;;2;10;13;16;3;12;13;20;9;18;5;7;
a20AT-W2~21~H2;;r;;;;;20.15.11;3;1;5;1;4456;;2;10;13;16;3;12;13;20;9;18;5;7;
*13BT+~~~~4~~2;;;;;;;20.15.11;3;1;5;1;4456;;2;10;13;16;3;12;13;20;9;18;5;7;
a04DH+;;;;;;;20.15.11;3;1;5;1;4456;;2;10;13;16;3;12;13;20;9;18;5;7;
*13AQ-J1~33~T1;;p;;;;;20.15.18;3;1;5;1;4462;;2;10;13;16;3;12;13;20;9;18;5;7;
a18BQ+~~~~3~~1;;;;;;;20.15.18;3;1;5;1;4462;;2;10;13;16;3;12;13;20;9;18;5;7;
a18DH+;;;;;;;20.15.21;3;1;5;1;4466;;2;10;13;16;3;12;13;20;9;18;5;7;
a20AH-G2~24~T1;;s;;;;;20.15.23;3;1;5;1;4468;;2;10;13;16;3;12;13;20;9;18;5;7;
*13BH+~~~~4~~1;;;;;;;20.15.23;3;1;5;1;4468;;2;10;13;16;3;12;13;20;9;18;5;7;
*16AT-W2~24~H2;;p;;;;;20.15.26;3;1;5;1;4471;;2;10;13;16;3;12;13;20;9;18;5;7;
a07DT+~~~24;;;;;;;20.15.26;3;1;5;1;4471;;2;10;13;16;3;12;13;20;9;18;5;7;
a09AT-W4~45~H2;;s;;;;;20.15.30;3;1;5;1;4474;;2;10;13;16;3;12;13;20;9;18;5;7;
*13BT+~~~~2~~2;;;;;;;20.15.30;3;1;5;1;4474;;2;10;13;16;3;12;13;20;9;18;5;7;
*02DH+;;;;;;;20.15.31;3;1;5;1;4476;;2;10;13;16;3;12;13;20;9;18;5;7;
*10AH=G4~45~H3O;s;p;;;;;20.15.34;3;1;5;1;4478;;2;10;13;16;3;12;13;20;9;18;5;7;
a$$&H#;s;;;;;;20.15.34;3;1;5;1;4478;;2;10;13;16;3;12;13;20;9;18;5;7;
ap11:20;;;;;;;20.15.38;3;1;5;1;4484;;2;10;13;16;3;12;13;20;9;18;5;7;
az4;;;;;;;20.15.38;3;1;4;1;4481;;2;10;13;16;3;12;20;9;18;5;7;13;
ac20:10;;;;;;;20.15.38;3;1;4;1;4481;;2;10;13;16;3;12;10;9;18;5;7;13;
ac05:02;;;;;;;20.15.38;3;1;4;1;4481;;2;10;13;16;3;12;10;9;18;2;7;13;
aP10;;;;;;;20.15.38;3;1;4;1;4481;;2;10;13;16;3;12;10;9;18;2;7;13;
az1;;;;;;;20.15.38;3;1;1;1;4481;;2;10;13;16;3;12;10;9;18;2;7;13;
a10SM-~~~16;;;;;;;20.16.05;3;1;1;1;4509;;2;10;13;16;3;12;10;9;18;2;7;13;
*03RM#~~~16;;;;;;;20.16.05;3;1;1;1;4509;;2;10;13;16;3;12;10;9;18;2;7;13;
*02EQ+K1C;;;;;;;20.16.05;3;1;1;1;4509;;2;10;13;16;3;12;10;9;18;2;7;13;
*13AQ#J4~36~H1F;s;r;;;;;20.16.10;3;1;1;1;4514;;2;10;13;16;3;12;10;9;18;2;7;13;
a02BQ=~~~~3~~1F;s;;;;;;20.16.10;3;1;1;1;4514;;2;10;13;16;3;12;10;9;18;2;7;13;
*p12:20;;;;;;;20.16.13;3;1;1;1;4516;;2;10;13;16;3;12;10;9;18;2;7;13;
*z6;;;;;;;20.16.13;3;6;1;1;4516;;10;13;16;3;12;2;10;9;18;2;7;13;
*10SQ=~~~11~~~O;s;;;;;;20.16.24;3;6;1;1;4529;;10;13;16;3;12;2;10;9;18;2;7;13;
a$$&H#;s;;;;;;20.16.24;3;6;1;1;4529;;10;13;16;3;12;2;10;9;18;2;7;13;
ap12:21;;;;;;;20.16.28;3;6;1;1;4534;;10;13;16;3;12;2;10;9;18;2;7;13;
az6;;;;;;;20.16.28;3;6;6;1;4531;;10;13;16;3;12;2;9;18;2;7;13;10;
ac09:12;;;;;;;20.16.28;3;6;6;1;4531;;10;13;16;3;12;2;12;18;2;7;13;10;
a12SM/~~~18;;;;;;;20.17.01;3;6;6;1;4566;;10;13;16;3;12;2;12;18;2;7;13;10;
*03RM/~~~18~W;;;;;;;20.17.01;3;6;6;1;4566;;10;13;16;3;12;2;12;18;2;7;13;10;
a18AO#V3~3~~H;p;p;;;;;20.17.08;3;6;6;1;4568;;10;13;16;3;12;2;12;18;2;7;13;10;
*$$&H=;p;;;;;;20.17.08;3;6;6;1;4568;;10;13;16;3;12;2;12;18;2;7;13;10;
ap12:22;;;;;;;20.17.10;3;6;6;1;4574;;10;13;16;3;12;2;12;18;2;7;13;10;
a12SM-~~~15;;;;;;;20.17.24;3;6;6;1;4588;;10;13;16;3;12;2;12;18;2;7;13;10;
*03RM+~~~15~O~~31;;;;;;;20.17.24;3;6;6;1;4588;;10;13;16;3;12;2;12;18;2;7;13;10;
*02EQ+K1C;;;;;;;20.17.24;3;6;6;1;4588;;10;13;16;3;12;2;12;18;2;7;13;10;
*13AQ#J4~33~T1;s;r;;;;;20.17.28;3;6;6;1;4593;;10;13;16;3;12;2;12;18;2;7;13;10;
a$$&H=;s;;;;;;20.17.28;3;6;6;1;4593;;10;13;16;3;12;2;12;18;2;7;13;10;
*p13:22;;;;;;;20.17.31;3;6;6;1;4595;;10;13;16;3;12;2;12;18;2;7;13;10;
*z5;;;;;;;20.17.31;3;5;6;1;4593;;13;16;3;12;2;10;12;18;2;7;13;10;
ac12:09;;;;;;;20.17.31;3;5;6;1;4593;;13;16;3;12;2;10;9;18;2;7;13;10;
*13SM-~~~56;;;;;;;20.17.54;3;5;6;1;4619;;13;16;3;12;2;10;9;18;2;7;13;10;
a04RM#~~~56~O;;;;;;;20.17.54;3;5;6;1;4619;;13;16;3;12;2;10;9;18;2;7;13;10;
a10ET+K1B;;;;;;;20.17.54;3;5;6;1;4619;;13;16;3;12;2;10;9;18;2;7;13;10;
a02AT#W2~21~H2;s;r;;;;;20.18.02;3;5;6;1;4627;;13;16;3;12;2;10;9;18;2;7;13;10;
*02DT=~~~21;s;;;;;;20.18.02;3;5;6;1;4627;;13;16;3;12;2;10;9;18;2;7;13;10;
ap13:23;;;;;;;20.18.04;3;5;6;1;4626;;13;16;3;12;2;10;9;18;2;7;13;10;
az5;;;;;;;20.18.04;3;5;5;1;4627;;13;16;3;12;2;10;18;2;7;13;10;9;
a18SM+~~~57;;;;;;;20.18.20;3;5;5;1;4645;;13;16;3;12;2;10;18;2;7;13;10;9;
*03RM-~~~57;;;;;;;20.18.20;3;5;5;1;4645;;13;16;3;12;2;10;18;2;7;13;10;9;
*03AH-G4~43~T2;;r;;;;;20.18.26;3;5;5;1;4648;;13;16;3;12;2;10;18;2;7;13;10;9;
a13BH+~~~~2~~2;;;;;;;20.18.26;3;5;5;1;4648;;13;16;3;12;2;10;18;2;7;13;10;9;
a10DH+;;;;;;;20.18.29;3;5;5;1;4648;;13;16;3;12;2;10;18;2;7;13;10;9;
a07AH#G4~46~H2;p;p;;;;;20.18.31;3;5;5;1;4651;;13;16;3;12;2;10;18;2;7;13;10;9;
*$$&H=;p;;;;;;20.18.31;3;5;5;1;4651;;13;16;3;12;2;10;18;2;7;13;10;9;
ap13:24;;;;;;;20.18.33;3;5;5;1;4657;;13;16;3;12;2;10;18;2;7;13;10;9;
a18SM+~~~55;;;;;;;20.18.56;3;5;5;1;4681;;13;16;3;12;2;10;18;2;7;13;10;9;
*03RM-~~~55~O;;;;;;;20.18.56;3;5;5;1;4681;;13;16;3;12;2;10;18;2;7;13;10;9;
*16AH#G2~24~T2F;s;r;;;;;20.19.02;3;5;5;1;4686;;13;16;3;12;2;10;18;2;7;13;10;9;
a07BH=~~~~4~~2F;s;;;;;;20.19.02;3;5;5;1;4686;;13;16;3;12;2;10;18;2;7;13;10;9;
*p14:24;;;;;;;20.19.06;3;5;5;1;4690;;13;16;3;12;2;10;18;2;7;13;10;9;
*z4;;;;;;;20.19.06;3;4;5;1;4688;;16;3;12;2;10;13;18;2;7;13;10;9;
*16SQ!~~~16;;;;;;;20.19.17;3;4;5;1;4703;;16;3;12;2;10;13;18;2;7;13;10;9;
a09RQ!~~~16~~~~32;;;;;;;20.19.17;3;4;5;1;4703;;16;3;12;2;10;13;18;2;7;13;10;9;
a10ET+K1B;;;;;;;20.19.17;3;4;5;1;4703;;16;3;12;2;10;13;18;2;7;13;10;9;
a02AT#W2~21~H2O;s;r;;;;;20.19.23;3;4;5;1;4709;;16;3;12;2;10;13;18;2;7;13;10;9;
*12BT=~~~~4~~2O;s;;;;;;20.19.23;3;4;5;1;4709;;16;3;12;2;10;13;18;2;7;13;10;9;
ap14:25;;;;;;;20.19.27;3;4;5;1;4713;;16;3;12;2;10;13;18;2;7;13;10;9;
**3set;;;;;;;20.19.27;4;4;5;1;4709;;;;;;;;;;;;;;
