*P04>LUp;;;;;;;;1;1;4;;;;7;3;6;1;5;4;9;3;12;5;10;19;
*z6>LUp;;;;;;;;1;6;4;;;;7;3;6;1;5;4;9;3;12;5;10;19;
aP05>LUp;;;;;;;;1;6;4;;;;7;3;6;1;5;4;9;3;12;5;10;19;
az4>LUp;;;;;;;;1;6;4;;;;7;3;6;1;5;4;9;3;12;5;10;19;
*07SQ=~~~61~~~O;s;;;;;;09.01.30;1;6;4;1;227;;7;3;6;1;5;4;9;3;12;5;10;19;
a$$&H#;s;;;;;;09.01.30;1;6;4;1;227;;7;3;6;1;5;4;9;3;12;5;10;19;
ap00:01;;;;;;;09.01.35;1;6;4;1;231;;7;3;6;1;5;4;9;3;12;5;10;19;
az3;;;;;;;09.01.35;1;6;3;1;231;;7;3;6;1;5;4;3;12;5;10;19;9;
a03SM+~~~11;;;;;;;09.01.46;1;6;3;1;243;;7;3;6;1;5;4;3;12;5;10;19;9;
*07RM-~~~11;;;;;;;09.01.46;1;6;3;1;244;;7;3;6;1;5;4;3;12;5;10;19;9;
*01AT-W4~41~T2C;;r;;;;;09.01.52;1;6;3;1;248;;7;3;6;1;5;4;3;12;5;10;19;9;
a05BT+~~~~2~~2;;;;;;;09.01.52;1;6;3;1;248;;7;3;6;1;5;4;3;12;5;10;19;9;
*03AO=V3~34~T;p;s;;;;;09.02.03;1;6;3;1;251;;7;3;6;1;5;4;3;12;5;10;19;9;
a$$&H#;p;;;;;;09.02.03;1;6;3;1;251;;7;3;6;1;5;4;3;12;5;10;19;9;
ap00:02;;;;;;;09.02.05;1;6;3;1;256;;7;3;6;1;5;4;3;12;5;10;19;9;
a03SM-~~~11;;;;;;;09.02.09;1;6;3;1;266;;7;3;6;1;5;4;3;12;5;10;19;9;
*07RM#~~~11;;;;;;;09.02.09;1;6;3;1;267;;7;3;6;1;5;4;3;12;5;10;19;9;
*04EQ+K1C;;;;;;;09.02.09;1;6;3;1;267;;7;3;6;1;5;4;3;12;5;10;19;9;
*03AQ=J4~39~T1S;p;r;;;;;09.02.15;1;6;3;1;270;;7;3;6;1;5;4;3;12;5;10;19;9;
a$$&H#;p;;;;;;09.02.15;1;6;3;1;270;;7;3;6;1;5;4;3;12;5;10;19;9;
ap00:03;;;;;;;09.02.18;1;6;3;1;275;;7;3;6;1;5;4;3;12;5;10;19;9;
a03SM-~~~11;;;;;;;09.02.27;1;6;3;1;284;;7;3;6;1;5;4;3;12;5;10;19;9;
*07RM+~~~11~~~~31;;;;;;;09.02.27;1;6;3;1;284;;7;3;6;1;5;4;3;12;5;10;19;9;
*04ET+K1B;;;;;;;09.02.27;1;6;3;1;285;;7;3;6;1;5;4;3;12;5;10;19;9;
*06AT-W2~24~H1C;;r;;;;;09.02.33;1;6;3;1;289;;7;3;6;1;5;4;3;12;5;10;19;9;
a10BT+~~~~4~A1;;;;;;;09.02.33;1;6;3;1;289;;7;3;6;1;5;4;3;12;5;10;19;9;
a12FH+;;;;;;;09.02.37;1;6;3;1;292;;7;3;6;1;5;4;3;12;5;10;19;9;
a09AT=Y9~91~H1O2;s;p;;;;;09.02.40;1;6;3;1;295;;7;3;6;1;5;4;3;12;5;10;19;9;
*$$&H#;s;;;;;;09.02.40;1;6;3;1;295;;7;3;6;1;5;4;3;12;5;10;19;9;
*p01:03;;;;;;;09.02.42;1;6;3;1;300;;7;3;6;1;5;4;3;12;5;10;19;9;
*z5;;;;;;;09.02.42;1;5;3;1;298;;3;6;1;5;4;7;3;12;5;10;19;9;
*03SM-~~~51;;;;;;;09.02.56;1;5;3;1;313;;3;6;1;5;4;7;3;12;5;10;19;9;
a03RM+~~~51~~~~21;;;;;;;09.02.56;1;5;3;1;314;;3;6;1;5;4;7;3;12;5;10;19;9;
a05EQ+KBC;;;;;;;09.02.56;1;5;3;1;314;;3;6;1;5;4;7;3;12;5;10;19;9;
a12AQ=J4~33~T1N;p;r;;;;;09.03.03;1;5;3;1;317;;3;6;1;5;4;7;3;12;5;10;19;9;
*$$&H#;p;;;;;;09.03.03;1;5;3;1;317;;3;6;1;5;4;7;3;12;5;10;19;9;
*p02:03;;;;;;;09.03.10;1;5;3;1;322;;3;6;1;5;4;7;3;12;5;10;19;9;
*03SM+~~~51;;;;;;;09.03.16;1;5;3;1;334;;3;6;1;5;4;7;3;12;5;10;19;9;
a03RM-~~~51;;;;;;;09.03.16;1;5;3;1;334;;3;6;1;5;4;7;3;12;5;10;19;9;
a10AH/G4~41~H2;p;r;;;;;09.03.24;1;5;3;1;340;;3;6;1;5;4;7;3;12;5;10;19;9;
*06BH#~~~~2~A2;p;;;;;;09.03.24;1;5;3;1;340;;3;6;1;5;4;7;3;12;5;10;19;9;
*p03:03;;;;;;;09.03.31;1;5;3;1;345;;3;6;1;5;4;7;3;12;5;10;19;9;
*03SM+~~~51;;;;;;;09.03.39;1;5;3;1;356;;3;6;1;5;4;7;3;12;5;10;19;9;
a03RM-~~~51;;;;;;;09.03.39;1;5;3;1;357;;3;6;1;5;4;7;3;12;5;10;19;9;
a10AH#G4~42~H2S;s;r;;;;;09.03.46;1;5;3;1;362;;3;6;1;5;4;7;3;12;5;10;19;9;
*06BH=~~~~2~A2S;s;;;;;;09.03.46;1;5;3;1;362;;3;6;1;5;4;7;3;12;5;10;19;9;
ap03:04;;;;;;;09.03.49;1;5;3;1;367;;3;6;1;5;4;7;3;12;5;10;19;9;
az2;;;;;;;09.03.49;1;5;2;1;365;;3;6;1;5;4;7;12;5;10;19;9;3;
a12SQ-~~~56;;;;;;;09.04.03;1;5;2;1;379;;3;6;1;5;4;7;12;5;10;19;9;3;
*07RQ+~~~56~~~~21;;;;;;;09.04.03;1;5;2;1;380;;3;6;1;5;4;7;12;5;10;19;9;3;
*04ET+KBB;;;;;;;09.04.03;1;5;2;1;380;;3;6;1;5;4;7;12;5;10;19;9;3;
*06AT-W2~27~T1;;r;;;;;09.04.11;1;5;2;1;385;;3;6;1;5;4;7;12;5;10;19;9;3;
a12DT+~~~27~E;;;;;;;09.04.11;1;5;2;1;385;;3;6;1;5;4;7;12;5;10;19;9;3;
a09AT#Y9~94~H2S2;p;p;;;;;09.04.15;1;5;2;1;388;;3;6;1;5;4;7;12;5;10;19;9;3;
*01BT=~~~~4~A2S;p;;;;;;09.04.15;1;5;2;1;388;;3;6;1;5;4;7;12;5;10;19;9;3;
ap03:05;;;;;;;09.04.19;1;5;2;1;393;;3;6;1;5;4;7;12;5;10;19;9;3;
a12SQ-~~~56;;;;;;;09.04.28;1;5;2;1;405;;3;6;1;5;4;7;12;5;10;19;9;3;
*07RQ+~~~56~~~~21;;;;;;;09.04.28;1;5;2;1;405;;3;6;1;5;4;7;12;5;10;19;9;3;
*04ET+K1P;;;;;;;09.04.28;1;5;2;1;405;;3;6;1;5;4;7;12;5;10;19;9;3;
*07AT#Y8~86~H0X;s;r;;;;;09.04.34;1;5;2;1;410;;3;6;1;5;4;7;12;5;10;19;9;3;
a03DT=~~~86~S;s;;;;;;09.04.34;1;5;2;1;410;;3;6;1;5;4;7;12;5;10;19;9;3;
*p04:05;;;;;;;09.04.39;1;5;2;1;415;;3;6;1;5;4;7;12;5;10;19;9;3;
*z4;;;;;;;09.04.40;1;4;2;1;416;;6;1;5;4;7;3;12;5;10;19;9;3;
*06SQ-~~~15;;;;;;;09.04.59;1;4;2;1;435;;6;1;5;4;7;3;12;5;10;19;9;3;
a10RQ#~~~15;;;;;;;09.04.59;1;4;2;1;436;;6;1;5;4;7;3;12;5;10;19;9;3;
a05ET+K1F;;;;;;;09.04.59;1;4;2;1;436;;6;1;5;4;7;3;12;5;10;19;9;3;
a10AT#W4~41~H2X;s;r;;;;;09.05.04;1;4;2;1;441;;6;1;5;4;7;3;12;5;10;19;9;3;
*06DT=~~~41~S;s;;;;;;09.05.04;1;4;2;1;441;;6;1;5;4;7;3;12;5;10;19;9;3;
ap04:06;;;;;;;09.05.06;1;4;2;1;446;;6;1;5;4;7;3;12;5;10;19;9;3;
az1;;;;;;;09.05.06;1;4;1;1;442;;6;1;5;4;7;3;5;10;19;9;3;12;
a05SM-~~~16;;;;;;;09.05.20;1;4;1;1;456;;6;1;5;4;7;3;5;10;19;9;3;12;
*07RM+~~~16~O~~41;;;;;;;09.05.20;1;4;1;1;457;;6;1;5;4;7;3;5;10;19;9;3;12;
*04ET+K1F;;;;;;;09.05.20;1;4;1;1;457;;6;1;5;4;7;3;5;10;19;9;3;12;
*01AT#W4~45~H1X;s;r;;;;;09.05.25;1;4;1;1;461;;6;1;5;4;7;3;5;10;19;9;3;12;
a03DT=~~~45~S;s;;;;;;09.05.25;1;4;1;1;461;;6;1;5;4;7;3;5;10;19;9;3;12;
*p05:06;;;;;;;09.05.32;1;4;1;1;466;;6;1;5;4;7;3;5;10;19;9;3;12;
*z3;;;;;;;09.05.32;1;3;1;1;468;;1;5;4;7;3;6;5;10;19;9;3;12;
*01SQ!~~~55;;;;;;;09.05.52;1;3;1;1;489;;1;5;4;7;3;6;5;10;19;9;3;12;
a03RQ!~~~55~~~~32;;;;;;;09.05.52;1;3;1;1;489;;1;5;4;7;3;6;5;10;19;9;3;12;
a05EH+KEB;;;;;;;09.05.52;1;3;1;1;489;;1;5;4;7;3;6;5;10;19;9;3;12;
a10AH#G2~25~H1X;s;r;;;;;09.05.59;1;3;1;1;494;;1;5;4;7;3;6;5;10;19;9;3;12;
*14DH=~~~25~S;s;;;;;;09.05.59;1;3;1;1;494;;1;5;4;7;3;6;5;10;19;9;3;12;
ap05:07;;;;;;;09.06.02;1;3;1;1;499;;1;5;4;7;3;6;5;10;19;9;3;12;
az6;;;;;;;09.06.02;1;3;6;1;498;;1;5;4;7;3;6;10;19;9;3;12;5;
a10SQ!~~~16;;;;;;;09.06.18;1;3;6;1;514;;1;5;4;7;3;6;10;19;9;3;12;5;
*14RQ!~~~16~~~~32;;;;;;;09.06.18;1;3;6;1;514;;1;5;4;7;3;6;10;19;9;3;12;5;
*04ET+K8B;;;;;;;09.06.18;1;3;6;1;515;;1;5;4;7;3;6;10;19;9;3;12;5;
*06AT-Y9~96~H2C;;r;;;;;09.06.23;1;3;6;1;519;;1;5;4;7;3;6;10;19;9;3;12;5;
a10DT+~~~96~S;;;;;;;09.06.23;1;3;6;1;519;;1;5;4;7;3;6;10;19;9;3;12;5;
a09AH=G2~23~T2I3;s;p;;;;;09.06.28;1;3;6;1;522;;1;5;4;7;3;6;10;19;9;3;12;5;
*$$&H#;s;;;;;;09.06.28;1;3;6;1;522;;1;5;4;7;3;6;10;19;9;3;12;5;
*p06:07;;;;;;;09.06.32;1;3;6;1;527;;1;5;4;7;3;6;10;19;9;3;12;5;
*z2;;;;;;;09.06.32;1;2;6;1;528;;5;4;7;3;6;1;10;19;9;3;12;5;
*05SM!~~~55;;;;;;;09.06.53;1;2;6;1;549;;5;4;7;3;6;1;10;19;9;3;12;5;
a03RM!~~~55~~~~22;;;;;;;09.06.53;1;2;6;1;549;;5;4;7;3;6;1;10;19;9;3;12;5;
a05ET+K9F;;;;;;;09.06.53;1;2;6;1;550;;5;4;7;3;6;1;10;19;9;3;12;5;
a03AT#W4~43~T2F;s;r;;;;;09.06.58;1;2;6;1;554;;5;4;7;3;6;1;10;19;9;3;12;5;
*03BT=~~~~3~A2F;s;;;;;;09.06.58;1;2;6;1;554;;5;4;7;3;6;1;10;19;9;3;12;5;
ap06:08;;;;;;;09.07.08;1;2;6;1;559;;5;4;7;3;6;1;10;19;9;3;12;5;
az5;;;;;;;09.07.08;1;2;5;1;564;;5;4;7;3;6;1;19;9;3;12;5;10;
a19SM-~~~55;;;;;;;09.07.18;1;2;5;1;574;;5;4;7;3;6;1;19;9;3;12;5;10;
*07RM#~~~55;;;;;;;09.07.18;1;2;5;1;574;;5;4;7;3;6;1;19;9;3;12;5;10;
*04EQ+K1C;;;;;;;09.07.18;1;2;5;1;575;;5;4;7;3;6;1;19;9;3;12;5;10;
*03AQ#J4~37~H1X;s;r;;;;;09.07.24;1;2;5;1;579;;5;4;7;3;6;1;19;9;3;12;5;10;
a19DQ=~~~37~S;s;;;;;;09.07.24;1;2;5;1;579;;5;4;7;3;6;1;19;9;3;12;5;10;
*p07:08;;;;;;;09.07.29;1;2;5;1;584;;5;4;7;3;6;1;19;9;3;12;5;10;
*z1;;;;;;;09.07.29;1;1;5;1;585;;4;7;3;6;1;5;19;9;3;12;5;10;
*04SM+~~~15;;;;;;;09.07.42;1;1;5;1;598;;4;7;3;6;1;5;19;9;3;12;5;10;
a03RM-~~~15;;;;;;;09.07.42;1;1;5;1;598;;4;7;3;6;1;5;19;9;3;12;5;10;
a03AH#G4~41~H2X;s;r;;;;;09.07.49;1;1;5;1;604;;4;7;3;6;1;5;19;9;3;12;5;10;
*04DH=~~~41~S;s;;;;;;09.07.49;1;1;5;1;604;;4;7;3;6;1;5;19;9;3;12;5;10;
ap07:09;;;;;;;09.07.56;1;1;5;1;609;;4;7;3;6;1;5;19;9;3;12;5;10;
az4;;;;;;;09.07.57;1;1;4;1;613;;4;7;3;6;1;5;9;3;12;5;10;19;
a09SQ-~~~16;;;;;;;09.08.07;1;1;4;1;624;;4;7;3;6;1;5;9;3;12;5;10;19;
*14RQ+~~~16~~~~21;;;;;;;09.08.07;1;1;4;1;624;;4;7;3;6;1;5;9;3;12;5;10;19;
*04ET+K1P;;;;;;;09.08.07;1;1;4;1;624;;4;7;3;6;1;5;9;3;12;5;10;19;
*01AT+Y8~86~H0N;;r;;;;;09.08.13;1;1;4;1;628;;4;7;3;6;1;5;9;3;12;5;10;19;
a10DT/~~~86~S;;;;;;;09.08.13;1;1;4;1;628;;4;7;3;6;1;5;9;3;12;5;10;19;
a03FH+;;;;;;;09.08.19;1;1;4;1;631;;4;7;3;6;1;5;9;3;12;5;10;19;
*07AT-W2~26~H2C1;;s;;;;;09.08.23;1;1;4;1;634;;4;7;3;6;1;5;9;3;12;5;10;19;
a03BT+~~~~4~A2;;;;;;;09.08.23;1;1;4;1;634;;4;7;3;6;1;5;9;3;12;5;10;19;
a10DT+~~~26~B;;;;;;;09.08.23;1;1;4;1;634;;4;7;3;6;1;5;9;3;12;5;10;19;
a03AH=G4~45~H2O3;s;p;;;;;09.08.38;1;1;4;1;637;;4;7;3;6;1;5;9;3;12;5;10;19;
*$$&H#;s;;;;;;09.08.38;1;1;4;1;637;;4;7;3;6;1;5;9;3;12;5;10;19;
*p08:09;;;;;;;09.09.04;1;1;4;1;642;;4;7;3;6;1;5;9;3;12;5;10;19;
*z6;;;;;;;09.09.04;1;6;4;1;680;;7;3;6;1;5;4;9;3;12;5;10;19;
*07SQ=~~~66~~~N;s;;;;;;09.09.16;1;6;4;1;692;;7;3;6;1;5;4;9;3;12;5;10;19;
a$$&H#;s;;;;;;09.09.16;1;6;4;1;692;;7;3;6;1;5;4;9;3;12;5;10;19;
ap08:10;;;;;;;09.09.18;1;6;4;1;697;;7;3;6;1;5;4;9;3;12;5;10;19;
az3;;;;;;;09.09.18;1;6;3;1;694;;7;3;6;1;5;4;3;12;5;10;19;9;
a03SM-~~~11;;;;;;;09.09.31;1;6;3;1;708;;7;3;6;1;5;4;3;12;5;10;19;9;
*07RM+~~~11~O~~31;;;;;;;09.09.31;1;6;3;1;708;;7;3;6;1;5;4;3;12;5;10;19;9;
*04ET+K1F;;;;;;;09.09.31;1;6;3;1;709;;7;3;6;1;5;4;3;12;5;10;19;9;
*01AT-W4~47~H1;;r;;;;;09.09.36;1;6;3;1;712;;7;3;6;1;5;4;3;12;5;10;19;9;
a03DT+~~~47~S;;;;;;;09.09.36;1;6;3;1;712;;7;3;6;1;5;4;3;12;5;10;19;9;
a10AH/G4~42~H2~4;s;p;;;;;09.09.40;1;6;3;1;715;;7;3;6;1;5;4;3;12;5;10;19;9;
*06BH#~~~~2~A2;s;;;;;;09.09.40;1;6;3;1;715;;7;3;6;1;5;4;3;12;5;10;19;9;
*p09:10;;;;;;;09.09.45;1;6;3;1;720;;7;3;6;1;5;4;3;12;5;10;19;9;
*z5;;;;;;;09.09.45;1;5;3;1;721;;3;6;1;5;4;7;3;12;5;10;19;9;
*03SM-~~~59D;;;;;;;09.09.57;1;5;3;1;733;;3;6;1;5;4;7;3;12;5;10;19;9;
a03RM#~~~59D;;;;;;;09.09.57;1;5;3;1;734;;3;6;1;5;4;7;3;12;5;10;19;9;
a05ET+K1F;;;;;;;09.09.57;1;5;3;1;734;;3;6;1;5;4;7;3;12;5;10;19;9;
a10AT=W4~41DH2O;p;r;;;;;09.10.02;1;5;3;1;739;;3;6;1;5;4;7;3;12;5;10;19;9;
*$$&H#;p;;;;;;09.10.02;1;5;3;1;739;;3;6;1;5;4;7;3;12;5;10;19;9;
*p10:10;;;;;;;09.10.08;1;5;3;1;744;;3;6;1;5;4;7;3;12;5;10;19;9;
*03SM!~~~51;;;;;;;09.10.18;1;5;3;1;755;;3;6;1;5;4;7;3;12;5;10;19;9;
a03RM!~~~51~~~~21;;;;;;;09.10.18;1;5;3;1;755;;3;6;1;5;4;7;3;12;5;10;19;9;
a05EQ+KCC~~~1;;;;;;;09.10.18;1;5;3;1;755;;3;6;1;5;4;7;3;12;5;10;19;9;
a12AQ-J1~33~T1;;r;;;;;09.10.23;1;5;3;1;759;;3;6;1;5;4;7;3;12;5;10;19;9;
*05DQ+~~~33~E;;;;;;;09.10.23;1;5;3;1;759;;3;6;1;5;4;7;3;12;5;10;19;9;
*07EH+~~B~2;;;;;;;09.10.29;1;5;3;1;759;;3;6;1;5;4;7;3;12;5;10;19;9;
*06AH#G2~24~H2S4;p;p;;;;;09.10.29;1;5;3;1;763;;3;6;1;5;4;7;3;12;5;10;19;9;
a12BH=~~~~4~A2S;p;;;;;;09.10.29;1;5;3;1;763;;3;6;1;5;4;7;3;12;5;10;19;9;
*p11:10;;;;;;;09.10.57;1;5;3;1;768;;3;6;1;5;4;7;3;12;5;10;19;9;
*03SM-~~~51;;;;;;;09.11.08;1;5;3;1;805;;3;6;1;5;4;7;3;12;5;10;19;9;
a03RM+~~~51~~~~21;;;;;;;09.11.08;1;5;3;1;805;;3;6;1;5;4;7;3;12;5;10;19;9;
a05EQ+KBC;;;;;;;09.11.08;1;5;3;1;806;;3;6;1;5;4;7;3;12;5;10;19;9;
a12AQ-J4~33~H2C;;r;;;;;09.11.14;1;5;3;1;809;;3;6;1;5;4;7;3;12;5;10;19;9;
*05BQ+~~~~3~A2;;;;;;;09.11.14;1;5;3;1;809;;3;6;1;5;4;7;3;12;5;10;19;9;
*06AT#W2~25BH4X1;p;p;;;;;09.11.22;1;5;3;1;813;;3;6;1;5;4;7;3;12;5;10;19;9;
a03DT=~~~25BS;p;;;;;;09.11.22;1;5;3;1;813;;3;6;1;5;4;7;3;12;5;10;19;9;
*p12:10;;;;;;;09.11.31;1;5;3;1;818;;3;6;1;5;4;7;3;12;5;10;19;9;
aT;;;;;;;09.11.31;1;5;3;1;827;;3;6;1;5;4;7;3;12;5;10;19;9;
*03SM+~~~51;;;;;;;09.12.43;1;5;3;1;900;;3;6;1;5;4;7;3;12;5;10;19;9;
a03RM-~~~51;;;;;;;09.12.43;1;5;3;1;900;;3;6;1;5;4;7;3;12;5;10;19;9;
a18EH/~~F~4;;;;;;;09.12.43;1;5;3;1;904;;3;6;1;5;4;7;3;12;5;10;19;9;
a10AH=G4~4~~T1I;p;r;;;;;09.12.54;1;5;3;1;906;;3;6;1;5;4;7;3;12;5;10;19;9;
*$$&H#;p;;;;;;09.12.54;1;5;3;1;906;;3;6;1;5;4;7;3;12;5;10;19;9;
*p13:10;;;;;;;09.13.01;1;5;3;1;911;;3;6;1;5;4;7;3;12;5;10;19;9;
*03SM!~~~51;;;;;;;09.13.05;1;5;3;1;922;;3;6;1;5;4;7;3;12;5;10;19;9;
a03RM!~~~51~~~~22;;;;;;;09.13.05;1;5;3;1;922;;3;6;1;5;4;7;3;12;5;10;19;9;
a05ET+K9B;;;;;;;09.13.05;1;5;3;1;923;;3;6;1;5;4;7;3;12;5;10;19;9;
a09AT+Y9~91~H1;;r;;;;;09.13.11;1;5;3;1;927;;3;6;1;5;4;7;3;12;5;10;19;9;
*04DT/~~~91~S;;;;;;;09.13.11;1;5;3;1;927;;3;6;1;5;4;7;3;12;5;10;19;9;
a12FH+;;;;;;;09.13.17;1;5;3;1;928;;3;6;1;5;4;7;3;12;5;10;19;9;
a05AO#JJ~38~T0X;s;s;;;;;09.13.21;1;5;3;1;932;;3;6;1;5;4;7;3;12;5;10;19;9;
*04DO=~~~38~E;s;;;;;;09.13.21;1;5;3;1;932;;3;6;1;5;4;7;3;12;5;10;19;9;
ap13:11;;;;;;;09.13.25;1;5;3;1;937;;3;6;1;5;4;7;3;12;5;10;19;9;
az2;;;;;;;09.13.25;1;5;2;1;941;;3;6;1;5;4;7;12;5;10;19;9;3;
a12SQ-~~~51;;;;;;;09.13.38;1;5;2;1;955;;3;6;1;5;4;7;12;5;10;19;9;3;
*14RQ#~~~51;;;;;;;09.13.38;1;5;2;1;955;;3;6;1;5;4;7;12;5;10;19;9;3;
*04EQ=K1C;p;;;;;;09.13.47;1;5;2;1;958;;3;6;1;5;4;7;12;5;10;19;9;3;
a$$&H#;p;;;;;;09.13.47;1;5;2;1;958;;3;6;1;5;4;7;12;5;10;19;9;3;
ap13:12;;;;;;;09.13.55;1;5;2;1;962;;3;6;1;5;4;7;12;5;10;19;9;3;
a12SQ-~~~56;;;;;;;09.14.06;1;5;2;1;983;;3;6;1;5;4;7;12;5;10;19;9;3;
*07RQ+~~~56~~~~21;;;;;;;09.14.06;1;5;2;1;983;;3;6;1;5;4;7;12;5;10;19;9;3;
*04EQ+K1C;;;;;;;09.14.06;1;5;2;1;983;;3;6;1;5;4;7;12;5;10;19;9;3;
*05AQ!J4~33~H1C;;r;;;;;09.14.11;1;5;2;1;987;;3;6;1;5;4;7;12;5;10;19;9;3;
a19BQ!~~~~3~T1;;;;;;;09.14.11;1;5;2;1;987;;3;6;1;5;4;7;12;5;10;19;9;3;
*07DQ+~~~3~~C;;;;;;;09.14.11;1;5;2;1;987;;3;6;1;5;4;7;12;5;10;19;9;3;
*01AT!W4~42~H1C2;;s;;;;;09.14.16;1;5;2;1;990;;3;6;1;5;4;7;12;5;10;19;9;3;
a05BT!~~~~2~A1;;;;;;;09.14.16;1;5;2;1;990;;3;6;1;5;4;7;12;5;10;19;9;3;
*14DH+~~~4~~C;;;;;;;09.14.16;1;5;2;1;990;;3;6;1;5;4;7;12;5;10;19;9;3;
*07EH+~~F~4;;;;;;;09.14.16;1;5;2;1;990;;3;6;1;5;4;7;12;5;10;19;9;3;
*01AH#G4~44~H2X4;s;s;;;;;09.14.16;1;5;2;1;993;;3;6;1;5;4;7;12;5;10;19;9;3;
a12DH=~~~44~S;s;;;;;;09.14.16;1;5;2;1;993;;3;6;1;5;4;7;12;5;10;19;9;3;
*p14:12;;;;;;;09.14.25;1;5;2;1;998;;3;6;1;5;4;7;12;5;10;19;9;3;
*z4;;;;;;;09.14.25;1;4;2;1;1001;;6;1;5;4;7;3;12;5;10;19;9;3;
*06SQ-~~~16~~~N;;;;;;;09.14.41;1;4;2;1;1017;;6;1;5;4;7;3;12;5;10;19;9;3;
a03RQ+~~~16~W~~41;;;;;;;09.14.41;1;4;2;1;1017;;6;1;5;4;7;3;12;5;10;19;9;3;
a05ET+K2F;;;;;;;09.14.41;1;4;2;1;1018;;6;1;5;4;7;3;12;5;10;19;9;3;
a10AT!W4~42~T1C;;r;;;;;09.14.47;1;4;2;1;1022;;6;1;5;4;7;3;12;5;10;19;9;3;
*04BT/~~~~2~A1;s;;;;;;09.14.47;1;4;2;1;1022;;6;1;5;4;7;3;12;5;10;19;9;3;
a$$&H#;s;;;;;;09.14.47;1;4;2;1;1022;;6;1;5;4;7;3;12;5;10;19;9;3;
ap14:13;;;;;;;09.15.14;1;4;2;1;1027;;6;1;5;4;7;3;12;5;10;19;9;3;
az1;;;;;;;09.15.14;1;4;1;1;1050;;6;1;5;4;7;3;5;10;19;9;3;12;
a05SM-~~~16;;;;;;;09.15.28;1;4;1;1;1065;;6;1;5;4;7;3;5;10;19;9;3;12;
*07RM#~~~16;;;;;;;09.15.28;1;4;1;1;1065;;6;1;5;4;7;3;5;10;19;9;3;12;
*04EQ+K1C;;;;;;;09.15.28;1;4;1;1;1065;;6;1;5;4;7;3;5;10;19;9;3;12;
*05AQ#J4~37~H1X;s;r;;;;;09.15.33;1;4;1;1;1069;;6;1;5;4;7;3;5;10;19;9;3;12;
a03DQ=~~~37~S;s;;;;;;09.15.33;1;4;1;1;1069;;6;1;5;4;7;3;5;10;19;9;3;12;
*p15:13;;;;;;;09.15.36;1;4;1;1;1074;;6;1;5;4;7;3;5;10;19;9;3;12;
*z3;;;;;;;09.15.36;1;3;1;1;1072;;1;5;4;7;3;6;5;10;19;9;3;12;
*01SQ!~~~51;;;;;;;09.16.00;1;3;1;1;1097;;1;5;4;7;3;6;5;10;19;9;3;12;
a10RQ!~~~51~~~~32;;;;;;;09.16.00;1;3;1;1;1097;;1;5;4;7;3;6;5;10;19;9;3;12;
a05EH+KEB;;;;;;;09.16.00;1;3;1;1;1099;;1;5;4;7;3;6;5;10;19;9;3;12;
a10AH-G2~25~H2C;;r;;;;;09.16.07;1;3;1;1;1102;;1;5;4;7;3;6;5;10;19;9;3;12;
*07BH+~~~~4~A2;;;;;;;09.16.07;1;3;1;1;1102;;1;5;4;7;3;6;5;10;19;9;3;12;
*14DH+~~~25~B;;;;;;;09.16.07;1;3;1;1;1102;;1;5;4;7;3;6;5;10;19;9;3;12;
*07AT#W4~42~H4S1;p;p;;;;;09.16.11;1;3;1;1;1106;;1;5;4;7;3;6;5;10;19;9;3;12;
a19BT=~~~~2~A4S;p;;;;;;09.16.11;1;3;1;1;1106;;1;5;4;7;3;6;5;10;19;9;3;12;
*p16:13;;;;;;;09.16.14;1;3;1;1;1111;;1;5;4;7;3;6;5;10;19;9;3;12;
*01SQ=~~~55~~~O;s;;;;;;09.16.38;1;3;1;1;1135;;1;5;4;7;3;6;5;10;19;9;3;12;
a$$&H#;s;;;;;;09.16.38;1;3;1;1;1135;;1;5;4;7;3;6;5;10;19;9;3;12;
ap16:14;;;;;;;09.16.40;1;3;1;1;1139;;1;5;4;7;3;6;5;10;19;9;3;12;
az6;;;;;;;09.16.40;1;3;6;1;1136;;1;5;4;7;3;6;10;19;9;3;12;5;
a10SQ=~~~15~~~R;s;;;;;;09.16.57;1;3;6;1;1154;;1;5;4;7;3;6;10;19;9;3;12;5;
*$$&H#;s;;;;;;09.16.57;1;3;6;1;1154;;1;5;4;7;3;6;10;19;9;3;12;5;
*p17:14;;;;;;;09.17.00;1;3;6;1;1159;;1;5;4;7;3;6;10;19;9;3;12;5;
*z2;;;;;;;09.17.00;1;2;6;1;1156;;5;4;7;3;6;1;10;19;9;3;12;5;
*05SM=~~~5~~~~N;s;;;;;;09.17.31;1;2;6;1;1188;;5;4;7;3;6;1;10;19;9;3;12;5;
a$$&H#;s;;;;;;09.17.31;1;2;6;1;1188;;5;4;7;3;6;1;10;19;9;3;12;5;
ap17:15;;;;;;;09.17.34;1;2;6;1;1192;;5;4;7;3;6;1;10;19;9;3;12;5;
az5;;;;;;;09.17.34;1;2;5;1;1190;;5;4;7;3;6;1;19;9;3;12;5;10;
ac10:6;;;;;;;09.17.34;1;2;5;1;1190;;5;4;7;3;6;1;19;9;3;12;5;6;
a19SM-~~~55;;;;;;;09.17.49;1;2;5;1;1206;;5;4;7;3;6;1;19;9;3;12;5;6;
*07RM#~~~55;;;;;;;09.17.49;1;2;5;1;1206;;5;4;7;3;6;1;19;9;3;12;5;6;
*04ET+K1F;;;;;;;09.17.49;1;2;5;1;1206;;5;4;7;3;6;1;19;9;3;12;5;6;
*07AT/W4~41~H1;p;r;;;;;09.17.55;1;2;5;1;1210;;5;4;7;3;6;1;19;9;3;12;5;6;
a09BT#~~~~2~A1;p;;;;;;09.17.55;1;2;5;1;1210;;5;4;7;3;6;1;19;9;3;12;5;6;
ap17:16;;;;;;;09.17.58;1;2;5;1;1215;;5;4;7;3;6;1;19;9;3;12;5;6;
a19SM-~~~55;;;;;;;09.18.13;1;2;5;1;1229;;5;4;7;3;6;1;19;9;3;12;5;6;
*07RM#~~~55~O;;;;;;;09.18.13;1;2;5;1;1230;;5;4;7;3;6;1;19;9;3;12;5;6;
*04EQ+K1C;;;;;;;09.18.13;1;2;5;1;1230;;5;4;7;3;6;1;19;9;3;12;5;6;
*03AQ#J4~39~H1X;s;r;;;;;09.18.20;1;2;5;1;1234;;5;4;7;3;6;1;19;9;3;12;5;6;
a05DQ=~~~39~S;s;;;;;;09.18.20;1;2;5;1;1234;;5;4;7;3;6;1;19;9;3;12;5;6;
*p18:16;;;;;;;09.18.21;1;2;5;1;1239;;5;4;7;3;6;1;19;9;3;12;5;6;
*z1;;;;;;;09.18.21;1;1;5;1;1237;;4;7;3;6;1;5;19;9;3;12;5;6;
*04SM+~~~15;;;;;;;09.18.38;1;1;5;1;1255;;4;7;3;6;1;5;19;9;3;12;5;6;
a06RM-~~~15;;;;;;;09.18.38;1;1;5;1;1255;;4;7;3;6;1;5;19;9;3;12;5;6;
a09AH#G2~24~T2X;s;r;;;;;09.18.43;1;1;5;1;1260;;4;7;3;6;1;5;19;9;3;12;5;6;
*14DH=~~~24~E;s;;;;;;09.18.43;1;1;5;1;1260;;4;7;3;6;1;5;19;9;3;12;5;6;
ap18:17;;;;;;;09.18.50;1;1;5;1;1265;;4;7;3;6;1;5;19;9;3;12;5;6;
az4;;;;;;;09.18.50;1;1;4;1;1266;;4;7;3;6;1;5;9;3;12;5;6;19;
ac05:16;;;;;;;09.18.50;1;1;4;1;1266;;4;7;3;6;1;5;9;3;12;16;6;19;
ac09:02;;;;;;;09.18.50;1;1;4;1;1266;;4;7;3;6;1;5;2;3;12;16;6;19;
aP2;;;;;;;09.18.50;1;1;4;1;1266;;4;7;3;6;1;5;2;3;12;16;6;19;
az1;;;;;;;09.18.50;1;1;1;1;1266;;4;7;3;6;1;5;2;3;12;16;6;19;
a02SM!~~~11;;;;;;;09.19.18;1;1;1;1;1295;;4;7;3;6;1;5;2;3;12;16;6;19;
*07RM!~~~11~~~~21;;;;;;;09.19.18;1;1;1;1;1295;;4;7;3;6;1;5;2;3;12;16;6;19;
*04EQ+KBC;;;;;;;09.19.18;1;1;1;1;1295;;4;7;3;6;1;5;2;3;12;16;6;19;
*03AQ#J1~34~T2X;s;r;;;;;09.19.18;1;1;1;1;1299;;4;7;3;6;1;5;2;3;12;16;6;19;
a18DQ=~~~34~E;s;;;;;;09.19.18;1;1;1;1;1299;;4;7;3;6;1;5;2;3;12;16;6;19;
*p19:17;;;;;;;09.19.26;1;1;1;1;1304;;4;7;3;6;1;5;2;3;12;16;6;19;
*z6;;;;;;;09.19.26;1;6;1;1;1302;;7;3;6;1;5;4;2;3;12;16;6;19;
*07SQ!~~~16;;;;;;;09.19.41;1;6;1;1;1318;;7;3;6;1;5;4;2;3;12;16;6;19;
a18RQ!~~~16~~~~22;;;;;;;09.19.41;1;6;1;1;1318;;7;3;6;1;5;4;2;3;12;16;6;19;
a02EH+K9F;;;;;;;09.19.41;1;6;1;1;1318;;7;3;6;1;5;4;2;3;12;16;6;19;
a16AH!G4~42~T2C;;r;;;;;09.19.48;1;6;1;1;1323;;7;3;6;1;5;4;2;3;12;16;6;19;
*06BH!~~~~2~A2;;;;;;;09.19.48;1;6;1;1;1323;;7;3;6;1;5;4;2;3;12;16;6;19;
a03AH-G2~24~H2C2;;s;;;;;09.19.52;1;6;1;1;1327;;7;3;6;1;5;4;2;3;12;16;6;19;
*01BH+~~~~4~A2;;;;;;;09.19.52;1;6;1;1;1327;;7;3;6;1;5;4;2;3;12;16;6;19;
a12DH+~~~22~C;;;;;;;09.19.52;1;6;1;1;1327;;7;3;6;1;5;4;2;3;12;16;6;19;
a18EH+~~B~2;;;;;;;09.19.55;1;6;1;1;1327;;7;3;6;1;5;4;2;3;12;16;6;19;
a03AH#G2~24~H1S4;s;s;;;;;09.19.55;1;6;1;1;1331;;7;3;6;1;5;4;2;3;12;16;6;19;
*01BH=~~~~4~A1S;s;;;;;;09.19.55;1;6;1;1;1331;;7;3;6;1;5;4;2;3;12;16;6;19;
ap19:18;;;;;;;09.19.58;1;6;1;1;1336;;7;3;6;1;5;4;2;3;12;16;6;19;
az6;;;;;;;09.19.58;1;6;6;1;1334;;7;3;6;1;5;4;3;12;16;6;19;2;
ac06:10;;;;;;;09.19.58;1;6;6;1;1334;;7;3;6;1;5;4;3;12;16;10;19;2;
a03SM!~~~11;;;;;;;09.20.16;1;6;6;1;1353;;7;3;6;1;5;4;3;12;16;10;19;2;
*07RM!~~~11~~~~31;;;;;;;09.20.16;1;6;6;1;1353;;7;3;6;1;5;4;3;12;16;10;19;2;
*04ET+KCF~~~1;;;;;;;09.20.16;1;6;6;1;1353;;7;3;6;1;5;4;3;12;16;10;19;2;
*01AT=W4~41~H1S;p;r;;;;;09.20.21;1;6;6;1;1357;;7;3;6;1;5;4;3;12;16;10;19;2;
a$$&H#;p;;;;;;09.20.21;1;6;6;1;1357;;7;3;6;1;5;4;3;12;16;10;19;2;
ap19:19;;;;;;;09.20.24;1;6;6;1;1362;;7;3;6;1;5;4;3;12;16;10;19;2;
a03SM!~~~11;;;;;;;09.20.42;1;6;6;1;1379;;7;3;6;1;5;4;3;12;16;10;19;2;
*07RM!~~~11~~~~41;;;;;;;09.20.42;1;6;6;1;1379;;7;3;6;1;5;4;3;12;16;10;19;2;
*04ET+KFB;;;;;;;09.20.42;1;6;6;1;1379;;7;3;6;1;5;4;3;12;16;10;19;2;
*06AT#W2~24~H2S;s;r;;;;;09.20.52;1;6;6;1;1384;;7;3;6;1;5;4;3;12;16;10;19;2;
a10BT=~~~~4~A2S;s;;;;;;09.20.52;1;6;6;1;1384;;7;3;6;1;5;4;3;12;16;10;19;2;
*p20:19;;;;;;;09.20.56;1;6;6;1;1389;;7;3;6;1;5;4;3;12;16;10;19;2;
*z5;;;;;;;09.20.56;1;5;6;1;1392;;3;6;1;5;4;7;3;12;16;10;19;2;
*03SM-~~~51;;;;;;;09.21.06;1;5;6;1;1403;;3;6;1;5;4;7;3;12;16;10;19;2;
a03RM#~~~51;;;;;;;09.21.06;1;5;6;1;1403;;3;6;1;5;4;7;3;12;16;10;19;2;
a02ET+K1B;;;;;;;09.21.06;1;5;6;1;1403;;3;6;1;5;4;7;3;12;16;10;19;2;
a16AT#W2~24~H2S;s;r;;;;;09.21.12;1;5;6;1;1408;;3;6;1;5;4;7;3;12;16;10;19;2;
*01BT=~~~~4~A2S;s;;;;;;09.21.12;1;5;6;1;1408;;3;6;1;5;4;7;3;12;16;10;19;2;
ap20:20;;;;;;;09.21.15;1;5;6;1;1413;;3;6;1;5;4;7;3;12;16;10;19;2;
az5;;;;;;;09.21.15;1;5;5;1;1411;;3;6;1;5;4;7;12;16;10;19;2;3;
a12SQ+~~~56;;;;;;;09.21.33;1;5;5;1;1429;;3;6;1;5;4;7;12;16;10;19;2;3;
*01RQ-~~~56;;;;;;;09.21.33;1;5;5;1;1430;;3;6;1;5;4;7;12;16;10;19;2;3;
*06EH+~~F~4;;;;;;;09.21.33;1;5;5;1;1433;;3;6;1;5;4;7;12;16;10;19;2;3;
*01AH-G4~44~P0N;;r;;;;;09.21.39;1;5;5;1;1435;;3;6;1;5;4;7;12;16;10;19;2;3;
a10DH+~~~44~S;;;;;;;09.21.39;1;5;5;1;1435;;3;6;1;5;4;7;12;16;10;19;2;3;
a16AT#W2~21~H2X1;p;p;;;;;09.21.46;1;5;5;1;1438;;3;6;1;5;4;7;12;16;10;19;2;3;
*07DT=~~~21~S;p;;;;;;09.21.46;1;5;5;1;1438;;3;6;1;5;4;7;12;16;10;19;2;3;
ap20:21;;;;;;;09.21.51;1;5;5;1;1443;;3;6;1;5;4;7;12;16;10;19;2;3;
*T;;;;;;;09.21.51;1;5;5;1;1447;;3;6;1;5;4;7;12;16;10;19;2;3;
a12SQ=~~~5~~~~N;s;;;;;;09.23.16;1;5;5;1;1532;;3;6;1;5;4;7;12;16;10;19;2;3;
*$$&H#;s;;;;;;09.23.16;1;5;5;1;1532;;3;6;1;5;4;7;12;16;10;19;2;3;
*p21:21;;;;;;;09.23.19;1;5;5;1;1537;;3;6;1;5;4;7;12;16;10;19;2;3;
*z4;;;;;;;09.23.19;1;4;5;1;1535;;6;1;5;4;7;3;12;16;10;19;2;3;
*06SQ!~~~15;;;;;;;09.23.39;1;4;5;1;1555;;6;1;5;4;7;3;12;16;10;19;2;3;
a10RQ!~~~15~~~~42;;;;;;;09.23.39;1;4;5;1;1555;;6;1;5;4;7;3;12;16;10;19;2;3;
a02ET+K8B;;;;;;;09.23.39;1;4;5;1;1556;;6;1;5;4;7;3;12;16;10;19;2;3;
a16AT-W2~21~H2;;r;;;;;09.23.45;1;4;5;1;1561;;6;1;5;4;7;3;12;16;10;19;2;3;
*07DT+~~~21~S;;;;;;;09.23.45;1;4;5;1;1561;;6;1;5;4;7;3;12;16;10;19;2;3;
*06AT-Y9~91~H2~2;;p;;;;;09.23.49;1;4;5;1;1564;;6;1;5;4;7;3;12;16;10;19;2;3;
a02DT+~~~91~S;;;;;;;09.23.49;1;4;5;1;1564;;6;1;5;4;7;3;12;16;10;19;2;3;
a19EH+~~B~2;;;;;;;09.23.49;1;4;5;1;1564;;6;1;5;4;7;3;12;16;10;19;2;3;
a16AH+G2~23~T1~4;;s;;;;;09.23.49;1;4;5;1;1567;;6;1;5;4;7;3;12;16;10;19;2;3;
*05DH-~~~23~E;;;;;;;09.23.49;1;4;5;1;1567;;6;1;5;4;7;3;12;16;10;19;2;3;
*01FH=;s;;;;;;09.24.01;1;4;5;1;1570;;6;1;5;4;7;3;12;16;10;19;2;3;
a$$&H#;s;;;;;;09.24.01;1;4;5;1;1570;;6;1;5;4;7;3;12;16;10;19;2;3;
ap21:22;;;;;;;09.24.04;1;4;5;1;1575;;6;1;5;4;7;3;12;16;10;19;2;3;
az4;;;;;;;09.24.04;1;4;4;1;1580;;6;1;5;4;7;3;16;10;19;2;3;12;
ac02:09;;;;;;;09.24.04;1;4;4;1;1580;;6;1;5;4;7;3;16;10;19;9;3;12;
ac16:05;;;;;;;09.24.04;1;4;4;1;1580;;6;1;5;4;7;3;5;10;19;9;3;12;
aP5;;;;;;;09.24.04;1;4;4;1;1580;;6;1;5;4;7;3;5;10;19;9;3;12;
az1;;;;;;;09.24.04;1;4;1;1;1580;;6;1;5;4;7;3;5;10;19;9;3;12;
a05SM-~~~16;;;;;;;09.24.27;1;4;1;1;1604;;6;1;5;4;7;3;5;10;19;9;3;12;
*07RM#~~~16;;;;;;;09.24.27;1;4;1;1;1605;;6;1;5;4;7;3;5;10;19;9;3;12;
*04ET+K1B;;;;;;;09.24.27;1;4;1;1;1605;;6;1;5;4;7;3;5;10;19;9;3;12;
*06AT-Y9~99~H1;;r;;;;;09.24.35;1;4;1;1;1609;;6;1;5;4;7;3;5;10;19;9;3;12;
a05DT+~~~99~S;;;;;;;09.24.35;1;4;1;1;1609;;6;1;5;4;7;3;5;10;19;9;3;12;
a19EH+~~B~2;;;;;;;09.24.42;1;4;1;1;1609;;6;1;5;4;7;3;5;10;19;9;3;12;
a09AH/G2~24~H2~4;s;p;;;;;09.24.48;1;4;1;1;1612;;6;1;5;4;7;3;5;10;19;9;3;12;
*05BH#~~~~4~A2;s;;;;;;09.24.48;1;4;1;1;1612;;6;1;5;4;7;3;5;10;19;9;3;12;
*p22:22;;;;;;;09.24.52;1;4;1;1;1617;;6;1;5;4;7;3;5;10;19;9;3;12;
*z3;;;;;;;09.24.52;1;3;1;1;1628;;1;5;4;7;3;6;5;10;19;9;3;12;
*01SQ=~~~5~~~~N;s;;;;;;09.25.05;1;3;1;1;1642;;1;5;4;7;3;6;5;10;19;9;3;12;
a$$&H#;s;;;;;;09.25.05;1;3;1;1;1642;;1;5;4;7;3;6;5;10;19;9;3;12;
ap22:23;;;;;;;09.25.08;1;3;1;1;1646;;1;5;4;7;3;6;5;10;19;9;3;12;
az6;;;;;;;09.25.08;1;3;6;1;1644;;1;5;4;7;3;6;10;19;9;3;12;5;
a10SM-~~~15;;;;;;;09.25.24;1;3;6;1;1660;;1;5;4;7;3;6;10;19;9;3;12;5;
*07RM+~~~15~O~~32;;;;;;;09.25.24;1;3;6;1;1661;;1;5;4;7;3;6;10;19;9;3;12;5;
*04ET+K1F;;;;;;;09.25.24;1;3;6;1;1661;;1;5;4;7;3;6;10;19;9;3;12;5;
*07AT#W4~47AH1X;s;r;;;;;09.25.29;1;3;6;1;1665;;1;5;4;7;3;6;10;19;9;3;12;5;
a18DT=~~~47AS;s;;;;;;09.25.29;1;3;6;1;1665;;1;5;4;7;3;6;10;19;9;3;12;5;
*p23:23;;;;;;;09.25.32;1;3;6;1;1670;;1;5;4;7;3;6;10;19;9;3;12;5;
*z2;;;;;;;09.25.32;1;2;6;1;1668;;5;4;7;3;6;1;10;19;9;3;12;5;
*c05:15;;;;;;;09.25.32;1;2;6;1;1668;;15;4;7;3;6;1;10;19;9;3;12;5;
*15SM/~~~55;;;;;;;09.25.58;1;2;6;1;1694;;15;4;7;3;6;1;10;19;9;3;12;5;
a03RM/~~~55;;;;;;;09.25.58;1;2;6;1;1695;;15;4;7;3;6;1;10;19;9;3;12;5;
*03AO#V3~31~H0X;p;p;;;;;09.26.02;1;2;6;1;1698;;15;4;7;3;6;1;10;19;9;3;12;5;
a10DO=~~~31~S;p;;;;;;09.26.02;1;2;6;1;1698;;15;4;7;3;6;1;10;19;9;3;12;5;
*p24:23;;;;;;;09.26.04;1;2;6;1;1703;;15;4;7;3;6;1;10;19;9;3;12;5;
*T;;;;;;;09.26.04;1;2;6;1;1700;;15;4;7;3;6;1;10;19;9;3;12;5;
*15SM-~~~55;;;;;;;09.27.19;1;2;6;1;1776;;15;4;7;3;6;1;10;19;9;3;12;5;
a03RM+~~~55~O~~32;;;;;;;09.27.19;1;2;6;1;1776;;15;4;7;3;6;1;10;19;9;3;12;5;
a05ET+KCF;;;;;;;09.27.19;1;2;6;1;1777;;15;4;7;3;6;1;10;19;9;3;12;5;
a03AT/W4~42~H2;p;r;;;;;09.27.24;1;2;6;1;1780;;15;4;7;3;6;1;10;19;9;3;12;5;
*04BT#~~~~2~A2;p;;;;;;09.27.24;1;2;6;1;1780;;15;4;7;3;6;1;10;19;9;3;12;5;
*p25:23;;;;;;;09.27.31;1;2;6;1;1785;;15;4;7;3;6;1;10;19;9;3;12;5;
**1set;;;;;;;09.27.31;2;2;6;1;1784;;;;;;;;;;;;;;
*P04>LUp;;;;;;;09.27.31;2;2;6;1;1787;;7;3;6;1;5;4;9;3;12;5;10;19;
*z6>LUp;;;;;;;09.27.31;2;6;6;1;1787;;7;3;6;1;5;4;9;3;12;5;10;19;
aP05>LUp;;;;;;;09.27.31;2;6;6;1;1787;;7;3;6;1;5;4;9;3;12;5;10;19;
az4>LUp;;;;;;;09.27.31;2;6;4;1;1787;;7;3;6;1;5;4;9;3;12;5;10;19;
a09SQ-~~~16~~~N;;;;;;;09.32.49;2;6;4;1;2106;;7;3;6;1;5;4;9;3;12;5;10;19;
*14RQ+~~~16~~~~31;;;;;;;09.32.49;2;6;4;1;2106;;7;3;6;1;5;4;9;3;12;5;10;19;
*04EQ+K1C;;;;;;;09.32.49;2;6;4;1;2106;;7;3;6;1;5;4;9;3;12;5;10;19;
*03AQ#J4~37~H1X;s;r;;;;;09.32.54;2;6;4;1;2110;;7;3;6;1;5;4;9;3;12;5;10;19;
a18DQ=~~~37~S;s;;;;;;09.32.54;2;6;4;1;2110;;7;3;6;1;5;4;9;3;12;5;10;19;
*p01:00;;;;;;;09.32.58;2;6;4;1;2115;;7;3;6;1;5;4;9;3;12;5;10;19;
*z5;;;;;;;09.32.58;2;5;4;1;2114;;3;6;1;5;4;7;9;3;12;5;10;19;
*03SM-~~~58C~~N;;;;;;;09.33.10;2;5;4;1;2127;;3;6;1;5;4;7;9;3;12;5;10;19;
a03RM#~~~58CW;;;;;;;09.33.10;2;5;4;1;2127;;3;6;1;5;4;7;9;3;12;5;10;19;
a05ET+K1B;;;;;;;09.33.10;2;5;4;1;2127;;3;6;1;5;4;7;9;3;12;5;10;19;
a09AT#Y9~91~H1X;s;r;;;;;09.33.16;2;5;4;1;2132;;3;6;1;5;4;7;9;3;12;5;10;19;
*04DT=~~~91~S;s;;;;;;09.33.16;2;5;4;1;2132;;3;6;1;5;4;7;9;3;12;5;10;19;
ap01:01;;;;;;;09.33.17;2;5;4;1;2137;;3;6;1;5;4;7;9;3;12;5;10;19;
az3;;;;;;;09.33.39;2;5;3;1;2136;;3;6;1;5;4;7;3;12;5;10;19;9;
a03SM!~~~18;;;;;;;09.33.40;2;5;3;1;2148;;3;6;1;5;4;7;3;12;5;10;19;9;
*07RM!~~~18~~~~22;;;;;;;09.33.40;2;5;3;1;2148;;3;6;1;5;4;7;3;12;5;10;19;9;
*04ET+KBB;;;;;;;09.33.40;2;5;3;1;2149;;3;6;1;5;4;7;3;12;5;10;19;9;
*06AT#W2~25~H2S;s;r;;;;;09.33.46;2;5;3;1;2152;;3;6;1;5;4;7;3;12;5;10;19;9;
a10BT=~~~~4~A2S;s;;;;;;09.33.46;2;5;3;1;2152;;3;6;1;5;4;7;3;12;5;10;19;9;
*p02:01;;;;;;;09.33.48;2;5;3;1;2157;;3;6;1;5;4;7;3;12;5;10;19;9;
*z4;;;;;;;09.33.48;2;4;3;1;2164;;6;1;5;4;7;3;3;12;5;10;19;9;
*06SQ-~~~11;;;;;;;09.33.56;2;4;3;1;2172;;6;1;5;4;7;3;3;12;5;10;19;9;
a03RQ#~~~11;;;;;;;09.33.56;2;4;3;1;2172;;6;1;5;4;7;3;3;12;5;10;19;9;
a05EQ+K1C;;;;;;;09.33.56;2;4;3;1;2172;;6;1;5;4;7;3;3;12;5;10;19;9;
a12AQ-J4~38~T1;;r;;;;;09.34.01;2;4;3;1;2176;;6;1;5;4;7;3;3;12;5;10;19;9;
*06DQ+~~~38~E;;;;;;;09.34.01;2;4;3;1;2176;;6;1;5;4;7;3;3;12;5;10;19;9;
*01AT#W4~41~H2O2;p;p;;;;;09.34.05;2;4;3;1;2180;;6;1;5;4;7;3;3;12;5;10;19;9;
a05BT=~~~~2~A2O;p;;;;;;09.34.05;2;4;3;1;2180;;6;1;5;4;7;3;3;12;5;10;19;9;
*p03:01;;;;;;;09.34.09;2;4;3;1;2185;;6;1;5;4;7;3;3;12;5;10;19;9;
*06SQ=~~~16~~~O;s;;;;;;09.34.28;2;4;3;1;2205;;6;1;5;4;7;3;3;12;5;10;19;9;
a$$&H#;s;;;;;;09.34.28;2;4;3;1;2205;;6;1;5;4;7;3;3;12;5;10;19;9;
ap03:02;;;;;;;09.34.32;2;4;3;1;2209;;6;1;5;4;7;3;3;12;5;10;19;9;
az2;;;;;;;09.34.32;2;4;2;1;2208;;6;1;5;4;7;3;12;5;10;19;9;3;
a12SQ-~~~56;;;;;;;09.34.48;2;4;2;1;2224;;6;1;5;4;7;3;12;5;10;19;9;3;
*07RQ#~~~56;;;;;;;09.34.48;2;4;2;1;2224;;6;1;5;4;7;3;12;5;10;19;9;3;
*04ET+K1F;;;;;;;09.34.48;2;4;2;1;2225;;6;1;5;4;7;3;12;5;10;19;9;3;
*01AT#W4~47DH1X;s;r;;;;;09.34.54;2;4;2;1;2229;;6;1;5;4;7;3;12;5;10;19;9;3;
a12DT=~~~47DS;s;;;;;;09.34.54;2;4;2;1;2229;;6;1;5;4;7;3;12;5;10;19;9;3;
*p04:02;;;;;;;09.34.58;2;4;2;1;2234;;6;1;5;4;7;3;12;5;10;19;9;3;
*z3;;;;;;;09.34.58;2;3;2;1;2234;;1;5;4;7;3;6;12;5;10;19;9;3;
*01SQ!~~~56;;;;;;;09.35.19;2;3;2;1;2256;;1;5;4;7;3;6;12;5;10;19;9;3;
a03RQ!~~~56~~~~32;;;;;;;09.35.19;2;3;2;1;2256;;1;5;4;7;3;6;12;5;10;19;9;3;
a05ET+K8F;;;;;;;09.35.19;2;3;2;1;2256;;1;5;4;7;3;6;12;5;10;19;9;3;
a10AT+W4~42~T2C;;r;;;;;09.35.26;2;3;2;1;2260;;1;5;4;7;3;6;12;5;10;19;9;3;
*04DT-~~~42~E;;;;;;;09.35.26;2;3;2;1;2260;;1;5;4;7;3;6;12;5;10;19;9;3;
*06EH+~~F~4;;;;;;;09.35.30;2;3;2;1;2260;;1;5;4;7;3;6;12;5;10;19;9;3;
*07AH#G4~45~H2X4;p;p;;;;;09.35.30;2;3;2;1;2265;;1;5;4;7;3;6;12;5;10;19;9;3;
a03DH=~~~45~S;p;;;;;;09.35.30;2;3;2;1;2265;;1;5;4;7;3;6;12;5;10;19;9;3;
*p05:02;;;;;;;09.35.33;2;3;2;1;2270;;1;5;4;7;3;6;12;5;10;19;9;3;
*01SQ!~~~55B~~N;;;;;;;09.35.55;2;3;2;1;2291;;1;5;4;7;3;6;12;5;10;19;9;3;
a10RQ!~~~55BW~~41;;;;;;;09.35.55;2;3;2;1;2292;;1;5;4;7;3;6;12;5;10;19;9;3;
a05ET+KFF;;;;;;;09.35.55;2;3;2;1;2292;;1;5;4;7;3;6;12;5;10;19;9;3;
a10AT=W4~48~T1Z;p;r;;;;;09.36.01;2;3;2;1;2296;;1;5;4;7;3;6;12;5;10;19;9;3;
*$$&H#;p;;;;;;09.36.01;2;3;2;1;2296;;1;5;4;7;3;6;12;5;10;19;9;3;
*p06:02;;;;;;;09.36.08;2;3;2;1;2301;;1;5;4;7;3;6;12;5;10;19;9;3;
*01SQ!~~~55;;;;;;;09.36.25;2;3;2;1;2322;;1;5;4;7;3;6;12;5;10;19;9;3;
a10RQ!~~~55~~~~32;;;;;;;09.36.25;2;3;2;1;2322;;1;5;4;7;3;6;12;5;10;19;9;3;
a05ET+K8B;;;;;;;09.36.25;2;3;2;1;2322;;1;5;4;7;3;6;12;5;10;19;9;3;
a09AT#Y9~94~H2X;s;r;;;;;09.36.33;2;3;2;1;2327;;1;5;4;7;3;6;12;5;10;19;9;3;
*07BT=~~~~4~A2S;s;;;;;;09.36.33;2;3;2;1;2327;;1;5;4;7;3;6;12;5;10;19;9;3;
ap06:03;;;;;;;09.36.39;2;3;2;1;2332;;1;5;4;7;3;6;12;5;10;19;9;3;
az1;;;;;;;09.36.39;2;3;1;1;2335;;1;5;4;7;3;6;5;10;19;9;3;12;
a05SM-~~~11;;;;;;;09.36.48;2;3;1;1;2346;;1;5;4;7;3;6;5;10;19;9;3;12;
*01RM#~~~11~O;;;;;;;09.36.48;2;3;1;1;2346;;1;5;4;7;3;6;5;10;19;9;3;12;
*04EQ+K1C;;;;;;;09.36.48;2;3;1;1;2346;;1;5;4;7;3;6;5;10;19;9;3;12;
*05AQ-J4~38~T2;;r;;;;;09.36.54;2;3;1;1;2349;;1;5;4;7;3;6;5;10;19;9;3;12;
a09DQ+~~~38~E;;;;;;;09.36.54;2;3;1;1;2349;;1;5;4;7;3;6;5;10;19;9;3;12;
a18EH+~~F~4;;;;;;;09.37.00;2;3;1;1;2349;;1;5;4;7;3;6;5;10;19;9;3;12;
a10AH#G4~42~T2X4;p;p;;;;;09.37.00;2;3;1;1;2352;;1;5;4;7;3;6;5;10;19;9;3;12;
*06DH=~~~42~E;p;;;;;;09.37.00;2;3;1;1;2352;;1;5;4;7;3;6;5;10;19;9;3;12;
ap06:04;;;;;;;09.37.05;2;3;1;1;2357;;1;5;4;7;3;6;5;10;19;9;3;12;
a05SM/~~~16;;;;;;;09.37.12;2;3;1;1;2369;;1;5;4;7;3;6;5;10;19;9;3;12;
*14RM/~~~16~O;;;;;;;09.37.12;2;3;1;1;2370;;1;5;4;7;3;6;5;10;19;9;3;12;
a10AO/V3~33~H1;s;p;;;;;09.37.18;2;3;1;1;2372;;1;5;4;7;3;6;5;10;19;9;3;12;
*04BO#~~~~3~~1;s;;;;;;09.37.18;2;3;1;1;2372;;1;5;4;7;3;6;5;10;19;9;3;12;
*p07:04;;;;;;;09.37.25;2;3;1;1;2377;;1;5;4;7;3;6;5;10;19;9;3;12;
*z2;;;;;;;09.37.25;2;2;1;1;2381;;5;4;7;3;6;1;5;10;19;9;3;12;
*05SM-~~~55;;;;;;;09.37.42;2;2;1;1;2398;;5;4;7;3;6;1;5;10;19;9;3;12;
a03RM#~~~55;;;;;;;09.37.42;2;2;1;1;2398;;5;4;7;3;6;1;5;10;19;9;3;12;
a05EQ+K1C;;;;;;;09.37.42;2;2;1;1;2399;;5;4;7;3;6;1;5;10;19;9;3;12;
a19AQ=J4~35~H1O;p;r;;;;;09.37.47;2;2;1;1;2402;;5;4;7;3;6;1;5;10;19;9;3;12;
*$$&H#;p;;;;;;09.37.47;2;2;1;1;2402;;5;4;7;3;6;1;5;10;19;9;3;12;
*p08:04;;;;;;;09.37.49;2;2;1;1;2407;;5;4;7;3;6;1;5;10;19;9;3;12;
*05SM=~~~5~~~~N;s;;;;;;09.38.15;2;2;1;1;2432;;5;4;7;3;6;1;5;10;19;9;3;12;
a$$&H#;s;;;;;;09.38.15;2;2;1;1;2432;;5;4;7;3;6;1;5;10;19;9;3;12;
ap08:05;;;;;;;09.38.17;2;2;1;1;2435;;5;4;7;3;6;1;5;10;19;9;3;12;
az6;;;;;;;09.38.17;2;2;6;1;2433;;5;4;7;3;6;1;10;19;9;3;12;5;
a10SQ!~~~11;;;;;;;09.38.37;2;2;6;1;2454;;5;4;7;3;6;1;10;19;9;3;12;5;
*14RQ!~~~11~~~~32;;;;;;;09.38.37;2;2;6;1;2454;;5;4;7;3;6;1;10;19;9;3;12;5;
*04ET+K8F;;;;;;;09.38.37;2;2;6;1;2454;;5;4;7;3;6;1;10;19;9;3;12;5;
*07AT-W4~45~H4C;;r;;;;;09.38.43;2;2;6;1;2459;;5;4;7;3;6;1;10;19;9;3;12;5;
a19BT+~~~~2~A4;;;;;;;09.38.43;2;2;6;1;2459;;5;4;7;3;6;1;10;19;9;3;12;5;
a10DH+~~~45~B;;;;;;;09.38.52;2;2;6;1;2459;;5;4;7;3;6;1;10;19;9;3;12;5;
a03AT#W4~42~H2S2;p;p;;;;;09.38.55;2;2;6;1;2462;;5;4;7;3;6;1;10;19;9;3;12;5;
*04BT=~~~~2~A2S;p;;;;;;09.38.55;2;2;6;1;2462;;5;4;7;3;6;1;10;19;9;3;12;5;
ap08:06;;;;;;;09.38.57;2;2;6;1;2467;;5;4;7;3;6;1;10;19;9;3;12;5;
a10SQ#~~~16;p;;;;;;09.39.06;2;2;6;1;2482;;5;4;7;3;6;1;10;19;9;3;12;5;
*01RQ=~~~16~M;p;;;;;;09.39.06;2;2;6;1;2483;;5;4;7;3;6;1;10;19;9;3;12;5;
ap08:07;;;;;;;09.39.09;2;2;6;1;2488;;5;4;7;3;6;1;10;19;9;3;12;5;
a10SQ!~~~15~~~N;;;;;;;09.39.31;2;2;6;1;2507;;5;4;7;3;6;1;10;19;9;3;12;5;
*07RQ!~~~15~W~~32;;;;;;;09.39.31;2;2;6;1;2507;;5;4;7;3;6;1;10;19;9;3;12;5;
*04ET+K8P;;;;;;;09.39.31;2;2;6;1;2508;;5;4;7;3;6;1;10;19;9;3;12;5;
*01AT+Y8~85~H1;;r;;;;;09.39.36;2;2;6;1;2512;;5;4;7;3;6;1;10;19;9;3;12;5;
a18DT-~~~85~S;;;;;;;09.39.36;2;2;6;1;2512;;5;4;7;3;6;1;10;19;9;3;12;5;
a03AH+G4~48~H2C3;;p;;;;;09.39.57;2;2;6;1;2515;;5;4;7;3;6;1;10;19;9;3;12;5;
*04BH-~~~~2~A2;;;;;;;09.39.57;2;2;6;1;2515;;5;4;7;3;6;1;10;19;9;3;12;5;
*07DH/~~~42~E;;;;;;;09.39.57;2;2;6;1;2515;;5;4;7;3;6;1;10;19;9;3;12;5;
a10FH!;;;;;;;09.39.53;2;2;6;1;2516;;5;4;7;3;6;1;10;19;9;3;12;5;
a09AT#W2~24~H2S2;p;p;;;;;09.39.53;2;2;6;1;2519;;5;4;7;3;6;1;10;19;9;3;12;5;
*07BT=~~~~4~A2S;p;;;;;;09.39.53;2;2;6;1;2519;;5;4;7;3;6;1;10;19;9;3;12;5;
ap08:08;;;;;;;09.40.02;2;2;6;1;2524;;5;4;7;3;6;1;10;19;9;3;12;5;
a10SQ-~~~61;;;;;;;09.40.29;2;2;6;1;2565;;5;4;7;3;6;1;10;19;9;3;12;5;
*14RQ+~~~61~~~~32;;;;;;;09.40.29;2;2;6;1;2566;;5;4;7;3;6;1;10;19;9;3;12;5;
*04ET+K1B;;;;;;;09.40.29;2;2;6;1;2566;;5;4;7;3;6;1;10;19;9;3;12;5;
*06AT/Y9~96~H4;p;r;;;;;09.40.35;2;2;6;1;2570;;5;4;7;3;6;1;10;19;9;3;12;5;
a03BT#~~~~4~A4;p;;;;;;09.40.35;2;2;6;1;2570;;5;4;7;3;6;1;10;19;9;3;12;5;
ap08:09;;;;;;;09.40.40;2;2;6;1;2575;;5;4;7;3;6;1;10;19;9;3;12;5;
a10SQ#~~~19C~~N;p;;;;;;09.40.57;2;2;6;1;2593;;5;4;7;3;6;1;10;19;9;3;12;5;
*14RQ=~~~19CW;p;;;;;;09.40.57;2;2;6;1;2593;;5;4;7;3;6;1;10;19;9;3;12;5;
ap08:10;;;;;;;09.41.01;2;2;6;1;2598;;5;4;7;3;6;1;10;19;9;3;12;5;
*T;;;;;;;09.41.01;2;2;6;1;2597;;5;4;7;3;6;1;10;19;9;3;12;5;
a10SQ+~~~15;;;;;;;09.42.33;2;2;6;1;2689;;5;4;7;3;6;1;10;19;9;3;12;5;
*07RQ-~~~15;;;;;;;09.42.33;2;2;6;1;2689;;5;4;7;3;6;1;10;19;9;3;12;5;
*07AH+G4~45~H2C;;r;;;;;09.42.37;2;2;6;1;2695;;5;4;7;3;6;1;10;19;9;3;12;5;
a19BH-~~~~2~A2;;;;;;;09.42.37;2;2;6;1;2695;;5;4;7;3;6;1;10;19;9;3;12;5;
a18DH+~~~45~B;;;;;;;09.42.50;2;2;6;1;2695;;5;4;7;3;6;1;10;19;9;3;12;5;
a03AT=W4~4~~T1N3;s;p;;;;;09.42.53;2;2;6;1;2698;;5;4;7;3;6;1;10;19;9;3;12;5;
*$$&H#;s;;;;;;09.42.53;2;2;6;1;2698;;5;4;7;3;6;1;10;19;9;3;12;5;
*p09:10;;;;;;;09.42.54;2;2;6;1;2703;;5;4;7;3;6;1;10;19;9;3;12;5;
*z1;;;;;;;09.42.54;2;1;6;1;2710;;4;7;3;6;1;5;10;19;9;3;12;5;
*04SM-~~~15;;;;;;;09.43.03;2;1;6;1;2719;;4;7;3;6;1;5;10;19;9;3;12;5;
a03RM#~~~15;;;;;;;09.43.03;2;1;6;1;2720;;4;7;3;6;1;5;10;19;9;3;12;5;
a05ET+K1B;;;;;;;09.43.03;2;1;6;1;2720;;4;7;3;6;1;5;10;19;9;3;12;5;
a09AT#W2~26CH1X;s;r;;;;;09.43.09;2;1;6;1;2724;;4;7;3;6;1;5;10;19;9;3;12;5;
*01DT=~~~26CS;s;;;;;;09.43.09;2;1;6;1;2724;;4;7;3;6;1;5;10;19;9;3;12;5;
ap09:11;;;;;;;09.43.11;2;1;6;1;2729;;4;7;3;6;1;5;10;19;9;3;12;5;
az5;;;;;;;09.43.11;2;1;5;1;2727;;4;7;3;6;1;5;19;9;3;12;5;10;
a19SM+~~~51;;;;;;;09.43.24;2;1;5;1;2741;;4;7;3;6;1;5;19;9;3;12;5;10;
*14RM-~~~51;;;;;;;09.43.24;2;1;5;1;2741;;4;7;3;6;1;5;19;9;3;12;5;10;
*07AH#G2~22~H2S;s;r;;;;;09.43.30;2;1;5;1;2747;;4;7;3;6;1;5;19;9;3;12;5;10;
a03BH=~~~~4~A2S;s;;;;;;09.43.30;2;1;5;1;2747;;4;7;3;6;1;5;19;9;3;12;5;10;
*p10:11;;;;;;;09.43.38;2;1;5;1;2752;;4;7;3;6;1;5;19;9;3;12;5;10;
*z6;;;;;;;09.43.38;2;6;5;1;2754;;7;3;6;1;5;4;19;9;3;12;5;10;
*07SQ/~~~66;;;;;;;09.43.54;2;6;5;1;2770;;7;3;6;1;5;4;19;9;3;12;5;10;
a10RQ/~~~66;;;;;;;09.43.54;2;6;5;1;2770;;7;3;6;1;5;4;19;9;3;12;5;10;
*06AO#V2~28~H0X;p;p;;;;;09.44.00;2;6;5;1;2774;;7;3;6;1;5;4;19;9;3;12;5;10;
a03DO=~~~28~S;p;;;;;;09.44.00;2;6;5;1;2774;;7;3;6;1;5;4;19;9;3;12;5;10;
*p11:11;;;;;;;09.44.05;2;6;5;1;2779;;7;3;6;1;5;4;19;9;3;12;5;10;
*07SQ-~~~66;;;;;;;09.44.18;2;6;5;1;2794;;7;3;6;1;5;4;19;9;3;12;5;10;
a10RQ#~~~66;;;;;;;09.44.18;2;6;5;1;2794;;7;3;6;1;5;4;19;9;3;12;5;10;
a05EQ+K1C;;;;;;;09.44.18;2;6;5;1;2794;;7;3;6;1;5;4;19;9;3;12;5;10;
a12AQ#J1~35~H1X;s;r;;;;;09.44.24;2;6;5;1;2799;;7;3;6;1;5;4;19;9;3;12;5;10;
*14DQ=~~~35~S;s;;;;;;09.44.24;2;6;5;1;2799;;7;3;6;1;5;4;19;9;3;12;5;10;
ap11:12;;;;;;;09.44.25;2;6;5;1;2804;;7;3;6;1;5;4;19;9;3;12;5;10;
az4;;;;;;;09.44.25;2;6;4;1;2801;;7;3;6;1;5;4;9;3;12;5;10;19;
a09SQ=~~~11D~~O;s;;;;;;09.44.41;2;6;4;1;2817;;7;3;6;1;5;4;9;3;12;5;10;19;
*$$&H#;s;;;;;;09.44.41;2;6;4;1;2817;;7;3;6;1;5;4;9;3;12;5;10;19;
*p12:12;;;;;;;09.44.44;2;6;4;1;2822;;7;3;6;1;5;4;9;3;12;5;10;19;
*z5;;;;;;;09.44.44;2;5;4;1;2820;;3;6;1;5;4;7;9;3;12;5;10;19;
*03SM-~~~56;;;;;;;09.44.59;2;5;4;1;2836;;3;6;1;5;4;7;9;3;12;5;10;19;
a18RM#~~~56;;;;;;;09.44.59;2;5;4;1;2836;;3;6;1;5;4;7;9;3;12;5;10;19;
a05ET+K2B;;;;;;;09.44.59;2;5;4;1;2837;;3;6;1;5;4;7;9;3;12;5;10;19;
a09AT#Y9~95~H1S;s;r;;;;;09.45.06;2;5;4;1;2841;;3;6;1;5;4;7;9;3;12;5;10;19;
*01BT=~~~~4~A1S;s;;;;;;09.45.06;2;5;4;1;2841;;3;6;1;5;4;7;9;3;12;5;10;19;
ap12:13;;;;;;;09.45.09;2;5;4;1;2846;;3;6;1;5;4;7;9;3;12;5;10;19;
az3;;;;;;;09.45.09;2;5;3;1;2845;;3;6;1;5;4;7;3;12;5;10;19;9;
a03SM-~~~16;;;;;;;09.45.21;2;5;3;1;2857;;3;6;1;5;4;7;3;12;5;10;19;9;
*07RM#~~~16;;;;;;;09.45.21;2;5;3;1;2857;;3;6;1;5;4;7;3;12;5;10;19;9;
*04ET+K1P;;;;;;;09.45.21;2;5;3;1;2858;;3;6;1;5;4;7;3;12;5;10;19;9;
*07AT=Y8~86~H0O;p;r;;;;;09.45.27;2;5;3;1;2862;;3;6;1;5;4;7;3;12;5;10;19;9;
a$$&H#;p;;;;;;09.45.27;2;5;3;1;2862;;3;6;1;5;4;7;3;12;5;10;19;9;
ap12:14;;;;;;;09.45.29;2;5;3;1;2865;;3;6;1;5;4;7;3;12;5;10;19;9;
a03SM-~~~16;;;;;;;09.45.41;2;5;3;1;2877;;3;6;1;5;4;7;3;12;5;10;19;9;
*07RM#~~~16;;;;;;;09.45.41;2;5;3;1;2877;;3;6;1;5;4;7;3;12;5;10;19;9;
*04ET+K1P;;;;;;;09.45.41;2;5;3;1;2877;;3;6;1;5;4;7;3;12;5;10;19;9;
*07AT=Y8~86~H0O;p;r;;;;;09.45.48;2;5;3;1;2882;;3;6;1;5;4;7;3;12;5;10;19;9;
a$$&H#;p;;;;;;09.45.48;2;5;3;1;2882;;3;6;1;5;4;7;3;12;5;10;19;9;
ap12:15;;;;;;;09.45.50;2;5;3;1;2887;;3;6;1;5;4;7;3;12;5;10;19;9;
a03SM-~~~16;;;;;;;09.46.03;2;5;3;1;2900;;3;6;1;5;4;7;3;12;5;10;19;9;
*07RM+~~~16~O~~31;;;;;;;09.46.03;2;5;3;1;2900;;3;6;1;5;4;7;3;12;5;10;19;9;
*04EQ+K1C;;;;;;;09.46.03;2;5;3;1;2900;;3;6;1;5;4;7;3;12;5;10;19;9;
*05AQ#J4~39~H1X;s;r;;;;;09.46.09;2;5;3;1;2903;;3;6;1;5;4;7;3;12;5;10;19;9;
a09DQ=~~~39~S;s;;;;;;09.46.09;2;5;3;1;2903;;3;6;1;5;4;7;3;12;5;10;19;9;
*p13:15;;;;;;;09.46.17;2;5;3;1;2908;;3;6;1;5;4;7;3;12;5;10;19;9;
*z4;;;;;;;09.46.17;2;4;3;1;2913;;6;1;5;4;7;3;3;12;5;10;19;9;
*06SQ!~~~16;;;;;;;09.46.27;2;4;3;1;2924;;6;1;5;4;7;3;3;12;5;10;19;9;
a03RQ!~~~16~~~~22;;;;;;;09.46.27;2;4;3;1;2924;;6;1;5;4;7;3;3;12;5;10;19;9;
a05ET+KBF;;;;;;;09.46.27;2;4;3;1;2924;;6;1;5;4;7;3;3;12;5;10;19;9;
a10AT#W4~41~H2S;s;r;;;;;09.46.35;2;4;3;1;2929;;6;1;5;4;7;3;3;12;5;10;19;9;
*04BT=~~~~2~A2S;s;;;;;;09.46.35;2;4;3;1;2929;;6;1;5;4;7;3;3;12;5;10;19;9;
ap13:16;;;;;;;09.46.42;2;4;3;1;2934;;6;1;5;4;7;3;3;12;5;10;19;9;
az2;;;;;;;09.46.42;2;4;2;1;2938;;6;1;5;4;7;3;12;5;10;19;9;3;
a12SQ-~~~56;;;;;;;09.46.55;2;4;2;1;2951;;6;1;5;4;7;3;12;5;10;19;9;3;
*07RQ+~~~56~~~~22;;;;;;;09.46.55;2;4;2;1;2951;;6;1;5;4;7;3;12;5;10;19;9;3;
*04ET+K1P;;;;;;;09.46.55;2;4;2;1;2951;;6;1;5;4;7;3;12;5;10;19;9;3;
*07AT#Y8~81~H1X;s;r;;;;;09.47.01;2;4;2;1;2956;;6;1;5;4;7;3;12;5;10;19;9;3;
a09DT=~~~81~S;s;;;;;;09.47.01;2;4;2;1;2956;;6;1;5;4;7;3;12;5;10;19;9;3;
*p14:16;;;;;;;09.47.05;2;4;2;1;2961;;6;1;5;4;7;3;12;5;10;19;9;3;
*z3;;;;;;;09.47.05;2;3;2;1;2961;;1;5;4;7;3;6;12;5;10;19;9;3;
*01SQ=~~~5~~~~N;s;;;;;;09.47.26;2;3;2;1;2982;;1;5;4;7;3;6;12;5;10;19;9;3;
a$$&H#;s;;;;;;09.47.26;2;3;2;1;2982;;1;5;4;7;3;6;12;5;10;19;9;3;
ap14:17;;;;;;;09.47.28;2;3;2;1;2986;;1;5;4;7;3;6;12;5;10;19;9;3;
az1;;;;;;;09.47.28;2;3;1;1;2984;;1;5;4;7;3;6;5;10;19;9;3;12;
a05SM-~~~16;;;;;;;09.47.42;2;3;1;1;2999;;1;5;4;7;3;6;5;10;19;9;3;12;
*14RM#~~~16~O;;;;;;;09.47.42;2;3;1;1;2999;;1;5;4;7;3;6;5;10;19;9;3;12;
*04ET+K3F;;;;;;;09.47.42;2;3;1;1;2999;;1;5;4;7;3;6;5;10;19;9;3;12;
*07AT#W4~49~H1S;s;r;;;;;09.47.47;2;3;1;1;3003;;1;5;4;7;3;6;5;10;19;9;3;12;
a09BT=~~~~2~A1S;s;;;;;;09.47.47;2;3;1;1;3003;;1;5;4;7;3;6;5;10;19;9;3;12;
*p15:17;;;;;;;09.47.54;2;3;1;1;3008;;1;5;4;7;3;6;5;10;19;9;3;12;
*z2;;;;;;;09.47.54;2;2;1;1;3010;;5;4;7;3;6;1;5;10;19;9;3;12;
*05SM/~~~55;;;;;;;09.48.10;2;2;1;1;3027;;5;4;7;3;6;1;5;10;19;9;3;12;
a03RM/~~~55;;;;;;;09.48.10;2;2;1;1;3027;;5;4;7;3;6;1;5;10;19;9;3;12;
*03AO+V3~37~H0;;p;;;;;09.48.15;2;2;1;1;3030;;5;4;7;3;6;1;5;10;19;9;3;12;
a03DO/~~~37~S;;;;;;;09.48.15;2;2;1;1;3030;;5;4;7;3;6;1;5;10;19;9;3;12;
*01FH#;;;;;;;09.48.24;2;2;1;1;3031;;5;4;7;3;6;1;5;10;19;9;3;12;
*07AT=W4~41~H1S1;s;p;;;;;09.48.28;2;2;1;1;3036;;5;4;7;3;6;1;5;10;19;9;3;12;
a$$&H#;s;;;;;;09.48.28;2;2;1;1;3036;;5;4;7;3;6;1;5;10;19;9;3;12;
ap15:18;;;;;;;09.48.29;2;2;1;1;3041;;5;4;7;3;6;1;5;10;19;9;3;12;
az6;;;;;;;09.48.29;2;2;6;1;3045;;5;4;7;3;6;1;10;19;9;3;12;5;
a10SQ-~~~11;;;;;;;09.48.41;2;2;6;1;3057;;5;4;7;3;6;1;10;19;9;3;12;5;
*14RQ+~~~11~~~~32;;;;;;;09.48.41;2;2;6;1;3058;;5;4;7;3;6;1;10;19;9;3;12;5;
*04ET+K1F;;;;;;;09.48.41;2;2;6;1;3058;;5;4;7;3;6;1;10;19;9;3;12;5;
*07AT#W4~47AH2X;s;r;;;;;09.48.47;2;2;6;1;3063;;5;4;7;3;6;1;10;19;9;3;12;5;
a18DT=~~~47AS;s;;;;;;09.48.47;2;2;6;1;3063;;5;4;7;3;6;1;10;19;9;3;12;5;
*p16:18;;;;;;;09.48.55;2;2;6;1;3068;;5;4;7;3;6;1;10;19;9;3;12;5;
*z1;;;;;;;09.48.55;2;1;6;1;3071;;4;7;3;6;1;5;10;19;9;3;12;5;
*04SM-~~~15;;;;;;;09.49.06;2;1;6;1;3082;;4;7;3;6;1;5;10;19;9;3;12;5;
a03RM#~~~15;;;;;;;09.49.06;2;1;6;1;3082;;4;7;3;6;1;5;10;19;9;3;12;5;
a05ET+K1B;;;;;;;09.49.06;2;1;6;1;3082;;4;7;3;6;1;5;10;19;9;3;12;5;
a09AT-W2~29~H1;;r;;;;;09.49.12;2;1;6;1;3087;;4;7;3;6;1;5;10;19;9;3;12;5;
*04DT+~~~29~S;;;;;;;09.49.12;2;1;6;1;3087;;4;7;3;6;1;5;10;19;9;3;12;5;
*14EH+~~B~2;;;;;;;09.49.17;2;1;6;1;3087;;4;7;3;6;1;5;10;19;9;3;12;5;
*06AH+G2~21~H2~4;;p;;;;;09.49.17;2;1;6;1;3091;;4;7;3;6;1;5;10;19;9;3;12;5;
a05DH/~~~21~S;;;;;;;09.49.17;2;1;6;1;3091;;4;7;3;6;1;5;10;19;9;3;12;5;
*03FH#;;;;;;;09.49.17;2;1;6;1;3092;;4;7;3;6;1;5;10;19;9;3;12;5;
*06AT#W2~25~H2X1;p;p;;;;;09.49.22;2;1;6;1;3095;;4;7;3;6;1;5;10;19;9;3;12;5;
a18DT=~~~25~S;p;;;;;;09.49.22;2;1;6;1;3095;;4;7;3;6;1;5;10;19;9;3;12;5;
*p17:18;;;;;;;09.49.27;2;1;6;1;3100;;4;7;3;6;1;5;10;19;9;3;12;5;
*04SM-~~~14;;;;;;;09.49.36;2;1;6;1;3112;;4;7;3;6;1;5;10;19;9;3;12;5;
a03RM#~~~14;;;;;;;09.49.36;2;1;6;1;3112;;4;7;3;6;1;5;10;19;9;3;12;5;
a05EQ+K1C;;;;;;;09.49.36;2;1;6;1;3112;;4;7;3;6;1;5;10;19;9;3;12;5;
a19AQ=J4~39~H1S;p;r;;;;;09.49.43;2;1;6;1;3118;;4;7;3;6;1;5;10;19;9;3;12;5;
*$$&H#;p;;;;;;09.49.43;2;1;6;1;3118;;4;7;3;6;1;5;10;19;9;3;12;5;
*p18:18;;;;;;;09.49.45;2;1;6;1;3123;;4;7;3;6;1;5;10;19;9;3;12;5;
*04SM!~~~15;;;;;;;09.50.00;2;1;6;1;3136;;4;7;3;6;1;5;10;19;9;3;12;5;
a03RM!~~~15~~~~32;;;;;;;09.50.00;2;1;6;1;3136;;4;7;3;6;1;5;10;19;9;3;12;5;
a05ET+K1B;;;;;;;09.50.00;2;1;6;1;3136;;4;7;3;6;1;5;10;19;9;3;12;5;
a09AT!W2~24~H2C;;r;;;;;09.50.05;2;1;6;1;3142;;4;7;3;6;1;5;10;19;9;3;12;5;
*07BT!~~~~4~A2;;;;;;;09.50.05;2;1;6;1;3142;;4;7;3;6;1;5;10;19;9;3;12;5;
a18EH+~~B~2;;;;;;;09.50.10;2;1;6;1;3142;;4;7;3;6;1;5;10;19;9;3;12;5;
a09AH/G2~24~H2~4;p;s;;;;;09.50.14;2;1;6;1;3146;;4;7;3;6;1;5;10;19;9;3;12;5;
*07BH#~~~~4~A2;p;;;;;;09.50.14;2;1;6;1;3146;;4;7;3;6;1;5;10;19;9;3;12;5;
*p19:18;;;;;;;09.50.16;2;1;6;1;3151;;4;7;3;6;1;5;10;19;9;3;12;5;
ac19:13;;;;;;;09.50.16;2;1;6;1;3152;;4;7;3;6;1;5;10;13;9;3;12;5;
*04SM-~~~14;;;;;;;09.50.36;2;1;6;1;3173;;4;7;3;6;1;5;10;13;9;3;12;5;
a03RM+~~~14~~~~32;;;;;;;09.50.36;2;1;6;1;3173;;4;7;3;6;1;5;10;13;9;3;12;5;
a05ET+K1F;;;;;;;09.50.36;2;1;6;1;3174;;4;7;3;6;1;5;10;13;9;3;12;5;
a03AT!W4~42~H1C;;r;;;;;09.50.41;2;1;6;1;3178;;4;7;3;6;1;5;10;13;9;3;12;5;
*06BT!~~~~2~A1;;;;;;;09.50.41;2;1;6;1;3178;;4;7;3;6;1;5;10;13;9;3;12;5;
a03AT#W4~46AH2O2;s;s;;;;;09.50.45;2;1;6;1;3182;;4;7;3;6;1;5;10;13;9;3;12;5;
*06BT=~~~~2~A2O;s;;;;;;09.50.45;2;1;6;1;3182;;4;7;3;6;1;5;10;13;9;3;12;5;
ap19:19;;;;;;;09.50.49;2;1;6;1;3187;;4;7;3;6;1;5;10;13;9;3;12;5;
az5;;;;;;;09.50.49;2;1;5;1;3185;;4;7;3;6;1;5;13;9;3;12;5;10;
a13SM/~~~59;;;;;;;09.51.11;2;1;5;1;3207;;4;7;3;6;1;5;13;9;3;12;5;10;
*07RM/~~~59~M;;;;;;;09.51.11;2;1;5;1;3207;;4;7;3;6;1;5;13;9;3;12;5;10;
a03AO#V4~48~H0X;p;p;;;;;09.51.16;2;1;5;1;3211;;4;7;3;6;1;5;13;9;3;12;5;10;
*$$&H=;p;;;;;;09.51.16;2;1;5;1;3211;;4;7;3;6;1;5;13;9;3;12;5;10;
ap19:20;;;;;;;09.51.18;2;1;5;1;3216;;4;7;3;6;1;5;13;9;3;12;5;10;
a13SM=~~~5~~~~N;s;;;;;;09.51.37;2;1;5;1;3233;;4;7;3;6;1;5;13;9;3;12;5;10;
*$$&H#;s;;;;;;09.51.37;2;1;5;1;3233;;4;7;3;6;1;5;13;9;3;12;5;10;
*p20:20;;;;;;;09.51.40;2;1;5;1;3237;;4;7;3;6;1;5;13;9;3;12;5;10;
*z6;;;;;;;09.51.40;2;6;5;1;3236;;7;3;6;1;5;4;13;9;3;12;5;10;
*07SQ=~~~6~~~~N;s;;;;;;09.51.58;2;6;5;1;3255;;7;3;6;1;5;4;13;9;3;12;5;10;
a$$&H#;s;;;;;;09.51.58;2;6;5;1;3255;;7;3;6;1;5;4;13;9;3;12;5;10;
ap20:21;;;;;;;09.52.00;2;6;5;1;3258;;7;3;6;1;5;4;13;9;3;12;5;10;
az4;;;;;;;09.52.00;2;6;4;1;3256;;7;3;6;1;5;4;9;3;12;5;10;13;
a09SM-~~~11;;;;;;;09.52.28;2;6;4;1;3285;;7;3;6;1;5;4;9;3;12;5;10;13;
*07RM+~~~11~~~~32;;;;;;;09.52.28;2;6;4;1;3285;;7;3;6;1;5;4;9;3;12;5;10;13;
*04ET+K3B;;;;;;;09.52.28;2;6;4;1;3286;;7;3;6;1;5;4;9;3;12;5;10;13;
*06AT#W2~25~H4F;s;r;;;;;09.52.34;2;6;4;1;3290;;7;3;6;1;5;4;9;3;12;5;10;13;
a03BT=~~~~4~A4F;s;;;;;;09.52.34;2;6;4;1;3290;;7;3;6;1;5;4;9;3;12;5;10;13;
a18DT=~~~25~B;;;;;;;09.52.34;2;6;4;1;3290;;7;3;6;1;5;4;9;3;12;5;10;13;
*p21:21;;;;;;;09.52.36;2;6;4;1;3295;;7;3;6;1;5;4;9;3;12;5;10;13;
*z5;;;;;;;09.52.36;2;5;4;1;3292;;3;6;1;5;4;7;9;3;12;5;10;13;
*c03:15;;;;;;;09.52.36;2;5;4;1;3292;;15;6;1;5;4;7;9;3;12;5;10;13;
ac09:02;;;;;;;09.52.36;2;5;4;1;3292;;15;6;1;5;4;7;2;3;12;5;10;13;
ac05:16;;;;;;;09.52.36;2;5;4;1;3292;;15;6;1;5;4;7;2;3;12;16;10;13;
aP2;;;;;;;09.52.36;2;5;4;1;3292;;15;6;1;5;4;7;2;3;12;16;10;13;
az1;;;;;;;09.52.36;2;5;1;1;3292;;15;6;1;5;4;7;2;3;12;16;10;13;
*15SM-~~~51;;;;;;;09.52.36;2;5;1;1;3320;;15;6;1;5;4;7;2;3;12;16;10;13;
a18RM+~~~51~~~~31;;;;;;;09.52.36;2;5;1;1;3320;;15;6;1;5;4;7;2;3;12;16;10;13;
a02ET+K1F;;;;;;;09.52.36;2;5;1;1;3320;;15;6;1;5;4;7;2;3;12;16;10;13;
a16AT-W4~47~H1C;;r;;;;;09.52.36;2;5;1;1;3324;;15;6;1;5;4;7;2;3;12;16;10;13;
*06BT+~~~~2~A1;;;;;;;09.52.36;2;5;1;1;3324;;15;6;1;5;4;7;2;3;12;16;10;13;
*01DT+~~~44~B;;;;;;;09.52.36;2;5;1;1;3324;;15;6;1;5;4;7;2;3;12;16;10;13;
*01AT-W4~45~H2C3;;p;;;;;09.52.36;2;5;1;1;3328;;15;6;1;5;4;7;2;3;12;16;10;13;
a12BT+~~~~2~A2;;;;;;;09.52.36;2;5;1;1;3328;;15;6;1;5;4;7;2;3;12;16;10;13;
a10DT+~~~45~B;;;;;;;09.52.36;2;5;1;1;3328;;15;6;1;5;4;7;2;3;12;16;10;13;
a16AT/W4~42~H2~2;p;s;;;;;09.52.36;2;5;1;1;3331;;15;6;1;5;4;7;2;3;12;16;10;13;
*05BT#~~~~2~A2;p;;;;;;09.52.36;2;5;1;1;3331;;15;6;1;5;4;7;2;3;12;16;10;13;
*p22:21;;;;;;;09.53.49;2;5;1;1;3336;;15;6;1;5;4;7;2;3;12;16;10;13;
*15SM!~~~51;;;;;;;09.54.06;2;5;1;1;3383;;15;6;1;5;4;7;2;3;12;16;10;13;
a03RM!~~~51~~~~32;;;;;;;09.54.06;2;5;1;1;3383;;15;6;1;5;4;7;2;3;12;16;10;13;
a02ET+KEB;;;;;;;09.54.06;2;5;1;1;3384;;15;6;1;5;4;7;2;3;12;16;10;13;
a03AT/W2~24~H2;p;r;;;;;09.54.11;2;5;1;1;3388;;15;6;1;5;4;7;2;3;12;16;10;13;
*05BT#~~~~4~A2;p;;;;;;09.54.11;2;5;1;1;3388;;15;6;1;5;4;7;2;3;12;16;10;13;
*p23:21;;;;;;;09.54.14;2;5;1;1;3393;;15;6;1;5;4;7;2;3;12;16;10;13;
aT;;;;;;;09.54.14;2;5;1;1;3390;;15;6;1;5;4;7;2;3;12;16;10;13;
*15SM!~~~51;;;;;;;09.55.27;2;5;1;1;3464;;15;6;1;5;4;7;2;3;12;16;10;13;
a03RM!~~~51~O~~21;;;;;;;09.55.27;2;5;1;1;3465;;15;6;1;5;4;7;2;3;12;16;10;13;
a02EQ+KBC;;;;;;;09.55.27;2;5;1;1;3465;;15;6;1;5;4;7;2;3;12;16;10;13;
a12AQ#J4~31~H1X;s;r;;;;;09.55.33;2;5;1;1;3468;;15;6;1;5;4;7;2;3;12;16;10;13;
*04DQ=~~~31~S;s;;;;;;09.55.33;2;5;1;1;3468;;15;6;1;5;4;7;2;3;12;16;10;13;
ap23:22;;;;;;;09.55.38;2;5;1;1;3473;;15;6;1;5;4;7;2;3;12;16;10;13;
az6;;;;;;;09.55.38;2;5;6;1;3474;;15;6;1;5;4;7;3;12;16;10;13;2;
a03SM/~~~16;;;;;;;09.55.48;2;5;6;1;3484;;15;6;1;5;4;7;3;12;16;10;13;2;
*07RM/~~~16~M;;;;;;;09.55.48;2;5;6;1;3484;;15;6;1;5;4;7;3;12;16;10;13;2;
a03FH#;;;;;;;09.55.54;2;5;6;1;3492;;15;6;1;5;4;7;3;12;16;10;13;2;
a12AQ=J4~37~H1S1;s;p;;;;;09.56.02;2;5;6;1;3494;;15;6;1;5;4;7;3;12;16;10;13;2;
*$$&H#;s;;;;;;09.56.02;2;5;6;1;3494;;15;6;1;5;4;7;3;12;16;10;13;2;
*p24:22;;;;;;;09.56.04;2;5;6;1;3499;;15;6;1;5;4;7;3;12;16;10;13;2;
*z4;;;;;;;09.56.04;2;4;6;1;3500;;6;1;5;4;7;15;3;12;16;10;13;2;
*c06:10;;;;;;;09.56.04;2;4;6;1;3500;;10;1;5;4;7;15;3;12;16;10;13;2;
*c04:08;;;;;;;09.56.04;2;4;6;1;3500;;10;1;5;8;7;15;3;12;16;10;13;2;
*P10;;;;;;;09.56.04;2;4;6;1;3500;;10;1;5;8;7;15;3;12;16;10;13;2;
*z1;;;;;;;09.56.04;2;1;6;1;3500;;10;1;5;8;7;15;3;12;16;10;13;2;
*10SM-~~~16;;;;;;;09.57.15;2;1;6;1;3572;;10;1;5;8;7;15;3;12;16;10;13;2;
a18RM#~~~16~O;;;;;;;09.57.15;2;1;6;1;3572;;10;1;5;8;7;15;3;12;16;10;13;2;
a02ET+K1B;;;;;;;09.57.15;2;1;6;1;3572;;10;1;5;8;7;15;3;12;16;10;13;2;
a16AT#W2~26~H1X;s;r;;;;;09.57.21;2;1;6;1;3575;;10;1;5;8;7;15;3;12;16;10;13;2;
*07DT=~~~26~S;s;;;;;;09.57.21;2;1;6;1;3575;;10;1;5;8;7;15;3;12;16;10;13;2;
ap24:23;;;;;;;09.57.25;2;1;6;1;3580;;10;1;5;8;7;15;3;12;16;10;13;2;
az5;;;;;;;09.57.25;2;1;5;1;3581;;10;1;5;8;7;15;12;16;10;13;2;3;
*c08:04;;;;;;;09.57.25;2;1;5;1;3581;;10;1;5;4;7;15;12;16;10;13;2;3;
*c10:06;;;;;;;09.57.25;2;1;5;1;3581;;6;1;5;4;7;15;12;16;10;13;2;3;
*P6;;;;;;;09.57.25;2;1;5;1;3581;;6;1;5;4;7;15;12;16;10;13;2;3;
*z1;;;;;;;09.57.25;2;1;5;1;3581;;6;1;5;4;7;15;12;16;10;13;2;3;
*P4;;;;;;;09.57.25;2;1;5;1;3581;;6;1;5;4;7;15;12;16;10;13;2;3;
*z4;;;;;;;09.57.25;2;4;5;1;3581;;6;1;5;4;7;15;12;16;10;13;2;3;
a12SQ-~~~56;;;;;;;09.58.09;2;4;5;1;3626;;6;1;5;4;7;15;12;16;10;13;2;3;
*07RQ#~~~56;;;;;;;09.58.09;2;4;5;1;3626;;6;1;5;4;7;15;12;16;10;13;2;3;
*04ET+K1P;;;;;;;09.58.09;2;4;5;1;3626;;6;1;5;4;7;15;12;16;10;13;2;3;
*07AT#Y8~87DH1F;s;r;;;;;09.58.15;2;4;5;1;3631;;6;1;5;4;7;15;12;16;10;13;2;3;
a13BT=~~~~3~A1F;s;;;;;;09.58.15;2;4;5;1;3631;;6;1;5;4;7;15;12;16;10;13;2;3;
a12DT=~~~87DB;;;;;;;09.58.15;2;4;5;1;3631;;6;1;5;4;7;15;12;16;10;13;2;3;
*p25:23;;;;;;;09.58.18;2;4;5;1;3636;;6;1;5;4;7;15;12;16;10;13;2;3;
**2set;;;;;;;09.58.18;3;4;5;1;3635;;;;;;;;;;;;;;
*P04>LUp;;;;;;;09.58.18;3;4;5;1;3634;;7;3;6;1;5;4;9;3;12;5;10;13;
*z6>LUp;;;;;;;09.58.18;3;6;5;1;3634;;7;3;6;1;5;4;9;3;12;5;10;13;
aP05>LUp;;;;;;;09.58.18;3;6;5;1;3634;;7;3;6;1;5;4;9;3;12;5;10;13;
az4>LUp;;;;;;;09.58.18;3;6;4;1;3634;;7;3;6;1;5;4;9;3;12;5;10;13;
*07SQ!~~~66;;;;;;;10.03.37;3;6;4;1;3954;;7;3;6;1;5;4;9;3;12;5;10;13;
a10RQ!~~~66~~~~32;;;;;;;10.03.37;3;6;4;1;3955;;7;3;6;1;5;4;9;3;12;5;10;13;
a05ET+K8F;;;;;;;10.03.37;3;6;4;1;3955;;7;3;6;1;5;4;9;3;12;5;10;13;
a03AT/W4~42~H2;p;r;;;;;10.03.42;3;6;4;1;3958;;7;3;6;1;5;4;9;3;12;5;10;13;
*03BT#~~~~2~A2;p;;;;;;10.03.42;3;6;4;1;3958;;7;3;6;1;5;4;9;3;12;5;10;13;
*p01:00;;;;;;;10.03.45;3;6;4;1;3963;;7;3;6;1;5;4;9;3;12;5;10;13;
*07SQ=~~~65~~~O;s;;;;;;10.04.05;3;6;4;1;3982;;7;3;6;1;5;4;9;3;12;5;10;13;
a$$&H#;s;;;;;;10.04.05;3;6;4;1;3982;;7;3;6;1;5;4;9;3;12;5;10;13;
ap01:01;;;;;;;10.04.09;3;6;4;1;3987;;7;3;6;1;5;4;9;3;12;5;10;13;
az3;;;;;;;10.04.09;3;6;3;1;3985;;7;3;6;1;5;4;3;12;5;10;13;9;
a03SM+~~~11D;;;;;;;10.04.21;3;6;3;1;3998;;7;3;6;1;5;4;3;12;5;10;13;9;
*07RM-~~~11D;;;;;;;10.04.21;3;6;3;1;3998;;7;3;6;1;5;4;3;12;5;10;13;9;
*01AH#G4~44~H2X;s;r;;;;;10.04.27;3;6;3;1;4003;;7;3;6;1;5;4;3;12;5;10;13;9;
a10DH=~~~44~S;s;;;;;;10.04.27;3;6;3;1;4003;;7;3;6;1;5;4;3;12;5;10;13;9;
*p02:01;;;;;;;10.04.29;3;6;3;1;4008;;7;3;6;1;5;4;3;12;5;10;13;9;
*z5;;;;;;;10.04.29;3;5;3;1;4005;;3;6;1;5;4;7;3;12;5;10;13;9;
*03SM!~~~58D;;;;;;;10.04.47;3;5;3;1;4023;;3;6;1;5;4;7;3;12;5;10;13;9;
a18RM!~~~58D~~~21;;;;;;;10.04.47;3;5;3;1;4023;;3;6;1;5;4;7;3;12;5;10;13;9;
a05ET+KBF;;;;;;;10.04.47;3;5;3;1;4024;;3;6;1;5;4;7;3;12;5;10;13;9;
a10AT-W4~45~H1N;;r;;;;;10.04.54;3;5;3;1;4028;;3;6;1;5;4;7;3;12;5;10;13;9;
*01DT+~~~45~S;;;;;;;10.04.54;3;5;3;1;4028;;3;6;1;5;4;7;3;12;5;10;13;9;
*07AT=Y8~85~H0O2;s;p;;;;;10.05.01;3;5;3;1;4032;;3;6;1;5;4;7;3;12;5;10;13;9;
a$$&H#;s;;;;;;10.05.01;3;5;3;1;4032;;3;6;1;5;4;7;3;12;5;10;13;9;
ap02:02;;;;;;;10.05.03;3;5;3;1;4037;;3;6;1;5;4;7;3;12;5;10;13;9;
az2;;;;;;;10.05.03;3;5;2;1;4039;;3;6;1;5;4;7;12;5;10;13;9;3;
a12SQ!~~~55;;;;;;;10.05.21;3;5;2;1;4057;;3;6;1;5;4;7;12;5;10;13;9;3;
*01RQ!~~~55~~~~42;;;;;;;10.05.21;3;5;2;1;4058;;3;6;1;5;4;7;12;5;10;13;9;3;
*04EQ+K7C;;;;;;;10.05.21;3;5;2;1;4058;;3;6;1;5;4;7;12;5;10;13;9;3;
*05AQ#J4~32~H4X;s;r;;;;;10.05.27;3;5;2;1;4062;;3;6;1;5;4;7;12;5;10;13;9;3;
a05BQ=~~~~3~T4F;s;;;;;;10.05.27;3;5;2;1;4062;;3;6;1;5;4;7;12;5;10;13;9;3;
*p03:02;;;;;;;10.05.34;3;5;2;1;4067;;3;6;1;5;4;7;12;5;10;13;9;3;
*z4;;;;;;;10.05.34;3;4;2;1;4070;;6;1;5;4;7;3;12;5;10;13;9;3;
*06SQ!~~~16B;;;;;;;10.05.46;3;4;2;1;4083;;6;1;5;4;7;3;12;5;10;13;9;3;
a18RQ!~~~16B~~~41;;;;;;;10.05.46;3;4;2;1;4083;;6;1;5;4;7;3;12;5;10;13;9;3;
a05ET+KFB;;;;;;;10.05.46;3;4;2;1;4084;;6;1;5;4;7;3;12;5;10;13;9;3;
a09AT-Y9~91~H1C;;r;;;;;10.05.54;3;4;2;1;4088;;6;1;5;4;7;3;12;5;10;13;9;3;
*06DT+~~~91~B;;;;;;;10.05.54;3;4;2;1;4088;;6;1;5;4;7;3;12;5;10;13;9;3;
*06AT#Y9~94~H2S1;p;p;;;;;10.05.59;3;4;2;1;4091;;6;1;5;4;7;3;12;5;10;13;9;3;
a13BT=~~~~4~A2S;p;;;;;;10.05.59;3;4;2;1;4091;;6;1;5;4;7;3;12;5;10;13;9;3;
*p04:02;;;;;;;10.06.10;3;4;2;1;4096;;6;1;5;4;7;3;12;5;10;13;9;3;
*06SQ-~~~16;;;;;;;10.06.18;3;4;2;1;4115;;6;1;5;4;7;3;12;5;10;13;9;3;
a03RQ+~~~16~~~~32;;;;;;;10.06.18;3;4;2;1;4115;;6;1;5;4;7;3;12;5;10;13;9;3;
a05EQ+K1C;;;;;;;10.06.18;3;4;2;1;4115;;6;1;5;4;7;3;12;5;10;13;9;3;
a13AQ#J4~31~H1X;s;r;;;;;10.06.24;3;4;2;1;4119;;6;1;5;4;7;3;12;5;10;13;9;3;
*06DQ=~~~31~S;s;;;;;;10.06.24;3;4;2;1;4119;;6;1;5;4;7;3;12;5;10;13;9;3;
ap04:03;;;;;;;10.06.25;3;4;2;1;4124;;6;1;5;4;7;3;12;5;10;13;9;3;
az1;;;;;;;10.06.25;3;4;1;1;4121;;6;1;5;4;7;3;5;10;13;9;3;12;
a05SM!~~~15;;;;;;;10.06.39;3;4;1;1;4137;;6;1;5;4;7;3;5;10;13;9;3;12;
*01RM!~~~15~~~~31;;;;;;;10.06.39;3;4;1;1;4137;;6;1;5;4;7;3;5;10;13;9;3;12;
*04ET+KCS~~~1;;;;;;;10.06.39;3;4;1;1;4137;;6;1;5;4;7;3;5;10;13;9;3;12;
*04AO-JJ~32;;r;;;;;10.06.44;3;4;1;1;4139;;6;1;5;4;7;3;5;10;13;9;3;12;
a10DO+~~~22;;;;;;;10.06.44;3;4;1;1;4139;;6;1;5;4;7;3;5;10;13;9;3;12;
a18DH+;;;;;;;10.06.49;3;4;1;1;4139;;6;1;5;4;7;3;5;10;13;9;3;12;
a09AH-G2~24~H2C3;;p;;;;;10.06.53;3;4;1;1;4142;;6;1;5;4;7;3;5;10;13;9;3;12;
*01BH+~~~~4~A2;;;;;;;10.06.53;3;4;1;1;4142;;6;1;5;4;7;3;5;10;13;9;3;12;
*07FH+;;;;;;;10.06.59;3;4;1;1;4145;;6;1;5;4;7;3;5;10;13;9;3;12;
*05AQ#J3~31~H2O1;s;s;;;;;10.07.07;3;4;1;1;4148;;6;1;5;4;7;3;5;10;13;9;3;12;
a13BQ=~~~~3~T2O;s;;;;;;10.07.07;3;4;1;1;4148;;6;1;5;4;7;3;5;10;13;9;3;12;
*p05:03;;;;;;;10.07.11;3;4;1;1;4153;;6;1;5;4;7;3;5;10;13;9;3;12;
*z3;;;;;;;10.07.11;3;3;1;1;4167;;1;5;4;7;3;6;5;10;13;9;3;12;
*01SQ/~~~11;;;;;;;10.07.25;3;3;1;1;4181;;1;5;4;7;3;6;5;10;13;9;3;12;
a10RQ/~~~11;;;;;;;10.07.25;3;3;1;1;4182;;1;5;4;7;3;6;5;10;13;9;3;12;
*14FH#;;;;;;;10.07.33;3;3;1;1;4190;;1;5;4;7;3;6;5;10;13;9;3;12;
*07AT#W4~44~H4X1;p;p;;;;;10.07.36;3;3;1;1;4192;;1;5;4;7;3;6;5;10;13;9;3;12;
a09DT=~~~44~S;p;;;;;;10.07.36;3;3;1;1;4192;;1;5;4;7;3;6;5;10;13;9;3;12;
*p06:03;;;;;;;10.07.39;3;3;1;1;4197;;1;5;4;7;3;6;5;10;13;9;3;12;
*01SQ-~~~16;;;;;;;10.08.02;3;3;1;1;4218;;1;5;4;7;3;6;5;10;13;9;3;12;
a18RQ#~~~16;;;;;;;10.08.02;3;3;1;1;4218;;1;5;4;7;3;6;5;10;13;9;3;12;
a05ET+K1B;;;;;;;10.08.02;3;3;1;1;4220;;1;5;4;7;3;6;5;10;13;9;3;12;
a10AT#W2~25~H1O;s;r;;;;;10.08.07;3;3;1;1;4223;;1;5;4;7;3;6;5;10;13;9;3;12;
*07BT=~~~~4~A1O;s;;;;;;10.08.07;3;3;1;1;4223;;1;5;4;7;3;6;5;10;13;9;3;12;
ap06:04;;;;;;;10.08.12;3;3;1;1;4228;;1;5;4;7;3;6;5;10;13;9;3;12;
az6;;;;;;;10.08.12;3;3;6;1;4228;;1;5;4;7;3;6;10;13;9;3;12;5;
a10SQ!~~~11;;;;;;;10.08.27;3;3;6;1;4243;;1;5;4;7;3;6;10;13;9;3;12;5;
*01RQ!~~~11~~~~32;;;;;;;10.08.27;3;3;6;1;4244;;1;5;4;7;3;6;10;13;9;3;12;5;
*04ET+KEF;;;;;;;10.08.27;3;3;6;1;4244;;1;5;4;7;3;6;10;13;9;3;12;5;
*07AT#W4~46~H4X;s;r;;;;;10.08.32;3;3;6;1;4248;;1;5;4;7;3;6;10;13;9;3;12;5;
a10DT=~~~46~S;s;;;;;;10.08.32;3;3;6;1;4248;;1;5;4;7;3;6;10;13;9;3;12;5;
*p07:04;;;;;;;10.08.38;3;3;6;1;4253;;1;5;4;7;3;6;10;13;9;3;12;5;
*z2;;;;;;;10.08.38;3;2;6;1;4254;;5;4;7;3;6;1;10;13;9;3;12;5;
*05SM!~~~55;;;;;;;10.08.54;3;2;6;1;4270;;5;4;7;3;6;1;10;13;9;3;12;5;
a03RM!~~~55~O~~32;;;;;;;10.08.54;3;2;6;1;4270;;5;4;7;3;6;1;10;13;9;3;12;5;
a05ET+K9B;;;;;;;10.08.54;3;2;6;1;4270;;5;4;7;3;6;1;10;13;9;3;12;5;
a09AT#W2~26~H2O;s;r;;;;;10.09.00;3;2;6;1;4276;;5;4;7;3;6;1;10;13;9;3;12;5;
*07BT=~~~~4~A2O;s;;;;;;10.09.00;3;2;6;1;4276;;5;4;7;3;6;1;10;13;9;3;12;5;
ap07:05;;;;;;;10.09.50;3;2;6;1;4281;;5;4;7;3;6;1;10;13;9;3;12;5;
az5;;;;;;;10.09.50;3;2;5;1;4326;;5;4;7;3;6;1;13;9;3;12;5;10;
a13SM-~~~55;;;;;;;10.10.02;3;2;5;1;4339;;5;4;7;3;6;1;13;9;3;12;5;10;
*07RM#~~~55;;;;;;;10.10.02;3;2;5;1;4339;;5;4;7;3;6;1;13;9;3;12;5;10;
*04ET+K1B;;;;;;;10.10.02;3;2;5;1;4339;;5;4;7;3;6;1;13;9;3;12;5;10;
*06AT-Y9~96~T2;;r;;;;;10.10.07;3;2;5;1;4343;;5;4;7;3;6;1;13;9;3;12;5;10;
a10DT+~~~96~E;;;;;;;10.10.07;3;2;5;1;4343;;5;4;7;3;6;1;13;9;3;12;5;10;
a03AH/G4~42~H2~3;s;p;;;;;10.10.11;3;2;5;1;4346;;5;4;7;3;6;1;13;9;3;12;5;10;
*03BH#~~~~2~A2;s;;;;;;10.10.11;3;2;5;1;4346;;5;4;7;3;6;1;13;9;3;12;5;10;
*p08:05;;;;;;;10.10.15;3;2;5;1;4351;;5;4;7;3;6;1;13;9;3;12;5;10;
*z1;;;;;;;10.10.15;3;1;5;1;4351;;4;7;3;6;1;5;13;9;3;12;5;10;
*04SM-~~~15;;;;;;;10.10.31;3;1;5;1;4367;;4;7;3;6;1;5;13;9;3;12;5;10;
a03RM#~~~15~O;;;;;;;10.10.31;3;1;5;1;4367;;4;7;3;6;1;5;13;9;3;12;5;10;
a05ET+K1B;;;;;;;10.10.31;3;1;5;1;4368;;4;7;3;6;1;5;13;9;3;12;5;10;
a09AT#W2~22~H1X;s;r;;;;;10.10.36;3;1;5;1;4372;;4;7;3;6;1;5;13;9;3;12;5;10;
*06DT=~~~22~S;s;;;;;;10.10.36;3;1;5;1;4372;;4;7;3;6;1;5;13;9;3;12;5;10;
ap08:06;;;;;;;10.10.40;3;1;5;1;4377;;4;7;3;6;1;5;13;9;3;12;5;10;
az4;;;;;;;10.10.40;3;1;4;1;4376;;4;7;3;6;1;5;9;3;12;5;10;13;
a09SQ+~~~16;;;;;;;10.10.59;3;1;4;1;4395;;4;7;3;6;1;5;9;3;12;5;10;13;
*14RQ-~~~16;;;;;;;10.10.59;3;1;4;1;4395;;4;7;3;6;1;5;9;3;12;5;10;13;
*07AH#G2~29~H2X;s;r;;;;;10.11.03;3;1;4;1;4400;;4;7;3;6;1;5;9;3;12;5;10;13;
a09DH=~~~29~S;s;;;;;;10.11.03;3;1;4;1;4400;;4;7;3;6;1;5;9;3;12;5;10;13;
*p09:06;;;;;;;10.11.07;3;1;4;1;4405;;4;7;3;6;1;5;9;3;12;5;10;13;
*z6;;;;;;;10.11.07;3;6;4;1;4403;;7;3;6;1;5;4;9;3;12;5;10;13;
*07SQ-~~~61;;;;;;;10.11.26;3;6;4;1;4422;;7;3;6;1;5;4;9;3;12;5;10;13;
a18RQ+~~~61~~~~21;;;;;;;10.11.26;3;6;4;1;4423;;7;3;6;1;5;4;9;3;12;5;10;13;
a05ET+KBB;;;;;;;10.11.26;3;6;4;1;4423;;7;3;6;1;5;4;9;3;12;5;10;13;
a09AT+Y9~91~H1N;;r;;;;;10.11.33;3;6;4;1;4428;;7;3;6;1;5;4;9;3;12;5;10;13;
*07DT-~~~91~S;;;;;;;10.11.33;3;6;4;1;4428;;7;3;6;1;5;4;9;3;12;5;10;13;
*06AH-G2~25~H2C3;;p;;;;;10.11.37;3;6;4;1;4432;;7;3;6;1;5;4;9;3;12;5;10;13;
a18DH+~~~25~B;;;;;;;10.11.37;3;6;4;1;4432;;7;3;6;1;5;4;9;3;12;5;10;13;
a09AT=Y9~91~H2S2;p;s;;;;;10.11.42;3;6;4;1;4435;;7;3;6;1;5;4;9;3;12;5;10;13;
*$$&H#;p;;;;;;10.11.42;3;6;4;1;4435;;7;3;6;1;5;4;9;3;12;5;10;13;
*p10:06;;;;;;;10.11.44;3;6;4;1;4440;;7;3;6;1;5;4;9;3;12;5;10;13;
*07SQ-~~~61;;;;;;;10.12.03;3;6;4;1;4459;;7;3;6;1;5;4;9;3;12;5;10;13;
a18RQ+~~~61~~~~32;;;;;;;10.12.03;3;6;4;1;4459;;7;3;6;1;5;4;9;3;12;5;10;13;
a05ET+K1F;;;;;;;10.12.03;3;6;4;1;4460;;7;3;6;1;5;4;9;3;12;5;10;13;
a03AT#W4~42~P2S;s;r;;;;;10.12.09;3;6;4;1;4464;;7;3;6;1;5;4;9;3;12;5;10;13;
*03BT=~~~~2~A2S;s;;;;;;10.12.09;3;6;4;1;4464;;7;3;6;1;5;4;9;3;12;5;10;13;
ap10:07;;;;;;;10.12.11;3;6;4;1;4469;;7;3;6;1;5;4;9;3;12;5;10;13;
az3;;;;;;;10.12.11;3;6;3;1;4467;;7;3;6;1;5;4;3;12;5;10;13;9;
a03SM-~~~11;;;;;;;10.12.24;3;6;3;1;4481;;7;3;6;1;5;4;3;12;5;10;13;9;
*07RM+~~~11~O~~32;;;;;;;10.12.24;3;6;3;1;4481;;7;3;6;1;5;4;3;12;5;10;13;9;
*04ET+K3B;;;;;;;10.12.24;3;6;3;1;4481;;7;3;6;1;5;4;3;12;5;10;13;9;
*06AT=W2~29~H1S;p;r;;;;;10.12.30;3;6;3;1;4485;;7;3;6;1;5;4;3;12;5;10;13;9;
a$$&H#;p;;;;;;10.12.30;3;6;3;1;4485;;7;3;6;1;5;4;3;12;5;10;13;9;
ap10:08;;;;;;;10.12.33;3;6;3;1;4490;;7;3;6;1;5;4;3;12;5;10;13;9;
a03SM-~~~16;;;;;;;10.12.44;3;6;3;1;4500;;7;3;6;1;5;4;3;12;5;10;13;9;
*07RM#~~~16;;;;;;;10.12.44;3;6;3;1;4501;;7;3;6;1;5;4;3;12;5;10;13;9;
*04ET+K3B;;;;;;;10.12.44;3;6;3;1;4501;;7;3;6;1;5;4;3;12;5;10;13;9;
*06AT#W2~29~H1X;s;r;;;;;10.12.49;3;6;3;1;4505;;7;3;6;1;5;4;3;12;5;10;13;9;
a09DT=~~~29~S;s;;;;;;10.12.49;3;6;3;1;4505;;7;3;6;1;5;4;3;12;5;10;13;9;
*p11:08;;;;;;;10.12.53;3;6;3;1;4510;;7;3;6;1;5;4;3;12;5;10;13;9;
*z5;;;;;;;10.12.53;3;5;3;1;4509;;3;6;1;5;4;7;3;12;5;10;13;9;
*03SM-~~~51;;;;;;;10.13.07;3;5;3;1;4523;;3;6;1;5;4;7;3;12;5;10;13;9;
a03RM+~~~51~O~~32;;;;;;;10.13.07;3;5;3;1;4524;;3;6;1;5;4;7;3;12;5;10;13;9;
a05EQ+K1C;;;;;;;10.13.07;3;5;3;1;4524;;3;6;1;5;4;7;3;12;5;10;13;9;
a12AQ-J4~33~T2;;r;;;;;10.13.12;3;5;3;1;4528;;3;6;1;5;4;7;3;12;5;10;13;9;
*06DQ+~~~33~E;;;;;;;10.13.12;3;5;3;1;4528;;3;6;1;5;4;7;3;12;5;10;13;9;
*01AH#G4~45~H2X3;p;p;;;;;10.13.17;3;5;3;1;4532;;3;6;1;5;4;7;3;12;5;10;13;9;
a18DH=~~~45~S;p;;;;;;10.13.17;3;5;3;1;4532;;3;6;1;5;4;7;3;12;5;10;13;9;
*p12:08;;;;;;;10.13.20;3;5;3;1;4537;;3;6;1;5;4;7;3;12;5;10;13;9;
aT;;;;;;;10.13.20;3;5;3;1;4536;;3;6;1;5;4;7;3;12;5;10;13;9;
*03SM-~~~56;;;;;;;10.14.52;3;5;3;1;4628;;3;6;1;5;4;7;3;12;5;10;13;9;
a03RM+~~~56~~~~41;;;;;;;10.14.52;3;5;3;1;4629;;3;6;1;5;4;7;3;12;5;10;13;9;
a05ET+KFB;;;;;;;10.14.52;3;5;3;1;4629;;3;6;1;5;4;7;3;12;5;10;13;9;
a09AT#Y9~95~H1X;s;r;;;;;10.14.59;3;5;3;1;4634;;3;6;1;5;4;7;3;12;5;10;13;9;
*03DT=~~~95~S;s;;;;;;10.14.59;3;5;3;1;4634;;3;6;1;5;4;7;3;12;5;10;13;9;
ap12:09;;;;;;;10.15.01;3;5;3;1;4639;;3;6;1;5;4;7;3;12;5;10;13;9;
az2;;;;;;;10.15.01;3;5;2;1;4637;;3;6;1;5;4;7;12;5;10;13;9;3;
a12SQ=~~~55A~~O;s;;;;;;10.15.18;3;5;2;1;4654;;3;6;1;5;4;7;12;5;10;13;9;3;
*$$&H#;s;;;;;;10.15.18;3;5;2;1;4654;;3;6;1;5;4;7;12;5;10;13;9;3;
*p13:09;;;;;;;10.15.20;3;5;2;1;4659;;3;6;1;5;4;7;12;5;10;13;9;3;
*z4;;;;;;;10.15.21;3;4;2;1;4657;;6;1;5;4;7;3;12;5;10;13;9;3;
*06SQ/~~~15;;;;;;;10.15.41;3;4;2;1;4677;;6;1;5;4;7;3;12;5;10;13;9;3;
a10RQ/~~~15;;;;;;;10.15.41;3;4;2;1;4677;;6;1;5;4;7;3;12;5;10;13;9;3;
*14FH#;;;;;;;10.15.50;3;4;2;1;4681;;6;1;5;4;7;3;12;5;10;13;9;3;
*01AT+W4~45~H4C1;;p;;;;;10.15.53;3;4;2;1;4684;;6;1;5;4;7;3;12;5;10;13;9;3;
a03DT/~~~45~B;;;;;;;10.15.53;3;4;2;1;4684;;6;1;5;4;7;3;12;5;10;13;9;3;
*06FH#;;;;;;;10.15.53;3;4;2;1;4685;;6;1;5;4;7;3;12;5;10;13;9;3;
*07AT#Y8~85~H1O1;p;p;;;;;10.16.00;3;4;2;1;4689;;6;1;5;4;7;3;12;5;10;13;9;3;
a10BT=~~~~3~A1O;p;;;;;;10.16.00;3;4;2;1;4689;;6;1;5;4;7;3;12;5;10;13;9;3;
*p14:09;;;;;;;10.17.17;3;4;2;1;4694;;6;1;5;4;7;3;12;5;10;13;9;3;
ac10:16;;;;;;;10.17.17;3;4;2;1;4773;;6;1;5;4;7;3;12;5;16;13;9;3;
*06SQ+~~~17~~~N;;;;;;;10.18.02;3;4;2;1;4818;;6;1;5;4;7;3;12;5;16;13;9;3;
a16RQ-~~~17~W;;;;;;;10.18.02;3;4;2;1;4818;;6;1;5;4;7;3;12;5;16;13;9;3;
a09AH/G9~96~H3;p;r;;;;;10.18.07;3;4;2;1;4824;;6;1;5;4;7;3;12;5;16;13;9;3;
*05BH#~~~~4~A3;p;;;;;;10.18.07;3;4;2;1;4824;;6;1;5;4;7;3;12;5;16;13;9;3;
*p15:09;;;;;;;10.18.13;3;4;2;1;4829;;6;1;5;4;7;3;12;5;16;13;9;3;
*06SQ-~~~16;;;;;;;10.18.58;3;4;2;1;4874;;6;1;5;4;7;3;12;5;16;13;9;3;
a03RQ+~~~16~~~~32;;;;;;;10.18.58;3;4;2;1;4874;;6;1;5;4;7;3;12;5;16;13;9;3;
a05ET+K1B;;;;;;;10.18.58;3;4;2;1;4874;;6;1;5;4;7;3;12;5;16;13;9;3;
a09AT#Y9~91~H1X;s;r;;;;;10.19.04;3;4;2;1;4880;;6;1;5;4;7;3;12;5;16;13;9;3;
*06DT=~~~91~S;s;;;;;;10.19.04;3;4;2;1;4880;;6;1;5;4;7;3;12;5;16;13;9;3;
ap15:10;;;;;;;10.19.07;3;4;2;1;4885;;6;1;5;4;7;3;12;5;16;13;9;3;
az1;;;;;;;10.19.07;3;4;1;1;4883;;6;1;5;4;7;3;5;16;13;9;3;12;
a05SM-~~~15;;;;;;;10.19.20;3;4;1;1;4897;;6;1;5;4;7;3;5;16;13;9;3;12;
*01RM+~~~15~~~~32;;;;;;;10.19.20;3;4;1;1;4897;;6;1;5;4;7;3;5;16;13;9;3;12;
*04EQ+K2C;;;;;;;10.19.20;3;4;1;1;4898;;6;1;5;4;7;3;5;16;13;9;3;12;
*05AQ/J2~33~H1;p;r;;;;;10.19.25;3;4;1;1;4900;;6;1;5;4;7;3;5;16;13;9;3;12;
a13BQ#~~~~3~T1;p;;;;;;10.19.25;3;4;1;1;4900;;6;1;5;4;7;3;5;16;13;9;3;12;
ap15:11;;;;;;;10.19.33;3;4;1;1;4905;;6;1;5;4;7;3;5;16;13;9;3;12;
a05SM-~~~16;;;;;;;10.19.39;3;4;1;1;4916;;6;1;5;4;7;3;5;16;13;9;3;12;
*07RM#~~~16~O;;;;;;;10.19.39;3;4;1;1;4916;;6;1;5;4;7;3;5;16;13;9;3;12;
*04ET+K2F;;;;;;;10.19.39;3;4;1;1;4916;;6;1;5;4;7;3;5;16;13;9;3;12;
*01AT-W4~42~H4C;;r;;;;;10.19.45;3;4;1;1;4920;;6;1;5;4;7;3;5;16;13;9;3;12;
a16BT+~~~~2~A4;;;;;;;10.19.45;3;4;1;1;4920;;6;1;5;4;7;3;5;16;13;9;3;12;
*14DH+~~~4~~C;;;;;;;10.19.45;3;4;1;1;4920;;6;1;5;4;7;3;5;16;13;9;3;12;
*01AT!W4~41~P2~2;;s;;;;;10.19.49;3;4;1;1;4923;;6;1;5;4;7;3;5;16;13;9;3;12;
a16BT/~~~~2~~2;s;;;;;;10.19.49;3;4;1;1;4923;;6;1;5;4;7;3;5;16;13;9;3;12;
*$$&H#;s;;;;;;10.19.49;3;4;1;1;4923;;6;1;5;4;7;3;5;16;13;9;3;12;
*p16:11;;;;;;;10.19.57;3;4;1;1;4928;;6;1;5;4;7;3;5;16;13;9;3;12;
*z3;;;;;;;10.19.57;3;3;1;1;4933;;1;5;4;7;3;6;5;16;13;9;3;12;
*01SQ!~~~55;;;;;;;10.20.15;3;3;1;1;4952;;1;5;4;7;3;6;5;16;13;9;3;12;
a03RQ!~~~55~~~~31;;;;;;;10.20.15;3;3;1;1;4952;;1;5;4;7;3;6;5;16;13;9;3;12;
a05EQ+KCC~~~1;;;;;;;10.20.15;3;3;1;1;4952;;1;5;4;7;3;6;5;16;13;9;3;12;
a13AQ-J4~32~H1C;;r;;;;;10.20.21;3;3;1;1;4956;;1;5;4;7;3;6;5;16;13;9;3;12;
*05BQ+~~~~2~T1;;;;;;;10.20.21;3;3;1;1;4956;;1;5;4;7;3;6;5;16;13;9;3;12;
*05ET+~~F~4;;;;;;;10.20.27;3;3;1;1;4956;;1;5;4;7;3;6;5;16;13;9;3;12;
*07AT#W4~44~H1X4;p;p;;;;;10.20.29;3;3;1;1;4959;;1;5;4;7;3;6;5;16;13;9;3;12;
a09DT=~~~44~S;p;;;;;;10.20.29;3;3;1;1;4959;;1;5;4;7;3;6;5;16;13;9;3;12;
*p17:11;;;;;;;10.20.44;3;3;1;1;4964;;1;5;4;7;3;6;5;16;13;9;3;12;
*01SQ!~~~55;;;;;;;10.20.51;3;3;1;1;4987;;1;5;4;7;3;6;5;16;13;9;3;12;
a03RQ!~~~55~~~~32;;;;;;;10.20.51;3;3;1;1;4988;;1;5;4;7;3;6;5;16;13;9;3;12;
a05ET+K8B;;;;;;;10.20.51;3;3;1;1;4988;;1;5;4;7;3;6;5;16;13;9;3;12;
a16AT/W2~24~H2;p;r;;;;;10.20.58;3;3;1;1;4993;;1;5;4;7;3;6;5;16;13;9;3;12;
*05BT#~~~~4~A2;p;;;;;;10.20.58;3;3;1;1;4993;;1;5;4;7;3;6;5;16;13;9;3;12;
*p18:11;;;;;;;10.21.04;3;3;1;1;4998;;1;5;4;7;3;6;5;16;13;9;3;12;
*01SQ+~~~55;;;;;;;10.21.24;3;3;1;1;5021;;1;5;4;7;3;6;5;16;13;9;3;12;
a03RQ-~~~55;;;;;;;10.21.24;3;3;1;1;5021;;1;5;4;7;3;6;5;16;13;9;3;12;
a18EH+~~F~4;;;;;;;10.21.28;3;3;1;1;5024;;1;5;4;7;3;6;5;16;13;9;3;12;
a09AH-G4~41~H2C;;r;;;;;10.21.31;3;3;1;1;5026;;1;5;4;7;3;6;5;16;13;9;3;12;
*06DH+~~~41~S;;;;;;;10.21.31;3;3;1;1;5026;;1;5;4;7;3;6;5;16;13;9;3;12;
*07AT=W4~41~H2O2;s;p;;;;;10.21.36;3;3;1;1;5029;;1;5;4;7;3;6;5;16;13;9;3;12;
a$$&H#;s;;;;;;10.21.36;3;3;1;1;5029;;1;5;4;7;3;6;5;16;13;9;3;12;
ap18:12;;;;;;;10.21.37;3;3;1;1;5034;;1;5;4;7;3;6;5;16;13;9;3;12;
az6;;;;;;;10.21.37;3;3;6;1;5033;;1;5;4;7;3;6;16;13;9;3;12;5;
a16SQ-~~~11;;;;;;;10.22.34;3;3;6;1;5090;;1;5;4;7;3;6;16;13;9;3;12;5;
*01RQ+~~~11~~~~41;;;;;;;10.22.34;3;3;6;1;5091;;1;5;4;7;3;6;16;13;9;3;12;5;
*04ET+KFB;;;;;;;10.22.34;3;3;6;1;5091;;1;5;4;7;3;6;16;13;9;3;12;5;
*06AT-Y9~96~T1;;r;;;;;10.22.40;3;3;6;1;5095;;1;5;4;7;3;6;16;13;9;3;12;5;
a18DT+~~~96~E;;;;;;;10.22.40;3;3;6;1;5095;;1;5;4;7;3;6;16;13;9;3;12;5;
a03AT=W4~41~H2O2;s;p;;;;;10.22.44;3;3;6;1;5098;;1;5;4;7;3;6;16;13;9;3;12;5;
*$$&H#;s;;;;;;10.22.44;3;3;6;1;5098;;1;5;4;7;3;6;16;13;9;3;12;5;
*p19:12;;;;;;;10.22.49;3;3;6;1;5103;;1;5;4;7;3;6;16;13;9;3;12;5;
*z2;;;;;;;10.22.53;3;2;6;1;5109;;5;4;7;3;6;1;16;13;9;3;12;5;
ac03:14;;;;;;;10.22.53;3;2;6;1;5109;;5;4;7;3;6;1;16;13;9;14;12;5;
*c05:15;;;;;;;10.22.53;3;2;6;1;5109;;15;4;7;3;6;1;16;13;9;14;12;5;
*15SM=~~~5~~~~N;s;;;;;;10.23.17;3;2;6;1;5135;;15;4;7;3;6;1;16;13;9;14;12;5;
a$$&H#;s;;;;;;10.23.17;3;2;6;1;5135;;15;4;7;3;6;1;16;13;9;14;12;5;
ap19:13;;;;;;;10.23.22;3;2;6;1;5137;;15;4;7;3;6;1;16;13;9;14;12;5;
az5;;;;;;;10.23.22;3;2;5;1;5138;;15;4;7;3;6;1;13;9;14;12;5;16;
*c15:05;;;;;;;10.23.22;3;2;5;1;5138;;5;4;7;3;6;1;13;9;14;12;5;16;
a13SM-~~~55;;;;;;;10.23.47;3;2;5;1;5163;;5;4;7;3;6;1;13;9;14;12;5;16;
*07RM+~~~55~O~~21;;;;;;;10.23.47;3;2;5;1;5164;;5;4;7;3;6;1;13;9;14;12;5;16;
*04ET+K1F;;;;;;;10.23.47;3;2;5;1;5164;;5;4;7;3;6;1;13;9;14;12;5;16;
*07AT#W3~45~H2X;s;r;;;;;10.23.52;3;2;5;1;5168;;5;4;7;3;6;1;13;9;14;12;5;16;
a13DT=~~~35~S;s;;;;;;10.23.52;3;2;5;1;5168;;5;4;7;3;6;1;13;9;14;12;5;16;
*p20:13;;;;;;;10.24.03;3;2;5;1;5173;;5;4;7;3;6;1;13;9;14;12;5;16;
*z1;;;;;;;10.24.03;3;1;5;1;5179;;4;7;3;6;1;5;13;9;14;12;5;16;
*04SM+~~~15;;;;;;;10.24.11;3;1;5;1;5250;;4;7;3;6;1;5;13;9;14;12;5;16;
a14RM-~~~15;;;;;;;10.24.11;3;1;5;1;5251;;4;7;3;6;1;5;13;9;14;12;5;16;
a12EH+~~F~4;;;;;;;10.24.11;3;1;5;1;5255;;4;7;3;6;1;5;13;9;14;12;5;16;
a14AH-G4~44~P2N;;r;;;;;10.25.21;3;1;5;1;5255;;4;7;3;6;1;5;13;9;14;12;5;16;
*07DH+~~~44~S;;;;;;;10.25.21;3;1;5;1;5255;;4;7;3;6;1;5;13;9;14;12;5;16;
*03AQ#J4~31DH1X1;p;p;;;;;10.25.30;3;1;5;1;5258;;4;7;3;6;1;5;13;9;14;12;5;16;
a16DQ=~~~31DS;p;;;;;;10.25.30;3;1;5;1;5258;;4;7;3;6;1;5;13;9;14;12;5;16;
*p21:13;;;;;;;10.24.41;3;1;5;1;5263;;4;7;3;6;1;5;13;9;14;12;5;16;
*04SM!~~~15;;;;;;;10.25.47;3;1;5;1;5284;;4;7;3;6;1;5;13;9;14;12;5;16;
a14RM!~~~15~O;;;;;;;10.25.47;3;1;5;1;5284;;4;7;3;6;1;5;13;9;14;12;5;16;
a05ET+KCB;;;;;;;10.25.47;3;1;5;1;5285;;4;7;3;6;1;5;13;9;14;12;5;16;
a09AT=W2~27~P1I;p;r;;;;;10.25.56;3;1;5;1;5289;;4;7;3;6;1;5;13;9;14;12;5;16;
*$$&H#;p;;;;;;10.25.56;3;1;5;1;5289;;4;7;3;6;1;5;13;9;14;12;5;16;
*p22:13;;;;;;;10.26.00;3;1;5;1;5294;;4;7;3;6;1;5;13;9;14;12;5;16;
aT;;;;;;;10.26.00;3;1;5;1;5296;;4;7;3;6;1;5;13;9;14;12;5;16;
*04SM-~~~14;;;;;;;10.27.06;3;1;5;1;5363;;4;7;3;6;1;5;13;9;14;12;5;16;
a12RM+~~~14~~~~32;;;;;;;10.27.06;3;1;5;1;5363;;4;7;3;6;1;5;13;9;14;12;5;16;
a05EQ+K1C;;;;;;;10.27.06;3;1;5;1;5364;;4;7;3;6;1;5;13;9;14;12;5;16;
a12AQ-J4~36~H1;;r;;;;;10.27.12;3;1;5;1;5367;;4;7;3;6;1;5;13;9;14;12;5;16;
*14DQ+~~~36~S;;;;;;;10.27.12;3;1;5;1;5367;;4;7;3;6;1;5;13;9;14;12;5;16;
*03AQ-J4~32~T1~2;;p;;;;;10.27.12;3;1;5;1;5370;;4;7;3;6;1;5;13;9;14;12;5;16;
a09DQ+~~~32~S;;;;;;;10.27.12;3;1;5;1;5370;;4;7;3;6;1;5;13;9;14;12;5;16;
a16EH+~~F~4;;;;;;;10.27.16;3;1;5;1;5370;;4;7;3;6;1;5;13;9;14;12;5;16;
a14AH-G4~45~P2N4;;s;;;;;10.27.16;3;1;5;1;5373;;4;7;3;6;1;5;13;9;14;12;5;16;
*14DH+~~~45~S;;;;;;;10.27.16;3;1;5;1;5373;;4;7;3;6;1;5;13;9;14;12;5;16;
*07AT#W4~44~H1X2;p;p;;;;;10.27.16;3;1;5;1;5378;;4;7;3;6;1;5;13;9;14;12;5;16;
a18DT=~~~44~S;p;;;;;;10.27.16;3;1;5;1;5378;;4;7;3;6;1;5;13;9;14;12;5;16;
*p23:13;;;;;;;10.27.31;3;1;5;1;5383;;4;7;3;6;1;5;13;9;14;12;5;16;
*c01:16;;;;;;;10.27.31;3;1;5;1;5387;;4;7;3;6;16;5;13;9;14;12;5;16;
*04SM-~~~17;;;;;;;10.27.46;3;1;5;1;5404;;4;7;3;6;16;5;13;9;14;12;5;16;
a14RM#~~~17~O;;;;;;;10.27.46;3;1;5;1;5404;;4;7;3;6;16;5;13;9;14;12;5;16;
a05ET+K1P;;;;;;;10.27.46;3;1;5;1;5404;;4;7;3;6;16;5;13;9;14;12;5;16;
a16AT-Y8~83~~1;;r;;;;;10.27.53;3;1;5;1;5407;;4;7;3;6;16;5;13;9;14;12;5;16;
*06BT+~~~~3~A1;;;;;;;10.27.53;3;1;5;1;5407;;4;7;3;6;16;5;13;9;14;12;5;16;
*13EH+~~F~4;;;;;;;10.27.53;3;1;5;1;5407;;4;7;3;6;16;5;13;9;14;12;5;16;
*07AH+G4~45~H2~4;;p;;;;;10.27.58;3;1;5;1;5411;;4;7;3;6;16;5;13;9;14;12;5;16;
a18DH/~~~45~S;;;;;;;10.27.58;3;1;5;1;5411;;4;7;3;6;16;5;13;9;14;12;5;16;
*13FH#;;;;;;;10.27.58;3;1;5;1;5412;;4;7;3;6;16;5;13;9;14;12;5;16;
*06AT+W2~24~H2C2;;p;;;;;10.28.02;3;1;5;1;5415;;4;7;3;6;16;5;13;9;14;12;5;16;
a14BT-~~~~4~A2;;;;;;;10.28.02;3;1;5;1;5415;;4;7;3;6;16;5;13;9;14;12;5;16;
*07AT#W4~45~H4X2;p;p;;;;;10.28.07;3;1;5;1;5419;;4;7;3;6;16;5;13;9;14;12;5;16;
a05DT=~~~45~S;p;;;;;;10.28.07;3;1;5;1;5419;;4;7;3;6;16;5;13;9;14;12;5;16;
*p24:13;;;;;;;10.28.09;3;1;5;1;5424;;4;7;3;6;16;5;13;9;14;12;5;16;
*04SM-~~~16;;;;;;;10.28.23;3;1;5;1;5440;;4;7;3;6;16;5;13;9;14;12;5;16;
a18RM+~~~16~~~~32;;;;;;;10.28.23;3;1;5;1;5440;;4;7;3;6;16;5;13;9;14;12;5;16;
a05ET+K1B;;;;;;;10.28.23;3;1;5;1;5440;;4;7;3;6;16;5;13;9;14;12;5;16;
a09AT#W2~26~H1X;s;r;;;;;10.28.28;3;1;5;1;5444;;4;7;3;6;16;5;13;9;14;12;5;16;
*15DT=~~~26~S;s;;;;;;10.28.28;3;1;5;1;5444;;4;7;3;6;16;5;13;9;14;12;5;16;
ap24:14;;;;;;;10.28.30;3;1;5;1;5449;;4;7;3;6;16;5;13;9;14;12;5;16;
az4;;;;;;;10.28.30;3;1;4;1;5446;;4;7;3;6;16;5;9;14;12;5;16;13;
a09SQ!~~~16;;;;;;;10.28.44;3;1;4;1;5461;;4;7;3;6;16;5;9;14;12;5;16;13;
*13RQ!~~~16~~~~22;;;;;;;10.28.44;3;1;4;1;5462;;4;7;3;6;16;5;9;14;12;5;16;13;
*04ET+KBF;;;;;;;10.28.44;3;1;4;1;5462;;4;7;3;6;16;5;9;14;12;5;16;13;
*06AT/W4~42~H2;p;r;;;;;10.28.51;3;1;4;1;5466;;4;7;3;6;16;5;9;14;12;5;16;13;
a12BT#~~~~2~A2;p;;;;;;10.28.51;3;1;4;1;5466;;4;7;3;6;16;5;9;14;12;5;16;13;
ap24:15;;;;;;;10.28.59;3;1;4;1;5471;;4;7;3;6;16;5;9;14;12;5;16;13;
a09SQ+~~~11;;;;;;;10.29.10;3;1;4;1;5487;;4;7;3;6;16;5;9;14;12;5;16;13;
*07RQ-~~~11;;;;;;;10.29.10;3;1;4;1;5487;;4;7;3;6;16;5;9;14;12;5;16;13;
*15EH+~~B~2;;;;;;;10.29.17;3;1;4;1;5491;;4;7;3;6;16;5;9;14;12;5;16;13;
*07AH/G2~23~H2;p;r;;;;;10.29.24;3;1;4;1;5493;;4;7;3;6;16;5;9;14;12;5;16;13;
a12BH#~~~~4~A2;p;;;;;;10.29.24;3;1;4;1;5493;;4;7;3;6;16;5;9;14;12;5;16;13;
ap24:16;;;;;;;10.29.28;3;1;4;1;5498;;4;7;3;6;16;5;9;14;12;5;16;13;
a09SQ!~~~15;;;;;;;10.29.32;3;1;4;1;5509;;4;7;3;6;16;5;9;14;12;5;16;13;
*16RQ!~~~15~~~~22;;;;;;;10.29.32;3;1;4;1;5509;;4;7;3;6;16;5;9;14;12;5;16;13;
*04ET+K9B;;;;;;;10.29.32;3;1;4;1;5509;;4;7;3;6;16;5;9;14;12;5;16;13;
*07AT=W2~25~H2O;p;r;;;;;10.29.40;3;1;4;1;5514;;4;7;3;6;16;5;9;14;12;5;16;13;
a$$&H#;p;;;;;;10.29.40;3;1;4;1;5514;;4;7;3;6;16;5;9;14;12;5;16;13;
ap24:17;;;;;;;10.29.42;3;1;4;1;5519;;4;7;3;6;16;5;9;14;12;5;16;13;
*T;;;;;;;10.29.42;3;1;4;1;5518;;4;7;3;6;16;5;9;14;12;5;16;13;
a09SQ=~~~11;s;;;;;;10.30.37;3;1;4;1;5574;;4;7;3;6;16;5;9;14;12;5;16;13;
*$$&H#;s;;;;;;10.30.37;3;1;4;1;5574;;4;7;3;6;16;5;9;14;12;5;16;13;
*p25:17;;;;;;;10.30.42;3;1;4;1;5578;;4;7;3;6;16;5;9;14;12;5;16;13;
**3set;;;;;;;10.30.42;4;1;4;1;5579;;;;;;;;;;;;;;
