*P09>LUp;;;;;;;;1;6;2;;;;2;18;22;11;16;9;7;3;6;1;5;4;
*z6>LUp;;;;;;;;1;6;2;;;;2;18;22;11;16;9;7;3;6;1;5;4;
aP04>LUp;;;;;;;;1;6;2;;;;2;18;22;11;16;9;7;3;6;1;5;4;
az6>LUp;;;;;;;;1;6;6;;;;2;18;22;11;16;9;7;3;6;1;5;4;
a07SQ=~~~55A;s;;;;;;22.08.05;1;6;6;1;216;;2;18;22;11;16;9;7;3;6;1;5;4;
*$$&H#;s;;;;;;22.08.05;1;6;6;1;216;;2;18;22;11;16;9;7;3;6;1;5;4;
*p01:00;;;;;;;22.08.11;1;6;6;1;220;;2;18;22;11;16;9;7;3;6;1;5;4;
*z5;;;;;;;22.08.11;1;5;6;1;222;;18;22;11;16;9;2;7;3;6;1;5;4;
*18SM!~~~59;;;;;;;22.08.25;1;5;6;1;236;;18;22;11;16;9;2;7;3;6;1;5;4;
a07RM!~~~59~O~~42;;;;;;;22.08.25;1;5;6;1;236;;18;22;11;16;9;2;7;3;6;1;5;4;
a04ET+KFB;;;;;;;22.08.25;1;5;6;1;236;;18;22;11;16;9;2;7;3;6;1;5;4;
a06AT#W2~22~H1;s;r;;;;;22.08.30;1;5;6;1;240;;18;22;11;16;9;2;7;3;6;1;5;4;
*22DT=~~~22~S;s;;;;;;22.08.30;1;5;6;1;240;;18;22;11;16;9;2;7;3;6;1;5;4;
ap01:01;;;;;;;22.08.34;1;5;6;1;244;;18;22;11;16;9;2;7;3;6;1;5;4;
az5;;;;;;;22.08.34;1;5;5;1;245;;18;22;11;16;9;2;3;6;1;5;4;7;
a03SM+~~~56;;;;;;;22.08.45;1;5;5;1;256;;18;22;11;16;9;2;3;6;1;5;4;7;
*02RM-~~~56;;;;;;;22.08.45;1;5;5;1;256;;18;22;11;16;9;2;3;6;1;5;4;7;
*09ET+~~B;;;;;;;22.08.45;1;5;5;1;256;;18;22;11;16;9;2;3;6;1;5;4;7;
*22AT#W2~25~H2;s;r;;;;;22.08.51;1;5;5;1;263;;18;22;11;16;9;2;3;6;1;5;4;7;
a01BT=~~~~4~~2;s;;;;;;22.08.51;1;5;5;1;263;;18;22;11;16;9;2;3;6;1;5;4;7;
*p02:01;;;;;;;22.08.54;1;5;5;1;267;;18;22;11;16;9;2;3;6;1;5;4;7;
*z4;;;;;;;22.08.54;1;4;5;1;265;;22;11;16;9;2;18;3;6;1;5;4;7;
*22SQ/~~~15A;;;;;;;22.09.08;1;4;5;1;279;;22;11;16;9;2;18;3;6;1;5;4;7;
a01RQ/~~~15AR;;;;;;;22.09.08;1;4;5;1;279;;22;11;16;9;2;18;3;6;1;5;4;7;
*11FH#;;;;;;;22.09.13;1;4;5;1;281;;22;11;16;9;2;18;3;6;1;5;4;7;
*09ET+~~B;;;;;;;22.09.13;1;4;5;1;281;;22;11;16;9;2;18;3;6;1;5;4;7;
*22AT#Y9~91~H1;p;p;;;;;22.09.15;1;4;5;1;286;;22;11;16;9;2;18;3;6;1;5;4;7;
a01BT=~~~~4~~1;p;;;;;;22.09.15;1;4;5;1;286;;22;11;16;9;2;18;3;6;1;5;4;7;
*p03:01;;;;;;;22.09.17;1;4;5;1;290;;22;11;16;9;2;18;3;6;1;5;4;7;
*22SQ#~~~11B;p;;;;;;22.09.39;1;4;5;1;304;;22;11;16;9;2;18;3;6;1;5;4;7;
a14RQ=~~~11BR;p;;;;;;22.09.39;1;4;5;1;304;;22;11;16;9;2;18;3;6;1;5;4;7;
*p04:01;;;;;;;22.09.41;1;4;5;1;309;;22;11;16;9;2;18;3;6;1;5;4;7;
*22SQ=~~~1~~~~N;s;;;;;;22.09.58;1;4;5;1;329;;22;11;16;9;2;18;3;6;1;5;4;7;
a$$&H#;s;;;;;;22.09.58;1;4;5;1;329;;22;11;16;9;2;18;3;6;1;5;4;7;
ap04:02;;;;;;;22.10.01;1;4;5;1;333;;22;11;16;9;2;18;3;6;1;5;4;7;
az4;;;;;;;22.10.01;1;4;4;1;332;;22;11;16;9;2;18;6;1;5;4;7;3;
a06SQ=~~~15C~~O;s;;;;;;22.10.25;1;4;4;1;356;;22;11;16;9;2;18;6;1;5;4;7;3;
*$$&H#;s;;;;;;22.10.25;1;4;4;1;356;;22;11;16;9;2;18;6;1;5;4;7;3;
*p05:02;;;;;;;22.10.29;1;4;4;1;360;;22;11;16;9;2;18;6;1;5;4;7;3;
*z3;;;;;;;22.10.29;1;3;4;1;360;;11;16;9;2;18;22;6;1;5;4;7;3;
*11SQ+~~~11C;;;;;;;22.10.45;1;3;4;1;373;;11;16;9;2;18;22;6;1;5;4;7;3;
a14RQ-~~~11C;;;;;;;22.10.45;1;3;4;1;373;;11;16;9;2;18;22;6;1;5;4;7;3;
a04EH+~~F;;;;;;;22.10.45;1;3;4;1;373;;11;16;9;2;18;22;6;1;5;4;7;3;
a01AH-G4~47~H3;;r;;;;;22.10.49;1;3;4;1;379;;11;16;9;2;18;22;6;1;5;4;7;3;
*20DH+~~~47;;;;;;;22.10.49;1;3;4;1;379;;11;16;9;2;18;22;6;1;5;4;7;3;
*09ET+~~P;;;;;;;22.10.49;1;3;4;1;379;;11;16;9;2;18;22;6;1;5;4;7;3;
*11AT/Y8~81~H3;s;p;;;;;22.10.53;1;3;4;1;383;;11;16;9;2;18;22;6;1;5;4;7;3;
a04BT#~~~~3~~3;s;;;;;;22.10.53;1;3;4;1;383;;11;16;9;2;18;22;6;1;5;4;7;3;
ap05:03;;;;;;;22.10.56;1;3;4;1;387;;11;16;9;2;18;22;6;1;5;4;7;3;
az3;;;;;;;22.10.56;1;3;3;1;387;;11;16;9;2;18;22;1;5;4;7;3;6;
a01SQ-~~~19A;;;;;;;22.11.16;1;3;3;1;406;;11;16;9;2;18;22;1;5;4;7;3;6;
*11RQ+~~~19A~~~32;;;;;;;22.11.16;1;3;3;1;406;;11;16;9;2;18;22;1;5;4;7;3;6;
*09EQ+K8C;;;;;;;22.11.16;1;3;3;1;406;;11;16;9;2;18;22;1;5;4;7;3;6;
*16AQ#J3~31~H1;s;r;;;;;22.11.20;1;3;3;1;410;;11;16;9;2;18;22;1;5;4;7;3;6;
a05BQ=~~~~3~~1;s;;;;;;22.11.20;1;3;3;1;410;;11;16;9;2;18;22;1;5;4;7;3;6;
*p06:03;;;;;;;22.11.25;1;3;3;1;414;;11;16;9;2;18;22;1;5;4;7;3;6;
*z2;;;;;;;22.11.25;1;2;3;1;416;;16;9;2;18;22;11;1;5;4;7;3;6;
*16SQ-~~~16A;;;;;;;22.11.36;1;2;3;1;427;;16;9;2;18;22;11;1;5;4;7;3;6;
a14RQ+~~~16A~~~32;;;;;;;22.11.36;1;2;3;1;427;;16;9;2;18;22;11;1;5;4;7;3;6;
a04ET+K8B;;;;;;;22.11.36;1;2;3;1;427;;16;9;2;18;22;11;1;5;4;7;3;6;
a06AT-Y9~96DH2;;r;;;;;22.11.41;1;2;3;1;431;;16;9;2;18;22;11;1;5;4;7;3;6;
*02BT+~~~~4~~2;;;;;;;22.11.41;1;2;3;1;431;;16;9;2;18;22;11;1;5;4;7;3;6;
a04DH/;;;;;;;22.11.41;1;2;3;1;431;;16;9;2;18;22;11;1;5;4;7;3;6;
*18FH/;;;;;;;22.11.45;1;2;3;1;432;;16;9;2;18;22;11;1;5;4;7;3;6;
a06FH+;;;;;;;22.11.46;1;2;3;1;435;;16;9;2;18;22;11;1;5;4;7;3;6;
a04ET+~~F;;;;;;;22.11.46;1;2;3;1;435;;16;9;2;18;22;11;1;5;4;7;3;6;
a07AT-W4~42~T2;;s;;;;;22.11.48;1;2;3;1;438;;16;9;2;18;22;11;1;5;4;7;3;6;
*02DT+~~~42;;;;;;;22.11.48;1;2;3;1;438;;16;9;2;18;22;11;1;5;4;7;3;6;
*09ET+;;;;;;;22.11.48;1;2;3;1;438;;16;9;2;18;22;11;1;5;4;7;3;6;
*11AT=Y8~85AH2;s;p;;;;;22.11.57;1;2;3;1;442;;16;9;2;18;22;11;1;5;4;7;3;6;
a$$&H#;s;;;;;;22.11.57;1;2;3;1;442;;16;9;2;18;22;11;1;5;4;7;3;6;
ap06:04;;;;;;;22.12.01;1;2;3;1;446;;16;9;2;18;22;11;1;5;4;7;3;6;
az2;;;;;;;22.12.01;1;2;2;1;452;;16;9;2;18;22;11;5;4;7;3;6;1;
a05SM-~~~57;;;;;;;22.12.15;1;2;2;1;466;;16;9;2;18;22;11;5;4;7;3;6;1;
*02RM+~~~57~O~~21;;;;;;;22.12.15;1;2;2;1;466;;16;9;2;18;22;11;5;4;7;3;6;1;
*09ET+K2B;;;;;;;22.12.15;1;2;2;1;466;;16;9;2;18;22;11;5;4;7;3;6;1;
*22AT/Y9~96AH1;p;r;;;;;22.12.20;1;2;2;1;470;;16;9;2;18;22;11;5;4;7;3;6;1;
a07BT#~~~~4~~1;p;;;;;;22.12.20;1;2;2;1;470;;16;9;2;18;22;11;5;4;7;3;6;1;
ap06:05;;;;;;;22.12.23;1;2;2;1;474;;16;9;2;18;22;11;5;4;7;3;6;1;
a05SM!~~~57;;;;;;;22.12.45;1;2;2;1;496;;16;9;2;18;22;11;5;4;7;3;6;1;
*02RM!~~~57~~~~32;;;;;;;22.12.45;1;2;2;1;496;;16;9;2;18;22;11;5;4;7;3;6;1;
*09ET+K8F;;;;;;;22.12.45;1;2;2;1;496;;16;9;2;18;22;11;5;4;7;3;6;1;
*02AT#W4~47CH2;s;r;;;;;22.12.51;1;2;2;1;501;;16;9;2;18;22;11;5;4;7;3;6;1;
a05DT=~~~47C;s;;;;;;22.12.51;1;2;2;1;501;;16;9;2;18;22;11;5;4;7;3;6;1;
*p07:05;;;;;;;22.12.53;1;2;2;1;505;;16;9;2;18;22;11;5;4;7;3;6;1;
*z1;;;;;;;22.12.53;1;1;2;1;504;;9;2;18;22;11;16;5;4;7;3;6;1;
*09SM!~~~17D;;;;;;;22.13.15;1;1;2;1;525;;9;2;18;22;11;16;5;4;7;3;6;1;
a07RM!~~~17D~~~42;;;;;;;22.13.15;1;1;2;1;525;;9;2;18;22;11;16;5;4;7;3;6;1;
a04ET+KFF;;;;;;;22.13.15;1;1;2;1;525;;9;2;18;22;11;16;5;4;7;3;6;1;
a07AT#W4~47~H1;s;r;;;;;22.13.20;1;1;2;1;529;;9;2;18;22;11;16;5;4;7;3;6;1;
*20DT=~~~47~S;s;;;;;;22.13.20;1;1;2;1;529;;9;2;18;22;11;16;5;4;7;3;6;1;
ap07:06;;;;;;;22.13.22;1;1;2;1;533;;9;2;18;22;11;16;5;4;7;3;6;1;
az1;;;;;;;22.13.22;1;1;1;1;533;;9;2;18;22;11;16;4;7;3;6;1;5;
a04SM-~~~19;;;;;;;22.13.37;1;1;1;1;548;;9;2;18;22;11;16;4;7;3;6;1;5;
*02RM+~~~19~~~~32;;;;;;;22.13.37;1;1;1;1;548;;9;2;18;22;11;16;4;7;3;6;1;5;
*09EQ+K2C;;;;;;;22.13.37;1;1;1;1;548;;9;2;18;22;11;16;4;7;3;6;1;5;
*18AQ#J2~31~H2;s;r;;;;;22.13.42;1;1;1;1;552;;9;2;18;22;11;16;4;7;3;6;1;5;
a03BQ=~~~~3~~2;s;;;;;;22.13.42;1;1;1;1;552;;9;2;18;22;11;16;4;7;3;6;1;5;
*p08:06;;;;;;;22.13.45;1;1;1;1;556;;9;2;18;22;11;16;4;7;3;6;1;5;
*z6;;;;;;;22.13.45;1;6;1;1;556;;2;18;22;11;16;9;4;7;3;6;1;5;
*02SQ+~~~18A;;;;;;;22.14.00;1;6;1;1;571;;2;18;22;11;16;9;4;7;3;6;1;5;
a14RQ-~~~18A;;;;;;;22.14.00;1;6;1;1;571;;2;18;22;11;16;9;4;7;3;6;1;5;
a04EQ+KCC;;;;;;;22.14.00;1;6;1;1;571;;2;18;22;11;16;9;4;7;3;6;1;5;
a03AQ/J1~36~H1;p;r;;;;;22.14.06;1;6;1;1;575;;2;18;22;11;16;9;4;7;3;6;1;5;
*18BQ#~~~~3~~1;p;;;;;;22.14.06;1;6;1;1;575;;2;18;22;11;16;9;4;7;3;6;1;5;
*p09:06;;;;;;;22.14.14;1;6;1;1;579;;2;18;22;11;16;9;4;7;3;6;1;5;
*02SQ!~~~11;;;;;;;22.14.25;1;6;1;1;596;;2;18;22;11;16;9;4;7;3;6;1;5;
a07RQ!~~~11~~~~32;;;;;;;22.14.25;1;6;1;1;596;;2;18;22;11;16;9;4;7;3;6;1;5;
a04ET+K8B;;;;;;;22.14.25;1;6;1;1;596;;2;18;22;11;16;9;4;7;3;6;1;5;
a07AT#W2~25~H2;s;r;;;;;22.14.30;1;6;1;1;600;;2;18;22;11;16;9;4;7;3;6;1;5;
*11BT=~~~~4~~2;s;;;;;;22.14.30;1;6;1;1;600;;2;18;22;11;16;9;4;7;3;6;1;5;
ap09:07;;;;;;;22.14.32;1;6;1;1;604;;2;18;22;11;16;9;4;7;3;6;1;5;
az6;;;;;;;22.14.32;1;6;6;1;603;;2;18;22;11;16;9;7;3;6;1;5;4;
a07SQ!~~~51C;;;;;;;22.14.52;1;6;6;1;624;;2;18;22;11;16;9;7;3;6;1;5;4;
*02RQ!~~~51C~~~22;;;;;;;22.14.52;1;6;6;1;624;;2;18;22;11;16;9;7;3;6;1;5;4;
*09ET+K9P;;;;;;;22.14.52;1;6;6;1;624;;2;18;22;11;16;9;7;3;6;1;5;4;
*02AT#Y8~81CH1;s;r;;;;;22.14.58;1;6;6;1;630;;2;18;22;11;16;9;7;3;6;1;5;4;
a04DT=~~~81C;s;;;;;;22.14.58;1;6;6;1;630;;2;18;22;11;16;9;7;3;6;1;5;4;
*p10:07;;;;;;;22.15.01;1;6;6;1;634;;2;18;22;11;16;9;7;3;6;1;5;4;
*z5;;;;;;;22.15.01;1;5;6;1;632;;18;22;11;16;9;2;7;3;6;1;5;4;
*18SM!~~~61;;;;;;;22.15.24;1;5;6;1;645;;18;22;11;16;9;2;7;3;6;1;5;4;
a07RM!~~~61~O~~31;;;;;;;22.15.24;1;5;6;1;645;;18;22;11;16;9;2;7;3;6;1;5;4;
a04EQ+KCC~~~1;;;;;;;22.15.24;1;5;6;1;645;;18;22;11;16;9;2;7;3;6;1;5;4;
a03AQ+J1~32~P1;;r;;;;;22.15.26;1;5;6;1;649;;18;22;11;16;9;2;7;3;6;1;5;4;
*22DQ/~~~32;;;;;;;22.15.26;1;5;6;1;649;;18;22;11;16;9;2;7;3;6;1;5;4;
a14FH#;;;;;;;22.15.26;1;5;6;1;650;;18;22;11;16;9;2;7;3;6;1;5;4;
a04EQ+~~C~~~2;;;;;;;22.15.26;1;5;6;1;650;;18;22;11;16;9;2;7;3;6;1;5;4;
a03AQ-J1~37AP1;;s;;;;;22.15.26;1;5;6;1;656;;18;22;11;16;9;2;7;3;6;1;5;4;
*18DQ+~~~37A;;;;;;;22.15.26;1;5;6;1;656;;18;22;11;16;9;2;7;3;6;1;5;4;
*09ET+~~B;;;;;;;22.15.26;1;5;6;1;656;;18;22;11;16;9;2;7;3;6;1;5;4;
*22AT#W2~26AH1;p;p;;;;;22.15.29;1;5;6;1;660;;18;22;11;16;9;2;7;3;6;1;5;4;
a07DT=~~~26A;p;;;;;;22.15.29;1;5;6;1;660;;18;22;11;16;9;2;7;3;6;1;5;4;
*p11:07;;;;;;;22.15.32;1;5;6;1;664;;18;22;11;16;9;2;7;3;6;1;5;4;
*18SM-~~~66B;;;;;;;22.16.01;1;5;6;1;678;;18;22;11;16;9;2;7;3;6;1;5;4;
a07RM#~~~66BO;;;;;;;22.16.01;1;5;6;1;678;;18;22;11;16;9;2;7;3;6;1;5;4;
a04EQ+K1C;;;;;;;22.16.01;1;5;6;1;678;;18;22;11;16;9;2;7;3;6;1;5;4;
a03AQ#J4~39~H1X;s;r;;;;;22.16.02;1;5;6;1;682;;18;22;11;16;9;2;7;3;6;1;5;4;
*09DQ=~~~39~S;s;;;;;;22.16.02;1;5;6;1;682;;18;22;11;16;9;2;7;3;6;1;5;4;
ap11:08;;;;;;;22.16.05;1;5;6;1;686;;18;22;11;16;9;2;7;3;6;1;5;4;
az5;;;;;;;22.16.05;1;5;5;1;696;;18;22;11;16;9;2;3;6;1;5;4;7;
a03SM-~~~56C;;;;;;;22.16.06;1;5;5;1;697;;18;22;11;16;9;2;3;6;1;5;4;7;
*02RM+~~~56C~~~21;;;;;;;22.16.06;1;5;5;1;697;;18;22;11;16;9;2;3;6;1;5;4;7;
*09ET+K2F;;;;;;;22.16.06;1;5;5;1;697;;18;22;11;16;9;2;3;6;1;5;4;7;
*11AT=W4~47CH1S;p;r;;;;;22.16.11;1;5;5;1;701;;18;22;11;16;9;2;3;6;1;5;4;7;
a$$&H#;p;;;;;;22.16.11;1;5;5;1;701;;18;22;11;16;9;2;3;6;1;5;4;7;
ap11:09;;;;;;;22.16.14;1;5;5;1;705;;18;22;11;16;9;2;3;6;1;5;4;7;
a03SM-~~~58;;;;;;;22.16.28;1;5;5;1;718;;18;22;11;16;9;2;3;6;1;5;4;7;
*02RM#~~~58;;;;;;;22.16.28;1;5;5;1;718;;18;22;11;16;9;2;3;6;1;5;4;7;
*09ET+K2B;;;;;;;22.16.28;1;5;5;1;718;;18;22;11;16;9;2;3;6;1;5;4;7;
*22AT#W2~21~H1;s;r;;;;;22.16.34;1;5;5;1;723;;18;22;11;16;9;2;3;6;1;5;4;7;
a01BT=~~~~4~~1;s;;;;;;22.16.34;1;5;5;1;723;;18;22;11;16;9;2;3;6;1;5;4;7;
*p12:09;;;;;;;22.16.37;1;5;5;1;727;;18;22;11;16;9;2;3;6;1;5;4;7;
*z4;;;;;;;22.16.37;1;4;5;1;728;;22;11;16;9;2;18;3;6;1;5;4;7;
*22SQ#~~~11C;p;;;;;;22.16.48;1;4;5;1;739;;22;11;16;9;2;18;3;6;1;5;4;7;
a14RQ=~~~11CL;p;;;;;;22.16.48;1;4;5;1;739;;22;11;16;9;2;18;3;6;1;5;4;7;
*p13:09;;;;;;;22.16.52;1;4;5;1;743;;22;11;16;9;2;18;3;6;1;5;4;7;
*22SQ-~~~16~~~N;;;;;;;22.17.06;1;4;5;1;757;;22;11;16;9;2;18;3;6;1;5;4;7;
a07RQ#~~~16~W;;;;;;;22.17.06;1;4;5;1;757;;22;11;16;9;2;18;3;6;1;5;4;7;
a04EQ+K1C;;;;;;;22.17.06;1;4;5;1;757;;22;11;16;9;2;18;3;6;1;5;4;7;
a05AQ+J4~39~H1;;r;;;;;22.17.12;1;4;5;1;761;;22;11;16;9;2;18;3;6;1;5;4;7;
*22DQ/~~~39;;;;;;;22.17.12;1;4;5;1;761;;22;11;16;9;2;18;3;6;1;5;4;7;
a01FH#;;;;;;;22.17.15;1;4;5;1;762;;22;11;16;9;2;18;3;6;1;5;4;7;
a04ET+~~F;;;;;;;22.17.15;1;4;5;1;762;;22;11;16;9;2;18;3;6;1;5;4;7;
a01AT=W4~41DH1O;p;s;;;;;22.17.18;1;4;5;1;767;;22;11;16;9;2;18;3;6;1;5;4;7;
*$$&H#;p;;;;;;22.17.18;1;4;5;1;767;;22;11;16;9;2;18;3;6;1;5;4;7;
*p14:09;;;;;;;22.17.20;1;4;5;1;771;;22;11;16;9;2;18;3;6;1;5;4;7;
*22SQ=~~~11A~~O;s;;;;;;22.17.39;1;4;5;1;786;;22;11;16;9;2;18;3;6;1;5;4;7;
a$$&H#;s;;;;;;22.17.39;1;4;5;1;786;;22;11;16;9;2;18;3;6;1;5;4;7;
ap14:10;;;;;;;22.17.42;1;4;5;1;789;;22;11;16;9;2;18;3;6;1;5;4;7;
az4;;;;;;;22.17.42;1;4;4;1;793;;22;11;16;9;2;18;6;1;5;4;7;3;
a06SQ+~~~16C;;;;;;;22.17.58;1;4;4;1;809;;22;11;16;9;2;18;6;1;5;4;7;3;
*02RQ-~~~16C;;;;;;;22.17.58;1;4;4;1;809;;22;11;16;9;2;18;6;1;5;4;7;3;
*20EH+~~F~~~2;;;;;;;22.18.03;1;4;4;1;809;;22;11;16;9;2;18;6;1;5;4;7;3;
*11AH-G4~45AP3;;r;;;;;22.18.05;1;4;4;1;814;;22;11;16;9;2;18;6;1;5;4;7;3;
a07DH+~~~45A;;;;;;;22.18.05;1;4;4;1;814;;22;11;16;9;2;18;6;1;5;4;7;3;
a04ET+~~B;;;;;;;22.18.05;1;4;4;1;814;;22;11;16;9;2;18;6;1;5;4;7;3;
a06AT#Y9~95~H2;p;p;;;;;22.18.09;1;4;4;1;818;;22;11;16;9;2;18;6;1;5;4;7;3;
*11BT=~~~~4~~2;p;;;;;;22.18.09;1;4;4;1;818;;22;11;16;9;2;18;6;1;5;4;7;3;
ap14:11;;;;;;;22.18.11;1;4;4;1;822;;22;11;16;9;2;18;6;1;5;4;7;3;
a06SQ-~~~15;;;;;;;22.18.29;1;4;4;1;841;;22;11;16;9;2;18;6;1;5;4;7;3;
*02RQ+~~~15~~~~21;;;;;;;22.18.29;1;4;4;1;841;;22;11;16;9;2;18;6;1;5;4;7;3;
*09ET+K9B;;;;;;;22.18.29;1;4;4;1;841;;22;11;16;9;2;18;6;1;5;4;7;3;
*22AT-Y9~91~H2;;r;;;;;22.18.36;1;4;4;1;846;;22;11;16;9;2;18;6;1;5;4;7;3;
a06DT+~~~91;;;;;;;22.18.36;1;4;4;1;846;;22;11;16;9;2;18;6;1;5;4;7;3;
a04ET+~~B;;;;;;;22.18.36;1;4;4;1;846;;22;11;16;9;2;18;6;1;5;4;7;3;
a06AT-Y9~96~H2;;p;;;;;22.18.39;1;4;4;1;850;;22;11;16;9;2;18;6;1;5;4;7;3;
*11BT+~~~~4~~2;;;;;;;22.18.39;1;4;4;1;850;;22;11;16;9;2;18;6;1;5;4;7;3;
*02DH+;;;;;;;22.18.41;1;4;4;1;850;;22;11;16;9;2;18;6;1;5;4;7;3;
*09EH+~~B;;;;;;;22.18.41;1;4;4;1;850;;22;11;16;9;2;18;6;1;5;4;7;3;
*22AH#G9~94~P2;s;s;;;;;22.18.42;1;4;4;1;854;;22;11;16;9;2;18;6;1;5;4;7;3;
a05BH=~~~~4~~2;s;;;;;;22.18.42;1;4;4;1;854;;22;11;16;9;2;18;6;1;5;4;7;3;
*p15:11;;;;;;;22.18.49;1;4;4;1;858;;22;11;16;9;2;18;6;1;5;4;7;3;
*z3;;;;;;;22.18.49;1;3;4;1;860;;11;16;9;2;18;22;6;1;5;4;7;3;
*11SQ+~~~18D;;;;;;;22.19.04;1;3;4;1;875;;11;16;9;2;18;22;6;1;5;4;7;3;
a01RQ-~~~18D;;;;;;;22.19.04;1;3;4;1;875;;11;16;9;2;18;22;6;1;5;4;7;3;
a04ET+~~B;;;;;;;22.19.12;1;3;4;1;875;;11;16;9;2;18;22;6;1;5;4;7;3;
a06AT-Y9~93~P2;;r;;;;;22.19.10;1;3;4;1;879;;11;16;9;2;18;22;6;1;5;4;7;3;
*09DT+~~~93;;;;;;;22.19.10;1;3;4;1;879;;11;16;9;2;18;22;6;1;5;4;7;3;
*20EH+~~B~~~2;;;;;;;22.19.10;1;3;4;1;879;;11;16;9;2;18;22;6;1;5;4;7;3;
*22AH-G9~94~H2N;;p;;;;;22.19.13;1;3;4;1;883;;11;16;9;2;18;22;6;1;5;4;7;3;
a04DH+~~~94;;;;;;;22.19.13;1;3;4;1;883;;11;16;9;2;18;22;6;1;5;4;7;3;
a07EH+~~F;;;;;;;22.19.13;1;3;4;1;883;;11;16;9;2;18;22;6;1;5;4;7;3;
a01AH/G4~45~H2;p;s;;;;;22.19.18;1;3;4;1;888;;11;16;9;2;18;22;6;1;5;4;7;3;
*16BH#~~~~2~~2;p;;;;;;22.19.18;1;3;4;1;888;;11;16;9;2;18;22;6;1;5;4;7;3;
*p16:11;;;;;;;22.19.21;1;3;4;1;892;;11;16;9;2;18;22;6;1;5;4;7;3;
*11SQ-~~~16;;;;;;;22.20.35;1;3;4;1;966;;11;16;9;2;18;22;6;1;5;4;7;3;
a07RQ#~~~16;;;;;;;22.20.35;1;3;4;1;966;;11;16;9;2;18;22;6;1;5;4;7;3;
a04ET+K1P;;;;;;;22.20.43;1;3;4;1;966;;11;16;9;2;18;22;6;1;5;4;7;3;
a07AT-Y8~85AH0;;r;;;;;22.20.41;1;3;4;1;971;;11;16;9;2;18;22;6;1;5;4;7;3;
*20DT+~~~85A;;;;;;;22.20.41;1;3;4;1;971;;11;16;9;2;18;22;6;1;5;4;7;3;
*02EH=~~~~~~2;s;;;;;;22.20.41;1;3;4;1;973;;11;16;9;2;18;22;6;1;5;4;7;3;
a$$&H#;s;;;;;;22.20.41;1;3;4;1;973;;11;16;9;2;18;22;6;1;5;4;7;3;
ap16:12;;;;;;;22.20.50;1;3;4;1;977;;11;16;9;2;18;22;6;1;5;4;7;3;
az3;;;;;;;22.20.50;1;3;3;1;981;;11;16;9;2;18;22;1;5;4;7;3;6;
*c11:19;;;;;;;22.20.50;1;3;3;1;981;;19;16;9;2;18;22;1;5;4;7;3;6;
a01SQ-~~~15A;;;;;;;22.21.15;1;3;3;1;1006;;19;16;9;2;18;22;1;5;4;7;3;6;
*20RQ+~~~15A~~~32;;;;;;;22.21.15;1;3;3;1;1006;;19;16;9;2;18;22;1;5;4;7;3;6;
*09EQ+K1C;;;;;;;22.21.22;1;3;3;1;1006;;19;16;9;2;18;22;1;5;4;7;3;6;
*16AQ-J4~37~P1;;r;;;;;22.21.20;1;3;3;1;1010;;19;16;9;2;18;22;1;5;4;7;3;6;
a14DQ+~~~37;;;;;;;22.21.20;1;3;3;1;1010;;19;16;9;2;18;22;1;5;4;7;3;6;
a01EH+~~F~~~2;;;;;;;22.21.25;1;3;3;1;1010;;19;16;9;2;18;22;1;5;4;7;3;6;
a07AH-G4~42~T2;;p;;;;;22.21.23;1;3;3;1;1013;;19;16;9;2;18;22;1;5;4;7;3;6;
*09DH+~~~42;;;;;;;22.21.23;1;3;3;1;1013;;19;16;9;2;18;22;1;5;4;7;3;6;
*20EH+~~F~~~2;;;;;;;22.21.23;1;3;3;1;1013;;19;16;9;2;18;22;1;5;4;7;3;6;
*02AH-G4~41~H3;;s;;;;;22.21.27;1;3;3;1;1017;;19;16;9;2;18;22;1;5;4;7;3;6;
a04BH+~~~~2~~3;;;;;;;22.21.27;1;3;3;1;1017;;19;16;9;2;18;22;1;5;4;7;3;6;
a06DH+;;;;;;;22.21.28;1;3;3;1;1017;;19;16;9;2;18;22;1;5;4;7;3;6;
a04ET+~~F;;;;;;;22.21.28;1;3;3;1;1017;;19;16;9;2;18;22;1;5;4;7;3;6;
a07AT+W4~45~H2;;p;;;;;22.21.30;1;3;3;1;1020;;19;16;9;2;18;22;1;5;4;7;3;6;
*16BT-~~~~2~~2;;;;;;;22.21.30;1;3;3;1;1020;;19;16;9;2;18;22;1;5;4;7;3;6;
a01DH+;;;;;;;22.21.32;1;3;3;1;1020;;19;16;9;2;18;22;1;5;4;7;3;6;
a04EQ+~~C;;;;;;;22.21.32;1;3;3;1;1020;;19;16;9;2;18;22;1;5;4;7;3;6;
a05AQ#J3~36~H1;p;p;;;;;22.21.34;1;3;3;1;1024;;19;16;9;2;18;22;1;5;4;7;3;6;
*02BQ=~~~~3~~1;p;;;;;;22.21.34;1;3;3;1;1024;;19;16;9;2;18;22;1;5;4;7;3;6;
ap16:13;;;;;;;22.21.40;1;3;3;1;1028;;19;16;9;2;18;22;1;5;4;7;3;6;
a01SQ=~~~11A~~O;s;;;;;;22.22.00;1;3;3;1;1051;;19;16;9;2;18;22;1;5;4;7;3;6;
*$$&H#;s;;;;;;22.22.00;1;3;3;1;1051;;19;16;9;2;18;22;1;5;4;7;3;6;
*p17:13;;;;;;;22.22.04;1;3;3;1;1055;;19;16;9;2;18;22;1;5;4;7;3;6;
*z2;;;;;;;22.22.04;1;2;3;1;1055;;16;9;2;18;22;19;1;5;4;7;3;6;
*16SQ-~~~15;;;;;;;22.22.19;1;2;3;1;1070;;16;9;2;18;22;19;1;5;4;7;3;6;
a07RQ#~~~15;;;;;;;22.22.19;1;2;3;1;1070;;16;9;2;18;22;19;1;5;4;7;3;6;
a04EQ+K1C;;;;;;;22.22.19;1;2;3;1;1070;;16;9;2;18;22;19;1;5;4;7;3;6;
a05AQ#J4~36AH2;s;r;;;;;22.22.23;1;2;3;1;1073;;16;9;2;18;22;19;1;5;4;7;3;6;
*19DQ=~~~36A;s;;;;;;22.22.23;1;2;3;1;1073;;16;9;2;18;22;19;1;5;4;7;3;6;
ap17:14;;;;;;;22.22.27;1;2;3;1;1077;;16;9;2;18;22;19;1;5;4;7;3;6;
az2;;;;;;;22.22.27;1;2;2;1;1078;;16;9;2;18;22;19;5;4;7;3;6;1;
a05SM#~~~56B;p;;;;;;22.22.46;1;2;2;1;1097;;16;9;2;18;22;19;5;4;7;3;6;1;
*19RM=~~~56BR;p;;;;;;22.22.46;1;2;2;1;1097;;16;9;2;18;22;19;5;4;7;3;6;1;
ap17:15;;;;;;;22.22.51;1;2;2;1;1101;;16;9;2;18;22;19;5;4;7;3;6;1;
a05SM-~~~57;;;;;;;22.23.13;1;2;2;1;1124;;16;9;2;18;22;19;5;4;7;3;6;1;
*02RM+~~~57~O~~32;;;;;;;22.23.13;1;2;2;1;1124;;16;9;2;18;22;19;5;4;7;3;6;1;
*09ET+K1F;;;;;;;22.23.13;1;2;2;1;1124;;16;9;2;18;22;19;5;4;7;3;6;1;
*02AT#W4~47BH1;s;r;;;;;22.23.18;1;2;2;1;1128;;16;9;2;18;22;19;5;4;7;3;6;1;
a05DT=~~~47B;s;;;;;;22.23.18;1;2;2;1;1128;;16;9;2;18;22;19;5;4;7;3;6;1;
*p18:15;;;;;;;22.23.21;1;2;2;1;1132;;16;9;2;18;22;19;5;4;7;3;6;1;
*z1;;;;;;;22.23.21;1;1;2;1;1132;;9;2;18;22;19;16;5;4;7;3;6;1;
*09SM!~~~55B;;;;;;;22.23.39;1;1;2;1;1149;;9;2;18;22;19;16;5;4;7;3;6;1;
a01RM!~~~55B~~~22;;;;;;;22.23.39;1;1;2;1;1149;;9;2;18;22;19;16;5;4;7;3;6;1;
a04ET+K9B;;;;;;;22.23.39;1;1;2;1;1149;;9;2;18;22;19;16;5;4;7;3;6;1;
a06AT+Y9~91~H2;;r;;;;;22.23.44;1;1;2;1;1154;;9;2;18;22;19;16;5;4;7;3;6;1;
*09DT-~~~91;;;;;;;22.23.44;1;1;2;1;1154;;9;2;18;22;19;16;5;4;7;3;6;1;
*22EH/;;;;;;;22.23.47;1;1;2;1;1154;;9;2;18;22;19;16;5;4;7;3;6;1;
a03AO-V3~3~~H1;;s;;;;;22.23.50;1;1;2;1;1157;;9;2;18;22;19;16;5;4;7;3;6;1;
*18BO+~~~~3~~1;;;;;;;22.23.50;1;1;2;1;1157;;9;2;18;22;19;16;5;4;7;3;6;1;
*20DH+;;;;;;;22.23.50;1;1;2;1;1157;;9;2;18;22;19;16;5;4;7;3;6;1;
*18EH+~~F;;;;;;;22.23.50;1;1;2;1;1157;;9;2;18;22;19;16;5;4;7;3;6;1;
*02AH-G4~41~H2;;p;;;;;22.23.51;1;1;2;1;1161;;9;2;18;22;19;16;5;4;7;3;6;1;
a06DH+~~~41;;;;;;;22.23.51;1;1;2;1;1161;;9;2;18;22;19;16;5;4;7;3;6;1;
a04ET+~~F;;;;;;;22.23.51;1;1;2;1;1161;;9;2;18;22;19;16;5;4;7;3;6;1;
a07AT#W4~41~H2;s;s;;;;;22.23.55;1;1;2;1;1165;;9;2;18;22;19;16;5;4;7;3;6;1;
*22BT=~~~~2~~2;s;;;;;;22.23.55;1;1;2;1;1165;;9;2;18;22;19;16;5;4;7;3;6;1;
ap18:16;;;;;;;22.23.58;1;1;2;1;1169;;9;2;18;22;19;16;5;4;7;3;6;1;
az1;;;;;;;22.23.58;1;1;1;1;1167;;9;2;18;22;19;16;4;7;3;6;1;5;
a04SM!~~~11;;;;;;;22.24.15;1;1;1;1;1186;;9;2;18;22;19;16;4;7;3;6;1;5;
*20RM!~~~11~~~~31;;;;;;;22.24.15;1;1;1;1;1186;;9;2;18;22;19;16;4;7;3;6;1;5;
*09EQ+KCC~~~1;;;;;;;22.24.15;1;1;1;1;1186;;9;2;18;22;19;16;4;7;3;6;1;5;
*18AQ+J1~37AH1;;r;;;;;22.24.20;1;1;1;1;1191;;9;2;18;22;19;16;4;7;3;6;1;5;
a14DQ-~~~37A;;;;;;;22.24.20;1;1;1;1;1191;;9;2;18;22;19;16;4;7;3;6;1;5;
a01EH-~~B;;;;;;;22.24.20;1;1;1;1;1191;;9;2;18;22;19;16;4;7;3;6;1;5;
a06AH-G2~26~P0;;p;;;;;22.24.24;1;1;1;1;1195;;9;2;18;22;19;16;4;7;3;6;1;5;
*20DH+~~~26;;;;;;;22.24.24;1;1;1;1;1195;;9;2;18;22;19;16;4;7;3;6;1;5;
*09ET+~~F;;;;;;;22.24.24;1;1;1;1;1195;;9;2;18;22;19;16;4;7;3;6;1;5;
*22AT#W4~41~H1;s;s;;;;;22.24.28;1;1;1;1;1198;;9;2;18;22;19;16;4;7;3;6;1;5;
a06BT=~~~~2~~1;s;;;;;;22.24.28;1;1;1;1;1198;;9;2;18;22;19;16;4;7;3;6;1;5;
*p19:16;;;;;;;22.24.33;1;1;1;1;1202;;9;2;18;22;19;16;4;7;3;6;1;5;
*z6;;;;;;;22.24.33;1;6;1;1;1202;;2;18;22;19;16;9;4;7;3;6;1;5;
*02SQ-~~~11;;;;;;;22.24.46;1;6;1;1;1216;;2;18;22;19;16;9;4;7;3;6;1;5;
a07RQ+~~~11~~~~21;;;;;;;22.24.46;1;6;1;1;1216;;2;18;22;19;16;9;4;7;3;6;1;5;
a04ET+K1B;;;;;;;22.24.46;1;6;1;1;1216;;2;18;22;19;16;9;4;7;3;6;1;5;
a07AT+W2~24~T2;;r;;;;;22.24.51;1;6;1;1;1221;;2;18;22;19;16;9;4;7;3;6;1;5;
*20DT-~~~24;;;;;;;22.24.51;1;6;1;1;1221;;2;18;22;19;16;9;4;7;3;6;1;5;
*18EH/~~B~~~2;;;;;;;22.24.51;1;6;1;1;1221;;2;18;22;19;16;9;4;7;3;6;1;5;
a06FH+;;;;;;;22.24.57;1;6;1;1;1224;;2;18;22;19;16;9;4;7;3;6;1;5;
a04ET+~~B;;;;;;;22.24.57;1;6;1;1;1224;;2;18;22;19;16;9;4;7;3;6;1;5;
a07AT#W2~21~H2;s;s;;;;;22.24.57;1;6;1;1;1228;;2;18;22;19;16;9;4;7;3;6;1;5;
*09DT=~~~21;s;;;;;;22.24.57;1;6;1;1;1228;;2;18;22;19;16;9;4;7;3;6;1;5;
ap19:17;;;;;;;22.25.01;1;6;1;1;1232;;2;18;22;19;16;9;4;7;3;6;1;5;
az6;;;;;;;22.25.01;1;6;6;1;1230;;2;18;22;19;16;9;7;3;6;1;5;4;
a07SQ!~~~56;;;;;;;22.25.23;1;6;6;1;1253;;2;18;22;19;16;9;7;3;6;1;5;4;
*20RQ!~~~56~~~~41;;;;;;;22.25.23;1;6;6;1;1253;;2;18;22;19;16;9;7;3;6;1;5;4;
*09EQ+KFC;;;;;;;22.25.23;1;6;6;1;1253;;2;18;22;19;16;9;7;3;6;1;5;4;
*18AQ-J3~33~T1;;r;;;;;22.25.27;1;6;6;1;1258;;2;18;22;19;16;9;7;3;6;1;5;4;
a01DQ+~~~33;;;;;;;22.25.27;1;6;6;1;1258;;2;18;22;19;16;9;7;3;6;1;5;4;
a04ET+~~F;;;;;;;22.25.27;1;6;6;1;1258;;2;18;22;19;16;9;7;3;6;1;5;4;
a01AT#W4~41~H2;p;p;;;;;22.25.30;1;6;6;1;1261;;2;18;22;19;16;9;7;3;6;1;5;4;
*22BT=~~~~2~~2;p;;;;;;22.25.30;1;6;6;1;1261;;2;18;22;19;16;9;7;3;6;1;5;4;
ap19:18;;;;;;;22.25.36;1;6;6;1;1265;;2;18;22;19;16;9;7;3;6;1;5;4;
*T;;;;;;;22.25.36;1;6;6;1;1265;;2;18;22;19;16;9;7;3;6;1;5;4;
*c19:11;;;;;;;22.25.36;1;6;6;1;1265;;2;18;22;11;16;9;7;3;6;1;5;4;
a07SQ-~~~56C;;;;;;;22.26.55;1;6;6;1;1346;;2;18;22;11;16;9;7;3;6;1;5;4;
*20RQ+~~~56C~~~32;;;;;;;22.26.55;1;6;6;1;1346;;2;18;22;11;16;9;7;3;6;1;5;4;
*09EQ+K1C;;;;;;;22.26.55;1;6;6;1;1346;;2;18;22;11;16;9;7;3;6;1;5;4;
*18AQ-J4~37AH1;;r;;;;;22.27.00;1;6;6;1;1352;;2;18;22;11;16;9;7;3;6;1;5;4;
a14DQ+~~~37A;;;;;;;22.27.00;1;6;6;1;1352;;2;18;22;11;16;9;7;3;6;1;5;4;
a04EH+~~F;;;;;;;22.27.00;1;6;6;1;1352;;2;18;22;11;16;9;7;3;6;1;5;4;
a01AH-G4~47CH2;;p;;;;;22.27.03;1;6;6;1;1355;;2;18;22;11;16;9;7;3;6;1;5;4;
*11DH+~~~47C;;;;;;;22.27.03;1;6;6;1;1355;;2;18;22;11;16;9;7;3;6;1;5;4;
*09EH+~~F;;;;;;;22.27.03;1;6;6;1;1355;;2;18;22;11;16;9;7;3;6;1;5;4;
*11AH#G4~45~H2;s;s;;;;;22.27.06;1;6;6;1;1359;;2;18;22;11;16;9;7;3;6;1;5;4;
a03BH=~~~~2~~2;s;;;;;;22.27.06;1;6;6;1;1359;;2;18;22;11;16;9;7;3;6;1;5;4;
*p20:18;;;;;;;22.27.09;1;6;6;1;1363;;2;18;22;11;16;9;7;3;6;1;5;4;
*z5;;;;;;;22.27.09;1;5;6;1;1358;;18;22;11;16;9;2;7;3;6;1;5;4;
*18SM-~~~51;;;;;;;22.27.24;1;5;6;1;1375;;18;22;11;16;9;2;7;3;6;1;5;4;
a07RM#~~~51;;;;;;;22.27.24;1;5;6;1;1375;;18;22;11;16;9;2;7;3;6;1;5;4;
a04EQ+K1C;;;;;;;22.27.24;1;5;6;1;1375;;18;22;11;16;9;2;7;3;6;1;5;4;
a03AQ#J4~37~H1;s;r;;;;;22.27.28;1;5;6;1;1378;;18;22;11;16;9;2;7;3;6;1;5;4;
*16BQ=~~~~3~~1;s;;;;;;22.27.28;1;5;6;1;1378;;18;22;11;16;9;2;7;3;6;1;5;4;
ap20:19;;;;;;;22.27.33;1;5;6;1;1382;;18;22;11;16;9;2;7;3;6;1;5;4;
az5;;;;;;;22.27.33;1;5;5;1;1382;;18;22;11;16;9;2;3;6;1;5;4;7;
ac01:20;;;;;;;22.27.33;1;5;5;1;1382;;18;22;11;16;9;2;3;6;20;5;4;7;
ac03:15;;;;;;;22.27.33;1;5;5;1;1382;;18;22;11;16;9;2;15;6;20;5;4;7;
a15SM-~~~17;;;;;;;22.27.33;1;5;5;1;1412;;18;22;11;16;9;2;15;6;20;5;4;7;
*11RM#~~~17~O;;;;;;;22.27.33;1;5;5;1;1412;;18;22;11;16;9;2;15;6;20;5;4;7;
*09ET+K1F;;;;;;;22.27.33;1;5;5;1;1412;;18;22;11;16;9;2;15;6;20;5;4;7;
*11AT#W4~49AH1;s;r;;;;;22.27.33;1;5;5;1;1416;;18;22;11;16;9;2;15;6;20;5;4;7;
a04DT=~~~49A;s;;;;;;22.27.33;1;5;5;1;1416;;18;22;11;16;9;2;15;6;20;5;4;7;
*p21:19;;;;;;;22.28.13;1;5;5;1;1420;;18;22;11;16;9;2;15;6;20;5;4;7;
*z4;;;;;;;22.28.13;1;4;5;1;1422;;22;11;16;9;2;18;15;6;20;5;4;7;
ac20:01;;;;;;;22.28.13;1;4;5;1;1422;;22;11;16;9;2;18;15;6;1;5;4;7;
ac15:03;;;;;;;22.28.13;1;4;5;1;1422;;22;11;16;9;2;18;3;6;1;5;4;7;
*22SQ+~~~11;;;;;;;22.28.33;1;4;5;1;1443;;22;11;16;9;2;18;3;6;1;5;4;7;
a14RQ-~~~11;;;;;;;22.28.33;1;4;5;1;1443;;22;11;16;9;2;18;3;6;1;5;4;7;
a06EH-~~F~~~2;;;;;;;22.28.33;1;4;5;1;1443;;22;11;16;9;2;18;3;6;1;5;4;7;
a01AH-G4~46AH1;;r;;;;;22.28.38;1;4;5;1;1448;;22;11;16;9;2;18;3;6;1;5;4;7;
*02DH+~~~46A;;;;;;;22.28.38;1;4;5;1;1448;;22;11;16;9;2;18;3;6;1;5;4;7;
*09ET+~~B;;;;;;;22.28.38;1;4;5;1;1448;;22;11;16;9;2;18;3;6;1;5;4;7;
*22AT#Y9~96DH2;p;p;;;;;22.28.40;1;4;5;1;1452;;22;11;16;9;2;18;3;6;1;5;4;7;
a01BT=~~~~4~~2;p;;;;;;22.28.40;1;4;5;1;1452;;22;11;16;9;2;18;3;6;1;5;4;7;
*p22:19;;;;;;;22.28.51;1;4;5;1;1456;;22;11;16;9;2;18;3;6;1;5;4;7;
aT;;;;;;;22.28.51;1;4;5;1;1460;;22;11;16;9;2;18;3;6;1;5;4;7;
*22SQ=~~~1~~~~N;s;;;;;;22.29.47;1;4;5;1;1518;;22;11;16;9;2;18;3;6;1;5;4;7;
a$$&H#;s;;;;;;22.29.47;1;4;5;1;1518;;22;11;16;9;2;18;3;6;1;5;4;7;
ap22:20;;;;;;;22.29.51;1;4;5;1;1523;;22;11;16;9;2;18;3;6;1;5;4;7;
az4;;;;;;;22.29.51;1;4;4;1;1520;;22;11;16;9;2;18;6;1;5;4;7;3;
a06SQ-~~~15;;;;;;;22.30.08;1;4;4;1;1538;;22;11;16;9;2;18;6;1;5;4;7;3;
*11RQ+~~~15~~~~21;;;;;;;22.30.08;1;4;4;1;1538;;22;11;16;9;2;18;6;1;5;4;7;3;
*09ET+KBF;;;;;;;22.30.08;1;4;4;1;1538;;22;11;16;9;2;18;6;1;5;4;7;3;
*11AT#W4~45BH2;s;r;;;;;22.30.13;1;4;4;1;1543;;22;11;16;9;2;18;6;1;5;4;7;3;
a14DT=~~~45B;s;;;;;;22.30.13;1;4;4;1;1543;;22;11;16;9;2;18;6;1;5;4;7;3;
*p23:20;;;;;;;22.30.16;1;4;4;1;1547;;22;11;16;9;2;18;6;1;5;4;7;3;
*z3;;;;;;;22.30.16;1;3;4;1;1545;;11;16;9;2;18;22;6;1;5;4;7;3;
*11SQ-~~~16A;;;;;;;22.30.31;1;3;4;1;1562;;11;16;9;2;18;22;6;1;5;4;7;3;
a14RQ#~~~16A;;;;;;;22.30.31;1;3;4;1;1562;;11;16;9;2;18;22;6;1;5;4;7;3;
a04ET+K1P;;;;;;;22.30.31;1;3;4;1;1562;;11;16;9;2;18;22;6;1;5;4;7;3;
a07AT#Y8~86AH0;s;r;;;;;22.30.37;1;3;4;1;1567;;11;16;9;2;18;22;6;1;5;4;7;3;
*22DT=~~~86A;s;;;;;;22.30.37;1;3;4;1;1567;;11;16;9;2;18;22;6;1;5;4;7;3;
ap23:21;;;;;;;22.30.41;1;3;4;1;1571;;11;16;9;2;18;22;6;1;5;4;7;3;
az3;;;;;;;22.30.41;1;3;3;1;1570;;11;16;9;2;18;22;1;5;4;7;3;6;
a01SQ-~~~16A;;;;;;;22.31.04;1;3;3;1;1594;;11;16;9;2;18;22;1;5;4;7;3;6;
*20RQ+~~~16A~~~21;;;;;;;22.31.04;1;3;3;1;1594;;11;16;9;2;18;22;1;5;4;7;3;6;
*09ET+K1F;;;;;;;22.31.04;1;3;3;1;1594;;11;16;9;2;18;22;1;5;4;7;3;6;
*02AT-W4~45~H2;;r;;;;;22.31.07;1;3;3;1;1598;;11;16;9;2;18;22;1;5;4;7;3;6;
a05BT+~~~~2~~2;;;;;;;22.31.07;1;3;3;1;1598;;11;16;9;2;18;22;1;5;4;7;3;6;
a06DH+;;;;;;;22.31.09;1;3;3;1;1598;;11;16;9;2;18;22;1;5;4;7;3;6;
a04EQ+~~C;;;;;;;22.31.09;1;3;3;1;1598;;11;16;9;2;18;22;1;5;4;7;3;6;
a05AQ=J3~39AH1S;s;p;;;;;22.31.11;1;3;3;1;1600;;11;16;9;2;18;22;1;5;4;7;3;6;
*$$&H#;s;;;;;;22.31.11;1;3;3;1;1600;;11;16;9;2;18;22;1;5;4;7;3;6;
*p24:21;;;;;;;22.31.14;1;3;3;1;1604;;11;16;9;2;18;22;1;5;4;7;3;6;
*z2;;;;;;;22.31.14;1;2;3;1;1603;;16;9;2;18;22;11;1;5;4;7;3;6;
*16SQ-~~~16C;;;;;;;22.31.29;1;2;3;1;1620;;16;9;2;18;22;11;1;5;4;7;3;6;
a14RQ+~~~16C~~~21;;;;;;;22.31.29;1;2;3;1;1620;;16;9;2;18;22;11;1;5;4;7;3;6;
a04ET+K1B;;;;;;;22.31.29;1;2;3;1;1620;;16;9;2;18;22;11;1;5;4;7;3;6;
a06AT#Y9~96AH2;s;r;;;;;22.31.35;1;2;3;1;1624;;16;9;2;18;22;11;1;5;4;7;3;6;
*11DT=~~~96A;s;;;;;;22.31.35;1;2;3;1;1624;;16;9;2;18;22;11;1;5;4;7;3;6;
ap24:22;;;;;;;22.31.38;1;2;3;1;1628;;16;9;2;18;22;11;1;5;4;7;3;6;
az2;;;;;;;22.31.38;1;2;2;1;1627;;16;9;2;18;22;11;5;4;7;3;6;1;
a05SM-~~~56A;;;;;;;22.31.58;1;2;2;1;1649;;16;9;2;18;22;11;5;4;7;3;6;1;
*20RM#~~~56A;;;;;;;22.31.58;1;2;2;1;1649;;16;9;2;18;22;11;5;4;7;3;6;1;
*09ET+K1P;;;;;;;22.31.58;1;2;2;1;1649;;16;9;2;18;22;11;5;4;7;3;6;1;
*11AT#Y8~86CH1;s;r;;;;;22.32.04;1;2;2;1;1654;;16;9;2;18;22;11;5;4;7;3;6;1;
a05DT=~~~86C;s;;;;;;22.32.04;1;2;2;1;1654;;16;9;2;18;22;11;5;4;7;3;6;1;
*p25:22;;;;;;;22.32.08;1;2;2;1;1658;;16;9;2;18;22;11;5;4;7;3;6;1;
**1set;;;;;;;22.32.08;2;2;2;1;1657;;;;;;;;;;;;;;
*P09>LUp;;;;;;;22.32.08;2;2;2;1;1657;;2;18;22;11;16;9;5;4;7;3;6;1;
*z6>LUp;;;;;;;22.32.08;2;6;2;1;1657;;2;18;22;11;16;9;5;4;7;3;6;1;
aP04>LUp;;;;;;;22.32.08;2;6;2;1;1657;;2;18;22;11;16;9;5;4;7;3;6;1;
az2>LUp;;;;;;;22.32.08;2;6;2;1;1657;;2;18;22;11;16;9;5;4;7;3;6;1;
*02SQ!~~~16A;;;;;;;22.36.29;2;6;2;1;1918;;2;18;22;11;16;9;5;4;7;3;6;1;
a01RQ!~~~16A~~~32;;;;;;;22.36.29;2;6;2;1;1918;;2;18;22;11;16;9;5;4;7;3;6;1;
a04ET+K8F;;;;;;;22.36.29;2;6;2;1;1918;;2;18;22;11;16;9;5;4;7;3;6;1;
a07AT#W4~45~H2;s;r;;;;;22.36.33;2;6;2;1;1924;;2;18;22;11;16;9;5;4;7;3;6;1;
*18BT=~~~~2~~2;s;;;;;;22.36.33;2;6;2;1;1924;;2;18;22;11;16;9;5;4;7;3;6;1;
ap00:01;;;;;;;22.36.36;2;6;2;1;1928;;2;18;22;11;16;9;5;4;7;3;6;1;
az1;;;;;;;22.36.36;2;6;1;1;1925;;2;18;22;11;16;9;4;7;3;6;1;5;
a04SM+~~~19;;;;;;;22.36.51;2;6;1;1;1942;;2;18;22;11;16;9;4;7;3;6;1;5;
*02RM-~~~19;;;;;;;22.36.51;2;6;1;1;1942;;2;18;22;11;16;9;4;7;3;6;1;5;
*18EH+~~B~~~2;;;;;;;22.36.55;2;6;1;1;1942;;2;18;22;11;16;9;4;7;3;6;1;5;
*22AH#G2~26DP2;s;r;;;;;22.36.57;2;6;1;1;1947;;2;18;22;11;16;9;4;7;3;6;1;5;
a01DH=~~~26D;s;;;;;;22.36.57;2;6;1;1;1947;;2;18;22;11;16;9;4;7;3;6;1;5;
*p01:01;;;;;;;22.37.01;2;6;1;1;1951;;2;18;22;11;16;9;4;7;3;6;1;5;
*z5;;;;;;;22.37.01;2;5;1;1;1950;;18;22;11;16;9;2;4;7;3;6;1;5;
*18SM-~~~51;;;;;;;22.37.16;2;5;1;1;1966;;18;22;11;16;9;2;4;7;3;6;1;5;
a14RM#~~~51~O;;;;;;;22.37.16;2;5;1;1;1966;;18;22;11;16;9;2;4;7;3;6;1;5;
a04EQ+K1C;;;;;;;22.37.16;2;5;1;1;1966;;18;22;11;16;9;2;4;7;3;6;1;5;
a03AQ-J4~31~H2;;r;;;;;22.37.20;2;5;1;1;1970;;18;22;11;16;9;2;4;7;3;6;1;5;
*22BQ+~~~~3~~2;;;;;;;22.37.20;2;5;1;1;1970;;18;22;11;16;9;2;4;7;3;6;1;5;
*18DH+;;;;;;;22.37.22;2;5;1;1;1970;;18;22;11;16;9;2;4;7;3;6;1;5;
*09ET+~~P;;;;;;;22.37.22;2;5;1;1;1970;;18;22;11;16;9;2;4;7;3;6;1;5;
*02AT#Y8~85~H2;p;p;;;;;22.37.24;2;5;1;1;1974;;18;22;11;16;9;2;4;7;3;6;1;5;
a03BT=~~~~3~~2;p;;;;;;22.37.24;2;5;1;1;1974;;18;22;11;16;9;2;4;7;3;6;1;5;
*p02:01;;;;;;;22.37.27;2;5;1;1;1978;;18;22;11;16;9;2;4;7;3;6;1;5;
*18SM-~~~51;;;;;;;22.37.38;2;5;1;1;1988;;18;22;11;16;9;2;4;7;3;6;1;5;
a07RM#~~~51;;;;;;;22.37.38;2;5;1;1;1988;;18;22;11;16;9;2;4;7;3;6;1;5;
a04EQ+K1C;;;;;;;22.37.38;2;5;1;1;1988;;18;22;11;16;9;2;4;7;3;6;1;5;
a03AQ#J1~35~H1;s;r;;;;;22.37.42;2;5;1;1;1992;;18;22;11;16;9;2;4;7;3;6;1;5;
*16BQ=~~~~3~~1;s;;;;;;22.37.42;2;5;1;1;1992;;18;22;11;16;9;2;4;7;3;6;1;5;
ap02:02;;;;;;;22.37.48;2;5;1;1;1996;;18;22;11;16;9;2;4;7;3;6;1;5;
az6;;;;;;;22.37.48;2;5;6;1;1997;;18;22;11;16;9;2;7;3;6;1;5;4;
a07SQ+~~~55;;;;;;;22.38.07;2;5;6;1;2017;;18;22;11;16;9;2;7;3;6;1;5;4;
*11RQ-~~~55;;;;;;;22.38.07;2;5;6;1;2017;;18;22;11;16;9;2;7;3;6;1;5;4;
*09EH+~~B;;;;;;;22.38.07;2;5;6;1;2017;;18;22;11;16;9;2;7;3;6;1;5;4;
*22AH#G2~21DH2;s;r;;;;;22.38.12;2;5;6;1;2024;;18;22;11;16;9;2;7;3;6;1;5;4;
a03BH=~~~~4~~2;s;;;;;;22.38.12;2;5;6;1;2024;;18;22;11;16;9;2;7;3;6;1;5;4;
*p03:02;;;;;;;22.38.17;2;5;6;1;2028;;18;22;11;16;9;2;7;3;6;1;5;4;
*z4;;;;;;;22.38.17;2;4;6;1;2026;;22;11;16;9;2;18;7;3;6;1;5;4;
*22SQ!~~~16A;;;;;;;22.38.28;2;4;6;1;2038;;22;11;16;9;2;18;7;3;6;1;5;4;
a14RQ!~~~16A~~~41;;;;;;;22.38.28;2;4;6;1;2038;;22;11;16;9;2;18;7;3;6;1;5;4;
a04ET+KFB;;;;;;;22.38.28;2;4;6;1;2038;;22;11;16;9;2;18;7;3;6;1;5;4;
a06AT+W2~25~H1;;r;;;;;22.38.33;2;4;6;1;2043;;22;11;16;9;2;18;7;3;6;1;5;4;
*11BT-~~~~4~~1;;;;;;;22.38.33;2;4;6;1;2043;;22;11;16;9;2;18;7;3;6;1;5;4;
a14DH+;;;;;;;22.38.35;2;4;6;1;2043;;22;11;16;9;2;18;7;3;6;1;5;4;
a04ET+~~F;;;;;;;22.38.35;2;4;6;1;2043;;22;11;16;9;2;18;7;3;6;1;5;4;
a01AT=W4~45DH2O;p;s;;;;;22.38.36;2;4;6;1;2048;;22;11;16;9;2;18;7;3;6;1;5;4;
*$$&H#;p;;;;;;22.38.36;2;4;6;1;2048;;22;11;16;9;2;18;7;3;6;1;5;4;
*p04:02;;;;;;;22.38.39;2;4;6;1;2052;;22;11;16;9;2;18;7;3;6;1;5;4;
*22SQ-~~~11;;;;;;;22.38.54;2;4;6;1;2065;;22;11;16;9;2;18;7;3;6;1;5;4;
a07RQ+~~~11~~~~41;;;;;;;22.38.54;2;4;6;1;2065;;22;11;16;9;2;18;7;3;6;1;5;4;
a04EQ+KFC;;;;;;;22.38.54;2;4;6;1;2065;;22;11;16;9;2;18;7;3;6;1;5;4;
a03AQ#J4~39DT1;s;r;;;;;22.39.00;2;4;6;1;2070;;22;11;16;9;2;18;7;3;6;1;5;4;
*22DQ=~~~39D;s;;;;;;22.39.00;2;4;6;1;2070;;22;11;16;9;2;18;7;3;6;1;5;4;
ap04:03;;;;;;;22.39.03;2;4;6;1;2074;;22;11;16;9;2;18;7;3;6;1;5;4;
az5;;;;;;;22.39.03;2;4;5;1;2072;;22;11;16;9;2;18;3;6;1;5;4;7;
a03SM-~~~57;;;;;;;22.39.23;2;4;5;1;2088;;22;11;16;9;2;18;3;6;1;5;4;7;
*11RM#~~~57;;;;;;;22.39.23;2;4;5;1;2088;;22;11;16;9;2;18;3;6;1;5;4;7;
*09ET+K2B;;;;;;;22.39.23;2;4;5;1;2088;;22;11;16;9;2;18;3;6;1;5;4;7;
*22AT#Y9~91BH2;s;r;;;;;22.39.28;2;4;5;1;2093;;22;11;16;9;2;18;3;6;1;5;4;7;
a04DT=~~~91B;s;;;;;;22.39.28;2;4;5;1;2093;;22;11;16;9;2;18;3;6;1;5;4;7;
*p05:03;;;;;;;22.39.31;2;4;5;1;2097;;22;11;16;9;2;18;3;6;1;5;4;7;
*z3;;;;;;;22.39.31;2;3;5;1;2100;;11;16;9;2;18;22;3;6;1;5;4;7;
*11SQ-~~~16A;;;;;;;22.39.45;2;3;5;1;2116;;11;16;9;2;18;22;3;6;1;5;4;7;
a07RQ+~~~16A~~~41;;;;;;;22.39.45;2;3;5;1;2116;;11;16;9;2;18;22;3;6;1;5;4;7;
a04ET+KFB;;;;;;;22.39.45;2;3;5;1;2116;;11;16;9;2;18;22;3;6;1;5;4;7;
a06AT#W2~26DH1;s;r;;;;;22.39.51;2;3;5;1;2122;;11;16;9;2;18;22;3;6;1;5;4;7;
*11DT=~~~26D;s;;;;;;22.39.51;2;3;5;1;2122;;11;16;9;2;18;22;3;6;1;5;4;7;
ap05:04;;;;;;;22.39.59;2;3;5;1;2126;;11;16;9;2;18;22;3;6;1;5;4;7;
az4;;;;;;;22.39.59;2;3;4;1;2128;;11;16;9;2;18;22;6;1;5;4;7;3;
a06SQ-~~~11;;;;;;;22.40.19;2;3;4;1;2151;;11;16;9;2;18;22;6;1;5;4;7;3;
*11RQ+~~~11~~~~32;;;;;;;22.40.19;2;3;4;1;2151;;11;16;9;2;18;22;6;1;5;4;7;3;
*09ET+K8P;;;;;;;22.40.19;2;3;4;1;2151;;11;16;9;2;18;22;6;1;5;4;7;3;
*11AT-Y8~86~H1;;r;;;;;22.40.25;2;3;4;1;2156;;11;16;9;2;18;22;6;1;5;4;7;3;
a05BT+~~~~3~~1;;;;;;;22.40.25;2;3;4;1;2156;;11;16;9;2;18;22;6;1;5;4;7;3;
a07DH+;;;;;;;22.40.27;2;3;4;1;2156;;11;16;9;2;18;22;6;1;5;4;7;3;
a04ET+~~F;;;;;;;22.40.27;2;3;4;1;2156;;11;16;9;2;18;22;6;1;5;4;7;3;
a01AT=W4~41~H1O;s;p;;;;;22.40.28;2;3;4;1;2160;;11;16;9;2;18;22;6;1;5;4;7;3;
*$$&H#;s;;;;;;22.40.28;2;3;4;1;2160;;11;16;9;2;18;22;6;1;5;4;7;3;
*p06:04;;;;;;;22.40.30;2;3;4;1;2164;;11;16;9;2;18;22;6;1;5;4;7;3;
*z2;;;;;;;22.40.30;2;2;4;1;2159;;16;9;2;18;22;11;6;1;5;4;7;3;
*16SQ-~~~16A;;;;;;;22.40.46;2;2;4;1;2178;;16;9;2;18;22;11;6;1;5;4;7;3;
a07RQ+~~~16A~~~22;;;;;;;22.40.46;2;2;4;1;2178;;16;9;2;18;22;11;6;1;5;4;7;3;
a04ET+KBB;;;;;;;22.40.46;2;2;4;1;2178;;16;9;2;18;22;11;6;1;5;4;7;3;
a06AT#Y9~95AH2;s;r;;;;;22.40.52;2;2;4;1;2182;;16;9;2;18;22;11;6;1;5;4;7;3;
*02BT=~~~~4~~2;s;;;;;;22.40.52;2;2;4;1;2182;;16;9;2;18;22;11;6;1;5;4;7;3;
ap06:05;;;;;;;22.40.54;2;2;4;1;2186;;16;9;2;18;22;11;6;1;5;4;7;3;
az3;;;;;;;22.40.54;2;2;3;1;2183;;16;9;2;18;22;11;1;5;4;7;3;6;
a01SQ=~~~5~~~~N;s;;;;;;22.41.16;2;2;3;1;2208;;16;9;2;18;22;11;1;5;4;7;3;6;
*$$&H#;s;;;;;;22.41.16;2;2;3;1;2208;;16;9;2;18;22;11;1;5;4;7;3;6;
*p07:05;;;;;;;22.41.19;2;2;3;1;2212;;16;9;2;18;22;11;1;5;4;7;3;6;
*z1;;;;;;;22.41.19;2;1;3;1;2208;;9;2;18;22;11;16;1;5;4;7;3;6;
*09SM=~~~5~~~~N;s;;;;;;22.41.36;2;1;3;1;2225;;9;2;18;22;11;16;1;5;4;7;3;6;
a$$&H#;s;;;;;;22.41.36;2;1;3;1;2225;;9;2;18;22;11;16;1;5;4;7;3;6;
ap07:06;;;;;;;22.41.39;2;1;3;1;2230;;9;2;18;22;11;16;1;5;4;7;3;6;
az2;;;;;;;22.41.39;2;1;2;1;2228;;9;2;18;22;11;16;5;4;7;3;6;1;
a05SM-~~~59A;;;;;;;22.42.01;2;1;2;1;2253;;9;2;18;22;11;16;5;4;7;3;6;1;
*02RM+~~~59A~~~21;;;;;;;22.42.01;2;1;2;1;2253;;9;2;18;22;11;16;5;4;7;3;6;1;
*09EQ+K1C;;;;;;;22.42.01;2;1;2;1;2253;;9;2;18;22;11;16;5;4;7;3;6;1;
*18AQ#J1~35AH1;s;r;;;;;22.42.01;2;1;2;1;2257;;9;2;18;22;11;16;5;4;7;3;6;1;
a01DQ=~~~35A;s;;;;;;22.42.01;2;1;2;1;2257;;9;2;18;22;11;16;5;4;7;3;6;1;
*p08:06;;;;;;;22.42.12;2;1;2;1;2261;;9;2;18;22;11;16;5;4;7;3;6;1;
*z6;;;;;;;22.42.12;2;6;2;1;2261;;2;18;22;11;16;9;5;4;7;3;6;1;
*02SQ!~~~15C;;;;;;;22.42.26;2;6;2;1;2276;;2;18;22;11;16;9;5;4;7;3;6;1;
a07RQ!~~~15C~~~41;;;;;;;22.42.26;2;6;2;1;2276;;2;18;22;11;16;9;5;4;7;3;6;1;
a04EQ+KFC;;;;;;;22.42.35;2;6;2;1;2276;;2;18;22;11;16;9;5;4;7;3;6;1;
a03AQ+J1~37AH2;;r;;;;;22.42.31;2;6;2;1;2281;;2;18;22;11;16;9;5;4;7;3;6;1;
*20DQ-~~~37A;;;;;;;22.42.31;2;6;2;1;2281;;2;18;22;11;16;9;5;4;7;3;6;1;
*11EH/~~~~~~2;;;;;;;22.42.31;2;6;2;1;2281;;2;18;22;11;16;9;5;4;7;3;6;1;
a06FH+;;;;;;;22.42.39;2;6;2;1;2287;;2;18;22;11;16;9;5;4;7;3;6;1;
a04ET+~~F;;;;;;;22.42.39;2;6;2;1;2288;;2;18;22;11;16;9;5;4;7;3;6;1;
a07AT#W4~41BH1;s;s;;;;;22.42.40;2;6;2;1;2289;;2;18;22;11;16;9;5;4;7;3;6;1;
*09DT=~~~41B;s;;;;;;22.42.40;2;6;2;1;2289;;2;18;22;11;16;9;5;4;7;3;6;1;
ap08:07;;;;;;;22.42.49;2;6;2;1;2293;;2;18;22;11;16;9;5;4;7;3;6;1;
az1;;;;;;;22.42.49;2;6;1;1;2298;;2;18;22;11;16;9;4;7;3;6;1;5;
a04SM-~~~19;;;;;;;22.42.59;2;6;1;1;2310;;2;18;22;11;16;9;4;7;3;6;1;5;
*02RM+~~~19~~~~22;;;;;;;22.42.59;2;6;1;1;2310;;2;18;22;11;16;9;4;7;3;6;1;5;
*09EQ+K9C;;;;;;;22.42.59;2;6;1;1;2310;;2;18;22;11;16;9;4;7;3;6;1;5;
*18AQ#J4~31BH1;s;r;;;;;22.43.04;2;6;1;1;2314;;2;18;22;11;16;9;4;7;3;6;1;5;
a04DQ=~~~31B;s;;;;;;22.43.04;2;6;1;1;2314;;2;18;22;11;16;9;4;7;3;6;1;5;
*p09:07;;;;;;;22.43.07;2;6;1;1;2318;;2;18;22;11;16;9;4;7;3;6;1;5;
*z5;;;;;;;22.43.07;2;5;1;1;2316;;18;22;11;16;9;2;4;7;3;6;1;5;
*18SM!~~~59;;;;;;;22.43.19;2;5;1;1;2330;;18;22;11;16;9;2;4;7;3;6;1;5;
a07RM!~~~59~O~~21;;;;;;;22.43.19;2;5;1;1;2330;;18;22;11;16;9;2;4;7;3;6;1;5;
a04EQ+KCC~~~1;;;;;;;22.43.25;2;5;1;1;2330;;18;22;11;16;9;2;4;7;3;6;1;5;
a03AQ+J1~34~P2;;r;;;;;22.43.23;2;5;1;1;2333;;18;22;11;16;9;2;4;7;3;6;1;5;
*16BQ-~~~~3~~2;;;;;;;22.43.23;2;5;1;1;2333;;18;22;11;16;9;2;4;7;3;6;1;5;
a04DH+;;;;;;;22.43.24;2;5;1;1;2333;;18;22;11;16;9;2;4;7;3;6;1;5;
a14EH+~~F~~~2;;;;;;;22.43.24;2;5;1;1;2333;;18;22;11;16;9;2;4;7;3;6;1;5;
a06AH#G4~45~H2;s;s;;;;;22.43.27;2;5;1;1;2337;;18;22;11;16;9;2;4;7;3;6;1;5;
*18DH=~~~45;s;;;;;;22.43.27;2;5;1;1;2337;;18;22;11;16;9;2;4;7;3;6;1;5;
ap09:08;;;;;;;22.43.35;2;5;1;1;2341;;18;22;11;16;9;2;4;7;3;6;1;5;
az6;;;;;;;22.43.35;2;5;6;1;2344;;18;22;11;16;9;2;7;3;6;1;5;4;
a07SQ!~~~55;;;;;;;22.43.49;2;5;6;1;2362;;18;22;11;16;9;2;7;3;6;1;5;4;
*11RQ!~~~55~~~~32;;;;;;;22.43.49;2;5;6;1;2362;;18;22;11;16;9;2;7;3;6;1;5;4;
*09ET+K8F;;;;;;;22.43.49;2;5;6;1;2362;;18;22;11;16;9;2;7;3;6;1;5;4;
*11AT#W4~49AP2;s;r;;;;;22.43.55;2;5;6;1;2366;;18;22;11;16;9;2;7;3;6;1;5;4;
a04DT=~~~49A;s;;;;;;22.43.55;2;5;6;1;2366;;18;22;11;16;9;2;7;3;6;1;5;4;
*p10:08;;;;;;;22.44.00;2;5;6;1;2370;;18;22;11;16;9;2;7;3;6;1;5;4;
*z4;;;;;;;22.44.00;2;4;6;1;2369;;22;11;16;9;2;18;7;3;6;1;5;4;
*22SQ-~~~16A;;;;;;;22.44.12;2;4;6;1;2383;;22;11;16;9;2;18;7;3;6;1;5;4;
a14RQ+~~~16A~~~41;;;;;;;22.44.12;2;4;6;1;2383;;22;11;16;9;2;18;7;3;6;1;5;4;
a04EQ+KFC;;;;;;;22.44.12;2;4;6;1;2383;;22;11;16;9;2;18;7;3;6;1;5;4;
a03AQ#J4~39AH1;s;r;;;;;22.44.17;2;4;6;1;2387;;22;11;16;9;2;18;7;3;6;1;5;4;
*22DQ=~~~39AS;s;;;;;;22.44.17;2;4;6;1;2387;;22;11;16;9;2;18;7;3;6;1;5;4;
ap10:09;;;;;;;22.44.19;2;4;6;1;2391;;22;11;16;9;2;18;7;3;6;1;5;4;
az5;;;;;;;22.44.19;2;4;5;1;2388;;22;11;16;9;2;18;3;6;1;5;4;7;
a03SM-~~~56;;;;;;;22.44.33;2;4;5;1;2405;;22;11;16;9;2;18;3;6;1;5;4;7;
*02RM#~~~56;;;;;;;22.44.33;2;4;5;1;2405;;22;11;16;9;2;18;3;6;1;5;4;7;
*09EQ+K2C;;;;;;;22.44.33;2;4;5;1;2405;;22;11;16;9;2;18;3;6;1;5;4;7;
*16AQ/J2~35~H1;p;r;;;;;22.44.38;2;4;5;1;2408;;22;11;16;9;2;18;3;6;1;5;4;7;
a05BQ#~~~~3~~1;p;;;;;;22.44.38;2;4;5;1;2408;;22;11;16;9;2;18;3;6;1;5;4;7;
ap10:10;;;;;;;22.44.41;2;4;5;1;2412;;22;11;16;9;2;18;3;6;1;5;4;7;
a03SM-~~~56;;;;;;;22.44.55;2;4;5;1;2427;;22;11;16;9;2;18;3;6;1;5;4;7;
*02RM#~~~56~O;;;;;;;22.44.55;2;4;5;1;2427;;22;11;16;9;2;18;3;6;1;5;4;7;
*09ET+K1F;;;;;;;22.44.55;2;4;5;1;2427;;22;11;16;9;2;18;3;6;1;5;4;7;
*11AT#W4~45~H2;s;r;;;;;22.45.00;2;4;5;1;2431;;22;11;16;9;2;18;3;6;1;5;4;7;
a03DT=~~~45~S;s;;;;;;22.45.00;2;4;5;1;2431;;22;11;16;9;2;18;3;6;1;5;4;7;
*p11:10;;;;;;;22.45.02;2;4;5;1;2435;;22;11;16;9;2;18;3;6;1;5;4;7;
*z3;;;;;;;22.45.02;2;3;5;1;2431;;11;16;9;2;18;22;3;6;1;5;4;7;
*11SQ#~~~11;p;;;;;;22.45.19;2;3;5;1;2451;;11;16;9;2;18;22;3;6;1;5;4;7;
a14RQ=~~~11~R;p;;;;;;22.45.19;2;3;5;1;2451;;11;16;9;2;18;22;3;6;1;5;4;7;
*p12:10;;;;;;;22.45.24;2;3;5;1;2457;;11;16;9;2;18;22;3;6;1;5;4;7;
*11SQ#~~~16A;p;;;;;;22.45.46;2;3;5;1;2477;;11;16;9;2;18;22;3;6;1;5;4;7;
a07RQ=~~~16AM;p;;;;;;22.45.46;2;3;5;1;2477;;11;16;9;2;18;22;3;6;1;5;4;7;
*p13:10;;;;;;;22.45.51;2;3;5;1;2484;;11;16;9;2;18;22;3;6;1;5;4;7;
*11SQ+~~~11;;;;;;;22.46.13;2;3;5;1;2505;;11;16;9;2;18;22;3;6;1;5;4;7;
a14RQ-~~~11;;;;;;;22.46.13;2;3;5;1;2505;;11;16;9;2;18;22;3;6;1;5;4;7;
a04EH-~~B;;;;;;;22.46.13;2;3;5;1;2505;;11;16;9;2;18;22;3;6;1;5;4;7;
a06AH/G2~24~T2;p;r;;;;;22.46.20;2;3;5;1;2511;;11;16;9;2;18;22;3;6;1;5;4;7;
*02BH#~~~~4~~2;p;;;;;;22.46.20;2;3;5;1;2511;;11;16;9;2;18;22;3;6;1;5;4;7;
a07DH=;;;;;;;22.46.22;2;3;5;1;2511;;11;16;9;2;18;22;3;6;1;5;4;7;
*p14:10;;;;;;;22.46.26;2;3;5;1;2515;;11;16;9;2;18;22;3;6;1;5;4;7;
aT;;;;;;;22.46.26;2;3;5;1;2515;;11;16;9;2;18;22;3;6;1;5;4;7;
*11SQ=~~~1~~~~N;s;;;;;;22.47.49;2;3;5;1;2599;;11;16;9;2;18;22;3;6;1;5;4;7;
a$$&H#;s;;;;;;22.47.49;2;3;5;1;2599;;11;16;9;2;18;22;3;6;1;5;4;7;
ap14:11;;;;;;;22.47.52;2;3;5;1;2603;;11;16;9;2;18;22;3;6;1;5;4;7;
az4;;;;;;;22.47.52;2;3;4;1;2601;;11;16;9;2;18;22;6;1;5;4;7;3;
a06SQ!~~~15;;;;;;;22.51.10;2;3;4;1;2801;;11;16;9;2;18;22;6;1;5;4;7;3;
*02RQ!~~~15~~~~21;;;;;;;22.51.10;2;3;4;1;2801;;11;16;9;2;18;22;6;1;5;4;7;3;
*09ET+KBF;;;;;;;22.51.10;2;3;4;1;2801;;11;16;9;2;18;22;6;1;5;4;7;3;
*02AT+W4~46CH2;;r;;;;;22.51.16;2;3;4;1;2807;;11;16;9;2;18;22;6;1;5;4;7;3;
a07DT-~~~46C;;;;;;;22.51.16;2;3;4;1;2807;;11;16;9;2;18;22;6;1;5;4;7;3;
a14EH+~~B;;;;;;;22.51.16;2;3;4;1;2807;;11;16;9;2;18;22;6;1;5;4;7;3;
a06AH#G9~93~T1;p;p;;;;;22.51.20;2;3;4;1;2811;;11;16;9;2;18;22;6;1;5;4;7;3;
*16BH=~~~~4~~1;p;;;;;;22.51.20;2;3;4;1;2811;;11;16;9;2;18;22;6;1;5;4;7;3;
ap14:12;;;;;;;22.51.28;2;3;4;1;2815;;11;16;9;2;18;22;6;1;5;4;7;3;
a06SQ=~~~16A~~O;s;;;;;;22.51.45;2;3;4;1;2836;;11;16;9;2;18;22;6;1;5;4;7;3;
*$$&H#;s;;;;;;22.51.45;2;3;4;1;2836;;11;16;9;2;18;22;6;1;5;4;7;3;
*p15:12;;;;;;;22.51.50;2;3;4;1;2841;;11;16;9;2;18;22;6;1;5;4;7;3;
*z2;;;;;;;22.51.50;2;2;4;1;2839;;16;9;2;18;22;11;6;1;5;4;7;3;
*16SQ!~~~15C;;;;;;;22.52.05;2;2;4;1;2857;;16;9;2;18;22;11;6;1;5;4;7;3;
a01RQ!~~~15C~~~22;;;;;;;22.52.05;2;2;4;1;2857;;16;9;2;18;22;11;6;1;5;4;7;3;
a04ET+K9B;;;;;;;22.52.05;2;2;4;1;2857;;16;9;2;18;22;11;6;1;5;4;7;3;
a06AT#Y9~95CH2;s;r;;;;;22.52.11;2;2;4;1;2861;;16;9;2;18;22;11;6;1;5;4;7;3;
*16DT=~~~95C;s;;;;;;22.52.11;2;2;4;1;2861;;16;9;2;18;22;11;6;1;5;4;7;3;
ap15:13;;;;;;;22.52.17;2;2;4;1;2865;;16;9;2;18;22;11;6;1;5;4;7;3;
az3;;;;;;;22.52.17;2;2;3;1;2866;;16;9;2;18;22;11;1;5;4;7;3;6;
a01SQ#~~~55B;p;;;;;;22.52.35;2;2;3;1;2885;;16;9;2;18;22;11;1;5;4;7;3;6;
*02RQ=~~~55BW;p;;;;;;22.52.35;2;2;3;1;2885;;16;9;2;18;22;11;1;5;4;7;3;6;
ap15:14;;;;;;;22.52.40;2;2;3;1;2891;;16;9;2;18;22;11;1;5;4;7;3;6;
*T;;;;;;;22.52.40;2;2;3;1;2889;;16;9;2;18;22;11;1;5;4;7;3;6;
a01SQ#~~~55B;p;;;;;;22.54.12;2;2;3;1;2983;;16;9;2;18;22;11;1;5;4;7;3;6;
*11RQ=~~~55BL;p;;;;;;22.54.12;2;2;3;1;2983;;16;9;2;18;22;11;1;5;4;7;3;6;
ap15:15;;;;;;;22.54.17;2;2;3;1;2989;;16;9;2;18;22;11;1;5;4;7;3;6;
a01SQ#~~~56D;p;;;;;;22.54.41;2;2;3;1;3012;;16;9;2;18;22;11;1;5;4;7;3;6;
*11RQ=~~~56DM;p;;;;;;22.54.41;2;2;3;1;3012;;16;9;2;18;22;11;1;5;4;7;3;6;
ap15:16;;;;;;;22.54.50;2;2;3;1;3019;;16;9;2;18;22;11;1;5;4;7;3;6;
a01SQ=~~~54~~~N;s;;;;;;22.55.12;2;2;3;1;3044;;16;9;2;18;22;11;1;5;4;7;3;6;
*$$&H#;s;;;;;;22.55.12;2;2;3;1;3044;;16;9;2;18;22;11;1;5;4;7;3;6;
*p16:16;;;;;;;22.55.16;2;2;3;1;3048;;16;9;2;18;22;11;1;5;4;7;3;6;
*z1;;;;;;;22.55.16;2;1;3;1;3045;;9;2;18;22;11;16;1;5;4;7;3;6;
*09SM-~~~67;;;;;;;22.55.29;2;1;3;1;3060;;9;2;18;22;11;16;1;5;4;7;3;6;
a07RM+~~~67~O~~41;;;;;;;22.55.29;2;1;3;1;3060;;9;2;18;22;11;16;1;5;4;7;3;6;
a04EO+KFS;;;;;;;22.55.29;2;1;3;1;3060;;9;2;18;22;11;16;1;5;4;7;3;6;
a04AO#JJ~39~T2;s;r;;;;;22.55.33;2;1;3;1;3063;;9;2;18;22;11;16;1;5;4;7;3;6;
*09DO=~~~39~E;s;;;;;;22.55.33;2;1;3;1;3063;;9;2;18;22;11;16;1;5;4;7;3;6;
ap16:17;;;;;;;22.55.35;2;1;3;1;3067;;9;2;18;22;11;16;1;5;4;7;3;6;
az2;;;;;;;22.55.35;2;1;2;1;3064;;9;2;18;22;11;16;5;4;7;3;6;1;
a05SM!~~~51;;;;;;;22.56.02;2;1;2;1;3094;;9;2;18;22;11;16;5;4;7;3;6;1;
*02RM!~~~51~~~~31;;;;;;;22.56.02;2;1;2;1;3094;;9;2;18;22;11;16;5;4;7;3;6;1;
*09EQ+KCC~~~1;;;;;;;22.56.02;2;1;2;1;3094;;9;2;18;22;11;16;5;4;7;3;6;1;
*18AQ#J4~37AH1;s;r;;;;;22.56.07;2;1;2;1;3098;;9;2;18;22;11;16;5;4;7;3;6;1;
a05DQ=~~~37A;s;;;;;;22.56.07;2;1;2;1;3098;;9;2;18;22;11;16;5;4;7;3;6;1;
*p17:17;;;;;;;22.56.13;2;1;2;1;3102;;9;2;18;22;11;16;5;4;7;3;6;1;
*z6;;;;;;;22.56.13;2;6;2;1;3102;;2;18;22;11;16;9;5;4;7;3;6;1;
*02SQ!~~~18C;;;;;;;22.56.25;2;6;2;1;3117;;2;18;22;11;16;9;5;4;7;3;6;1;
a01RQ!~~~18C~~~41;;;;;;;22.56.25;2;6;2;1;3117;;2;18;22;11;16;9;5;4;7;3;6;1;
a04ET+KFB;;;;;;;22.56.25;2;6;2;1;3117;;2;18;22;11;16;9;5;4;7;3;6;1;
a06AT#Y9~96~H1;s;r;;;;;22.56.32;2;6;2;1;3122;;2;18;22;11;16;9;5;4;7;3;6;1;
*02DT=~~~96;s;;;;;;22.56.32;2;6;2;1;3122;;2;18;22;11;16;9;5;4;7;3;6;1;
ap17:18;;;;;;;22.56.35;2;6;2;1;3126;;2;18;22;11;16;9;5;4;7;3;6;1;
az1;;;;;;;22.56.35;2;6;1;1;3124;;2;18;22;11;16;9;4;7;3;6;1;5;
a04SM-~~~19A;;;;;;;22.56.49;2;6;1;1;3140;;2;18;22;11;16;9;4;7;3;6;1;5;
*02RM#~~~19A;;;;;;;22.56.49;2;6;1;1;3140;;2;18;22;11;16;9;4;7;3;6;1;5;
*09EQ+K1C;;;;;;;22.56.49;2;6;1;1;3140;;2;18;22;11;16;9;4;7;3;6;1;5;
*18AQ-J4~39~P1;;r;;;;;22.56.55;2;6;1;1;3145;;2;18;22;11;16;9;4;7;3;6;1;5;
a04DQ+~~~39;;;;;;;22.56.55;2;6;1;1;3145;;2;18;22;11;16;9;4;7;3;6;1;5;
a14EH+~~B;;;;;;;22.56.55;2;6;1;1;3145;;2;18;22;11;16;9;4;7;3;6;1;5;
a06AH-G2~24~T3;;p;;;;;22.56.58;2;6;1;1;3149;;2;18;22;11;16;9;4;7;3;6;1;5;
*20DH+~~~24;;;;;;;22.56.58;2;6;1;1;3149;;2;18;22;11;16;9;4;7;3;6;1;5;
*09ET+~~F;;;;;;;22.56.58;2;6;1;1;3149;;2;18;22;11;16;9;4;7;3;6;1;5;
*11AT#W4~42~P2S;s;s;;;;;22.57.02;2;6;1;1;3153;;2;18;22;11;16;9;4;7;3;6;1;5;
a06BT=~~~~2~~2;s;;;;;;22.57.02;2;6;1;1;3153;;2;18;22;11;16;9;4;7;3;6;1;5;
*p18:18;;;;;;;22.57.04;2;6;1;1;3157;;2;18;22;11;16;9;4;7;3;6;1;5;
*z5;;;;;;;22.57.04;2;5;1;1;3153;;18;22;11;16;9;2;4;7;3;6;1;5;
*18SM+~~~57;;;;;;;22.57.19;2;5;1;1;3171;;18;22;11;16;9;2;4;7;3;6;1;5;
a01RM-~~~57;;;;;;;22.57.19;2;5;1;1;3171;;18;22;11;16;9;2;4;7;3;6;1;5;
a04ET+K8F;;;;;;;22.57.19;2;5;1;1;3171;;18;22;11;16;9;2;4;7;3;6;1;5;
a06AT-W4~46~H2;;r;;;;;22.57.24;2;5;1;1;3175;;18;22;11;16;9;2;4;7;3;6;1;5;
*02DT+~~~46;;;;;;;22.57.24;2;5;1;1;3175;;18;22;11;16;9;2;4;7;3;6;1;5;
*09ET+~~P;;;;;;;22.57.24;2;5;1;1;3175;;18;22;11;16;9;2;4;7;3;6;1;5;
*02AT+Y8~81DH1;;p;;;;;22.57.27;2;5;1;1;3179;;18;22;11;16;9;2;4;7;3;6;1;5;
a04DT/~~~81D;;;;;;;22.57.27;2;5;1;1;3179;;18;22;11;16;9;2;4;7;3;6;1;5;
*02FH#;;;;;;;22.57.31;2;5;1;1;3180;;18;22;11;16;9;2;4;7;3;6;1;5;
*09ET+~~F;;;;;;;22.57.31;2;5;1;1;3180;;18;22;11;16;9;2;4;7;3;6;1;5;
*11AT#W4~47~H1;p;p;;;;;22.57.33;2;5;1;1;3184;;18;22;11;16;9;2;4;7;3;6;1;5;
a07BT=~~~~2~~1;p;;;;;;22.57.33;2;5;1;1;3184;;18;22;11;16;9;2;4;7;3;6;1;5;
*p19:18;;;;;;;22.57.35;2;5;1;1;3188;;18;22;11;16;9;2;4;7;3;6;1;5;
*18SM+~~~57;;;;;;;22.57.52;2;5;1;1;3203;;18;22;11;16;9;2;4;7;3;6;1;5;
a01RM-~~~57~O;;;;;;;22.57.52;2;5;1;1;3203;;18;22;11;16;9;2;4;7;3;6;1;5;
a04ET+KCF;;;;;;;22.57.52;2;5;1;1;3203;;18;22;11;16;9;2;4;7;3;6;1;5;
a06AT=W4~45~H2O;p;r;;;;;22.57.57;2;5;1;1;3208;;18;22;11;16;9;2;4;7;3;6;1;5;
*$$&H#;p;;;;;;22.57.57;2;5;1;1;3208;;18;22;11;16;9;2;4;7;3;6;1;5;
*p20:18;;;;;;;22.58.02;2;5;1;1;3212;;18;22;11;16;9;2;4;7;3;6;1;5;
*c18:06;;;;;;;22.58.02;2;5;1;1;3211;;6;22;11;16;9;2;4;7;3;6;1;5;
*06SM+~~~67D;;;;;;;22.59.05;2;5;1;1;3276;;6;22;11;16;9;2;4;7;3;6;1;5;
a01RM-~~~67D;;;;;;;22.59.05;2;5;1;1;3276;;6;22;11;16;9;2;4;7;3;6;1;5;
a04ET+KFB;;;;;;;22.59.05;2;5;1;1;3276;;6;22;11;16;9;2;4;7;3;6;1;5;
a07AT#W2~21~H2;s;r;;;;;22.59.10;2;5;1;1;3281;;6;22;11;16;9;2;4;7;3;6;1;5;
*16BT=~~~~4~~2;s;;;;;;22.59.10;2;5;1;1;3281;;6;22;11;16;9;2;4;7;3;6;1;5;
ap20:19;;;;;;;22.59.15;2;5;1;1;3285;;6;22;11;16;9;2;4;7;3;6;1;5;
az6;;;;;;;22.59.15;2;5;6;1;3284;;6;22;11;16;9;2;7;3;6;1;5;4;
*c06:18;;;;;;;22.59.15;2;5;6;1;3284;;18;22;11;16;9;2;7;3;6;1;5;4;
a07SQ-~~~55B;;;;;;;22.59.38;2;5;6;1;3309;;18;22;11;16;9;2;7;3;6;1;5;4;
*11RQ+~~~55B~~~21;;;;;;;22.59.38;2;5;6;1;3309;;18;22;11;16;9;2;7;3;6;1;5;4;
*09ET+KBB;;;;;;;22.59.38;2;5;6;1;3309;;18;22;11;16;9;2;7;3;6;1;5;4;
*22AT#W2~21DH2;s;r;;;;;22.59.43;2;5;6;1;3314;;18;22;11;16;9;2;7;3;6;1;5;4;
a07DT=~~~21D;s;;;;;;22.59.43;2;5;6;1;3314;;18;22;11;16;9;2;7;3;6;1;5;4;
*p21:19;;;;;;;22.59.46;2;5;6;1;3318;;18;22;11;16;9;2;7;3;6;1;5;4;
*z4;;;;;;;22.59.46;2;4;6;1;3315;;22;11;16;9;2;18;7;3;6;1;5;4;
*22SQ+~~~11D;;;;;;;23.00.02;2;4;6;1;3333;;22;11;16;9;2;18;7;3;6;1;5;4;
a07RQ-~~~11D;;;;;;;23.00.02;2;4;6;1;3333;;22;11;16;9;2;18;7;3;6;1;5;4;
a04EH+~~B;;;;;;;23.00.02;2;4;6;1;3333;;22;11;16;9;2;18;7;3;6;1;5;4;
a06AH/G2~26AH2;p;r;;;;;23.00.07;2;4;6;1;3339;;22;11;16;9;2;18;7;3;6;1;5;4;
*16BH#~~~~4~~2;p;;;;;;23.00.07;2;4;6;1;3339;;22;11;16;9;2;18;7;3;6;1;5;4;
*p22:19;;;;;;;23.00.11;2;4;6;1;3343;;22;11;16;9;2;18;7;3;6;1;5;4;
aT;;;;;;;23.00.11;2;4;6;1;3340;;22;11;16;9;2;18;7;3;6;1;5;4;
*22SQ=~~~1~~~~N;s;;;;;;23.01.28;2;4;6;1;3419;;22;11;16;9;2;18;7;3;6;1;5;4;
a$$&H#;s;;;;;;23.01.28;2;4;6;1;3419;;22;11;16;9;2;18;7;3;6;1;5;4;
ap22:20;;;;;;;23.01.31;2;4;6;1;3423;;22;11;16;9;2;18;7;3;6;1;5;4;
az5;;;;;;;23.01.31;2;4;5;1;3420;;22;11;16;9;2;18;3;6;1;5;4;7;
ac03:15;;;;;;;23.01.31;2;4;5;1;3420;;22;11;16;9;2;18;15;6;1;5;4;7;
ac01:20;;;;;;;23.01.31;2;4;5;1;3420;;22;11;16;9;2;18;15;6;20;5;4;7;
a15SM-~~~51;;;;;;;23.02.04;2;4;5;1;3455;;22;11;16;9;2;18;15;6;20;5;4;7;
*20RM+~~~51~~~~41;;;;;;;23.02.04;2;4;5;1;3455;;22;11;16;9;2;18;15;6;20;5;4;7;
*09ET+KFF;;;;;;;23.02.04;2;4;5;1;3455;;22;11;16;9;2;18;15;6;20;5;4;7;
*11AT-W4~46DH2;;r;;;;;23.02.08;2;4;5;1;3460;;22;11;16;9;2;18;15;6;20;5;4;7;
a05BT+~~~~2~~2;;;;;;;23.02.08;2;4;5;1;3460;;22;11;16;9;2;18;15;6;20;5;4;7;
a07DH+;;;;;;;23.02.10;2;4;5;1;3460;;22;11;16;9;2;18;15;6;20;5;4;7;
a04ET+~~F;;;;;;;23.02.10;2;4;5;1;3460;;22;11;16;9;2;18;15;6;20;5;4;7;
a06AT+W4~45~H1;;p;;;;;23.02.12;2;4;5;1;3463;;22;11;16;9;2;18;15;6;20;5;4;7;
*09BT-~~~~2~~1;;;;;;;23.02.12;2;4;5;1;3463;;22;11;16;9;2;18;15;6;20;5;4;7;
*20DH+;;;;;;;23.02.15;2;4;5;1;3463;;22;11;16;9;2;18;15;6;20;5;4;7;
*09ET+~~P;;;;;;;23.02.15;2;4;5;1;3463;;22;11;16;9;2;18;15;6;20;5;4;7;
*02AT#Y8~81AH2;s;s;;;;;23.02.18;2;4;5;1;3468;;22;11;16;9;2;18;15;6;20;5;4;7;
a04DT=~~~81A;s;;;;;;23.02.18;2;4;5;1;3468;;22;11;16;9;2;18;15;6;20;5;4;7;
*p23:20;;;;;;;23.02.25;2;4;5;1;3472;;22;11;16;9;2;18;15;6;20;5;4;7;
*z3;;;;;;;23.02.25;2;3;5;1;3474;;11;16;9;2;18;22;15;6;20;5;4;7;
ac20:01;;;;;;;23.02.25;2;3;5;1;3474;;11;16;9;2;18;22;15;6;1;5;4;7;
ac15:03;;;;;;;23.02.25;2;3;5;1;3474;;11;16;9;2;18;22;3;6;1;5;4;7;
*11SQ-~~~16A;;;;;;;23.02.53;2;3;5;1;3504;;11;16;9;2;18;22;3;6;1;5;4;7;
a07RQ#~~~16A;;;;;;;23.02.53;2;3;5;1;3504;;11;16;9;2;18;22;3;6;1;5;4;7;
a04EQ+K1C;;;;;;;23.02.53;2;3;5;1;3504;;11;16;9;2;18;22;3;6;1;5;4;7;
a05AQ#J1~38~H1;s;r;;;;;23.02.58;2;3;5;1;3509;;11;16;9;2;18;22;3;6;1;5;4;7;
*02DQ=~~~38~S;s;;;;;;23.02.58;2;3;5;1;3509;;11;16;9;2;18;22;3;6;1;5;4;7;
ap23:21;;;;;;;23.03.01;2;3;5;1;3513;;11;16;9;2;18;22;3;6;1;5;4;7;
az4;;;;;;;23.03.01;2;3;4;1;3510;;11;16;9;2;18;22;6;1;5;4;7;3;
a06SQ!~~~16C;;;;;;;23.03.24;2;3;4;1;3535;;11;16;9;2;18;22;6;1;5;4;7;3;
*20RQ!~~~16C~~~32;;;;;;;23.03.24;2;3;4;1;3535;;11;16;9;2;18;22;6;1;5;4;7;3;
*09ET+K8B;;;;;;;23.03.24;2;3;4;1;3535;;11;16;9;2;18;22;6;1;5;4;7;3;
*22AT+Y9~91~H2;;r;;;;;23.03.33;2;3;4;1;3540;;11;16;9;2;18;22;6;1;5;4;7;3;
a06DT/~~~91;;;;;;;23.03.33;2;3;4;1;3540;;11;16;9;2;18;22;6;1;5;4;7;3;
*20FH+;;;;;;;23.03.37;2;3;4;1;3541;;11;16;9;2;18;22;6;1;5;4;7;3;
*09ET+~~B;;;;;;;23.03.37;2;3;4;1;3541;;11;16;9;2;18;22;6;1;5;4;7;3;
*22AT#Y9~95~H2;s;s;;;;;23.03.39;2;3;4;1;3545;;11;16;9;2;18;22;6;1;5;4;7;3;
a01BT=~~~~4~~2;s;;;;;;23.03.39;2;3;4;1;3545;;11;16;9;2;18;22;6;1;5;4;7;3;
*p24:21;;;;;;;23.03.41;2;3;4;1;3549;;11;16;9;2;18;22;6;1;5;4;7;3;
*z2;;;;;;;23.03.41;2;2;4;1;3550;;16;9;2;18;22;11;6;1;5;4;7;3;
*16SQ!~~~18A;;;;;;;23.03.55;2;2;4;1;3566;;16;9;2;18;22;11;6;1;5;4;7;3;
a14RQ!~~~18A~~~41;;;;;;;23.03.55;2;2;4;1;3566;;16;9;2;18;22;11;6;1;5;4;7;3;
a04ET+KCF~~~1;;;;;;;23.03.55;2;2;4;1;3566;;16;9;2;18;22;11;6;1;5;4;7;3;
a01AT-W4~46~H2;;r;;;;;23.04.00;2;2;4;1;3570;;16;9;2;18;22;11;6;1;5;4;7;3;
*09BT+~~~~2~~2;;;;;;;23.04.00;2;2;4;1;3570;;16;9;2;18;22;11;6;1;5;4;7;3;
*11DH-;;;;;;;23.04.00;2;2;4;1;3570;;16;9;2;18;22;11;6;1;5;4;7;3;
*09ET+~~F;;;;;;;23.04.00;2;2;4;1;3570;;16;9;2;18;22;11;6;1;5;4;7;3;
*02AT#W4~41~H2;p;p;;;;;23.04.03;2;2;4;1;3573;;16;9;2;18;22;11;6;1;5;4;7;3;
a05BT=~~~~2~~2;p;;;;;;23.04.03;2;2;4;1;3573;;16;9;2;18;22;11;6;1;5;4;7;3;
*p25:21;;;;;;;23.04.10;2;2;4;1;3577;;16;9;2;18;22;11;6;1;5;4;7;3;
**2set;;;;;;;23.04.10;3;2;4;1;3578;;;;;;;;;;;;;;
*P09>LUp;;;;;;;23.04.10;3;2;4;1;3579;;2;18;22;11;16;9;4;7;3;6;1;5;
*z6>LUp;;;;;;;23.04.10;3;6;4;1;3579;;2;18;22;11;16;9;4;7;3;6;1;5;
aP04>LUp;;;;;;;23.04.10;3;6;4;1;3579;;2;18;22;11;16;9;4;7;3;6;1;5;
az1>LUp;;;;;;;23.04.10;3;6;1;1;3579;;2;18;22;11;16;9;4;7;3;6;1;5;
a04SM!~~~11C;;;;;;;23.08.20;3;6;1;1;3832;;2;18;22;11;16;9;4;7;3;6;1;5;
*02RM!~~~11C~~~22;;;;;;;23.08.20;3;6;1;1;3832;;2;18;22;11;16;9;4;7;3;6;1;5;
*09EQ+K9C;;;;;;;23.08.20;3;6;1;1;3832;;2;18;22;11;16;9;4;7;3;6;1;5;
*18AQ-J2~34~T1;;r;;;;;23.08.25;3;6;1;1;3837;;2;18;22;11;16;9;4;7;3;6;1;5;
a07DQ+~~~34;;;;;;;23.08.25;3;6;1;1;3837;;2;18;22;11;16;9;4;7;3;6;1;5;
a04ET+~~F;;;;;;;23.08.25;3;6;1;1;3837;;2;18;22;11;16;9;4;7;3;6;1;5;
a07AT-W4~45~H2;;p;;;;;23.08.28;3;6;1;1;3840;;2;18;22;11;16;9;4;7;3;6;1;5;
*18BT+~~~~2~~2;;;;;;;23.08.28;3;6;1;1;3840;;2;18;22;11;16;9;4;7;3;6;1;5;
a14DH+;;;;;;;23.08.28;3;6;1;1;3840;;2;18;22;11;16;9;4;7;3;6;1;5;
a04EH+~~F;;;;;;;23.08.28;3;6;1;1;3840;;2;18;22;11;16;9;4;7;3;6;1;5;
a07AH-G4~46~H2;;p;;;;;23.08.32;3;6;1;1;3844;;2;18;22;11;16;9;4;7;3;6;1;5;
*20DH+~~~46;;;;;;;23.08.32;3;6;1;1;3844;;2;18;22;11;16;9;4;7;3;6;1;5;
*09ET+~~F;;;;;;;23.08.32;3;6;1;1;3843;;2;18;22;11;16;9;4;7;3;6;1;5;
*11AT-W4~47AH2;;s;;;;;23.08.34;3;6;1;1;3846;;2;18;22;11;16;9;4;7;3;6;1;5;
a14DT+~~~47A;;;;;;;23.08.34;3;6;1;1;3846;;2;18;22;11;16;9;4;7;3;6;1;5;
a04ET+~~F;;;;;;;23.08.34;3;6;1;1;3846;;2;18;22;11;16;9;4;7;3;6;1;5;
a07AT=W4~44~H2S;s;p;;;;;23.08.36;3;6;1;1;3850;;2;18;22;11;16;9;4;7;3;6;1;5;
*$$&H#;s;;;;;;23.08.36;3;6;1;1;3850;;2;18;22;11;16;9;4;7;3;6;1;5;
*p01:00;;;;;;;23.08.46;3;6;1;1;3854;;2;18;22;11;16;9;4;7;3;6;1;5;
*z5;;;;;;;23.08.46;3;5;1;1;3855;;18;22;11;16;9;2;4;7;3;6;1;5;
*18SM-~~~51;;;;;;;23.08.56;3;5;1;1;3868;;18;22;11;16;9;2;4;7;3;6;1;5;
a07RM+~~~51~~~~32;;;;;;;23.08.56;3;5;1;1;3868;;18;22;11;16;9;2;4;7;3;6;1;5;
a04ET+K1F;;;;;;;23.08.56;3;5;1;1;3868;;18;22;11;16;9;2;4;7;3;6;1;5;
a06AT#W4~45~H2;s;r;;;;;23.09.01;3;5;1;1;3872;;18;22;11;16;9;2;4;7;3;6;1;5;
*16BT=~~~~2~~2;s;;;;;;23.09.01;3;5;1;1;3872;;18;22;11;16;9;2;4;7;3;6;1;5;
ap01:01;;;;;;;23.09.05;3;5;1;1;3876;;18;22;11;16;9;2;4;7;3;6;1;5;
az6;;;;;;;23.09.05;3;5;6;1;3874;;18;22;11;16;9;2;7;3;6;1;5;4;
a07SQ-~~~56C;;;;;;;23.09.22;3;5;6;1;3894;;18;22;11;16;9;2;7;3;6;1;5;4;
*02RQ+~~~56C~~~22;;;;;;;23.09.22;3;5;6;1;3894;;18;22;11;16;9;2;7;3;6;1;5;4;
*09EQ+KBC;;;;;;;23.09.38;3;5;6;1;3894;;18;22;11;16;9;2;7;3;6;1;5;4;
*16AQ-J2~31~H1;;r;;;;;23.09.28;3;5;6;1;3899;;18;22;11;16;9;2;7;3;6;1;5;4;
a03BQ+~~~~3~~1;;;;;;;23.09.28;3;5;6;1;3899;;18;22;11;16;9;2;7;3;6;1;5;4;
*11DH/;;;;;;;23.09.28;3;5;6;1;3899;;18;22;11;16;9;2;7;3;6;1;5;4;
a07FH#;;;;;;;23.09.30;3;5;6;1;3900;;18;22;11;16;9;2;7;3;6;1;5;4;
a04ET+~~B;;;;;;;23.09.30;3;5;6;1;3900;;18;22;11;16;9;2;7;3;6;1;5;4;
a06AT+W2~21~H2;;p;;;;;23.09.32;3;5;6;1;3904;;18;22;11;16;9;2;7;3;6;1;5;4;
*16BT-~~~~4~~2;;;;;;;23.09.32;3;5;6;1;3904;;18;22;11;16;9;2;7;3;6;1;5;4;
a03DH+;;;;;;;23.09.34;3;5;6;1;3904;;18;22;11;16;9;2;7;3;6;1;5;4;
a04EH-~~F;;;;;;;23.09.34;3;5;6;1;3904;;18;22;11;16;9;2;7;3;6;1;5;4;
a01AH-G4~46DP0;;p;;;;;23.09.36;3;5;6;1;3908;;18;22;11;16;9;2;7;3;6;1;5;4;
*20DH+~~~46D;;;;;;;23.09.36;3;5;6;1;3908;;18;22;11;16;9;2;7;3;6;1;5;4;
*09ET+~~B;;;;;;;23.09.36;3;5;6;1;3908;;18;22;11;16;9;2;7;3;6;1;5;4;
*22AT-W2~22~H2;;s;;;;;23.09.46;3;5;6;1;3911;;18;22;11;16;9;2;7;3;6;1;5;4;
a06DT+~~~22;;;;;;;23.09.46;3;5;6;1;3911;;18;22;11;16;9;2;7;3;6;1;5;4;
a04EQ+~~C;;;;;;;23.09.46;3;5;6;1;3911;;18;22;11;16;9;2;7;3;6;1;5;4;
a03AQ-J1~37AP1;;p;;;;;23.09.43;3;5;6;1;3914;;18;22;11;16;9;2;7;3;6;1;5;4;
*20DQ+~~~37A;;;;;;;23.09.43;3;5;6;1;3914;;18;22;11;16;9;2;7;3;6;1;5;4;
*09ET+~~F;;;;;;;23.09.43;3;5;6;1;3914;;18;22;11;16;9;2;7;3;6;1;5;4;
*11AT/W4~45~H2;p;s;;;;;23.09.43;3;5;6;1;3918;;18;22;11;16;9;2;7;3;6;1;5;4;
a03BT#~~~~2~~2;p;;;;;;23.09.43;3;5;6;1;3918;;18;22;11;16;9;2;7;3;6;1;5;4;
ap01:02;;;;;;;23.09.58;3;5;6;1;3922;;18;22;11;16;9;2;7;3;6;1;5;4;
a07SQ=~~~56D~~O;s;;;;;;23.10.24;3;5;6;1;3955;;18;22;11;16;9;2;7;3;6;1;5;4;
*$$&H#;s;;;;;;23.10.24;3;5;6;1;3955;;18;22;11;16;9;2;7;3;6;1;5;4;
*p02:02;;;;;;;23.10.28;3;5;6;1;3959;;18;22;11;16;9;2;7;3;6;1;5;4;
*z4;;;;;;;23.10.28;3;4;6;1;3957;;22;11;16;9;2;18;7;3;6;1;5;4;
*22SQ=~~~1~~~~N;s;;;;;;23.10.41;3;4;6;1;3972;;22;11;16;9;2;18;7;3;6;1;5;4;
a$$&H#;s;;;;;;23.10.41;3;4;6;1;3972;;22;11;16;9;2;18;7;3;6;1;5;4;
ap02:03;;;;;;;23.10.45;3;4;6;1;3976;;22;11;16;9;2;18;7;3;6;1;5;4;
az5;;;;;;;23.10.45;3;4;5;1;3974;;22;11;16;9;2;18;3;6;1;5;4;7;
a03SM+~~~57;;;;;;;23.11.00;3;4;5;1;3992;;22;11;16;9;2;18;3;6;1;5;4;7;
*11RM-~~~57~O;;;;;;;23.11.00;3;4;5;1;3992;;22;11;16;9;2;18;3;6;1;5;4;7;
*09EH+~~F;;;;;;;23.11.08;3;4;5;1;3992;;22;11;16;9;2;18;3;6;1;5;4;7;
*11AH+G4~42~P2;;r;;;;;23.11.05;3;4;5;1;3997;;22;11;16;9;2;18;3;6;1;5;4;7;
a06BH-~~~~2~~2;;;;;;;23.11.05;3;4;5;1;3997;;22;11;16;9;2;18;3;6;1;5;4;7;
*11DH+;;;;;;;23.11.07;3;4;5;1;3997;;22;11;16;9;2;18;3;6;1;5;4;7;
*20EH+~~F~~~2;;;;;;;23.11.12;3;4;5;1;3997;;22;11;16;9;2;18;3;6;1;5;4;7;
*11AH-G4~41~H2;;s;;;;;23.11.09;3;4;5;1;4001;;22;11;16;9;2;18;3;6;1;5;4;7;
a06BH+~~~~2~~2;;;;;;;23.11.09;3;4;5;1;4001;;22;11;16;9;2;18;3;6;1;5;4;7;
a04DH+;;;;;;;23.11.12;3;4;5;1;4001;;22;11;16;9;2;18;3;6;1;5;4;7;
a07EH+~~F~~~2;;;;;;;23.11.12;3;4;5;1;4001;;22;11;16;9;2;18;3;6;1;5;4;7;
a01AH-G4~46~H2;;p;;;;;23.11.14;3;4;5;1;4004;;22;11;16;9;2;18;3;6;1;5;4;7;
*09BH+~~~~2~~2;;;;;;;23.11.14;3;4;5;1;4004;;22;11;16;9;2;18;3;6;1;5;4;7;
*20DH+;;;;;;;23.11.16;3;4;5;1;4004;;22;11;16;9;2;18;3;6;1;5;4;7;
*09ET+~~P;;;;;;;23.11.16;3;4;5;1;4004;;22;11;16;9;2;18;3;6;1;5;4;7;
*02AT/Y8~83~T1;p;s;;;;;23.11.18;3;4;5;1;4009;;22;11;16;9;2;18;3;6;1;5;4;7;
a05BT#~~~~3~~1;p;;;;;;23.11.18;3;4;5;1;4009;;22;11;16;9;2;18;3;6;1;5;4;7;
ap02:04;;;;;;;23.11.40;3;4;5;1;4014;;22;11;16;9;2;18;3;6;1;5;4;7;
a03SM-~~~58;;;;;;;23.11.41;3;4;5;1;4032;;22;11;16;9;2;18;3;6;1;5;4;7;
*20RM+~~~58~~~~32;;;;;;;23.11.41;3;4;5;1;4032;;22;11;16;9;2;18;3;6;1;5;4;7;
*09ET+K2F;;;;;;;23.11.41;3;4;5;1;4032;;22;11;16;9;2;18;3;6;1;5;4;7;
*11AT#W4~45~H2;s;r;;;;;23.11.46;3;4;5;1;4037;;22;11;16;9;2;18;3;6;1;5;4;7;
a07DT=~~~45~S;s;;;;;;23.11.46;3;4;5;1;4037;;22;11;16;9;2;18;3;6;1;5;4;7;
*p03:04;;;;;;;23.11.49;3;4;5;1;4041;;22;11;16;9;2;18;3;6;1;5;4;7;
*z3;;;;;;;23.11.49;3;3;5;1;4038;;11;16;9;2;18;22;3;6;1;5;4;7;
*11SQ-~~~11;;;;;;;23.12.05;3;3;5;1;4055;;11;16;9;2;18;22;3;6;1;5;4;7;
a14RQ+~~~11~~~~32;;;;;;;23.12.05;3;3;5;1;4055;;11;16;9;2;18;22;3;6;1;5;4;7;
a04ET+K1P;;;;;;;23.12.05;3;3;5;1;4055;;11;16;9;2;18;22;3;6;1;5;4;7;
a07AT#Y8~86CH1;s;r;;;;;23.12.10;3;3;5;1;4059;;11;16;9;2;18;22;3;6;1;5;4;7;
*11DT=~~~86C;s;;;;;;23.12.10;3;3;5;1;4059;;11;16;9;2;18;22;3;6;1;5;4;7;
ap03:05;;;;;;;23.12.15;3;3;5;1;4063;;11;16;9;2;18;22;3;6;1;5;4;7;
az4;;;;;;;23.12.15;3;3;4;1;4064;;11;16;9;2;18;22;6;1;5;4;7;3;
a06SQ=~~~1~~~~N;s;;;;;;23.12.37;3;3;4;1;4088;;11;16;9;2;18;22;6;1;5;4;7;3;
*$$&H#;s;;;;;;23.12.37;3;3;4;1;4088;;11;16;9;2;18;22;6;1;5;4;7;3;
*p04:05;;;;;;;23.12.41;3;3;4;1;4092;;11;16;9;2;18;22;6;1;5;4;7;3;
*z2;;;;;;;23.12.41;3;2;4;1;4090;;16;9;2;18;22;11;6;1;5;4;7;3;
*16SQ-~~~11C;;;;;;;23.12.56;3;2;4;1;4108;;16;9;2;18;22;11;6;1;5;4;7;3;
a14RQ#~~~11C;;;;;;;23.12.56;3;2;4;1;4108;;16;9;2;18;22;11;6;1;5;4;7;3;
a04EO+K1S;;;;;;;23.12.56;3;2;4;1;4108;;16;9;2;18;22;11;6;1;5;4;7;3;
a04AO+JJ~3~~T1;;r;;;;;23.13.01;3;2;4;1;4111;;16;9;2;18;22;11;6;1;5;4;7;3;
*02DO/~~~2;;;;;;;23.13.01;3;2;4;1;4111;;16;9;2;18;22;11;6;1;5;4;7;3;
a01AO#V3~3~~H0;s;s;;;;;23.13.05;3;2;4;1;4114;;16;9;2;18;22;11;6;1;5;4;7;3;
*$$&H=;s;;;;;;23.13.05;3;2;4;1;4114;;16;9;2;18;22;11;6;1;5;4;7;3;
ap04:06;;;;;;;23.13.09;3;2;4;1;4118;;16;9;2;18;22;11;6;1;5;4;7;3;
az3;;;;;;;23.13.09;3;2;3;1;4118;;16;9;2;18;22;11;1;5;4;7;3;6;
a01SQ-~~~56;;;;;;;23.13.28;3;2;3;1;4139;;16;9;2;18;22;11;1;5;4;7;3;6;
*11RQ+~~~56~~~~22;;;;;;;23.13.28;3;2;3;1;4139;;16;9;2;18;22;11;1;5;4;7;3;6;
*09ET+K9F;;;;;;;23.13.28;3;2;3;1;4139;;16;9;2;18;22;11;1;5;4;7;3;6;
*02AT=W4~41AH2S;p;r;;;;;23.13.33;3;2;3;1;4145;;16;9;2;18;22;11;1;5;4;7;3;6;
a$$&H#;p;;;;;;23.13.33;3;2;3;1;4145;;16;9;2;18;22;11;1;5;4;7;3;6;
ap04:07;;;;;;;23.13.38;3;2;3;1;4149;;16;9;2;18;22;11;1;5;4;7;3;6;
a01SQ-~~~56;;;;;;;23.13.57;3;2;3;1;4168;;16;9;2;18;22;11;1;5;4;7;3;6;
*11RQ+~~~56~~~~32;;;;;;;23.13.57;3;2;3;1;4168;;16;9;2;18;22;11;1;5;4;7;3;6;
*09ET+K1F;;;;;;;23.13.57;3;2;3;1;4171;;16;9;2;18;22;11;1;5;4;7;3;6;
*02AT#W4~46CH2;s;r;;;;;23.13.57;3;2;3;1;4174;;16;9;2;18;22;11;1;5;4;7;3;6;
a01DT=~~~46C;s;;;;;;23.13.57;3;2;3;1;4174;;16;9;2;18;22;11;1;5;4;7;3;6;
*p05:07;;;;;;;23.14.07;3;2;3;1;4178;;16;9;2;18;22;11;1;5;4;7;3;6;
*z1;;;;;;;23.14.07;3;1;3;1;4176;;9;2;18;22;11;16;1;5;4;7;3;6;
*09SM-~~~59;;;;;;;23.14.20;3;1;3;1;4192;;9;2;18;22;11;16;1;5;4;7;3;6;
a01RM+~~~59~~~~21;;;;;;;23.14.20;3;1;3;1;4192;;9;2;18;22;11;16;1;5;4;7;3;6;
a04ET+K1F;;;;;;;23.14.20;3;1;3;1;4192;;9;2;18;22;11;16;1;5;4;7;3;6;
a07AT#W4~41~H1;s;r;;;;;23.14.25;3;1;3;1;4196;;9;2;18;22;11;16;1;5;4;7;3;6;
*09DT=~~~41~S;s;;;;;;23.14.25;3;1;3;1;4196;;9;2;18;22;11;16;1;5;4;7;3;6;
ap05:08;;;;;;;23.14.29;3;1;3;1;4200;;9;2;18;22;11;16;1;5;4;7;3;6;
az2;;;;;;;23.14.30;3;1;2;1;4199;;9;2;18;22;11;16;5;4;7;3;6;1;
a05SM!~~~51;;;;;;;23.14.46;3;1;2;1;4217;;9;2;18;22;11;16;5;4;7;3;6;1;
*02RM!~~~51~~~~32;;;;;;;23.14.46;3;1;2;1;4217;;9;2;18;22;11;16;5;4;7;3;6;1;
*09ET+K8B;;;;;;;23.14.46;3;1;2;1;4217;;9;2;18;22;11;16;5;4;7;3;6;1;
*02AT#W2~29~H1;s;r;;;;;23.14.50;3;1;2;1;4222;;9;2;18;22;11;16;5;4;7;3;6;1;
a06DT=~~~29~S;s;;;;;;23.14.50;3;1;2;1;4222;;9;2;18;22;11;16;5;4;7;3;6;1;
*p06:08;;;;;;;23.14.55;3;1;2;1;4226;;9;2;18;22;11;16;5;4;7;3;6;1;
*z6;;;;;;;23.14.55;3;6;2;1;4224;;2;18;22;11;16;9;5;4;7;3;6;1;
*02SQ-~~~55;;;;;;;23.15.15;3;6;2;1;4246;;2;18;22;11;16;9;5;4;7;3;6;1;
a07RQ#~~~55;;;;;;;23.15.15;3;6;2;1;4246;;2;18;22;11;16;9;5;4;7;3;6;1;
a04EQ+K1C;;;;;;;23.15.22;3;6;2;1;4246;;2;18;22;11;16;9;5;4;7;3;6;1;
a03AQ-J1~37AH1;;r;;;;;23.15.20;3;6;2;1;4250;;2;18;22;11;16;9;5;4;7;3;6;1;
*20DQ+~~~37A;;;;;;;23.15.20;3;6;2;1;4250;;2;18;22;11;16;9;5;4;7;3;6;1;
*02EH+~~F~~~2;;;;;;;23.15.20;3;6;2;1;4250;;2;18;22;11;16;9;5;4;7;3;6;1;
*11AH#G4~45~H2;p;p;;;;;23.15.23;3;6;2;1;4254;;2;18;22;11;16;9;5;4;7;3;6;1;
a03BH=~~~~2~~2;p;;;;;;23.15.23;3;6;2;1;4254;;2;18;22;11;16;9;5;4;7;3;6;1;
*p07:08;;;;;;;23.15.33;3;6;2;1;4258;;2;18;22;11;16;9;5;4;7;3;6;1;
*02SQ!~~~56;;;;;;;23.15.43;3;6;2;1;4274;;2;18;22;11;16;9;5;4;7;3;6;1;
a01RQ!~~~56~~~~22;;;;;;;23.15.43;3;6;2;1;4274;;2;18;22;11;16;9;5;4;7;3;6;1;
a04ET+K9F;;;;;;;23.15.43;3;6;2;1;4274;;2;18;22;11;16;9;5;4;7;3;6;1;
a07AT#W4~45~H2;s;r;;;;;23.15.49;3;6;2;1;4278;;2;18;22;11;16;9;5;4;7;3;6;1;
*18BT=~~~~2~~2;s;;;;;;23.15.49;3;6;2;1;4278;;2;18;22;11;16;9;5;4;7;3;6;1;
ap07:09;;;;;;;23.15.58;3;6;2;1;4282;;2;18;22;11;16;9;5;4;7;3;6;1;
az1;;;;;;;23.15.58;3;6;1;1;4287;;2;18;22;11;16;9;4;7;3;6;1;5;
a04SM!~~~19;;;;;;;23.16.07;3;6;1;1;4297;;2;18;22;11;16;9;4;7;3;6;1;5;
*02RM!~~~19~~~~32;;;;;;;23.16.07;3;6;1;1;4297;;2;18;22;11;16;9;4;7;3;6;1;5;
*09ET+K8B;;;;;;;23.16.07;3;6;1;1;4297;;2;18;22;11;16;9;4;7;3;6;1;5;
*22AT#W2~24~P2;s;r;;;;;23.16.12;3;6;1;1;4302;;2;18;22;11;16;9;4;7;3;6;1;5;
a07BT=~~~~4~~2;s;;;;;;23.16.12;3;6;1;1;4302;;2;18;22;11;16;9;4;7;3;6;1;5;
*p08:09;;;;;;;23.16.14;3;6;1;1;4306;;2;18;22;11;16;9;4;7;3;6;1;5;
*z5;;;;;;;23.16.14;3;5;1;1;4303;;18;22;11;16;9;2;4;7;3;6;1;5;
*18SM/~~~57;;;;;;;23.16.29;3;5;1;1;4320;;18;22;11;16;9;2;4;7;3;6;1;5;
a01RM/~~~57~M;;;;;;;23.16.29;3;5;1;1;4320;;18;22;11;16;9;2;4;7;3;6;1;5;
*02FH#;;;;;;;23.16.36;3;5;1;1;4322;;18;22;11;16;9;2;4;7;3;6;1;5;
*09ET+~~B;;;;;;;23.16.36;3;5;1;1;4322;;18;22;11;16;9;2;4;7;3;6;1;5;
*22AT#W2~29~H1X;p;p;;;;;23.16.37;3;5;1;1;4329;;18;22;11;16;9;2;4;7;3;6;1;5;
a04DT=~~~29~S;p;;;;;;23.16.37;3;5;1;1;4329;;18;22;11;16;9;2;4;7;3;6;1;5;
*p09:09;;;;;;;23.16.42;3;5;1;1;4333;;18;22;11;16;9;2;4;7;3;6;1;5;
*18SM!~~~57;;;;;;;23.16.54;3;5;1;1;4345;;18;22;11;16;9;2;4;7;3;6;1;5;
a01RM!~~~57~O~~31;;;;;;;23.16.54;3;5;1;1;4345;;18;22;11;16;9;2;4;7;3;6;1;5;
a04ET+KCB;;;;;;;23.16.54;3;5;1;1;4345;;18;22;11;16;9;2;4;7;3;6;1;5;
a07AT#W2~21~H2;s;r;;;;;23.16.58;3;5;1;1;4349;;18;22;11;16;9;2;4;7;3;6;1;5;
*16BT=~~~~4~~2;s;;;;;;23.16.58;3;5;1;1;4349;;18;22;11;16;9;2;4;7;3;6;1;5;
ap09:10;;;;;;;23.17.01;3;5;1;1;4353;;18;22;11;16;9;2;4;7;3;6;1;5;
az6;;;;;;;23.17.01;3;5;6;1;4350;;18;22;11;16;9;2;7;3;6;1;5;4;
a07SQ!~~~55;;;;;;;23.17.19;3;5;6;1;4371;;18;22;11;16;9;2;7;3;6;1;5;4;
*11RQ!~~~55~~~~42;;;;;;;23.17.19;3;5;6;1;4371;;18;22;11;16;9;2;7;3;6;1;5;4;
*09ET+K7F;;;;;;;23.17.19;3;5;6;1;4371;;18;22;11;16;9;2;7;3;6;1;5;4;
*11AT#W4~47~H2;s;r;;;;;23.17.25;3;5;6;1;4377;;18;22;11;16;9;2;7;3;6;1;5;4;
a14DT=~~~47;s;;;;;;23.17.25;3;5;6;1;4377;;18;22;11;16;9;2;7;3;6;1;5;4;
*p10:10;;;;;;;23.17.29;3;5;6;1;4381;;18;22;11;16;9;2;7;3;6;1;5;4;
*z4;;;;;;;23.17.29;3;4;6;1;4378;;22;11;16;9;2;18;7;3;6;1;5;4;
*22SQ/~~~16;;;;;;;23.17.40;3;4;6;1;4392;;22;11;16;9;2;18;7;3;6;1;5;4;
a14RQ/~~~16~W;;;;;;;23.17.40;3;4;6;1;4392;;22;11;16;9;2;18;7;3;6;1;5;4;
*11AO+V3~3~~H0;;p;;;;;23.17.46;3;4;6;1;4396;;22;11;16;9;2;18;7;3;6;1;5;4;
a04DO/~~~3;;;;;;;23.17.46;3;4;6;1;4396;;22;11;16;9;2;18;7;3;6;1;5;4;
*02FH#;;;;;;;23.17.49;3;4;6;1;4397;;22;11;16;9;2;18;7;3;6;1;5;4;
*09ET+~~B;;;;;;;23.17.49;3;4;6;1;4397;;22;11;16;9;2;18;7;3;6;1;5;4;
*22AT#Y9~91~H2;p;p;;;;;23.17.51;3;4;6;1;4401;;22;11;16;9;2;18;7;3;6;1;5;4;
a03BT=~~~~4~~2;p;;;;;;23.17.51;3;4;6;1;4401;;22;11;16;9;2;18;7;3;6;1;5;4;
*p11:10;;;;;;;23.17.56;3;4;6;1;4405;;22;11;16;9;2;18;7;3;6;1;5;4;
*22SQ/~~~16;;;;;;;23.18.09;3;4;6;1;4421;;22;11;16;9;2;18;7;3;6;1;5;4;
a14RQ/~~~16~W;;;;;;;23.18.09;3;4;6;1;4421;;22;11;16;9;2;18;7;3;6;1;5;4;
*11AO-V3~31~H0;;p;;;;;23.18.14;3;4;6;1;4424;;22;11;16;9;2;18;7;3;6;1;5;4;
a07DO+~~~31;;;;;;;23.18.14;3;4;6;1;4424;;22;11;16;9;2;18;7;3;6;1;5;4;
a04EH+~~B;;;;;;;23.18.14;3;4;6;1;4424;;22;11;16;9;2;18;7;3;6;1;5;4;
a06AH-G2~25~H2;;s;;;;;23.18.18;3;4;6;1;4428;;22;11;16;9;2;18;7;3;6;1;5;4;
*11BH+~~~~4~~2;;;;;;;23.18.18;3;4;6;1;4428;;22;11;16;9;2;18;7;3;6;1;5;4;
*11DH+;;;;;;;23.18.20;3;4;6;1;4428;;22;11;16;9;2;18;7;3;6;1;5;4;
*09ET+~~B;;;;;;;23.18.20;3;4;6;1;4428;;22;11;16;9;2;18;7;3;6;1;5;4;
*22AT/Y9~96AH1;s;p;;;;;23.18.23;3;4;6;1;4433;;22;11;16;9;2;18;7;3;6;1;5;4;
a01BT#~~~~4~~1;s;;;;;;23.18.23;3;4;6;1;4433;;22;11;16;9;2;18;7;3;6;1;5;4;
ap11:11;;;;;;;23.18.28;3;4;6;1;4437;;22;11;16;9;2;18;7;3;6;1;5;4;
az5;;;;;;;23.18.28;3;4;5;1;4437;;22;11;16;9;2;18;3;6;1;5;4;7;
a03SM-~~~57;;;;;;;23.18.42;3;4;5;1;4454;;22;11;16;9;2;18;3;6;1;5;4;7;
*02RM+~~~57~~~~32;;;;;;;23.18.42;3;4;5;1;4454;;22;11;16;9;2;18;3;6;1;5;4;7;
*09ET+K1F;;;;;;;23.18.42;3;4;5;1;4454;;22;11;16;9;2;18;3;6;1;5;4;7;
*11AT+W4~41AP2;;r;;;;;23.18.47;3;4;5;1;4458;;22;11;16;9;2;18;3;6;1;5;4;7;
a04DT/~~~41A;;;;;;;23.18.47;3;4;5;1;4458;;22;11;16;9;2;18;3;6;1;5;4;7;
*16FH#;;;;;;;23.18.52;3;4;5;1;4459;;22;11;16;9;2;18;3;6;1;5;4;7;
*09ET+~~P;;;;;;;23.18.52;3;4;5;1;4459;;22;11;16;9;2;18;3;6;1;5;4;7;
*02AT#Y8~81~H1;s;s;;;;;23.18.54;3;4;5;1;4465;;22;11;16;9;2;18;3;6;1;5;4;7;
a04DT=~~~81;s;;;;;;23.18.54;3;4;5;1;4465;;22;11;16;9;2;18;3;6;1;5;4;7;
*p12:11;;;;;;;23.19.01;3;4;5;1;4469;;22;11;16;9;2;18;3;6;1;5;4;7;
*z3;;;;;;;23.19.01;3;3;5;1;4470;;11;16;9;2;18;22;3;6;1;5;4;7;
*11SQ+~~~15A;;;;;;;23.19.18;3;3;5;1;4489;;11;16;9;2;18;22;3;6;1;5;4;7;
a01RQ-~~~15A;;;;;;;23.19.18;3;3;5;1;4489;;11;16;9;2;18;22;3;6;1;5;4;7;
a04ET+~~F;;;;;;;23.19.18;3;3;5;1;4489;;11;16;9;2;18;22;3;6;1;5;4;7;
a01AT-W4~45~H2;;r;;;;;23.19.23;3;3;5;1;4494;;11;16;9;2;18;22;3;6;1;5;4;7;
*16BT+~~~~2~~2;;;;;;;23.19.23;3;3;5;1;4494;;11;16;9;2;18;22;3;6;1;5;4;7;
*20DH+;;;;;;;23.19.25;3;3;5;1;4494;;11;16;9;2;18;22;3;6;1;5;4;7;
*09ET+~~F;;;;;;;23.19.25;3;3;5;1;4494;;11;16;9;2;18;22;3;6;1;5;4;7;
*02AT=W4~41~H2O;s;p;;;;;23.19.27;3;3;5;1;4498;;11;16;9;2;18;22;3;6;1;5;4;7;
a$$&H#;s;;;;;;23.19.27;3;3;5;1;4498;;11;16;9;2;18;22;3;6;1;5;4;7;
ap12:12;;;;;;;23.19.35;3;3;5;1;4502;;11;16;9;2;18;22;3;6;1;5;4;7;
az4;;;;;;;23.19.35;3;3;4;1;4504;;11;16;9;2;18;22;6;1;5;4;7;3;
a06SQ!~~~11;;;;;;;23.20.22;3;3;4;1;4553;;11;16;9;2;18;22;6;1;5;4;7;3;
*11RQ!~~~11~~~~42;;;;;;;23.20.22;3;3;4;1;4553;;11;16;9;2;18;22;6;1;5;4;7;3;
*09ET+KFB;;;;;;;23.20.31;3;3;4;1;4553;;11;16;9;2;18;22;6;1;5;4;7;3;
*22AT-Y9~96~H2;;r;;;;;23.20.28;3;3;4;1;4558;;11;16;9;2;18;22;6;1;5;4;7;3;
a05BT+~~~~4~~2;;;;;;;23.20.28;3;3;4;1;4558;;11;16;9;2;18;22;6;1;5;4;7;3;
a04DH+;;;;;;;23.20.30;3;3;4;1;4558;;11;16;9;2;18;22;6;1;5;4;7;3;
a14EH+~~B~~~2;;;;;;;23.20.44;3;3;4;1;4558;;11;16;9;2;18;22;6;1;5;4;7;3;
a06AH+G9~96AP0;;p;;;;;23.20.33;3;3;4;1;4563;;11;16;9;2;18;22;6;1;5;4;7;3;
*20DH-~~~96A;;;;;;;23.20.33;3;3;4;1;4563;;11;16;9;2;18;22;6;1;5;4;7;3;
*16EH+~~B;;;;;;;23.20.33;3;3;4;1;4563;;11;16;9;2;18;22;6;1;5;4;7;3;
*22AH-G9~96~H2;;s;;;;;23.20.36;3;3;4;1;4567;;11;16;9;2;18;22;6;1;5;4;7;3;
a05BH+~~~~4~~2;;;;;;;23.20.36;3;3;4;1;4567;;11;16;9;2;18;22;6;1;5;4;7;3;
a04AO-JJ~3~~T0;;p;;;;;23.20.39;3;3;4;1;4569;;11;16;9;2;18;22;6;1;5;4;7;3;
*20DO+~~~2;;;;;;;23.20.39;3;3;4;1;4569;;11;16;9;2;18;22;6;1;5;4;7;3;
*09EH+~~F;;;;;;;23.20.39;3;3;4;1;4569;;11;16;9;2;18;22;6;1;5;4;7;3;
*02AH+G4~45~H2;;s;;;;;23.20.41;3;3;4;1;4572;;11;16;9;2;18;22;6;1;5;4;7;3;
a05BH-~~~~2~~2;;;;;;;23.20.41;3;3;4;1;4572;;11;16;9;2;18;22;6;1;5;4;7;3;
*09DH+;;;;;;;23.20.43;3;3;4;1;4572;;11;16;9;2;18;22;6;1;5;4;7;3;
*20EH+~~B~~~2;;;;;;;23.20.43;3;3;4;1;4572;;11;16;9;2;18;22;6;1;5;4;7;3;
*22AH+G9~95~H2;;s;;;;;23.20.45;3;3;4;1;4576;;11;16;9;2;18;22;6;1;5;4;7;3;
a14DH/~~~95;;;;;;;23.20.45;3;3;4;1;4576;;11;16;9;2;18;22;6;1;5;4;7;3;
*16AO+V3~3~~H1;;s;;;;;23.20.49;3;3;4;1;4579;;11;16;9;2;18;22;6;1;5;4;7;3;
a07DO-~~~3;;;;;;;23.20.49;3;3;4;1;4579;;11;16;9;2;18;22;6;1;5;4;7;3;
a14EH+~~F;;;;;;;23.20.49;3;3;4;1;4579;;11;16;9;2;18;22;6;1;5;4;7;3;
a01AH-G4~41~P0;;p;;;;;23.20.52;3;3;4;1;4582;;11;16;9;2;18;22;6;1;5;4;7;3;
*22DH+~~~41;;;;;;;23.20.52;3;3;4;1;4582;;11;16;9;2;18;22;6;1;5;4;7;3;
*09ET+~~P;;;;;;;23.20.52;3;3;4;1;4582;;11;16;9;2;18;22;6;1;5;4;7;3;
*11AT-Y8~87AP2;;s;;;;;23.20.55;3;3;4;1;4586;;11;16;9;2;18;22;6;1;5;4;7;3;
a14DT+~~~87A;;;;;;;23.20.55;3;3;4;1;4586;;11;16;9;2;18;22;6;1;5;4;7;3;
a04ET+~~P;;;;;;;23.20.55;3;3;4;1;4586;;11;16;9;2;18;22;6;1;5;4;7;3;
a07AT#Y8~85AH1;p;p;;;;;23.20.59;3;3;4;1;4589;;11;16;9;2;18;22;6;1;5;4;7;3;
*11DT=~~~85A;p;;;;;;23.20.59;3;3;4;1;4589;;11;16;9;2;18;22;6;1;5;4;7;3;
ap12:13;;;;;;;23.21.09;3;3;4;1;4594;;11;16;9;2;18;22;6;1;5;4;7;3;
a06SQ-~~~15;;;;;;;23.21.34;3;3;4;1;4626;;11;16;9;2;18;22;6;1;5;4;7;3;
*02RQ#~~~15;;;;;;;23.21.34;3;3;4;1;4626;;11;16;9;2;18;22;6;1;5;4;7;3;
*09ET+K2F;;;;;;;23.21.34;3;3;4;1;4626;;11;16;9;2;18;22;6;1;5;4;7;3;
*02AT+W4~47AH2;;r;;;;;23.21.40;3;3;4;1;4631;;11;16;9;2;18;22;6;1;5;4;7;3;
a14DT/~~~47A;;;;;;;23.21.40;3;3;4;1;4631;;11;16;9;2;18;22;6;1;5;4;7;3;
*20FH#;;;;;;;23.21.46;3;3;4;1;4632;;11;16;9;2;18;22;6;1;5;4;7;3;
*09ET+~~B;;;;;;;23.21.46;3;3;4;1;4632;;11;16;9;2;18;22;6;1;5;4;7;3;
*22AT=Y9~91DH0O;p;s;;;;;23.21.48;3;3;4;1;4640;;11;16;9;2;18;22;6;1;5;4;7;3;
a$$&H#;p;;;;;;23.21.48;3;3;4;1;4640;;11;16;9;2;18;22;6;1;5;4;7;3;
ap12:14;;;;;;;23.21.55;3;3;4;1;4644;;11;16;9;2;18;22;6;1;5;4;7;3;
*T;;;;;;;23.21.55;3;3;4;1;4644;;11;16;9;2;18;22;6;1;5;4;7;3;
a06SQ/~~~19D;;;;;;;23.23.23;3;3;4;1;4734;;11;16;9;2;18;22;6;1;5;4;7;3;
*11RQ/~~~19D;;;;;;;23.23.23;3;3;4;1;4734;;11;16;9;2;18;22;6;1;5;4;7;3;
a05AO#V3~3~~H1;p;p;;;;;23.23.28;3;3;4;1;4739;;11;16;9;2;18;22;6;1;5;4;7;3;
*20DO=~~~3;p;;;;;;23.23.28;3;3;4;1;4739;;11;16;9;2;18;22;6;1;5;4;7;3;
ap12:15;;;;;;;23.23.32;3;3;4;1;4743;;11;16;9;2;18;22;6;1;5;4;7;3;
a06SQ-~~~16C;;;;;;;23.23.58;3;3;4;1;4769;;11;16;9;2;18;22;6;1;5;4;7;3;
*20RQ#~~~16C;;;;;;;23.23.58;3;3;4;1;4769;;11;16;9;2;18;22;6;1;5;4;7;3;
*09EQ+K1C;;;;;;;23.23.58;3;3;4;1;4769;;11;16;9;2;18;22;6;1;5;4;7;3;
*16AQ#J4~31~H1;s;r;;;;;23.24.03;3;3;4;1;4774;;11;16;9;2;18;22;6;1;5;4;7;3;
a06DQ=~~~31~S;s;;;;;;23.24.03;3;3;4;1;4774;;11;16;9;2;18;22;6;1;5;4;7;3;
*p13:15;;;;;;;23.24.06;3;3;4;1;4778;;11;16;9;2;18;22;6;1;5;4;7;3;
*z2;;;;;;;23.24.06;3;2;4;1;4775;;16;9;2;18;22;11;6;1;5;4;7;3;
*16SQ+~~~16A;;;;;;;23.24.20;3;2;4;1;4792;;16;9;2;18;22;11;6;1;5;4;7;3;
a07RQ-~~~16A;;;;;;;23.24.20;3;2;4;1;4792;;16;9;2;18;22;11;6;1;5;4;7;3;
a04ET+KCP;;;;;;;23.24.20;3;2;4;1;4792;;16;9;2;18;22;11;6;1;5;4;7;3;
a07AT#Y8~86AH2;s;r;;;;;23.24.25;3;2;4;1;4796;;16;9;2;18;22;11;6;1;5;4;7;3;
*11DT=~~~86A;s;;;;;;23.24.25;3;2;4;1;4796;;16;9;2;18;22;11;6;1;5;4;7;3;
ap13:16;;;;;;;23.24.33;3;2;4;1;4800;;16;9;2;18;22;11;6;1;5;4;7;3;
az3;;;;;;;23.24.33;3;2;3;1;4802;;16;9;2;18;22;11;1;5;4;7;3;6;
a01SQ-~~~55;;;;;;;23.24.52;3;2;3;1;4823;;16;9;2;18;22;11;1;5;4;7;3;6;
*02RQ+~~~55~~~~21;;;;;;;23.24.52;3;2;3;1;4823;;16;9;2;18;22;11;1;5;4;7;3;6;
*09ET+K2B;;;;;;;23.24.52;3;2;3;1;4823;;16;9;2;18;22;11;1;5;4;7;3;6;
*22AT#Y9~96DH1;s;r;;;;;23.24.57;3;2;3;1;4828;;16;9;2;18;22;11;1;5;4;7;3;6;
a07BT=~~~~4~~1;s;;;;;;23.24.57;3;2;3;1;4828;;16;9;2;18;22;11;1;5;4;7;3;6;
*p14:16;;;;;;;23.25.00;3;2;3;1;4832;;16;9;2;18;22;11;1;5;4;7;3;6;
*z1;;;;;;;23.25.00;3;1;3;1;4829;;9;2;18;22;11;16;1;5;4;7;3;6;
*09SM-~~~55;;;;;;;23.25.12;3;1;3;1;4843;;9;2;18;22;11;16;1;5;4;7;3;6;
a14RM#~~~55~O;;;;;;;23.25.12;3;1;3;1;4843;;9;2;18;22;11;16;1;5;4;7;3;6;
a04ET+K1F;;;;;;;23.25.12;3;1;3;1;4843;;9;2;18;22;11;16;1;5;4;7;3;6;
a07AT#W4~45~H2;s;r;;;;;23.25.17;3;1;3;1;4847;;9;2;18;22;11;16;1;5;4;7;3;6;
*18BT=~~~~2~~2;s;;;;;;23.25.17;3;1;3;1;4847;;9;2;18;22;11;16;1;5;4;7;3;6;
ap14:17;;;;;;;23.25.20;3;1;3;1;4851;;9;2;18;22;11;16;1;5;4;7;3;6;
az2;;;;;;;23.25.20;3;1;2;1;4849;;9;2;18;22;11;16;5;4;7;3;6;1;
a05SM-~~~58;;;;;;;23.25.39;3;1;2;1;4870;;9;2;18;22;11;16;5;4;7;3;6;1;
*20RM+~~~58~~~~21;;;;;;;23.25.39;3;1;2;1;4870;;9;2;18;22;11;16;5;4;7;3;6;1;
*09ET+K1P;;;;;;;23.25.39;3;1;2;1;4870;;9;2;18;22;11;16;5;4;7;3;6;1;
*11AT#Y8~81DH1;s;r;;;;;23.25.45;3;1;2;1;4875;;9;2;18;22;11;16;5;4;7;3;6;1;
a06DT=~~~81D;s;;;;;;23.25.45;3;1;2;1;4875;;9;2;18;22;11;16;5;4;7;3;6;1;
*p15:17;;;;;;;23.25.49;3;1;2;1;4879;;9;2;18;22;11;16;5;4;7;3;6;1;
*z6;;;;;;;23.25.49;3;6;2;1;4878;;2;18;22;11;16;9;5;4;7;3;6;1;
*02SQ=~~~1~~~~N;s;;;;;;23.26.04;3;6;2;1;4895;;2;18;22;11;16;9;5;4;7;3;6;1;
a$$&H#;s;;;;;;23.26.04;3;6;2;1;4895;;2;18;22;11;16;9;5;4;7;3;6;1;
ap15:18;;;;;;;23.26.07;3;6;2;1;4899;;2;18;22;11;16;9;5;4;7;3;6;1;
az1;;;;;;;23.26.07;3;6;1;1;4896;;2;18;22;11;16;9;4;7;3;6;1;5;
a04SM!~~~11;;;;;;;23.26.22;3;6;1;1;4913;;2;18;22;11;16;9;4;7;3;6;1;5;
*02RM!~~~11~~~~32;;;;;;;23.26.22;3;6;1;1;4913;;2;18;22;11;16;9;4;7;3;6;1;5;
*09EQ+K8C;;;;;;;23.26.22;3;6;1;1;4913;;2;18;22;11;16;9;4;7;3;6;1;5;
*18AQ#J2~31CH1;s;r;;;;;23.26.28;3;6;1;1;4918;;2;18;22;11;16;9;4;7;3;6;1;5;
a04DQ=~~~31C;s;;;;;;23.26.28;3;6;1;1;4918;;2;18;22;11;16;9;4;7;3;6;1;5;
*p16:18;;;;;;;23.26.33;3;6;1;1;4922;;2;18;22;11;16;9;4;7;3;6;1;5;
*z5;;;;;;;23.26.33;3;5;1;1;4922;;18;22;11;16;9;2;4;7;3;6;1;5;
*18SM-~~~57;;;;;;;23.26.43;3;5;1;1;4934;;18;22;11;16;9;2;4;7;3;6;1;5;
a01RM+~~~57~O~~21;;;;;;;23.26.43;3;5;1;1;4934;;18;22;11;16;9;2;4;7;3;6;1;5;
a04ET+K1F;;;;;;;23.26.43;3;5;1;1;4934;;18;22;11;16;9;2;4;7;3;6;1;5;
a06AT#W4~46~H2;s;r;;;;;23.26.47;3;5;1;1;4938;;18;22;11;16;9;2;4;7;3;6;1;5;
*22BT=~~~~2~~2;s;;;;;;23.26.47;3;5;1;1;4938;;18;22;11;16;9;2;4;7;3;6;1;5;
ap16:19;;;;;;;23.26.50;3;5;1;1;4942;;18;22;11;16;9;2;4;7;3;6;1;5;
az6;;;;;;;23.26.50;3;5;6;1;4939;;18;22;11;16;9;2;7;3;6;1;5;4;
a07SQ!~~~55;;;;;;;23.27.10;3;5;6;1;4961;;18;22;11;16;9;2;7;3;6;1;5;4;
*11RQ!~~~55~~~~42;;;;;;;23.27.10;3;5;6;1;4961;;18;22;11;16;9;2;7;3;6;1;5;4;
*09ET+KFF;;;;;;;23.27.10;3;5;6;1;4961;;18;22;11;16;9;2;7;3;6;1;5;4;
*11AT+W4~46~H2;;r;;;;;23.27.15;3;5;6;1;4966;;18;22;11;16;9;2;7;3;6;1;5;4;
a06BT-~~~~2~~2;;;;;;;23.27.15;3;5;6;1;4966;;18;22;11;16;9;2;7;3;6;1;5;4;
*22DH+;;;;;;;23.27.17;3;5;6;1;4966;;18;22;11;16;9;2;7;3;6;1;5;4;
*09ET+~~F;;;;;;;23.27.17;3;5;6;1;4966;;18;22;11;16;9;2;7;3;6;1;5;4;
*11AT#W4~46~H2;s;s;;;;;23.27.18;3;5;6;1;4971;;18;22;11;16;9;2;7;3;6;1;5;4;
a07DT=~~~46~S;s;;;;;;23.27.18;3;5;6;1;4971;;18;22;11;16;9;2;7;3;6;1;5;4;
*p17:19;;;;;;;23.27.26;3;5;6;1;4975;;18;22;11;16;9;2;7;3;6;1;5;4;
*z4;;;;;;;23.27.26;3;4;6;1;4975;;22;11;16;9;2;18;7;3;6;1;5;4;
*22SQ+~~~11;;;;;;;23.27.35;3;4;6;1;4986;;22;11;16;9;2;18;7;3;6;1;5;4;
a07RQ-~~~11;;;;;;;23.27.35;3;4;6;1;4986;;22;11;16;9;2;18;7;3;6;1;5;4;
a01EH/~~~~~~2;;;;;;;23.27.39;3;4;6;1;4990;;22;11;16;9;2;18;7;3;6;1;5;4;
*22FH#;;;;;;;23.27.43;3;4;6;1;4994;;22;11;16;9;2;18;7;3;6;1;5;4;
*09EQ+~~C;;;;;;;23.27.43;3;4;6;1;4994;;22;11;16;9;2;18;7;3;6;1;5;4;
*16AQ-J4~36~H1;;p;;;;;23.27.45;3;4;6;1;4995;;22;11;16;9;2;18;7;3;6;1;5;4;
a03BQ+~~~~3~~1;;;;;;;23.27.45;3;4;6;1;4995;;22;11;16;9;2;18;7;3;6;1;5;4;
a07DH+;;;;;;;23.27.47;3;4;6;1;4995;;22;11;16;9;2;18;7;3;6;1;5;4;
a04EQ+~~C;;;;;;;23.27.47;3;4;6;1;4995;;22;11;16;9;2;18;7;3;6;1;5;4;
a03AQ#J3~36~H0;s;s;;;;;23.27.48;3;4;6;1;4998;;22;11;16;9;2;18;7;3;6;1;5;4;
*20DQ=~~~36;s;;;;;;23.27.48;3;4;6;1;4998;;22;11;16;9;2;18;7;3;6;1;5;4;
ap17:20;;;;;;;23.27.53;3;4;6;1;5002;;22;11;16;9;2;18;7;3;6;1;5;4;
az5;;;;;;;23.27.53;3;4;5;1;5002;;22;11;16;9;2;18;3;6;1;5;4;7;
a03SM/~~~58;;;;;;;23.28.11;3;4;5;1;5023;;22;11;16;9;2;18;3;6;1;5;4;7;
*02RM/~~~58;;;;;;;23.28.11;3;4;5;1;5023;;22;11;16;9;2;18;3;6;1;5;4;7;
a06AO-V3~3~~T1;;p;;;;;23.28.16;3;4;5;1;5027;;22;11;16;9;2;18;3;6;1;5;4;7;
*09BO+~~~~3~~1;;;;;;;23.28.16;3;4;5;1;5027;;22;11;16;9;2;18;3;6;1;5;4;7;
*16DH+;;;;;;;23.28.16;3;4;5;1;5027;;22;11;16;9;2;18;3;6;1;5;4;7;
*09ET+~~B;;;;;;;23.28.16;3;4;5;1;5027;;22;11;16;9;2;18;3;6;1;5;4;7;
*22AT#Y9~96AH2;s;s;;;;;23.28.21;3;4;5;1;5030;;22;11;16;9;2;18;3;6;1;5;4;7;
a05BT=~~~~4~~2;s;;;;;;23.28.21;3;4;5;1;5030;;22;11;16;9;2;18;3;6;1;5;4;7;
*p18:20;;;;;;;23.28.28;3;4;5;1;5034;;22;11;16;9;2;18;3;6;1;5;4;7;
*z3;;;;;;;23.28.28;3;3;5;1;5037;;11;16;9;2;18;22;3;6;1;5;4;7;
*11SQ=~~~11~~~O;s;;;;;;23.28.51;3;3;5;1;5062;;11;16;9;2;18;22;3;6;1;5;4;7;
a$$&H#;s;;;;;;23.28.51;3;3;5;1;5062;;11;16;9;2;18;22;3;6;1;5;4;7;
ap18:21;;;;;;;23.28.55;3;3;5;1;5066;;11;16;9;2;18;22;3;6;1;5;4;7;
az4;;;;;;;23.28.55;3;3;4;1;5064;;11;16;9;2;18;22;6;1;5;4;7;3;
a06SQ=~~~1~~~~N;s;;;;;;23.29.18;3;3;4;1;5090;;11;16;9;2;18;22;6;1;5;4;7;3;
*$$&H#;s;;;;;;23.29.18;3;3;4;1;5090;;11;16;9;2;18;22;6;1;5;4;7;3;
*p19:21;;;;;;;23.29.22;3;3;4;1;5094;;11;16;9;2;18;22;6;1;5;4;7;3;
*z2;;;;;;;23.29.22;3;2;4;1;5091;;16;9;2;18;22;11;6;1;5;4;7;3;
*16SQ#~~~15;p;;;;;;23.29.38;3;2;4;1;5110;;16;9;2;18;22;11;6;1;5;4;7;3;
a01RQ=~~~15~O;p;;;;;;23.29.38;3;2;4;1;5110;;16;9;2;18;22;11;6;1;5;4;7;3;
*p20:21;;;;;;;23.29.44;3;2;4;1;5114;;16;9;2;18;22;11;6;1;5;4;7;3;
aT;;;;;;;23.29.44;3;2;4;1;5113;;16;9;2;18;22;11;6;1;5;4;7;3;
*16SQ-~~~16;;;;;;;23.31.03;3;2;4;1;5195;;16;9;2;18;22;11;6;1;5;4;7;3;
a07RQ+~~~16~~~~31;;;;;;;23.31.03;3;2;4;1;5195;;16;9;2;18;22;11;6;1;5;4;7;3;
a04EO+KCS~~~1;;;;;;;23.31.03;3;2;4;1;5195;;16;9;2;18;22;11;6;1;5;4;7;3;
a04AO-JJ~3~~T1;;r;;;;;23.31.08;3;2;4;1;5197;;16;9;2;18;22;11;6;1;5;4;7;3;
*02DO+~~~2;;;;;;;23.31.08;3;2;4;1;5197;;16;9;2;18;22;11;6;1;5;4;7;3;
*09EH+~~F;;;;;;;23.31.08;3;2;4;1;5197;;16;9;2;18;22;11;6;1;5;4;7;3;
*02AH-G4~45~H2;;p;;;;;23.31.09;3;2;4;1;5201;;16;9;2;18;22;11;6;1;5;4;7;3;
a05BH+~~~~2~~2;;;;;;;23.31.09;3;2;4;1;5201;;16;9;2;18;22;11;6;1;5;4;7;3;
a06DH+;;;;;;;23.31.11;3;2;4;1;5201;;16;9;2;18;22;11;6;1;5;4;7;3;
a04ET+~~P;;;;;;;23.31.11;3;2;4;1;5201;;16;9;2;18;22;11;6;1;5;4;7;3;
a07AT#Y8~81DH1;s;s;;;;;23.31.14;3;2;4;1;5205;;16;9;2;18;22;11;6;1;5;4;7;3;
*22DT=~~~81D;s;;;;;;23.31.14;3;2;4;1;5205;;16;9;2;18;22;11;6;1;5;4;7;3;
ap20:22;;;;;;;23.31.26;3;2;4;1;5209;;16;9;2;18;22;11;6;1;5;4;7;3;
az3;;;;;;;23.31.26;3;2;3;1;5215;;16;9;2;18;22;11;1;5;4;7;3;6;
a01SQ=~~~1~~~~N;s;;;;;;23.31.42;3;2;3;1;5233;;16;9;2;18;22;11;1;5;4;7;3;6;
*$$&H#;s;;;;;;23.31.42;3;2;3;1;5233;;16;9;2;18;22;11;1;5;4;7;3;6;
*p21:22;;;;;;;23.31.45;3;2;3;1;5237;;16;9;2;18;22;11;1;5;4;7;3;6;
*z1;;;;;;;23.31.45;3;1;3;1;5234;;9;2;18;22;11;16;1;5;4;7;3;6;
*09SM-~~~59;;;;;;;23.32.00;3;1;3;1;5252;;9;2;18;22;11;16;1;5;4;7;3;6;
a01RM+~~~59~~~~21;;;;;;;23.32.00;3;1;3;1;5252;;9;2;18;22;11;16;1;5;4;7;3;6;
a04ET+K1F;;;;;;;23.32.00;3;1;3;1;5252;;9;2;18;22;11;16;1;5;4;7;3;6;
a07AT#W4~47DH2;s;r;;;;;23.32.06;3;1;3;1;5256;;9;2;18;22;11;16;1;5;4;7;3;6;
*20DT=~~~47D;s;;;;;;23.32.06;3;1;3;1;5256;;9;2;18;22;11;16;1;5;4;7;3;6;
ap21:23;;;;;;;23.32.09;3;1;3;1;5260;;9;2;18;22;11;16;1;5;4;7;3;6;
az2;;;;;;;23.32.09;3;1;2;1;5258;;9;2;18;22;11;16;5;4;7;3;6;1;
ac05:15;;;;;;;23.32.09;3;1;2;1;5258;;9;2;18;22;11;16;15;4;7;3;6;1;
a15SM!~~~59;;;;;;;23.32.33;3;1;2;1;5284;;9;2;18;22;11;16;15;4;7;3;6;1;
*02RM!~~~59~~~~32;;;;;;;23.32.33;3;1;2;1;5284;;9;2;18;22;11;16;15;4;7;3;6;1;
*09ET+K7P;;;;;;;23.33.18;3;1;2;1;5284;;9;2;18;22;11;16;15;4;7;3;6;1;
*11AT-Y8~86CH1;;r;;;;;23.32.38;3;1;2;1;5289;;9;2;18;22;11;16;15;4;7;3;6;1;
a01DT+~~~86C;;;;;;;23.32.38;3;1;2;1;5289;;9;2;18;22;11;16;15;4;7;3;6;1;
a04ET+~~F;;;;;;;23.32.38;3;1;2;1;5289;;9;2;18;22;11;16;15;4;7;3;6;1;
a07AT-W4~41~H2;;p;;;;;23.32.41;3;1;2;1;5293;;9;2;18;22;11;16;15;4;7;3;6;1;
*02BT+~~~~2~~2;;;;;;;23.32.41;3;1;2;1;5293;;9;2;18;22;11;16;15;4;7;3;6;1;
*20DH+;;;;;;;23.32.42;3;1;2;1;5293;;9;2;18;22;11;16;15;4;7;3;6;1;
*09ET+~~F;;;;;;;23.32.42;3;1;2;1;5293;;9;2;18;22;11;16;15;4;7;3;6;1;
*22AT-W4~42~T2;;s;;;;;23.32.45;3;1;2;1;5296;;9;2;18;22;11;16;15;4;7;3;6;1;
a06DT+~~~42;;;;;;;23.32.45;3;1;2;1;5296;;9;2;18;22;11;16;15;4;7;3;6;1;
a15EH+~~F;;;;;;;23.32.45;3;1;2;1;5296;;9;2;18;22;11;16;15;4;7;3;6;1;
a07AH-G4~41~H2;;p;;;;;23.32.49;3;1;2;1;5299;;9;2;18;22;11;16;15;4;7;3;6;1;
*18BH+~~~~2~~2;;;;;;;23.32.49;3;1;2;1;5299;;9;2;18;22;11;16;15;4;7;3;6;1;
a04DH+;;;;;;;23.32.49;3;1;2;1;5299;;9;2;18;22;11;16;15;4;7;3;6;1;
a07EH/~~B~~~2;;;;;;;23.32.49;3;1;2;1;5302;;9;2;18;22;11;16;15;4;7;3;6;1;
*11FH#;;;;;;;23.32.54;3;1;2;1;5302;;9;2;18;22;11;16;15;4;7;3;6;1;
*09ET+~~F;;;;;;;23.32.54;3;1;2;1;5302;;9;2;18;22;11;16;15;4;7;3;6;1;
*22AT+W4~46AH2;;s;;;;;23.32.56;3;1;2;1;5307;;9;2;18;22;11;16;15;4;7;3;6;1;
a01DT/~~~46A;;;;;;;23.32.56;3;1;2;1;5307;;9;2;18;22;11;16;15;4;7;3;6;1;
*20FH+;;;;;;;23.33.01;3;1;2;1;5308;;9;2;18;22;11;16;15;4;7;3;6;1;
*09ET+~~F;;;;;;;23.33.01;3;1;2;1;5308;;9;2;18;22;11;16;15;4;7;3;6;1;
*22AT-W4~41~H2;;s;;;;;23.33.03;3;1;2;1;5314;;9;2;18;22;11;16;15;4;7;3;6;1;
a04BT+~~~~2~~2;;;;;;;23.33.03;3;1;2;1;5314;;9;2;18;22;11;16;15;4;7;3;6;1;
a06DH+;;;;;;;23.33.05;3;1;2;1;5314;;9;2;18;22;11;16;15;4;7;3;6;1;
a04ET+~~F;;;;;;;23.33.05;3;1;2;1;5314;;9;2;18;22;11;16;15;4;7;3;6;1;
a07AT-W4~46~H2;;p;;;;;23.33.07;3;1;2;1;5318;;9;2;18;22;11;16;15;4;7;3;6;1;
*20DT+~~~46;;;;;;;23.33.07;3;1;2;1;5318;;9;2;18;22;11;16;15;4;7;3;6;1;
*09EH+~~F;;;;;;;23.33.07;3;1;2;1;5318;;9;2;18;22;11;16;15;4;7;3;6;1;
*22AH-G4~41~H2;;s;;;;;23.33.10;3;1;2;1;5322;;9;2;18;22;11;16;15;4;7;3;6;1;
a04BH+~~~~2~~2;;;;;;;23.33.10;3;1;2;1;5322;;9;2;18;22;11;16;15;4;7;3;6;1;
a06DH+;;;;;;;23.33.13;3;1;2;1;5322;;9;2;18;22;11;16;15;4;7;3;6;1;
a04ET+~~F;;;;;;;23.33.13;3;1;2;1;5322;;9;2;18;22;11;16;15;4;7;3;6;1;
a07AT-W4~42~T2;;p;;;;;23.33.14;3;1;2;1;5326;;9;2;18;22;11;16;15;4;7;3;6;1;
*09DT+~~~42;;;;;;;23.33.14;3;1;2;1;5326;;9;2;18;22;11;16;15;4;7;3;6;1;
*20EH+~~F~~~2;;;;;;;23.33.14;3;1;2;1;5326;;9;2;18;22;11;16;15;4;7;3;6;1;
*22AH#G4~47DH2;s;s;;;;;23.33.19;3;1;2;1;5330;;9;2;18;22;11;16;15;4;7;3;6;1;
a15DH=~~~47D;s;;;;;;23.33.19;3;1;2;1;5330;;9;2;18;22;11;16;15;4;7;3;6;1;
*p22:23;;;;;;;23.33.36;3;1;2;1;5334;;9;2;18;22;11;16;15;4;7;3;6;1;
*z6;;;;;;;23.33.36;3;6;2;1;5345;;2;18;22;11;16;9;15;4;7;3;6;1;
ac15:05;;;;;;;23.33.36;3;6;2;1;5345;;2;18;22;11;16;9;5;4;7;3;6;1;
*02SM!~~~17;;;;;;;23.33.59;3;6;2;1;5369;;2;18;22;11;16;9;5;4;7;3;6;1;
a07RM!~~~17~O~~41;;;;;;;23.33.59;3;6;2;1;5369;;2;18;22;11;16;9;5;4;7;3;6;1;
a04EQ+KFC;;;;;;;23.33.59;3;6;2;1;5369;;2;18;22;11;16;9;5;4;7;3;6;1;
a03AQ-J4~37~H1;;r;;;;;23.34.02;3;6;2;1;5373;;2;18;22;11;16;9;5;4;7;3;6;1;
*20DQ+~~~37;;;;;;;23.34.02;3;6;2;1;5373;;2;18;22;11;16;9;5;4;7;3;6;1;
*09ET+~~F;;;;;;;23.34.02;3;6;2;1;5372;;2;18;22;11;16;9;5;4;7;3;6;1;
*11AT+W4~45~H2;;p;;;;;23.34.05;3;6;2;1;5375;;2;18;22;11;16;9;5;4;7;3;6;1;
a03BT-~~~~2~~2;;;;;;;23.34.05;3;6;2;1;5375;;2;18;22;11;16;9;5;4;7;3;6;1;
*02DH+;;;;;;;23.34.07;3;6;2;1;5375;;2;18;22;11;16;9;5;4;7;3;6;1;
*09ET+~~F;;;;;;;23.34.07;3;6;2;1;5375;;2;18;22;11;16;9;5;4;7;3;6;1;
*11AT#W4~49AH1;p;p;;;;;23.34.08;3;6;2;1;5379;;2;18;22;11;16;9;5;4;7;3;6;1;
a06DT=~~~49A;p;;;;;;23.34.08;3;6;2;1;5379;;2;18;22;11;16;9;5;4;7;3;6;1;
*p23:23;;;;;;;23.34.16;3;6;2;1;5383;;2;18;22;11;16;9;5;4;7;3;6;1;
aT;;;;;;;23.34.16;3;6;2;1;5385;;2;18;22;11;16;9;5;4;7;3;6;1;
*02SM/~~~58A;;;;;;;23.35.31;3;6;2;1;5462;;2;18;22;11;16;9;5;4;7;3;6;1;
a14RM/~~~58AL;;;;;;;23.35.31;3;6;2;1;5462;;2;18;22;11;16;9;5;4;7;3;6;1;
*18AO#V3~3~~H0;p;p;;;;;23.35.36;3;6;2;1;5465;;2;18;22;11;16;9;5;4;7;3;6;1;
a$$&H=;p;;;;;;23.35.36;3;6;2;1;5465;;2;18;22;11;16;9;5;4;7;3;6;1;
*p24:23;;;;;;;23.35.38;3;6;2;1;5469;;2;18;22;11;16;9;5;4;7;3;6;1;
*02SM-~~~58A;;;;;;;23.35.53;3;6;2;1;5485;;2;18;22;11;16;9;5;4;7;3;6;1;
a01RM+~~~58A~~~32;;;;;;;23.35.53;3;6;2;1;5485;;2;18;22;11;16;9;5;4;7;3;6;1;
a04ET+K1F;;;;;;;23.36.00;3;6;2;1;5485;;2;18;22;11;16;9;5;4;7;3;6;1;
a07AT-W4~46~H2;;r;;;;;23.35.58;3;6;2;1;5489;;2;18;22;11;16;9;5;4;7;3;6;1;
*22BT+~~~~2~~2;;;;;;;23.35.58;3;6;2;1;5489;;2;18;22;11;16;9;5;4;7;3;6;1;
a04DH+;;;;;;;23.35.59;3;6;2;1;5489;;2;18;22;11;16;9;5;4;7;3;6;1;
a14EH+~~B~~~2;;;;;;;23.35.59;3;6;2;1;5489;;2;18;22;11;16;9;5;4;7;3;6;1;
a06AH=G9~95DH2O;p;s;;;;;23.36.03;3;6;2;1;5493;;2;18;22;11;16;9;5;4;7;3;6;1;
*$$&H#;p;;;;;;23.36.03;3;6;2;1;5493;;2;18;22;11;16;9;5;4;7;3;6;1;
*p25:23;;;;;;;23.36.06;3;6;2;1;5496;;2;18;22;11;16;9;5;4;7;3;6;1;
**3set;;;;;;;23.36.06;4;6;2;1;5495;;;;;;;;;;;;;;
