*P07>LUp;;;;;;;;1;5;3;;;;7;18;14;11;4;10;9;12;4;13;10;5;
*z1>LUp;;;;;;;;1;1;3;;;;7;18;14;11;4;10;9;12;4;13;10;5;
aP05>LUp;;;;;;;;1;1;3;;;;7;18;14;11;4;10;9;12;4;13;10;5;
az6>LUp;;;;;;;;1;1;6;;;;7;18;14;11;4;10;9;12;4;13;10;5;
*07SH!~~~17D;;;;;;;19.01.04;1;1;6;1;238;;7;18;14;11;4;10;9;12;4;13;10;5;
a13RH+~~~17DO;;;;;;;19.01.04;1;1;6;1;238;;7;18;14;11;4;10;9;12;4;13;10;5;
a05EN+K1F~2~2;;;;;;;19.01.04;1;1;6;1;238;;7;18;14;11;4;10;9;12;4;13;10;5;
a13AT#W4~47~H;s;r;;;;;19.01.10;1;1;6;1;241;;7;18;14;11;4;10;9;12;4;13;10;5;
*11BN/~~~~2;s;;;;;;19.01.10;1;1;6;1;241;;7;18;14;11;4;10;9;12;4;13;10;5;
ap00:01;;;;;;;19.01.12;1;1;6;1;245;;7;18;14;11;4;10;9;12;4;13;10;5;
az5;;;;;;;19.01.12;1;1;5;1;246;;7;18;14;11;4;10;12;4;13;10;5;9;
a12SQ-~~~16C;;;;;;;19.01.31;1;1;5;1;265;;7;18;14;11;4;10;12;4;13;10;5;9;
*15RQ#~~~16C;;;;;;;19.01.31;1;1;5;1;265;;7;18;14;11;4;10;12;4;13;10;5;9;
*07EN+K1F~3~2;;;;;;;19.01.31;1;1;5;1;265;;7;18;14;11;4;10;12;4;13;10;5;9;
*11AT-W4~46~H;;r;;;;;19.01.37;1;1;5;1;268;;7;18;14;11;4;10;12;4;13;10;5;9;
a04BN+~~~~2;;;;;;;19.01.37;1;1;5;1;268;;7;18;14;11;4;10;12;4;13;10;5;9;
a12DH+;;;;;;;19.01.41;1;1;5;1;268;;7;18;14;11;4;10;12;4;13;10;5;9;
a05EN-~~B;;;;;;;19.01.41;1;1;5;1;268;;7;18;14;11;4;10;12;4;13;10;5;9;
a04AT/W2~24~T;s;p;;;;;19.01.42;1;1;5;1;271;;7;18;14;11;4;10;12;4;13;10;5;9;
*11BN#~~~~4;s;;;;;;19.01.42;1;1;5;1;271;;7;18;14;11;4;10;12;4;13;10;5;9;
*p01:01;;;;;;;19.01.45;1;1;5;1;276;;7;18;14;11;4;10;12;4;13;10;5;9;
*z6;;;;;;;19.01.45;1;6;5;1;279;;18;14;11;4;10;7;12;4;13;10;5;9;
*18SQ!~~~65D;;;;;;;19.02.00;1;6;5;1;294;;18;14;11;4;10;7;12;4;13;10;5;9;
a13RQ+~~~65D;;;;;;;19.02.00;1;6;5;1;294;;18;14;11;4;10;7;12;4;13;10;5;9;
a05EQ+K1C~3~2;;;;;;;19.02.00;1;6;5;1;294;;18;14;11;4;10;7;12;4;13;10;5;9;
a10AQ/J1~31CH;p;r;;;;;19.02.06;1;6;5;1;297;;18;14;11;4;10;7;12;4;13;10;5;9;
*11BQ#~~~~3;p;;;;;;19.02.06;1;6;5;1;297;;18;14;11;4;10;7;12;4;13;10;5;9;
*p02:01;;;;;;;19.02.13;1;6;5;1;302;;18;14;11;4;10;7;12;4;13;10;5;9;
*18SQ=~~~65C;s;;;;;;19.02.26;1;6;5;1;320;;18;14;11;4;10;7;12;4;13;10;5;9;
a$$&H#;s;;;;;;19.02.26;1;6;5;1;320;;18;14;11;4;10;7;12;4;13;10;5;9;
ap02:02;;;;;;;19.02.32;1;6;5;1;326;;18;14;11;4;10;7;12;4;13;10;5;9;
az4;;;;;;;19.02.32;1;6;4;1;326;;18;14;11;4;10;7;4;13;10;5;9;12;
a04SQ+~~~65B;;;;;;;19.02.47;1;6;4;1;341;;18;14;11;4;10;7;4;13;10;5;9;12;
*04RQ-~~~65B;;;;;;;19.02.47;1;6;4;1;341;;18;14;11;4;10;7;4;13;10;5;9;12;
*07EN+K8F~3~2;;;;;;;19.02.47;1;6;4;1;341;;18;14;11;4;10;7;4;13;10;5;9;12;
*04AT+W4~46DH;;r;;;;;19.02.54;1;6;4;1;344;;18;14;11;4;10;7;4;13;10;5;9;12;
a09DN-~~~46D;;;;;;;19.02.54;1;6;4;1;344;;18;14;11;4;10;7;4;13;10;5;9;12;
*11DH+;;;;;;;19.02.58;1;6;4;1;344;;18;14;11;4;10;7;4;13;10;5;9;12;
*07EN+~~F;;;;;;;19.02.58;1;6;4;1;344;;18;14;11;4;10;7;4;13;10;5;9;12;
*04AT-W4~46~H;;s;;;;;19.03.00;1;6;4;1;347;;18;14;11;4;10;7;4;13;10;5;9;12;
a10BN+~~~~2;;;;;;;19.03.00;1;6;4;1;347;;18;14;11;4;10;7;4;13;10;5;9;12;
a09DH+;;;;;;;19.03.00;1;6;4;1;347;;18;14;11;4;10;7;4;13;10;5;9;12;
a01EH+~~F;;;;;;;19.03.00;1;6;4;1;347;;18;14;11;4;10;7;4;13;10;5;9;12;
a13AH-G4~49~P;;p;;;;;19.03.09;1;6;4;1;350;;18;14;11;4;10;7;4;13;10;5;9;12;
*11BH+;;;;;;;19.03.09;1;6;4;1;350;;18;14;11;4;10;7;4;13;10;5;9;12;
*15DH+~~~49;;;;;;;19.03.09;1;6;4;1;350;;18;14;11;4;10;7;4;13;10;5;9;12;
*07EN+~~F;;;;;;;19.03.09;1;6;4;1;350;;18;14;11;4;10;7;4;13;10;5;9;12;
*04AT-W4~48AP;;s;;;;;19.03.12;1;6;4;1;354;;18;14;11;4;10;7;4;13;10;5;9;12;
a01DN+~~~48A;;;;;;;19.03.12;1;6;4;1;354;;18;14;11;4;10;7;4;13;10;5;9;12;
a05EH+~~F;;;;;;;19.03.12;1;6;4;1;354;;18;14;11;4;10;7;4;13;10;5;9;12;
a13AH+G4~45~H;;p;;;;;19.03.16;1;6;4;1;357;;18;14;11;4;10;7;4;13;10;5;9;12;
*15DH-~~~45;;;;;;;19.03.16;1;6;4;1;357;;18;14;11;4;10;7;4;13;10;5;9;12;
*07EO+;;;;;;;19.03.16;1;6;4;1;357;;18;14;11;4;10;7;4;13;10;5;9;12;
*14AO-V3~3~~H;;s;;;;;19.03.21;1;6;4;1;360;;18;14;11;4;10;7;4;13;10;5;9;12;
a05EH+~~~~~~2;;;;;;;19.03.21;1;6;4;1;360;;18;14;11;4;10;7;4;13;10;5;9;12;
a09EH+~~B;;;;;;;19.03.21;1;6;4;1;360;;18;14;11;4;10;7;4;13;10;5;9;12;
a04AH#G9~91DH;p;p;;;;;19.03.23;1;6;4;1;363;;18;14;11;4;10;7;4;13;10;5;9;12;
*$$&H=;p;;;;;;19.03.23;1;6;4;1;363;;18;14;11;4;10;7;4;13;10;5;9;12;
ap02:03;;;;;;;19.03.26;1;6;4;1;372;;18;14;11;4;10;7;4;13;10;5;9;12;
a04SQ!~~~65B;;;;;;;19.03.45;1;6;4;1;399;;18;14;11;4;10;7;4;13;10;5;9;12;
*04RQ!~~~65B;;;;;;;19.03.45;1;6;4;1;399;;18;14;11;4;10;7;4;13;10;5;9;12;
*07EN+K8F~3~2;;;;;;;19.03.45;1;6;4;1;399;;18;14;11;4;10;7;4;13;10;5;9;12;
*04AT=W4~41BH;p;r;;;;;19.03.52;1;6;4;1;402;;18;14;11;4;10;7;4;13;10;5;9;12;
a$$&H#;p;;;;;;19.03.52;1;6;4;1;402;;18;14;11;4;10;7;4;13;10;5;9;12;
ap02:04;;;;;;;19.03.53;1;6;4;1;407;;18;14;11;4;10;7;4;13;10;5;9;12;
a04SQ-~~~66C;;;;;;;19.04.20;1;6;4;1;434;;18;14;11;4;10;7;4;13;10;5;9;12;
*15RQ+~~~66C;;;;;;;19.04.20;1;6;4;1;434;;18;14;11;4;10;7;4;13;10;5;9;12;
*07EN+KFB~3~2;;;;;;;19.04.20;1;6;4;1;434;;18;14;11;4;10;7;4;13;10;5;9;12;
*11AT-W2~21~H;;r;;;;;19.04.26;1;6;4;1;437;;18;14;11;4;10;7;4;13;10;5;9;12;
a13BN+~~~~4;;;;;;;19.04.26;1;6;4;1;437;;18;14;11;4;10;7;4;13;10;5;9;12;
a04DH+;;;;;;;19.04.29;1;6;4;1;437;;18;14;11;4;10;7;4;13;10;5;9;12;
a05EH+~~F;;;;;;;19.04.29;1;6;4;1;437;;18;14;11;4;10;7;4;13;10;5;9;12;
a13AH#G4~41~H;p;p;;;;;19.04.31;1;6;4;1;440;;18;14;11;4;10;7;4;13;10;5;9;12;
*11BH/~~~~2;p;;;;;;19.04.31;1;6;4;1;440;;18;14;11;4;10;7;4;13;10;5;9;12;
ap02:05;;;;;;;19.04.54;1;6;4;1;445;;18;14;11;4;10;7;4;13;10;5;9;12;
*T;;;;;;;19.04.54;1;6;4;1;468;;18;14;11;4;10;7;4;13;10;5;9;12;
a04SH-~~~19D;;;;;;;19.05.58;1;6;4;1;532;;18;14;11;4;10;7;4;13;10;5;9;12;
*18RH#~~~19DO;;;;;;;19.05.58;1;6;4;1;532;;18;14;11;4;10;7;4;13;10;5;9;12;
*07EN+K1B~2~2;;;;;;;19.05.58;1;6;4;1;532;;18;14;11;4;10;7;4;13;10;5;9;12;
*11AT#W2~21DH;s;r;;;;;19.06.04;1;6;4;1;535;;18;14;11;4;10;7;4;13;10;5;9;12;
a$$&H=;s;;;;;;19.06.04;1;6;4;1;535;;18;14;11;4;10;7;4;13;10;5;9;12;
*p03:05;;;;;;;19.06.09;1;6;4;1;540;;18;14;11;4;10;7;4;13;10;5;9;12;
*z5;;;;;;;19.06.09;1;5;4;1;543;;14;11;4;10;7;18;4;13;10;5;9;12;
*14SH-~~~56B;;;;;;;19.06.25;1;5;4;1;559;;14;11;4;10;7;18;4;13;10;5;9;12;
a09RH#~~~56BO;;;;;;;19.06.25;1;5;4;1;559;;14;11;4;10;7;18;4;13;10;5;9;12;
a05EN+K1F~2~2;;;;;;;19.06.25;1;5;4;1;559;;14;11;4;10;7;18;4;13;10;5;9;12;
a13AT#W4~45~H;s;r;;;;;19.06.32;1;5;4;1;562;;14;11;4;10;7;18;4;13;10;5;9;12;
*11BN/~~~~2;s;;;;;;19.06.32;1;5;4;1;562;;14;11;4;10;7;18;4;13;10;5;9;12;
ap03:06;;;;;;;19.06.38;1;5;4;1;567;;14;11;4;10;7;18;4;13;10;5;9;12;
az3;;;;;;;19.06.38;1;5;3;1;572;;14;11;4;10;7;18;13;10;5;9;12;4;
a13SH-~~~67A;;;;;;;19.06.54;1;5;3;1;588;;14;11;4;10;7;18;13;10;5;9;12;4;
*04RH+~~~67AO;;;;;;;19.06.54;1;5;3;1;588;;14;11;4;10;7;18;13;10;5;9;12;4;
*07ET+K1P;;;;;;;19.06.54;1;5;3;1;588;;14;11;4;10;7;18;13;10;5;9;12;4;
*18AT#Y8~81CH;s;r;;;;;19.07.00;1;5;3;1;591;;14;11;4;10;7;18;13;10;5;9;12;4;
a04DT=~~~81C;s;;;;;;19.07.00;1;5;3;1;591;;14;11;4;10;7;18;13;10;5;9;12;4;
*p04:06;;;;;;;19.07.06;1;5;3;1;596;;14;11;4;10;7;18;13;10;5;9;12;4;
*z4;;;;;;;19.07.06;1;4;3;1;600;;11;4;10;7;18;14;13;10;5;9;12;4;
*11SQ=~~~16~~~N;s;;;;;;19.07.17;1;4;3;1;611;;11;4;10;7;18;14;13;10;5;9;12;4;
a$$&H#;s;;;;;;19.07.17;1;4;3;1;611;;11;4;10;7;18;14;13;10;5;9;12;4;
ap04:07;;;;;;;19.07.21;1;4;3;1;615;;11;4;10;7;18;14;13;10;5;9;12;4;
az2;;;;;;;19.07.21;1;4;2;1;615;;11;4;10;7;18;14;10;5;9;12;4;13;
a10SQ-~~~65;;;;;;;19.07.39;1;4;2;1;633;;11;4;10;7;18;14;10;5;9;12;4;13;
*18RQ+~~~65;;;;;;;19.07.39;1;4;2;1;633;;11;4;10;7;18;14;10;5;9;12;4;13;
*07EN+KFF~4~2;;;;;;;19.07.39;1;4;2;1;633;;11;4;10;7;18;14;10;5;9;12;4;13;
*04AT#W4~45BH;s;r;;;;;19.07.45;1;4;2;1;636;;11;4;10;7;18;14;10;5;9;12;4;13;
a$$&H=;s;;;;;;19.07.45;1;4;2;1;636;;11;4;10;7;18;14;10;5;9;12;4;13;
*p05:07;;;;;;;19.07.49;1;4;2;1;641;;11;4;10;7;18;14;10;5;9;12;4;13;
*z3;;;;;;;19.07.49;1;3;2;1;643;;4;10;7;18;14;11;10;5;9;12;4;13;
*04SQ-~~~65B;;;;;;;19.08.03;1;3;2;1;657;;4;10;7;18;14;11;10;5;9;12;4;13;
a09RQ#~~~65B;;;;;;;19.08.03;1;3;2;1;657;;4;10;7;18;14;11;10;5;9;12;4;13;
a05EN+K2F~2~2;;;;;;;19.08.03;1;3;2;1;657;;4;10;7;18;14;11;10;5;9;12;4;13;
a09AT-W4~45~H;;r;;;;;19.08.10;1;3;2;1;660;;4;10;7;18;14;11;10;5;9;12;4;13;
*10BN+~~~~2;;;;;;;19.08.10;1;3;2;1;660;;4;10;7;18;14;11;10;5;9;12;4;13;
*15DH+;;;;;;;19.08.12;1;3;2;1;660;;4;10;7;18;14;11;10;5;9;12;4;13;
*07EH+~~F;;;;;;;19.08.12;1;3;2;1;660;;4;10;7;18;14;11;10;5;9;12;4;13;
*18AH-G4~42~T;;p;;;;;19.08.13;1;3;2;1;663;;4;10;7;18;14;11;10;5;9;12;4;13;
a04DH+~~~42;;;;;;;19.08.13;1;3;2;1;663;;4;10;7;18;14;11;10;5;9;12;4;13;
a05EH+~~F;;;;;;;19.08.13;1;3;2;1;663;;4;10;7;18;14;11;10;5;9;12;4;13;
a09AH-G4~47~H;;s;;;;;19.08.17;1;3;2;1;666;;4;10;7;18;14;11;10;5;9;12;4;13;
*10BH=~~~~2;s;;;;;;19.08.17;1;3;2;1;666;;4;10;7;18;14;11;10;5;9;12;4;13;
a$$&H#;s;;;;;;19.08.17;1;3;2;1;666;;4;10;7;18;14;11;10;5;9;12;4;13;
ap05:08;;;;;;;19.08.23;1;3;2;1;674;;4;10;7;18;14;11;10;5;9;12;4;13;
az1;;;;;;;19.08.23;1;3;1;1;677;;4;10;7;18;14;11;5;9;12;4;13;10;
a05SQ!~~~11CP;;;;;;;19.08.46;1;3;1;1;700;;4;10;7;18;14;11;5;9;12;4;13;10;
*04RQ+~~~11C;;;;;;;19.08.46;1;3;1;1;700;;4;10;7;18;14;11;5;9;12;4;13;10;
*07ET+KBB~2~2;;;;;;;19.08.46;1;3;1;1;700;;4;10;7;18;14;11;5;9;12;4;13;10;
*11AT#Y9~95CH;s;r;;;;;19.08.53;1;3;1;1;703;;4;10;7;18;14;11;5;9;12;4;13;10;
a01DT=~~~95C;s;;;;;;19.08.53;1;3;1;1;703;;4;10;7;18;14;11;5;9;12;4;13;10;
*p06:08;;;;;;;19.08.57;1;3;1;1;708;;4;10;7;18;14;11;5;9;12;4;13;10;
*z2;;;;;;;19.08.57;1;2;1;1;711;;10;7;18;14;11;4;5;9;12;4;13;10;
*10SQ!~~~66;;;;;;;19.09.23;1;2;1;1;737;;10;7;18;14;11;4;5;9;12;4;13;10;
a01RQ+~~~66;;;;;;;19.09.23;1;2;1;1;737;;10;7;18;14;11;4;5;9;12;4;13;10;
a05EH-K1F~3~2;;;;;;;19.09.23;1;2;1;1;737;;10;7;18;14;11;4;5;9;12;4;13;10;
a04AT-W4~41~H;;r;;;;;19.09.23;1;2;1;1;740;;10;7;18;14;11;4;5;9;12;4;13;10;
*07BN+~~~~2;;;;;;;19.09.23;1;2;1;1;740;;10;7;18;14;11;4;5;9;12;4;13;10;
*10DH+;;;;;;;19.09.32;1;2;1;1;740;;10;7;18;14;11;4;5;9;12;4;13;10;
*07EN+~~F;;;;;;;19.09.32;1;2;1;1;740;;10;7;18;14;11;4;5;9;12;4;13;10;
*18AT#W4~47~H;p;p;;;;;19.09.30;1;2;1;1;743;;10;7;18;14;11;4;5;9;12;4;13;10;
a12BN/~~~~2;p;;;;;;19.09.30;1;2;1;1;743;;10;7;18;14;11;4;5;9;12;4;13;10;
*p07:08;;;;;;;19.09.36;1;2;1;1;748;;10;7;18;14;11;4;5;9;12;4;13;10;
*10SQ=~~~15~~~N;s;;;;;;19.10.02;1;2;1;1;776;;10;7;18;14;11;4;5;9;12;4;13;10;
a$$&H#;s;;;;;;19.10.02;1;2;1;1;776;;10;7;18;14;11;4;5;9;12;4;13;10;
ap07:09;;;;;;;19.10.06;1;2;1;1;781;;10;7;18;14;11;4;5;9;12;4;13;10;
az6;;;;;;;19.10.06;1;2;6;1;780;;10;7;18;14;11;4;9;12;4;13;10;5;
a09SQ!~~~15C;;;;;;;19.10.20;1;2;6;1;794;;10;7;18;14;11;4;9;12;4;13;10;5;
*18RQ!~~~15C;;;;;;;19.10.20;1;2;6;1;794;;10;7;18;14;11;4;9;12;4;13;10;5;
*07EN+K8F~3~2;;;;;;;19.10.20;1;2;6;1;794;;10;7;18;14;11;4;9;12;4;13;10;5;
*18AT+W4~47~H;;r;;;;;19.10.27;1;2;6;1;797;;10;7;18;14;11;4;9;12;4;13;10;5;
a12BN-~~~~2;;;;;;;19.10.27;1;2;6;1;797;;10;7;18;14;11;4;9;12;4;13;10;5;
*15DH+;;;;;;;19.10.30;1;2;6;1;797;;10;7;18;14;11;4;9;12;4;13;10;5;
*07EN+~~B;;;;;;;19.10.30;1;2;6;1;797;;10;7;18;14;11;4;9;12;4;13;10;5;
*11AT#Y9~96DH;s;s;;;;;19.10.31;1;2;6;1;800;;10;7;18;14;11;4;9;12;4;13;10;5;
a$$&H=;s;;;;;;19.10.31;1;2;6;1;800;;10;7;18;14;11;4;9;12;4;13;10;5;
*p08:09;;;;;;;19.10.33;1;2;6;1;805;;10;7;18;14;11;4;9;12;4;13;10;5;
*z1;;;;;;;19.10.33;1;1;6;1;807;;7;18;14;11;4;10;9;12;4;13;10;5;
*07SH!~~~16D;;;;;;;19.10.54;1;1;6;1;828;;7;18;14;11;4;10;9;12;4;13;10;5;
a01RH!~~~16D;;;;;;;19.10.54;1;1;6;1;828;;7;18;14;11;4;10;9;12;4;13;10;5;
a05EN+K1B~4~2;;;;;;;19.10.54;1;1;6;1;828;;7;18;14;11;4;10;9;12;4;13;10;5;
a04AT=W2~26DH;p;r;;;;;19.11.01;1;1;6;1;831;;7;18;14;11;4;10;9;12;4;13;10;5;
*$$&H#;p;;;;;;19.11.01;1;1;6;1;831;;7;18;14;11;4;10;9;12;4;13;10;5;
*p09:09;;;;;;;19.11.08;1;1;6;1;836;;7;18;14;11;4;10;9;12;4;13;10;5;
*07SH#~~~19AP;p;;;;;;19.11.17;1;1;6;1;851;;7;18;14;11;4;10;9;12;4;13;10;5;
a09RH=~~~19A;p;;;;;;19.11.17;1;1;6;1;851;;7;18;14;11;4;10;9;12;4;13;10;5;
*p10:09;;;;;;;19.12.03;1;1;6;1;856;;7;18;14;11;4;10;9;12;4;13;10;5;
*07SH-~~~17B;;;;;;;19.12.13;1;1;6;1;907;;7;18;14;11;4;10;9;12;4;13;10;5;
a13RH#~~~17B;;;;;;;19.12.13;1;1;6;1;907;;7;18;14;11;4;10;9;12;4;13;10;5;
a05EN+K1F~3~2;;;;;;;19.12.13;1;1;6;1;907;;7;18;14;11;4;10;9;12;4;13;10;5;
a13AT-W4~47~H;;r;;;;;19.12.22;1;1;6;1;910;;7;18;14;11;4;10;9;12;4;13;10;5;
*18BN=~~~~2;s;;;;;;19.12.22;1;1;6;1;910;;7;18;14;11;4;10;9;12;4;13;10;5;
a$$&H#;s;;;;;;19.12.22;1;1;6;1;910;;7;18;14;11;4;10;9;12;4;13;10;5;
ap10:10;;;;;;;19.12.27;1;1;6;1;915;;7;18;14;11;4;10;9;12;4;13;10;5;
az5;;;;;;;19.12.27;1;1;5;1;921;;7;18;14;11;4;10;12;4;13;10;5;9;
a12SQ!~~~15B;;;;;;;19.12.42;1;1;5;1;936;;7;18;14;11;4;10;12;4;13;10;5;9;
*04RQ!~~~15B;;;;;;;19.12.42;1;1;5;1;936;;7;18;14;11;4;10;12;4;13;10;5;9;
*07EQ+K8C~2~2;;;;;;;19.12.42;1;1;5;1;936;;7;18;14;11;4;10;12;4;13;10;5;9;
*14AQ#J1~37DH;s;r;;;;;19.12.47;1;1;5;1;939;;7;18;14;11;4;10;12;4;13;10;5;9;
a$$&H=;s;;;;;;19.12.47;1;1;5;1;939;;7;18;14;11;4;10;12;4;13;10;5;9;
*p11:10;;;;;;;19.12.49;1;1;5;1;944;;7;18;14;11;4;10;12;4;13;10;5;9;
*z6;;;;;;;19.12.49;1;6;5;1;943;;18;14;11;4;10;7;12;4;13;10;5;9;
*18ST+~~~65C;;;;;;;19.13.06;1;6;5;1;960;;18;14;11;4;10;7;12;4;13;10;5;9;
a13RT-~~~65C;;;;;;;19.13.06;1;6;5;1;960;;18;14;11;4;10;7;12;4;13;10;5;9;
a05EH+~~F;;;;;;;19.13.06;1;6;5;1;960;;18;14;11;4;10;7;12;4;13;10;5;9;
a13AH=G4~46AH;p;r;;;;;19.13.14;1;6;5;1;963;;18;14;11;4;10;7;12;4;13;10;5;9;
*$$&H#;p;;;;;;19.13.14;1;6;5;1;963;;18;14;11;4;10;7;12;4;13;10;5;9;
*p12:10;;;;;;;19.13.17;1;6;5;1;968;;18;14;11;4;10;7;12;4;13;10;5;9;
*18ST-~~~65B;;;;;;;19.13.30;1;6;5;1;984;;18;14;11;4;10;7;12;4;13;10;5;9;
a13RT#~~~65B;;;;;;;19.13.30;1;6;5;1;984;;18;14;11;4;10;7;12;4;13;10;5;9;
a05EQ+K1C~2~2;;;;;;;19.13.30;1;6;5;1;984;;18;14;11;4;10;7;12;4;13;10;5;9;
a10AQ+J1~37~H;;r;;;;;19.13.36;1;6;5;1;987;;18;14;11;4;10;7;12;4;13;10;5;9;
*14BQ-~~~~3;;;;;;;19.13.36;1;6;5;1;987;;18;14;11;4;10;7;12;4;13;10;5;9;
*15DH-;;;;;;;19.13.41;1;6;5;1;987;;18;14;11;4;10;7;12;4;13;10;5;9;
a10AO=V3~39AH;p;s;;;;;19.13.43;1;6;5;1;990;;18;14;11;4;10;7;12;4;13;10;5;9;
*$$&H#;p;;;;;;19.13.43;1;6;5;1;990;;18;14;11;4;10;7;12;4;13;10;5;9;
*p13:10;;;;;;;19.13.52;1;6;5;1;995;;18;14;11;4;10;7;12;4;13;10;5;9;
aT;;;;;;;19.13.52;1;6;5;1;1006;;18;14;11;4;10;7;12;4;13;10;5;9;
*18ST!~~~67D;;;;;;;19.15.11;1;6;5;1;1085;;18;14;11;4;10;7;12;4;13;10;5;9;
a13RT!~~~67D;;;;;;;19.15.11;1;6;5;1;1085;;18;14;11;4;10;7;12;4;13;10;5;9;
a05EN+K1B~3;;;;;;;19.15.11;1;6;5;1;1085;;18;14;11;4;10;7;12;4;13;10;5;9;
a04AT-W2~21~H;;r;;;;;19.15.17;1;6;5;1;1088;;18;14;11;4;10;7;12;4;13;10;5;9;
*14BN+~~~~4;;;;;;;19.15.17;1;6;5;1;1088;;18;14;11;4;10;7;12;4;13;10;5;9;
*07DH+;;;;;;;19.15.20;1;6;5;1;1088;;18;14;11;4;10;7;12;4;13;10;5;9;
*15EH-~~F~~~2;;;;;;;19.15.20;1;6;5;1;1088;;18;14;11;4;10;7;12;4;13;10;5;9;
*04AH#G4~42~T;p;p;;;;;19.15.25;1;6;5;1;1091;;18;14;11;4;10;7;12;4;13;10;5;9;
a04BH/~~~~2;p;;;;;;19.15.25;1;6;5;1;1091;;18;14;11;4;10;7;12;4;13;10;5;9;
*p14:10;;;;;;;19.15.33;1;6;5;1;1096;;18;14;11;4;10;7;12;4;13;10;5;9;
*18ST-~~~65B;;;;;;;19.15.42;1;6;5;1;1116;;18;14;11;4;10;7;12;4;13;10;5;9;
a13RT#~~~65B;;;;;;;19.15.42;1;6;5;1;1116;;18;14;11;4;10;7;12;4;13;10;5;9;
a05EN+K1F~3~2;;;;;;;19.15.42;1;6;5;1;1116;;18;14;11;4;10;7;12;4;13;10;5;9;
a13AT/W4~45~H;p;r;;;;;19.15.48;1;6;5;1;1119;;18;14;11;4;10;7;12;4;13;10;5;9;
*11BN#~~~~2;p;;;;;;19.15.48;1;6;5;1;1119;;18;14;11;4;10;7;12;4;13;10;5;9;
*p15:10;;;;;;;19.15.52;1;6;5;1;1124;;18;14;11;4;10;7;12;4;13;10;5;9;
*18ST!~~~65B;;;;;;;19.16.10;1;6;5;1;1144;;18;14;11;4;10;7;12;4;13;10;5;9;
a13RT!~~~65B;;;;;;;19.16.10;1;6;5;1;1144;;18;14;11;4;10;7;12;4;13;10;5;9;
a05EQ+K1C~3~2;;;;;;;19.16.10;1;6;5;1;1144;;18;14;11;4;10;7;12;4;13;10;5;9;
a10AQ+J1~36BH;;r;;;;;19.16.17;1;6;5;1;1147;;18;14;11;4;10;7;12;4;13;10;5;9;
*18DQ-~~~36B;;;;;;;19.16.17;1;6;5;1;1147;;18;14;11;4;10;7;12;4;13;10;5;9;
a10DH+;;;;;;;19.16.21;1;6;5;1;1147;;18;14;11;4;10;7;12;4;13;10;5;9;
a05EH+~~F;;;;;;;19.16.21;1;6;5;1;1147;;18;14;11;4;10;7;12;4;13;10;5;9;
a13AH/G4~48~P;p;s;;;;;19.16.24;1;6;5;1;1150;;18;14;11;4;10;7;12;4;13;10;5;9;
*14BH#~~~~2;p;;;;;;19.16.24;1;6;5;1;1150;;18;14;11;4;10;7;12;4;13;10;5;9;
*p16:10;;;;;;;19.16.29;1;6;5;1;1155;;18;14;11;4;10;7;12;4;13;10;5;9;
aT;;;;;;;19.16.29;1;6;5;1;1163;;18;14;11;4;10;7;12;4;13;10;5;9;
*18ST!~~~65B;;;;;;;19.17.23;1;6;5;1;1217;;18;14;11;4;10;7;12;4;13;10;5;9;
a13RT+~~~65B;;;;;;;19.17.23;1;6;5;1;1217;;18;14;11;4;10;7;12;4;13;10;5;9;
a05EN+K1F~3~2;;;;;;;19.17.23;1;6;5;1;1217;;18;14;11;4;10;7;12;4;13;10;5;9;
a13AT-W4~45~H;;r;;;;;19.17.29;1;6;5;1;1220;;18;14;11;4;10;7;12;4;13;10;5;9;
*15DN+~~~45;;;;;;;19.17.29;1;6;5;1;1220;;18;14;11;4;10;7;12;4;13;10;5;9;
*07EH+~~F;;;;;;;19.17.29;1;6;5;1;1220;;18;14;11;4;10;7;12;4;13;10;5;9;
*04AH-G4~47AP;;p;;;;;19.17.34;1;6;5;1;1223;;18;14;11;4;10;7;12;4;13;10;5;9;
a09DH+~~~47A;;;;;;;19.17.34;1;6;5;1;1223;;18;14;11;4;10;7;12;4;13;10;5;9;
a05EN+~~B;;;;;;;19.17.34;1;6;5;1;1223;;18;14;11;4;10;7;12;4;13;10;5;9;
a04AT#W2~28AH;s;s;;;;;19.17.38;1;6;5;1;1226;;18;14;11;4;10;7;12;4;13;10;5;9;
*$$&H=;s;;;;;;19.17.38;1;6;5;1;1226;;18;14;11;4;10;7;12;4;13;10;5;9;
ap16:11;;;;;;;19.17.44;1;6;5;1;1232;;18;14;11;4;10;7;12;4;13;10;5;9;
az4;;;;;;;19.17.44;1;6;4;1;1238;;18;14;11;4;10;7;4;13;10;5;9;12;
ac04:08;;;;;;;19.17.44;1;6;4;1;1238;;18;14;11;4;10;7;8;13;10;5;9;12;
ac05:17;;;;;;;19.17.44;1;6;4;1;1238;;18;14;11;4;10;7;8;13;10;17;9;12;
aP8;;;;;;;19.17.44;1;6;4;1;1238;;18;14;11;4;10;7;8;13;10;17;9;12;
az1;;;;;;;19.17.44;1;6;1;1;1238;;18;14;11;4;10;7;8;13;10;17;9;12;
a08SH!~~~17A;;;;;;;19.18.12;1;6;1;1;1266;;18;14;11;4;10;7;8;13;10;17;9;12;
*04RH!~~~17AO;;;;;;;19.18.12;1;6;1;1;1266;;18;14;11;4;10;7;8;13;10;17;9;12;
*07ET+K8F~2~2;;;;;;;19.18.12;1;6;1;1;1266;;18;14;11;4;10;7;8;13;10;17;9;12;
*04AT=W4~47~H;p;r;;;;;19.18.18;1;6;1;1;1269;;18;14;11;4;10;7;8;13;10;17;9;12;
a$$&H#;p;;;;;;19.18.18;1;6;1;1;1269;;18;14;11;4;10;7;8;13;10;17;9;12;
ap16:12;;;;;;;19.18.20;1;6;1;1;1274;;18;14;11;4;10;7;8;13;10;17;9;12;
a08SH-~~~16C;;;;;;;19.18.38;1;6;1;1;1292;;18;14;11;4;10;7;8;13;10;17;9;12;
*15RH#~~~16C;;;;;;;19.18.38;1;6;1;1;1292;;18;14;11;4;10;7;8;13;10;17;9;12;
*07EN+K1P~3~2;;;;;;;19.18.38;1;6;1;1;1292;;18;14;11;4;10;7;8;13;10;17;9;12;
*18AT+Y8~85BH;;r;;;;;19.18.44;1;6;1;1;1295;;18;14;11;4;10;7;8;13;10;17;9;12;
a01DN-~~~85B;;;;;;;19.18.44;1;6;1;1;1295;;18;14;11;4;10;7;8;13;10;17;9;12;
*15DH+;;;;;;;19.18.44;1;6;1;1;1295;;18;14;11;4;10;7;8;13;10;17;9;12;
*07ET+~~B;;;;;;;19.18.44;1;6;1;1;1295;;18;14;11;4;10;7;8;13;10;17;9;12;
*11AT#W2~21CH;s;s;;;;;19.18.49;1;6;1;1;1298;;18;14;11;4;10;7;8;13;10;17;9;12;
a08DT=~~~21C;s;;;;;;19.18.49;1;6;1;1;1298;;18;14;11;4;10;7;8;13;10;17;9;12;
*p17:12;;;;;;;19.18.57;1;6;1;1;1304;;18;14;11;4;10;7;8;13;10;17;9;12;
*z5;;;;;;;19.18.57;1;5;1;1;1311;;14;11;4;10;7;18;8;13;10;17;9;12;
*14SH!~~~59D;;;;;;;19.19.16;1;5;1;1;1330;;14;11;4;10;7;18;8;13;10;17;9;12;
a13RH+~~~59DO;;;;;;;19.19.16;1;5;1;1;1330;;14;11;4;10;7;18;8;13;10;17;9;12;
a08EQ+K1C~2~2;;;;;;;19.19.16;1;5;1;1;1330;;14;11;4;10;7;18;8;13;10;17;9;12;
a10AQ/J1~35~H;p;r;;;;;19.19.25;1;5;1;1;1333;;14;11;4;10;7;18;8;13;10;17;9;12;
*04BQ#~~~~3;p;;;;;;19.19.25;1;5;1;1;1333;;14;11;4;10;7;18;8;13;10;17;9;12;
*p18:12;;;;;;;19.19.27;1;5;1;1;1338;;14;11;4;10;7;18;8;13;10;17;9;12;
*14SH+~~~59D;;;;;;;19.19.46;1;5;1;1;1360;;14;11;4;10;7;18;8;13;10;17;9;12;
a13RH-~~~59DO;;;;;;;19.19.46;1;5;1;1;1360;;14;11;4;10;7;18;8;13;10;17;9;12;
a08EH+K1B~4~2;;;;;;;19.19.46;1;5;1;1;1360;;14;11;4;10;7;18;8;13;10;17;9;12;
a13AH-G2~21BH;;r;;;;;19.19.55;1;5;1;1;1363;;14;11;4;10;7;18;8;13;10;17;9;12;
*07DH+~~~21B;;;;;;;19.19.55;1;5;1;1;1363;;14;11;4;10;7;18;8;13;10;17;9;12;
*10AO#V3~3~~H;p;p;;;;;19.20.00;1;5;1;1;1366;;14;11;4;10;7;18;8;13;10;17;9;12;
a$$&H=;p;;;;;;19.20.00;1;5;1;1;1366;;14;11;4;10;7;18;8;13;10;17;9;12;
*p19:12;;;;;;;19.20.03;1;5;1;1;1370;;14;11;4;10;7;18;8;13;10;17;9;12;
*14SH/~~~51C;;;;;;;19.20.16;1;5;1;1;1390;;14;11;4;10;7;18;8;13;10;17;9;12;
a01RH/~~~51C;;;;;;;19.20.16;1;5;1;1;1390;;14;11;4;10;7;18;8;13;10;17;9;12;
*14DH+;;;;;;;19.20.21;1;5;1;1;1390;;14;11;4;10;7;18;8;13;10;17;9;12;
*07EN+~~P;;;;;;;19.20.21;1;5;1;1;1390;;14;11;4;10;7;18;8;13;10;17;9;12;
*18AT#Y8~86CH;p;p;;;;;19.20.24;1;5;1;1;1393;;14;11;4;10;7;18;8;13;10;17;9;12;
a$$&H=;p;;;;;;19.20.24;1;5;1;1;1393;;14;11;4;10;7;18;8;13;10;17;9;12;
*p20:12;;;;;;;19.20.29;1;5;1;1;1398;;14;11;4;10;7;18;8;13;10;17;9;12;
*14SH+~~~51D;;;;;;;19.20.45;1;5;1;1;1419;;14;11;4;10;7;18;8;13;10;17;9;12;
a01RH-~~~51D;;;;;;;19.20.45;1;5;1;1;1419;;14;11;4;10;7;18;8;13;10;17;9;12;
a08ET+~~B;;;;;;;19.20.45;1;5;1;1;1419;;14;11;4;10;7;18;8;13;10;17;9;12;
a13AT#W2~21~H;s;r;;;;;19.20.45;1;5;1;1;1422;;14;11;4;10;7;18;8;13;10;17;9;12;
*10BT=~~~~4;s;;;;;;19.20.45;1;5;1;1;1422;;14;11;4;10;7;18;8;13;10;17;9;12;
ap20:13;;;;;;;19.20.56;1;5;1;1;1426;;14;11;4;10;7;18;8;13;10;17;9;12;
az6;;;;;;;19.20.56;1;5;6;1;1430;;14;11;4;10;7;18;13;10;17;9;12;8;
ac09:11;;;;;;;19.20.56;1;5;6;1;1430;;14;11;4;10;7;18;13;10;17;11;12;8;
a13SQ-~~~16B;;;;;;;19.21.32;1;5;6;1;1466;;14;11;4;10;7;18;13;10;17;11;12;8;
*18RQ+~~~16B;;;;;;;19.21.32;1;5;6;1;1466;;14;11;4;10;7;18;13;10;17;11;12;8;
*07ET+KCB~3~2;;;;;;;19.21.32;1;5;6;1;1466;;14;11;4;10;7;18;13;10;17;11;12;8;
*11AT#W2~29DH;s;r;;;;;19.21.40;1;5;6;1;1469;;14;11;4;10;7;18;13;10;17;11;12;8;
a08DT=~~~29D;s;;;;;;19.21.40;1;5;6;1;1469;;14;11;4;10;7;18;13;10;17;11;12;8;
*p21:13;;;;;;;19.21.44;1;5;6;1;1474;;14;11;4;10;7;18;13;10;17;11;12;8;
*z4;;;;;;;19.21.44;1;4;6;1;1478;;11;4;10;7;18;14;13;10;17;11;12;8;
*c07:08;;;;;;;19.21.44;1;4;6;1;1478;;11;4;10;8;18;14;13;10;17;11;12;8;
*c11:16;;;;;;;19.21.44;1;4;6;1;1478;;16;4;10;8;18;14;13;10;17;11;12;8;
*P16;;;;;;;19.21.44;1;4;6;1;1478;;16;4;10;8;18;14;13;10;17;11;12;8;
*z1;;;;;;;19.21.44;1;1;6;1;1478;;16;4;10;8;18;14;13;10;17;11;12;8;
*16SQ!~~~16A;;;;;;;19.22.21;1;1;6;1;1515;;16;4;10;8;18;14;13;10;17;11;12;8;
a01RQ!~~~16A;;;;;;;19.22.21;1;1;6;1;1515;;16;4;10;8;18;14;13;10;17;11;12;8;
a08EN+K1F~3~2;;;;;;;19.22.21;1;1;6;1;1515;;16;4;10;8;18;14;13;10;17;11;12;8;
a11AT-W4~45~H;;r;;;;;19.22.27;1;1;6;1;1518;;16;4;10;8;18;14;13;10;17;11;12;8;
*10BN+~~~~2;;;;;;;19.22.27;1;1;6;1;1518;;16;4;10;8;18;14;13;10;17;11;12;8;
*15DH+;;;;;;;19.22.29;1;1;6;1;1518;;16;4;10;8;18;14;13;10;17;11;12;8;
*16EN+~~F;;;;;;;19.22.29;1;1;6;1;1518;;16;4;10;8;18;14;13;10;17;11;12;8;
*04AT+W4~48~P;;p;;;;;19.22.32;1;1;6;1;1521;;16;4;10;8;18;14;13;10;17;11;12;8;
a01DN-~~~48;;;;;;;19.22.32;1;1;6;1;1521;;16;4;10;8;18;14;13;10;17;11;12;8;
a10FH-;;;;;;;19.22.36;1;1;6;1;1524;;16;4;10;8;18;14;13;10;17;11;12;8;
*15DH+;;;;;;;19.22.37;1;1;6;1;1524;;16;4;10;8;18;14;13;10;17;11;12;8;
*16EQ+~~C;;;;;;;19.22.37;1;1;6;1;1524;;16;4;10;8;18;14;13;10;17;11;12;8;
*10AQ#J1~37DH;p;p;;;;;19.22.39;1;1;6;1;1528;;16;4;10;8;18;14;13;10;17;11;12;8;
a13DQ=~~~37D;p;;;;;;19.22.39;1;1;6;1;1528;;16;4;10;8;18;14;13;10;17;11;12;8;
*p22:13;;;;;;;19.22.43;1;1;6;1;1534;;16;4;10;8;18;14;13;10;17;11;12;8;
*16SQ=~~~16A;s;;;;;;19.23.07;1;1;6;1;1561;;16;4;10;8;18;14;13;10;17;11;12;8;
a$$&H#;s;;;;;;19.23.07;1;1;6;1;1561;;16;4;10;8;18;14;13;10;17;11;12;8;
ap22:14;;;;;;;19.23.13;1;1;6;1;1567;;16;4;10;8;18;14;13;10;17;11;12;8;
az5;;;;;;;19.23.13;1;1;5;1;1567;;16;4;10;8;18;14;10;17;11;12;8;13;
a10SH-~~~66C;;;;;;;19.23.46;1;1;5;1;1600;;16;4;10;8;18;14;10;17;11;12;8;13;
*15RH#~~~66C;;;;;;;19.23.46;1;1;5;1;1600;;16;4;10;8;18;14;10;17;11;12;8;13;
*16EN+K2F~2~2;;;;;;;19.23.46;1;1;5;1;1600;;16;4;10;8;18;14;10;17;11;12;8;13;
*08AT#W4~45BH;s;r;;;;;19.23.51;1;1;5;1;1603;;16;4;10;8;18;14;10;17;11;12;8;13;
a$$&H=;s;;;;;;19.23.51;1;1;5;1;1603;;16;4;10;8;18;14;10;17;11;12;8;13;
*p23:14;;;;;;;19.23.54;1;1;5;1;1607;;16;4;10;8;18;14;10;17;11;12;8;13;
*z6;;;;;;;19.23.54;1;6;5;1;1608;;4;10;8;18;14;16;10;17;11;12;8;13;
*04SQ!~~~61D;;;;;;;19.24.11;1;6;5;1;1626;;4;10;8;18;14;16;10;17;11;12;8;13;
a01RQ+~~~61D;;;;;;;19.24.11;1;6;5;1;1626;;4;10;8;18;14;16;10;17;11;12;8;13;
a08EN+K1F~2~2;;;;;;;19.24.11;1;6;5;1;1626;;4;10;8;18;14;16;10;17;11;12;8;13;
a11AT#W4~41~H;s;r;;;;;19.24.20;1;6;5;1;1629;;4;10;8;18;14;16;10;17;11;12;8;13;
*08BN/~~~~2;s;;;;;;19.24.20;1;6;5;1;1629;;4;10;8;18;14;16;10;17;11;12;8;13;
ap23:15;;;;;;;19.24.23;1;6;5;1;1633;;4;10;8;18;14;16;10;17;11;12;8;13;
az4;;;;;;;19.24.23;1;6;4;1;1637;;4;10;8;18;14;16;17;11;12;8;13;10;
ac17:05;;;;;;;19.24.23;1;6;4;1;1637;;4;10;8;18;14;16;5;11;12;8;13;10;
ac08:04;;;;;;;19.24.23;1;6;4;1;1637;;4;10;8;18;14;16;5;11;12;4;13;10;
aP5;;;;;;;19.24.23;1;6;4;1;1637;;4;10;8;18;14;16;5;11;12;4;13;10;
az1;;;;;;;19.24.23;1;6;1;1;1637;;4;10;8;18;14;16;5;11;12;4;13;10;
*c04:19;;;;;;;19.24.23;1;6;1;1;1637;;19;10;8;18;14;16;5;11;12;4;13;10;
a05SQ-~~~11C;;;;;;;19.25.05;1;6;1;1;1679;;19;10;8;18;14;16;5;11;12;4;13;10;
*19RQ#~~~11C;;;;;;;19.25.05;1;6;1;1;1679;;19;10;8;18;14;16;5;11;12;4;13;10;
*16ET+K1B~3~2;;;;;;;19.25.05;1;6;1;1;1679;;19;10;8;18;14;16;5;11;12;4;13;10;
*08AT#W2~27DH;s;r;;;;;19.25.13;1;6;1;1;1682;;19;10;8;18;14;16;5;11;12;4;13;10;
a$$&H=;s;;;;;;19.25.13;1;6;1;1;1682;;19;10;8;18;14;16;5;11;12;4;13;10;
*p24:15;;;;;;;19.25.15;1;6;1;1;1687;;19;10;8;18;14;16;5;11;12;4;13;10;
*z5;;;;;;;19.25.15;1;5;1;1;1689;;10;8;18;14;16;19;5;11;12;4;13;10;
*10SQ+~~~15A;;;;;;;19.25.42;1;5;1;1;1716;;10;8;18;14;16;19;5;11;12;4;13;10;
a13RQ-~~~15A;;;;;;;19.25.42;1;5;1;1;1716;;10;8;18;14;16;19;5;11;12;4;13;10;
a05EH+~~F;;;;;;;19.25.42;1;5;1;1;1716;;10;8;18;14;16;19;5;11;12;4;13;10;
a04AH-G4~47~H;;r;;;;;19.25.50;1;5;1;1;1719;;10;8;18;14;16;19;5;11;12;4;13;10;
*18DH+~~~47;;;;;;;19.25.50;1;5;1;1;1719;;10;8;18;14;16;19;5;11;12;4;13;10;
*16EN+~~P;;;;;;;19.25.50;1;5;1;1;1719;;10;8;18;14;16;19;5;11;12;4;13;10;
*19AT-Y8~86~H;;p;;;;;19.25.54;1;5;1;1;1722;;10;8;18;14;16;19;5;11;12;4;13;10;
a12BN+~~~~3;;;;;;;19.25.54;1;5;1;1;1722;;10;8;18;14;16;19;5;11;12;4;13;10;
a05DH+;;;;;;;19.25.54;1;5;1;1;1722;;10;8;18;14;16;19;5;11;12;4;13;10;
a01EH+~~B~~~2;;;;;;;19.25.54;1;5;1;1;1722;;10;8;18;14;16;19;5;11;12;4;13;10;
a04AH-G2~23BT;;s;;;;;19.26.04;1;5;1;1;1725;;10;8;18;14;16;19;5;11;12;4;13;10;
*16DH+~~~23B;;;;;;;19.26.04;1;5;1;1;1725;;10;8;18;14;16;19;5;11;12;4;13;10;
*08AO#V3~3~~H;p;p;;;;;19.26.11;1;5;1;1;1729;;10;8;18;14;16;19;5;11;12;4;13;10;
a$$&H=;p;;;;;;19.26.11;1;5;1;1;1729;;10;8;18;14;16;19;5;11;12;4;13;10;
*p25:15;;;;;;;19.26.18;1;5;1;1;1735;;10;8;18;14;16;19;5;11;12;4;13;10;
**1set;;;;;;;19.26.18;2;5;1;1;1752;;;;;;;;;;;;;;
*P07>LUp;;;;;;;19.26.18;2;5;1;1;1752;;7;18;14;11;4;10;11;12;4;9;14;5;
*z1>LUp;;;;;;;19.26.18;2;1;1;1;1752;;7;18;14;11;4;10;11;12;4;9;14;5;
aP05>LUp;;;;;;;19.26.18;2;1;1;1;1752;;7;18;14;11;4;10;11;12;4;9;14;5;
az6>LUp;;;;;;;19.26.18;2;1;6;1;1752;;7;18;14;11;4;10;11;12;4;9;14;5;
a11SQ-~~~16C~~N;;;;;;;19.29.43;2;1;6;1;1957;;7;18;14;11;4;10;11;12;4;9;14;5;
*15RQ#~~~16C;;;;;;;19.29.43;2;1;6;1;1957;;7;18;14;11;4;10;11;12;4;9;14;5;
*07ET+K1B~2~2;;;;;;;19.29.43;2;1;6;1;1957;;7;18;14;11;4;10;11;12;4;9;14;5;
*18AT#W2~26AH;s;r;;;;;19.29.49;2;1;6;1;1960;;7;18;14;11;4;10;11;12;4;9;14;5;
a11DT=~~~26A;s;;;;;;19.29.49;2;1;6;1;1960;;7;18;14;11;4;10;11;12;4;9;14;5;
*p01:00;;;;;;;19.29.53;2;1;6;1;1964;;7;18;14;11;4;10;11;12;4;9;14;5;
*z6;;;;;;;19.29.53;2;6;6;1;1967;;18;14;11;4;10;7;11;12;4;9;14;5;
*18SQ!~~~61D;;;;;;;19.30.09;2;6;6;1;1983;;18;14;11;4;10;7;11;12;4;9;14;5;
a11RQ+~~~61D;;;;;;;19.30.09;2;6;6;1;1983;;18;14;11;4;10;7;11;12;4;9;14;5;
a05EN+K1F~2~2;;;;;;;19.30.09;2;6;6;1;1983;;18;14;11;4;10;7;11;12;4;9;14;5;
a09AT+W4~42~P;;r;;;;;19.30.16;2;6;6;1;1986;;18;14;11;4;10;7;11;12;4;9;14;5;
*11BN-~~~~2;;;;;;;19.30.16;2;6;6;1;1986;;18;14;11;4;10;7;11;12;4;9;14;5;
a11DH+;;;;;;;19.30.22;2;6;6;1;1986;;18;14;11;4;10;7;11;12;4;9;14;5;
a05EN+~~F;;;;;;;19.30.22;2;6;6;1;1986;;18;14;11;4;10;7;11;12;4;9;14;5;
a09AT/W4~45~H;p;s;;;;;19.30.25;2;6;6;1;1989;;18;14;11;4;10;7;11;12;4;9;14;5;
*14BN#~~~~2;p;;;;;;19.30.25;2;6;6;1;1989;;18;14;11;4;10;7;11;12;4;9;14;5;
*p02:00;;;;;;;19.30.28;2;6;6;1;1994;;18;14;11;4;10;7;11;12;4;9;14;5;
*18ST!~~~61D;;;;;;;19.30.42;2;6;6;1;2016;;18;14;11;4;10;7;11;12;4;9;14;5;
a11RT+~~~61D;;;;;;;19.30.42;2;6;6;1;2016;;18;14;11;4;10;7;11;12;4;9;14;5;
a05EN+K1B~2~2;;;;;;;19.30.42;2;6;6;1;2016;;18;14;11;4;10;7;11;12;4;9;14;5;
a04AT-W2~21DH;;r;;;;;19.30.49;2;6;6;1;2019;;18;14;11;4;10;7;11;12;4;9;14;5;
*14BN+~~~~4;;;;;;;19.30.49;2;6;6;1;2019;;18;14;11;4;10;7;11;12;4;9;14;5;
*18DH+;;;;;;;19.30.51;2;6;6;1;2019;;18;14;11;4;10;7;11;12;4;9;14;5;
*07EH+~~B;;;;;;;19.30.51;2;6;6;1;2019;;18;14;11;4;10;7;11;12;4;9;14;5;
*04AH#G2~21CH;p;p;;;;;19.30.53;2;6;6;1;2022;;18;14;11;4;10;7;11;12;4;9;14;5;
a12BH/~~~~4;p;;;;;;19.30.53;2;6;6;1;2022;;18;14;11;4;10;7;11;12;4;9;14;5;
*p03:00;;;;;;;19.31.00;2;6;6;1;2026;;18;14;11;4;10;7;11;12;4;9;14;5;
*18ST+~~~68C;;;;;;;19.31.22;2;6;6;1;2056;;18;14;11;4;10;7;11;12;4;9;14;5;
a12RT-~~~68C;;;;;;;19.31.22;2;6;6;1;2056;;18;14;11;4;10;7;11;12;4;9;14;5;
a05EH+~~F;;;;;;;19.31.22;2;6;6;1;2056;;18;14;11;4;10;7;11;12;4;9;14;5;
a09AH#G4~41~H;s;r;;;;;19.31.29;2;6;6;1;2059;;18;14;11;4;10;7;11;12;4;9;14;5;
*04BH/~~~~2;s;;;;;;19.31.29;2;6;6;1;2059;;18;14;11;4;10;7;11;12;4;9;14;5;
ap03:01;;;;;;;19.31.36;2;6;6;1;2064;;18;14;11;4;10;7;11;12;4;9;14;5;
az5;;;;;;;19.31.36;2;6;5;1;2070;;18;14;11;4;10;7;12;4;9;14;5;11;
a12SQ=~~~16A;s;;;;;;19.31.51;2;6;5;1;2085;;18;14;11;4;10;7;12;4;9;14;5;11;
*$$&H#;s;;;;;;19.31.51;2;6;5;1;2085;;18;14;11;4;10;7;12;4;9;14;5;11;
*p04:01;;;;;;;19.31.55;2;6;5;1;2089;;18;14;11;4;10;7;12;4;9;14;5;11;
*z5;;;;;;;19.31.55;2;5;5;1;2089;;14;11;4;10;7;18;12;4;9;14;5;11;
*14SH!~~~56B;;;;;;;19.32.19;2;5;5;1;2113;;14;11;4;10;7;18;12;4;9;14;5;11;
a11RH+~~~56B;;;;;;;19.32.19;2;5;5;1;2113;;14;11;4;10;7;18;12;4;9;14;5;11;
a05EN+K1P~3~2;;;;;;;19.32.19;2;5;5;1;2113;;14;11;4;10;7;18;12;4;9;14;5;11;
a11AT#Y8~85CH;s;r;;;;;19.32.25;2;5;5;1;2116;;14;11;4;10;7;18;12;4;9;14;5;11;
*$$&H=;s;;;;;;19.32.25;2;5;5;1;2116;;14;11;4;10;7;18;12;4;9;14;5;11;
ap04:02;;;;;;;19.32.27;2;5;5;1;2120;;14;11;4;10;7;18;12;4;9;14;5;11;
az4;;;;;;;19.32.27;2;5;4;1;2121;;14;11;4;10;7;18;4;9;14;5;11;12;
a04SQ-~~~65B;;;;;;;19.32.47;2;5;4;1;2141;;14;11;4;10;7;18;4;9;14;5;11;12;
*18RQ#~~~65B;;;;;;;19.32.47;2;5;4;1;2141;;14;11;4;10;7;18;4;9;14;5;11;12;
*07EN+K1F~3~2;;;;;;;19.32.47;2;5;4;1;2141;;14;11;4;10;7;18;4;9;14;5;11;12;
*04AT#W4~47~H;s;r;;;;;19.32.53;2;5;4;1;2144;;14;11;4;10;7;18;4;9;14;5;11;12;
a14BN/~~~~2;s;;;;;;19.32.53;2;5;4;1;2144;;14;11;4;10;7;18;4;9;14;5;11;12;
*p05:02;;;;;;;19.32.57;2;5;4;1;2149;;14;11;4;10;7;18;4;9;14;5;11;12;
*z4;;;;;;;19.32.57;2;4;4;1;2151;;11;4;10;7;18;14;4;9;14;5;11;12;
*11SQ-~~~61CP;;;;;;;19.33.24;2;4;4;1;2178;;11;4;10;7;18;14;4;9;14;5;11;12;
a01RQ#~~~61C;;;;;;;19.33.24;2;4;4;1;2178;;11;4;10;7;18;14;4;9;14;5;11;12;
a05EH+K1P~2~2;;;;;;;19.33.24;2;4;4;1;2178;;11;4;10;7;18;14;4;9;14;5;11;12;
a11AT#Y8~81BH;s;r;;;;;19.33.30;2;4;4;1;2181;;11;4;10;7;18;14;4;9;14;5;11;12;
*$$&H=;s;;;;;;19.33.30;2;4;4;1;2181;;11;4;10;7;18;14;4;9;14;5;11;12;
ap05:03;;;;;;;19.33.32;2;4;4;1;2185;;11;4;10;7;18;14;4;9;14;5;11;12;
az3;;;;;;;19.33.32;2;4;3;1;2186;;11;4;10;7;18;14;9;14;5;11;12;4;
a09SQ-~~~16C;;;;;;;19.33.47;2;4;3;1;2201;;11;4;10;7;18;14;9;14;5;11;12;4;
*18RQ#~~~16C;;;;;;;19.33.47;2;4;3;1;2201;;11;4;10;7;18;14;9;14;5;11;12;4;
*07ET+K1F~2~2;;;;;;;19.33.47;2;4;3;1;2201;;11;4;10;7;18;14;9;14;5;11;12;4;
*04AT#W4~45BH;s;r;;;;;19.33.53;2;4;3;1;2204;;11;4;10;7;18;14;9;14;5;11;12;4;
a01DT=~~~45B;s;;;;;;19.33.53;2;4;3;1;2204;;11;4;10;7;18;14;9;14;5;11;12;4;
*p06:03;;;;;;;19.34.00;2;4;3;1;2208;;11;4;10;7;18;14;9;14;5;11;12;4;
*z3;;;;;;;19.34.00;2;3;3;1;2214;;4;10;7;18;14;11;9;14;5;11;12;4;
*04SQ#~~~61A;p;;;;;;19.34.14;2;3;3;1;2228;;4;10;7;18;14;11;9;14;5;11;12;4;
a09RQ=~~~61A;p;;;;;;19.34.14;2;3;3;1;2228;;4;10;7;18;14;11;9;14;5;11;12;4;
*p07:03;;;;;;;19.34.20;2;3;3;1;2232;;4;10;7;18;14;11;9;14;5;11;12;4;
*04SQ=~~~61D;s;;;;;;19.34.35;2;3;3;1;2249;;4;10;7;18;14;11;9;14;5;11;12;4;
a$$&H#;s;;;;;;19.34.35;2;3;3;1;2249;;4;10;7;18;14;11;9;14;5;11;12;4;
ap07:04;;;;;;;19.34.40;2;3;3;1;2254;;4;10;7;18;14;11;9;14;5;11;12;4;
az2;;;;;;;19.34.40;2;3;2;1;2254;;4;10;7;18;14;11;14;5;11;12;4;9;
a14SH+~~~59D;;;;;;;19.35.01;2;3;2;1;2275;;4;10;7;18;14;11;14;5;11;12;4;9;
*04RH-~~~59D;;;;;;;19.35.01;2;3;2;1;2275;;4;10;7;18;14;11;14;5;11;12;4;9;
*07EH+~~B;;;;;;;19.35.01;2;3;2;1;2275;;4;10;7;18;14;11;14;5;11;12;4;9;
*11AH-G9~96~P;;r;;;;;19.35.07;2;3;2;1;2278;;4;10;7;18;14;11;14;5;11;12;4;9;
a12BH+~~~~4;;;;;;;19.35.07;2;3;2;1;2278;;4;10;7;18;14;11;14;5;11;12;4;9;
*15DH+;;;;;;;19.35.16;2;3;2;1;2278;;4;10;7;18;14;11;14;5;11;12;4;9;
*04FH-;;;;;;;19.35.18;2;3;2;1;2281;;4;10;7;18;14;11;14;5;11;12;4;9;
a05DH+;;;;;;;19.35.18;2;3;2;1;2281;;4;10;7;18;14;11;14;5;11;12;4;9;
a12EH+~~F~~~2;;;;;;;19.35.18;2;3;2;1;2281;;4;10;7;18;14;11;14;5;11;12;4;9;
a11AH/G4~45~H;s;p;;;;;19.35.20;2;3;2;1;2284;;4;10;7;18;14;11;14;5;11;12;4;9;
*10BH#~~~~2;s;;;;;;19.35.20;2;3;2;1;2284;;4;10;7;18;14;11;14;5;11;12;4;9;
*p08:04;;;;;;;19.35.24;2;3;2;1;2289;;4;10;7;18;14;11;14;5;11;12;4;9;
*z2;;;;;;;19.35.24;2;2;2;1;2298;;10;7;18;14;11;4;14;5;11;12;4;9;
*10SQ!~~~16;;;;;;;19.35.51;2;2;2;1;2325;;10;7;18;14;11;4;14;5;11;12;4;9;
a09RQ!~~~16;;;;;;;19.35.51;2;2;2;1;2325;;10;7;18;14;11;4;14;5;11;12;4;9;
a05EN+K2F~2~2;;;;;;;19.35.51;2;2;2;1;2325;;10;7;18;14;11;4;14;5;11;12;4;9;
a11AT-W4~41~H;;r;;;;;19.35.58;2;2;2;1;2328;;10;7;18;14;11;4;14;5;11;12;4;9;
*07BN+~~~~2;;;;;;;19.35.58;2;2;2;1;2328;;10;7;18;14;11;4;14;5;11;12;4;9;
*04DH+;;;;;;;19.36.00;2;2;2;1;2328;;10;7;18;14;11;4;14;5;11;12;4;9;
*07EQ+~~C;;;;;;;19.36.00;2;2;2;1;2328;;10;7;18;14;11;4;14;5;11;12;4;9;
*14AQ#J3~36BH;p;p;;;;;19.36.02;2;2;2;1;2331;;10;7;18;14;11;4;14;5;11;12;4;9;
a09DQ=~~~36B;p;;;;;;19.36.02;2;2;2;1;2331;;10;7;18;14;11;4;14;5;11;12;4;9;
*p09:04;;;;;;;19.36.09;2;2;2;1;2336;;10;7;18;14;11;4;14;5;11;12;4;9;
aT;;;;;;;19.36.09;2;2;2;1;2343;;10;7;18;14;11;4;14;5;11;12;4;9;
*10SQ-~~~65A;;;;;;;19.37.23;2;2;2;1;2417;;10;7;18;14;11;4;14;5;11;12;4;9;
a09RQ#~~~65A;;;;;;;19.37.23;2;2;2;1;2417;;10;7;18;14;11;4;14;5;11;12;4;9;
a05EN+K1B~4~2;;;;;;;19.37.23;2;2;2;1;2417;;10;7;18;14;11;4;14;5;11;12;4;9;
a04AT#Y9~95~H;s;r;;;;;19.37.35;2;2;2;1;2420;;10;7;18;14;11;4;14;5;11;12;4;9;
*18BN/~~~~4;s;;;;;;19.37.35;2;2;2;1;2420;;10;7;18;14;11;4;14;5;11;12;4;9;
ap09:05;;;;;;;19.37.38;2;2;2;1;2425;;10;7;18;14;11;4;14;5;11;12;4;9;
az1;;;;;;;19.37.38;2;2;1;1;2432;;10;7;18;14;11;4;5;11;12;4;9;14;
a05SQ-~~~16B;;;;;;;19.37.58;2;2;1;1;2452;;10;7;18;14;11;4;5;11;12;4;9;14;
*15RQ+~~~16B;;;;;;;19.37.58;2;2;1;1;2452;;10;7;18;14;11;4;5;11;12;4;9;14;
*07EN+K1B~2~2;;;;;;;19.37.58;2;2;1;1;2452;;10;7;18;14;11;4;5;11;12;4;9;14;
*11AT+Y9~96~H;;r;;;;;19.38.04;2;2;1;1;2455;;10;7;18;14;11;4;5;11;12;4;9;14;
a12BN-~~~~4;;;;;;;19.38.04;2;2;1;1;2455;;10;7;18;14;11;4;5;11;12;4;9;14;
*11DH+;;;;;;;19.38.06;2;2;1;1;2455;;10;7;18;14;11;4;5;11;12;4;9;14;
*07EQ+~~C;;;;;;;19.38.06;2;2;1;1;2455;;10;7;18;14;11;4;5;11;12;4;9;14;
*14AQ-J1~36~H;;s;;;;;19.38.08;2;2;1;1;2458;;10;7;18;14;11;4;5;11;12;4;9;14;
a12BQ+~~~~3;;;;;;;19.38.08;2;2;1;1;2458;;10;7;18;14;11;4;5;11;12;4;9;14;
a04DH+;;;;;;;19.38.10;2;2;1;1;2458;;10;7;18;14;11;4;5;11;12;4;9;14;
a05EH+~~F;;;;;;;19.38.10;2;2;1;1;2458;;10;7;18;14;11;4;5;11;12;4;9;14;
a11AH#G4~45~H;p;p;;;;;19.38.12;2;2;1;1;2461;;10;7;18;14;11;4;5;11;12;4;9;14;
*14BH/~~~~2;p;;;;;;19.38.12;2;2;1;1;2461;;10;7;18;14;11;4;5;11;12;4;9;14;
ap09:06;;;;;;;19.38.17;2;2;1;1;2468;;10;7;18;14;11;4;5;11;12;4;9;14;
a05SQ+~~~16;;;;;;;19.38.33;2;2;1;1;2487;;10;7;18;14;11;4;5;11;12;4;9;14;
*04RQ-~~~16;;;;;;;19.38.33;2;2;1;1;2487;;10;7;18;14;11;4;5;11;12;4;9;14;
*07EH+~~F;;;;;;;19.38.33;2;2;1;1;2487;;10;7;18;14;11;4;5;11;12;4;9;14;
*18AH=G4~47DH;p;r;;;;;19.38.39;2;2;1;1;2490;;10;7;18;14;11;4;5;11;12;4;9;14;
a$$&H#;p;;;;;;19.38.39;2;2;1;1;2490;;10;7;18;14;11;4;5;11;12;4;9;14;
ap09:07;;;;;;;19.38.42;2;2;1;1;2495;;10;7;18;14;11;4;5;11;12;4;9;14;
*T;;;;;;;19.38.42;2;2;1;1;2496;;10;7;18;14;11;4;5;11;12;4;9;14;
a05SQ=~~~11D;s;;;;;;19.39.41;2;2;1;1;2555;;10;7;18;14;11;4;5;11;12;4;9;14;
*$$&H#;s;;;;;;19.39.41;2;2;1;1;2555;;10;7;18;14;11;4;5;11;12;4;9;14;
*p10:07;;;;;;;19.40.57;2;2;1;1;2560;;10;7;18;14;11;4;5;11;12;4;9;14;
*z1;;;;;;;19.40.57;2;1;1;1;2631;;7;18;14;11;4;10;5;11;12;4;9;14;
*07SH!~~~16A~~~A;;;;;;;19.41.09;2;1;1;1;2643;;7;18;14;11;4;10;5;11;12;4;9;14;
a01RH!~~~16A;;;;;;;19.41.09;2;1;1;1;2643;;7;18;14;11;4;10;5;11;12;4;9;14;
a05EH+K1B~2~2;;;;;;;19.41.09;2;1;1;1;2643;;7;18;14;11;4;10;5;11;12;4;9;14;
a11AH-G2~26BH;;r;;;;;19.41.15;2;1;1;1;2646;;7;18;14;11;4;10;5;11;12;4;9;14;
*04DH+~~~26B;;;;;;;19.41.15;2;1;1;1;2646;;7;18;14;11;4;10;5;11;12;4;9;14;
*07EH/~~~~~~2;;;;;;;19.41.15;2;1;1;1;2646;;7;18;14;11;4;10;5;11;12;4;9;14;
a11AO#V2~23~H;s;s;;;;;19.41.22;2;1;1;1;2649;;7;18;14;11;4;10;5;11;12;4;9;14;
*$$&H=;s;;;;;;19.41.22;2;1;1;1;2649;;7;18;14;11;4;10;5;11;12;4;9;14;
ap10:08;;;;;;;19.41.25;2;1;1;1;2654;;7;18;14;11;4;10;5;11;12;4;9;14;
az6;;;;;;;19.41.25;2;1;6;1;2659;;7;18;14;11;4;10;11;12;4;9;14;5;
a11SQ=~~~15~~~N;s;;;;;;19.41.43;2;1;6;1;2677;;7;18;14;11;4;10;11;12;4;9;14;5;
*$$&H#;s;;;;;;19.41.43;2;1;6;1;2677;;7;18;14;11;4;10;11;12;4;9;14;5;
*p11:08;;;;;;;19.41.46;2;1;6;1;2681;;7;18;14;11;4;10;11;12;4;9;14;5;
*z6;;;;;;;19.41.46;2;6;6;1;2680;;18;14;11;4;10;7;11;12;4;9;14;5;
*18SQ=~~~66A;s;;;;;;19.42.04;2;6;6;1;2698;;18;14;11;4;10;7;11;12;4;9;14;5;
a$$&H#;s;;;;;;19.42.04;2;6;6;1;2698;;18;14;11;4;10;7;11;12;4;9;14;5;
ap11:09;;;;;;;19.42.11;2;6;6;1;2705;;18;14;11;4;10;7;11;12;4;9;14;5;
az5;;;;;;;19.42.11;2;6;5;1;2705;;18;14;11;4;10;7;12;4;9;14;5;11;
a12SQ!~~~16C;;;;;;;19.42.26;2;6;5;1;2720;;18;14;11;4;10;7;12;4;9;14;5;11;
*15RQ!~~~16C;;;;;;;19.42.26;2;6;5;1;2720;;18;14;11;4;10;7;12;4;9;14;5;11;
*07EN+KFB~4~2;;;;;;;19.42.26;2;6;5;1;2720;;18;14;11;4;10;7;12;4;9;14;5;11;
*11AT+W2~21~H;;r;;;;;19.42.34;2;6;5;1;2723;;18;14;11;4;10;7;12;4;9;14;5;11;
a05DN-~~~21;;;;;;;19.42.34;2;6;5;1;2723;;18;14;11;4;10;7;12;4;9;14;5;11;
a09FH-;;;;;;;19.42.37;2;6;5;1;2726;;18;14;11;4;10;7;12;4;9;14;5;11;
*18DH+;;;;;;;19.42.42;2;6;5;1;2726;;18;14;11;4;10;7;12;4;9;14;5;11;
*07ET+~~B;;;;;;;19.42.42;2;6;5;1;2726;;18;14;11;4;10;7;12;4;9;14;5;11;
*11AT#W2~21CH;s;s;;;;;19.42.43;2;6;5;1;2729;;18;14;11;4;10;7;12;4;9;14;5;11;
a05DT=~~~21C;s;;;;;;19.42.43;2;6;5;1;2729;;18;14;11;4;10;7;12;4;9;14;5;11;
*p12:09;;;;;;;19.42.47;2;6;5;1;2734;;18;14;11;4;10;7;12;4;9;14;5;11;
*z5;;;;;;;19.42.47;2;5;5;1;2741;;14;11;4;10;7;18;12;4;9;14;5;11;
*14SH-~~~58D;;;;;;;19.43.02;2;5;5;1;2756;;14;11;4;10;7;18;12;4;9;14;5;11;
a09RH#~~~58DO;;;;;;;19.43.02;2;5;5;1;2756;;14;11;4;10;7;18;12;4;9;14;5;11;
a05EN+K1B~3~2;;;;;;;19.43.02;2;5;5;1;2756;;14;11;4;10;7;18;12;4;9;14;5;11;
a04AT#W2~21~H;s;r;;;;;19.43.08;2;5;5;1;2759;;14;11;4;10;7;18;12;4;9;14;5;11;
*10BN/~~~~4;s;;;;;;19.43.08;2;5;5;1;2759;;14;11;4;10;7;18;12;4;9;14;5;11;
ap12:10;;;;;;;19.43.17;2;5;5;1;2764;;14;11;4;10;7;18;12;4;9;14;5;11;
az4;;;;;;;19.43.17;2;5;4;1;2771;;14;11;4;10;7;18;4;9;14;5;11;12;
a04SQ/~~~65B;;;;;;;19.43.27;2;5;4;1;2781;;14;11;4;10;7;18;4;9;14;5;11;12;
*04RQ/~~~65BM;;;;;;;19.43.27;2;5;4;1;2781;;14;11;4;10;7;18;4;9;14;5;11;12;
a05DH+;;;;;;;19.43.38;2;5;4;1;2781;;14;11;4;10;7;18;4;9;14;5;11;12;
a09EH+~~B~~~2;;;;;;;19.43.38;2;5;4;1;2781;;14;11;4;10;7;18;4;9;14;5;11;12;
a04AH#G9~98AH;p;p;;;;;19.43.41;2;5;4;1;2784;;14;11;4;10;7;18;4;9;14;5;11;12;
*07DH=~~~98A;p;;;;;;19.43.41;2;5;4;1;2784;;14;11;4;10;7;18;4;9;14;5;11;12;
ap12:11;;;;;;;19.43.47;2;5;4;1;2793;;14;11;4;10;7;18;4;9;14;5;11;12;
a04SQ-~~~66C;;;;;;;19.44.06;2;5;4;1;2820;;14;11;4;10;7;18;4;9;14;5;11;12;
*18RQ#~~~66C;;;;;;;19.44.06;2;5;4;1;2820;;14;11;4;10;7;18;4;9;14;5;11;12;
*07EN-K1F~3~2;;;;;;;19.44.06;2;5;4;1;2820;;14;11;4;10;7;18;4;9;14;5;11;12;
*04AT-W4~42~T;;r;;;;;19.44.14;2;5;4;1;2823;;14;11;4;10;7;18;4;9;14;5;11;12;
a05BN+~~~~2;;;;;;;19.44.14;2;5;4;1;2823;;14;11;4;10;7;18;4;9;14;5;11;12;
a14DH+;;;;;;;19.44.21;2;5;4;1;2823;;14;11;4;10;7;18;4;9;14;5;11;12;
a05EH+~~B;;;;;;;19.44.21;2;5;4;1;2823;;14;11;4;10;7;18;4;9;14;5;11;12;
a04AH#G9~99AH;p;p;;;;;19.44.23;2;5;4;1;2826;;14;11;4;10;7;18;4;9;14;5;11;12;
*$$&H=;p;;;;;;19.44.23;2;5;4;1;2826;;14;11;4;10;7;18;4;9;14;5;11;12;
ap12:12;;;;;;;19.44.27;2;5;4;1;2834;;14;11;4;10;7;18;4;9;14;5;11;12;
a04SQ=~~~65D;s;;;;;;19.44.51;2;5;4;1;2865;;14;11;4;10;7;18;4;9;14;5;11;12;
*$$&H#;s;;;;;;19.44.51;2;5;4;1;2865;;14;11;4;10;7;18;4;9;14;5;11;12;
*p13:12;;;;;;;19.44.55;2;5;4;1;2869;;14;11;4;10;7;18;4;9;14;5;11;12;
*z4;;;;;;;19.44.55;2;4;4;1;2869;;11;4;10;7;18;14;4;9;14;5;11;12;
*11SQ!~~~66D;;;;;;;19.45.08;2;4;4;1;2882;;11;4;10;7;18;14;4;9;14;5;11;12;
a11RQ!~~~66D;;;;;;;19.45.08;2;4;4;1;2882;;11;4;10;7;18;14;4;9;14;5;11;12;
a05EH+K2F~2~2;;;;;;;19.45.08;2;4;4;1;2882;;11;4;10;7;18;14;4;9;14;5;11;12;
a09AH#G4~41BP;s;r;;;;;19.45.14;2;4;4;1;2885;;11;4;10;7;18;14;4;9;14;5;11;12;
*11DH=~~~41B;s;;;;;;19.45.14;2;4;4;1;2885;;11;4;10;7;18;14;4;9;14;5;11;12;
ap13:13;;;;;;;19.45.20;2;4;4;1;2890;;11;4;10;7;18;14;4;9;14;5;11;12;
az3;;;;;;;19.45.20;2;4;3;1;2894;;11;4;10;7;18;14;9;14;5;11;12;4;
a09SQ=~~~16D;s;;;;;;19.45.37;2;4;3;1;2911;;11;4;10;7;18;14;9;14;5;11;12;4;
*$$&H#;s;;;;;;19.45.37;2;4;3;1;2911;;11;4;10;7;18;14;9;14;5;11;12;4;
*p14:13;;;;;;;19.45.41;2;4;3;1;2915;;11;4;10;7;18;14;9;14;5;11;12;4;
*z3;;;;;;;19.45.41;2;3;3;1;2915;;4;10;7;18;14;11;9;14;5;11;12;4;
*04SQ-~~~66B;;;;;;;19.46.10;2;3;3;1;2944;;4;10;7;18;14;11;9;14;5;11;12;4;
a01RQ#~~~66B;;;;;;;19.46.10;2;3;3;1;2944;;4;10;7;18;14;11;9;14;5;11;12;4;
a05EQ+K1C~2~2;;;;;;;19.46.10;2;3;3;1;2944;;4;10;7;18;14;11;9;14;5;11;12;4;
a14AQ-J1~35BH;;r;;;;;19.46.15;2;3;3;1;2947;;4;10;7;18;14;11;9;14;5;11;12;4;
*15DQ+~~~35B;;;;;;;19.46.15;2;3;3;1;2947;;4;10;7;18;14;11;9;14;5;11;12;4;
*07EN+~~F;;;;;;;19.46.15;2;3;3;1;2947;;4;10;7;18;14;11;9;14;5;11;12;4;
*18AT#W4~45~H;p;p;;;;;19.46.20;2;3;3;1;2950;;4;10;7;18;14;11;9;14;5;11;12;4;
a14BN/~~~~2;p;;;;;;19.46.20;2;3;3;1;2950;;4;10;7;18;14;11;9;14;5;11;12;4;
*p15:13;;;;;;;19.46.27;2;3;3;1;2954;;4;10;7;18;14;11;9;14;5;11;12;4;
*04SH-~~~15B;;;;;;;19.47.49;2;3;3;1;3043;;4;10;7;18;14;11;9;14;5;11;12;4;
a01RH#~~~15B;;;;;;;19.47.49;2;3;3;1;3043;;4;10;7;18;14;11;9;14;5;11;12;4;
a05EQ+K1C~2~2;;;;;;;19.47.49;2;3;3;1;3043;;4;10;7;18;14;11;9;14;5;11;12;4;
a14AQ#J1~37~H;s;r;;;;;19.47.56;2;3;3;1;3046;;4;10;7;18;14;11;9;14;5;11;12;4;
*18BQ/~~~~3;s;;;;;;19.47.56;2;3;3;1;3046;;4;10;7;18;14;11;9;14;5;11;12;4;
ap15:14;;;;;;;19.48.04;2;3;3;1;3050;;4;10;7;18;14;11;9;14;5;11;12;4;
az2;;;;;;;19.48.04;2;3;2;1;3058;;4;10;7;18;14;11;14;5;11;12;4;9;
a14SH=~~~51D;s;;;;;;19.48.21;2;3;2;1;3075;;4;10;7;18;14;11;14;5;11;12;4;9;
*$$&H#;s;;;;;;19.48.21;2;3;2;1;3075;;4;10;7;18;14;11;14;5;11;12;4;9;
*p16:14;;;;;;;19.48.24;2;3;2;1;3079;;4;10;7;18;14;11;14;5;11;12;4;9;
*z2;;;;;;;19.48.24;2;2;2;1;3078;;10;7;18;14;11;4;14;5;11;12;4;9;
*10SQ/~~~17BP~N;;;;;;;19.48.49;2;2;2;1;3103;;10;7;18;14;11;4;14;5;11;12;4;9;
a12RQ/~~~17B;;;;;;;19.48.49;2;2;2;1;3103;;10;7;18;14;11;4;14;5;11;12;4;9;
a05FH-;;;;;;;19.48.57;2;2;2;1;3106;;10;7;18;14;11;4;14;5;11;12;4;9;
*07EN+~~F;;;;;;;19.48.57;2;2;2;1;3106;;10;7;18;14;11;4;14;5;11;12;4;9;
*18AT-W4~41~H;;p;;;;;19.49.00;2;2;2;1;3109;;10;7;18;14;11;4;14;5;11;12;4;9;
a05BN+~~~~2;;;;;;;19.49.00;2;2;2;1;3109;;10;7;18;14;11;4;14;5;11;12;4;9;
*04FH=;s;;;;;;19.49.02;2;2;2;1;3112;;10;7;18;14;11;4;14;5;11;12;4;9;
a$$&H#;s;;;;;;19.49.02;2;2;2;1;3112;;10;7;18;14;11;4;14;5;11;12;4;9;
ap16:15;;;;;;;19.49.12;2;2;2;1;3118;;10;7;18;14;11;4;14;5;11;12;4;9;
az1;;;;;;;19.49.12;2;2;1;1;3126;;10;7;18;14;11;4;5;11;12;4;9;14;
a05SQ-~~~15B;;;;;;;19.49.38;2;2;1;1;3152;;10;7;18;14;11;4;5;11;12;4;9;14;
*18RQ+~~~15B;;;;;;;19.49.38;2;2;1;1;3152;;10;7;18;14;11;4;5;11;12;4;9;14;
*07EQ+K1C~3~2;;;;;;;19.49.38;2;2;1;1;3152;;10;7;18;14;11;4;5;11;12;4;9;14;
*14AQ#J4~31CH;s;r;;;;;19.49.44;2;2;1;1;3155;;10;7;18;14;11;4;5;11;12;4;9;14;
a$$&H=;s;;;;;;19.49.44;2;2;1;1;3155;;10;7;18;14;11;4;5;11;12;4;9;14;
*p17:15;;;;;;;19.49.46;2;2;1;1;3159;;10;7;18;14;11;4;5;11;12;4;9;14;
*z1;;;;;;;19.49.46;2;1;1;1;3160;;7;18;14;11;4;10;5;11;12;4;9;14;
*07SH-~~~11C;;;;;;;19.50.03;2;1;1;1;3177;;7;18;14;11;4;10;5;11;12;4;9;14;
a11RH#~~~11C;;;;;;;19.50.03;2;1;1;1;3177;;7;18;14;11;4;10;5;11;12;4;9;14;
a05EN+K1F~3~2;;;;;;;19.50.03;2;1;1;1;3177;;7;18;14;11;4;10;5;11;12;4;9;14;
a04AT#W4~47BH;s;r;;;;;19.50.09;2;1;1;1;3180;;7;18;14;11;4;10;5;11;12;4;9;14;
*$$&H=;s;;;;;;19.50.09;2;1;1;1;3180;;7;18;14;11;4;10;5;11;12;4;9;14;
ap17:16;;;;;;;19.50.11;2;1;1;1;3184;;7;18;14;11;4;10;5;11;12;4;9;14;
az6;;;;;;;19.50.11;2;1;6;1;3185;;7;18;14;11;4;10;11;12;4;9;14;5;
ac09:13;;;;;;;19.50.11;2;1;6;1;3185;;7;18;14;11;4;10;11;12;4;13;14;5;
a11SH-~~~19D;;;;;;;19.50.37;2;1;6;1;3211;;7;18;14;11;4;10;11;12;4;13;14;5;
*18RH#~~~19D;;;;;;;19.50.37;2;1;6;1;3211;;7;18;14;11;4;10;11;12;4;13;14;5;
*07ET+K1P~2~2;;;;;;;19.50.37;2;1;6;1;3211;;7;18;14;11;4;10;11;12;4;13;14;5;
*04AT#Y8~85BH;s;r;;;;;19.50.42;2;1;6;1;3214;;7;18;14;11;4;10;11;12;4;13;14;5;
a01DT=~~~85B;s;;;;;;19.50.42;2;1;6;1;3214;;7;18;14;11;4;10;11;12;4;13;14;5;
*p18:16;;;;;;;19.50.46;2;1;6;1;3218;;7;18;14;11;4;10;11;12;4;13;14;5;
*z6;;;;;;;19.50.46;2;6;6;1;3220;;18;14;11;4;10;7;11;12;4;13;14;5;
*18ST+~~~62~~~N;;;;;;;19.51.01;2;6;6;1;3235;;18;14;11;4;10;7;11;12;4;13;14;5;
a05RT-~~~62;;;;;;;19.51.01;2;6;6;1;3235;;18;14;11;4;10;7;11;12;4;13;14;5;
a12EH+~~B~~~2;;;;;;;19.51.01;2;6;6;1;3235;;18;14;11;4;10;7;11;12;4;13;14;5;
a04AH#G2~21BH;s;r;;;;;19.51.15;2;6;6;1;3238;;18;14;11;4;10;7;11;12;4;13;14;5;
*11BH/~~~~4;s;;;;;;19.51.15;2;6;6;1;3238;;18;14;11;4;10;7;11;12;4;13;14;5;
ap18:17;;;;;;;19.51.20;2;6;6;1;3242;;18;14;11;4;10;7;11;12;4;13;14;5;
az5;;;;;;;19.51.20;2;6;5;1;3254;;18;14;11;4;10;7;12;4;13;14;5;11;
ac12:07;;;;;;;19.51.20;2;6;5;1;3254;;18;14;11;4;10;7;7;4;13;14;5;11;
a07SQ=~~~56D;s;;;;;;19.51.51;2;6;5;1;3285;;18;14;11;4;10;7;7;4;13;14;5;11;
*$$&H#;s;;;;;;19.51.51;2;6;5;1;3285;;18;14;11;4;10;7;7;4;13;14;5;11;
*p19:17;;;;;;;19.51.57;2;6;5;1;3291;;18;14;11;4;10;7;7;4;13;14;5;11;
*z5;;;;;;;19.51.57;2;5;5;1;3291;;14;11;4;10;7;18;7;4;13;14;5;11;
ac07:12;;;;;;;19.51.57;2;5;5;1;3291;;14;11;4;10;7;18;12;4;13;14;5;11;
*14SH+~~~56C;;;;;;;19.52.18;2;5;5;1;3312;;14;11;4;10;7;18;12;4;13;14;5;11;
a11RH-~~~56C;;;;;;;19.52.18;2;5;5;1;3312;;14;11;4;10;7;18;12;4;13;14;5;11;
a05EH+~~B;;;;;;;19.52.18;2;5;5;1;3312;;14;11;4;10;7;18;12;4;13;14;5;11;
a04AH-G2~28AP;;r;;;;;19.52.23;2;5;5;1;3315;;14;11;4;10;7;18;12;4;13;14;5;11;
*07DH+~~~28A;;;;;;;19.52.23;2;5;5;1;3315;;14;11;4;10;7;18;12;4;13;14;5;11;
*18EH+~~F~~~2;;;;;;;19.52.23;2;5;5;1;3315;;14;11;4;10;7;18;12;4;13;14;5;11;
*04AH#G4~45~H;p;p;;;;;19.52.34;2;5;5;1;3318;;14;11;4;10;7;18;12;4;13;14;5;11;
a13BH/~~~~2;p;;;;;;19.52.34;2;5;5;1;3318;;14;11;4;10;7;18;12;4;13;14;5;11;
*p20:17;;;;;;;19.52.39;2;5;5;1;3324;;14;11;4;10;7;18;12;4;13;14;5;11;
aT;;;;;;;19.52.39;2;5;5;1;3333;;14;11;4;10;7;18;12;4;13;14;5;11;
ac11:17;;;;;;;19.52.39;2;5;5;1;3333;;14;11;4;10;7;18;12;4;13;14;5;17;
*14SH+~~~56A;;;;;;;19.53.52;2;5;5;1;3406;;14;11;4;10;7;18;12;4;13;14;5;17;
a17RH-~~~56AO;;;;;;;19.53.52;2;5;5;1;3406;;14;11;4;10;7;18;12;4;13;14;5;17;
a05EH+~~B;;;;;;;19.53.52;2;5;5;1;3406;;14;11;4;10;7;18;12;4;13;14;5;17;
a04AH#G2~29DH;s;r;;;;;19.53.59;2;5;5;1;3409;;14;11;4;10;7;18;12;4;13;14;5;17;
*10BH/~~~~4;s;;;;;;19.53.59;2;5;5;1;3409;;14;11;4;10;7;18;12;4;13;14;5;17;
ap20:18;;;;;;;19.54.08;2;5;5;1;3414;;14;11;4;10;7;18;12;4;13;14;5;17;
az4;;;;;;;19.54.08;2;5;4;1;3422;;14;11;4;10;7;18;4;13;14;5;17;12;
a04SQ!~~~16C;;;;;;;19.54.19;2;5;4;1;3433;;14;11;4;10;7;18;4;13;14;5;17;12;
*18RQ+~~~16C;;;;;;;19.54.19;2;5;4;1;3433;;14;11;4;10;7;18;4;13;14;5;17;12;
*07EQ+KBC~2~2;;;;;;;19.54.19;2;5;4;1;3433;;14;11;4;10;7;18;4;13;14;5;17;12;
*10AQ#J1~35BH;s;r;;;;;19.54.26;2;5;4;1;3436;;14;11;4;10;7;18;4;13;14;5;17;12;
a01DQ=~~~35B;s;;;;;;19.54.26;2;5;4;1;3436;;14;11;4;10;7;18;4;13;14;5;17;12;
*p21:18;;;;;;;19.54.29;2;5;4;1;3441;;14;11;4;10;7;18;4;13;14;5;17;12;
*z4;;;;;;;19.54.29;2;4;4;1;3443;;11;4;10;7;18;14;4;13;14;5;17;12;
*11SQ=~~~66A;s;;;;;;19.54.44;2;4;4;1;3458;;11;4;10;7;18;14;4;13;14;5;17;12;
a$$&H#;s;;;;;;19.54.44;2;4;4;1;3458;;11;4;10;7;18;14;4;13;14;5;17;12;
ap21:19;;;;;;;19.54.49;2;4;4;1;3463;;11;4;10;7;18;14;4;13;14;5;17;12;
az3;;;;;;;19.54.49;2;4;3;1;3463;;11;4;10;7;18;14;13;14;5;17;12;4;
ac17:11;;;;;;;19.54.49;2;4;3;1;3463;;11;4;10;7;18;14;13;14;5;11;12;4;
a13SQ=~~~11~~~N;s;;;;;;19.55.17;2;4;3;1;3491;;11;4;10;7;18;14;13;14;5;11;12;4;
*$$&H#;s;;;;;;19.55.17;2;4;3;1;3491;;11;4;10;7;18;14;13;14;5;11;12;4;
*p22:19;;;;;;;19.55.21;2;4;3;1;3496;;11;4;10;7;18;14;13;14;5;11;12;4;
*z3;;;;;;;19.55.21;2;3;3;1;3495;;4;10;7;18;14;11;13;14;5;11;12;4;
*c07:08;;;;;;;19.55.21;2;3;3;1;3495;;4;10;8;18;14;11;13;14;5;11;12;4;
*c11:16;;;;;;;19.55.21;2;3;3;1;3495;;4;10;8;18;14;16;13;14;5;11;12;4;
*P16;;;;;;;19.55.21;2;3;3;1;3495;;4;10;8;18;14;16;13;14;5;11;12;4;
*z6;;;;;;;19.55.21;2;6;3;1;3495;;4;10;8;18;14;16;13;14;5;11;12;4;
ac13:09;;;;;;;19.55.21;2;6;3;1;3495;;4;10;8;18;14;16;9;14;5;11;12;4;
*04SQ/~~~66D;;;;;;;19.56.05;2;6;3;1;3539;;4;10;8;18;14;16;9;14;5;11;12;4;
a01RQ/~~~66D;;;;;;;19.56.05;2;6;3;1;3539;;4;10;8;18;14;16;9;14;5;11;12;4;
*10AO#V3~36CH;p;p;;;;;19.56.05;2;6;3;1;3541;;4;10;8;18;14;16;9;14;5;11;12;4;
a$$&H=;p;;;;;;19.56.05;2;6;3;1;3541;;4;10;8;18;14;16;9;14;5;11;12;4;
*p23:19;;;;;;;19.56.20;2;6;3;1;3545;;4;10;8;18;14;16;9;14;5;11;12;4;
*04SQ-~~~61C;;;;;;;19.56.28;2;6;3;1;3562;;4;10;8;18;14;16;9;14;5;11;12;4;
a09RQ#~~~61C;;;;;;;19.56.28;2;6;3;1;3562;;4;10;8;18;14;16;9;14;5;11;12;4;
a05EN+K1B~2~2;;;;;;;19.56.28;2;6;3;1;3562;;4;10;8;18;14;16;9;14;5;11;12;4;
a04AT#Y9~96BH;s;r;;;;;19.56.35;2;6;3;1;3565;;4;10;8;18;14;16;9;14;5;11;12;4;
*18BN/~~~~4;s;;;;;;19.56.35;2;6;3;1;3565;;4;10;8;18;14;16;9;14;5;11;12;4;
ap23:20;;;;;;;19.56.42;2;6;3;1;3569;;4;10;8;18;14;16;9;14;5;11;12;4;
az2;;;;;;;19.56.42;2;6;2;1;3576;;4;10;8;18;14;16;14;5;11;12;4;9;
a14SH=~~~55~~~N;s;;;;;;19.57.02;2;6;2;1;3596;;4;10;8;18;14;16;14;5;11;12;4;9;
*$$&H#;s;;;;;;19.57.02;2;6;2;1;3596;;4;10;8;18;14;16;14;5;11;12;4;9;
*p24:20;;;;;;;19.57.04;2;6;2;1;3599;;4;10;8;18;14;16;14;5;11;12;4;9;
*z5;;;;;;;19.57.04;2;5;2;1;3598;;10;8;18;14;16;4;14;5;11;12;4;9;
*c18:19;;;;;;;19.57.04;2;5;2;1;3598;;10;8;19;14;16;4;14;5;11;12;4;9;
*10SQ#~~~65;p;;;;;;19.57.35;2;5;2;1;3629;;10;8;19;14;16;4;14;5;11;12;4;9;
a11RQ=~~~65;p;;;;;;19.57.35;2;5;2;1;3629;;10;8;19;14;16;4;14;5;11;12;4;9;
*p25:20;;;;;;;19.57.41;2;5;2;1;3634;;10;8;19;14;16;4;14;5;11;12;4;9;
**2set;;;;;;;19.57.41;3;5;2;1;3635;;;;;;;;;;;;;;
*P07>LUp;;;;;;;19.57.41;3;5;2;1;3635;;7;18;14;11;4;10;9;14;5;11;12;4;
*z1>LUp;;;;;;;19.57.41;3;1;2;1;3635;;7;18;14;11;4;10;9;14;5;11;12;4;
aP05>LUp;;;;;;;19.57.41;3;1;2;1;3635;;7;18;14;11;4;10;9;14;5;11;12;4;
az3>LUp;;;;;;;19.57.41;3;1;3;1;3635;;7;18;14;11;4;10;9;14;5;11;12;4;
*07SH+~~~17;;;;;;;20.01.28;3;1;3;1;3862;;7;18;14;11;4;10;9;14;5;11;12;4;
a11RH-~~~17~O;;;;;;;20.01.28;3;1;3;1;3862;;7;18;14;11;4;10;9;14;5;11;12;4;
a05EH+~~F;;;;;;;20.01.28;3;1;3;1;3862;;7;18;14;11;4;10;9;14;5;11;12;4;
a11AH-G4~46CH;;r;;;;;20.01.33;3;1;3;1;3865;;7;18;14;11;4;10;9;14;5;11;12;4;
*14BH+~~~~2;;;;;;;20.01.33;3;1;3;1;3865;;7;18;14;11;4;10;9;14;5;11;12;4;
*04DH+;;;;;;;20.01.39;3;1;3;1;3865;;7;18;14;11;4;10;9;14;5;11;12;4;
*11EH=~~~~~~2;s;;;;;;20.01.39;3;1;3;1;3865;;7;18;14;11;4;10;9;14;5;11;12;4;
a$$&H#;s;;;;;;20.01.39;3;1;3;1;3865;;7;18;14;11;4;10;9;14;5;11;12;4;
ap00:01;;;;;;;20.01.46;3;1;3;1;3870;;7;18;14;11;4;10;9;14;5;11;12;4;
az2;;;;;;;20.01.46;3;1;2;1;3880;;7;18;14;11;4;10;14;5;11;12;4;9;
a14SH+~~~57A~~N;;;;;;;20.02.12;3;1;2;1;3906;;7;18;14;11;4;10;14;5;11;12;4;9;
*04RH-~~~57A;;;;;;;20.02.12;3;1;2;1;3906;;7;18;14;11;4;10;14;5;11;12;4;9;
*07EH+~~F;;;;;;;20.02.12;3;1;2;1;3906;;7;18;14;11;4;10;14;5;11;12;4;9;
*11AH#G4~45~H;s;r;;;;;20.02.18;3;1;2;1;3909;;7;18;14;11;4;10;14;5;11;12;4;9;
a12BH/~~~~2;s;;;;;;20.02.18;3;1;2;1;3909;;7;18;14;11;4;10;14;5;11;12;4;9;
*p01:01;;;;;;;20.02.21;3;1;2;1;3913;;7;18;14;11;4;10;14;5;11;12;4;9;
*z6;;;;;;;20.02.21;3;6;2;1;3915;;18;14;11;4;10;7;14;5;11;12;4;9;
*18ST=~~~67D;s;;;;;;20.02.38;3;6;2;1;3932;;18;14;11;4;10;7;14;5;11;12;4;9;
a$$&H#;s;;;;;;20.02.38;3;6;2;1;3932;;18;14;11;4;10;7;14;5;11;12;4;9;
ap01:02;;;;;;;20.02.42;3;6;2;1;3936;;18;14;11;4;10;7;14;5;11;12;4;9;
az1;;;;;;;20.02.42;3;6;1;1;3936;;18;14;11;4;10;7;5;11;12;4;9;14;
a05SQ=~~~19A;s;;;;;;20.02.56;3;6;1;1;3950;;18;14;11;4;10;7;5;11;12;4;9;14;
*$$&H#;s;;;;;;20.02.56;3;6;1;1;3950;;18;14;11;4;10;7;5;11;12;4;9;14;
*p02:02;;;;;;;20.03.01;3;6;1;1;3956;;18;14;11;4;10;7;5;11;12;4;9;14;
*z5;;;;;;;20.03.01;3;5;1;1;3955;;14;11;4;10;7;18;5;11;12;4;9;14;
*14SH+~~~59A;;;;;;;20.03.20;3;5;1;1;3974;;14;11;4;10;7;18;5;11;12;4;9;14;
a11RH-~~~59A;;;;;;;20.03.20;3;5;1;1;3974;;14;11;4;10;7;18;5;11;12;4;9;14;
a05EH+~~B;;;;;;;20.03.20;3;5;1;1;3974;;14;11;4;10;7;18;5;11;12;4;9;14;
a11AH-G2~21~H;;r;;;;;20.03.26;3;5;1;1;3977;;14;11;4;10;7;18;5;11;12;4;9;14;
*10BH+~~~~4;;;;;;;20.03.26;3;5;1;1;3977;;14;11;4;10;7;18;5;11;12;4;9;14;
*18DH+;;;;;;;20.03.31;3;5;1;1;3977;;14;11;4;10;7;18;5;11;12;4;9;14;
*07EN+~~P;;;;;;;20.03.31;3;5;1;1;3977;;14;11;4;10;7;18;5;11;12;4;9;14;
*18AT=Y8~87DH;s;p;;;;;20.03.32;3;5;1;1;3980;;14;11;4;10;7;18;5;11;12;4;9;14;
a$$&H#;s;;;;;;20.03.32;3;5;1;1;3980;;14;11;4;10;7;18;5;11;12;4;9;14;
ap02:03;;;;;;;20.03.42;3;5;1;1;3986;;14;11;4;10;7;18;5;11;12;4;9;14;
az6;;;;;;;20.03.42;3;5;6;1;3996;;14;11;4;10;7;18;11;12;4;9;14;5;
a11SQ-~~~15B~~N;;;;;;;20.03.54;3;5;6;1;4008;;14;11;4;10;7;18;11;12;4;9;14;5;
*04RQ#~~~15B;;;;;;;20.03.54;3;5;6;1;4008;;14;11;4;10;7;18;11;12;4;9;14;5;
*07EQ+K1C~3~2;;;;;;;20.03.54;3;5;6;1;4008;;14;11;4;10;7;18;11;12;4;9;14;5;
*10AQ#J1~37AH;s;r;;;;;20.04.00;3;5;6;1;4011;;14;11;4;10;7;18;11;12;4;9;14;5;
a$$&H=;s;;;;;;20.04.00;3;5;6;1;4011;;14;11;4;10;7;18;11;12;4;9;14;5;
*p03:03;;;;;;;20.04.02;3;5;6;1;4016;;14;11;4;10;7;18;11;12;4;9;14;5;
*z4;;;;;;;20.04.02;3;4;6;1;4016;;11;4;10;7;18;14;11;12;4;9;14;5;
*11SQ-~~~66C~~N;;;;;;;20.04.15;3;4;6;1;4029;;11;4;10;7;18;14;11;12;4;9;14;5;
a01RQ#~~~66C;;;;;;;20.04.15;3;4;6;1;4029;;11;4;10;7;18;14;11;12;4;9;14;5;
a05EQ+K1C~3~2;;;;;;;20.04.15;3;4;6;1;4029;;11;4;10;7;18;14;11;12;4;9;14;5;
a12AQ#J1~31~H;s;r;;;;;20.04.24;3;4;6;1;4032;;11;4;10;7;18;14;11;12;4;9;14;5;
*10BQ/~~~~3;s;;;;;;20.04.24;3;4;6;1;4032;;11;4;10;7;18;14;11;12;4;9;14;5;
ap03:04;;;;;;;20.04.27;3;4;6;1;4036;;11;4;10;7;18;14;11;12;4;9;14;5;
az5;;;;;;;20.04.27;3;4;5;1;4041;;11;4;10;7;18;14;12;4;9;14;5;11;
a12SQ-~~~15;;;;;;;20.04.39;3;4;5;1;4053;;11;4;10;7;18;14;12;4;9;14;5;11;
*04RQ#~~~15;;;;;;;20.04.39;3;4;5;1;4053;;11;4;10;7;18;14;12;4;9;14;5;11;
*07EQ+K1C~3~2;;;;;;;20.04.39;3;4;5;1;4053;;11;4;10;7;18;14;12;4;9;14;5;11;
*10AQ#J4~31CH;s;r;;;;;20.04.45;3;4;5;1;4056;;11;4;10;7;18;14;12;4;9;14;5;11;
a$$&H=;s;;;;;;20.04.45;3;4;5;1;4056;;11;4;10;7;18;14;12;4;9;14;5;11;
*p04:04;;;;;;;20.04.46;3;4;5;1;4061;;11;4;10;7;18;14;12;4;9;14;5;11;
*z3;;;;;;;20.04.46;3;3;5;1;4060;;4;10;7;18;14;11;12;4;9;14;5;11;
*04SQ!~~~66A;;;;;;;20.05.03;3;3;5;1;4077;;4;10;7;18;14;11;12;4;9;14;5;11;
a01RQ!~~~66A;;;;;;;20.05.03;3;3;5;1;4077;;4;10;7;18;14;11;12;4;9;14;5;11;
a05EN+K1B~3~2;;;;;;;20.05.03;3;3;5;1;4077;;4;10;7;18;14;11;12;4;9;14;5;11;
a04AT#W2~26~H;s;r;;;;;20.05.10;3;3;5;1;4080;;4;10;7;18;14;11;12;4;9;14;5;11;
*18BN/~~~~4;s;;;;;;20.05.10;3;3;5;1;4080;;4;10;7;18;14;11;12;4;9;14;5;11;
ap04:05;;;;;;;20.05.12;3;3;5;1;4085;;4;10;7;18;14;11;12;4;9;14;5;11;
az4;;;;;;;20.05.12;3;3;4;1;4086;;4;10;7;18;14;11;4;9;14;5;11;12;
a04SQ=~~~61A;s;;;;;;20.05.30;3;3;4;1;4104;;4;10;7;18;14;11;4;9;14;5;11;12;
*$$&H#;s;;;;;;20.05.30;3;3;4;1;4104;;4;10;7;18;14;11;4;9;14;5;11;12;
*p05:05;;;;;;;20.05.34;3;3;4;1;4109;;4;10;7;18;14;11;4;9;14;5;11;12;
*z2;;;;;;;20.05.34;3;2;4;1;4108;;10;7;18;14;11;4;4;9;14;5;11;12;
*10SQ=~~~18~P~N;s;;;;;;20.06.02;3;2;4;1;4136;;10;7;18;14;11;4;4;9;14;5;11;12;
a$$&H#;s;;;;;;20.06.02;3;2;4;1;4136;;10;7;18;14;11;4;4;9;14;5;11;12;
ap05:06;;;;;;;20.06.07;3;2;4;1;4142;;10;7;18;14;11;4;4;9;14;5;11;12;
az3;;;;;;;20.06.07;3;2;3;1;4141;;10;7;18;14;11;4;9;14;5;11;12;4;
a09SQ=~~~66D;s;;;;;;20.06.20;3;2;3;1;4154;;10;7;18;14;11;4;9;14;5;11;12;4;
*$$&H#;s;;;;;;20.06.20;3;2;3;1;4154;;10;7;18;14;11;4;9;14;5;11;12;4;
*p06:06;;;;;;;20.06.27;3;2;3;1;4162;;10;7;18;14;11;4;9;14;5;11;12;4;
*z1;;;;;;;20.06.27;3;1;3;1;4161;;7;18;14;11;4;10;9;14;5;11;12;4;
*07SH#~~~17B;p;;;;;;20.06.37;3;1;3;1;4171;;7;18;14;11;4;10;9;14;5;11;12;4;
a11RH=~~~17B;p;;;;;;20.06.37;3;1;3;1;4171;;7;18;14;11;4;10;9;14;5;11;12;4;
*p07:06;;;;;;;20.06.42;3;1;3;1;4176;;7;18;14;11;4;10;9;14;5;11;12;4;
*07SH+~~~15A;;;;;;;20.07.11;3;1;3;1;4205;;7;18;14;11;4;10;9;14;5;11;12;4;
a01RH-~~~15A;;;;;;;20.07.11;3;1;3;1;4205;;7;18;14;11;4;10;9;14;5;11;12;4;
a05EH+~~B;;;;;;;20.07.11;3;1;3;1;4205;;7;18;14;11;4;10;9;14;5;11;12;4;
a04AH-G9~99DH;;r;;;;;20.07.18;3;1;3;1;4208;;7;18;14;11;4;10;9;14;5;11;12;4;
*07DH+~~~99D;;;;;;;20.07.18;3;1;3;1;4208;;7;18;14;11;4;10;9;14;5;11;12;4;
*15EH+~~B~~~2;;;;;;;20.07.18;3;1;3;1;4208;;7;18;14;11;4;10;9;14;5;11;12;4;
*11AH#G2~26~H;p;p;;;;;20.07.24;3;1;3;1;4211;;7;18;14;11;4;10;9;14;5;11;12;4;
a14BH/~~~~4;p;;;;;;20.07.24;3;1;3;1;4211;;7;18;14;11;4;10;9;14;5;11;12;4;
*p08:06;;;;;;;20.07.32;3;1;3;1;4217;;7;18;14;11;4;10;9;14;5;11;12;4;
*07SH-~~~19D;;;;;;;20.07.39;3;1;3;1;4233;;7;18;14;11;4;10;9;14;5;11;12;4;
a09RH#~~~19D;;;;;;;20.07.39;3;1;3;1;4233;;7;18;14;11;4;10;9;14;5;11;12;4;
a05EQ+K1C~3~2;;;;;;;20.07.39;3;1;3;1;4233;;7;18;14;11;4;10;9;14;5;11;12;4;
a14AQ#J1~35~H;s;r;;;;;20.07.44;3;1;3;1;4236;;7;18;14;11;4;10;9;14;5;11;12;4;
*14BQ/~~~~3;s;;;;;;20.07.44;3;1;3;1;4236;;7;18;14;11;4;10;9;14;5;11;12;4;
ap08:07;;;;;;;20.07.47;3;1;3;1;4241;;7;18;14;11;4;10;9;14;5;11;12;4;
az2;;;;;;;20.07.47;3;1;2;1;4241;;7;18;14;11;4;10;14;5;11;12;4;9;
a14SH-~~~51C;;;;;;;20.08.06;3;1;2;1;4260;;7;18;14;11;4;10;14;5;11;12;4;9;
*18RH#~~~51CO;;;;;;;20.08.06;3;1;2;1;4260;;7;18;14;11;4;10;14;5;11;12;4;9;
*07EQ+K1C~3~2;;;;;;;20.08.06;3;1;2;1;4260;;7;18;14;11;4;10;14;5;11;12;4;9;
*14AQ/J1~31CH;p;r;;;;;20.08.10;3;1;2;1;4263;;7;18;14;11;4;10;14;5;11;12;4;9;
a12BQ#~~~~3;p;;;;;;20.08.10;3;1;2;1;4263;;7;18;14;11;4;10;14;5;11;12;4;9;
ap08:08;;;;;;;20.08.15;3;1;2;1;4268;;7;18;14;11;4;10;14;5;11;12;4;9;
a14SH-~~~59;;;;;;;20.08.33;3;1;2;1;4287;;7;18;14;11;4;10;14;5;11;12;4;9;
*18RH#~~~59;;;;;;;20.08.33;3;1;2;1;4287;;7;18;14;11;4;10;14;5;11;12;4;9;
*07EQ+K2C~3~2;;;;;;;20.08.33;3;1;2;1;4287;;7;18;14;11;4;10;14;5;11;12;4;9;
*14AQ#J2~31CH;s;r;;;;;20.08.38;3;1;2;1;4290;;7;18;14;11;4;10;14;5;11;12;4;9;
a$$&H=;s;;;;;;20.08.38;3;1;2;1;4290;;7;18;14;11;4;10;14;5;11;12;4;9;
*p09:08;;;;;;;20.08.40;3;1;2;1;4294;;7;18;14;11;4;10;14;5;11;12;4;9;
*z6;;;;;;;20.08.40;3;6;2;1;4294;;18;14;11;4;10;7;14;5;11;12;4;9;
*18ST+~~~65B;;;;;;;20.08.56;3;6;2;1;4310;;18;14;11;4;10;7;14;5;11;12;4;9;
a11RT-~~~65B;;;;;;;20.08.56;3;6;2;1;4310;;18;14;11;4;10;7;14;5;11;12;4;9;
a05EH+~~F;;;;;;;20.08.56;3;6;2;1;4310;;18;14;11;4;10;7;14;5;11;12;4;9;
a11AH-G4~46~H;;r;;;;;20.09.02;3;6;2;1;4313;;18;14;11;4;10;7;14;5;11;12;4;9;
*14BH+~~~~2;;;;;;;20.09.02;3;6;2;1;4313;;18;14;11;4;10;7;14;5;11;12;4;9;
*15DH+;;;;;;;20.09.05;3;6;2;1;4313;;18;14;11;4;10;7;14;5;11;12;4;9;
*07EQ+~~C;;;;;;;20.09.05;3;6;2;1;4313;;18;14;11;4;10;7;14;5;11;12;4;9;
*14AQ/J4~31~H;s;p;;;;;20.09.08;3;6;2;1;4316;;18;14;11;4;10;7;14;5;11;12;4;9;
a12BQ#~~~~3;s;;;;;;20.09.08;3;6;2;1;4316;;18;14;11;4;10;7;14;5;11;12;4;9;
ap09:09;;;;;;;20.09.11;3;6;2;1;4322;;18;14;11;4;10;7;14;5;11;12;4;9;
az1;;;;;;;20.09.11;3;6;1;1;4325;;18;14;11;4;10;7;5;11;12;4;9;14;
a05SH-~~~18A;;;;;;;20.09.26;3;6;1;1;4340;;18;14;11;4;10;7;5;11;12;4;9;14;
*18RH+~~~18A;;;;;;;20.09.26;3;6;1;1;4340;;18;14;11;4;10;7;5;11;12;4;9;14;
*07EN+K1F~3~2;;;;;;;20.09.26;3;6;1;1;4340;;18;14;11;4;10;7;5;11;12;4;9;14;
*04AT/W4~42~P;p;r;;;;;20.09.31;3;6;1;1;4343;;18;14;11;4;10;7;5;11;12;4;9;14;
a04BN#~~~~2;p;;;;;;20.09.31;3;6;1;1;4343;;18;14;11;4;10;7;5;11;12;4;9;14;
ap09:10;;;;;;;20.09.33;3;6;1;1;4348;;18;14;11;4;10;7;5;11;12;4;9;14;
a05SH-~~~17D;;;;;;;20.09.47;3;6;1;1;4361;;18;14;11;4;10;7;5;11;12;4;9;14;
*04RH+~~~17DO;;;;;;;20.09.47;3;6;1;1;4361;;18;14;11;4;10;7;5;11;12;4;9;14;
*07EN+KCB~3~2;;;;;;;20.09.47;3;6;1;1;4361;;18;14;11;4;10;7;5;11;12;4;9;14;
*11AT-W2~21CH;;r;;;;;20.09.52;3;6;1;1;4364;;18;14;11;4;10;7;5;11;12;4;9;14;
a05DN+~~~21C;;;;;;;20.09.52;3;6;1;1;4364;;18;14;11;4;10;7;5;11;12;4;9;14;
a09EH+~~F~~~2;;;;;;;20.09.52;3;6;1;1;4364;;18;14;11;4;10;7;5;11;12;4;9;14;
a11AH-G4~44~T;;p;;;;;20.09.57;3;6;1;1;4367;;18;14;11;4;10;7;5;11;12;4;9;14;
*04DH+~~~44;;;;;;;20.09.57;3;6;1;1;4367;;18;14;11;4;10;7;5;11;12;4;9;14;
*07EN+~~B;;;;;;;20.09.57;3;6;1;1;4367;;18;14;11;4;10;7;5;11;12;4;9;14;
*11AT#W2~29AH;s;s;;;;;20.10.00;3;6;1;1;4370;;18;14;11;4;10;7;5;11;12;4;9;14;
a$$&H=;s;;;;;;20.10.00;3;6;1;1;4370;;18;14;11;4;10;7;5;11;12;4;9;14;
*p10:10;;;;;;;20.10.03;3;6;1;1;4375;;18;14;11;4;10;7;5;11;12;4;9;14;
*z5;;;;;;;20.10.03;3;5;1;1;4377;;14;11;4;10;7;18;5;11;12;4;9;14;
*14SH=~~~51D;s;;;;;;20.10.24;3;5;1;1;4398;;14;11;4;10;7;18;5;11;12;4;9;14;
a$$&H#;s;;;;;;20.10.24;3;5;1;1;4398;;14;11;4;10;7;18;5;11;12;4;9;14;
ap10:11;;;;;;;20.10.29;3;5;1;1;4404;;14;11;4;10;7;18;5;11;12;4;9;14;
az6;;;;;;;20.10.29;3;5;6;1;4403;;14;11;4;10;7;18;11;12;4;9;14;5;
a11SQ=~~~16D;s;;;;;;20.10.49;3;5;6;1;4423;;14;11;4;10;7;18;11;12;4;9;14;5;
*$$&H#;s;;;;;;20.10.49;3;5;6;1;4423;;14;11;4;10;7;18;11;12;4;9;14;5;
*p11:11;;;;;;;20.10.53;3;5;6;1;4428;;14;11;4;10;7;18;11;12;4;9;14;5;
*z4;;;;;;;20.10.53;3;4;6;1;4427;;11;4;10;7;18;14;11;12;4;9;14;5;
*11SQ!~~~66B;;;;;;;20.11.07;3;4;6;1;4441;;11;4;10;7;18;14;11;12;4;9;14;5;
a01RQ!~~~66B;;;;;;;20.11.07;3;4;6;1;4441;;11;4;10;7;18;14;11;12;4;9;14;5;
a05EQ+K1C~2~2;;;;;;;20.11.07;3;4;6;1;4441;;11;4;10;7;18;14;11;12;4;9;14;5;
a12AQ/J1~38~H;p;r;;;;;20.11.18;3;4;6;1;4444;;11;4;10;7;18;14;11;12;4;9;14;5;
*10BQ#~~~~3;p;;;;;;20.11.18;3;4;6;1;4444;;11;4;10;7;18;14;11;12;4;9;14;5;
*p12:11;;;;;;;20.11.23;3;4;6;1;4449;;11;4;10;7;18;14;11;12;4;9;14;5;
*11SQ-~~~68~~~N;;;;;;;20.11.30;3;4;6;1;4464;;11;4;10;7;18;14;11;12;4;9;14;5;
a01RQ#~~~68;;;;;;;20.11.30;3;4;6;1;4464;;11;4;10;7;18;14;11;12;4;9;14;5;
a05EN+K1F~2~2;;;;;;;20.11.30;3;4;6;1;4464;;11;4;10;7;18;14;11;12;4;9;14;5;
a09AT-W4~41~H;;r;;;;;20.11.38;3;4;6;1;4467;;11;4;10;7;18;14;11;12;4;9;14;5;
*07BN+~~~~2;;;;;;;20.11.38;3;4;6;1;4467;;11;4;10;7;18;14;11;12;4;9;14;5;
*11DH+;;;;;;;20.11.41;3;4;6;1;4467;;11;4;10;7;18;14;11;12;4;9;14;5;
*15EH=~~~~~~2;s;;;;;;20.11.41;3;4;6;1;4467;;11;4;10;7;18;14;11;12;4;9;14;5;
a$$&H#;s;;;;;;20.11.41;3;4;6;1;4467;;11;4;10;7;18;14;11;12;4;9;14;5;
ap12:12;;;;;;;20.12.15;3;4;6;1;4476;;11;4;10;7;18;14;11;12;4;9;14;5;
az5;;;;;;;20.12.15;3;4;5;1;4509;;11;4;10;7;18;14;12;4;9;14;5;11;
a12SQ=~~~11D;s;;;;;;20.12.37;3;4;5;1;4530;;11;4;10;7;18;14;12;4;9;14;5;11;
*$$&H#;s;;;;;;20.12.37;3;4;5;1;4530;;11;4;10;7;18;14;12;4;9;14;5;11;
*p13:12;;;;;;;20.12.39;3;4;5;1;4534;;11;4;10;7;18;14;12;4;9;14;5;11;
*z3;;;;;;;20.12.39;3;3;5;1;4533;;4;10;7;18;14;11;12;4;9;14;5;11;
*04SQ+~~~66D;;;;;;;20.12.55;3;3;5;1;4549;;4;10;7;18;14;11;12;4;9;14;5;11;
a11RQ-~~~66D;;;;;;;20.12.55;3;3;5;1;4549;;4;10;7;18;14;11;12;4;9;14;5;11;
a05EH+~~F;;;;;;;20.12.55;3;3;5;1;4549;;4;10;7;18;14;11;12;4;9;14;5;11;
a09AH-G4~48~P~N;;r;;;;;20.13.02;3;3;5;1;4552;;4;10;7;18;14;11;12;4;9;14;5;11;
*18DH+~~~48;;;;;;;20.13.02;3;3;5;1;4552;;4;10;7;18;14;11;12;4;9;14;5;11;
*07EN+~~F;;;;;;;20.13.02;3;3;5;1;4552;;4;10;7;18;14;11;12;4;9;14;5;11;
*18AT=W4~45~H;s;p;;;;;20.13.07;3;3;5;1;4555;;4;10;7;18;14;11;12;4;9;14;5;11;
a$$&H#;s;;;;;;20.13.07;3;3;5;1;4555;;4;10;7;18;14;11;12;4;9;14;5;11;
ap13:13;;;;;;;20.13.15;3;3;5;1;4561;;4;10;7;18;14;11;12;4;9;14;5;11;
az4;;;;;;;20.13.15;3;3;4;1;4569;;4;10;7;18;14;11;4;9;14;5;11;12;
ac05:07;;;;;;;20.13.15;3;3;4;1;4569;;4;10;7;18;14;11;4;9;14;7;11;12;
aP7;;;;;;;20.13.15;3;3;4;1;4569;;4;10;7;18;14;11;4;9;14;7;11;12;
az4;;;;;;;20.13.15;3;3;4;1;4569;;4;10;7;18;14;11;4;9;14;7;11;12;
a04SH!~~~11C;;;;;;;20.13.44;3;3;4;1;4598;;4;10;7;18;14;11;4;9;14;7;11;12;
*18RH!~~~11C;;;;;;;20.13.44;3;3;4;1;4598;;4;10;7;18;14;11;4;9;14;7;11;12;
*07ET+KBS;;;;;;;20.13.44;3;3;4;1;4598;;4;10;7;18;14;11;4;9;14;7;11;12;
*07AO+JJ~3~~T;;r;;;;;20.13.53;3;3;4;1;4600;;4;10;7;18;14;11;4;9;14;7;11;12;
a04DO-~~~~3;;;;;;;20.13.53;3;3;4;1;4600;;4;10;7;18;14;11;4;9;14;7;11;12;
a04FH-;;;;;;;20.13.57;3;3;4;1;4603;;4;10;7;18;14;11;4;9;14;7;11;12;
*04DH+;;;;;;;20.14.01;3;3;4;1;4603;;4;10;7;18;14;11;4;9;14;7;11;12;
*07EN+~~B;;;;;;;20.14.01;3;3;4;1;4603;;4;10;7;18;14;11;4;9;14;7;11;12;
*11AT#Y9~95~H;s;s;;;;;20.14.02;3;3;4;1;4606;;4;10;7;18;14;11;4;9;14;7;11;12;
a09BN/~~~~4;s;;;;;;20.14.02;3;3;4;1;4606;;4;10;7;18;14;11;4;9;14;7;11;12;
*p14:13;;;;;;;20.14.06;3;3;4;1;4611;;4;10;7;18;14;11;4;9;14;7;11;12;
*z2;;;;;;;20.14.06;3;2;4;1;4620;;10;7;18;14;11;4;4;9;14;7;11;12;
ac07:05;;;;;;;20.14.06;3;2;4;1;4620;;10;7;18;14;11;4;4;9;14;5;11;12;
aP5;;;;;;;20.14.06;3;2;4;1;4620;;10;7;18;14;11;4;4;9;14;5;11;12;
az4;;;;;;;20.14.06;3;2;4;1;4620;;10;7;18;14;11;4;4;9;14;5;11;12;
*10SQ=~~~11~P~N;s;;;;;;20.14.28;3;2;4;1;4642;;10;7;18;14;11;4;4;9;14;5;11;12;
a$$&H#;s;;;;;;20.14.28;3;2;4;1;4642;;10;7;18;14;11;4;4;9;14;5;11;12;
ap14:14;;;;;;;20.14.32;3;2;4;1;4647;;10;7;18;14;11;4;4;9;14;5;11;12;
az3;;;;;;;20.14.32;3;2;3;1;4646;;10;7;18;14;11;4;9;14;5;11;12;4;
a09SH-~~~16C;;;;;;;20.14.45;3;2;3;1;4658;;10;7;18;14;11;4;9;14;5;11;12;4;
*04RH#~~~16C;;;;;;;20.14.45;3;2;3;1;4658;;10;7;18;14;11;4;9;14;5;11;12;4;
*07EQ+K2C~2~2;;;;;;;20.14.45;3;2;3;1;4658;;10;7;18;14;11;4;9;14;5;11;12;4;
*14AQ+J2~35~H;;r;;;;;20.14.49;3;2;3;1;4661;;10;7;18;14;11;4;9;14;5;11;12;4;
a14BQ-~~~~3;;;;;;;20.14.49;3;2;3;1;4661;;10;7;18;14;11;4;9;14;5;11;12;4;
*11DH+;;;;;;;20.14.55;3;2;3;1;4661;;10;7;18;14;11;4;9;14;5;11;12;4;
*04EO+~~~~~~2;;;;;;;20.14.55;3;2;3;1;4661;;10;7;18;14;11;4;9;14;5;11;12;4;
*14AO#V4~4~~H;s;s;;;;;20.14.59;3;2;3;1;4664;;10;7;18;14;11;4;9;14;5;11;12;4;
a$$&H=;s;;;;;;20.14.59;3;2;3;1;4664;;10;7;18;14;11;4;9;14;5;11;12;4;
*p15:14;;;;;;;20.15.00;3;2;3;1;4669;;10;7;18;14;11;4;9;14;5;11;12;4;
*z1;;;;;;;20.15.00;3;1;3;1;4674;;7;18;14;11;4;10;9;14;5;11;12;4;
*07SH!~~~11C;;;;;;;20.15.10;3;1;3;1;4684;;7;18;14;11;4;10;9;14;5;11;12;4;
a09RH!~~~11CO;;;;;;;20.15.10;3;1;3;1;4684;;7;18;14;11;4;10;9;14;5;11;12;4;
a04AT+Y9~95;;r;;;;;20.15.10;3;1;3;1;4687;;7;18;14;11;4;10;9;14;5;11;12;4;
*15DT-~~~95;;;;;;;20.15.10;3;1;3;1;4687;;7;18;14;11;4;10;9;14;5;11;12;4;
*18EH-~~~~~~2;;;;;;;20.15.10;3;1;3;1;4687;;7;18;14;11;4;10;9;14;5;11;12;4;
*07FH-;;;;;;;20.15.22;3;1;3;1;4690;;7;18;14;11;4;10;9;14;5;11;12;4;
a01DH+;;;;;;;20.15.24;3;1;3;1;4690;;7;18;14;11;4;10;9;14;5;11;12;4;
a05EN+~~B;;;;;;;20.15.24;3;1;3;1;4690;;7;18;14;11;4;10;9;14;5;11;12;4;
a04AT#Y9~91~H;s;s;;;;;20.15.26;3;1;3;1;4693;;7;18;14;11;4;10;9;14;5;11;12;4;
*14BN/~~~~4;s;;;;;;20.15.26;3;1;3;1;4693;;7;18;14;11;4;10;9;14;5;11;12;4;
ap15:15;;;;;;;20.15.28;3;1;3;1;4701;;7;18;14;11;4;10;9;14;5;11;12;4;
az2;;;;;;;20.15.28;3;1;2;1;4702;;7;18;14;11;4;10;14;5;11;12;4;9;
a14SH-~~~57A;;;;;;;20.15.50;3;1;2;1;4724;;7;18;14;11;4;10;14;5;11;12;4;9;
*04RH#~~~57AO;;;;;;;20.15.50;3;1;2;1;4724;;7;18;14;11;4;10;14;5;11;12;4;9;
*07EN+K1F~2~2;;;;;;;20.15.50;3;1;2;1;4724;;7;18;14;11;4;10;14;5;11;12;4;9;
*11AT-W4~46CH;;r;;;;;20.15.55;3;1;2;1;4727;;7;18;14;11;4;10;14;5;11;12;4;9;
a09DN+~~~46C;;;;;;;20.15.55;3;1;2;1;4727;;7;18;14;11;4;10;14;5;11;12;4;9;
a05EH+~~F~~~2;;;;;;;20.15.55;3;1;2;1;4727;;7;18;14;11;4;10;14;5;11;12;4;9;
a11AH-G4~45~H;;p;;;;;20.15.55;3;1;2;1;4730;;7;18;14;11;4;10;14;5;11;12;4;9;
*15DH+~~~45;;;;;;;20.15.55;3;1;2;1;4730;;7;18;14;11;4;10;14;5;11;12;4;9;
*07EH+~~F;;;;;;;20.15.55;3;1;2;1;4730;;7;18;14;11;4;10;14;5;11;12;4;9;
*11AH=G4~4~~H~ZINVAD;p;s;;;;;20.15.59;3;1;2;1;4733;;7;18;14;11;4;10;14;5;11;12;4;9;
a$$&H#;p;;;;;;20.15.59;3;1;2;1;4733;;7;18;14;11;4;10;14;5;11;12;4;9;
ap15:16;;;;;;;20.16.18;3;1;2;1;4741;;7;18;14;11;4;10;14;5;11;12;4;9;
a14SH!~~~55B;;;;;;;20.19.29;3;1;2;1;4943;;7;18;14;11;4;10;14;5;11;12;4;9;
*15RH!~~~55B;;;;;;;20.19.29;3;1;2;1;4943;;7;18;14;11;4;10;14;5;11;12;4;9;
*07EN+KFF~4~2;;;;;;;20.19.29;3;1;2;1;4943;;7;18;14;11;4;10;14;5;11;12;4;9;
*11AT+W4~41~H;;r;;;;;20.19.36;3;1;2;1;4946;;7;18;14;11;4;10;14;5;11;12;4;9;
a05BN-~~~~2;;;;;;;20.19.36;3;1;2;1;4946;;7;18;14;11;4;10;14;5;11;12;4;9;
a04DH+;;;;;;;20.19.43;3;1;2;1;4946;;7;18;14;11;4;10;14;5;11;12;4;9;
a14EH+~~~~~~2;;;;;;;20.19.43;3;1;2;1;4946;;7;18;14;11;4;10;14;5;11;12;4;9;
a05FH-;;;;;;;20.19.45;3;1;2;1;4949;;7;18;14;11;4;10;14;5;11;12;4;9;
*15DH+;;;;;;;20.19.47;3;1;2;1;4949;;7;18;14;11;4;10;14;5;11;12;4;9;
*07EN+~~P;;;;;;;20.19.47;3;1;2;1;4949;;7;18;14;11;4;10;14;5;11;12;4;9;
*04AT-Y8~81~H;;s;;;;;20.19.48;3;1;2;1;4952;;7;18;14;11;4;10;14;5;11;12;4;9;
a04DN+~~~81;;;;;;;20.19.48;3;1;2;1;4952;;7;18;14;11;4;10;14;5;11;12;4;9;
a11EH+~~P;;;;;;;20.19.48;3;1;2;1;4952;;7;18;14;11;4;10;14;5;11;12;4;9;
a09AH#G8~85~H;p;p;;;;;20.19.53;3;1;2;1;4956;;7;18;14;11;4;10;14;5;11;12;4;9;
*11BH/~~~~3;p;;;;;;20.19.53;3;1;2;1;4956;;7;18;14;11;4;10;14;5;11;12;4;9;
ap15:17;;;;;;;20.19.56;3;1;2;1;4961;;7;18;14;11;4;10;14;5;11;12;4;9;
*T;;;;;;;20.19.56;3;1;2;1;4970;;7;18;14;11;4;10;14;5;11;12;4;9;
a14SH-~~~55B;;;;;;;20.21.17;3;1;2;1;5051;;7;18;14;11;4;10;14;5;11;12;4;9;
*15RH#~~~55B;;;;;;;20.21.17;3;1;2;1;5051;;7;18;14;11;4;10;14;5;11;12;4;9;
*07EN+K1B~3~2;;;;;;;20.21.17;3;1;2;1;5051;;7;18;14;11;4;10;14;5;11;12;4;9;
*18AT#W2~25~H;s;r;;;;;20.21.22;3;1;2;1;5054;;7;18;14;11;4;10;14;5;11;12;4;9;
a11BN/~~~~4;s;;;;;;20.21.22;3;1;2;1;5054;;7;18;14;11;4;10;14;5;11;12;4;9;
*p16:17;;;;;;;20.21.30;3;1;2;1;5058;;7;18;14;11;4;10;14;5;11;12;4;9;
*z6;;;;;;;20.22.41;3;6;2;1;5135;;18;14;11;4;10;7;14;5;11;12;4;9;
*18ST+~~~65B;;;;;;;20.23.07;3;6;2;1;5161;;18;14;11;4;10;7;14;5;11;12;4;9;
a11RT-~~~65B;;;;;;;20.23.07;3;6;2;1;5161;;18;14;11;4;10;7;14;5;11;12;4;9;
a09EH+~~B~~~2;;;;;;;20.23.07;3;6;2;1;5161;;18;14;11;4;10;7;14;5;11;12;4;9;
a04AH/G9~91~H;p;r;;;;;20.23.15;3;6;2;1;5164;;18;14;11;4;10;7;14;5;11;12;4;9;
*14BH#~~~~4;p;;;;;;20.23.15;3;6;2;1;5164;;18;14;11;4;10;7;14;5;11;12;4;9;
*p17:17;;;;;;;20.23.23;3;6;2;1;5169;;18;14;11;4;10;7;14;5;11;12;4;9;
*18ST=~~~65~~~N;s;;;;;;20.23.36;3;6;2;1;5190;;18;14;11;4;10;7;14;5;11;12;4;9;
a$$&H#;s;;;;;;20.23.36;3;6;2;1;5190;;18;14;11;4;10;7;14;5;11;12;4;9;
ap17:18;;;;;;;20.23.39;3;6;2;1;5194;;18;14;11;4;10;7;14;5;11;12;4;9;
az1;;;;;;;20.23.39;3;6;1;1;5193;;18;14;11;4;10;7;5;11;12;4;9;14;
a05SQ-~~~16C;;;;;;;20.23.58;3;6;1;1;5212;;18;14;11;4;10;7;5;11;12;4;9;14;
*15RQ#~~~16C;;;;;;;20.23.58;3;6;1;1;5212;;18;14;11;4;10;7;5;11;12;4;9;14;
*07EN+K1P~3~2;;;;;;;20.23.58;3;6;1;1;5212;;18;14;11;4;10;7;5;11;12;4;9;14;
*18AT/Y8~81DH;p;r;;;;;20.24.04;3;6;1;1;5215;;18;14;11;4;10;7;5;11;12;4;9;14;
a12BN#~~~~3;p;;;;;;20.24.04;3;6;1;1;5215;;18;14;11;4;10;7;5;11;12;4;9;14;
ap17:19;;;;;;;20.24.08;3;6;1;1;5219;;18;14;11;4;10;7;5;11;12;4;9;14;
a05SQ!~~~15B;;;;;;;20.24.20;3;6;1;1;5235;;18;14;11;4;10;7;5;11;12;4;9;14;
*04RQ+~~~15B;;;;;;;20.24.20;3;6;1;1;5235;;18;14;11;4;10;7;5;11;12;4;9;14;
*07EQ+K1C~3~2;;;;;;;20.24.20;3;6;1;1;5235;;18;14;11;4;10;7;5;11;12;4;9;14;
*14AQ#J4~35BH;s;r;;;;;20.24.28;3;6;1;1;5238;;18;14;11;4;10;7;5;11;12;4;9;14;
a$$&H=;s;;;;;;20.24.28;3;6;1;1;5238;;18;14;11;4;10;7;5;11;12;4;9;14;
*p18:19;;;;;;;20.24.30;3;6;1;1;5242;;18;14;11;4;10;7;5;11;12;4;9;14;
*z5;;;;;;;20.24.30;3;5;1;1;5244;;14;11;4;10;7;18;5;11;12;4;9;14;
*14SH!~~~59;;;;;;;20.24.47;3;5;1;1;5261;;14;11;4;10;7;18;5;11;12;4;9;14;
a11RH!~~~59;;;;;;;20.24.47;3;5;1;1;5261;;14;11;4;10;7;18;5;11;12;4;9;14;
a05EH+K1F~3~2;;;;;;;20.24.47;3;5;1;1;5261;;14;11;4;10;7;18;5;11;12;4;9;14;
a04AH/G4~45~H;p;r;;;;;20.24.53;3;5;1;1;5264;;14;11;4;10;7;18;5;11;12;4;9;14;
*10BH#~~~~2;p;;;;;;20.24.53;3;5;1;1;5264;;14;11;4;10;7;18;5;11;12;4;9;14;
*p19:19;;;;;;;20.24.56;3;5;1;1;5268;;14;11;4;10;7;18;5;11;12;4;9;14;
ac11:17;;;;;;;20.24.56;3;5;1;1;5270;;14;11;4;10;7;18;5;17;12;4;9;14;
*14SH!~~~59D;;;;;;;20.25.18;3;5;1;1;5292;;14;11;4;10;7;18;5;17;12;4;9;14;
a17RH+~~~59D;;;;;;;20.25.18;3;5;1;1;5292;;14;11;4;10;7;18;5;17;12;4;9;14;
a05EQ+K1C~2~2;;;;;;;20.25.18;3;5;1;1;5292;;14;11;4;10;7;18;5;17;12;4;9;14;
a12AQ=J1~37DH;p;r;;;;;20.25.24;3;5;1;1;5295;;14;11;4;10;7;18;5;17;12;4;9;14;
*$$&H#;p;;;;;;20.25.24;3;5;1;1;5295;;14;11;4;10;7;18;5;17;12;4;9;14;
*p20:19;;;;;;;20.25.26;3;5;1;1;5299;;14;11;4;10;7;18;5;17;12;4;9;14;
aT;;;;;;;20.25.26;3;5;1;1;5300;;14;11;4;10;7;18;5;17;12;4;9;14;
*14SH+~~~59D;;;;;;;20.26.37;3;5;1;1;5371;;14;11;4;10;7;18;5;17;12;4;9;14;
a17RH-~~~59D;;;;;;;20.26.37;3;5;1;1;5371;;14;11;4;10;7;18;5;17;12;4;9;14;
a05EH+~~F;;;;;;;20.26.37;3;5;1;1;5371;;14;11;4;10;7;18;5;17;12;4;9;14;
a04AH-G4~45~H;;r;;;;;20.26.42;3;5;1;1;5374;;14;11;4;10;7;18;5;17;12;4;9;14;
*10BH+~~~~2;;;;;;;20.26.42;3;5;1;1;5374;;14;11;4;10;7;18;5;17;12;4;9;14;
*14DH+;;;;;;;20.26.45;3;5;1;1;5374;;14;11;4;10;7;18;5;17;12;4;9;14;
*04EH+~~P~~~2;;;;;;;20.26.45;3;5;1;1;5374;;14;11;4;10;7;18;5;17;12;4;9;14;
*18AH=G8~86AH;s;p;;;;;20.26.47;3;5;1;1;5377;;14;11;4;10;7;18;5;17;12;4;9;14;
a$$&H#;s;;;;;;20.26.47;3;5;1;1;5377;;14;11;4;10;7;18;5;17;12;4;9;14;
ap20:20;;;;;;;20.27.24;3;5;1;1;5382;;14;11;4;10;7;18;5;17;12;4;9;14;
az6;;;;;;;20.27.24;3;5;6;1;5418;;14;11;4;10;7;18;17;12;4;9;14;5;
a17SH+~~~67A;;;;;;;20.27.36;3;5;6;1;5430;;14;11;4;10;7;18;17;12;4;9;14;5;
*04RH-~~~67AO;;;;;;;20.27.36;3;5;6;1;5430;;14;11;4;10;7;18;17;12;4;9;14;5;
*07EH+KCF~3~2;;;;;;;20.27.36;3;5;6;1;5430;;14;11;4;10;7;18;17;12;4;9;14;5;
*04AH#G4~41~H;s;r;;;;;20.27.41;3;5;6;1;5433;;14;11;4;10;7;18;17;12;4;9;14;5;
a04BH/~~~~2;s;;;;;;20.27.41;3;5;6;1;5433;;14;11;4;10;7;18;17;12;4;9;14;5;
*p21:20;;;;;;;20.27.50;3;5;6;1;5437;;14;11;4;10;7;18;17;12;4;9;14;5;
*z4;;;;;;;20.27.50;3;4;6;1;5444;;11;4;10;7;18;14;17;12;4;9;14;5;
*c07:08;;;;;;;20.27.50;3;4;6;1;5444;;11;4;10;8;18;14;17;12;4;9;14;5;
*c11:16;;;;;;;20.27.50;3;4;6;1;5444;;16;4;10;8;18;14;17;12;4;9;14;5;
*P16;;;;;;;20.27.50;3;4;6;1;5444;;16;4;10;8;18;14;17;12;4;9;14;5;
*z1;;;;;;;20.27.50;3;1;6;1;5444;;16;4;10;8;18;14;17;12;4;9;14;5;
*16SH+~~~18A;;;;;;;20.28.22;3;1;6;1;5476;;16;4;10;8;18;14;17;12;4;9;14;5;
a17RH-~~~18AO;;;;;;;20.28.22;3;1;6;1;5476;;16;4;10;8;18;14;17;12;4;9;14;5;
a05EH+~~B;;;;;;;20.28.22;3;1;6;1;5476;;16;4;10;8;18;14;17;12;4;9;14;5;
a04AH#G2~25~H;s;r;;;;;20.28.28;3;1;6;1;5479;;16;4;10;8;18;14;17;12;4;9;14;5;
*04BH/~~~~4;s;;;;;;20.28.28;3;1;6;1;5479;;16;4;10;8;18;14;17;12;4;9;14;5;
ap21:21;;;;;;;20.28.35;3;1;6;1;5484;;16;4;10;8;18;14;17;12;4;9;14;5;
az5;;;;;;;20.28.35;3;1;5;1;5489;;16;4;10;8;18;14;12;4;9;14;5;17;
ac12:08;;;;;;;20.28.35;3;1;5;1;5489;;16;4;10;8;18;14;8;4;9;14;5;17;
a08SH!~~~17A;;;;;;;20.29.00;3;1;5;1;5514;;16;4;10;8;18;14;8;4;9;14;5;17;
*18RH+~~~17AO;;;;;;;20.29.00;3;1;5;1;5514;;16;4;10;8;18;14;8;4;9;14;5;17;
*16ET+KFB~4~2;;;;;;;20.29.00;3;1;5;1;5514;;16;4;10;8;18;14;8;4;9;14;5;17;
*04AT#W2~21CH;s;r;;;;;20.29.06;3;1;5;1;5517;;16;4;10;8;18;14;8;4;9;14;5;17;
a05DT=~~~21C;s;;;;;;20.29.06;3;1;5;1;5517;;16;4;10;8;18;14;8;4;9;14;5;17;
*p22:21;;;;;;;20.29.09;3;1;5;1;5522;;16;4;10;8;18;14;8;4;9;14;5;17;
*z6;;;;;;;20.29.09;3;6;5;1;5523;;4;10;8;18;14;16;8;4;9;14;5;17;
*04SQ-~~~66A;;;;;;;20.29.27;3;6;5;1;5542;;4;10;8;18;14;16;8;4;9;14;5;17;
a17RQ#~~~66A;;;;;;;20.29.27;3;6;5;1;5542;;4;10;8;18;14;16;8;4;9;14;5;17;
a05EQ+K1C~3~2;;;;;;;20.29.27;3;6;5;1;5542;;4;10;8;18;14;16;8;4;9;14;5;17;
a14AQ#J1~36~H;s;r;;;;;20.29.37;3;6;5;1;5545;;4;10;8;18;14;16;8;4;9;14;5;17;
*10BQ/~~~~3;s;;;;;;20.29.37;3;6;5;1;5545;;4;10;8;18;14;16;8;4;9;14;5;17;
ap22:22;;;;;;;20.29.43;3;6;5;1;5550;;4;10;8;18;14;16;8;4;9;14;5;17;
az4;;;;;;;20.29.44;3;6;4;1;5558;;4;10;8;18;14;16;4;9;14;5;17;8;
a04SQ-~~~16B;;;;;;;20.30.01;3;6;4;1;5576;;4;10;8;18;14;16;4;9;14;5;17;8;
*15RQ#~~~16B;;;;;;;20.30.01;3;6;4;1;5576;;4;10;8;18;14;16;4;9;14;5;17;8;
*16EQ+K1C~3~2;;;;;;;20.30.01;3;6;4;1;5576;;4;10;8;18;14;16;4;9;14;5;17;8;
*10AQ-J4~36~H;;r;;;;;20.30.09;3;6;4;1;5579;;4;10;8;18;14;16;4;9;14;5;17;8;
a14BQ+~~~~3;;;;;;;20.30.09;3;6;4;1;5579;;4;10;8;18;14;16;4;9;14;5;17;8;
a14EO+;;;;;;;20.30.09;3;6;4;1;5579;;4;10;8;18;14;16;4;9;14;5;17;8;
a09AO/V4~43~H;s;p;;;;;20.30.19;3;6;4;1;5582;;4;10;8;18;14;16;4;9;14;5;17;8;
*08BO#~~~~2;s;;;;;;20.30.19;3;6;4;1;5582;;4;10;8;18;14;16;4;9;14;5;17;8;
*p23:22;;;;;;;20.30.22;3;6;4;1;5587;;4;10;8;18;14;16;4;9;14;5;17;8;
*z5;;;;;;;20.30.22;3;5;4;1;5596;;10;8;18;14;16;4;4;9;14;5;17;8;
*10SH-~~~15;;;;;;;20.30.42;3;5;4;1;5616;;10;8;18;14;16;4;4;9;14;5;17;8;
a09RH#~~~15;;;;;;;20.30.42;3;5;4;1;5616;;10;8;18;14;16;4;4;9;14;5;17;8;
a05EN+K1B~3~2;;;;;;;20.30.42;3;5;4;1;5616;;10;8;18;14;16;4;4;9;14;5;17;8;
a04AT=Y9~95~H;p;r;;;;;20.30.52;3;5;4;1;5619;;10;8;18;14;16;4;4;9;14;5;17;8;
*$$&H#;p;;;;;;20.30.52;3;5;4;1;5619;;10;8;18;14;16;4;4;9;14;5;17;8;
*p24:22;;;;;;;20.30.54;3;5;4;1;5624;;10;8;18;14;16;4;4;9;14;5;17;8;
aT;;;;;;;20.30.54;3;5;4;1;5628;;10;8;18;14;16;4;4;9;14;5;17;8;
*10SH!~~~15B;;;;;;;20.31.54;3;5;4;1;5688;;10;8;18;14;16;4;4;9;14;5;17;8;
a09RH!~~~15BO;;;;;;;20.31.54;3;5;4;1;5688;;10;8;18;14;16;4;4;9;14;5;17;8;
a05EN+K1B~4~2;;;;;;;20.31.54;3;5;4;1;5688;;10;8;18;14;16;4;4;9;14;5;17;8;
a04AT#Y9~91CH;s;r;;;;;20.32.01;3;5;4;1;5691;;10;8;18;14;16;4;4;9;14;5;17;8;
*$$&H=;s;;;;;;20.32.01;3;5;4;1;5691;;10;8;18;14;16;4;4;9;14;5;17;8;
ap24:23;;;;;;;20.32.11;3;5;4;1;5696;;10;8;18;14;16;4;4;9;14;5;17;8;
az3;;;;;;;20.32.11;3;5;3;1;5705;;10;8;18;14;16;4;9;14;5;17;8;4;
ac17:11;;;;;;;20.32.11;3;5;3;1;5705;;10;8;18;14;16;4;9;14;5;11;8;4;
*T;;;;;;;20.32.11;3;5;3;1;5705;;10;8;18;14;16;4;9;14;5;11;8;4;
a09SH-~~~17;;;;;;;20.33.25;3;5;3;1;5779;;10;8;18;14;16;4;9;14;5;11;8;4;
*18RH#~~~17~O;;;;;;;20.33.25;3;5;3;1;5779;;10;8;18;14;16;4;9;14;5;11;8;4;
*16EQ+K1C~3~2;;;;;;;20.33.25;3;5;3;1;5779;;10;8;18;14;16;4;9;14;5;11;8;4;
*14AQ#J1~37~H;s;r;;;;;20.33.30;3;5;3;1;5782;;10;8;18;14;16;4;9;14;5;11;8;4;
a$$&H=;s;;;;;;20.33.30;3;5;3;1;5782;;10;8;18;14;16;4;9;14;5;11;8;4;
*p25:23;;;;;;;20.33.32;3;5;3;1;5786;;10;8;18;14;16;4;9;14;5;11;8;4;
**3set;;;;;;;20.33.32;4;5;3;1;5786;;;;;;;;;;;;;;
