*P07>LUp;;;;;;;;1;3;5;;;;7;18;14;8;4;10;12;13;18;9;16;5;
*z1>LUp;;;;;;;;1;1;5;;;;7;18;14;8;4;10;12;13;18;9;16;5;
aP05>LUp;;;;;;;;1;1;5;;;;7;18;14;8;4;10;12;13;18;9;16;5;
az6>LUp;;;;;;;;1;1;6;;;;7;18;14;8;4;10;12;13;18;9;16;5;
*07SH!~~~17A;;;;;;;18.59.39;1;1;6;1;155;;7;18;14;8;4;10;12;13;18;9;16;5;
a09RH+~~~17AO;;;;;;;18.59.39;1;1;6;1;155;;7;18;14;8;4;10;12;13;18;9;16;5;
a05EN+K1F~3~2;;;;;;;18.59.39;1;1;6;1;155;;7;18;14;8;4;10;12;13;18;9;16;5;
a09AT#W4~45~H;s;r;;;;;18.59.50;1;1;6;1;158;;7;18;14;8;4;10;12;13;18;9;16;5;
*08BN/~~~~2;s;;;;;;18.59.50;1;1;6;1;158;;7;18;14;8;4;10;12;13;18;9;16;5;
ap00:01;;;;;;;18.59.52;1;1;6;1;162;;7;18;14;8;4;10;12;13;18;9;16;5;
az5;;;;;;;18.59.52;1;1;5;1;167;;7;18;14;8;4;10;13;18;9;16;5;12;
a13SH-~~~56B;;;;;;;19.00.05;1;1;5;1;181;;7;18;14;8;4;10;13;18;9;16;5;12;
*15RH#~~~56B;;;;;;;19.00.05;1;1;5;1;181;;7;18;14;8;4;10;13;18;9;16;5;12;
*07EN+K1P~3~2;;;;;;;19.00.05;1;1;5;1;181;;7;18;14;8;4;10;13;18;9;16;5;12;
*04AT#Y8~81DH;s;r;;;;;19.00.11;1;1;5;1;184;;7;18;14;8;4;10;13;18;9;16;5;12;
a$$&H=;s;;;;;;19.00.11;1;1;5;1;184;;7;18;14;8;4;10;13;18;9;16;5;12;
*p01:01;;;;;;;19.00.13;1;1;5;1;189;;7;18;14;8;4;10;13;18;9;16;5;12;
*z6;;;;;;;19.00.13;1;6;5;1;188;;18;14;8;4;10;7;13;18;9;16;5;12;
*18ST-~~~65B;;;;;;;19.00.33;1;6;5;1;209;;18;14;8;4;10;7;13;18;9;16;5;12;
a09RT#~~~65B;;;;;;;19.00.33;1;6;5;1;209;;18;14;8;4;10;7;13;18;9;16;5;12;
a05EN+K1B~3~2;;;;;;;19.00.33;1;6;5;1;209;;18;14;8;4;10;7;13;18;9;16;5;12;
a18AT+W2~25~H;;r;;;;;19.00.40;1;6;5;1;212;;18;14;8;4;10;7;13;18;9;16;5;12;
*15DN-~~~25;;;;;;;19.00.40;1;6;5;1;212;;18;14;8;4;10;7;13;18;9;16;5;12;
*07FH=;s;;;;;;19.00.45;1;6;5;1;215;;18;14;8;4;10;7;13;18;9;16;5;12;
a$$&H#;s;;;;;;19.00.45;1;6;5;1;215;;18;14;8;4;10;7;13;18;9;16;5;12;
ap01:02;;;;;;;19.00.46;1;6;5;1;220;;18;14;8;4;10;7;13;18;9;16;5;12;
az4;;;;;;;19.00.46;1;6;4;1;221;;18;14;8;4;10;7;18;9;16;5;12;13;
a18SQ-~~~16;;;;;;;19.01.05;1;6;4;1;241;;18;14;8;4;10;7;18;9;16;5;12;13;
*15RQ+~~~16;;;;;;;19.01.05;1;6;4;1;241;;18;14;8;4;10;7;18;9;16;5;12;13;
*07EQ+KBC~2~2;;;;;;;19.01.05;1;6;4;1;241;;18;14;8;4;10;7;18;9;16;5;12;13;
*14AQ#J4~36BH;s;r;;;;;19.01.10;1;6;4;1;244;;18;14;8;4;10;7;18;9;16;5;12;13;
a16BQ/~~~~3;s;;;;;;19.01.10;1;6;4;1;244;;18;14;8;4;10;7;18;9;16;5;12;13;
*p02:02;;;;;;;19.01.19;1;6;4;1;248;;18;14;8;4;10;7;18;9;16;5;12;13;
*z5;;;;;;;19.01.19;1;5;4;1;254;;14;8;4;10;7;18;18;9;16;5;12;13;
*14SH-~~~56C;;;;;;;19.01.32;1;5;4;1;268;;14;8;4;10;7;18;18;9;16;5;12;13;
a12RH#~~~56C;;;;;;;19.01.32;1;5;4;1;268;;14;8;4;10;7;18;18;9;16;5;12;13;
a05EN+K1B~3~2;;;;;;;19.01.32;1;5;4;1;268;;14;8;4;10;7;18;18;9;16;5;12;13;
a18AT#Y9~99DH;s;r;;;;;19.01.37;1;5;4;1;271;;14;8;4;10;7;18;18;9;16;5;12;13;
*$$&H=;s;;;;;;19.01.37;1;5;4;1;271;;14;8;4;10;7;18;18;9;16;5;12;13;
ap02:03;;;;;;;19.01.46;1;5;4;1;275;;14;8;4;10;7;18;18;9;16;5;12;13;
az3;;;;;;;19.01.46;1;5;3;1;281;;14;8;4;10;7;18;9;16;5;12;13;18;
a09SQ-~~~16B;;;;;;;19.01.55;1;5;3;1;291;;14;8;4;10;7;18;9;16;5;12;13;18;
*18RQ#~~~16B;;;;;;;19.01.55;1;5;3;1;291;;14;8;4;10;7;18;9;16;5;12;13;18;
*07EN+K1B~3~2;;;;;;;19.01.55;1;5;3;1;291;;14;8;4;10;7;18;9;16;5;12;13;18;
*08AT+W2~21~H;;r;;;;;19.02.02;1;5;3;1;294;;14;8;4;10;7;18;9;16;5;12;13;18;
a12BN-~~~~4;;;;;;;19.02.02;1;5;3;1;294;;14;8;4;10;7;18;9;16;5;12;13;18;
*10DH+;;;;;;;19.02.04;1;5;3;1;294;;14;8;4;10;7;18;9;16;5;12;13;18;
*07EH+~~F;;;;;;;19.02.04;1;5;3;1;294;;14;8;4;10;7;18;9;16;5;12;13;18;
*04AH-G4~48~P;;s;;;;;19.02.05;1;5;3;1;297;;14;8;4;10;7;18;9;16;5;12;13;18;
a16BH+~~~~2;;;;;;;19.02.05;1;5;3;1;297;;14;8;4;10;7;18;9;16;5;12;13;18;
a15DH+;;;;;;;19.02.12;1;5;3;1;297;;14;8;4;10;7;18;9;16;5;12;13;18;
a05EN+~~P;;;;;;;19.02.12;1;5;3;1;297;;14;8;4;10;7;18;9;16;5;12;13;18;
a09AT#Y8~86~H;p;p;;;;;19.02.13;1;5;3;1;300;;14;8;4;10;7;18;9;16;5;12;13;18;
*10BN/~~~~3;p;;;;;;19.02.13;1;5;3;1;300;;14;8;4;10;7;18;9;16;5;12;13;18;
ap02:04;;;;;;;19.02.16;1;5;3;1;306;;14;8;4;10;7;18;9;16;5;12;13;18;
a09SQ-~~~16~~~N;;;;;;;19.02.30;1;5;3;1;326;;14;8;4;10;7;18;9;16;5;12;13;18;
*18RQ+~~~16;;;;;;;19.02.30;1;5;3;1;326;;14;8;4;10;7;18;9;16;5;12;13;18;
*07EN+K1B~3~2;;;;;;;19.02.30;1;5;3;1;326;;14;8;4;10;7;18;9;16;5;12;13;18;
*08AT#W2~26CH;s;r;;;;;19.02.38;1;5;3;1;329;;14;8;4;10;7;18;9;16;5;12;13;18;
a$$&H=;s;;;;;;19.02.38;1;5;3;1;329;;14;8;4;10;7;18;9;16;5;12;13;18;
*p03:04;;;;;;;19.02.39;1;5;3;1;335;;14;8;4;10;7;18;9;16;5;12;13;18;
*z4;;;;;;;19.02.39;1;4;3;1;334;;8;4;10;7;18;14;9;16;5;12;13;18;
*08ST+~~~11D;;;;;;;19.02.58;1;4;3;1;354;;8;4;10;7;18;14;9;16;5;12;13;18;
a09RT-~~~11D;;;;;;;19.02.58;1;4;3;1;354;;8;4;10;7;18;14;9;16;5;12;13;18;
a05EH+~~F;;;;;;;19.02.58;1;4;3;1;354;;8;4;10;7;18;14;9;16;5;12;13;18;
a12AH+G4~41~H;;r;;;;;19.03.04;1;4;3;1;357;;8;4;10;7;18;14;9;16;5;12;13;18;
*07BH+;;;;;;;19.03.04;1;4;3;1;357;;8;4;10;7;18;14;9;16;5;12;13;18;
*08DH-~~~41;;;;;;;19.03.04;1;4;3;1;357;;8;4;10;7;18;14;9;16;5;12;13;18;
*04FH-;;;;;;;19.03.08;1;4;3;1;360;;8;4;10;7;18;14;9;16;5;12;13;18;
a16DH+;;;;;;;19.03.13;1;4;3;1;360;;8;4;10;7;18;14;9;16;5;12;13;18;
a05EQ+~~C;;;;;;;19.03.13;1;4;3;1;360;;8;4;10;7;18;14;9;16;5;12;13;18;
a16AQ#J1~36BH;s;s;;;;;19.03.15;1;4;3;1;363;;8;4;10;7;18;14;9;16;5;12;13;18;
*$$&H=;s;;;;;;19.03.15;1;4;3;1;363;;8;4;10;7;18;14;9;16;5;12;13;18;
ap03:05;;;;;;;19.03.18;1;4;3;1;367;;8;4;10;7;18;14;9;16;5;12;13;18;
az2;;;;;;;19.03.18;1;4;2;1;373;;8;4;10;7;18;14;16;5;12;13;18;9;
a16SQ-~~~16;;;;;;;19.03.38;1;4;2;1;394;;8;4;10;7;18;14;16;5;12;13;18;9;
*18RQ+~~~16;;;;;;;19.03.38;1;4;2;1;394;;8;4;10;7;18;14;16;5;12;13;18;9;
*07ET+KFP~3~2;;;;;;;19.03.38;1;4;2;1;394;;8;4;10;7;18;14;16;5;12;13;18;9;
*18AT#Y8~81DH;s;r;;;;;19.03.45;1;4;2;1;397;;8;4;10;7;18;14;16;5;12;13;18;9;
a18DT=~~~81D;s;;;;;;19.03.45;1;4;2;1;397;;8;4;10;7;18;14;16;5;12;13;18;9;
*p04:05;;;;;;;19.03.48;1;4;2;1;401;;8;4;10;7;18;14;16;5;12;13;18;9;
*z3;;;;;;;19.03.48;1;3;2;1;403;;4;10;7;18;14;8;16;5;12;13;18;9;
*04SQ!~~~61D;;;;;;;19.04.03;1;3;2;1;419;;4;10;7;18;14;8;16;5;12;13;18;9;
a09RQ+~~~61D;;;;;;;19.04.03;1;3;2;1;419;;4;10;7;18;14;8;16;5;12;13;18;9;
a05EH+K1B~4~2;;;;;;;19.04.03;1;3;2;1;419;;4;10;7;18;14;8;16;5;12;13;18;9;
a18AH#G9~96CH;s;r;;;;;19.04.11;1;3;2;1;422;;4;10;7;18;14;8;16;5;12;13;18;9;
*$$&H=;s;;;;;;19.04.11;1;3;2;1;422;;4;10;7;18;14;8;16;5;12;13;18;9;
ap04:06;;;;;;;19.04.14;1;3;2;1;427;;4;10;7;18;14;8;16;5;12;13;18;9;
az1;;;;;;;19.04.14;1;3;1;1;429;;4;10;7;18;14;8;5;12;13;18;9;16;
a05SQ-~~~56C;;;;;;;19.04.32;1;3;1;1;448;;4;10;7;18;14;8;5;12;13;18;9;16;
*15RQ#~~~56C;;;;;;;19.04.32;1;3;1;1;448;;4;10;7;18;14;8;5;12;13;18;9;16;
*07EN+K1F~2~2;;;;;;;19.04.32;1;3;1;1;448;;4;10;7;18;14;8;5;12;13;18;9;16;
*18AT=W4~47~H~N;p;r;;;;;19.04.39;1;3;1;1;451;;4;10;7;18;14;8;5;12;13;18;9;16;
a$$&H#;p;;;;;;19.04.39;1;3;1;1;451;;4;10;7;18;14;8;5;12;13;18;9;16;
ap04:07;;;;;;;19.04.40;1;3;1;1;455;;4;10;7;18;14;8;5;12;13;18;9;16;
a05SQ-~~~57BP;;;;;;;19.04.59;1;3;1;1;475;;4;10;7;18;14;8;5;12;13;18;9;16;
*18RQ#~~~57B;;;;;;;19.04.59;1;3;1;1;475;;4;10;7;18;14;8;5;12;13;18;9;16;
*07EN+K2B~2~2;;;;;;;19.04.59;1;3;1;1;475;;4;10;7;18;14;8;5;12;13;18;9;16;
*08AT-Y9~95~H~N;;r;;;;;19.05.06;1;3;1;1;478;;4;10;7;18;14;8;5;12;13;18;9;16;
a15DN+~~~95;;;;;;;19.05.06;1;3;1;1;478;;4;10;7;18;14;8;5;12;13;18;9;16;
a05EQ+~~C;;;;;;;19.05.06;1;3;1;1;478;;4;10;7;18;14;8;5;12;13;18;9;16;
a13AQ#J1~31~H;p;p;;;;;19.05.14;1;3;1;1;481;;4;10;7;18;14;8;5;12;13;18;9;16;
*07BQ/~~~~3;p;;;;;;19.05.14;1;3;1;1;481;;4;10;7;18;14;8;5;12;13;18;9;16;
ap04:08;;;;;;;19.05.19;1;3;1;1;486;;4;10;7;18;14;8;5;12;13;18;9;16;
*T;;;;;;;19.05.19;1;3;1;1;494;;4;10;7;18;14;8;5;12;13;18;9;16;
a05SQ-~~~55;;;;;;;19.06.23;1;3;1;1;559;;4;10;7;18;14;8;5;12;13;18;9;16;
*18RQ#~~~55;;;;;;;19.06.23;1;3;1;1;559;;4;10;7;18;14;8;5;12;13;18;9;16;
*07EQ+K1C~3~2;;;;;;;19.06.23;1;3;1;1;559;;4;10;7;18;14;8;5;12;13;18;9;16;
*10AQ#J1~37AH;s;r;;;;;19.06.28;1;3;1;1;562;;4;10;7;18;14;8;5;12;13;18;9;16;
a$$&H=;s;;;;;;19.06.28;1;3;1;1;562;;4;10;7;18;14;8;5;12;13;18;9;16;
*p05:08;;;;;;;19.06.30;1;3;1;1;566;;4;10;7;18;14;8;5;12;13;18;9;16;
*z2;;;;;;;19.06.31;1;2;1;1;566;;10;7;18;14;8;4;5;12;13;18;9;16;
*10SQ=~~~15~~~N;s;;;;;;19.07.00;1;2;1;1;596;;10;7;18;14;8;4;5;12;13;18;9;16;
a$$&H#;s;;;;;;19.07.00;1;2;1;1;596;;10;7;18;14;8;4;5;12;13;18;9;16;
ap05:09;;;;;;;19.07.03;1;2;1;1;600;;10;7;18;14;8;4;5;12;13;18;9;16;
az6;;;;;;;19.07.03;1;2;6;1;598;;10;7;18;14;8;4;12;13;18;9;16;5;
a12SQ!~~~16;;;;;;;19.07.21;1;2;6;1;616;;10;7;18;14;8;4;12;13;18;9;16;5;
*04RQ!~~~16;;;;;;;19.07.21;1;2;6;1;616;;10;7;18;14;8;4;12;13;18;9;16;5;
*07ET+K8F~3~2;;;;;;;19.07.21;1;2;6;1;616;;10;7;18;14;8;4;12;13;18;9;16;5;
*18AT#W4~46DH;s;r;;;;;19.07.27;1;2;6;1;619;;10;7;18;14;8;4;12;13;18;9;16;5;
a12DT=~~~46D;s;;;;;;19.07.27;1;2;6;1;619;;10;7;18;14;8;4;12;13;18;9;16;5;
*p06:09;;;;;;;19.07.31;1;2;6;1;624;;10;7;18;14;8;4;12;13;18;9;16;5;
*z1;;;;;;;19.07.31;1;1;6;1;626;;7;18;14;8;4;10;12;13;18;9;16;5;
*07SH!~~~17A;;;;;;;19.07.44;1;1;6;1;640;;7;18;14;8;4;10;12;13;18;9;16;5;
a09RH+~~~17A;;;;;;;19.07.44;1;1;6;1;640;;7;18;14;8;4;10;12;13;18;9;16;5;
a05EN+K3B~3~2;;;;;;;19.07.44;1;1;6;1;640;;7;18;14;8;4;10;12;13;18;9;16;5;
a18AT#W2~29~H;s;r;;;;;19.07.50;1;1;6;1;643;;7;18;14;8;4;10;12;13;18;9;16;5;
*$$&H=;s;;;;;;19.07.50;1;1;6;1;643;;7;18;14;8;4;10;12;13;18;9;16;5;
ap06:10;;;;;;;19.07.58;1;1;6;1;647;;7;18;14;8;4;10;12;13;18;9;16;5;
az5;;;;;;;19.07.58;1;1;5;1;653;;7;18;14;8;4;10;13;18;9;16;5;12;
a13SH-~~~59D;;;;;;;19.08.09;1;1;5;1;664;;7;18;14;8;4;10;13;18;9;16;5;12;
*18RH#~~~59DO;;;;;;;19.08.09;1;1;5;1;664;;7;18;14;8;4;10;13;18;9;16;5;12;
*07EQ+K1C~3~2;;;;;;;19.08.09;1;1;5;1;664;;7;18;14;8;4;10;13;18;9;16;5;12;
*14AQ#J1~35BH;s;r;;;;;19.08.19;1;1;5;1;667;;7;18;14;8;4;10;13;18;9;16;5;12;
a$$&H=;s;;;;;;19.08.19;1;1;5;1;667;;7;18;14;8;4;10;13;18;9;16;5;12;
*p07:10;;;;;;;19.08.22;1;1;5;1;672;;7;18;14;8;4;10;13;18;9;16;5;12;
*z6;;;;;;;19.08.22;1;6;5;1;677;;18;14;8;4;10;7;13;18;9;16;5;12;
*18SQ#~~~65D;p;;;;;;19.08.36;1;6;5;1;691;;18;14;8;4;10;7;13;18;9;16;5;12;
a09RQ=~~~65D;p;;;;;;19.08.36;1;6;5;1;691;;18;14;8;4;10;7;13;18;9;16;5;12;
*p08:10;;;;;;;19.08.47;1;6;5;1;695;;18;14;8;4;10;7;13;18;9;16;5;12;
*18SQ+~~~65D;;;;;;;19.08.59;1;6;5;1;714;;18;14;8;4;10;7;13;18;9;16;5;12;
a09RQ-~~~65D;;;;;;;19.08.59;1;6;5;1;714;;18;14;8;4;10;7;13;18;9;16;5;12;
a05EH+~~F;;;;;;;19.08.59;1;6;5;1;714;;18;14;8;4;10;7;13;18;9;16;5;12;
a09AH-G4~45~H;;r;;;;;19.09.04;1;6;5;1;717;;18;14;8;4;10;7;13;18;9;16;5;12;
*14BH+~~~~2;;;;;;;19.09.04;1;6;5;1;717;;18;14;8;4;10;7;13;18;9;16;5;12;
*04DH+;;;;;;;19.09.09;1;6;5;1;717;;18;14;8;4;10;7;13;18;9;16;5;12;
*14EH+~~P;;;;;;;19.09.09;1;6;5;1;717;;18;14;8;4;10;7;13;18;9;16;5;12;
*18AH-G8~81CP;;p;;;;;19.09.11;1;6;5;1;720;;18;14;8;4;10;7;13;18;9;16;5;12;
a15DH+~~~81C;;;;;;;19.09.11;1;6;5;1;720;;18;14;8;4;10;7;13;18;9;16;5;12;
a05EQ+~~C;;;;;;;19.09.11;1;6;5;1;720;;18;14;8;4;10;7;13;18;9;16;5;12;
a16AQ=J1~35AH;p;s;;;;;19.09.18;1;6;5;1;723;;18;14;8;4;10;7;13;18;9;16;5;12;
*$$&H#;p;;;;;;19.09.18;1;6;5;1;723;;18;14;8;4;10;7;13;18;9;16;5;12;
*p09:10;;;;;;;19.09.21;1;6;5;1;728;;18;14;8;4;10;7;13;18;9;16;5;12;
*18ST+~~~65C;;;;;;;19.09.39;1;6;5;1;755;;18;14;8;4;10;7;13;18;9;16;5;12;
a09RT-~~~65C;;;;;;;19.09.39;1;6;5;1;755;;18;14;8;4;10;7;13;18;9;16;5;12;
a05EH+~~B;;;;;;;19.09.39;1;6;5;1;755;;18;14;8;4;10;7;13;18;9;16;5;12;
a18AH-G2~24~T;;r;;;;;19.09.44;1;6;5;1;758;;18;14;8;4;10;7;13;18;9;16;5;12;
*15DH+~~~24;;;;;;;19.09.44;1;6;5;1;758;;18;14;8;4;10;7;13;18;9;16;5;12;
*14EH+~~F~~~2;;;;;;;19.09.44;1;6;5;1;758;;18;14;8;4;10;7;13;18;9;16;5;12;
*04AH#G4~41~H;p;p;;;;;19.09.55;1;6;5;1;761;;18;14;8;4;10;7;13;18;9;16;5;12;
a18BH/~~~~2;p;;;;;;19.09.55;1;6;5;1;761;;18;14;8;4;10;7;13;18;9;16;5;12;
*p10:10;;;;;;;19.09.59;1;6;5;1;766;;18;14;8;4;10;7;13;18;9;16;5;12;
aT;;;;;;;19.09.59;1;6;5;1;774;;18;14;8;4;10;7;13;18;9;16;5;12;
*18ST+~~~67A~~N;;;;;;;19.11.01;1;6;5;1;836;;18;14;8;4;10;7;13;18;9;16;5;12;
a09RT-~~~67A;;;;;;;19.11.01;1;6;5;1;836;;18;14;8;4;10;7;13;18;9;16;5;12;
a05EH+~~F;;;;;;;19.11.01;1;6;5;1;836;;18;14;8;4;10;7;13;18;9;16;5;12;
a09AH-G4~48~P;;r;;;;;19.11.08;1;6;5;1;839;;18;14;8;4;10;7;13;18;9;16;5;12;
*07DH+~~~48;;;;;;;19.11.08;1;6;5;1;839;;18;14;8;4;10;7;13;18;9;16;5;12;
*15EH+~~F~4~2;;;;;;;19.11.08;1;6;5;1;839;;18;14;8;4;10;7;13;18;9;16;5;12;
*04AH-G4~45~H;;p;;;;;19.11.17;1;6;5;1;842;;18;14;8;4;10;7;13;18;9;16;5;12;
a16BH+~~~~2;;;;;;;19.11.17;1;6;5;1;842;;18;14;8;4;10;7;13;18;9;16;5;12;
a15DH+;;;;;;;19.11.21;1;6;5;1;842;;18;14;8;4;10;7;13;18;9;16;5;12;
a05EH+~~B;;;;;;;19.11.21;1;6;5;1;842;;18;14;8;4;10;7;13;18;9;16;5;12;
a18AH#G2~24~T~~4;s;s;;;;;19.11.23;1;6;5;1;845;;18;14;8;4;10;7;13;18;9;16;5;12;
*04BH/~~~~4;s;;;;;;19.11.23;1;6;5;1;845;;18;14;8;4;10;7;13;18;9;16;5;12;
ap10:11;;;;;;;19.11.26;1;6;5;1;853;;18;14;8;4;10;7;13;18;9;16;5;12;
az4;;;;;;;19.11.26;1;6;4;1;861;;18;14;8;4;10;7;18;9;16;5;12;13;
a18SQ!~~~65B;;;;;;;19.11.38;1;6;4;1;874;;18;14;8;4;10;7;18;9;16;5;12;13;
*04RQ!~~~65B;;;;;;;19.11.38;1;6;4;1;874;;18;14;8;4;10;7;18;9;16;5;12;13;
*07EN+K9F~2~2;;;;;;;19.11.38;1;6;4;1;874;;18;14;8;4;10;7;18;9;16;5;12;13;
*04AT/W4~45~H;p;r;;;;;19.11.45;1;6;4;1;877;;18;14;8;4;10;7;18;9;16;5;12;13;
a16BN#~~~~2;p;;;;;;19.11.45;1;6;4;1;877;;18;14;8;4;10;7;18;9;16;5;12;13;
ap10:12;;;;;;;19.11.47;1;6;4;1;882;;18;14;8;4;10;7;18;9;16;5;12;13;
a18SQ=~~~16D;s;;;;;;19.12.06;1;6;4;1;902;;18;14;8;4;10;7;18;9;16;5;12;13;
*$$&H#;s;;;;;;19.12.06;1;6;4;1;902;;18;14;8;4;10;7;18;9;16;5;12;13;
*p11:12;;;;;;;19.12.10;1;6;4;1;906;;18;14;8;4;10;7;18;9;16;5;12;13;
*z5;;;;;;;19.12.10;1;5;4;1;905;;14;8;4;10;7;18;18;9;16;5;12;13;
*14SH!~~~56C;;;;;;;19.12.31;1;5;4;1;927;;14;8;4;10;7;18;18;9;16;5;12;13;
a12RH+~~~56C;;;;;;;19.12.31;1;5;4;1;927;;14;8;4;10;7;18;18;9;16;5;12;13;
a05EN+K1F~3~2;;;;;;;19.12.31;1;5;4;1;927;;14;8;4;10;7;18;18;9;16;5;12;13;
a09AT+W4~42~T;;r;;;;;19.12.37;1;5;4;1;930;;14;8;4;10;7;18;18;9;16;5;12;13;
*08BN-~~~~2;;;;;;;19.12.37;1;5;4;1;930;;14;8;4;10;7;18;18;9;16;5;12;13;
a16DH+;;;;;;;19.12.37;1;5;4;1;930;;14;8;4;10;7;18;18;9;16;5;12;13;
a05AO+JJ~34~T;;s;;;;;19.12.43;1;5;4;1;932;;14;8;4;10;7;18;18;9;16;5;12;13;
*04DO-~~~34;;;;;;;19.12.43;1;5;4;1;932;;14;8;4;10;7;18;18;9;16;5;12;13;
a16DH+;;;;;;;19.12.43;1;5;4;1;932;;14;8;4;10;7;18;18;9;16;5;12;13;
a05EQ+~~C;;;;;;;19.12.43;1;5;4;1;932;;14;8;4;10;7;18;18;9;16;5;12;13;
a16AQ-J1~37~H;;s;;;;;19.12.48;1;5;4;1;935;;14;8;4;10;7;18;18;9;16;5;12;13;
*10BQ+~~~~3;;;;;;;19.12.48;1;5;4;1;935;;14;8;4;10;7;18;18;9;16;5;12;13;
*18DH+;;;;;;;19.12.52;1;5;4;1;935;;14;8;4;10;7;18;18;9;16;5;12;13;
*07EH+~~F;;;;;;;19.12.52;1;5;4;1;935;;14;8;4;10;7;18;18;9;16;5;12;13;
*04AH#G4~45~H;p;p;;;;;19.12.53;1;5;4;1;939;;14;8;4;10;7;18;18;9;16;5;12;13;
a16BH/~~~~2;p;;;;;;19.12.53;1;5;4;1;939;;14;8;4;10;7;18;18;9;16;5;12;13;
*p12:12;;;;;;;19.12.56;1;5;4;1;943;;14;8;4;10;7;18;18;9;16;5;12;13;
*14SH+~~~55B;;;;;;;19.13.22;1;5;4;1;978;;14;8;4;10;7;18;18;9;16;5;12;13;
a12RH-~~~55BO;;;;;;;19.13.22;1;5;4;1;978;;14;8;4;10;7;18;18;9;16;5;12;13;
a05EH+~~F;;;;;;;19.13.22;1;5;4;1;978;;14;8;4;10;7;18;18;9;16;5;12;13;
a09AH#G4~47BH;s;r;;;;;19.13.28;1;5;4;1;981;;14;8;4;10;7;18;18;9;16;5;12;13;
*04DH=~~~47B;s;;;;;;19.13.28;1;5;4;1;981;;14;8;4;10;7;18;18;9;16;5;12;13;
ap12:13;;;;;;;19.13.32;1;5;4;1;985;;14;8;4;10;7;18;18;9;16;5;12;13;
az3;;;;;;;19.13.32;1;5;3;1;987;;14;8;4;10;7;18;9;16;5;12;13;18;
a09SQ!~~~11C;;;;;;;19.13.48;1;5;3;1;1005;;14;8;4;10;7;18;9;16;5;12;13;18;
*15RQ+~~~11C;;;;;;;19.13.48;1;5;3;1;1005;;14;8;4;10;7;18;9;16;5;12;13;18;
*07EN+K8B~3~2;;;;;;;19.13.48;1;5;3;1;1005;;14;8;4;10;7;18;9;16;5;12;13;18;
*08AT-W2~26~H;;r;;;;;19.13.56;1;5;3;1;1008;;14;8;4;10;7;18;9;16;5;12;13;18;
a12BN+~~~~4;;;;;;;19.13.56;1;5;3;1;1008;;14;8;4;10;7;18;9;16;5;12;13;18;
a09DH+;;;;;;;19.13.59;1;5;3;1;1008;;14;8;4;10;7;18;9;16;5;12;13;18;
a05EH+~~B;;;;;;;19.13.59;1;5;3;1;1008;;14;8;4;10;7;18;9;16;5;12;13;18;
a18AH-G9~91CH;;p;;;;;19.14.01;1;5;3;1;1011;;14;8;4;10;7;18;9;16;5;12;13;18;
*10BH+~~~~4;;;;;;;19.14.01;1;5;3;1;1011;;14;8;4;10;7;18;9;16;5;12;13;18;
*18DH+;;;;;;;19.14.06;1;5;3;1;1011;;14;8;4;10;7;18;9;16;5;12;13;18;
*15EH+~~B~~~2;;;;;;;19.14.06;1;5;3;1;1011;;14;8;4;10;7;18;9;16;5;12;13;18;
*08AH#G2~21CH;s;s;;;;;19.14.08;1;5;3;1;1014;;14;8;4;10;7;18;9;16;5;12;13;18;
a$$&H=;s;;;;;;19.14.08;1;5;3;1;1014;;14;8;4;10;7;18;9;16;5;12;13;18;
*p13:13;;;;;;;19.14.12;1;5;3;1;1019;;14;8;4;10;7;18;9;16;5;12;13;18;
*z4;;;;;;;19.14.12;1;4;3;1;1027;;8;4;10;7;18;14;9;16;5;12;13;18;
*08SQ#~~~11D;p;;;;;;19.14.25;1;4;3;1;1041;;8;4;10;7;18;14;9;16;5;12;13;18;
a09RQ=~~~11D;p;;;;;;19.14.25;1;4;3;1;1041;;8;4;10;7;18;14;9;16;5;12;13;18;
*p14:13;;;;;;;19.14.29;1;4;3;1;1045;;8;4;10;7;18;14;9;16;5;12;13;18;
ac09:08;;;;;;;19.14.29;1;4;3;1;1044;;8;4;10;7;18;14;8;16;5;12;13;18;
*08SQ=~~~11D;s;;;;;;19.14.58;1;4;3;1;1074;;8;4;10;7;18;14;8;16;5;12;13;18;
a$$&H#;s;;;;;;19.14.58;1;4;3;1;1074;;8;4;10;7;18;14;8;16;5;12;13;18;
ap14:14;;;;;;;19.15.03;1;4;3;1;1080;;8;4;10;7;18;14;8;16;5;12;13;18;
az2;;;;;;;19.15.03;1;4;2;1;1078;;8;4;10;7;18;14;16;5;12;13;18;8;
a16SQ-~~~16B;;;;;;;19.15.24;1;4;2;1;1100;;8;4;10;7;18;14;16;5;12;13;18;8;
*18RQ+~~~16B;;;;;;;19.15.24;1;4;2;1;1100;;8;4;10;7;18;14;16;5;12;13;18;8;
*07EH+KFB~4~2;;;;;;;19.15.24;1;4;2;1;1100;;8;4;10;7;18;14;16;5;12;13;18;8;
*08AT+Y9~91CH;;r;;;;;19.15.32;1;4;2;1;1103;;8;4;10;7;18;14;16;5;12;13;18;8;
a18DT-~~~91C;;;;;;;19.15.32;1;4;2;1;1103;;8;4;10;7;18;14;16;5;12;13;18;8;
*15DH+;;;;;;;19.15.35;1;4;2;1;1103;;8;4;10;7;18;14;16;5;12;13;18;8;
*07EN+~~P;;;;;;;19.15.35;1;4;2;1;1103;;8;4;10;7;18;14;16;5;12;13;18;8;
*18AT#Y8~85CH;s;s;;;;;19.15.37;1;4;2;1;1106;;8;4;10;7;18;14;16;5;12;13;18;8;
a$$&H=;s;;;;;;19.15.37;1;4;2;1;1106;;8;4;10;7;18;14;16;5;12;13;18;8;
*p15:14;;;;;;;19.15.44;1;4;2;1;1113;;8;4;10;7;18;14;16;5;12;13;18;8;
*z3;;;;;;;19.15.44;1;3;2;1;1119;;4;10;7;18;14;8;16;5;12;13;18;8;
*04SQ=~~~61D;s;;;;;;19.16.34;1;3;2;1;1170;;4;10;7;18;14;8;16;5;12;13;18;8;
a$$&H#;s;;;;;;19.16.34;1;3;2;1;1170;;4;10;7;18;14;8;16;5;12;13;18;8;
ap15:15;;;;;;;19.16.38;1;3;2;1;1174;;4;10;7;18;14;8;16;5;12;13;18;8;
az1;;;;;;;19.16.38;1;3;1;1;1173;;4;10;7;18;14;8;5;12;13;18;8;16;
a05SQ=~~~55~~~N;s;;;;;;19.17.00;1;3;1;1;1196;;4;10;7;18;14;8;5;12;13;18;8;16;
*$$&H#;s;;;;;;19.17.00;1;3;1;1;1196;;4;10;7;18;14;8;5;12;13;18;8;16;
*p16:15;;;;;;;19.17.04;1;3;1;1;1201;;4;10;7;18;14;8;5;12;13;18;8;16;
*z2;;;;;;;19.17.04;1;2;1;1;1199;;10;7;18;14;8;4;5;12;13;18;8;16;
*10SQ!~~~17A~~N;;;;;;;19.17.28;1;2;1;1;1224;;10;7;18;14;8;4;5;12;13;18;8;16;
a08RQ+~~~17A;;;;;;;19.17.28;1;2;1;1;1224;;10;7;18;14;8;4;5;12;13;18;8;16;
a05EN+K1F~2~2;;;;;;;19.17.28;1;2;1;1;1224;;10;7;18;14;8;4;5;12;13;18;8;16;
a18AT+W4~42~P;;r;;;;;19.17.35;1;2;1;1;1227;;10;7;18;14;8;4;5;12;13;18;8;16;
*07BN-~~~~2;;;;;;;19.17.35;1;2;1;1;1227;;10;7;18;14;8;4;5;12;13;18;8;16;
a08DH+;;;;;;;19.17.39;1;2;1;1;1227;;10;7;18;14;8;4;5;12;13;18;8;16;
a05EN+~~F;;;;;;;19.17.39;1;2;1;1;1227;;10;7;18;14;8;4;5;12;13;18;8;16;
a18AT#W4~45BH;s;s;;;;;19.17.40;1;2;1;1;1230;;10;7;18;14;8;4;5;12;13;18;8;16;
*14BN/~~~~2;s;;;;;;19.17.40;1;2;1;1;1230;;10;7;18;14;8;4;5;12;13;18;8;16;
ap16:16;;;;;;;19.17.47;1;2;1;1;1235;;10;7;18;14;8;4;5;12;13;18;8;16;
az6;;;;;;;19.17.47;1;2;6;1;1242;;10;7;18;14;8;4;12;13;18;8;16;5;
a12SQ+~~~16B;;;;;;;19.17.59;1;2;6;1;1255;;10;7;18;14;8;4;12;13;18;8;16;5;
*04RQ-~~~16B;;;;;;;19.17.59;1;2;6;1;1255;;10;7;18;14;8;4;12;13;18;8;16;5;
*07EH+~~F;;;;;;;19.17.59;1;2;6;1;1255;;10;7;18;14;8;4;12;13;18;8;16;5;
*18AH-G4~41~H;;r;;;;;19.18.06;1;2;6;1;1258;;10;7;18;14;8;4;12;13;18;8;16;5;
a18BH+~~~~2;;;;;;;19.18.06;1;2;6;1;1258;;10;7;18;14;8;4;12;13;18;8;16;5;
a12DH+;;;;;;;19.18.10;1;2;6;1;1258;;10;7;18;14;8;4;12;13;18;8;16;5;
a05EH+~~F;;;;;;;19.18.10;1;2;6;1;1258;;10;7;18;14;8;4;12;13;18;8;16;5;
a08AH=G4~41DH;s;p;;;;;19.18.13;1;2;6;1;1261;;10;7;18;14;8;4;12;13;18;8;16;5;
*$$&H#;s;;;;;;19.18.13;1;2;6;1;1261;;10;7;18;14;8;4;12;13;18;8;16;5;
*p17:16;;;;;;;19.18.17;1;2;6;1;1265;;10;7;18;14;8;4;12;13;18;8;16;5;
*z1;;;;;;;19.18.17;1;1;6;1;1272;;7;18;14;8;4;10;12;13;18;8;16;5;
ac08:09;;;;;;;19.18.17;1;1;6;1;1272;;7;18;14;8;4;10;12;13;18;9;16;5;
*07SH+~~~11B;;;;;;;19.18.33;1;1;6;1;1288;;7;18;14;8;4;10;12;13;18;9;16;5;
a12RH-~~~11B;;;;;;;19.18.33;1;1;6;1;1288;;7;18;14;8;4;10;12;13;18;9;16;5;
a05EN+~~B;;;;;;;19.18.33;1;1;6;1;1288;;7;18;14;8;4;10;12;13;18;9;16;5;
a18AT#W2~25BH;s;r;;;;;19.18.37;1;1;6;1;1291;;7;18;14;8;4;10;12;13;18;9;16;5;
*$$&H=;s;;;;;;19.18.37;1;1;6;1;1291;;7;18;14;8;4;10;12;13;18;9;16;5;
ap17:17;;;;;;;19.18.42;1;1;6;1;1296;;7;18;14;8;4;10;12;13;18;9;16;5;
az5;;;;;;;19.18.42;1;1;5;1;1297;;7;18;14;8;4;10;13;18;9;16;5;12;
ac13:07;;;;;;;19.18.42;1;1;5;1;1297;;7;18;14;8;4;10;7;18;9;16;5;12;
a07SH!~~~59D;;;;;;;19.19.10;1;1;5;1;1326;;7;18;14;8;4;10;7;18;9;16;5;12;
*18RH+~~~59DO;;;;;;;19.19.10;1;1;5;1;1326;;7;18;14;8;4;10;7;18;9;16;5;12;
*07EQ+K1C~2~2;;;;;;;19.19.10;1;1;5;1;1326;;7;18;14;8;4;10;7;18;9;16;5;12;
*14AQ#J1~35BH;s;r;;;;;19.19.16;1;1;5;1;1329;;7;18;14;8;4;10;7;18;9;16;5;12;
a07DQ=~~~35B;s;;;;;;19.19.16;1;1;5;1;1329;;7;18;14;8;4;10;7;18;9;16;5;12;
*p18:17;;;;;;;19.19.19;1;1;5;1;1334;;7;18;14;8;4;10;7;18;9;16;5;12;
*z6;;;;;;;19.19.19;1;6;5;1;1334;;18;14;8;4;10;7;7;18;9;16;5;12;
*18SQ+~~~65B;;;;;;;19.19.39;1;6;5;1;1355;;18;14;8;4;10;7;7;18;9;16;5;12;
a09RQ-~~~65B;;;;;;;19.19.39;1;6;5;1;1355;;18;14;8;4;10;7;7;18;9;16;5;12;
a05EH+~~F;;;;;;;19.19.39;1;6;5;1;1355;;18;14;8;4;10;7;7;18;9;16;5;12;
a09AH#G4~45~H;s;r;;;;;19.19.44;1;6;5;1;1358;;18;14;8;4;10;7;7;18;9;16;5;12;
*08BH/~~~~2;s;;;;;;19.19.44;1;6;5;1;1358;;18;14;8;4;10;7;7;18;9;16;5;12;
ap18:18;;;;;;;19.19.48;1;6;5;1;1363;;18;14;8;4;10;7;7;18;9;16;5;12;
az4;;;;;;;19.19.48;1;6;4;1;1363;;18;14;8;4;10;7;18;9;16;5;12;7;
a18SQ!~~~15C;;;;;;;19.20.06;1;6;4;1;1382;;18;14;8;4;10;7;18;9;16;5;12;7;
*04RQ!~~~15C;;;;;;;19.20.06;1;6;4;1;1382;;18;14;8;4;10;7;18;9;16;5;12;7;
*07EN+K8F~2~2;;;;;;;19.20.06;1;6;4;1;1382;;18;14;8;4;10;7;18;9;16;5;12;7;
*04AT-W4~45BH;;r;;;;;19.20.13;1;6;4;1;1385;;18;14;8;4;10;7;18;9;16;5;12;7;
a12DN+~~~45B;;;;;;;19.20.13;1;6;4;1;1385;;18;14;8;4;10;7;18;9;16;5;12;7;
a05EN+~~B;;;;;;;19.20.13;1;6;4;1;1385;;18;14;8;4;10;7;18;9;16;5;12;7;
a18AT#Y9~99~H;p;p;;;;;19.20.16;1;6;4;1;1388;;18;14;8;4;10;7;18;9;16;5;12;7;
*$$&H=;p;;;;;;19.20.16;1;6;4;1;1388;;18;14;8;4;10;7;18;9;16;5;12;7;
ap18:19;;;;;;;19.20.18;1;6;4;1;1393;;18;14;8;4;10;7;18;9;16;5;12;7;
a18SQ!~~~65B;;;;;;;19.20.40;1;6;4;1;1416;;18;14;8;4;10;7;18;9;16;5;12;7;
*04RQ!~~~65B;;;;;;;19.20.40;1;6;4;1;1416;;18;14;8;4;10;7;18;9;16;5;12;7;
*07EH/KF~~4~2;;;;;;;19.20.40;1;6;4;1;1416;;18;14;8;4;10;7;18;9;16;5;12;7;
a09AO#V4~4~~H;p;p;;;;;19.20.50;1;6;4;1;1419;;18;14;8;4;10;7;18;9;16;5;12;7;
*$$&H=;p;;;;;;19.20.50;1;6;4;1;1419;;18;14;8;4;10;7;18;9;16;5;12;7;
ap18:20;;;;;;;19.20.54;1;6;4;1;1424;;18;14;8;4;10;7;18;9;16;5;12;7;
*T;;;;;;;19.20.54;1;6;4;1;1429;;18;14;8;4;10;7;18;9;16;5;12;7;
a18SH-~~~17~~~N;;;;;;;19.21.54;1;6;4;1;1490;;18;14;8;4;10;7;18;9;16;5;12;7;
*04RH#~~~17;;;;;;;19.21.54;1;6;4;1;1490;;18;14;8;4;10;7;18;9;16;5;12;7;
*07EN+K3B~2~2;;;;;;;19.21.54;1;6;4;1;1490;;18;14;8;4;10;7;18;9;16;5;12;7;
*08AT#W2~21~H;s;r;;;;;19.22.00;1;6;4;1;1493;;18;14;8;4;10;7;18;9;16;5;12;7;
a09BN/~~~~4;s;;;;;;19.22.00;1;6;4;1;1493;;18;14;8;4;10;7;18;9;16;5;12;7;
*p19:20;;;;;;;19.22.02;1;6;4;1;1498;;18;14;8;4;10;7;18;9;16;5;12;7;
*z5;;;;;;;19.22.02;1;5;4;1;1497;;14;8;4;10;7;18;18;9;16;5;12;7;
*14SH-~~~56C;;;;;;;19.22.20;1;5;4;1;1516;;14;8;4;10;7;18;18;9;16;5;12;7;
a12RH#~~~56C;;;;;;;19.22.20;1;5;4;1;1516;;14;8;4;10;7;18;18;9;16;5;12;7;
a05EQ+K1C~3~2;;;;;;;19.22.20;1;5;4;1;1516;;14;8;4;10;7;18;18;9;16;5;12;7;
a16AQ+J1~31CH;;r;;;;;19.22.25;1;5;4;1;1519;;14;8;4;10;7;18;18;9;16;5;12;7;
*07DQ-~~~31C;;;;;;;19.22.25;1;5;4;1;1519;;14;8;4;10;7;18;18;9;16;5;12;7;
*18FH-;;;;;;;19.22.29;1;5;4;1;1522;;14;8;4;10;7;18;18;9;16;5;12;7;
a15DH+;;;;;;;19.22.31;1;5;4;1;1522;;14;8;4;10;7;18;18;9;16;5;12;7;
a05EN+~~F;;;;;;;19.22.31;1;5;4;1;1522;;14;8;4;10;7;18;18;9;16;5;12;7;
a09AT#W4~41CH;s;s;;;;;19.22.33;1;5;4;1;1525;;14;8;4;10;7;18;18;9;16;5;12;7;
*08BN/~~~~2;s;;;;;;19.22.33;1;5;4;1;1525;;14;8;4;10;7;18;18;9;16;5;12;7;
ap19:21;;;;;;;19.22.36;1;5;4;1;1530;;14;8;4;10;7;18;18;9;16;5;12;7;
az3;;;;;;;19.22.36;1;5;3;1;1531;;14;8;4;10;7;18;9;16;5;12;7;18;
a09SQ!~~~16B;;;;;;;19.22.55;1;5;3;1;1551;;14;8;4;10;7;18;9;16;5;12;7;18;
*18RQ!~~~16B;;;;;;;19.22.55;1;5;3;1;1551;;14;8;4;10;7;18;9;16;5;12;7;18;
*07ET+K7F~3~2;;;;;;;19.22.55;1;5;3;1;1551;;14;8;4;10;7;18;9;16;5;12;7;18;
*04AT-W4~45~H;;r;;;;;19.23.02;1;5;3;1;1554;;14;8;4;10;7;18;9;16;5;12;7;18;
a16BT+~~~~2;;;;;;;19.23.02;1;5;3;1;1554;;14;8;4;10;7;18;9;16;5;12;7;18;
a15DH+;;;;;;;19.23.05;1;5;3;1;1554;;14;8;4;10;7;18;9;16;5;12;7;18;
a05EH+~~F;;;;;;;19.23.05;1;5;3;1;1554;;14;8;4;10;7;18;9;16;5;12;7;18;
a12AH/G4~41~H;s;p;;;;;19.23.06;1;5;3;1;1557;;14;8;4;10;7;18;9;16;5;12;7;18;
*08BH#~~~~2;s;;;;;;19.23.06;1;5;3;1;1557;;14;8;4;10;7;18;9;16;5;12;7;18;
*p20:21;;;;;;;19.23.08;1;5;3;1;1563;;14;8;4;10;7;18;9;16;5;12;7;18;
*z4;;;;;;;19.23.08;1;4;3;1;1563;;8;4;10;7;18;14;9;16;5;12;7;18;
*c07:11;;;;;;;19.23.08;1;4;3;1;1563;;8;4;10;11;18;14;9;16;5;12;7;18;
*P11;;;;;;;19.23.08;1;4;3;1;1563;;8;4;10;11;18;14;9;16;5;12;7;18;
*z4;;;;;;;19.23.08;1;4;3;1;1563;;8;4;10;11;18;14;9;16;5;12;7;18;
*08ST-~~~66B;;;;;;;19.23.44;1;4;3;1;1600;;8;4;10;11;18;14;9;16;5;12;7;18;
a15RT#~~~66B;;;;;;;19.23.44;1;4;3;1;1600;;8;4;10;11;18;14;9;16;5;12;7;18;
a05EN+K2F~3~2;;;;;;;19.23.44;1;4;3;1;1600;;8;4;10;11;18;14;9;16;5;12;7;18;
a12AT#W4~41CH;s;r;;;;;19.23.49;1;4;3;1;1603;;8;4;10;11;18;14;9;16;5;12;7;18;
*11BN/~~~~2;s;;;;;;19.23.49;1;4;3;1;1603;;8;4;10;11;18;14;9;16;5;12;7;18;
*08DH/;;;;;;;19.23.59;1;4;3;1;1603;;8;4;10;11;18;14;9;16;5;12;7;18;
ap20:22;;;;;;;19.24.00;1;4;3;1;1607;;8;4;10;11;18;14;9;16;5;12;7;18;
az2;;;;;;;19.24.00;1;4;2;1;1615;;8;4;10;11;18;14;16;5;12;7;18;9;
ac07:13;;;;;;;19.24.00;1;4;2;1;1615;;8;4;10;11;18;14;16;5;12;13;18;9;
*c08:16;;;;;;;19.24.00;1;4;2;1;1615;;16;4;10;11;18;14;16;5;12;13;18;9;
*P16;;;;;;;19.24.00;1;4;2;1;1615;;16;4;10;11;18;14;16;5;12;13;18;9;
*z1;;;;;;;19.24.00;1;1;2;1;1615;;16;4;10;11;18;14;16;5;12;13;18;9;
a16SQ!~~~16C;;;;;;;19.24.30;1;1;2;1;1646;;16;4;10;11;18;14;16;5;12;13;18;9;
*15RQ!~~~16C;;;;;;;19.24.30;1;1;2;1;1646;;16;4;10;11;18;14;16;5;12;13;18;9;
*16EN+K9F~~~2;;;;;;;19.24.30;1;1;2;1;1646;;16;4;10;11;18;14;16;5;12;13;18;9;
*11AT-W4~41~P;;r;;;;;19.24.36;1;1;2;1;1649;;16;4;10;11;18;14;16;5;12;13;18;9;
a18DT+~~~41;;;;;;;19.24.36;1;1;2;1;1649;;16;4;10;11;18;14;16;5;12;13;18;9;
a05EH+~~F;;;;;;;19.24.36;1;1;2;1;1649;;16;4;10;11;18;14;16;5;12;13;18;9;
a12AH/G4~45~H;s;p;;;;;19.24.40;1;1;2;1;1652;;16;4;10;11;18;14;16;5;12;13;18;9;
*10BH#~~~~2;s;;;;;;19.24.40;1;1;2;1;1652;;16;4;10;11;18;14;16;5;12;13;18;9;
*p21:22;;;;;;;19.24.43;1;1;2;1;1659;;16;4;10;11;18;14;16;5;12;13;18;9;
*z6;;;;;;;19.24.43;1;6;2;1;1658;;4;10;11;18;14;16;16;5;12;13;18;9;
*04SQ/~~~66;;;;;;;19.25.03;1;6;2;1;1679;;4;10;11;18;14;16;16;5;12;13;18;9;
a09RQ/~~~66;;;;;;;19.25.03;1;6;2;1;1679;;4;10;11;18;14;16;16;5;12;13;18;9;
*10AO+V3~33~T;;p;;;;;19.25.10;1;6;2;1;1681;;4;10;11;18;14;16;16;5;12;13;18;9;
a05BO-~~~~3;;;;;;;19.25.10;1;6;2;1;1681;;4;10;11;18;14;16;16;5;12;13;18;9;
*10DH+;;;;;;;19.25.10;1;6;2;1;1681;;4;10;11;18;14;16;16;5;12;13;18;9;
*16EH+~~F;;;;;;;19.25.10;1;6;2;1;1681;;4;10;11;18;14;16;16;5;12;13;18;9;
*18AH/G4~45~H;s;p;;;;;19.25.16;1;6;2;1;1684;;4;10;11;18;14;16;16;5;12;13;18;9;
a13BH#~~~~2;s;;;;;;19.25.16;1;6;2;1;1684;;4;10;11;18;14;16;16;5;12;13;18;9;
ap21:23;;;;;;;19.25.27;1;6;2;1;1689;;4;10;11;18;14;16;16;5;12;13;18;9;
az1;;;;;;;19.25.27;1;6;1;1;1702;;4;10;11;18;14;16;5;12;13;18;9;16;
a05SQ-~~~55B;;;;;;;19.25.35;1;6;1;1;1711;;4;10;11;18;14;16;5;12;13;18;9;16;
*18RQ#~~~55B;;;;;;;19.25.35;1;6;1;1;1711;;4;10;11;18;14;16;5;12;13;18;9;16;
*16EN+K1F~3~2;;;;;;;19.25.35;1;6;1;1;1711;;4;10;11;18;14;16;5;12;13;18;9;16;
*18AT#W4~47BH;s;r;;;;;19.25.41;1;6;1;1;1714;;4;10;11;18;14;16;5;12;13;18;9;16;
a$$&H=;s;;;;;;19.25.41;1;6;1;1;1714;;4;10;11;18;14;16;5;12;13;18;9;16;
*p22:23;;;;;;;19.25.42;1;6;1;1;1718;;4;10;11;18;14;16;5;12;13;18;9;16;
*z5;;;;;;;19.25.42;1;5;1;1;1717;;10;11;18;14;16;4;5;12;13;18;9;16;
*10SQ-~~~15~~~N;;;;;;;19.26.15;1;5;1;1;1751;;10;11;18;14;16;4;5;12;13;18;9;16;
a09RQ#~~~15;;;;;;;19.26.15;1;5;1;1;1751;;10;11;18;14;16;4;5;12;13;18;9;16;
a05ET+K2P~2~2;;;;;;;19.26.15;1;5;1;1;1751;;10;11;18;14;16;4;5;12;13;18;9;16;
a09AT#Y8~86BH;s;r;;;;;19.26.24;1;5;1;1;1754;;10;11;18;14;16;4;5;12;13;18;9;16;
*04DT=~~~86B;s;;;;;;19.26.24;1;5;1;1;1754;;10;11;18;14;16;4;5;12;13;18;9;16;
ap22:24;;;;;;;19.26.29;1;5;1;1;1759;;10;11;18;14;16;4;5;12;13;18;9;16;
az6;;;;;;;19.26.29;1;5;6;1;1764;;10;11;18;14;16;4;12;13;18;9;16;5;
a12SQ!~~~16;;;;;;;19.26.54;1;5;6;1;1791;;10;11;18;14;16;4;12;13;18;9;16;5;
*04RQ!~~~16;;;;;;;19.26.54;1;5;6;1;1791;;10;11;18;14;16;4;12;13;18;9;16;5;
*16EN+K8P~2~2;;;;;;;19.26.54;1;5;6;1;1791;;10;11;18;14;16;4;12;13;18;9;16;5;
*04AT#Y8~81DH;s;r;;;;;19.27.02;1;5;6;1;1794;;10;11;18;14;16;4;12;13;18;9;16;5;
a$$&H=;s;;;;;;19.27.02;1;5;6;1;1794;;10;11;18;14;16;4;12;13;18;9;16;5;
*p23:24;;;;;;;19.27.05;1;5;6;1;1798;;10;11;18;14;16;4;12;13;18;9;16;5;
*z4;;;;;;;19.27.05;1;4;6;1;1800;;11;18;14;16;4;10;12;13;18;9;16;5;
*c11:07;;;;;;;19.27.05;1;4;6;1;1800;;7;18;14;16;4;10;12;13;18;9;16;5;
*c16:08;;;;;;;19.27.05;1;4;6;1;1800;;7;18;14;8;4;10;12;13;18;9;16;5;
*P7;;;;;;;19.27.05;1;4;6;1;1800;;7;18;14;8;4;10;12;13;18;9;16;5;
*z1;;;;;;;19.27.05;1;1;6;1;1800;;7;18;14;8;4;10;12;13;18;9;16;5;
*07SH-~~~19D;;;;;;;19.27.40;1;1;6;1;1836;;7;18;14;8;4;10;12;13;18;9;16;5;
a12RH#~~~19D;;;;;;;19.27.40;1;1;6;1;1836;;7;18;14;8;4;10;12;13;18;9;16;5;
a05EN+K3B~2~2;;;;;;;19.27.40;1;1;6;1;1836;;7;18;14;8;4;10;12;13;18;9;16;5;
a18AT-W2~26BP;;r;;;;;19.27.46;1;1;6;1;1839;;7;18;14;8;4;10;12;13;18;9;16;5;
*18BN+~~~~4;;;;;;;19.27.46;1;1;6;1;1839;;7;18;14;8;4;10;12;13;18;9;16;5;
*04DH+;;;;;;;19.27.49;1;1;6;1;1839;;7;18;14;8;4;10;12;13;18;9;16;5;
*07EN+~~B;;;;;;;19.27.49;1;1;6;1;1839;;7;18;14;8;4;10;12;13;18;9;16;5;
*08AT#W2~21~H;p;p;;;;;19.27.50;1;1;6;1;1842;;7;18;14;8;4;10;12;13;18;9;16;5;
a09BN/~~~~4;p;;;;;;19.27.50;1;1;6;1;1842;;7;18;14;8;4;10;12;13;18;9;16;5;
*p24:24;;;;;;;19.27.55;1;1;6;1;1847;;7;18;14;8;4;10;12;13;18;9;16;5;
aT;;;;;;;19.27.55;1;1;6;1;1850;;7;18;14;8;4;10;12;13;18;9;16;5;
*c18:19;;;;;;;19.27.55;1;1;6;1;1850;;7;19;14;8;4;10;12;13;18;9;16;5;
*07SH!~~~17A;;;;;;;19.29.09;1;1;6;1;1925;;7;19;14;8;4;10;12;13;18;9;16;5;
a09RH+~~~17A;;;;;;;19.29.09;1;1;6;1;1925;;7;19;14;8;4;10;12;13;18;9;16;5;
a05EN+K3F~3~2;;;;;;;19.29.09;1;1;6;1;1925;;7;19;14;8;4;10;12;13;18;9;16;5;
a09AT/W4~46~H;p;r;;;;;19.29.17;1;1;6;1;1928;;7;19;14;8;4;10;12;13;18;9;16;5;
*08BN#~~~~2;p;;;;;;19.29.17;1;1;6;1;1928;;7;19;14;8;4;10;12;13;18;9;16;5;
*p25:24;;;;;;;19.29.23;1;1;6;1;1933;;7;19;14;8;4;10;12;13;18;9;16;5;
*07SH-~~~16C;;;;;;;19.29.33;1;1;6;1;1949;;7;19;14;8;4;10;12;13;18;9;16;5;
a15RH#~~~16C;;;;;;;19.29.33;1;1;6;1;1949;;7;19;14;8;4;10;12;13;18;9;16;5;
a05EN+K2F~2~2;;;;;;;19.29.33;1;1;6;1;1949;;7;19;14;8;4;10;12;13;18;9;16;5;
a09AT/W4~41~H;p;r;;;;;19.29.44;1;1;6;1;1952;;7;19;14;8;4;10;12;13;18;9;16;5;
*08BN#~~~~2;p;;;;;;19.29.44;1;1;6;1;1952;;7;19;14;8;4;10;12;13;18;9;16;5;
*p26:24;;;;;;;19.29.50;1;1;6;1;1957;;7;19;14;8;4;10;12;13;18;9;16;5;
**1set;;;;;;;19.29.50;2;1;6;1;1965;;;;;;;;;;;;;;
*P07>LUp;;;;;;;19.29.50;2;1;6;1;1965;;10;7;18;14;8;4;13;18;9;16;5;12;
*z2>LUp;;;;;;;19.29.50;2;2;6;1;1965;;10;7;18;14;8;4;13;18;9;16;5;12;
aP05>LUp;;;;;;;19.29.50;2;2;6;1;1965;;10;7;18;14;8;4;13;18;9;16;5;12;
az5>LUp;;;;;;;19.29.50;2;2;5;1;1965;;10;7;18;14;8;4;13;18;9;16;5;12;
a13SH-~~~57~~~N;;;;;;;19.33.35;2;2;5;1;2190;;10;7;18;14;8;4;13;18;9;16;5;12;
*18RH#~~~57;;;;;;;19.33.35;2;2;5;1;2190;;10;7;18;14;8;4;13;18;9;16;5;12;
*07EN+K2P~2~2;;;;;;;19.33.35;2;2;5;1;2190;;10;7;18;14;8;4;13;18;9;16;5;12;
*04AT-Y8~87AH;;r;;;;;19.33.41;2;2;5;1;2193;;10;7;18;14;8;4;13;18;9;16;5;12;
a13DN+~~~87A;;;;;;;19.33.41;2;2;5;1;2193;;10;7;18;14;8;4;13;18;9;16;5;12;
a05EH+~~F;;;;;;;19.33.41;2;2;5;1;2193;;10;7;18;14;8;4;13;18;9;16;5;12;
a09AH#G4~45~H;p;p;;;;;19.33.46;2;2;5;1;2196;;10;7;18;14;8;4;13;18;9;16;5;12;
*14BH/~~~~2;p;;;;;;19.33.46;2;2;5;1;2196;;10;7;18;14;8;4;13;18;9;16;5;12;
*15DH/;;;;;;;19.33.52;2;2;5;1;2196;;10;7;18;14;8;4;13;18;9;16;5;12;
ap00:01;;;;;;;19.33.52;2;2;5;1;2202;;10;7;18;14;8;4;13;18;9;16;5;12;
a13SH-~~~57A;;;;;;;19.34.10;2;2;5;1;2226;;10;7;18;14;8;4;13;18;9;16;5;12;
*18RH#~~~57A;;;;;;;19.34.10;2;2;5;1;2226;;10;7;18;14;8;4;13;18;9;16;5;12;
*07EN+K2F~2~2;;;;;;;19.34.10;2;2;5;1;2226;;10;7;18;14;8;4;13;18;9;16;5;12;
*18AT-W4~41~H;;r;;;;;19.34.16;2;2;5;1;2229;;10;7;18;14;8;4;13;18;9;16;5;12;
a18BN+~~~~2;;;;;;;19.34.16;2;2;5;1;2229;;10;7;18;14;8;4;13;18;9;16;5;12;
a09DH+;;;;;;;19.34.22;2;2;5;1;2229;;10;7;18;14;8;4;13;18;9;16;5;12;
a05EQ+~~C;;;;;;;19.34.22;2;2;5;1;2229;;10;7;18;14;8;4;13;18;9;16;5;12;
a16AQ/J1~37~H;s;p;;;;;19.34.25;2;2;5;1;2232;;10;7;18;14;8;4;13;18;9;16;5;12;
*18BQ#~~~~3;s;;;;;;19.34.25;2;2;5;1;2232;;10;7;18;14;8;4;13;18;9;16;5;12;
*p01:01;;;;;;;19.34.28;2;2;5;1;2237;;10;7;18;14;8;4;13;18;9;16;5;12;
*z1;;;;;;;19.34.28;2;1;5;1;2243;;7;18;14;8;4;10;13;18;9;16;5;12;
*07SH-~~~16C;;;;;;;19.34.38;2;1;5;1;2254;;7;18;14;8;4;10;13;18;9;16;5;12;
a12RH#~~~16CO;;;;;;;19.34.38;2;1;5;1;2254;;7;18;14;8;4;10;13;18;9;16;5;12;
a05EN+K2B~2~2;;;;;;;19.34.38;2;1;5;1;2254;;7;18;14;8;4;10;13;18;9;16;5;12;
a18AT-W2~25~H;;r;;;;;19.34.44;2;1;5;1;2257;;7;18;14;8;4;10;13;18;9;16;5;12;
*15DN+~~~25;;;;;;;19.34.44;2;1;5;1;2257;;7;18;14;8;4;10;13;18;9;16;5;12;
*18EH+~~B~~~2;;;;;;;19.34.44;2;1;5;1;2257;;7;18;14;8;4;10;13;18;9;16;5;12;
*08AH-G2~21DP;;p;;;;;19.34.49;2;1;5;1;2260;;7;18;14;8;4;10;13;18;9;16;5;12;
a12DH+~~~21D;;;;;;;19.34.49;2;1;5;1;2260;;7;18;14;8;4;10;13;18;9;16;5;12;
a05EN+~~B;;;;;;;19.34.49;2;1;5;1;2260;;7;18;14;8;4;10;13;18;9;16;5;12;
a18AT/W2~21CH;p;s;;;;;19.34.55;2;1;5;1;2263;;7;18;14;8;4;10;13;18;9;16;5;12;
*14BN#~~~~4;p;;;;;;19.34.55;2;1;5;1;2263;;7;18;14;8;4;10;13;18;9;16;5;12;
*p02:01;;;;;;;19.34.59;2;1;5;1;2268;;7;18;14;8;4;10;13;18;9;16;5;12;
*07SH!~~~17A;;;;;;;19.35.13;2;1;5;1;2289;;7;18;14;8;4;10;13;18;9;16;5;12;
a09RH+~~~17A;;;;;;;19.35.13;2;1;5;1;2289;;7;18;14;8;4;10;13;18;9;16;5;12;
a05EN+K2P~2~2;;;;;;;19.35.13;2;1;5;1;2289;;7;18;14;8;4;10;13;18;9;16;5;12;
a12AT-Y8~85BH;;r;;;;;19.35.19;2;1;5;1;2292;;7;18;14;8;4;10;13;18;9;16;5;12;
*15DN+~~~85B;;;;;;;19.35.19;2;1;5;1;2292;;7;18;14;8;4;10;13;18;9;16;5;12;
*07EH+~~F;;;;;;;19.35.19;2;1;5;1;2292;;7;18;14;8;4;10;13;18;9;16;5;12;
*18AH-G4~42~T;;p;;;;;19.35.22;2;1;5;1;2295;;7;18;14;8;4;10;13;18;9;16;5;12;
a18BH+~~~~2;;;;;;;19.35.22;2;1;5;1;2295;;7;18;14;8;4;10;13;18;9;16;5;12;
a18DH+;;;;;;;19.35.22;2;1;5;1;2295;;7;18;14;8;4;10;13;18;9;16;5;12;
a15EH+~~F~~~2;;;;;;;19.35.22;2;1;5;1;2295;;7;18;14;8;4;10;13;18;9;16;5;12;
a09AH-G4~45~H;;s;;;;;19.35.30;2;1;5;1;2298;;7;18;14;8;4;10;13;18;9;16;5;12;
*15DH+~~~45;;;;;;;19.35.30;2;1;5;1;2298;;7;18;14;8;4;10;13;18;9;16;5;12;
*07EN+~~P;;;;;;;19.35.30;2;1;5;1;2298;;7;18;14;8;4;10;13;18;9;16;5;12;
*04AT#Y8~86~H;p;p;;;;;19.35.34;2;1;5;1;2302;;7;18;14;8;4;10;13;18;9;16;5;12;
a16BN/~~~~3;p;;;;;;19.35.34;2;1;5;1;2302;;7;18;14;8;4;10;13;18;9;16;5;12;
*p03:01;;;;;;;19.35.37;2;1;5;1;2307;;7;18;14;8;4;10;13;18;9;16;5;12;
*07SH-~~~11C;;;;;;;19.35.49;2;1;5;1;2325;;7;18;14;8;4;10;13;18;9;16;5;12;
a15RH#~~~11C;;;;;;;19.35.49;2;1;5;1;2325;;7;18;14;8;4;10;13;18;9;16;5;12;
a05EN+K2F~2~2;;;;;;;19.35.49;2;1;5;1;2325;;7;18;14;8;4;10;13;18;9;16;5;12;
a09AT#W4~42~T;s;r;;;;;19.35.56;2;1;5;1;2328;;7;18;14;8;4;10;13;18;9;16;5;12;
*08BN/~~~~2;s;;;;;;19.35.56;2;1;5;1;2328;;7;18;14;8;4;10;13;18;9;16;5;12;
ap03:02;;;;;;;19.36.02;2;1;5;1;2333;;7;18;14;8;4;10;13;18;9;16;5;12;
az4;;;;;;;19.36.02;2;1;4;1;2337;;7;18;14;8;4;10;18;9;16;5;12;13;
a18SQ=~~~11~~~N;s;;;;;;19.36.17;2;1;4;1;2353;;7;18;14;8;4;10;18;9;16;5;12;13;
*$$&H#;s;;;;;;19.36.17;2;1;4;1;2353;;7;18;14;8;4;10;18;9;16;5;12;13;
*p04:02;;;;;;;19.36.21;2;1;4;1;2358;;7;18;14;8;4;10;18;9;16;5;12;13;
*z6;;;;;;;19.36.21;2;6;4;1;2356;;18;14;8;4;10;7;18;9;16;5;12;13;
*18SQ/~~~65B;;;;;;;19.36.41;2;6;4;1;2376;;18;14;8;4;10;7;18;9;16;5;12;13;
a09RQ/~~~65B;;;;;;;19.36.41;2;6;4;1;2376;;18;14;8;4;10;7;18;9;16;5;12;13;
a15EH+~~~~~~2;;;;;;;19.36.41;2;6;4;1;2376;;18;14;8;4;10;7;18;9;16;5;12;13;
a09FH-;;;;;;;19.36.48;2;6;4;1;2379;;18;14;8;4;10;7;18;9;16;5;12;13;
*14DH+;;;;;;;19.36.49;2;6;4;1;2379;;18;14;8;4;10;7;18;9;16;5;12;13;
*07EQ+~~C;;;;;;;19.36.49;2;6;4;1;2379;;18;14;8;4;10;7;18;9;16;5;12;13;
*14AQ#J1~31CH;p;p;;;;;19.36.51;2;6;4;1;2382;;18;14;8;4;10;7;18;9;16;5;12;13;
a$$&H=;p;;;;;;19.36.51;2;6;4;1;2382;;18;14;8;4;10;7;18;9;16;5;12;13;
*p05:02;;;;;;;19.36.59;2;6;4;1;2388;;18;14;8;4;10;7;18;9;16;5;12;13;
aT;;;;;;;19.36.59;2;6;4;1;2394;;18;14;8;4;10;7;18;9;16;5;12;13;
*18ST+~~~65C;;;;;;;19.38.03;2;6;4;1;2459;;18;14;8;4;10;7;18;9;16;5;12;13;
a09RT-~~~65C;;;;;;;19.38.03;2;6;4;1;2459;;18;14;8;4;10;7;18;9;16;5;12;13;
a05AO#V3~33~H;s;r;;;;;19.38.13;2;6;4;1;2461;;18;14;8;4;10;7;18;9;16;5;12;13;
*14BO=~~~~3;s;;;;;;19.38.13;2;6;4;1;2461;;18;14;8;4;10;7;18;9;16;5;12;13;
ap05:03;;;;;;;19.38.16;2;6;4;1;2466;;18;14;8;4;10;7;18;9;16;5;12;13;
az3;;;;;;;19.38.16;2;6;3;1;2471;;18;14;8;4;10;7;9;16;5;12;13;18;
a09SQ-~~~11C~~N;;;;;;;19.38.30;2;6;3;1;2486;;18;14;8;4;10;7;9;16;5;12;13;18;
*18RQ+~~~11C;;;;;;;19.38.30;2;6;3;1;2486;;18;14;8;4;10;7;9;16;5;12;13;18;
*07EN+KFB~4~2;;;;;;;19.38.30;2;6;3;1;2486;;18;14;8;4;10;7;9;16;5;12;13;18;
*08AT-W2~21~H;;r;;;;;19.38.40;2;6;3;1;2489;;18;14;8;4;10;7;9;16;5;12;13;18;
a16BN+~~~~4;;;;;;;19.38.40;2;6;3;1;2489;;18;14;8;4;10;7;9;16;5;12;13;18;
a05DH+;;;;;;;19.38.40;2;6;3;1;2489;;18;14;8;4;10;7;9;16;5;12;13;18;
a16EH+~~B;;;;;;;19.38.40;2;6;3;1;2489;;18;14;8;4;10;7;9;16;5;12;13;18;
a18AH-G9~99DP;;p;;;;;19.38.46;2;6;3;1;2492;;18;14;8;4;10;7;9;16;5;12;13;18;
*07DH+~~~99D;;;;;;;19.38.46;2;6;3;1;2492;;18;14;8;4;10;7;9;16;5;12;13;18;
*18AH-G8~86DH;;s;;;;;19.38.49;2;6;3;1;2495;;18;14;8;4;10;7;9;16;5;12;13;18;
a15DH+;;;;;;;19.38.49;2;6;3;1;2495;;18;14;8;4;10;7;9;16;5;12;13;18;
a05ET+~~B;;;;;;;19.38.49;2;6;3;1;2495;;18;14;8;4;10;7;9;16;5;12;13;18;
a18AT#Y9~95BH;p;p;;;;;19.38.52;2;6;3;1;2499;;18;14;8;4;10;7;9;16;5;12;13;18;
*18DT=~~~95B;p;;;;;;19.38.52;2;6;3;1;2499;;18;14;8;4;10;7;9;16;5;12;13;18;
ap05:04;;;;;;;19.38.57;2;6;3;1;2504;;18;14;8;4;10;7;9;16;5;12;13;18;
a09SQ+~~~15B;;;;;;;19.39.22;2;6;3;1;2538;;18;14;8;4;10;7;9;16;5;12;13;18;
*15RQ-~~~15B;;;;;;;19.39.22;2;6;3;1;2538;;18;14;8;4;10;7;9;16;5;12;13;18;
*07EH+~~F;;;;;;;19.39.22;2;6;3;1;2538;;18;14;8;4;10;7;9;16;5;12;13;18;
*04AH+G4~42~T;;r;;;;;19.39.30;2;6;3;1;2541;;18;14;8;4;10;7;9;16;5;12;13;18;
a16BH-~~~~2;;;;;;;19.39.30;2;6;3;1;2541;;18;14;8;4;10;7;9;16;5;12;13;18;
*14DH+;;;;;;;19.39.35;2;6;3;1;2541;;18;14;8;4;10;7;9;16;5;12;13;18;
*07EN+~~B;;;;;;;19.39.35;2;6;3;1;2541;;18;14;8;4;10;7;9;16;5;12;13;18;
*08AT#W2~25~H;s;s;;;;;19.39.36;2;6;3;1;2544;;18;14;8;4;10;7;9;16;5;12;13;18;
a12BN/~~~~4;s;;;;;;19.39.36;2;6;3;1;2544;;18;14;8;4;10;7;9;16;5;12;13;18;
*p06:04;;;;;;;19.39.39;2;6;3;1;2550;;18;14;8;4;10;7;9;16;5;12;13;18;
*z5;;;;;;;19.39.39;2;5;3;1;2554;;14;8;4;10;7;18;9;16;5;12;13;18;
*14SH-~~~51C;;;;;;;19.39.56;2;5;3;1;2572;;14;8;4;10;7;18;9;16;5;12;13;18;
a09RH#~~~51CO;;;;;;;19.39.56;2;5;3;1;2572;;14;8;4;10;7;18;9;16;5;12;13;18;
a05EN+K2F~3~2;;;;;;;19.39.56;2;5;3;1;2572;;14;8;4;10;7;18;9;16;5;12;13;18;
a12AT#W4~45~H;s;r;;;;;19.40.03;2;5;3;1;2575;;14;8;4;10;7;18;9;16;5;12;13;18;
*08BN/~~~~2;s;;;;;;19.40.03;2;5;3;1;2575;;14;8;4;10;7;18;9;16;5;12;13;18;
ap06:05;;;;;;;19.40.18;2;5;3;1;2579;;14;8;4;10;7;18;9;16;5;12;13;18;
az2;;;;;;;19.40.18;2;5;2;1;2593;;14;8;4;10;7;18;16;5;12;13;18;9;
a16SQ!~~~16;;;;;;;19.40.24;2;5;2;1;2600;;14;8;4;10;7;18;16;5;12;13;18;9;
*18RQ!~~~16;;;;;;;19.40.24;2;5;2;1;2600;;14;8;4;10;7;18;16;5;12;13;18;9;
*07EQ+K8C~2~2;;;;;;;19.40.24;2;5;2;1;2600;;14;8;4;10;7;18;16;5;12;13;18;9;
*10AQ+J2~36~H;;r;;;;;19.40.32;2;5;2;1;2603;;14;8;4;10;7;18;16;5;12;13;18;9;
a13BQ-~~~~3;;;;;;;19.40.32;2;5;2;1;2603;;14;8;4;10;7;18;16;5;12;13;18;9;
a05FH-;;;;;;;19.40.41;2;5;2;1;2606;;14;8;4;10;7;18;16;5;12;13;18;9;
*08AO#V2~2~~H;s;s;;;;;19.40.43;2;5;2;1;2609;;14;8;4;10;7;18;16;5;12;13;18;9;
a$$&H=;s;;;;;;19.40.43;2;5;2;1;2609;;14;8;4;10;7;18;16;5;12;13;18;9;
*p07:05;;;;;;;19.40.46;2;5;2;1;2613;;14;8;4;10;7;18;16;5;12;13;18;9;
*z4;;;;;;;19.40.46;2;4;2;1;2621;;8;4;10;7;18;14;16;5;12;13;18;9;
*08ST+~~~16D;;;;;;;19.41.05;2;4;2;1;2641;;8;4;10;7;18;14;16;5;12;13;18;9;
a09RT-~~~16D;;;;;;;19.41.05;2;4;2;1;2641;;8;4;10;7;18;14;16;5;12;13;18;9;
a05EH+~~F;;;;;;;19.41.05;2;4;2;1;2641;;8;4;10;7;18;14;16;5;12;13;18;9;
a12AH#G4~41~H;s;r;;;;;19.41.10;2;4;2;1;2644;;8;4;10;7;18;14;16;5;12;13;18;9;
*07BH/~~~~2;s;;;;;;19.41.10;2;4;2;1;2644;;8;4;10;7;18;14;16;5;12;13;18;9;
ap07:06;;;;;;;19.41.14;2;4;2;1;2649;;8;4;10;7;18;14;16;5;12;13;18;9;
az1;;;;;;;19.41.14;2;4;1;1;2649;;8;4;10;7;18;14;5;12;13;18;9;16;
a05SQ!~~~56B;;;;;;;19.41.35;2;4;1;1;2671;;8;4;10;7;18;14;5;12;13;18;9;16;
*18RQ+~~~56B;;;;;;;19.41.35;2;4;1;1;2671;;8;4;10;7;18;14;5;12;13;18;9;16;
*07ET+K1P~2~2;;;;;;;19.41.35;2;4;1;1;2671;;8;4;10;7;18;14;5;12;13;18;9;16;
*18AT=Y8~85~H~Z;p;r;;;;;19.41.41;2;4;1;1;2674;;8;4;10;7;18;14;5;12;13;18;9;16;
a$$&H#;p;;;;;;19.41.41;2;4;1;1;2674;;8;4;10;7;18;14;5;12;13;18;9;16;
ap07:07;;;;;;;19.41.50;2;4;1;1;2678;;8;4;10;7;18;14;5;12;13;18;9;16;
a05SQ=~~~59~P~N;s;;;;;;19.42.05;2;4;1;1;2701;;8;4;10;7;18;14;5;12;13;18;9;16;
*$$&H#;s;;;;;;19.42.05;2;4;1;1;2701;;8;4;10;7;18;14;5;12;13;18;9;16;
*p08:07;;;;;;;19.42.12;2;4;1;1;2709;;8;4;10;7;18;14;5;12;13;18;9;16;
*z3;;;;;;;19.42.12;2;3;1;1;2707;;4;10;7;18;14;8;5;12;13;18;9;16;
*04SQ/~~~61D;;;;;;;19.42.24;2;3;1;1;2720;;4;10;7;18;14;8;5;12;13;18;9;16;
a12RQ/~~~61D;;;;;;;19.42.24;2;3;1;1;2720;;4;10;7;18;14;8;5;12;13;18;9;16;
*10DH+;;;;;;;19.42.30;2;3;1;1;2720;;4;10;7;18;14;8;5;12;13;18;9;16;
*07EN+~~F;;;;;;;19.42.30;2;3;1;1;2720;;4;10;7;18;14;8;5;12;13;18;9;16;
*18AT#W4~41DH;p;p;;;;;19.42.32;2;3;1;1;2723;;4;10;7;18;14;8;5;12;13;18;9;16;
a$$&H=;p;;;;;;19.42.32;2;3;1;1;2723;;4;10;7;18;14;8;5;12;13;18;9;16;
*p09:07;;;;;;;19.42.34;2;3;1;1;2729;;4;10;7;18;14;8;5;12;13;18;9;16;
*04SQ+~~~66A;;;;;;;19.42.56;2;3;1;1;2752;;4;10;7;18;14;8;5;12;13;18;9;16;
a15RQ-~~~66A;;;;;;;19.42.56;2;3;1;1;2752;;4;10;7;18;14;8;5;12;13;18;9;16;
a05EH+~~B;;;;;;;19.42.56;2;3;1;1;2752;;4;10;7;18;14;8;5;12;13;18;9;16;
a12AH-G2~28AP;;r;;;;;19.43.02;2;3;1;1;2755;;4;10;7;18;14;8;5;12;13;18;9;16;
*07DH+~~~28A;;;;;;;19.43.02;2;3;1;1;2755;;4;10;7;18;14;8;5;12;13;18;9;16;
*04EH+~~F~~~2;;;;;;;19.43.02;2;3;1;1;2755;;4;10;7;18;14;8;5;12;13;18;9;16;
*18AH-G4~46DH;;p;;;;;19.43.08;2;3;1;1;2758;;4;10;7;18;14;8;5;12;13;18;9;16;
a15DH+~~~46D;;;;;;;19.43.08;2;3;1;1;2758;;4;10;7;18;14;8;5;12;13;18;9;16;
a05EN+~~P;;;;;;;19.43.08;2;3;1;1;2758;;4;10;7;18;14;8;5;12;13;18;9;16;
a09AT#Y8~85~H;s;s;;;;;19.43.12;2;3;1;1;2761;;4;10;7;18;14;8;5;12;13;18;9;16;
*10BN/~~~~3;s;;;;;;19.43.12;2;3;1;1;2761;;4;10;7;18;14;8;5;12;13;18;9;16;
ap09:08;;;;;;;19.43.15;2;3;1;1;2768;;4;10;7;18;14;8;5;12;13;18;9;16;
az6;;;;;;;19.43.15;2;3;6;1;2770;;4;10;7;18;14;8;12;13;18;9;16;5;
a12SQ=~~~11D;s;;;;;;19.43.34;2;3;6;1;2790;;4;10;7;18;14;8;12;13;18;9;16;5;
*$$&H#;s;;;;;;19.43.34;2;3;6;1;2790;;4;10;7;18;14;8;12;13;18;9;16;5;
*p10:08;;;;;;;19.43.38;2;3;6;1;2794;;4;10;7;18;14;8;12;13;18;9;16;5;
*z2;;;;;;;19.43.38;2;2;6;1;2793;;10;7;18;14;8;4;12;13;18;9;16;5;
*10SQ=~~~16~~~N;s;;;;;;19.44.16;2;2;6;1;2832;;10;7;18;14;8;4;12;13;18;9;16;5;
a$$&H#;s;;;;;;19.44.16;2;2;6;1;2832;;10;7;18;14;8;4;12;13;18;9;16;5;
ap10:09;;;;;;;19.44.20;2;2;6;1;2836;;10;7;18;14;8;4;12;13;18;9;16;5;
az5;;;;;;;19.44.20;2;2;5;1;2835;;10;7;18;14;8;4;13;18;9;16;5;12;
a13SH-~~~57A;;;;;;;19.44.36;2;2;5;1;2852;;10;7;18;14;8;4;13;18;9;16;5;12;
*18RH#~~~57AO;;;;;;;19.44.36;2;2;5;1;2852;;10;7;18;14;8;4;13;18;9;16;5;12;
*07EN+K1B~2~2;;;;;;;19.44.36;2;2;5;1;2852;;10;7;18;14;8;4;13;18;9;16;5;12;
*08AT-Y9~91DH;;r;;;;;19.44.41;2;2;5;1;2855;;10;7;18;14;8;4;13;18;9;16;5;12;
a13DN+~~~91D;;;;;;;19.44.41;2;2;5;1;2855;;10;7;18;14;8;4;13;18;9;16;5;12;
a12EH=~~~~~~2;s;;;;;;19.44.41;2;2;5;1;2855;;10;7;18;14;8;4;13;18;9;16;5;12;
*$$&H#;s;;;;;;19.44.41;2;2;5;1;2855;;10;7;18;14;8;4;13;18;9;16;5;12;
*p11:09;;;;;;;19.44.46;2;2;5;1;2861;;10;7;18;14;8;4;13;18;9;16;5;12;
*z1;;;;;;;19.44.46;2;1;5;1;2861;;7;18;14;8;4;10;13;18;9;16;5;12;
*07SH!~~~18B;;;;;;;19.45.06;2;1;5;1;2882;;7;18;14;8;4;10;13;18;9;16;5;12;
a12RH!~~~18B;;;;;;;19.45.06;2;1;5;1;2882;;7;18;14;8;4;10;13;18;9;16;5;12;
a05EQ+~~C;;;;;;;19.45.06;2;1;5;1;2882;;7;18;14;8;4;10;13;18;9;16;5;12;
a16AQ+J1~36~H;;r;;;;;19.45.14;2;1;5;1;2885;;7;18;14;8;4;10;13;18;9;16;5;12;
*14BQ-~~~~3;;;;;;;19.45.14;2;1;5;1;2885;;7;18;14;8;4;10;13;18;9;16;5;12;
a18DH+;;;;;;;19.45.19;2;1;5;1;2885;;7;18;14;8;4;10;13;18;9;16;5;12;
a05EH+~~F;;;;;;;19.45.19;2;1;5;1;2885;;7;18;14;8;4;10;13;18;9;16;5;12;
a09AH#G4~46BH;s;s;;;;;19.45.21;2;1;5;1;2888;;7;18;14;8;4;10;13;18;9;16;5;12;
*04DH=~~~46B;s;;;;;;19.45.21;2;1;5;1;2888;;7;18;14;8;4;10;13;18;9;16;5;12;
ap11:10;;;;;;;19.45.25;2;1;5;1;2893;;7;18;14;8;4;10;13;18;9;16;5;12;
az4;;;;;;;19.45.25;2;1;4;1;2900;;7;18;14;8;4;10;18;9;16;5;12;13;
a18SQ!~~~65B~~N;;;;;;;19.45.54;2;1;4;1;2930;;7;18;14;8;4;10;18;9;16;5;12;13;
*15RQ!~~~65B;;;;;;;19.45.54;2;1;4;1;2930;;7;18;14;8;4;10;18;9;16;5;12;13;
*07EN+KFB~4~2;;;;;;;19.45.54;2;1;4;1;2930;;7;18;14;8;4;10;18;9;16;5;12;13;
*18AT=W2~24DT;p;r;;;;;19.46.07;2;1;4;1;2933;;7;18;14;8;4;10;18;9;16;5;12;13;
a$$&H#;p;;;;;;19.46.07;2;1;4;1;2933;;7;18;14;8;4;10;18;9;16;5;12;13;
ap11:11;;;;;;;19.46.12;2;1;4;1;2938;;7;18;14;8;4;10;18;9;16;5;12;13;
a18SQ!~~~66B;;;;;;;19.46.26;2;1;4;1;2962;;7;18;14;8;4;10;18;9;16;5;12;13;
*15RQ!~~~66B;;;;;;;19.46.26;2;1;4;1;2962;;7;18;14;8;4;10;18;9;16;5;12;13;
*07ET+K8F~3~2;;;;;;;19.46.26;2;1;4;1;2962;;7;18;14;8;4;10;18;9;16;5;12;13;
*08AT=W4~41~H~S;p;r;;;;;19.46.32;2;1;4;1;2965;;7;18;14;8;4;10;18;9;16;5;12;13;
a$$&H#;p;;;;;;19.46.32;2;1;4;1;2965;;7;18;14;8;4;10;18;9;16;5;12;13;
ap11:12;;;;;;;19.46.32;2;1;4;1;2970;;7;18;14;8;4;10;18;9;16;5;12;13;
a18SQ=~~~66~~~N;s;;;;;;19.46.58;2;1;4;1;2991;;7;18;14;8;4;10;18;9;16;5;12;13;
*$$&H#;s;;;;;;19.46.58;2;1;4;1;2991;;7;18;14;8;4;10;18;9;16;5;12;13;
*p12:12;;;;;;;19.47.06;2;1;4;1;2999;;7;18;14;8;4;10;18;9;16;5;12;13;
*z6;;;;;;;19.47.06;2;6;4;1;3001;;18;14;8;4;10;7;18;9;16;5;12;13;
*18ST+~~~65C;;;;;;;19.47.22;2;6;4;1;3017;;18;14;8;4;10;7;18;9;16;5;12;13;
a09RT-~~~65C;;;;;;;19.47.22;2;6;4;1;3017;;18;14;8;4;10;7;18;9;16;5;12;13;
a05EH+~~B;;;;;;;19.47.22;2;6;4;1;3017;;18;14;8;4;10;7;18;9;16;5;12;13;
a18AH=G9~99AH;p;r;;;;;19.47.27;2;6;4;1;3020;;18;14;8;4;10;7;18;9;16;5;12;13;
*$$&H#;p;;;;;;19.47.27;2;6;4;1;3020;;18;14;8;4;10;7;18;9;16;5;12;13;
*p13:12;;;;;;;19.47.29;2;6;4;1;3024;;18;14;8;4;10;7;18;9;16;5;12;13;
*18ST+~~~65B;;;;;;;19.47.50;2;6;4;1;3045;;18;14;8;4;10;7;18;9;16;5;12;13;
a09RT-~~~65B;;;;;;;19.47.50;2;6;4;1;3045;;18;14;8;4;10;7;18;9;16;5;12;13;
a05ET+K2B~2~2;;;;;;;19.47.50;2;6;4;1;3045;;18;14;8;4;10;7;18;9;16;5;12;13;
a18AT/Y9~96BH;p;r;;;;;19.47.57;2;6;4;1;3048;;18;14;8;4;10;7;18;9;16;5;12;13;
*04BT#~~~~4;p;;;;;;19.47.57;2;6;4;1;3048;;18;14;8;4;10;7;18;9;16;5;12;13;
*p14:12;;;;;;;19.48.03;2;6;4;1;3052;;18;14;8;4;10;7;18;9;16;5;12;13;
ac05:22;;;;;;;19.48.03;2;6;4;1;3058;;18;14;8;4;10;7;18;9;16;22;12;13;
ac18:02;;;;;;;19.48.03;2;6;4;1;3058;;18;14;8;4;10;7;2;9;16;22;12;13;
aP2;;;;;;;19.48.03;2;6;4;1;3058;;18;14;8;4;10;7;2;9;16;22;12;13;
az1;;;;;;;19.48.03;2;6;1;1;3058;;18;14;8;4;10;7;2;9;16;22;12;13;
*18SQ-~~~69~~~N;;;;;;;19.48.43;2;6;1;1;3098;;18;14;8;4;10;7;2;9;16;22;12;13;
a09RQ#~~~69;;;;;;;19.48.43;2;6;1;1;3098;;18;14;8;4;10;7;2;9;16;22;12;13;
a02EN+K1B~3~2;;;;;;;19.48.43;2;6;1;1;3098;;18;14;8;4;10;7;2;9;16;22;12;13;
a09AT/W2~26~H;p;r;;;;;19.48.49;2;6;1;1;3101;;18;14;8;4;10;7;2;9;16;22;12;13;
*04BN#~~~~4;p;;;;;;19.48.49;2;6;1;1;3101;;18;14;8;4;10;7;2;9;16;22;12;13;
*p15:12;;;;;;;19.48.51;2;6;1;1;3105;;18;14;8;4;10;7;2;9;16;22;12;13;
*18SQ!~~~66B~~N;;;;;;;19.49.10;2;6;1;1;3126;;18;14;8;4;10;7;2;9;16;22;12;13;
a15RQ!~~~66B;;;;;;;19.49.10;2;6;1;1;3126;;18;14;8;4;10;7;2;9;16;22;12;13;
a02EN+K1F~3~2;;;;;;;19.49.10;2;6;1;1;3126;;18;14;8;4;10;7;2;9;16;22;12;13;
a22AT/W4~42~T;p;r;;;;;19.49.17;2;6;1;1;3129;;18;14;8;4;10;7;2;9;16;22;12;13;
*08BN#~~~~2;p;;;;;;19.49.17;2;6;1;1;3129;;18;14;8;4;10;7;2;9;16;22;12;13;
*p16:12;;;;;;;19.49.21;2;6;1;1;3133;;18;14;8;4;10;7;2;9;16;22;12;13;
aT;;;;;;;19.49.21;2;6;1;1;3136;;18;14;8;4;10;7;2;9;16;22;12;13;
ac22:05;;;;;;;19.49.21;2;6;1;1;3136;;18;14;8;4;10;7;2;9;16;5;12;13;
ac02:18;;;;;;;19.49.21;2;6;1;1;3136;;18;14;8;4;10;7;18;9;16;5;12;13;
aP5;;;;;;;19.49.21;2;6;1;1;3136;;18;14;8;4;10;7;18;9;16;5;12;13;
az4;;;;;;;19.49.21;2;6;4;1;3136;;18;14;8;4;10;7;18;9;16;5;12;13;
*18ST!~~~65B;;;;;;;19.50.40;2;6;4;1;3216;;18;14;8;4;10;7;18;9;16;5;12;13;
a09RT+~~~65B;;;;;;;19.50.40;2;6;4;1;3216;;18;14;8;4;10;7;18;9;16;5;12;13;
a05EN+K1F~2~2;;;;;;;19.50.40;2;6;4;1;3216;;18;14;8;4;10;7;18;9;16;5;12;13;
a09AT#W4~41~H;s;r;;;;;19.50.46;2;6;4;1;3219;;18;14;8;4;10;7;18;9;16;5;12;13;
*08BN/~~~~2;s;;;;;;19.50.46;2;6;4;1;3219;;18;14;8;4;10;7;18;9;16;5;12;13;
ap16:13;;;;;;;19.50.47;2;6;4;1;3223;;18;14;8;4;10;7;18;9;16;5;12;13;
az3;;;;;;;19.50.47;2;6;3;1;3222;;18;14;8;4;10;7;9;16;5;12;13;18;
a09SQ+~~~18CP;;;;;;;19.51.06;2;6;3;1;3242;;18;14;8;4;10;7;9;16;5;12;13;18;
*15RQ-~~~18C;;;;;;;19.51.06;2;6;3;1;3242;;18;14;8;4;10;7;9;16;5;12;13;18;
*07EH+;;;;;;;19.51.06;2;6;3;1;3242;;18;14;8;4;10;7;9;16;5;12;13;18;
*14AH+G3~3~~H;;r;;;;;19.51.15;2;6;3;1;3245;;18;14;8;4;10;7;9;16;5;12;13;18;
a09DH-~~~3;;;;;;;19.51.15;2;6;3;1;3245;;18;14;8;4;10;7;9;16;5;12;13;18;
*04DH+;;;;;;;19.51.21;2;6;3;1;3245;;18;14;8;4;10;7;9;16;5;12;13;18;
*07EN+~~F;;;;;;;19.51.21;2;6;3;1;3245;;18;14;8;4;10;7;9;16;5;12;13;18;
*04AT+W4~41~H;;s;;;;;19.51.22;2;6;3;1;3248;;18;14;8;4;10;7;9;16;5;12;13;18;
a05BN-~~~~2;;;;;;;19.51.22;2;6;3;1;3248;;18;14;8;4;10;7;9;16;5;12;13;18;
*18DH+;;;;;;;19.51.25;2;6;3;1;3248;;18;14;8;4;10;7;9;16;5;12;13;18;
*07EN+~~B;;;;;;;19.51.25;2;6;3;1;3248;;18;14;8;4;10;7;9;16;5;12;13;18;
*08AT#W2~27DH;s;s;;;;;19.51.28;2;6;3;1;3251;;18;14;8;4;10;7;9;16;5;12;13;18;
a$$&H=;s;;;;;;19.51.28;2;6;3;1;3251;;18;14;8;4;10;7;9;16;5;12;13;18;
*p17:13;;;;;;;19.51.30;2;6;3;1;3259;;18;14;8;4;10;7;9;16;5;12;13;18;
*z5;;;;;;;19.51.30;2;5;3;1;3265;;14;8;4;10;7;18;9;16;5;12;13;18;
*14SH!~~~59A;;;;;;;19.51.57;2;5;3;1;3292;;14;8;4;10;7;18;9;16;5;12;13;18;
a09RH!~~~59AO;;;;;;;19.51.57;2;5;3;1;3292;;14;8;4;10;7;18;9;16;5;12;13;18;
a05EN+K1F~2~2;;;;;;;19.51.57;2;5;3;1;3292;;14;8;4;10;7;18;9;16;5;12;13;18;
a12AT/W4~42~T;p;r;;;;;19.52.06;2;5;3;1;3295;;14;8;4;10;7;18;9;16;5;12;13;18;
*08BN#~~~~2;p;;;;;;19.52.06;2;5;3;1;3295;;14;8;4;10;7;18;9;16;5;12;13;18;
*p18:13;;;;;;;19.52.09;2;5;3;1;3300;;14;8;4;10;7;18;9;16;5;12;13;18;
*14SH!~~~51C~~N;;;;;;;19.52.26;2;5;3;1;3321;;14;8;4;10;7;18;9;16;5;12;13;18;
a15RH+~~~51C;;;;;;;19.52.26;2;5;3;1;3321;;14;8;4;10;7;18;9;16;5;12;13;18;
a05ET+K1P~2~2;;;;;;;19.52.26;2;5;3;1;3321;;14;8;4;10;7;18;9;16;5;12;13;18;
a09AT#Y8~86CH;s;r;;;;;19.52.36;2;5;3;1;3324;;14;8;4;10;7;18;9;16;5;12;13;18;
*18DT=~~~86C;s;;;;;;19.52.36;2;5;3;1;3324;;14;8;4;10;7;18;9;16;5;12;13;18;
ap18:14;;;;;;;19.52.42;2;5;3;1;3329;;14;8;4;10;7;18;9;16;5;12;13;18;
az2;;;;;;;19.52.42;2;5;2;1;3337;;14;8;4;10;7;18;16;5;12;13;18;9;
a16SQ/~~~15;;;;;;;19.52.57;2;5;2;1;3352;;14;8;4;10;7;18;16;5;12;13;18;9;
*04RQ/~~~15~M;;;;;;;19.52.57;2;5;2;1;3352;;14;8;4;10;7;18;16;5;12;13;18;9;
a12DH+;;;;;;;19.53.03;2;5;2;1;3352;;14;8;4;10;7;18;16;5;12;13;18;9;
a05EQ+~~C;;;;;;;19.53.03;2;5;2;1;3352;;14;8;4;10;7;18;16;5;12;13;18;9;
a13AQ#J1~37AH;p;p;;;;;19.53.04;2;5;2;1;3355;;14;8;4;10;7;18;16;5;12;13;18;9;
*15DQ=~~~37A;p;;;;;;19.53.04;2;5;2;1;3355;;14;8;4;10;7;18;16;5;12;13;18;9;
ap18:15;;;;;;;19.53.10;2;5;2;1;3362;;14;8;4;10;7;18;16;5;12;13;18;9;
*T;;;;;;;19.53.10;2;5;2;1;3365;;14;8;4;10;7;18;16;5;12;13;18;9;
a16SQ!~~~16;;;;;;;19.54.26;2;5;2;1;3442;;14;8;4;10;7;18;16;5;12;13;18;9;
*18RQ!~~~16;;;;;;;19.54.26;2;5;2;1;3442;;14;8;4;10;7;18;16;5;12;13;18;9;
*07EN+KBF~2~2;;;;;;;19.54.26;2;5;2;1;3442;;14;8;4;10;7;18;16;5;12;13;18;9;
*04AT=W4~47~H~N;p;r;;;;;19.54.36;2;5;2;1;3445;;14;8;4;10;7;18;16;5;12;13;18;9;
a$$&H#;p;;;;;;19.54.36;2;5;2;1;3445;;14;8;4;10;7;18;16;5;12;13;18;9;
ap18:16;;;;;;;19.54.37;2;5;2;1;3450;;14;8;4;10;7;18;16;5;12;13;18;9;
a16SQ=~~~11~~~N;s;;;;;;19.55.01;2;5;2;1;3477;;14;8;4;10;7;18;16;5;12;13;18;9;
*$$&H#;s;;;;;;19.55.01;2;5;2;1;3477;;14;8;4;10;7;18;16;5;12;13;18;9;
*p19:16;;;;;;;19.55.05;2;5;2;1;3482;;14;8;4;10;7;18;16;5;12;13;18;9;
*z4;;;;;;;19.55.05;2;4;2;1;3480;;8;4;10;7;18;14;16;5;12;13;18;9;
*c07:11;;;;;;;19.55.05;2;4;2;1;3480;;8;4;10;11;18;14;16;5;12;13;18;9;
*P11;;;;;;;19.55.05;2;4;2;1;3480;;8;4;10;11;18;14;16;5;12;13;18;9;
*z4;;;;;;;19.55.05;2;4;2;1;3480;;8;4;10;11;18;14;16;5;12;13;18;9;
*08ST!~~~18D;;;;;;;19.55.31;2;4;2;1;3506;;8;4;10;11;18;14;16;5;12;13;18;9;
a12RT+~~~18D;;;;;;;19.55.31;2;4;2;1;3506;;8;4;10;11;18;14;16;5;12;13;18;9;
a05EN+K1F~3~2;;;;;;;19.55.31;2;4;2;1;3506;;8;4;10;11;18;14;16;5;12;13;18;9;
a12AT#W4~41~H;s;r;;;;;19.55.40;2;4;2;1;3509;;8;4;10;11;18;14;16;5;12;13;18;9;
*11BN/~~~~2;s;;;;;;19.55.40;2;4;2;1;3509;;8;4;10;11;18;14;16;5;12;13;18;9;
ap19:17;;;;;;;19.55.48;2;4;2;1;3514;;8;4;10;11;18;14;16;5;12;13;18;9;
az1;;;;;;;19.55.48;2;4;1;1;3523;;8;4;10;11;18;14;5;12;13;18;9;16;
*c11:07;;;;;;;19.55.48;2;4;1;1;3523;;8;4;10;7;18;14;5;12;13;18;9;16;
*P7;;;;;;;19.55.48;2;4;1;1;3523;;8;4;10;7;18;14;5;12;13;18;9;16;
*z4;;;;;;;19.55.48;2;4;1;1;3523;;8;4;10;7;18;14;5;12;13;18;9;16;
a05SQ!~~~56C;;;;;;;19.56.05;2;4;1;1;3541;;8;4;10;7;18;14;5;12;13;18;9;16;
*18RQ+~~~56C;;;;;;;19.56.05;2;4;1;1;3541;;8;4;10;7;18;14;5;12;13;18;9;16;
*07EN+K2B~2~2;;;;;;;19.56.05;2;4;1;1;3541;;8;4;10;7;18;14;5;12;13;18;9;16;
*08AT#Y9~95~H;s;r;;;;;19.56.12;2;4;1;1;3544;;8;4;10;7;18;14;5;12;13;18;9;16;
a12BN/~~~~4;s;;;;;;19.56.12;2;4;1;1;3544;;8;4;10;7;18;14;5;12;13;18;9;16;
*p20:17;;;;;;;19.56.15;2;4;1;1;3548;;8;4;10;7;18;14;5;12;13;18;9;16;
*z3;;;;;;;19.56.15;2;3;1;1;3550;;4;10;7;18;14;8;5;12;13;18;9;16;
*04SQ+~~~65B~~N;;;;;;;19.56.32;2;3;1;1;3568;;4;10;7;18;14;8;5;12;13;18;9;16;
a09RQ-~~~65B;;;;;;;19.56.32;2;3;1;1;3568;;4;10;7;18;14;8;5;12;13;18;9;16;
a05EH+~~F;;;;;;;19.56.32;2;3;1;1;3568;;4;10;7;18;14;8;5;12;13;18;9;16;
a18AH-G4~41CP;;r;;;;;19.56.40;2;3;1;1;3571;;4;10;7;18;14;8;5;12;13;18;9;16;
*08DH+~~~41C;;;;;;;19.56.40;2;3;1;1;3571;;4;10;7;18;14;8;5;12;13;18;9;16;
*07EN+~~F;;;;;;;19.56.40;2;3;1;1;3571;;4;10;7;18;14;8;5;12;13;18;9;16;
*18AT#W4~45~H;p;p;;;;;19.56.45;2;3;1;1;3574;;4;10;7;18;14;8;5;12;13;18;9;16;
a13BN/~~~~2;p;;;;;;19.56.45;2;3;1;1;3574;;4;10;7;18;14;8;5;12;13;18;9;16;
*p21:17;;;;;;;19.56.48;2;3;1;1;3581;;4;10;7;18;14;8;5;12;13;18;9;16;
*04SQ=~~~66~~~N;s;;;;;;19.57.05;2;3;1;1;3601;;4;10;7;18;14;8;5;12;13;18;9;16;
a$$&H#;s;;;;;;19.57.05;2;3;1;1;3601;;4;10;7;18;14;8;5;12;13;18;9;16;
ap21:18;;;;;;;19.57.09;2;3;1;1;3606;;4;10;7;18;14;8;5;12;13;18;9;16;
az6;;;;;;;19.57.09;2;3;6;1;3604;;4;10;7;18;14;8;12;13;18;9;16;5;
*c04:20;;;;;;;19.57.09;2;3;6;1;3604;;20;10;7;18;14;8;12;13;18;9;16;5;
a12SQ!~~~11C;;;;;;;19.57.35;2;3;6;1;3631;;20;10;7;18;14;8;12;13;18;9;16;5;
*20RQ+~~~11C;;;;;;;19.57.35;2;3;6;1;3631;;20;10;7;18;14;8;12;13;18;9;16;5;
*07EQ+K1C~3~2;;;;;;;19.57.35;2;3;6;1;3631;;20;10;7;18;14;8;12;13;18;9;16;5;
*10AQ#J4~35AH;s;r;;;;;19.57.41;2;3;6;1;3634;;20;10;7;18;14;8;12;13;18;9;16;5;
a$$&H=;s;;;;;;19.57.41;2;3;6;1;3634;;20;10;7;18;14;8;12;13;18;9;16;5;
*p22:18;;;;;;;19.57.46;2;3;6;1;3639;;20;10;7;18;14;8;12;13;18;9;16;5;
*z2;;;;;;;19.57.46;2;2;6;1;3641;;10;7;18;14;8;20;12;13;18;9;16;5;
*10SQ-~~~16C;;;;;;;19.58.14;2;2;6;1;3670;;10;7;18;14;8;20;12;13;18;9;16;5;
a15RQ#~~~16C;;;;;;;19.58.14;2;2;6;1;3670;;10;7;18;14;8;20;12;13;18;9;16;5;
a05EQ+K2C~3~2;;;;;;;19.58.14;2;2;6;1;3670;;10;7;18;14;8;20;12;13;18;9;16;5;
a13AQ#J2~31CH;s;r;;;;;19.58.21;2;2;6;1;3673;;10;7;18;14;8;20;12;13;18;9;16;5;
*14BQ/~~~~3;s;;;;;;19.58.21;2;2;6;1;3673;;10;7;18;14;8;20;12;13;18;9;16;5;
ap22:19;;;;;;;19.58.24;2;2;6;1;3678;;10;7;18;14;8;20;12;13;18;9;16;5;
az5;;;;;;;19.58.24;2;2;5;1;3679;;10;7;18;14;8;20;13;18;9;16;5;12;
ac13:14;;;;;;;19.58.24;2;2;5;1;3679;;10;7;18;14;8;20;14;18;9;16;5;12;
a14SH-~~~58D;;;;;;;19.58.55;2;2;5;1;3711;;10;7;18;14;8;20;14;18;9;16;5;12;
*20RH+~~~58D;;;;;;;19.58.55;2;2;5;1;3711;;10;7;18;14;8;20;14;18;9;16;5;12;
*07EQ+K1C~3~2;;;;;;;19.58.55;2;2;5;1;3711;;10;7;18;14;8;20;14;18;9;16;5;12;
*14AQ#J4~36AH;s;r;;;;;19.59.00;2;2;5;1;3714;;10;7;18;14;8;20;14;18;9;16;5;12;
a$$&H=;s;;;;;;19.59.00;2;2;5;1;3714;;10;7;18;14;8;20;14;18;9;16;5;12;
*p23:19;;;;;;;19.59.02;2;2;5;1;3719;;10;7;18;14;8;20;14;18;9;16;5;12;
*z1;;;;;;;19.59.02;2;1;5;1;3717;;7;18;14;8;20;10;14;18;9;16;5;12;
*c18:19;;;;;;;19.59.02;2;1;5;1;3717;;7;19;14;8;20;10;14;18;9;16;5;12;
*07SH!~~~17A;;;;;;;19.59.31;2;1;5;1;3747;;7;19;14;8;20;10;14;18;9;16;5;12;
a09RH+~~~17A;;;;;;;19.59.31;2;1;5;1;3747;;7;19;14;8;20;10;14;18;9;16;5;12;
a05EN+K1P~2~2;;;;;;;19.59.31;2;1;5;1;3747;;7;19;14;8;20;10;14;18;9;16;5;12;
a12AT=Y8~81DH;p;r;;;;;19.59.37;2;1;5;1;3750;;7;19;14;8;20;10;14;18;9;16;5;12;
*$$&H#;p;;;;;;19.59.37;2;1;5;1;3750;;7;19;14;8;20;10;14;18;9;16;5;12;
*p24:19;;;;;;;19.59.47;2;1;5;1;3755;;7;19;14;8;20;10;14;18;9;16;5;12;
*07SH-~~~15A;;;;;;;19.59.54;2;1;5;1;3770;;7;19;14;8;20;10;14;18;9;16;5;12;
a12RH#~~~15A;;;;;;;19.59.54;2;1;5;1;3770;;7;19;14;8;20;10;14;18;9;16;5;12;
a05EN+K1B~2~2;;;;;;;19.59.54;2;1;5;1;3770;;7;19;14;8;20;10;14;18;9;16;5;12;
a18AT#W2~21DH;s;r;;;;;20.00.00;2;1;5;1;3773;;7;19;14;8;20;10;14;18;9;16;5;12;
*19BN/~~~~4;s;;;;;;20.00.00;2;1;5;1;3773;;7;19;14;8;20;10;14;18;9;16;5;12;
ap24:20;;;;;;;20.00.08;2;1;5;1;3777;;7;19;14;8;20;10;14;18;9;16;5;12;
az4;;;;;;;20.00.08;2;1;4;1;3783;;7;19;14;8;20;10;18;9;16;5;12;14;
a18SQ!~~~16C;;;;;;;20.00.22;2;1;4;1;3798;;7;19;14;8;20;10;18;9;16;5;12;14;
*15RQ!~~~16C;;;;;;;20.00.22;2;1;4;1;3798;;7;19;14;8;20;10;18;9;16;5;12;14;
*07EN+KFF~4~2;;;;;;;20.00.22;2;1;4;1;3798;;7;19;14;8;20;10;18;9;16;5;12;14;
*08AT#W4~47~H;s;r;;;;;20.00.29;2;1;4;1;3801;;7;19;14;8;20;10;18;9;16;5;12;14;
a$$&H=;s;;;;;;20.00.29;2;1;4;1;3801;;7;19;14;8;20;10;18;9;16;5;12;14;
*p25:20;;;;;;;20.00.33;2;1;4;1;3805;;7;19;14;8;20;10;18;9;16;5;12;14;
**2set;;;;;;;20.00.33;3;1;4;1;3808;;;;;;;;;;;;;;
*P07>LUp;;;;;;;20.00.33;3;1;4;1;3808;;7;18;14;8;4;10;18;9;16;5;12;13;
*z1>LUp;;;;;;;20.00.33;3;1;4;1;3808;;7;18;14;8;4;10;18;9;16;5;12;13;
aP05>LUp;;;;;;;20.00.33;3;1;4;1;3808;;7;18;14;8;4;10;18;9;16;5;12;13;
az4>LUp;;;;;;;20.00.33;3;1;4;1;3808;;7;18;14;8;4;10;18;9;16;5;12;13;
*07SH!~~~17A;;;;;;;20.04.25;3;1;4;1;4041;;7;18;14;8;4;10;18;9;16;5;12;13;
a09RH+~~~17AO;;;;;;;20.04.25;3;1;4;1;4041;;7;18;14;8;4;10;18;9;16;5;12;13;
a05EQ+K1C~2~2;;;;;;;20.04.25;3;1;4;1;4041;;7;18;14;8;4;10;18;9;16;5;12;13;
a16AQ#J1~36BH;s;r;;;;;20.04.32;3;1;4;1;4044;;7;18;14;8;4;10;18;9;16;5;12;13;
*$$&H=;s;;;;;;20.04.32;3;1;4;1;4044;;7;18;14;8;4;10;18;9;16;5;12;13;
ap00:01;;;;;;;20.04.36;3;1;4;1;4049;;7;18;14;8;4;10;18;9;16;5;12;13;
az3;;;;;;;20.04.36;3;1;3;1;4051;;7;18;14;8;4;10;9;16;5;12;13;18;
a09SQ=~~~11~~~N;s;;;;;;20.04.52;3;1;3;1;4068;;7;18;14;8;4;10;9;16;5;12;13;18;
*$$&H#;s;;;;;;20.04.52;3;1;3;1;4068;;7;18;14;8;4;10;9;16;5;12;13;18;
*p01:01;;;;;;;20.04.56;3;1;3;1;4073;;7;18;14;8;4;10;9;16;5;12;13;18;
*z6;;;;;;;20.04.56;3;6;3;1;4071;;18;14;8;4;10;7;9;16;5;12;13;18;
*18SQ=~~~61D;s;;;;;;20.05.14;3;6;3;1;4090;;18;14;8;4;10;7;9;16;5;12;13;18;
a$$&H#;s;;;;;;20.05.14;3;6;3;1;4090;;18;14;8;4;10;7;9;16;5;12;13;18;
ap01:02;;;;;;;20.05.18;3;6;3;1;4095;;18;14;8;4;10;7;9;16;5;12;13;18;
az2;;;;;;;20.05.18;3;6;2;1;4093;;18;14;8;4;10;7;16;5;12;13;18;9;
a16SQ=~~~15~~~N;s;;;;;;20.05.37;3;6;2;1;4113;;18;14;8;4;10;7;16;5;12;13;18;9;
*$$&H#;s;;;;;;20.05.37;3;6;2;1;4113;;18;14;8;4;10;7;16;5;12;13;18;9;
*p02:02;;;;;;;20.05.41;3;6;2;1;4118;;18;14;8;4;10;7;16;5;12;13;18;9;
*z5;;;;;;;20.05.41;3;5;2;1;4116;;14;8;4;10;7;18;16;5;12;13;18;9;
*14SH!~~~56C;;;;;;;20.06.02;3;5;2;1;4138;;14;8;4;10;7;18;16;5;12;13;18;9;
a12RH+~~~56C;;;;;;;20.06.02;3;5;2;1;4138;;14;8;4;10;7;18;16;5;12;13;18;9;
a05EQ+K2C~2~2;;;;;;;20.06.02;3;5;2;1;4138;;14;8;4;10;7;18;16;5;12;13;18;9;
a13AQ+J2~39~H;;r;;;;;20.06.08;3;5;2;1;4141;;14;8;4;10;7;18;16;5;12;13;18;9;
*07DQ-~~~39;;;;;;;20.06.08;3;5;2;1;4141;;14;8;4;10;7;18;16;5;12;13;18;9;
a12DH+;;;;;;;20.06.14;3;5;2;1;4141;;14;8;4;10;7;18;16;5;12;13;18;9;
a05EQ+~~C;;;;;;;20.06.14;3;5;2;1;4141;;14;8;4;10;7;18;16;5;12;13;18;9;
a13AQ/J1~39DH;p;s;;;;;20.06.15;3;5;2;1;4144;;14;8;4;10;7;18;16;5;12;13;18;9;
*10BQ#~~~~3;p;;;;;;20.06.15;3;5;2;1;4144;;14;8;4;10;7;18;16;5;12;13;18;9;
*p03:02;;;;;;;20.06.20;3;5;2;1;4149;;14;8;4;10;7;18;16;5;12;13;18;9;
*14SH=~~~56~~~N;s;;;;;;20.06.37;3;5;2;1;4173;;14;8;4;10;7;18;16;5;12;13;18;9;
a$$&H#;s;;;;;;20.06.37;3;5;2;1;4173;;14;8;4;10;7;18;16;5;12;13;18;9;
ap03:03;;;;;;;20.06.42;3;5;2;1;4179;;14;8;4;10;7;18;16;5;12;13;18;9;
az1;;;;;;;20.06.42;3;5;1;1;4177;;14;8;4;10;7;18;5;12;13;18;9;16;
a05SQ-~~~56C;;;;;;;20.06.57;3;5;1;1;4193;;14;8;4;10;7;18;5;12;13;18;9;16;
*18RQ+~~~56C;;;;;;;20.06.57;3;5;1;1;4193;;14;8;4;10;7;18;5;12;13;18;9;16;
*07EQ+KFC~3~2;;;;;;;20.06.57;3;5;1;1;4193;;14;8;4;10;7;18;5;12;13;18;9;16;
*10AQ#J1~37~H;s;r;;;;;20.07.03;3;5;1;1;4196;;14;8;4;10;7;18;5;12;13;18;9;16;
a$$&H=;s;;;;;;20.07.03;3;5;1;1;4196;;14;8;4;10;7;18;5;12;13;18;9;16;
*p04:03;;;;;;;20.07.05;3;5;1;1;4200;;14;8;4;10;7;18;5;12;13;18;9;16;
*z4;;;;;;;20.07.05;3;4;1;1;4200;;8;4;10;7;18;14;5;12;13;18;9;16;
*08SQ+~~~65D;;;;;;;20.07.21;3;4;1;1;4217;;8;4;10;7;18;14;5;12;13;18;9;16;
a09RQ-~~~65D;;;;;;;20.07.21;3;4;1;1;4217;;8;4;10;7;18;14;5;12;13;18;9;16;
a05EQ-K2C~1~2;;;;;;;20.07.21;3;4;1;1;4217;;8;4;10;7;18;14;5;12;13;18;9;16;
a13AQ-J2~33~T;;r;;;;;20.07.32;3;4;1;1;4220;;8;4;10;7;18;14;5;12;13;18;9;16;
*07DQ+~~~33;;;;;;;20.07.32;3;4;1;1;4220;;8;4;10;7;18;14;5;12;13;18;9;16;
*10EH+~~F~~~2;;;;;;;20.07.32;3;4;1;1;4220;;8;4;10;7;18;14;5;12;13;18;9;16;
*04AH+G4~46DH;;p;;;;;20.07.37;3;4;1;1;4226;;8;4;10;7;18;14;5;12;13;18;9;16;
a15DH-~~~46D;;;;;;;20.07.37;3;4;1;1;4226;;8;4;10;7;18;14;5;12;13;18;9;16;
*15FH/;;;;;;;20.07.42;3;4;1;1;4229;;8;4;10;7;18;14;5;12;13;18;9;16;
a18AO-V3~3~~~1;;s;;;;;20.07.44;3;4;1;1;4234;;8;4;10;7;18;14;5;12;13;18;9;16;
*07BO+~~~~3~A1;;;;;;;20.07.44;3;4;1;1;4234;;8;4;10;7;18;14;5;12;13;18;9;16;
*04AO-V4~4;;p;;;;;20.07.44;3;4;1;1;4237;;8;4;10;7;18;14;5;12;13;18;9;16;
a12BO+;;;;;;;20.07.44;3;4;1;1;4237;;8;4;10;7;18;14;5;12;13;18;9;16;
a13DH+;;;;;;;20.07.44;3;4;1;1;4238;;8;4;10;7;18;14;5;12;13;18;9;16;
a15EH+~~F;;;;;;;20.07.47;3;4;1;1;4239;;8;4;10;7;18;14;5;12;13;18;9;16;
a18AH#G4~47~H;s;s;;;;;20.07.52;3;4;1;1;4240;;8;4;10;7;18;14;5;12;13;18;9;16;
*18DH=~~~47;s;;;;;;20.07.52;3;4;1;1;4240;;8;4;10;7;18;14;5;12;13;18;9;16;
ap04:04;;;;;;;20.07.56;3;4;1;1;4244;;8;4;10;7;18;14;5;12;13;18;9;16;
az6;;;;;;;20.07.56;3;4;6;1;4251;;8;4;10;7;18;14;12;13;18;9;16;5;
a12SQ=~~~15~~~N;s;;;;;;20.08.20;3;4;6;1;4276;;8;4;10;7;18;14;12;13;18;9;16;5;
*$$&H#;s;;;;;;20.08.20;3;4;6;1;4276;;8;4;10;7;18;14;12;13;18;9;16;5;
*p05:04;;;;;;;20.08.24;3;4;6;1;4280;;8;4;10;7;18;14;12;13;18;9;16;5;
*z3;;;;;;;20.08.24;3;3;6;1;4279;;4;10;7;18;14;8;12;13;18;9;16;5;
*04SQ!~~~66BP;;;;;;;20.08.40;3;3;6;1;4296;;4;10;7;18;14;8;12;13;18;9;16;5;
a15RQ!~~~66B;;;;;;;20.08.40;3;3;6;1;4296;;4;10;7;18;14;8;12;13;18;9;16;5;
a05EQ+K2C~2~2;;;;;;;20.08.40;3;3;6;1;4296;;4;10;7;18;14;8;12;13;18;9;16;5;
a13AQ-J2~37~P;;r;;;;;20.08.51;3;3;6;1;4299;;4;10;7;18;14;8;12;13;18;9;16;5;
*15DQ+~~~37;;;;;;;20.08.51;3;3;6;1;4299;;4;10;7;18;14;8;12;13;18;9;16;5;
*07ET+~~B;;;;;;;20.08.51;3;3;6;1;4299;;4;10;7;18;14;8;12;13;18;9;16;5;
*08AT#Y9~96BH;p;p;;;;;20.08.55;3;3;6;1;4302;;4;10;7;18;14;8;12;13;18;9;16;5;
a12DT=~~~96B;p;;;;;;20.08.55;3;3;6;1;4302;;4;10;7;18;14;8;12;13;18;9;16;5;
*p06:04;;;;;;;20.09.00;3;3;6;1;4309;;4;10;7;18;14;8;12;13;18;9;16;5;
*04SQ=~~~65~~~N;s;;;;;;20.09.14;3;3;6;1;4330;;4;10;7;18;14;8;12;13;18;9;16;5;
a$$&H#;s;;;;;;20.09.14;3;3;6;1;4330;;4;10;7;18;14;8;12;13;18;9;16;5;
ap06:05;;;;;;;20.09.18;3;3;6;1;4335;;4;10;7;18;14;8;12;13;18;9;16;5;
az5;;;;;;;20.09.18;3;3;5;1;4333;;4;10;7;18;14;8;13;18;9;16;5;12;
a13SH=~~~55~~~N;s;;;;;;20.09.35;3;3;5;1;4351;;4;10;7;18;14;8;13;18;9;16;5;12;
*$$&H#;s;;;;;;20.09.35;3;3;5;1;4351;;4;10;7;18;14;8;13;18;9;16;5;12;
*p07:05;;;;;;;20.09.39;3;3;5;1;4355;;4;10;7;18;14;8;13;18;9;16;5;12;
*z2;;;;;;;20.09.39;3;2;5;1;4354;;10;7;18;14;8;4;13;18;9;16;5;12;
*10SQ!~~~16D;;;;;;;20.10.04;3;2;5;1;4380;;10;7;18;14;8;4;13;18;9;16;5;12;
a12RQ!~~~16D;;;;;;;20.10.04;3;2;5;1;4380;;10;7;18;14;8;4;13;18;9;16;5;12;
a05EH+K1F~2~2;;;;;;;20.10.04;3;2;5;1;4380;;10;7;18;14;8;4;13;18;9;16;5;12;
a09AH#G4~41~H;s;r;;;;;20.10.12;3;2;5;1;4383;;10;7;18;14;8;4;13;18;9;16;5;12;
*07BH/~~~~2;s;;;;;;20.10.12;3;2;5;1;4383;;10;7;18;14;8;4;13;18;9;16;5;12;
*08DH/;;;;;;;20.10.14;3;2;5;1;4383;;10;7;18;14;8;4;13;18;9;16;5;12;
ap07:06;;;;;;;20.10.18;3;2;5;1;4389;;10;7;18;14;8;4;13;18;9;16;5;12;
az4;;;;;;;20.10.18;3;2;4;1;4393;;10;7;18;14;8;4;18;9;16;5;12;13;
a18SH!~~~17;;;;;;;20.10.33;3;2;4;1;4409;;10;7;18;14;8;4;18;9;16;5;12;13;
*18RH!~~~17;;;;;;;20.10.33;3;2;4;1;4409;;10;7;18;14;8;4;18;9;16;5;12;13;
*07EN+K8B~2~2;;;;;;;20.10.33;3;2;4;1;4409;;10;7;18;14;8;4;18;9;16;5;12;13;
*08AT#Y9~91~H;s;r;;;;;20.10.39;3;2;4;1;4412;;10;7;18;14;8;4;18;9;16;5;12;13;
a16BN/~~~~4;s;;;;;;20.10.39;3;2;4;1;4412;;10;7;18;14;8;4;18;9;16;5;12;13;
*p08:06;;;;;;;20.10.41;3;2;4;1;4417;;10;7;18;14;8;4;18;9;16;5;12;13;
*z1;;;;;;;20.10.41;3;1;4;1;4416;;7;18;14;8;4;10;18;9;16;5;12;13;
*07SH-~~~17D;;;;;;;20.10.54;3;1;4;1;4430;;7;18;14;8;4;10;18;9;16;5;12;13;
a09RH#~~~17D;;;;;;;20.10.54;3;1;4;1;4430;;7;18;14;8;4;10;18;9;16;5;12;13;
a05EN+K1B~3~2;;;;;;;20.10.54;3;1;4;1;4430;;7;18;14;8;4;10;18;9;16;5;12;13;
a18AT#Y9~91AH;s;r;;;;;20.11.01;3;1;4;1;4433;;7;18;14;8;4;10;18;9;16;5;12;13;
*$$&H=;s;;;;;;20.11.01;3;1;4;1;4433;;7;18;14;8;4;10;18;9;16;5;12;13;
ap08:07;;;;;;;20.11.08;3;1;4;1;4437;;7;18;14;8;4;10;18;9;16;5;12;13;
az3;;;;;;;20.11.08;3;1;3;1;4443;;7;18;14;8;4;10;9;16;5;12;13;18;
a09SQ!~~~15~~~N;;;;;;;20.11.19;3;1;3;1;4455;;7;18;14;8;4;10;9;16;5;12;13;18;
*04RQ!~~~15;;;;;;;20.11.19;3;1;3;1;4455;;7;18;14;8;4;10;9;16;5;12;13;18;
*07EQ+K9C~2~2;;;;;;;20.11.19;3;1;3;1;4455;;7;18;14;8;4;10;9;16;5;12;13;18;
*14AQ-J4~35~H;;r;;;;;20.11.27;3;1;3;1;4458;;7;18;14;8;4;10;9;16;5;12;13;18;
a12BQ+~~~~3;;;;;;;20.11.27;3;1;3;1;4458;;7;18;14;8;4;10;9;16;5;12;13;18;
a16DH+;;;;;;;20.11.27;3;1;3;1;4458;;7;18;14;8;4;10;9;16;5;12;13;18;
a05AO+V2~26~H;;p;;;;;20.11.35;3;1;3;1;4460;;7;18;14;8;4;10;9;16;5;12;13;18;
*14BO-~~~~4;;;;;;;20.11.35;3;1;3;1;4460;;7;18;14;8;4;10;9;16;5;12;13;18;
a16DH+;;;;;;;20.11.35;3;1;3;1;4460;;7;18;14;8;4;10;9;16;5;12;13;18;
a05EN+~~F~~~2;;;;;;;20.11.35;3;1;3;1;4460;;7;18;14;8;4;10;9;16;5;12;13;18;
a12AT+W4~42~T;;p;;;;;20.11.35;3;1;3;1;4463;;7;18;14;8;4;10;9;16;5;12;13;18;
*18BN-~~~~2;;;;;;;20.11.35;3;1;3;1;4463;;7;18;14;8;4;10;9;16;5;12;13;18;
a12DH+;;;;;;;20.11.35;3;1;3;1;4463;;7;18;14;8;4;10;9;16;5;12;13;18;
a05EN+~~P;;;;;;;20.11.35;3;1;3;1;4463;;7;18;14;8;4;10;9;16;5;12;13;18;
a09AT/Y8~86CH;s;p;;;;;20.11.42;3;1;3;1;4467;;7;18;14;8;4;10;9;16;5;12;13;18;
*14BN#~~~~3;s;;;;;;20.11.42;3;1;3;1;4467;;7;18;14;8;4;10;9;16;5;12;13;18;
*p09:07;;;;;;;20.11.46;3;1;3;1;4472;;7;18;14;8;4;10;9;16;5;12;13;18;
*z6;;;;;;;20.11.46;3;6;3;1;4481;;18;14;8;4;10;7;9;16;5;12;13;18;
*18ST/~~~61C;;;;;;;20.12.17;3;6;3;1;4513;;18;14;8;4;10;7;9;16;5;12;13;18;
a09RT/~~~61C;;;;;;;20.12.17;3;6;3;1;4513;;18;14;8;4;10;7;9;16;5;12;13;18;
*15DH+;;;;;;;20.12.25;3;6;3;1;4513;;18;14;8;4;10;7;9;16;5;12;13;18;
*07EN+~~F;;;;;;;20.12.25;3;6;3;1;4513;;18;14;8;4;10;7;9;16;5;12;13;18;
*04AT-W4~42~T;;p;;;;;20.12.26;3;6;3;1;4516;;18;14;8;4;10;7;9;16;5;12;13;18;
a05DN+~~~42;;;;;;;20.12.26;3;6;3;1;4516;;18;14;8;4;10;7;9;16;5;12;13;18;
a15EH+~~P~~~2;;;;;;;20.12.26;3;6;3;1;4516;;18;14;8;4;10;7;9;16;5;12;13;18;
a09AH#G8~85AH;s;s;;;;;20.12.35;3;6;3;1;4519;;18;14;8;4;10;7;9;16;5;12;13;18;
*15DH=~~~85A;s;;;;;;20.12.35;3;6;3;1;4519;;18;14;8;4;10;7;9;16;5;12;13;18;
ap09:08;;;;;;;20.12.38;3;6;3;1;4526;;18;14;8;4;10;7;9;16;5;12;13;18;
az2;;;;;;;20.12.38;3;6;2;1;4533;;18;14;8;4;10;7;16;5;12;13;18;9;
a16SQ=~~~16A;s;;;;;;20.12.57;3;6;2;1;4553;;18;14;8;4;10;7;16;5;12;13;18;9;
*$$&H#;s;;;;;;20.12.57;3;6;2;1;4553;;18;14;8;4;10;7;16;5;12;13;18;9;
*p10:08;;;;;;;20.13.01;3;6;2;1;4558;;18;14;8;4;10;7;16;5;12;13;18;9;
*z5;;;;;;;20.13.01;3;5;2;1;4556;;14;8;4;10;7;18;16;5;12;13;18;9;
*14SH-~~~56C;;;;;;;20.13.22;3;5;2;1;4578;;14;8;4;10;7;18;16;5;12;13;18;9;
a12RH#~~~56C;;;;;;;20.13.22;3;5;2;1;4578;;14;8;4;10;7;18;16;5;12;13;18;9;
a05EQ+K2C~2~2;;;;;;;20.13.22;3;5;2;1;4578;;14;8;4;10;7;18;16;5;12;13;18;9;
a13AQ/J4~31CH;p;r;;;;;20.13.28;3;5;2;1;4581;;14;8;4;10;7;18;16;5;12;13;18;9;
*08BQ#~~~~3;p;;;;;;20.13.28;3;5;2;1;4581;;14;8;4;10;7;18;16;5;12;13;18;9;
*p11:08;;;;;;;20.13.32;3;5;2;1;4586;;14;8;4;10;7;18;16;5;12;13;18;9;
*14SH-~~~51;;;;;;;20.13.51;3;5;2;1;4607;;14;8;4;10;7;18;16;5;12;13;18;9;
a15RH#~~~51;;;;;;;20.13.51;3;5;2;1;4607;;14;8;4;10;7;18;16;5;12;13;18;9;
a05EO+K2S~2~2;;;;;;;20.13.51;3;5;2;1;4607;;14;8;4;10;7;18;16;5;12;13;18;9;
a05AO+JJ~34~T;;r;;;;;20.13.58;3;5;2;1;4609;;14;8;4;10;7;18;16;5;12;13;18;9;
*04BO-~~~~3;;;;;;;20.13.58;3;5;2;1;4609;;14;8;4;10;7;18;16;5;12;13;18;9;
a05DH+;;;;;;;20.14.03;3;5;2;1;4609;;14;8;4;10;7;18;16;5;12;13;18;9;
a15EH+~~B~~~2;;;;;;;20.14.03;3;5;2;1;4609;;14;8;4;10;7;18;16;5;12;13;18;9;
a18AH-G9~91~H;;s;;;;;20.14.05;3;5;2;1;4612;;14;8;4;10;7;18;16;5;12;13;18;9;
*10BH+~~~~4;;;;;;;20.14.05;3;5;2;1;4612;;14;8;4;10;7;18;16;5;12;13;18;9;
a12DH+;;;;;;;20.14.05;3;5;2;1;4612;;14;8;4;10;7;18;16;5;12;13;18;9;
a09FH-;;;;;;;20.14.05;3;5;2;1;4615;;14;8;4;10;7;18;16;5;12;13;18;9;
*18DH+;;;;;;;20.14.05;3;5;2;1;4615;;14;8;4;10;7;18;16;5;12;13;18;9;
*07ET+~~B;;;;;;;20.14.05;3;5;2;1;4615;;14;8;4;10;7;18;16;5;12;13;18;9;
*08AT#W2~21CH;p;p;;;;;20.14.11;3;5;2;1;4619;;14;8;4;10;7;18;16;5;12;13;18;9;
a18DT=~~~21C;p;;;;;;20.14.11;3;5;2;1;4619;;14;8;4;10;7;18;16;5;12;13;18;9;
*p12:08;;;;;;;20.14.15;3;5;2;1;4623;;14;8;4;10;7;18;16;5;12;13;18;9;
aT;;;;;;;20.14.15;3;5;2;1;4630;;14;8;4;10;7;18;16;5;12;13;18;9;
*14SH-~~~51B;;;;;;;20.15.25;3;5;2;1;4701;;14;8;4;10;7;18;16;5;12;13;18;9;
a15RH#~~~51B;;;;;;;20.15.25;3;5;2;1;4701;;14;8;4;10;7;18;16;5;12;13;18;9;
a05EN+K1B~3~2;;;;;;;20.15.25;3;5;2;1;4701;;14;8;4;10;7;18;16;5;12;13;18;9;
a18AT/Y9~96CH;p;r;;;;;20.15.31;3;5;2;1;4704;;14;8;4;10;7;18;16;5;12;13;18;9;
*04BN#~~~~4;p;;;;;;20.15.31;3;5;2;1;4704;;14;8;4;10;7;18;16;5;12;13;18;9;
*p13:08;;;;;;;20.15.40;3;5;2;1;4709;;14;8;4;10;7;18;16;5;12;13;18;9;
ac13:14;;;;;;;20.15.40;3;5;2;1;4715;;14;8;4;10;7;18;16;5;12;14;18;9;
*14SH-~~~54A;;;;;;;20.16.02;3;5;2;1;4738;;14;8;4;10;7;18;16;5;12;14;18;9;
a14RH#~~~54AO;;;;;;;20.16.02;3;5;2;1;4738;;14;8;4;10;7;18;16;5;12;14;18;9;
a05EN+K1F~3~2;;;;;;;20.16.02;3;5;2;1;4738;;14;8;4;10;7;18;16;5;12;14;18;9;
a12AT#W4~45~H;s;r;;;;;20.16.08;3;5;2;1;4741;;14;8;4;10;7;18;16;5;12;14;18;9;
*08BN/~~~~2;s;;;;;;20.16.08;3;5;2;1;4741;;14;8;4;10;7;18;16;5;12;14;18;9;
*14DH/;;;;;;;20.16.15;3;5;2;1;4741;;14;8;4;10;7;18;16;5;12;14;18;9;
ap13:09;;;;;;;20.16.16;3;5;2;1;4745;;14;8;4;10;7;18;16;5;12;14;18;9;
az1;;;;;;;20.16.16;3;5;1;1;4751;;14;8;4;10;7;18;5;12;14;18;9;16;
ac18:22;;;;;;;20.16.16;3;5;1;1;4751;;14;8;4;10;7;18;5;12;14;22;9;16;
a05SQ!~~~66~~~N;;;;;;;20.16.30;3;5;1;1;4766;;14;8;4;10;7;18;5;12;14;22;9;16;
*18RQ!~~~66;;;;;;;20.16.30;3;5;1;1;4766;;14;8;4;10;7;18;5;12;14;22;9;16;
*07EH+K8F;;;;;;;20.16.30;3;5;1;1;4766;;14;8;4;10;7;18;5;12;14;22;9;16;
*04AT-W4~41~H;;r;;;;;20.16.37;3;5;1;1;4769;;14;8;4;10;7;18;5;12;14;22;9;16;
a05DT+~~~41;;;;;;;20.16.37;3;5;1;1;4769;;14;8;4;10;7;18;5;12;14;22;9;16;
a15EH+~~P~~~2;;;;;;;20.16.37;3;5;1;1;4769;;14;8;4;10;7;18;5;12;14;22;9;16;
a09AH#G8~81~H;p;p;;;;;20.16.46;3;5;1;1;4772;;14;8;4;10;7;18;5;12;14;22;9;16;
*10BH/~~~~3;p;;;;;;20.16.46;3;5;1;1;4772;;14;8;4;10;7;18;5;12;14;22;9;16;
ap13:10;;;;;;;20.16.49;3;5;1;1;4778;;14;8;4;10;7;18;5;12;14;22;9;16;
a05SQ#~~~58B~~N;p;;;;;;20.17.02;3;5;1;1;4798;;14;8;4;10;7;18;5;12;14;22;9;16;
*15RQ=~~~58BW;p;;;;;;20.17.02;3;5;1;1;4798;;14;8;4;10;7;18;5;12;14;22;9;16;
ap13:11;;;;;;;20.17.13;3;5;1;1;4803;;14;8;4;10;7;18;5;12;14;22;9;16;
*T;;;;;;;20.17.13;3;5;1;1;4808;;14;8;4;10;7;18;5;12;14;22;9;16;
a05SQ+~~~55B;;;;;;;20.18.20;3;5;1;1;4876;;14;8;4;10;7;18;5;12;14;22;9;16;
*18RQ-~~~55B;;;;;;;20.18.20;3;5;1;1;4876;;14;8;4;10;7;18;5;12;14;22;9;16;
*07EH+~~F;;;;;;;20.18.20;3;5;1;1;4876;;14;8;4;10;7;18;5;12;14;22;9;16;
*04AH#G4~41~H;s;r;;;;;20.18.26;3;5;1;1;4879;;14;8;4;10;7;18;5;12;14;22;9;16;
a22BH/~~~~2;s;;;;;;20.18.26;3;5;1;1;4879;;14;8;4;10;7;18;5;12;14;22;9;16;
*p14:11;;;;;;;20.18.30;3;5;1;1;4883;;14;8;4;10;7;18;5;12;14;22;9;16;
*z4;;;;;;;20.18.30;3;4;1;1;4885;;8;4;10;7;18;14;5;12;14;22;9;16;
*08ST=~~~65~~~N;s;;;;;;20.19.07;3;4;1;1;4923;;8;4;10;7;18;14;5;12;14;22;9;16;
a$$&H#;s;;;;;;20.19.07;3;4;1;1;4923;;8;4;10;7;18;14;5;12;14;22;9;16;
ap14:12;;;;;;;20.19.11;3;4;1;1;4927;;8;4;10;7;18;14;5;12;14;22;9;16;
az6;;;;;;;20.19.11;3;4;6;1;4926;;8;4;10;7;18;14;12;14;22;9;16;5;
a12SQ-~~~15B;;;;;;;20.19.29;3;4;6;1;4945;;8;4;10;7;18;14;12;14;22;9;16;5;
*18RQ+~~~15B;;;;;;;20.19.29;3;4;6;1;4945;;8;4;10;7;18;14;12;14;22;9;16;5;
*07EQ+K1C~3~2;;;;;;;20.19.29;3;4;6;1;4945;;8;4;10;7;18;14;12;14;22;9;16;5;
*10AQ#J1~35BH;s;r;;;;;20.19.36;3;4;6;1;4948;;8;4;10;7;18;14;12;14;22;9;16;5;
a$$&H=;s;;;;;;20.19.36;3;4;6;1;4948;;8;4;10;7;18;14;12;14;22;9;16;5;
*p15:12;;;;;;;20.19.38;3;4;6;1;4953;;8;4;10;7;18;14;12;14;22;9;16;5;
*z3;;;;;;;20.19.38;3;3;6;1;4953;;4;10;7;18;14;8;12;14;22;9;16;5;
*04SH+~~~61C;;;;;;;20.20.04;3;3;6;1;4979;;4;10;7;18;14;8;12;14;22;9;16;5;
a12RH-~~~61C;;;;;;;20.20.04;3;3;6;1;4979;;4;10;7;18;14;8;12;14;22;9;16;5;
a15EH+~~F~~~2;;;;;;;20.20.04;3;3;6;1;4979;;4;10;7;18;14;8;12;14;22;9;16;5;
a09AH=G4~45DH;p;r;;;;;20.20.11;3;3;6;1;4982;;4;10;7;18;14;8;12;14;22;9;16;5;
*$$&H#;p;;;;;;20.20.11;3;3;6;1;4982;;4;10;7;18;14;8;12;14;22;9;16;5;
*p16:12;;;;;;;20.20.13;3;3;6;1;4987;;4;10;7;18;14;8;12;14;22;9;16;5;
*04SH-~~~11C;;;;;;;20.21.01;3;3;6;1;5037;;4;10;7;18;14;8;12;14;22;9;16;5;
a12RH#~~~11CO;;;;;;;20.21.01;3;3;6;1;5037;;4;10;7;18;14;8;12;14;22;9;16;5;
a05EN+K1B~2~2;;;;;;;20.21.01;3;3;6;1;5037;;4;10;7;18;14;8;12;14;22;9;16;5;
a22AT-W2~21~H;;r;;;;;20.21.07;3;3;6;1;5040;;4;10;7;18;14;8;12;14;22;9;16;5;
*10BN+~~~~4;;;;;;;20.21.07;3;3;6;1;5040;;4;10;7;18;14;8;12;14;22;9;16;5;
*08DH+;;;;;;;20.21.09;3;3;6;1;5040;;4;10;7;18;14;8;12;14;22;9;16;5;
*07EQ+~~C;;;;;;;20.21.09;3;3;6;1;5040;;4;10;7;18;14;8;12;14;22;9;16;5;
*10AQ#J2~31DH;p;p;;;;;20.21.10;3;3;6;1;5043;;4;10;7;18;14;8;12;14;22;9;16;5;
a14BQ/~~~~3;p;;;;;;20.21.10;3;3;6;1;5043;;4;10;7;18;14;8;12;14;22;9;16;5;
*p17:12;;;;;;;20.21.16;3;3;6;1;5048;;4;10;7;18;14;8;12;14;22;9;16;5;
*04SH!~~~11C;;;;;;;20.21.27;3;3;6;1;5063;;4;10;7;18;14;8;12;14;22;9;16;5;
a12RH+~~~11CO;;;;;;;20.21.27;3;3;6;1;5063;;4;10;7;18;14;8;12;14;22;9;16;5;
a05EH+K1C~2~2;;;;;;;20.21.27;3;3;6;1;5063;;4;10;7;18;14;8;12;14;22;9;16;5;
a14AQ-J1~36CH;;r;;;;;20.21.32;3;3;6;1;5066;;4;10;7;18;14;8;12;14;22;9;16;5;
*04DQ+~~~36C;;;;;;;20.21.32;3;3;6;1;5066;;4;10;7;18;14;8;12;14;22;9;16;5;
*07EH+~~B;;;;;;;20.21.32;3;3;6;1;5066;;4;10;7;18;14;8;12;14;22;9;16;5;
*08AH-G9~95~H;;p;;;;;20.21.37;3;3;6;1;5069;;4;10;7;18;14;8;12;14;22;9;16;5;
a09BH=~~~~4;p;;;;;;20.21.37;3;3;6;1;5069;;4;10;7;18;14;8;12;14;22;9;16;5;
*$$&H#;p;;;;;;20.21.37;3;3;6;1;5069;;4;10;7;18;14;8;12;14;22;9;16;5;
*p18:12;;;;;;;20.21.47;3;3;6;1;5074;;4;10;7;18;14;8;12;14;22;9;16;5;
aT;;;;;;;20.21.47;3;3;6;1;5082;;4;10;7;18;14;8;12;14;22;9;16;5;
*04SH!~~~17;;;;;;;20.22.46;3;3;6;1;5141;;4;10;7;18;14;8;12;14;22;9;16;5;
a09RH!~~~17~O;;;;;;;20.22.46;3;3;6;1;5141;;4;10;7;18;14;8;12;14;22;9;16;5;
a05EH+~~B;;;;;;;20.22.46;3;3;6;1;5141;;4;10;7;18;14;8;12;14;22;9;16;5;
a22AH+G2~21~H;;r;;;;;20.22.54;3;3;6;1;5144;;4;10;7;18;14;8;12;14;22;9;16;5;
*08DH-~~~21;;;;;;;20.22.54;3;3;6;1;5144;;4;10;7;18;14;8;12;14;22;9;16;5;
a15EH+~~B~~~2;;;;;;;20.22.54;3;3;6;1;5144;;4;10;7;18;14;8;12;14;22;9;16;5;
a22AT#W2~21~H;s;s;;;;;20.22.58;3;3;6;1;5147;;4;10;7;18;14;8;12;14;22;9;16;5;
*10BN/~~~~4;s;;;;;;20.22.58;3;3;6;1;5147;;4;10;7;18;14;8;12;14;22;9;16;5;
ap18:13;;;;;;;20.23.04;3;3;6;1;5154;;4;10;7;18;14;8;12;14;22;9;16;5;
az5;;;;;;;20.23.04;3;3;5;1;5159;;4;10;7;18;14;8;14;22;9;16;5;12;
*c08:11;;;;;;;20.23.04;3;3;5;1;5159;;4;10;7;18;14;11;14;22;9;16;5;12;
a14SH!~~~59;;;;;;;20.23.32;3;3;5;1;5188;;4;10;7;18;14;11;14;22;9;16;5;12;
*04RH!~~~59;;;;;;;20.23.32;3;3;5;1;5188;;4;10;7;18;14;11;14;22;9;16;5;12;
*07EN+KCF~3~1;;;;;;;20.23.32;3;3;5;1;5188;;4;10;7;18;14;11;14;22;9;16;5;12;
*18AT+W4~41~H;;r;;;;;20.23.39;3;3;5;1;5191;;4;10;7;18;14;11;14;22;9;16;5;12;
a22BN-~~~~2;;;;;;;20.23.39;3;3;5;1;5191;;4;10;7;18;14;11;14;22;9;16;5;12;
*10EH+~~P~~~2;;;;;;;20.23.39;3;3;5;1;5191;;4;10;7;18;14;11;14;22;9;16;5;12;
*04AH#G8~81AH;s;s;;;;;20.23.46;3;3;5;1;5194;;4;10;7;18;14;11;14;22;9;16;5;12;
a$$&H=;s;;;;;;20.23.46;3;3;5;1;5194;;4;10;7;18;14;11;14;22;9;16;5;12;
*p19:13;;;;;;;20.23.49;3;3;5;1;5199;;4;10;7;18;14;11;14;22;9;16;5;12;
*z2;;;;;;;20.23.49;3;2;5;1;5204;;10;7;18;14;11;4;14;22;9;16;5;12;
*10SQ=~~~15~~~N;s;;;;;;20.23.49;3;2;5;1;5231;;10;7;18;14;11;4;14;22;9;16;5;12;
a$$&H#;s;;;;;;20.23.49;3;2;5;1;5231;;10;7;18;14;11;4;14;22;9;16;5;12;
ap19:14;;;;;;;20.24.18;3;2;5;1;5261;;10;7;18;14;11;4;14;22;9;16;5;12;
az4;;;;;;;20.24.18;3;2;4;1;5233;;10;7;18;14;11;4;22;9;16;5;12;14;
a22SQ!~~~16C;;;;;;;20.24.36;3;2;4;1;5252;;10;7;18;14;11;4;22;9;16;5;12;14;
*04RQ!~~~16C;;;;;;;20.24.36;3;2;4;1;5252;;10;7;18;14;11;4;22;9;16;5;12;14;
*07EN+K8P~2~2;;;;;;;20.24.36;3;2;4;1;5252;;10;7;18;14;11;4;22;9;16;5;12;14;
*04AT#Y8~85AH;s;r;;;;;20.24.53;3;2;4;1;5255;;10;7;18;14;11;4;22;9;16;5;12;14;
a16BN/~~~~3;s;;;;;;20.24.53;3;2;4;1;5255;;10;7;18;14;11;4;22;9;16;5;12;14;
a12DH/;;;;;;;20.25.00;3;2;4;1;5255;;10;7;18;14;11;4;22;9;16;5;12;14;
*p20:14;;;;;;;20.25.01;3;2;4;1;5261;;10;7;18;14;11;4;22;9;16;5;12;14;
*z1;;;;;;;20.25.02;3;1;4;1;5277;;7;18;14;11;4;10;22;9;16;5;12;14;
*07SH!~~~17;;;;;;;20.25.03;3;1;4;1;5278;;7;18;14;11;4;10;22;9;16;5;12;14;
a09RH+~~~17;;;;;;;20.25.03;3;1;4;1;5278;;7;18;14;11;4;10;22;9;16;5;12;14;
a05EQ+K2C~2~2;;;;;;;20.25.03;3;1;4;1;5278;;7;18;14;11;4;10;22;9;16;5;12;14;
a16AQ#J2~37AH;s;r;;;;;20.25.09;3;1;4;1;5281;;7;18;14;11;4;10;22;9;16;5;12;14;
*$$&H=;s;;;;;;20.25.09;3;1;4;1;5281;;7;18;14;11;4;10;22;9;16;5;12;14;
ap20:15;;;;;;;20.25.16;3;1;4;1;5286;;7;18;14;11;4;10;22;9;16;5;12;14;
az3;;;;;;;20.25.16;3;1;3;1;5291;;7;18;14;11;4;10;9;16;5;12;14;22;
a09SQ!~~~16B;;;;;;;20.25.26;3;1;3;1;5302;;7;18;14;11;4;10;9;16;5;12;14;22;
*15RQ!~~~16B;;;;;;;20.25.26;3;1;3;1;5302;;7;18;14;11;4;10;9;16;5;12;14;22;
*07ET+K9F~2~2;;;;;;;20.25.26;3;1;3;1;5302;;7;18;14;11;4;10;9;16;5;12;14;22;
*11AT#W4~41BH;s;r;;;;;20.25.33;3;1;3;1;5305;;7;18;14;11;4;10;9;16;5;12;14;22;
a22DT=~~~41B;s;;;;;;20.25.33;3;1;3;1;5305;;7;18;14;11;4;10;9;16;5;12;14;22;
*p21:15;;;;;;;20.25.37;3;1;3;1;5311;;7;18;14;11;4;10;9;16;5;12;14;22;
*z6;;;;;;;20.25.37;3;6;3;1;5312;;18;14;11;4;10;7;9;16;5;12;14;22;
*18SQ=~~~61D;s;;;;;;20.25.55;3;6;3;1;5331;;18;14;11;4;10;7;9;16;5;12;14;22;
a$$&H#;s;;;;;;20.25.55;3;6;3;1;5331;;18;14;11;4;10;7;9;16;5;12;14;22;
ap21:16;;;;;;;20.25.58;3;6;3;1;5335;;18;14;11;4;10;7;9;16;5;12;14;22;
az2;;;;;;;20.25.58;3;6;2;1;5333;;18;14;11;4;10;7;16;5;12;14;22;9;
a16SQ!~~~11B;;;;;;;20.26.17;3;6;2;1;5353;;18;14;11;4;10;7;16;5;12;14;22;9;
*18RQ!~~~11B;;;;;;;20.26.17;3;6;2;1;5353;;18;14;11;4;10;7;16;5;12;14;22;9;
*07EN+KFF~4~2;;;;;;;20.26.17;3;6;2;1;5353;;18;14;11;4;10;7;16;5;12;14;22;9;
*04AT-W4~46~H;;r;;;;;20.26.25;3;6;2;1;5356;;18;14;11;4;10;7;16;5;12;14;22;9;
a05BN+~~~~2;;;;;;;20.26.25;3;6;2;1;5356;;18;14;11;4;10;7;16;5;12;14;22;9;
a22DH+;;;;;;;20.26.28;3;6;2;1;5356;;18;14;11;4;10;7;16;5;12;14;22;9;
a05EH+~~F;;;;;;;20.26.28;3;6;2;1;5356;;18;14;11;4;10;7;16;5;12;14;22;9;
a12AH-G4~47~H;;p;;;;;20.26.29;3;6;2;1;5359;;18;14;11;4;10;7;16;5;12;14;22;9;
*14BH+~~~~2;;;;;;;20.26.29;3;6;2;1;5359;;18;14;11;4;10;7;16;5;12;14;22;9;
*18DH+;;;;;;;20.26.32;3;6;2;1;5359;;18;14;11;4;10;7;16;5;12;14;22;9;
*07EH+~~B;;;;;;;20.26.32;3;6;2;1;5359;;18;14;11;4;10;7;16;5;12;14;22;9;
*11AH+G2~21~H;;s;;;;;20.26.34;3;6;2;1;5362;;18;14;11;4;10;7;16;5;12;14;22;9;
a22DH-~~~21;;;;;;;20.26.34;3;6;2;1;5362;;18;14;11;4;10;7;16;5;12;14;22;9;
a12FH-;;;;;;;20.26.41;3;6;2;1;5366;;18;14;11;4;10;7;16;5;12;14;22;9;
*15DH+;;;;;;;20.26.42;3;6;2;1;5366;;18;14;11;4;10;7;16;5;12;14;22;9;
*07EQ+~~C;;;;;;;20.26.42;3;6;2;1;5366;;18;14;11;4;10;7;16;5;12;14;22;9;
*14AQ#J1~37BH;s;s;;;;;20.26.44;3;6;2;1;5369;;18;14;11;4;10;7;16;5;12;14;22;9;
a$$&H=;s;;;;;;20.26.44;3;6;2;1;5369;;18;14;11;4;10;7;16;5;12;14;22;9;
*p22:16;;;;;;;20.26.49;3;6;2;1;5378;;18;14;11;4;10;7;16;5;12;14;22;9;
*z5;;;;;;;20.26.49;3;5;2;1;5384;;14;11;4;10;7;18;16;5;12;14;22;9;
*14SH+~~~56B;;;;;;;20.27.07;3;5;2;1;5403;;14;11;4;10;7;18;16;5;12;14;22;9;
a09RH-~~~56B;;;;;;;20.27.07;3;5;2;1;5403;;14;11;4;10;7;18;16;5;12;14;22;9;
a05EH+~~B;;;;;;;20.27.07;3;5;2;1;5403;;14;11;4;10;7;18;16;5;12;14;22;9;
a22AH#G9~99AH;s;r;;;;;20.27.14;3;5;2;1;5406;;14;11;4;10;7;18;16;5;12;14;22;9;
*$$&H=;s;;;;;;20.27.14;3;5;2;1;5406;;14;11;4;10;7;18;16;5;12;14;22;9;
ap22:17;;;;;;;20.27.21;3;5;2;1;5411;;14;11;4;10;7;18;16;5;12;14;22;9;
az1;;;;;;;20.27.21;3;5;1;1;5416;;14;11;4;10;7;18;5;12;14;22;9;16;
a05SQ+~~~55B;;;;;;;20.27.35;3;5;1;1;5431;;14;11;4;10;7;18;5;12;14;22;9;16;
*04RQ-~~~55B;;;;;;;20.27.35;3;5;1;1;5431;;14;11;4;10;7;18;5;12;14;22;9;16;
a22BH=;s;;;;;;20.27.46;3;5;1;1;5431;;14;11;4;10;7;18;5;12;14;22;9;16;
*$$&H#;s;;;;;;20.27.46;3;5;1;1;5431;;14;11;4;10;7;18;5;12;14;22;9;16;
*p23:17;;;;;;;20.27.48;3;5;1;1;5438;;14;11;4;10;7;18;5;12;14;22;9;16;
*z4;;;;;;;20.27.48;3;4;1;1;5443;;11;4;10;7;18;14;5;12;14;22;9;16;
*c07:16;;;;;;;20.27.48;3;4;1;1;5443;;11;4;10;16;18;14;5;12;14;22;9;16;
*P16;;;;;;;20.27.48;3;4;1;1;5443;;11;4;10;16;18;14;5;12;14;22;9;16;
*z4;;;;;;;20.27.48;3;4;1;1;5443;;11;4;10;16;18;14;5;12;14;22;9;16;
*11SQ-~~~66B;;;;;;;20.28.22;3;4;1;1;5478;;11;4;10;16;18;14;5;12;14;22;9;16;
a15RQ#~~~66B;;;;;;;20.28.22;3;4;1;1;5478;;11;4;10;16;18;14;5;12;14;22;9;16;
a05EQ+K1C~3~2;;;;;;;20.28.22;3;4;1;1;5478;;11;4;10;16;18;14;5;12;14;22;9;16;
a14AQ#J1~37AH;s;r;;;;;20.28.28;3;4;1;1;5481;;11;4;10;16;18;14;5;12;14;22;9;16;
*15DQ=~~~37A;s;;;;;;20.28.28;3;4;1;1;5481;;11;4;10;16;18;14;5;12;14;22;9;16;
ap23:18;;;;;;;20.28.33;3;4;1;1;5486;;11;4;10;16;18;14;5;12;14;22;9;16;
az6;;;;;;;20.28.33;3;4;6;1;5488;;11;4;10;16;18;14;12;14;22;9;16;5;
a12SQ=~~~16~~~N;s;;;;;;20.28.50;3;4;6;1;5506;;11;4;10;16;18;14;12;14;22;9;16;5;
*$$&H#;s;;;;;;20.28.50;3;4;6;1;5506;;11;4;10;16;18;14;12;14;22;9;16;5;
*p24:18;;;;;;;20.28.54;3;4;6;1;5511;;11;4;10;16;18;14;12;14;22;9;16;5;
*z3;;;;;;;20.28.54;3;3;6;1;5509;;4;10;16;18;14;11;12;14;22;9;16;5;
*04SQ=~~~61~~~N;s;;;;;;20.29.11;3;3;6;1;5527;;4;10;16;18;14;11;12;14;22;9;16;5;
a$$&H#;s;;;;;;20.29.11;3;3;6;1;5527;;4;10;16;18;14;11;12;14;22;9;16;5;
ap24:19;;;;;;;20.29.15;3;3;6;1;5531;;4;10;16;18;14;11;12;14;22;9;16;5;
az5;;;;;;;20.29.15;3;3;5;1;5530;;4;10;16;18;14;11;14;22;9;16;5;12;
a14SH-~~~57A;;;;;;;20.29.31;3;3;5;1;5547;;4;10;16;18;14;11;14;22;9;16;5;12;
*18RH#~~~57AO;;;;;;;20.29.31;3;3;5;1;5547;;4;10;16;18;14;11;14;22;9;16;5;12;
*16EN+K1P~3~2;;;;;;;20.29.31;3;3;5;1;5547;;4;10;16;18;14;11;14;22;9;16;5;12;
*04AT#Y8~81DH;s;r;;;;;20.29.38;3;3;5;1;5550;;4;10;16;18;14;11;14;22;9;16;5;12;
a$$&H=;s;;;;;;20.29.38;3;3;5;1;5550;;4;10;16;18;14;11;14;22;9;16;5;12;
*p25:19;;;;;;;20.29.40;3;3;5;1;5554;;4;10;16;18;14;11;14;22;9;16;5;12;
**3set;;;;;;;20.29.40;4;3;5;1;5555;;;;;;;;;;;;;;
