*P14>LUp;;;;;;;;1;0;0;;;;14;11;12;8;19;4;1;19;4;9;5;10;
*z1>LUp;;;;;;;;1;1;0;;;;14;11;12;8;19;4;1;19;4;9;5;10;
aP01>LUp;;;;;;;;1;1;0;;;;14;11;12;8;19;4;1;19;4;9;5;10;
az1>LUp;;;;;;;;1;1;1;;;;14;11;12;8;19;4;1;19;4;9;5;10;
a01SQ=~~~16B;s;;;;;;20.30.59;1;1;1;1;648;;14;11;12;8;19;4;1;19;4;9;5;10;
*$$&H#;s;;;;;;20.30.59;1;1;1;1;648;;14;11;12;8;19;4;1;19;4;9;5;10;
*p01:00;;;;;;;20.31.09;1;1;1;1;658;;14;11;12;8;19;4;1;19;4;9;5;10;
*z5;;;;;;;20.31.09;1;5;1;1;657;;12;8;19;4;14;11;1;19;4;9;5;10;
*12SQ/~~~15;;;;;;;20.31.20;1;5;1;1;668;;12;8;19;4;14;11;1;19;4;9;5;10;
a10RQ/~~~15;;;;;;;20.31.20;1;5;1;1;668;;12;8;19;4;14;11;1;19;4;9;5;10;
*14EO+;;;;;;;20.31.20;1;5;1;1;668;;12;8;19;4;14;11;1;19;4;9;5;10;
*19AO#V4~4~~H;p;p;;;;;20.31.20;1;5;1;1;671;;12;8;19;4;14;11;1;19;4;9;5;10;
a$$&H=;p;;;;;;20.31.20;1;5;1;1;671;;12;8;19;4;14;11;1;19;4;9;5;10;
*p02:00;;;;;;;20.31.28;1;5;1;1;675;;12;8;19;4;14;11;1;19;4;9;5;10;
*12SQ+~~~15;;;;;;;20.31.49;1;5;1;1;697;;12;8;19;4;14;11;1;19;4;9;5;10;
a05RQ-~~~15~O;;;;;;;20.31.49;1;5;1;1;697;;12;8;19;4;14;11;1;19;4;9;5;10;
a01EH+KEF~8;;;;;;;20.31.49;1;5;1;1;697;;12;8;19;4;14;11;1;19;4;9;5;10;
a09AH-G4~46~H;;r;;;;;20.31.57;1;5;1;1;700;;12;8;19;4;14;11;1;19;4;9;5;10;
*04BH+~~~~2;;;;;;;20.31.57;1;5;1;1;700;;12;8;19;4;14;11;1;19;4;9;5;10;
*14EU+~~C;;;;;;;20.31.57;1;5;1;1;700;;12;8;19;4;14;11;1;19;4;9;5;10;
*04AQ#J4~39~H;p;p;;;;;20.32.00;1;5;1;1;703;;12;8;19;4;14;11;1;19;4;9;5;10;
a$$&H=;p;;;;;;20.32.00;1;5;1;1;703;;12;8;19;4;14;11;1;19;4;9;5;10;
*p03:00;;;;;;;20.32.11;1;5;1;1;707;;12;8;19;4;14;11;1;19;4;9;5;10;
*12SQ-~~~15;;;;;;;20.32.18;1;5;1;1;726;;12;8;19;4;14;11;1;19;4;9;5;10;
a05RQ+~~~15;;;;;;;20.32.18;1;5;1;1;726;;12;8;19;4;14;11;1;19;4;9;5;10;
a01ET+K8B;;;;;;;20.32.18;1;5;1;1;726;;12;8;19;4;14;11;1;19;4;9;5;10;
a19AT+W2~25~H;;r;;;;;20.32.26;1;5;1;1;729;;12;8;19;4;14;11;1;19;4;9;5;10;
*12DN+~~~25;;;;;;;20.32.26;1;5;1;1;729;;12;8;19;4;14;11;1;19;4;9;5;10;
*14EH+~~F;;;;;;;20.32.26;1;5;1;1;729;;12;8;19;4;14;11;1;19;4;9;5;10;
*19AH#G4~45~H;p;p;;;;;20.32.31;1;5;1;1;732;;12;8;19;4;14;11;1;19;4;9;5;10;
a19BH/~~~~2;p;;;;;;20.32.31;1;5;1;1;732;;12;8;19;4;14;11;1;19;4;9;5;10;
*p04:00;;;;;;;20.32.39;1;5;1;1;736;;12;8;19;4;14;11;1;19;4;9;5;10;
aT;;;;;;;20.32.39;1;5;1;1;747;;12;8;19;4;14;11;1;19;4;9;5;10;
*12SQ-~~~16;;;;;;;20.33.31;1;5;1;1;798;;12;8;19;4;14;11;1;19;4;9;5;10;
a06RQ#~~~16;;;;;;;20.33.31;1;5;1;1;798;;12;8;19;4;14;11;1;19;4;9;5;10;
a01EQ+K1C;;;;;;;20.33.31;1;5;1;1;798;;12;8;19;4;14;11;1;19;4;9;5;10;
a04AQ#J1~36~H;s;r;;;;;20.33.42;1;5;1;1;801;;12;8;19;4;14;11;1;19;4;9;5;10;
*04BU/~~~~3;s;;;;;;20.33.42;1;5;1;1;801;;12;8;19;4;14;11;1;19;4;9;5;10;
ap04:01;;;;;;;20.33.47;1;5;1;1;805;;12;8;19;4;14;11;1;19;4;9;5;10;
az6;;;;;;;20.33.47;1;5;6;1;815;;12;8;19;4;14;11;19;4;9;5;10;1;
a19SM-~~~18B;;;;;;;20.33.55;1;5;6;1;823;;12;8;19;4;14;11;19;4;9;5;10;1;
*11RM+~~~18BO;;;;;;;20.33.55;1;5;6;1;823;;12;8;19;4;14;11;19;4;9;5;10;1;
*14ET+K2B;;;;;;;20.33.55;1;5;6;1;823;;12;8;19;4;14;11;19;4;9;5;10;1;
*08AT#W2~26~H;s;r;;;;;20.34.00;1;5;6;1;826;;12;8;19;4;14;11;19;4;9;5;10;1;
a05BN/~~~~4;s;;;;;;20.34.00;1;5;6;1;826;;12;8;19;4;14;11;19;4;9;5;10;1;
*p05:01;;;;;;;20.34.18;1;5;6;1;830;;12;8;19;4;14;11;19;4;9;5;10;1;
*z4;;;;;;;20.34.18;1;4;6;1;846;;8;19;4;14;11;12;19;4;9;5;10;1;
*08SQ!~~~11;;;;;;;20.34.20;1;4;6;1;849;;8;19;4;14;11;12;19;4;9;5;10;1;
a19RQ!~~~11;;;;;;;20.34.20;1;4;6;1;849;;8;19;4;14;11;12;19;4;9;5;10;1;
a01EQ+KCC~~~1;;;;;;;20.34.20;1;4;6;1;849;;8;19;4;14;11;12;19;4;9;5;10;1;
a04AQ-J4~37~H;;r;;;;;20.34.30;1;4;6;1;852;;8;19;4;14;11;12;19;4;9;5;10;1;
*03DU#~~~37;;;;;;;20.34.30;1;4;6;1;852;;8;19;4;14;11;12;19;4;9;5;10;1;
*14EU+~~C;;;;;;;20.34.30;1;4;6;1;852;;8;19;4;14;11;12;19;4;9;5;10;1;
*04AQ#J2~36~H;p;p;;;;;20.34.40;1;4;6;1;855;;8;19;4;14;11;12;19;4;9;5;10;1;
a$$&H=;p;;;;;;20.34.40;1;4;6;1;855;;8;19;4;14;11;12;19;4;9;5;10;1;
*p06:01;;;;;;;20.34.45;1;4;6;1;859;;8;19;4;14;11;12;19;4;9;5;10;1;
*08SQ!~~~11;;;;;;;20.34.51;1;4;6;1;879;;8;19;4;14;11;12;19;4;9;5;10;1;
a19RQ!~~~11;;;;;;;20.34.51;1;4;6;1;879;;8;19;4;14;11;12;19;4;9;5;10;1;
a01ET+K8B;;;;;;;20.34.51;1;4;6;1;879;;8;19;4;14;11;12;19;4;9;5;10;1;
a09AH-G2~21~H;;r;;;;;20.34.58;1;4;6;1;882;;8;19;4;14;11;12;19;4;9;5;10;1;
*04BH+~~~~4;;;;;;;20.34.58;1;4;6;1;882;;8;19;4;14;11;12;19;4;9;5;10;1;
*03FH#;;;;;;;20.35.02;1;4;6;1;885;;8;19;4;14;11;12;19;4;9;5;10;1;
*14EN+~~B;;;;;;;20.35.02;1;4;6;1;885;;8;19;4;14;11;12;19;4;9;5;10;1;
*08AT+Y9~95DH;;p;;;;;20.35.02;1;4;6;1;888;;8;19;4;14;11;12;19;4;9;5;10;1;
a06DN-~~~95D;;;;;;;20.35.02;1;4;6;1;888;;8;19;4;14;11;12;19;4;9;5;10;1;
a01EH+~~P;;;;;;;20.35.02;1;4;6;1;888;;8;19;4;14;11;12;19;4;9;5;10;1;
a19AT=Y8~81BH;p;s;;;;;20.35.10;1;4;6;1;892;;8;19;4;14;11;12;19;4;9;5;10;1;
*$$&H#;p;;;;;;20.35.10;1;4;6;1;892;;8;19;4;14;11;12;19;4;9;5;10;1;
*p07:01;;;;;;;20.35.14;1;4;6;1;896;;8;19;4;14;11;12;19;4;9;5;10;1;
*08SQ/~~~16;;;;;;;20.35.29;1;4;6;1;918;;8;19;4;14;11;12;19;4;9;5;10;1;
a06RQ/~~~16;;;;;;;20.35.29;1;4;6;1;918;;8;19;4;14;11;12;19;4;9;5;10;1;
*14EO+;;;;;;;20.35.29;1;4;6;1;918;;8;19;4;14;11;12;19;4;9;5;10;1;
*19AO#V4~4~~H;p;p;;;;;20.35.29;1;4;6;1;921;;8;19;4;14;11;12;19;4;9;5;10;1;
a$$&H=;p;;;;;;20.35.29;1;4;6;1;921;;8;19;4;14;11;12;19;4;9;5;10;1;
*p08:01;;;;;;;20.35.38;1;4;6;1;925;;8;19;4;14;11;12;19;4;9;5;10;1;
*08SQ-~~~11;;;;;;;20.35.58;1;4;6;1;946;;8;19;4;14;11;12;19;4;9;5;10;1;
a19RQ#~~~11;;;;;;;20.35.58;1;4;6;1;946;;8;19;4;14;11;12;19;4;9;5;10;1;
a01ET+K3F;;;;;;;20.35.58;1;4;6;1;946;;8;19;4;14;11;12;19;4;9;5;10;1;
a05AT#W4~45~H;s;r;;;;;20.36.06;1;4;6;1;949;;8;19;4;14;11;12;19;4;9;5;10;1;
*04BN/~~~~2;s;;;;;;20.36.06;1;4;6;1;949;;8;19;4;14;11;12;19;4;9;5;10;1;
ap08:02;;;;;;;20.36.15;1;4;6;1;953;;8;19;4;14;11;12;19;4;9;5;10;1;
az5;;;;;;;20.36.15;1;4;5;1;963;;8;19;4;14;11;12;4;9;5;10;1;19;
a04SM-~~~58B;;;;;;;20.36.30;1;4;5;1;977;;8;19;4;14;11;12;4;9;5;10;1;19;
*11RM+~~~58BO;;;;;;;20.36.30;1;4;5;1;977;;8;19;4;14;11;12;4;9;5;10;1;19;
*14ET+K1F;;;;;;;20.36.30;1;4;5;1;977;;8;19;4;14;11;12;4;9;5;10;1;19;
*19AT#W4~45~H;s;r;;;;;20.36.35;1;4;5;1;980;;8;19;4;14;11;12;4;9;5;10;1;19;
a10BN/~~~~2;s;;;;;;20.36.35;1;4;5;1;980;;8;19;4;14;11;12;4;9;5;10;1;19;
*p09:02;;;;;;;20.36.57;1;4;5;1;984;;8;19;4;14;11;12;4;9;5;10;1;19;
*z3;;;;;;;20.36.57;1;3;5;1;1005;;19;4;14;11;12;8;4;9;5;10;1;19;
*19SQ!~~~15;;;;;;;20.37.43;1;3;5;1;1049;;19;4;14;11;12;8;4;9;5;10;1;19;
a05RQ!~~~15;;;;;;;20.37.43;1;3;5;1;1049;;19;4;14;11;12;8;4;9;5;10;1;19;
a01EQ+K8C;;;;;;;20.37.43;1;3;5;1;1049;;19;4;14;11;12;8;4;9;5;10;1;19;
a10AQ/J1~36~H;p;r;;;;;20.37.50;1;3;5;1;1052;;19;4;14;11;12;8;4;9;5;10;1;19;
*04BU#~~~~3;p;;;;;;20.37.50;1;3;5;1;1052;;19;4;14;11;12;8;4;9;5;10;1;19;
*p10:02;;;;;;;20.37.52;1;3;5;1;1056;;19;4;14;11;12;8;4;9;5;10;1;19;
*19SQ-~~~16D;;;;;;;20.38.08;1;3;5;1;1075;;19;4;14;11;12;8;4;9;5;10;1;19;
a19RQ#~~~16D;;;;;;;20.38.08;1;3;5;1;1075;;19;4;14;11;12;8;4;9;5;10;1;19;
a01ET+K1B;;;;;;;20.38.08;1;3;5;1;1075;;19;4;14;11;12;8;4;9;5;10;1;19;
a09AT+W2~21~H;;r;;;;;20.38.15;1;3;5;1;1078;;19;4;14;11;12;8;4;9;5;10;1;19;
*08DN-~~~21;;;;;;;20.38.15;1;3;5;1;1078;;19;4;14;11;12;8;4;9;5;10;1;19;
*14EH+~~F;;;;;;;20.38.15;1;3;5;1;1078;;19;4;14;11;12;8;4;9;5;10;1;19;
*11AH+G4~43~T;;p;;;;;20.38.18;1;3;5;1;1081;;19;4;14;11;12;8;4;9;5;10;1;19;
a10BH-~~~~2;;;;;;;20.38.18;1;3;5;1;1081;;19;4;14;11;12;8;4;9;5;10;1;19;
*14EH+~~F;;;;;;;20.38.18;1;3;5;1;1081;;19;4;14;11;12;8;4;9;5;10;1;19;
*11AH#G4~47~H2X;p;p;;;;;20.38.23;1;3;5;1;1084;;19;4;14;11;12;8;4;9;5;10;1;19;
a06DH=~~~47;p;;;;;;20.38.23;1;3;5;1;1084;;19;4;14;11;12;8;4;9;5;10;1;19;
*p11:02;;;;;;;20.38.33;1;3;5;1;1088;;19;4;14;11;12;8;4;9;5;10;1;19;
*19SQ!~~~16B;;;;;;;20.38.40;1;3;5;1;1108;;19;4;14;11;12;8;4;9;5;10;1;19;
a06RQ!~~~16B;;;;;;;20.38.40;1;3;5;1;1108;;19;4;14;11;12;8;4;9;5;10;1;19;
a01ET+K8C;;;;;;;20.38.40;1;3;5;1;1108;;19;4;14;11;12;8;4;9;5;10;1;19;
a10AQ#J2~38~T;s;r;;;;;20.38.51;1;3;5;1;1111;;19;4;14;11;12;8;4;9;5;10;1;19;
*$$&H=;s;;;;;;20.38.51;1;3;5;1;1111;;19;4;14;11;12;8;4;9;5;10;1;19;
ap11:03;;;;;;;20.38.57;1;3;5;1;1115;;19;4;14;11;12;8;4;9;5;10;1;19;
az4;;;;;;;20.38.57;1;3;4;1;1125;;19;4;14;11;12;8;9;5;10;1;19;4;
ac01:12;;;;;;;20.38.57;1;3;4;1;1125;;19;4;14;11;12;8;9;5;10;12;19;4;
aP12;;;;;;;20.38.57;1;3;4;1;1125;;19;4;14;11;12;8;9;5;10;12;19;4;
az4;;;;;;;20.38.57;1;3;4;1;1125;;19;4;14;11;12;8;9;5;10;12;19;4;
a09SQ=~~~56;s;;;;;;20.39.21;1;3;4;1;1149;;19;4;14;11;12;8;9;5;10;12;19;4;
*$$&H#;s;;;;;;20.39.21;1;3;4;1;1149;;19;4;14;11;12;8;9;5;10;12;19;4;
*p12:03;;;;;;;20.39.25;1;3;4;1;1153;;19;4;14;11;12;8;9;5;10;12;19;4;
*z2;;;;;;;20.39.25;1;2;4;1;1153;;4;14;11;12;8;19;9;5;10;12;19;4;
ac09:15;;;;;;;20.39.25;1;2;4;1;1153;;4;14;11;12;8;19;15;5;10;12;19;4;
aP15;;;;;;;20.39.25;1;2;4;1;1153;;4;14;11;12;8;19;15;5;10;12;19;4;
az1;;;;;;;20.39.25;1;2;1;1;1153;;4;14;11;12;8;19;15;5;10;12;19;4;
*04SQ-~~~15;;;;;;;20.39.50;1;2;1;1;1178;;4;14;11;12;8;19;15;5;10;12;19;4;
a19RQ+~~~15;;;;;;;20.39.50;1;2;1;1;1178;;4;14;11;12;8;19;15;5;10;12;19;4;
a15EQ+K2C;;;;;;;20.39.50;1;2;1;1;1178;;4;14;11;12;8;19;15;5;10;12;19;4;
a10AQ+J2~36~H;;r;;;;;20.40.00;1;2;1;1;1181;;4;14;11;12;8;19;15;5;10;12;19;4;
*19DU-~~~36;;;;;;;20.40.00;1;2;1;1;1181;;4;14;11;12;8;19;15;5;10;12;19;4;
*14ET+~~B;;;;;;;20.40.00;1;2;1;1;1181;;4;14;11;12;8;19;15;5;10;12;19;4;
*08AT#Y9~95DH2X;p;p;;;;;20.40.09;1;2;1;1;1184;;4;14;11;12;8;19;15;5;10;12;19;4;
a06DT=~~~95D;p;;;;;;20.40.09;1;2;1;1;1184;;4;14;11;12;8;19;15;5;10;12;19;4;
*p13:03;;;;;;;20.40.20;1;2;1;1;1188;;4;14;11;12;8;19;15;5;10;12;19;4;
*04SQ=~~~16~~~N;s;;;;;;20.40.23;1;2;1;1;1211;;4;14;11;12;8;19;15;5;10;12;19;4;
a$$&H#;s;;;;;;20.40.23;1;2;1;1;1211;;4;14;11;12;8;19;15;5;10;12;19;4;
ap13:04;;;;;;;20.40.27;1;2;1;1;1215;;4;14;11;12;8;19;15;5;10;12;19;4;
az6;;;;;;;20.40.27;1;2;6;1;1215;;4;14;11;12;8;19;5;10;12;19;4;15;
a05SM!~~~57;;;;;;;20.40.50;1;2;6;1;1238;;4;14;11;12;8;19;5;10;12;19;4;15;
*11RM!~~~57;;;;;;;20.40.50;1;2;6;1;1238;;4;14;11;12;8;19;5;10;12;19;4;15;
*14ET+K9F;;;;;;;20.40.50;1;2;6;1;1238;;4;14;11;12;8;19;5;10;12;19;4;15;
*11AT#W4~48~H2X;s;r;;;;;20.40.55;1;2;6;1;1241;;4;14;11;12;8;19;5;10;12;19;4;15;
a05DT=~~~48;s;;;;;;20.40.55;1;2;6;1;1241;;4;14;11;12;8;19;5;10;12;19;4;15;
*p14:04;;;;;;;20.41.00;1;2;6;1;1245;;4;14;11;12;8;19;5;10;12;19;4;15;
*z1;;;;;;;20.41.00;1;1;6;1;1248;;14;11;12;8;19;4;5;10;12;19;4;15;
*14SQ-~~~11;;;;;;;20.41.09;1;1;6;1;1257;;14;11;12;8;19;4;5;10;12;19;4;15;
a05RQ#~~~11;;;;;;;20.41.09;1;1;6;1;1257;;14;11;12;8;19;4;5;10;12;19;4;15;
a15ET+K2F;;;;;;;20.41.09;1;1;6;1;1257;;14;11;12;8;19;4;5;10;12;19;4;15;
a19AT#W4~48~H;s;r;;;;;20.41.16;1;1;6;1;1260;;14;11;12;8;19;4;5;10;12;19;4;15;
*12BN/~~~~2;s;;;;;;20.41.16;1;1;6;1;1260;;14;11;12;8;19;4;5;10;12;19;4;15;
ap14:05;;;;;;;20.41.27;1;1;6;1;1264;;14;11;12;8;19;4;5;10;12;19;4;15;
az5;;;;;;;20.41.27;1;1;5;1;1275;;14;11;12;8;19;4;10;12;19;4;15;5;
a10SM-~~~55;;;;;;;20.41.38;1;1;5;1;1286;;14;11;12;8;19;4;10;12;19;4;15;5;
*19RM#~~~55~O;;;;;;;20.41.38;1;1;5;1;1286;;14;11;12;8;19;4;10;12;19;4;15;5;
*14EQ+K2C;;;;;;;20.41.38;1;1;5;1;1286;;14;11;12;8;19;4;10;12;19;4;15;5;
*12AQ#J2~39~H;s;r;;;;;20.41.44;1;1;5;1;1289;;14;11;12;8;19;4;10;12;19;4;15;5;
a$$&H=;s;;;;;;20.41.44;1;1;5;1;1289;;14;11;12;8;19;4;10;12;19;4;15;5;
*p15:05;;;;;;;20.41.48;1;1;5;1;1293;;14;11;12;8;19;4;10;12;19;4;15;5;
*z6;;;;;;;20.41.48;1;6;5;1;1296;;11;12;8;19;4;14;10;12;19;4;15;5;
*11SQ=~~~18~~~N;s;;;;;;20.42.03;1;6;5;1;1311;;11;12;8;19;4;14;10;12;19;4;15;5;
a$$&H#;s;;;;;;20.42.03;1;6;5;1;1311;;11;12;8;19;4;14;10;12;19;4;15;5;
ap15:06;;;;;;;20.42.07;1;6;5;1;1315;;11;12;8;19;4;14;10;12;19;4;15;5;
az4;;;;;;;20.42.07;1;6;4;1;1315;;11;12;8;19;4;14;12;19;4;15;5;10;
ac12:01;;;;;;;20.42.07;1;6;4;1;1315;;11;12;8;19;4;14;1;19;4;15;5;10;
ac15:09;;;;;;;20.42.07;1;6;4;1;1315;;11;12;8;19;4;14;1;19;4;9;5;10;
aP1;;;;;;;20.42.07;1;6;4;1;1315;;11;12;8;19;4;14;1;19;4;9;5;10;
az1;;;;;;;20.42.07;1;6;1;1;1315;;11;12;8;19;4;14;1;19;4;9;5;10;
a01SQ-~~~15;;;;;;;20.42.49;1;6;1;1;1357;;11;12;8;19;4;14;1;19;4;9;5;10;
*19RQ+~~~15;;;;;;;20.42.49;1;6;1;1;1357;;11;12;8;19;4;14;1;19;4;9;5;10;
*14ET+KBF;;;;;;;20.42.49;1;6;1;1;1357;;11;12;8;19;4;14;1;19;4;9;5;10;
*19AT#W4~46~H;s;r;;;;;20.42.57;1;6;1;1;1360;;11;12;8;19;4;14;1;19;4;9;5;10;
a09BT=~~~~2;s;;;;;;20.42.57;1;6;1;1;1360;;11;12;8;19;4;14;1;19;4;9;5;10;
*p16:06;;;;;;;20.43.01;1;6;1;1;1364;;11;12;8;19;4;14;1;19;4;9;5;10;
*z5;;;;;;;20.43.01;1;5;1;1;1369;;12;8;19;4;14;11;1;19;4;9;5;10;
*12SQ+~~~16D;;;;;;;20.43.19;1;5;1;1;1387;;12;8;19;4;14;11;1;19;4;9;5;10;
a05RQ-~~~16D;;;;;;;20.43.19;1;5;1;1;1387;;12;8;19;4;14;11;1;19;4;9;5;10;
a01EH+KEB~7;;;;;;;20.43.19;1;5;1;1;1387;;12;8;19;4;14;11;1;19;4;9;5;10;
a19AH/G2~21~H;p;r;;;;;20.43.27;1;5;1;1;1390;;12;8;19;4;14;11;1;19;4;9;5;10;
*04BH#~~~~4;p;;;;;;20.43.27;1;5;1;1;1390;;12;8;19;4;14;11;1;19;4;9;5;10;
*p17:06;;;;;;;20.43.45;1;5;1;1;1394;;12;8;19;4;14;11;1;19;4;9;5;10;
*12SQ-~~~16;;;;;;;20.43.57;1;5;1;1;1426;;12;8;19;4;14;11;1;19;4;9;5;10;
a06RQ+~~~16;;;;;;;20.43.57;1;5;1;1;1426;;12;8;19;4;14;11;1;19;4;9;5;10;
a01EQ+K1C;;;;;;;20.43.57;1;5;1;1;1426;;12;8;19;4;14;11;1;19;4;9;5;10;
a04AQ-J1~38~T;;r;;;;;20.44.05;1;5;1;1;1429;;12;8;19;4;14;11;1;19;4;9;5;10;
*19DU#~~~38;;;;;;;20.44.05;1;5;1;1;1429;;12;8;19;4;14;11;1;19;4;9;5;10;
*14EN+~~B;;;;;;;20.44.05;1;5;1;1;1429;;12;8;19;4;14;11;1;19;4;9;5;10;
*08AT#W2~21~H;p;p;;;;;20.44.08;1;5;1;1;1432;;12;8;19;4;14;11;1;19;4;9;5;10;
a$$&H=;p;;;;;;20.44.08;1;5;1;1;1432;;12;8;19;4;14;11;1;19;4;9;5;10;
*p18:06;;;;;;;20.44.11;1;5;1;1;1436;;12;8;19;4;14;11;1;19;4;9;5;10;
*12SQ=~~~18~~~N;s;;;;;;20.45.19;1;5;1;1;1507;;12;8;19;4;14;11;1;19;4;9;5;10;
a$$&H#;s;;;;;;20.45.19;1;5;1;1;1507;;12;8;19;4;14;11;1;19;4;9;5;10;
ap18:07;;;;;;;20.45.25;1;5;1;1;1513;;12;8;19;4;14;11;1;19;4;9;5;10;
az6;;;;;;;20.45.25;1;5;6;1;1513;;12;8;19;4;14;11;19;4;9;5;10;1;
a19SM=~~~15D;s;;;;;;20.45.40;1;5;6;1;1528;;12;8;19;4;14;11;19;4;9;5;10;1;
*$$&H#;s;;;;;;20.45.40;1;5;6;1;1528;;12;8;19;4;14;11;19;4;9;5;10;1;
*p19:07;;;;;;;20.45.44;1;5;6;1;1532;;12;8;19;4;14;11;19;4;9;5;10;1;
*z4;;;;;;;20.45.44;1;4;6;1;1532;;8;19;4;14;11;12;19;4;9;5;10;1;
*c08:17;;;;;;;20.45.44;1;4;6;1;1532;;17;19;4;14;11;12;19;4;9;5;10;1;
*c14:01;;;;;;;20.45.44;1;4;6;1;1532;;17;19;4;1;11;12;19;4;9;5;10;1;
*P17;;;;;;;20.45.44;1;4;6;1;1532;;17;19;4;1;11;12;19;4;9;5;10;1;
*z1;;;;;;;20.45.44;1;1;6;1;1532;;17;19;4;1;11;12;19;4;9;5;10;1;
*17SM+~~~19;;;;;;;20.46.18;1;1;6;1;1566;;17;19;4;1;11;12;19;4;9;5;10;1;
a19RM-~~~19;;;;;;;20.46.18;1;1;6;1;1566;;17;19;4;1;11;12;19;4;9;5;10;1;
a01EU+K2C~3~3;;;;;;;20.46.18;1;1;6;1;1566;;17;19;4;1;11;12;19;4;9;5;10;1;
a04AQ#J2~31~H;s;r;;;;;20.46.30;1;1;6;1;1569;;17;19;4;1;11;12;19;4;9;5;10;1;
*04BU/~~~~3;s;;;;;;20.46.30;1;1;6;1;1569;;17;19;4;1;11;12;19;4;9;5;10;1;
ap19:08;;;;;;;20.46.35;1;1;6;1;1573;;17;19;4;1;11;12;19;4;9;5;10;1;
az5;;;;;;;20.46.35;1;1;5;1;1583;;17;19;4;1;11;12;4;9;5;10;1;19;
a04SM-~~~59;;;;;;;20.46.50;1;1;5;1;1598;;17;19;4;1;11;12;4;9;5;10;1;19;
*19RM#~~~59;;;;;;;20.46.50;1;1;5;1;1598;;17;19;4;1;11;12;4;9;5;10;1;19;
*17EQ+K1C;;;;;;;20.46.50;1;1;5;1;1598;;17;19;4;1;11;12;4;9;5;10;1;19;
*04AQ#J1~38~T;s;r;;;;;20.46.56;1;1;5;1;1601;;17;19;4;1;11;12;4;9;5;10;1;19;
a$$&H=;s;;;;;;20.46.56;1;1;5;1;1601;;17;19;4;1;11;12;4;9;5;10;1;19;
*p20:08;;;;;;;20.47.00;1;1;5;1;1605;;17;19;4;1;11;12;4;9;5;10;1;19;
*z6;;;;;;;20.47.00;1;6;5;1;1608;;19;4;1;11;12;17;4;9;5;10;1;19;
*19SQ-~~~16;;;;;;;20.47.19;1;6;5;1;1627;;19;4;1;11;12;17;4;9;5;10;1;19;
a19RQ+~~~16;;;;;;;20.47.19;1;6;5;1;1627;;19;4;1;11;12;17;4;9;5;10;1;19;
a01ET+KFB;;;;;;;20.47.19;1;6;5;1;1627;;19;4;1;11;12;17;4;9;5;10;1;19;
a09AT=W2~26~H;p;r;;;;;20.47.27;1;6;5;1;1630;;19;4;1;11;12;17;4;9;5;10;1;19;
*$$&H#;p;;;;;;20.47.27;1;6;5;1;1630;;19;4;1;11;12;17;4;9;5;10;1;19;
*p21:08;;;;;;;20.47.37;1;6;5;1;1634;;19;4;1;11;12;17;4;9;5;10;1;19;
*19SQ+~~~11;;;;;;;20.47.41;1;6;5;1;1649;;19;4;1;11;12;17;4;9;5;10;1;19;
a06RQ-~~~11;;;;;;;20.47.41;1;6;5;1;1649;;19;4;1;11;12;17;4;9;5;10;1;19;
a01EH+KEB~8;;;;;;;20.47.41;1;6;5;1;1649;;19;4;1;11;12;17;4;9;5;10;1;19;
a09AH-G2~24~T;;r;;;;;20.47.48;1;6;5;1;1652;;19;4;1;11;12;17;4;9;5;10;1;19;
*03DH#~~~24;;;;;;;20.47.48;1;6;5;1;1652;;19;4;1;11;12;17;4;9;5;10;1;19;
*17EH+~~F;;;;;;;20.47.48;1;6;5;1;1652;;19;4;1;11;12;17;4;9;5;10;1;19;
*11AH+G4~43~T;;p;;;;;20.47.53;1;6;5;1;1655;;19;4;1;11;12;17;4;9;5;10;1;19;
a10BH-~~~~2;;;;;;;20.47.53;1;6;5;1;1655;;19;4;1;11;12;17;4;9;5;10;1;19;
*17EU+~~C;;;;;;;20.47.53;1;6;5;1;1655;;19;4;1;11;12;17;4;9;5;10;1;19;
*04AQ=J2~37~H~N;s;p;;;;;20.47.57;1;6;5;1;1658;;19;4;1;11;12;17;4;9;5;10;1;19;
a$$&H#;s;;;;;;20.47.57;1;6;5;1;1658;;19;4;1;11;12;17;4;9;5;10;1;19;
ap21:09;;;;;;;20.48.02;1;6;5;1;1662;;19;4;1;11;12;17;4;9;5;10;1;19;
az4;;;;;;;20.48.02;1;6;4;1;1670;;19;4;1;11;12;17;9;5;10;1;19;4;
a09SQ=~~~55;s;;;;;;20.48.19;1;6;4;1;1687;;19;4;1;11;12;17;9;5;10;1;19;4;
*$$&H#;s;;;;;;20.48.19;1;6;4;1;1687;;19;4;1;11;12;17;9;5;10;1;19;4;
*p22:09;;;;;;;20.48.23;1;6;4;1;1691;;19;4;1;11;12;17;9;5;10;1;19;4;
*z5;;;;;;;20.48.23;1;5;4;1;1691;;4;1;11;12;17;19;9;5;10;1;19;4;
*04SQ-~~~15;;;;;;;20.48.41;1;5;4;1;1709;;4;1;11;12;17;19;9;5;10;1;19;4;
a05RQ+~~~15;;;;;;;20.48.41;1;5;4;1;1709;;4;1;11;12;17;19;9;5;10;1;19;4;
a01EQ+K5C;;;;;;;20.48.41;1;5;4;1;1709;;4;1;11;12;17;19;9;5;10;1;19;4;
a10AQ+J5~21~H;;r;;;;;20.48.48;1;5;4;1;1712;;4;1;11;12;17;19;9;5;10;1;19;4;
*17DU+~~~31;;;;;;;20.48.48;1;5;4;1;1712;;4;1;11;12;17;19;9;5;10;1;19;4;
*17EH+~~B;;;;;;;20.48.48;1;5;4;1;1712;;4;1;11;12;17;19;9;5;10;1;19;4;
*01AH#G2~26~H2X;p;p;;;;;20.48.52;1;5;4;1;1715;;4;1;11;12;17;19;9;5;10;1;19;4;
a19DH=~~~26;p;;;;;;20.48.52;1;5;4;1;1715;;4;1;11;12;17;19;9;5;10;1;19;4;
*p23:09;;;;;;;20.48.59;1;5;4;1;1719;;4;1;11;12;17;19;9;5;10;1;19;4;
*04SQ=~~~15D;s;;;;;;20.49.23;1;5;4;1;1751;;4;1;11;12;17;19;9;5;10;1;19;4;
a$$&H#;s;;;;;;20.49.23;1;5;4;1;1751;;4;1;11;12;17;19;9;5;10;1;19;4;
ap23:10;;;;;;;20.49.27;1;5;4;1;1755;;4;1;11;12;17;19;9;5;10;1;19;4;
az3;;;;;;;20.49.27;1;5;3;1;1755;;4;1;11;12;17;19;5;10;1;19;4;9;
a05SM-~~~57;;;;;;;20.49.44;1;5;3;1;1772;;4;1;11;12;17;19;5;10;1;19;4;9;
*11RM#~~~57~O;;;;;;;20.49.44;1;5;3;1;1772;;4;1;11;12;17;19;5;10;1;19;4;9;
*17ET+K2B;;;;;;;20.49.44;1;5;3;1;1772;;4;1;11;12;17;19;5;10;1;19;4;9;
*01AT#W2~26~H;s;r;;;;;20.49.49;1;5;3;1;1775;;4;1;11;12;17;19;5;10;1;19;4;9;
a$$&H=;s;;;;;;20.49.49;1;5;3;1;1775;;4;1;11;12;17;19;5;10;1;19;4;9;
*p24:10;;;;;;;20.50.03;1;5;3;1;1779;;4;1;11;12;17;19;5;10;1;19;4;9;
*z4;;;;;;;20.50.03;1;4;3;1;1791;;1;11;12;17;19;4;5;10;1;19;4;9;
*01SQ=~~~16D;s;;;;;;20.50.09;1;4;3;1;1797;;1;11;12;17;19;4;5;10;1;19;4;9;
a$$&H#;s;;;;;;20.50.09;1;4;3;1;1797;;1;11;12;17;19;4;5;10;1;19;4;9;
ap24:11;;;;;;;20.50.14;1;4;3;1;1802;;1;11;12;17;19;4;5;10;1;19;4;9;
az2;;;;;;;20.50.14;1;4;2;1;1802;;1;11;12;17;19;4;10;1;19;4;9;5;
a10SM-~~~57;;;;;;;20.50.35;1;4;2;1;1823;;1;11;12;17;19;4;10;1;19;4;9;5;
*11RM+~~~57;;;;;;;20.50.35;1;4;2;1;1823;;1;11;12;17;19;4;10;1;19;4;9;5;
*17EN+~~B;;;;;;;20.50.35;1;4;2;1;1823;;1;11;12;17;19;4;10;1;19;4;9;5;
*01AT-Y9~96~H;;r;;;;;20.50.41;1;4;2;1;1826;;1;11;12;17;19;4;10;1;19;4;9;5;
a19BN+~~~~4;;;;;;;20.50.41;1;4;2;1;1826;;1;11;12;17;19;4;10;1;19;4;9;5;
a05DH+~~~96;;;;;;;20.50.44;1;4;2;1;1826;;1;11;12;17;19;4;10;1;19;4;9;5;
a01EH+~~F;;;;;;;20.50.44;1;4;2;1;1826;;1;11;12;17;19;4;10;1;19;4;9;5;
a19AH/G4~45~H;s;p;;;;;20.50.48;1;4;2;1;1829;;1;11;12;17;19;4;10;1;19;4;9;5;
*12BH#~~~~2;s;;;;;;20.50.48;1;4;2;1;1829;;1;11;12;17;19;4;10;1;19;4;9;5;
*p25:11;;;;;;;20.50.57;1;4;2;1;1833;;1;11;12;17;19;4;10;1;19;4;9;5;
**1set;;;;;;;20.50.57;2;4;2;1;1845;;;;;;;;;;;;;;
*P17>LUp;;;;;;;20.50.57;2;4;2;1;1845;;11;10;1;19;4;17;1;7;11;9;5;10;
*z6>LUp;;;;;;;20.50.57;2;6;2;1;1845;;11;10;1;19;4;17;1;7;11;9;5;10;
aP01>LUp;;;;;;;20.50.57;2;6;2;1;1845;;11;10;1;19;4;17;1;7;11;9;5;10;
az1>LUp;;;;;;;20.50.57;2;6;1;1;1845;;11;10;1;19;4;17;1;7;11;9;5;10;
*11SQ!~~~11;;;;;;;20.54.50;2;6;1;1;2077;;11;10;1;19;4;17;1;7;11;9;5;10;
a07RQ!~~~11;;;;;;;20.54.50;2;6;1;1;2077;;11;10;1;19;4;17;1;7;11;9;5;10;
a01ET+KBF;;;;;;;20.54.50;2;6;1;1;2077;;11;10;1;19;4;17;1;7;11;9;5;10;
a09AH=G4~45~H;p;r;;;;;20.54.56;2;6;1;1;2080;;11;10;1;19;4;17;1;7;11;9;5;10;
*$$&H#;p;;;;;;20.54.56;2;6;1;1;2080;;11;10;1;19;4;17;1;7;11;9;5;10;
*p01:00;;;;;;;20.55.03;2;6;1;1;2084;;11;10;1;19;4;17;1;7;11;9;5;10;
*11SQ#~~~66B;p;;;;;;20.56.17;2;6;1;1;2165;;11;10;1;19;4;17;1;7;11;9;5;10;
a06RQ=~~~66B;p;;;;;;20.56.17;2;6;1;1;2165;;11;10;1;19;4;17;1;7;11;9;5;10;
*p02:00;;;;;;;20.56.23;2;6;1;1;2169;;11;10;1;19;4;17;1;7;11;9;5;10;
*11SQ-~~~66D;;;;;;;20.56.43;2;6;1;1;2191;;11;10;1;19;4;17;1;7;11;9;5;10;
a06RQ+~~~66D;;;;;;;20.56.43;2;6;1;1;2191;;11;10;1;19;4;17;1;7;11;9;5;10;
a01EH+KFB;;;;;;;20.56.43;2;6;1;1;2191;;11;10;1;19;4;17;1;7;11;9;5;10;
a07AH-G2~21~H;;r;;;;;20.56.51;2;6;1;1;2194;;11;10;1;19;4;17;1;7;11;9;5;10;
*10BH+~~~~4;;;;;;;20.56.51;2;6;1;1;2194;;11;10;1;19;4;17;1;7;11;9;5;10;
*03DH#~~~~~~B;;;;;;;20.56.59;2;6;1;1;2194;;11;10;1;19;4;17;1;7;11;9;5;10;
*17EU+~~C;;;;;;;20.56.59;2;6;1;1;2194;;11;10;1;19;4;17;1;7;11;9;5;10;
*10AQ#J2~39~H;p;p;;;;;20.57.01;2;6;1;1;2197;;11;10;1;19;4;17;1;7;11;9;5;10;
a$$&H=;p;;;;;;20.57.01;2;6;1;1;2197;;11;10;1;19;4;17;1;7;11;9;5;10;
*p03:00;;;;;;;20.57.15;2;6;1;1;2201;;11;10;1;19;4;17;1;7;11;9;5;10;
*11SQ#~~~68~~~N;p;;;;;;20.57.18;2;6;1;1;2226;;11;10;1;19;4;17;1;7;11;9;5;10;
a06RQ=~~~68;p;;;;;;20.57.18;2;6;1;1;2226;;11;10;1;19;4;17;1;7;11;9;5;10;
*p04:00;;;;;;;20.57.26;2;6;1;1;2230;;11;10;1;19;4;17;1;7;11;9;5;10;
*11SQ!~~~65;;;;;;;20.57.46;2;6;1;1;2254;;11;10;1;19;4;17;1;7;11;9;5;10;
a05RQ!~~~65;;;;;;;20.57.46;2;6;1;1;2254;;11;10;1;19;4;17;1;7;11;9;5;10;
a01ET+K7F;;;;;;;20.57.46;2;6;1;1;2254;;11;10;1;19;4;17;1;7;11;9;5;10;
a09AH#G4~48BP;s;r;;;;;20.57.56;2;6;1;1;2257;;11;10;1;19;4;17;1;7;11;9;5;10;
*01BH/~~~~2;s;;;;;;20.57.56;2;6;1;1;2257;;11;10;1;19;4;17;1;7;11;9;5;10;
ap04:01;;;;;;;20.58.04;2;6;1;1;2261;;11;10;1;19;4;17;1;7;11;9;5;10;
az6;;;;;;;20.58.04;2;6;6;1;2272;;11;10;1;19;4;17;7;11;9;5;10;1;
a07SM-~~~69;;;;;;;20.58.11;2;6;6;1;2279;;11;10;1;19;4;17;7;11;9;5;10;1;
*11RM#~~~69;;;;;;;20.58.11;2;6;6;1;2279;;11;10;1;19;4;17;7;11;9;5;10;1;
*17ET+K2B;;;;;;;20.58.11;2;6;6;1;2279;;11;10;1;19;4;17;7;11;9;5;10;1;
*01AT#W2~21~H;s;r;;;;;20.58.16;2;6;6;1;2282;;11;10;1;19;4;17;7;11;9;5;10;1;
a$$&H=;s;;;;;;20.58.16;2;6;6;1;2282;;11;10;1;19;4;17;7;11;9;5;10;1;
*p05:01;;;;;;;20.58.18;2;6;6;1;2286;;11;10;1;19;4;17;7;11;9;5;10;1;
*z5;;;;;;;20.58.18;2;5;6;1;2286;;10;1;19;4;17;11;7;11;9;5;10;1;
*10SQ+~~~66;;;;;;;20.58.36;2;5;6;1;2304;;10;1;19;4;17;11;7;11;9;5;10;1;
a06RQ-~~~66;;;;;;;20.58.36;2;5;6;1;2304;;10;1;19;4;17;11;7;11;9;5;10;1;
a01EH+KEB~8;;;;;;;20.58.36;2;5;6;1;2304;;10;1;19;4;17;11;7;11;9;5;10;1;
a09AH#G2~21~H;s;r;;;;;20.58.44;2;5;6;1;2307;;10;1;19;4;17;11;7;11;9;5;10;1;
*19BH/~~~~4;s;;;;;;20.58.44;2;5;6;1;2307;;10;1;19;4;17;11;7;11;9;5;10;1;
ap05:02;;;;;;;20.58.53;2;5;6;1;2311;;10;1;19;4;17;11;7;11;9;5;10;1;
az5;;;;;;;20.58.53;2;5;5;1;2321;;10;1;19;4;17;11;11;9;5;10;1;7;
a11SM-~~~58;;;;;;;20.59.08;2;5;5;1;2336;;10;1;19;4;17;11;11;9;5;10;1;7;
*11RM#~~~58;;;;;;;20.59.08;2;5;5;1;2336;;10;1;19;4;17;11;11;9;5;10;1;7;
*17EQ+K1C;;;;;;;20.59.08;2;5;5;1;2336;;10;1;19;4;17;11;11;9;5;10;1;7;
*04AQ+J1~37~H;;r;;;;;20.59.13;2;5;5;1;2339;;10;1;19;4;17;11;11;9;5;10;1;7;
a05BU-~~~~3;;;;;;;20.59.13;2;5;5;1;2339;;10;1;19;4;17;11;11;9;5;10;1;7;
*17EH+~~F;;;;;;;20.59.13;2;5;5;1;2339;;10;1;19;4;17;11;11;9;5;10;1;7;
*19AH-G4~48BP;;s;;;;;20.59.18;2;5;5;1;2342;;10;1;19;4;17;11;11;9;5;10;1;7;
a01DH#~~~48B;;;;;;;20.59.18;2;5;5;1;2342;;10;1;19;4;17;11;11;9;5;10;1;7;
a09AH/G2~21~H;s;p;;;;;20.59.25;2;5;5;1;2345;;10;1;19;4;17;11;11;9;5;10;1;7;
*04BH#~~~~4;s;;;;;;20.59.25;2;5;5;1;2345;;10;1;19;4;17;11;11;9;5;10;1;7;
*p06:02;;;;;;;20.59.30;2;5;5;1;2349;;10;1;19;4;17;11;11;9;5;10;1;7;
*z4;;;;;;;20.59.31;2;4;5;1;2359;;1;19;4;17;11;10;11;9;5;10;1;7;
*01SQ+~~~11;;;;;;;20.59.40;2;4;5;1;2368;;1;19;4;17;11;10;11;9;5;10;1;7;
a06RQ-~~~11;;;;;;;20.59.40;2;4;5;1;2368;;1;19;4;17;11;10;11;9;5;10;1;7;
a01EH+KEB~9;;;;;;;20.59.40;2;4;5;1;2368;;1;19;4;17;11;10;11;9;5;10;1;7;
a09AH#G2~27BP2X;s;r;;;;;20.59.46;2;4;5;1;2371;;1;19;4;17;11;10;11;9;5;10;1;7;
*03DH=~~~27B;s;;;;;;20.59.46;2;4;5;1;2371;;1;19;4;17;11;10;11;9;5;10;1;7;
ap06:03;;;;;;;20.59.54;2;4;5;1;2375;;1;19;4;17;11;10;11;9;5;10;1;7;
az4;;;;;;;20.59.54;2;4;4;1;2382;;1;19;4;17;11;10;9;5;10;1;7;11;
a09SQ=~~~56D;s;;;;;;21.00.12;2;4;4;1;2400;;1;19;4;17;11;10;9;5;10;1;7;11;
*$$&H#;s;;;;;;21.00.12;2;4;4;1;2400;;1;19;4;17;11;10;9;5;10;1;7;11;
*p07:03;;;;;;;21.00.19;2;4;4;1;2407;;1;19;4;17;11;10;9;5;10;1;7;11;
*z3;;;;;;;21.00.19;2;3;4;1;2407;;19;4;17;11;10;1;9;5;10;1;7;11;
*19SQ/~~~16D;;;;;;;21.00.31;2;3;4;1;2419;;19;4;17;11;10;1;9;5;10;1;7;11;
a07RQ/~~~16D;;;;;;;21.00.31;2;3;4;1;2419;;19;4;17;11;10;1;9;5;10;1;7;11;
*11FH#;;;;;;;21.00.39;2;3;4;1;2421;;19;4;17;11;10;1;9;5;10;1;7;11;
*17EU+~~C;;;;;;;21.00.39;2;3;4;1;2421;;19;4;17;11;10;1;9;5;10;1;7;11;
*04AQ+J3~36~H;;p;;;;;21.00.41;2;3;4;1;2424;;19;4;17;11;10;1;9;5;10;1;7;11;
a01EH+~~B;;;;;;;21.00.41;2;3;4;1;2424;;19;4;17;11;10;1;9;5;10;1;7;11;
a09AH+G9~99~H;;s;;;;;21.00.44;2;3;4;1;2427;;19;4;17;11;10;1;9;5;10;1;7;11;
*19DH+~~~99;;;;;;;21.00.44;2;3;4;1;2427;;19;4;17;11;10;1;9;5;10;1;7;11;
*17EH+~~F;;;;;;;21.00.44;2;3;4;1;2427;;19;4;17;11;10;1;9;5;10;1;7;11;
*11AH#G4~46~H;p;p;;;;;21.00.49;2;3;4;1;2431;;19;4;17;11;10;1;9;5;10;1;7;11;
a$$&H=;p;;;;;;21.00.49;2;3;4;1;2431;;19;4;17;11;10;1;9;5;10;1;7;11;
*p08:03;;;;;;;21.00.57;2;3;4;1;2435;;19;4;17;11;10;1;9;5;10;1;7;11;
*19SQ/~~~18~P;;;;;;;21.01.07;2;3;4;1;2455;;19;4;17;11;10;1;9;5;10;1;7;11;
a05RQ/~~~18;;;;;;;21.01.07;2;3;4;1;2455;;19;4;17;11;10;1;9;5;10;1;7;11;
*03FH#;;;;;;;21.01.16;2;3;4;1;2457;;19;4;17;11;10;1;9;5;10;1;7;11;
*17EQ+~~C;;;;;;;21.01.16;2;3;4;1;2457;;19;4;17;11;10;1;9;5;10;1;7;11;
*04AQ#J3~35~H1X;p;p;;;;;21.01.17;2;3;4;1;2460;;19;4;17;11;10;1;9;5;10;1;7;11;
a06DQ=~~~35;p;;;;;;21.01.17;2;3;4;1;2460;;19;4;17;11;10;1;9;5;10;1;7;11;
*p09:03;;;;;;;21.01.31;2;3;4;1;2464;;19;4;17;11;10;1;9;5;10;1;7;11;
*19SQ#~~~16B;p;;;;;;21.01.43;2;3;4;1;2491;;19;4;17;11;10;1;9;5;10;1;7;11;
a06RQ=~~~16B;p;;;;;;21.01.43;2;3;4;1;2491;;19;4;17;11;10;1;9;5;10;1;7;11;
*p10:03;;;;;;;21.01.50;2;3;4;1;2495;;19;4;17;11;10;1;9;5;10;1;7;11;
*19SQ-~~~18;;;;;;;21.02.09;2;3;4;1;2517;;19;4;17;11;10;1;9;5;10;1;7;11;
a06RQ#~~~18;;;;;;;21.02.09;2;3;4;1;2517;;19;4;17;11;10;1;9;5;10;1;7;11;
a01EQ+K3C;;;;;;;21.02.09;2;3;4;1;2517;;19;4;17;11;10;1;9;5;10;1;7;11;
a10AQ#J3~36~H;s;r;;;;;21.02.17;2;3;4;1;2520;;19;4;17;11;10;1;9;5;10;1;7;11;
*$$&H=;s;;;;;;21.02.17;2;3;4;1;2520;;19;4;17;11;10;1;9;5;10;1;7;11;
ap10:04;;;;;;;21.02.24;2;3;4;1;2524;;19;4;17;11;10;1;9;5;10;1;7;11;
az3;;;;;;;21.02.24;2;3;3;1;2532;;19;4;17;11;10;1;5;10;1;7;11;9;
a05SM-~~~66B;;;;;;;21.02.37;2;3;3;1;2545;;19;4;17;11;10;1;5;10;1;7;11;9;
*03RM+~~~66B;;;;;;;21.02.37;2;3;3;1;2545;;19;4;17;11;10;1;5;10;1;7;11;9;
*17ET+K2B;;;;;;;21.02.37;2;3;3;1;2545;;19;4;17;11;10;1;5;10;1;7;11;9;
*01AT#Y9~95DH1X;s;r;;;;;21.02.42;2;3;3;1;2548;;19;4;17;11;10;1;5;10;1;7;11;9;
a06DT=~~~95D;s;;;;;;21.02.42;2;3;3;1;2548;;19;4;17;11;10;1;5;10;1;7;11;9;
*p11:04;;;;;;;21.02.50;2;3;3;1;2552;;19;4;17;11;10;1;5;10;1;7;11;9;
*z2;;;;;;;21.02.50;2;2;3;1;2558;;4;17;11;10;1;19;5;10;1;7;11;9;
*04SQ-~~~16D;;;;;;;21.03.01;2;2;3;1;2569;;4;17;11;10;1;19;5;10;1;7;11;9;
a06RQ+~~~16D;;;;;;;21.03.01;2;2;3;1;2569;;4;17;11;10;1;19;5;10;1;7;11;9;
a01ET+K3F;;;;;;;21.03.01;2;2;3;1;2569;;4;17;11;10;1;19;5;10;1;7;11;9;
a07AH=G4~45~H;p;r;;;;;21.03.09;2;2;3;1;2572;;4;17;11;10;1;19;5;10;1;7;11;9;
*$$&H#;p;;;;;;21.03.09;2;2;3;1;2572;;4;17;11;10;1;19;5;10;1;7;11;9;
*p12:04;;;;;;;21.03.20;2;2;3;1;2576;;4;17;11;10;1;19;5;10;1;7;11;9;
*04SQ-~~~16B;;;;;;;21.03.27;2;2;3;1;2595;;4;17;11;10;1;19;5;10;1;7;11;9;
a05RQ+~~~16B;;;;;;;21.03.27;2;2;3;1;2595;;4;17;11;10;1;19;5;10;1;7;11;9;
a01ET+K3B;;;;;;;21.03.27;2;2;3;1;2595;;4;17;11;10;1;19;5;10;1;7;11;9;
a09AT+Y9~95DH;;r;;;;;21.03.35;2;2;3;1;2598;;4;17;11;10;1;19;5;10;1;7;11;9;
*04DN-~~~95D;;;;;;;21.03.35;2;2;3;1;2598;;4;17;11;10;1;19;5;10;1;7;11;9;
a10FH#;;;;;;;21.03.40;2;2;3;1;2601;;4;17;11;10;1;19;5;10;1;7;11;9;
a01EU+~~C;;;;;;;21.03.40;2;2;3;1;2601;;4;17;11;10;1;19;5;10;1;7;11;9;
a10AQ#J3~35DH;s;s;;;;;21.03.42;2;2;3;1;2604;;4;17;11;10;1;19;5;10;1;7;11;9;
*$$&H=;s;;;;;;21.03.42;2;2;3;1;2604;;4;17;11;10;1;19;5;10;1;7;11;9;
ap12:05;;;;;;;21.03.46;2;2;3;1;2608;;4;17;11;10;1;19;5;10;1;7;11;9;
az2;;;;;;;21.03.46;2;2;2;1;2614;;4;17;11;10;1;19;10;1;7;11;9;5;
a10SM!~~~58;;;;;;;21.04.08;2;2;2;1;2636;;4;17;11;10;1;19;10;1;7;11;9;5;
*19RM!~~~58~O;;;;;;;21.04.08;2;2;2;1;2636;;4;17;11;10;1;19;10;1;7;11;9;5;
*17EQ+K2C;;;;;;;21.04.08;2;2;2;1;2636;;4;17;11;10;1;19;10;1;7;11;9;5;
*10AQ#J2~39~H;s;r;;;;;21.04.18;2;2;2;1;2639;;4;17;11;10;1;19;10;1;7;11;9;5;
a$$&H=;s;;;;;;21.04.18;2;2;2;1;2639;;4;17;11;10;1;19;10;1;7;11;9;5;
*p13:05;;;;;;;21.04.24;2;2;2;1;2643;;4;17;11;10;1;19;10;1;7;11;9;5;
*z1;;;;;;;21.04.24;2;1;2;1;2652;;17;11;10;1;19;4;10;1;7;11;9;5;
aT;;;;;;;21.04.24;2;1;2;1;2652;;17;11;10;1;19;4;10;1;7;11;9;5;
*c11:05;;;;;;;21.04.24;2;1;2;1;2652;;17;5;10;1;19;4;10;1;7;11;9;5;
*17SM-~~~16D;;;;;;;21.05.31;2;1;2;1;2720;;17;5;10;1;19;4;10;1;7;11;9;5;
a05RM+~~~16D;;;;;;;21.05.31;2;1;2;1;2720;;17;5;10;1;19;4;10;1;7;11;9;5;
a01ET+KBF;;;;;;;21.05.31;2;1;2;1;2720;;17;5;10;1;19;4;10;1;7;11;9;5;
a07AH#G4~41BP;s;r;;;;;21.05.40;2;1;2;1;2723;;17;5;10;1;19;4;10;1;7;11;9;5;
*01BH/~~~~2;s;;;;;;21.05.40;2;1;2;1;2723;;17;5;10;1;19;4;10;1;7;11;9;5;
ap13:06;;;;;;;21.05.57;2;1;2;1;2727;;17;5;10;1;19;4;10;1;7;11;9;5;
az1;;;;;;;21.05.57;2;1;1;1;2745;;17;5;10;1;19;4;1;7;11;9;5;10;
a01SQ-~~~16B;;;;;;;21.06.02;2;1;1;1;2750;;17;5;10;1;19;4;1;7;11;9;5;10;
*05RQ#~~~16B;;;;;;;21.06.02;2;1;1;1;2750;;17;5;10;1;19;4;1;7;11;9;5;10;
*17ET+K2F;;;;;;;21.06.02;2;1;1;1;2750;;17;5;10;1;19;4;1;7;11;9;5;10;
*01AT#W4~48~T;s;r;;;;;21.06.09;2;1;1;1;2753;;17;5;10;1;19;4;1;7;11;9;5;10;
a$$&H=;s;;;;;;21.06.09;2;1;1;1;2753;;17;5;10;1;19;4;1;7;11;9;5;10;
*p14:06;;;;;;;21.06.22;2;1;1;1;2757;;17;5;10;1;19;4;1;7;11;9;5;10;
*z6;;;;;;;21.06.22;2;6;1;1;2770;;5;10;1;19;4;17;1;7;11;9;5;10;
*c19:02;;;;;;;21.06.22;2;6;1;1;2770;;5;10;1;2;4;17;1;7;11;9;5;10;
*05SM#~~~59B;p;;;;;;21.06.40;2;6;1;1;2788;;5;10;1;2;4;17;1;7;11;9;5;10;
a07RM=~~~59B;p;;;;;;21.06.40;2;6;1;1;2788;;5;10;1;2;4;17;1;7;11;9;5;10;
*p15:06;;;;;;;21.06.46;2;6;1;1;2792;;5;10;1;2;4;17;1;7;11;9;5;10;
*05SM-~~~59B;;;;;;;21.07.02;2;6;1;1;2811;;5;10;1;2;4;17;1;7;11;9;5;10;
a07RM#~~~59B;;;;;;;21.07.02;2;6;1;1;2811;;5;10;1;2;4;17;1;7;11;9;5;10;
a01EQ+K1C;;;;;;;21.07.02;2;6;1;1;2811;;5;10;1;2;4;17;1;7;11;9;5;10;
a11AQ/J1~36~H;p;r;;;;;21.07.12;2;6;1;1;2814;;5;10;1;2;4;17;1;7;11;9;5;10;
*10BU#~~~~3;p;;;;;;21.07.12;2;6;1;1;2814;;5;10;1;2;4;17;1;7;11;9;5;10;
*p16:06;;;;;;;21.07.22;2;6;1;1;2818;;5;10;1;2;4;17;1;7;11;9;5;10;
*05SM+~~~56D;;;;;;;21.07.25;2;6;1;1;2833;;5;10;1;2;4;17;1;7;11;9;5;10;
a06RM-~~~56D;;;;;;;21.07.25;2;6;1;1;2833;;5;10;1;2;4;17;1;7;11;9;5;10;
a01EH+KEF~9;;;;;;;21.07.25;2;6;1;1;2833;;5;10;1;2;4;17;1;7;11;9;5;10;
a09AH#G4~45~H;s;r;;;;;21.07.34;2;6;1;1;2836;;5;10;1;2;4;17;1;7;11;9;5;10;
*10BH/~~~~2;s;;;;;;21.07.34;2;6;1;1;2836;;5;10;1;2;4;17;1;7;11;9;5;10;
ap16:07;;;;;;;21.07.39;2;6;1;1;2840;;5;10;1;2;4;17;1;7;11;9;5;10;
az6;;;;;;;21.07.39;2;6;6;1;2847;;5;10;1;2;4;17;7;11;9;5;10;1;
a07SM-~~~69;;;;;;;21.07.52;2;6;6;1;2860;;5;10;1;2;4;17;7;11;9;5;10;1;
*05RM#~~~69~O;;;;;;;21.07.52;2;6;6;1;2860;;5;10;1;2;4;17;7;11;9;5;10;1;
*17ET+K1F;;;;;;;21.07.52;2;6;6;1;2860;;5;10;1;2;4;17;7;11;9;5;10;1;
*02AT#W4~44~H1X;s;r;;;;;21.07.58;2;6;6;1;2863;;5;10;1;2;4;17;7;11;9;5;10;1;
a05DT=~~~44;s;;;;;;21.07.58;2;6;6;1;2863;;5;10;1;2;4;17;7;11;9;5;10;1;
*p17:07;;;;;;;21.08.09;2;6;6;1;2867;;5;10;1;2;4;17;7;11;9;5;10;1;
*z5;;;;;;;21.08.09;2;5;6;1;2877;;10;1;2;4;17;5;7;11;9;5;10;1;
*10SQ#~~~66B;p;;;;;;21.08.26;2;5;6;1;2894;;10;1;2;4;17;5;7;11;9;5;10;1;
a06RQ=~~~66B;p;;;;;;21.08.26;2;5;6;1;2894;;10;1;2;4;17;5;7;11;9;5;10;1;
*p18:07;;;;;;;21.08.32;2;5;6;1;2898;;10;1;2;4;17;5;7;11;9;5;10;1;
*10SQ+~~~65;;;;;;;21.08.51;2;5;6;1;2919;;10;1;2;4;17;5;7;11;9;5;10;1;
a05RQ-~~~65~O;;;;;;;21.08.51;2;5;6;1;2919;;10;1;2;4;17;5;7;11;9;5;10;1;
a01EN+KEF~8~3;;;;;;;21.08.51;2;5;6;1;2919;;10;1;2;4;17;5;7;11;9;5;10;1;
a05AT/W4~45~H;p;r;;;;;21.09.05;2;5;6;1;2922;;10;1;2;4;17;5;7;11;9;5;10;1;
*04BN#~~~~2;p;;;;;;21.09.05;2;5;6;1;2922;;10;1;2;4;17;5;7;11;9;5;10;1;
*p19:07;;;;;;;21.09.12;2;5;6;1;2926;;10;1;2;4;17;5;7;11;9;5;10;1;
aT;;;;;;;21.09.12;2;5;6;1;2940;;10;1;2;4;17;5;7;11;9;5;10;1;
*10SQ-~~~66D;;;;;;;21.09.58;2;5;6;1;2986;;10;1;2;4;17;5;7;11;9;5;10;1;
a06RQ#~~~66D;;;;;;;21.09.58;2;5;6;1;2986;;10;1;2;4;17;5;7;11;9;5;10;1;
a01EQ+K2C;;;;;;;21.09.58;2;5;6;1;2986;;10;1;2;4;17;5;7;11;9;5;10;1;
a11AQ#J4~36~H1X;s;r;;;;;21.10.07;2;5;6;1;2989;;10;1;2;4;17;5;7;11;9;5;10;1;
*05DQ=~~~36;s;;;;;;21.10.07;2;5;6;1;2989;;10;1;2;4;17;5;7;11;9;5;10;1;
ap19:08;;;;;;;21.10.22;2;5;6;1;2993;;10;1;2;4;17;5;7;11;9;5;10;1;
az5;;;;;;;21.10.22;2;5;5;1;3010;;10;1;2;4;17;5;11;9;5;10;1;7;
ac11:12;;;;;;;21.10.22;2;5;5;1;3010;;10;1;2;4;17;5;12;9;5;10;1;7;
a12SM-~~~55;;;;;;;21.10.43;2;5;5;1;3030;;10;1;2;4;17;5;12;9;5;10;1;7;
*05RM+~~~55;;;;;;;21.10.43;2;5;5;1;3030;;10;1;2;4;17;5;12;9;5;10;1;7;
*17ET+KFB;;;;;;;21.10.43;2;5;5;1;3030;;10;1;2;4;17;5;12;9;5;10;1;7;
*01AT#W2~25DH1X;s;r;;;;;21.10.48;2;5;5;1;3033;;10;1;2;4;17;5;12;9;5;10;1;7;
a12DT=~~~25D;s;;;;;;21.10.48;2;5;5;1;3033;;10;1;2;4;17;5;12;9;5;10;1;7;
*p20:08;;;;;;;21.10.58;2;5;5;1;3037;;10;1;2;4;17;5;12;9;5;10;1;7;
*z4;;;;;;;21.10.58;2;4;5;1;3046;;1;2;4;17;5;10;12;9;5;10;1;7;
*01SQ+~~~16B;;;;;;;21.11.41;2;4;5;1;3089;;1;2;4;17;5;10;12;9;5;10;1;7;
a07RQ-~~~16B;;;;;;;21.11.41;2;4;5;1;3089;;1;2;4;17;5;10;12;9;5;10;1;7;
a01EH+~~B;;;;;;;21.11.41;2;4;5;1;3089;;1;2;4;17;5;10;12;9;5;10;1;7;
a09AH+G2~21~H;;r;;;;;21.11.50;2;4;5;1;3092;;1;2;4;17;5;10;12;9;5;10;1;7;
*01DH-~~~21;;;;;;;21.11.50;2;4;5;1;3092;;1;2;4;17;5;10;12;9;5;10;1;7;
a01EN+~~B;;;;;;;21.11.50;2;4;5;1;3092;;1;2;4;17;5;10;12;9;5;10;1;7;
a09AT+W2~21~H;;s;;;;;21.11.53;2;4;5;1;3095;;1;2;4;17;5;10;12;9;5;10;1;7;
*05DN-~~~21;;;;;;;21.11.53;2;4;5;1;3095;;1;2;4;17;5;10;12;9;5;10;1;7;
a10FH#;;;;;;;21.11.58;2;4;5;1;3098;;1;2;4;17;5;10;12;9;5;10;1;7;
a01EN+~~B;;;;;;;21.11.58;2;4;5;1;3098;;1;2;4;17;5;10;12;9;5;10;1;7;
a09AT+W2~21~H;;s;;;;;21.12.00;2;4;5;1;3102;;1;2;4;17;5;10;12;9;5;10;1;7;
*01DN-~~~21;;;;;;;21.12.00;2;4;5;1;3102;;1;2;4;17;5;10;12;9;5;10;1;7;
*17EH+~~P;;;;;;;21.12.00;2;4;5;1;3102;;1;2;4;17;5;10;12;9;5;10;1;7;
*05AH-G8~88BP;;p;;;;;21.12.04;2;4;5;1;3105;;1;2;4;17;5;10;12;9;5;10;1;7;
a01DH#~~~88B;;;;;;;21.12.04;2;4;5;1;3105;;1;2;4;17;5;10;12;9;5;10;1;7;
a01EN+~~B;;;;;;;21.12.04;2;4;5;1;3105;;1;2;4;17;5;10;12;9;5;10;1;7;
a09AT-W2~21BP;;s;;;;;21.12.15;2;4;5;1;3108;;1;2;4;17;5;10;12;9;5;10;1;7;
*02BN+~~~~4;;;;;;;21.12.15;2;4;5;1;3108;;1;2;4;17;5;10;12;9;5;10;1;7;
*03DH#~~~~~~B;;;;;;;21.12.21;2;4;5;1;3108;;1;2;4;17;5;10;12;9;5;10;1;7;
*17EO+;;;;;;;21.12.21;2;4;5;1;3108;;1;2;4;17;5;10;12;9;5;10;1;7;
*04AO#V3~3~~T0X;p;p;;;;;21.12.21;2;4;5;1;3111;;1;2;4;17;5;10;12;9;5;10;1;7;
a$$&H=;p;;;;;;21.12.21;2;4;5;1;3111;;1;2;4;17;5;10;12;9;5;10;1;7;
*p21:08;;;;;;;21.12.27;2;4;5;1;3115;;1;2;4;17;5;10;12;9;5;10;1;7;
*01SQ-~~~18D;;;;;;;21.12.32;2;4;5;1;3140;;1;2;4;17;5;10;12;9;5;10;1;7;
a05RQ#~~~18D;;;;;;;21.12.32;2;4;5;1;3140;;1;2;4;17;5;10;12;9;5;10;1;7;
a01ET+K2B;;;;;;;21.12.32;2;4;5;1;3140;;1;2;4;17;5;10;12;9;5;10;1;7;
a09AT=W2~25DH1;p;r;;;;;21.12.39;2;4;5;1;3143;;1;2;4;17;5;10;12;9;5;10;1;7;
*$$&H#;p;;;;;;21.12.39;2;4;5;1;3143;;1;2;4;17;5;10;12;9;5;10;1;7;
*p22:08;;;;;;;21.12.50;2;4;5;1;3147;;1;2;4;17;5;10;12;9;5;10;1;7;
*01SQ!~~~15;;;;;;;21.12.50;2;4;5;1;3236;;1;2;4;17;5;10;12;9;5;10;1;7;
a05RQ!~~~15;;;;;;;21.12.50;2;4;5;1;3236;;1;2;4;17;5;10;12;9;5;10;1;7;
a01EH=~~~~3~~~U;p;;;;;;21.14.15;2;4;5;1;3236;;1;2;4;17;5;10;12;9;5;10;1;7;
*$$&H#;p;;;;;;21.14.15;2;4;5;1;3236;;1;2;4;17;5;10;12;9;5;10;1;7;
*p23:08;;;;;;;21.14.23;2;4;5;1;3243;;1;2;4;17;5;10;12;9;5;10;1;7;
*01SQ+~~~16;;;;;;;21.14.33;2;4;5;1;3262;;1;2;4;17;5;10;12;9;5;10;1;7;
a06RQ-~~~16;;;;;;;21.14.33;2;4;5;1;3262;;1;2;4;17;5;10;12;9;5;10;1;7;
a01EH+KEB~1;;;;;;;21.14.33;2;4;5;1;3262;;1;2;4;17;5;10;12;9;5;10;1;7;
a09AH#G2~21~H;s;r;;;;;21.14.41;2;4;5;1;3265;;1;2;4;17;5;10;12;9;5;10;1;7;
*04BH=~~~~4;s;;;;;;21.14.41;2;4;5;1;3265;;1;2;4;17;5;10;12;9;5;10;1;7;
ap23:09;;;;;;;21.14.50;2;4;5;1;3269;;1;2;4;17;5;10;12;9;5;10;1;7;
az4;;;;;;;21.15.29;2;4;4;1;3317;;1;2;4;17;5;10;9;5;10;1;7;12;
ac01:13;;;;;;;21.15.29;2;4;4;1;3317;;1;2;4;17;5;10;9;5;10;13;7;12;
aP09;;;;;;;21.15.29;2;4;4;1;3317;;1;2;4;17;5;10;9;5;10;13;7;12;
az1;;;;;;;21.15.29;2;4;1;1;3317;;1;2;4;17;5;10;9;5;10;13;7;12;
a09SQ/~~~56;;;;;;;21.15.41;2;4;1;1;3329;;1;2;4;17;5;10;9;5;10;13;7;12;
*05RQ/~~~56;;;;;;;21.15.41;2;4;1;1;3329;;1;2;4;17;5;10;9;5;10;13;7;12;
a13EO+;;;;;;;21.15.41;2;4;1;1;3329;;1;2;4;17;5;10;9;5;10;13;7;12;
a10AO#V3~3~~H;p;p;;;;;21.15.41;2;4;1;1;3332;;1;2;4;17;5;10;9;5;10;13;7;12;
*$$&H=;p;;;;;;21.15.41;2;4;1;1;3332;;1;2;4;17;5;10;9;5;10;13;7;12;
ap23:10;;;;;;;21.15.48;2;4;1;1;3336;;1;2;4;17;5;10;9;5;10;13;7;12;
a09SQ+~~~56B;;;;;;;21.16.09;2;4;1;1;3357;;1;2;4;17;5;10;9;5;10;13;7;12;
*16RQ-~~~56B;;;;;;;21.16.09;2;4;1;1;3357;;1;2;4;17;5;10;9;5;10;13;7;12;
*17EH+KEF;;;;;;;21.16.09;2;4;1;1;3357;;1;2;4;17;5;10;9;5;10;13;7;12;
*02AH#G4~46~H;s;r;;;;;21.16.24;2;4;1;1;3360;;1;2;4;17;5;10;9;5;10;13;7;12;
a$$&H=;s;;;;;;21.16.24;2;4;1;1;3360;;1;2;4;17;5;10;9;5;10;13;7;12;
*p24:10;;;;;;;21.16.26;2;4;1;1;3364;;1;2;4;17;5;10;9;5;10;13;7;12;
*z3;;;;;;;21.16.26;2;3;1;1;3374;;2;4;17;5;10;1;9;5;10;13;7;12;
ac09:15;;;;;;;21.16.26;2;3;1;1;3374;;2;4;17;5;10;1;15;5;10;13;7;12;
aP15;;;;;;;21.16.26;2;3;1;1;3374;;2;4;17;5;10;1;15;5;10;13;7;12;
az1;;;;;;;21.16.26;2;3;1;1;3374;;2;4;17;5;10;1;15;5;10;13;7;12;
*02SQ=~~~15D~~N;s;;;;;;21.16.41;2;3;1;1;3389;;2;4;17;5;10;1;15;5;10;13;7;12;
a$$&H#;s;;;;;;21.16.41;2;3;1;1;3389;;2;4;17;5;10;1;15;5;10;13;7;12;
ap24:11;;;;;;;21.16.45;2;3;1;1;3393;;2;4;17;5;10;1;15;5;10;13;7;12;
az6;;;;;;;21.16.45;2;3;6;1;3393;;2;4;17;5;10;1;5;10;13;7;12;15;
a05SM-~~~59;;;;;;;21.17.03;2;3;6;1;3411;;2;4;17;5;10;1;5;10;13;7;12;15;
*02RM+~~~59~O;;;;;;;21.17.03;2;3;6;1;3411;;2;4;17;5;10;1;5;10;13;7;12;15;
*17ET+K1F;;;;;;;21.17.03;2;3;6;1;3411;;2;4;17;5;10;1;5;10;13;7;12;15;
*05AT#W4~46~H;s;r;;;;;21.17.11;2;3;6;1;3414;;2;4;17;5;10;1;5;10;13;7;12;15;
a$$&H=;s;;;;;;21.17.11;2;3;6;1;3414;;2;4;17;5;10;1;5;10;13;7;12;15;
*p25:11;;;;;;;21.17.19;2;3;6;1;3418;;2;4;17;5;10;1;5;10;13;7;12;15;
**2set;;;;;;;21.17.19;3;3;6;1;3427;;;;;;;;;;;;;;
*P17>LUp;;;;;;;21.17.19;3;3;6;1;3427;;5;10;1;2;4;17;15;19;17;9;5;10;
*z1>LUp;;;;;;;21.17.19;3;1;6;1;3427;;5;10;1;2;4;17;15;19;17;9;5;10;
aP15>LUp;;;;;;;21.17.19;3;1;6;1;3427;;5;10;1;2;4;17;15;19;17;9;5;10;
az1>LUp;;;;;;;21.17.19;3;1;1;1;3427;;5;10;1;2;4;17;15;19;17;9;5;10;
a15SM-~~~16;;;;;;;21.21.00;3;1;1;1;3634;;5;10;1;2;4;17;15;19;17;9;5;10;
*16RM#~~~16;;;;;;;21.21.00;3;1;1;1;3634;;5;10;1;2;4;17;15;19;17;9;5;10;
*17EQ+K2C;;;;;;;21.21.00;3;1;1;1;3634;;5;10;1;2;4;17;15;19;17;9;5;10;
*10AQ#J2~36~H;s;r;;;;;21.21.03;3;1;1;1;3638;;5;10;1;2;4;17;15;19;17;9;5;10;
a$$&H=;s;;;;;;21.21.03;3;1;1;1;3638;;5;10;1;2;4;17;15;19;17;9;5;10;
*p01:00;;;;;;;21.21.05;3;1;1;1;3642;;5;10;1;2;4;17;15;19;17;9;5;10;
*z6;;;;;;;21.21.05;3;6;1;1;3653;;5;10;1;2;4;17;15;19;17;9;5;10;
*05SM-~~~51;;;;;;;21.21.13;3;6;1;1;3660;;5;10;1;2;4;17;15;19;17;9;5;10;
a19RM#~~~51;;;;;;;21.21.13;3;6;1;1;3660;;5;10;1;2;4;17;15;19;17;9;5;10;
a15ET+KBB;;;;;;;21.21.13;3;6;1;1;3660;;5;10;1;2;4;17;15;19;17;9;5;10;
a19AH=G2~21~H;p;r;;;;;21.21.18;3;6;1;1;3663;;5;10;1;2;4;17;15;19;17;9;5;10;
*$$&H#;p;;;;;;21.21.18;3;6;1;1;3663;;5;10;1;2;4;17;15;19;17;9;5;10;
*p02:00;;;;;;;21.21.25;3;6;1;1;3667;;5;10;1;2;4;17;15;19;17;9;5;10;
*05SM+~~~58;;;;;;;21.22.17;3;6;1;1;3725;;5;10;1;2;4;17;15;19;17;9;5;10;
a05RM-~~~58;;;;;;;21.22.17;3;6;1;1;3725;;5;10;1;2;4;17;15;19;17;9;5;10;
a15EH+~~F;;;;;;;21.22.17;3;6;1;1;3725;;5;10;1;2;4;17;15;19;17;9;5;10;
a09AH+G4~48~T;;r;;;;;21.22.24;3;6;1;1;3728;;5;10;1;2;4;17;15;19;17;9;5;10;
*05DH-~~~48;;;;;;;21.22.24;3;6;1;1;3728;;5;10;1;2;4;17;15;19;17;9;5;10;
a15FH#;;;;;;;21.22.31;3;6;1;1;3731;;5;10;1;2;4;17;15;19;17;9;5;10;
a15EN+~~F;;;;;;;21.22.31;3;6;1;1;3731;;5;10;1;2;4;17;15;19;17;9;5;10;
a09AT-W4~46~H;;s;;;;;21.22.33;3;6;1;1;3734;;5;10;1;2;4;17;15;19;17;9;5;10;
*01BN+~~~~2;;;;;;;21.22.33;3;6;1;1;3734;;5;10;1;2;4;17;15;19;17;9;5;10;
*17EN+~~F;;;;;;;21.22.33;3;6;1;1;3734;;5;10;1;2;4;17;15;19;17;9;5;10;
*02AT#W4~41BP;p;p;;;;;21.22.45;3;6;1;1;3738;;5;10;1;2;4;17;15;19;17;9;5;10;
a$$&H=;p;;;;;;21.22.45;3;6;1;1;3738;;5;10;1;2;4;17;15;19;17;9;5;10;
*p03:00;;;;;;;21.22.53;3;6;1;1;3742;;5;10;1;2;4;17;15;19;17;9;5;10;
*05SM+~~~53~~~N;;;;;;;21.22.58;3;6;1;1;3766;;5;10;1;2;4;17;15;19;17;9;5;10;
a17RM-~~~53;;;;;;;21.22.58;3;6;1;1;3766;;5;10;1;2;4;17;15;19;17;9;5;10;
*01FH#;;;;;;;21.23.11;3;6;1;1;3769;;5;10;1;2;4;17;15;19;17;9;5;10;
*17EU+~~C;;;;;;;21.23.11;3;6;1;1;3769;;5;10;1;2;4;17;15;19;17;9;5;10;
*10AQ#J2~39~H;p;p;;;;;21.23.13;3;6;1;1;3772;;5;10;1;2;4;17;15;19;17;9;5;10;
a$$&H=;p;;;;;;21.23.13;3;6;1;1;3772;;5;10;1;2;4;17;15;19;17;9;5;10;
*p04:00;;;;;;;21.23.16;3;6;1;1;3776;;5;10;1;2;4;17;15;19;17;9;5;10;
*05SM-~~~56D;;;;;;;21.23.25;3;6;1;1;3794;;5;10;1;2;4;17;15;19;17;9;5;10;
a06RM#~~~56D;;;;;;;21.23.25;3;6;1;1;3794;;5;10;1;2;4;17;15;19;17;9;5;10;
a15EQ+K1C;;;;;;;21.23.25;3;6;1;1;3794;;5;10;1;2;4;17;15;19;17;9;5;10;
a17AQ+J1~33~T;;r;;;;;21.23.33;3;6;1;1;3797;;5;10;1;2;4;17;15;19;17;9;5;10;
*10BU-~~~~3;;;;;;;21.23.33;3;6;1;1;3797;;5;10;1;2;4;17;15;19;17;9;5;10;
a15EN+~~B;;;;;;;21.23.33;3;6;1;1;3797;;5;10;1;2;4;17;15;19;17;9;5;10;
a19AT+W2~21~H;;s;;;;;21.23.40;3;6;1;1;3800;;5;10;1;2;4;17;15;19;17;9;5;10;
*10BN-~~~~4;;;;;;;21.23.40;3;6;1;1;3800;;5;10;1;2;4;17;15;19;17;9;5;10;
a15FH#;;;;;;;21.23.46;3;6;1;1;3803;;5;10;1;2;4;17;15;19;17;9;5;10;
a15EH+~~F;;;;;;;21.23.46;3;6;1;1;3803;;5;10;1;2;4;17;15;19;17;9;5;10;
a09AH#G4~45DH;s;s;;;;;21.23.48;3;6;1;1;3807;;5;10;1;2;4;17;15;19;17;9;5;10;
*$$&H=;s;;;;;;21.23.48;3;6;1;1;3807;;5;10;1;2;4;17;15;19;17;9;5;10;
ap04:01;;;;;;;21.23.50;3;6;1;1;3811;;5;10;1;2;4;17;15;19;17;9;5;10;
az6;;;;;;;21.23.50;3;6;6;1;3818;;5;10;1;2;4;17;19;17;9;5;10;15;
a19SM-~~~16B;;;;;;;21.23.59;3;6;6;1;3827;;5;10;1;2;4;17;19;17;9;5;10;15;
*16RM#~~~16B;;;;;;;21.23.59;3;6;6;1;3827;;5;10;1;2;4;17;19;17;9;5;10;15;
*17EQ+K1C;;;;;;;21.23.59;3;6;6;1;3827;;5;10;1;2;4;17;19;17;9;5;10;15;
*10AQ#J4~37~H;s;r;;;;;21.24.06;3;6;6;1;3830;;5;10;1;2;4;17;19;17;9;5;10;15;
a$$&H=;s;;;;;;21.24.06;3;6;6;1;3830;;5;10;1;2;4;17;19;17;9;5;10;15;
*p05:01;;;;;;;21.24.08;3;6;6;1;3834;;5;10;1;2;4;17;19;17;9;5;10;15;
*z5;;;;;;;21.24.08;3;5;6;1;3836;;10;1;2;4;17;5;19;17;9;5;10;15;
*10SQ#~~~16D;p;;;;;;21.24.26;3;5;6;1;3854;;10;1;2;4;17;5;19;17;9;5;10;15;
a05RQ=~~~16D;p;;;;;;21.24.26;3;5;6;1;3854;;10;1;2;4;17;5;19;17;9;5;10;15;
*p06:01;;;;;;;21.24.33;3;5;6;1;3858;;10;1;2;4;17;5;19;17;9;5;10;15;
*10SQ-~~~66B;;;;;;;21.24.53;3;5;6;1;3881;;10;1;2;4;17;5;19;17;9;5;10;15;
a06RQ+~~~66B;;;;;;;21.24.53;3;5;6;1;3881;;10;1;2;4;17;5;19;17;9;5;10;15;
a15EH+KFB;;;;;;;21.24.53;3;5;6;1;3881;;10;1;2;4;17;5;19;17;9;5;10;15;
a09AH/G2~26~H;p;r;;;;;21.25.05;3;5;6;1;3884;;10;1;2;4;17;5;19;17;9;5;10;15;
*02BH#~~~~4;p;;;;;;21.25.05;3;5;6;1;3884;;10;1;2;4;17;5;19;17;9;5;10;15;
*p07:01;;;;;;;21.25.12;3;5;6;1;3888;;10;1;2;4;17;5;19;17;9;5;10;15;
*c04:06;;;;;;;21.25.12;3;5;6;1;3900;;10;1;2;6;17;5;19;17;9;5;10;15;
*10SM-~~~67;;;;;;;21.25.31;3;5;6;1;3919;;10;1;2;6;17;5;19;17;9;5;10;15;
a05RM+~~~67~O;;;;;;;21.25.31;3;5;6;1;3919;;10;1;2;6;17;5;19;17;9;5;10;15;
a15ET+KCF;;;;;;;21.25.31;3;5;6;1;3919;;10;1;2;6;17;5;19;17;9;5;10;15;
a05AT+W4~43~P;;r;;;;;21.25.39;3;5;6;1;3922;;10;1;2;6;17;5;19;17;9;5;10;15;
*06BN-~~~~2;;;;;;;21.25.39;3;5;6;1;3922;;10;1;2;6;17;5;19;17;9;5;10;15;
a15EH+~~B;;;;;;;21.25.39;3;5;6;1;3922;;10;1;2;6;17;5;19;17;9;5;10;15;
a09AH-G2~26~H;;s;;;;;21.25.48;3;5;6;1;3925;;10;1;2;6;17;5;19;17;9;5;10;15;
*05DH#~~~26;;;;;;;21.25.48;3;5;6;1;3925;;10;1;2;6;17;5;19;17;9;5;10;15;
*17EU+~~C;;;;;;;21.25.48;3;5;6;1;3925;;10;1;2;6;17;5;19;17;9;5;10;15;
*06AQ#J2~31~H;p;p;;;;;21.25.53;3;5;6;1;3928;;10;1;2;6;17;5;19;17;9;5;10;15;
a17BU/~~~~3;p;;;;;;21.25.53;3;5;6;1;3928;;10;1;2;6;17;5;19;17;9;5;10;15;
*p08:01;;;;;;;21.25.58;3;5;6;1;3932;;10;1;2;6;17;5;19;17;9;5;10;15;
*10SQ=~~~56B;s;;;;;;21.26.13;3;5;6;1;3961;;10;1;2;6;17;5;19;17;9;5;10;15;
a$$&H#;s;;;;;;21.26.13;3;5;6;1;3961;;10;1;2;6;17;5;19;17;9;5;10;15;
ap08:02;;;;;;;21.26.18;3;5;6;1;3966;;10;1;2;6;17;5;19;17;9;5;10;15;
az5;;;;;;;21.26.18;3;5;5;1;3966;;10;1;2;6;17;5;17;9;5;10;15;19;
a17SM-~~~57;;;;;;;21.26.37;3;5;5;1;3985;;10;1;2;6;17;5;17;9;5;10;15;19;
*02RM+~~~57;;;;;;;21.26.37;3;5;5;1;3985;;10;1;2;6;17;5;17;9;5;10;15;19;
*17EQ+K8C;;;;;;;21.26.37;3;5;5;1;3985;;10;1;2;6;17;5;17;9;5;10;15;19;
*06AQ#J1~36~H;s;r;;;;;21.26.42;3;5;5;1;3988;;10;1;2;6;17;5;17;9;5;10;15;19;
a$$&H=;s;;;;;;21.26.42;3;5;5;1;3988;;10;1;2;6;17;5;17;9;5;10;15;19;
*p09:02;;;;;;;21.26.43;3;5;5;1;3992;;10;1;2;6;17;5;17;9;5;10;15;19;
*z4;;;;;;;21.26.43;3;4;5;1;3991;;1;2;6;17;5;10;17;9;5;10;15;19;
aT;;;;;;;21.26.43;3;4;5;1;3991;;1;2;6;17;5;10;17;9;5;10;15;19;
*01SQ=~~~95B;s;;;;;;21.27.53;3;4;5;1;4061;;1;2;6;17;5;10;17;9;5;10;15;19;
a$$&H#;s;;;;;;21.27.53;3;4;5;1;4061;;1;2;6;17;5;10;17;9;5;10;15;19;
ap09:03;;;;;;;21.27.59;3;4;5;1;4067;;1;2;6;17;5;10;17;9;5;10;15;19;
az4;;;;;;;21.27.59;3;4;4;1;4067;;1;2;6;17;5;10;9;5;10;15;19;17;
a09SQ=~~~56D;s;;;;;;21.28.17;3;4;4;1;4085;;1;2;6;17;5;10;9;5;10;15;19;17;
*$$&H#;s;;;;;;21.28.17;3;4;4;1;4085;;1;2;6;17;5;10;9;5;10;15;19;17;
*p10:03;;;;;;;21.28.22;3;4;4;1;4090;;1;2;6;17;5;10;9;5;10;15;19;17;
*z3;;;;;;;21.28.22;3;3;4;1;4090;;2;6;17;5;10;1;9;5;10;15;19;17;
*02SQ+~~~17;;;;;;;21.28.41;3;3;4;1;4109;;2;6;17;5;10;1;9;5;10;15;19;17;
a05RQ-~~~17;;;;;;;21.28.41;3;3;4;1;4109;;2;6;17;5;10;1;9;5;10;15;19;17;
a15EH+KEB~9;;;;;;;21.28.41;3;3;4;1;4109;;2;6;17;5;10;1;9;5;10;15;19;17;
a09AH#G9~91~H;s;r;;;;;21.28.48;3;3;4;1;4112;;2;6;17;5;10;1;9;5;10;15;19;17;
*06BH/~~~~4;s;;;;;;21.28.48;3;3;4;1;4112;;2;6;17;5;10;1;9;5;10;15;19;17;
ap10:04;;;;;;;21.28.59;3;3;4;1;4116;;2;6;17;5;10;1;9;5;10;15;19;17;
az3;;;;;;;21.28.59;3;3;3;1;4127;;2;6;17;5;10;1;5;10;15;19;17;9;
a05SM-~~~57;;;;;;;21.29.09;3;3;3;1;4137;;2;6;17;5;10;1;5;10;15;19;17;9;
*05RM#~~~57;;;;;;;21.29.09;3;3;3;1;4137;;2;6;17;5;10;1;5;10;15;19;17;9;
*17ET+K1F;;;;;;;21.29.09;3;3;3;1;4137;;2;6;17;5;10;1;5;10;15;19;17;9;
*05AT#W4~46~H;s;r;;;;;21.29.14;3;3;3;1;4140;;2;6;17;5;10;1;5;10;15;19;17;9;
a05DT=~~~46;s;;;;;;21.29.14;3;3;3;1;4140;;2;6;17;5;10;1;5;10;15;19;17;9;
*p11:04;;;;;;;21.29.26;3;3;3;1;4144;;2;6;17;5;10;1;5;10;15;19;17;9;
*z2;;;;;;;21.29.26;3;2;3;1;4154;;6;17;5;10;1;2;5;10;15;19;17;9;
*06SM-~~~58;;;;;;;21.29.54;3;2;3;1;4182;;6;17;5;10;1;2;5;10;15;19;17;9;
a06RM#~~~58;;;;;;;21.29.54;3;2;3;1;4182;;6;17;5;10;1;2;5;10;15;19;17;9;
a15AO-JJ~38~T;;r;;;;;21.29.54;3;2;3;1;4184;;6;17;5;10;1;2;5;10;15;19;17;9;
*01DO#~~~38~~~~L8;;;;;;;21.29.54;3;2;3;1;4184;;6;17;5;10;1;2;5;10;15;19;17;9;
*17EH+~~F;;;;;;;21.29.54;3;2;3;1;4184;;6;17;5;10;1;2;5;10;15;19;17;9;
*05AH-G4~41BP;;p;;;;;21.30.04;3;2;3;1;4187;;6;17;5;10;1;2;5;10;15;19;17;9;
a09DH#~~~41B;;;;;;;21.30.04;3;2;3;1;4187;;6;17;5;10;1;2;5;10;15;19;17;9;
a15EN+~~F;;;;;;;21.30.04;3;2;3;1;4187;;6;17;5;10;1;2;5;10;15;19;17;9;
a19AT#W4~45~H;s;s;;;;;21.30.15;3;2;3;1;4190;;6;17;5;10;1;2;5;10;15;19;17;9;
*$$&H=;s;;;;;;21.30.15;3;2;3;1;4190;;6;17;5;10;1;2;5;10;15;19;17;9;
ap11:05;;;;;;;21.30.17;3;2;3;1;4194;;6;17;5;10;1;2;5;10;15;19;17;9;
az2;;;;;;;21.30.17;3;2;2;1;4205;;6;17;5;10;1;2;10;15;19;17;9;5;
a10SM=~~~55;s;;;;;;21.30.30;3;2;2;1;4218;;6;17;5;10;1;2;10;15;19;17;9;5;
*$$&H#;s;;;;;;21.30.30;3;2;2;1;4218;;6;17;5;10;1;2;10;15;19;17;9;5;
*p12:05;;;;;;;21.30.34;3;2;2;1;4222;;6;17;5;10;1;2;10;15;19;17;9;5;
*z1;;;;;;;21.30.34;3;1;2;1;4222;;17;5;10;1;2;6;10;15;19;17;9;5;
*17SQ-~~~15;;;;;;;21.30.54;3;1;2;1;4242;;17;5;10;1;2;6;10;15;19;17;9;5;
a19RQ#~~~15;;;;;;;21.30.54;3;1;2;1;4242;;17;5;10;1;2;6;10;15;19;17;9;5;
a15ET+K3B;;;;;;;21.30.54;3;1;2;1;4242;;17;5;10;1;2;6;10;15;19;17;9;5;
a09AT+Y9~98~T;;r;;;;;21.31.00;3;1;2;1;4245;;17;5;10;1;2;6;10;15;19;17;9;5;
*16DN+~~~98;;;;;;;21.31.00;3;1;2;1;4245;;17;5;10;1;2;6;10;15;19;17;9;5;
*17EU+~~C;;;;;;;21.31.00;3;1;2;1;4245;;17;5;10;1;2;6;10;15;19;17;9;5;
*10AQ+J2~31~H;;p;;;;;21.31.05;3;1;2;1;4248;;17;5;10;1;2;6;10;15;19;17;9;5;
*10FH#;;;;;;;21.31.08;3;1;2;1;4251;;17;5;10;1;2;6;10;15;19;17;9;5;
*17EN+~~B;;;;;;;21.31.08;3;1;2;1;4251;;17;5;10;1;2;6;10;15;19;17;9;5;
*01AT-W2~21~H;;p;;;;;21.31.10;3;1;2;1;4255;;17;5;10;1;2;6;10;15;19;17;9;5;
*10FH-;;;;;;;21.31.24;3;1;2;1;4258;;17;5;10;1;2;6;10;15;19;17;9;5;
*02FH=;s;;;;;;21.31.28;3;1;2;1;4261;;17;5;10;1;2;6;10;15;19;17;9;5;
a$$&H#;s;;;;;;21.31.28;3;1;2;1;4261;;17;5;10;1;2;6;10;15;19;17;9;5;
ap12:06;;;;;;;21.31.33;3;1;2;1;4265;;17;5;10;1;2;6;10;15;19;17;9;5;
az1;;;;;;;21.31.33;3;1;1;1;4281;;17;5;10;1;2;6;15;19;17;9;5;10;
a15SM=~~~11;s;;;;;;21.31.35;3;1;1;1;4283;;17;5;10;1;2;6;15;19;17;9;5;10;
*$$&H#;s;;;;;;21.31.35;3;1;1;1;4283;;17;5;10;1;2;6;15;19;17;9;5;10;
*p13:06;;;;;;;21.31.38;3;1;1;1;4286;;17;5;10;1;2;6;15;19;17;9;5;10;
*z6;;;;;;;21.31.38;3;6;1;1;4286;;5;10;1;2;6;17;15;19;17;9;5;10;
*05SM!~~~57;;;;;;;21.31.53;3;6;1;1;4302;;5;10;1;2;6;17;15;19;17;9;5;10;
a05RM!~~~57;;;;;;;21.31.53;3;6;1;1;4302;;5;10;1;2;6;17;15;19;17;9;5;10;
a15EH+K8F;;;;;;;21.31.53;3;6;1;1;4302;;5;10;1;2;6;17;15;19;17;9;5;10;
a09AH-G4~46~H;;r;;;;;21.32.00;3;6;1;1;4305;;5;10;1;2;6;17;15;19;17;9;5;10;
*10BH+~~~~2;;;;;;;21.32.00;3;6;1;1;4305;;5;10;1;2;6;17;15;19;17;9;5;10;
*16DH-;;;;;;;21.32.05;3;6;1;1;4305;;5;10;1;2;6;17;15;19;17;9;5;10;
a15EO+;;;;;;;21.32.05;3;6;1;1;4305;;5;10;1;2;6;17;15;19;17;9;5;10;
a19AO#V2~2~~H;s;s;;;;;21.32.05;3;6;1;1;4308;;5;10;1;2;6;17;15;19;17;9;5;10;
*$$&H=;s;;;;;;21.32.05;3;6;1;1;4308;;5;10;1;2;6;17;15;19;17;9;5;10;
ap13:07;;;;;;;21.32.21;3;6;1;1;4312;;5;10;1;2;6;17;15;19;17;9;5;10;
az6;;;;;;;21.32.21;3;6;6;1;4329;;5;10;1;2;6;17;19;17;9;5;10;15;
a19SM#~~~17~~~N;p;;;;;;21.32.26;3;6;6;1;4334;;5;10;1;2;6;17;19;17;9;5;10;15;
*02RM=~~~17;p;;;;;;21.32.26;3;6;6;1;4334;;5;10;1;2;6;17;19;17;9;5;10;15;
ap13:08;;;;;;;21.32.31;3;6;6;1;4338;;5;10;1;2;6;17;19;17;9;5;10;15;
a19SM=~~~15D;s;;;;;;21.32.52;3;6;6;1;4360;;5;10;1;2;6;17;19;17;9;5;10;15;
*$$&H#;s;;;;;;21.32.52;3;6;6;1;4360;;5;10;1;2;6;17;19;17;9;5;10;15;
*p14:08;;;;;;;21.32.56;3;6;6;1;4364;;5;10;1;2;6;17;19;17;9;5;10;15;
*z5;;;;;;;21.32.56;3;5;6;1;4364;;10;1;2;6;17;5;19;17;9;5;10;15;
*10SQ=~~~66~~~N;s;;;;;;21.33.13;3;5;6;1;4382;;10;1;2;6;17;5;19;17;9;5;10;15;
a$$&H#;s;;;;;;21.33.13;3;5;6;1;4382;;10;1;2;6;17;5;19;17;9;5;10;15;
ap14:09;;;;;;;21.33.17;3;5;6;1;4386;;10;1;2;6;17;5;19;17;9;5;10;15;
az5;;;;;;;21.33.17;3;5;5;1;4385;;10;1;2;6;17;5;17;9;5;10;15;19;
a17SM-~~~56;;;;;;;21.33.37;3;5;5;1;4405;;10;1;2;6;17;5;17;9;5;10;15;19;
*05RM#~~~56;;;;;;;21.33.37;3;5;5;1;4405;;10;1;2;6;17;5;17;9;5;10;15;19;
*17ET+K1P;;;;;;;21.33.37;3;5;5;1;4405;;10;1;2;6;17;5;17;9;5;10;15;19;
*05AT+Y8~88BH;;r;;;;;21.33.43;3;5;5;1;4408;;10;1;2;6;17;5;17;9;5;10;15;19;
a15DN+~~~88B;;;;;;;21.33.43;3;5;5;1;4408;;10;1;2;6;17;5;17;9;5;10;15;19;
a15EH+~~B;;;;;;;21.33.43;3;5;5;1;4408;;10;1;2;6;17;5;17;9;5;10;15;19;
a09AH-G2~26~H;;p;;;;;21.33.54;3;5;5;1;4411;;10;1;2;6;17;5;17;9;5;10;15;19;
*16DH#~~~26;;;;;;;21.33.54;3;5;5;1;4411;;10;1;2;6;17;5;17;9;5;10;15;19;
*17EN+~~B;;;;;;;21.33.54;3;5;5;1;4411;;10;1;2;6;17;5;17;9;5;10;15;19;
*01AT+W2~29~H;;s;;;;;21.33.58;3;5;5;1;4414;;10;1;2;6;17;5;17;9;5;10;15;19;
a09DN-~~~29;;;;;;;21.33.58;3;5;5;1;4414;;10;1;2;6;17;5;17;9;5;10;15;19;
a15EH+~~B;;;;;;;21.33.58;3;5;5;1;4414;;10;1;2;6;17;5;17;9;5;10;15;19;
a09AH-G2~27~T;;p;;;;;21.34.02;3;5;5;1;4418;;10;1;2;6;17;5;17;9;5;10;15;19;
*05DH#~~~27;;;;;;;21.34.02;3;5;5;1;4418;;10;1;2;6;17;5;17;9;5;10;15;19;
*17EH+~~F;;;;;;;21.34.02;3;5;5;1;4418;;10;1;2;6;17;5;17;9;5;10;15;19;
*02AH=G4~41~H~A;p;s;;;;;21.34.07;3;5;5;1;4421;;10;1;2;6;17;5;17;9;5;10;15;19;
a$$&H#;p;;;;;;21.34.07;3;5;5;1;4421;;10;1;2;6;17;5;17;9;5;10;15;19;
ap14:10;;;;;;;21.34.12;3;5;5;1;4425;;10;1;2;6;17;5;17;9;5;10;15;19;
a17SM-~~~56;;;;;;;21.34.24;3;5;5;1;4452;;10;1;2;6;17;5;17;9;5;10;15;19;
*05RM#~~~56;;;;;;;21.34.24;3;5;5;1;4452;;10;1;2;6;17;5;17;9;5;10;15;19;
*17EQ+KFC;;;;;;;21.34.24;3;5;5;1;4452;;10;1;2;6;17;5;17;9;5;10;15;19;
*06AQ#J1~37~H;s;r;;;;;21.34.30;3;5;5;1;4455;;10;1;2;6;17;5;17;9;5;10;15;19;
a$$&H=;s;;;;;;21.34.30;3;5;5;1;4455;;10;1;2;6;17;5;17;9;5;10;15;19;
*p15:10;;;;;;;21.34.35;3;5;5;1;4459;;10;1;2;6;17;5;17;9;5;10;15;19;
*z4;;;;;;;21.34.35;3;4;5;1;4463;;1;2;6;17;5;10;17;9;5;10;15;19;
*01SQ!~~~18;;;;;;;21.34.50;3;4;5;1;4478;;1;2;6;17;5;10;17;9;5;10;15;19;
a06RQ!~~~18;;;;;;;21.34.50;3;4;5;1;4478;;1;2;6;17;5;10;17;9;5;10;15;19;
a15ET+KBB;;;;;;;21.34.50;3;4;5;1;4478;;1;2;6;17;5;10;17;9;5;10;15;19;
a09AT+W2~21~H;;r;;;;;21.34.56;3;4;5;1;4481;;1;2;6;17;5;10;17;9;5;10;15;19;
*06BN-~~~~4;;;;;;;21.34.56;3;4;5;1;4481;;1;2;6;17;5;10;17;9;5;10;15;19;
a15EO+;;;;;;;21.34.56;3;4;5;1;4481;;1;2;6;17;5;10;17;9;5;10;15;19;
a09AO+V2~29~H;;s;;;;;21.34.56;3;4;5;1;4484;;1;2;6;17;5;10;17;9;5;10;15;19;
*01DO-~~~29~~1;;;;;;;21.34.56;3;4;5;1;4484;;1;2;6;17;5;10;17;9;5;10;15;19;
*17EU+~~C;;;;;;;21.34.56;3;4;5;1;4484;;1;2;6;17;5;10;17;9;5;10;15;19;
*06AQ#J2~31~H;p;p;;;;;21.35.04;3;4;5;1;4487;;1;2;6;17;5;10;17;9;5;10;15;19;
a$$&H=;p;;;;;;21.35.04;3;4;5;1;4487;;1;2;6;17;5;10;17;9;5;10;15;19;
*p16:10;;;;;;;21.35.10;3;4;5;1;4491;;1;2;6;17;5;10;17;9;5;10;15;19;
*01SQ/~~~18;;;;;;;21.35.23;3;4;5;1;4511;;1;2;6;17;5;10;17;9;5;10;15;19;
a05RQ/~~~18;;;;;;;21.35.23;3;4;5;1;4511;;1;2;6;17;5;10;17;9;5;10;15;19;
*06FH#;;;;;;;21.35.32;3;4;5;1;4513;;1;2;6;17;5;10;17;9;5;10;15;19;
*17AO#JJ~3~~T0X;p;p;;;;;21.35.32;3;4;5;1;4515;;1;2;6;17;5;10;17;9;5;10;15;19;
a$$&H=;p;;;;;;21.35.32;3;4;5;1;4515;;1;2;6;17;5;10;17;9;5;10;15;19;
*p17:10;;;;;;;21.35.39;3;4;5;1;4519;;1;2;6;17;5;10;17;9;5;10;15;19;
*01SQ=~~~16D;s;;;;;;21.35.59;3;4;5;1;4547;;1;2;6;17;5;10;17;9;5;10;15;19;
a$$&H#;s;;;;;;21.35.59;3;4;5;1;4547;;1;2;6;17;5;10;17;9;5;10;15;19;
ap17:11;;;;;;;21.36.04;3;4;5;1;4552;;1;2;6;17;5;10;17;9;5;10;15;19;
az4;;;;;;;21.36.04;3;4;4;1;4552;;1;2;6;17;5;10;9;5;10;15;19;17;
a09SM-~~~57D;;;;;;;21.36.21;3;4;4;1;4569;;1;2;6;17;5;10;9;5;10;15;19;17;
*05RM#~~~57D;;;;;;;21.36.21;3;4;4;1;4569;;1;2;6;17;5;10;9;5;10;15;19;17;
*17ET+KFP;;;;;;;21.36.21;3;4;4;1;4569;;1;2;6;17;5;10;9;5;10;15;19;17;
*05AT#Y8~86DH;s;r;;;;;21.36.29;3;4;4;1;4572;;1;2;6;17;5;10;9;5;10;15;19;17;
a$$&H=;s;;;;;;21.36.29;3;4;4;1;4572;;1;2;6;17;5;10;9;5;10;15;19;17;
*p18:11;;;;;;;21.36.36;3;4;4;1;4576;;1;2;6;17;5;10;9;5;10;15;19;17;
*z3;;;;;;;21.36.36;3;3;4;1;4584;;2;6;17;5;10;1;9;5;10;15;19;17;
*02SQ/~~~16B;;;;;;;21.36.55;3;3;4;1;4603;;2;6;17;5;10;1;9;5;10;15;19;17;
a19RQ/~~~16B;;;;;;;21.36.55;3;3;4;1;4603;;2;6;17;5;10;1;9;5;10;15;19;17;
*05FH+;;;;;;;21.37.02;3;3;4;1;4605;;2;6;17;5;10;1;9;5;10;15;19;17;
*17EN+~~B;;;;;;;21.37.02;3;3;4;1;4605;;2;6;17;5;10;1;9;5;10;15;19;17;
*01AT#Y9~95BH;p;p;;;;;21.37.04;3;3;4;1;4608;;2;6;17;5;10;1;9;5;10;15;19;17;
a$$&H=;p;;;;;;21.37.04;3;3;4;1;4608;;2;6;17;5;10;1;9;5;10;15;19;17;
*p19:11;;;;;;;21.37.16;3;3;4;1;4612;;2;6;17;5;10;1;9;5;10;15;19;17;
ac15:07;;;;;;;21.37.16;3;3;4;1;4624;;2;6;17;5;10;1;9;5;10;7;19;17;
aP9;;;;;;;21.37.16;3;3;4;1;4624;;2;6;17;5;10;1;9;5;10;7;19;17;
az1;;;;;;;21.37.16;3;3;1;1;4624;;2;6;17;5;10;1;9;5;10;7;19;17;
ac09:01;;;;;;;21.37.16;3;3;1;1;4624;;2;6;17;5;10;1;1;5;10;7;19;17;
aP1;;;;;;;21.37.16;3;3;1;1;4624;;2;6;17;5;10;1;1;5;10;7;19;17;
az1;;;;;;;21.37.16;3;3;1;1;4624;;2;6;17;5;10;1;1;5;10;7;19;17;
*02SQ=~~~16;s;;;;;;21.37.41;3;3;1;1;4649;;2;6;17;5;10;1;1;5;10;7;19;17;
a$$&H#;s;;;;;;21.37.41;3;3;1;1;4649;;2;6;17;5;10;1;1;5;10;7;19;17;
ap19:12;;;;;;;21.37.45;3;3;1;1;4653;;2;6;17;5;10;1;1;5;10;7;19;17;
az6;;;;;;;21.37.45;3;3;6;1;4653;;2;6;17;5;10;1;5;10;7;19;17;1;
a05SM-~~~59;;;;;;;21.38.05;3;3;6;1;4673;;2;6;17;5;10;1;5;10;7;19;17;1;
*02RM#~~~59~O;;;;;;;21.38.05;3;3;6;1;4673;;2;6;17;5;10;1;5;10;7;19;17;1;
*17EQ=K1C;p;;;;;;21.38.11;3;3;6;1;4673;;2;6;17;5;10;1;5;10;7;19;17;1;
a$$&H#;p;;;;;;21.38.11;3;3;6;1;4673;;2;6;17;5;10;1;5;10;7;19;17;1;
ap19:13;;;;;;;21.38.19;3;3;6;1;4677;;2;6;17;5;10;1;5;10;7;19;17;1;
a05SM-~~~57;;;;;;;21.38.32;3;3;6;1;4700;;2;6;17;5;10;1;5;10;7;19;17;1;
*05RM#~~~57~O;;;;;;;21.38.32;3;3;6;1;4700;;2;6;17;5;10;1;5;10;7;19;17;1;
*17EQ+K1C;;;;;;;21.38.32;3;3;6;1;4700;;2;6;17;5;10;1;5;10;7;19;17;1;
*06AQ#J1~39~H;s;r;;;;;21.38.38;3;3;6;1;4703;;2;6;17;5;10;1;5;10;7;19;17;1;
a$$&H=;s;;;;;;21.38.38;3;3;6;1;4703;;2;6;17;5;10;1;5;10;7;19;17;1;
*p20:13;;;;;;;21.38.44;3;3;6;1;4707;;2;6;17;5;10;1;5;10;7;19;17;1;
*z2;;;;;;;21.38.44;3;2;6;1;4712;;6;17;5;10;1;2;5;10;7;19;17;1;
*06SM!~~~57;;;;;;;21.39.01;3;2;6;1;4729;;6;17;5;10;1;2;5;10;7;19;17;1;
a19RM!~~~57;;;;;;;21.39.01;3;2;6;1;4729;;6;17;5;10;1;2;5;10;7;19;17;1;
a01EH=;p;;;;;;21.39.10;3;2;6;1;4729;;6;17;5;10;1;2;5;10;7;19;17;1;
*$$&H#;p;;;;;;21.39.10;3;2;6;1;4729;;6;17;5;10;1;2;5;10;7;19;17;1;
*p21:13;;;;;;;21.39.11;3;2;6;1;4733;;6;17;5;10;1;2;5;10;7;19;17;1;
aT;;;;;;;21.39.11;3;2;6;1;4739;;6;17;5;10;1;2;5;10;7;19;17;1;
*06SM-~~~56D;;;;;;;21.40.09;3;2;6;1;4797;;6;17;5;10;1;2;5;10;7;19;17;1;
a06RM#~~~56D;;;;;;;21.40.09;3;2;6;1;4797;;6;17;5;10;1;2;5;10;7;19;17;1;
a01EQ+K2C;;;;;;;21.40.09;3;2;6;1;4797;;6;17;5;10;1;2;5;10;7;19;17;1;
a10AQ+J2~36~H;;r;;;;;21.40.16;3;2;6;1;4800;;6;17;5;10;1;2;5;10;7;19;17;1;
*10BU-~~~~3;;;;;;;21.40.16;3;2;6;1;4800;;6;17;5;10;1;2;5;10;7;19;17;1;
a10DH!~~~~~~B;;;;;;;21.40.16;3;2;6;1;4800;;6;17;5;10;1;2;5;10;7;19;17;1;
a01EH+~~B;;;;;;;21.40.16;3;2;6;1;4800;;6;17;5;10;1;2;5;10;7;19;17;1;
a07AH=G2~21~H2S;p;s;;;;;21.40.21;3;2;6;1;4803;;6;17;5;10;1;2;5;10;7;19;17;1;
*$$&H#;p;;;;;;21.40.21;3;2;6;1;4803;;6;17;5;10;1;2;5;10;7;19;17;1;
*p22:13;;;;;;;21.40.34;3;2;6;1;4807;;6;17;5;10;1;2;5;10;7;19;17;1;
*06SM-~~~57;;;;;;;21.40.37;3;2;6;1;4826;;6;17;5;10;1;2;5;10;7;19;17;1;
a19RM+~~~57;;;;;;;21.40.37;3;2;6;1;4826;;6;17;5;10;1;2;5;10;7;19;17;1;
a01ET+KCF;;;;;;;21.40.37;3;2;6;1;4826;;6;17;5;10;1;2;5;10;7;19;17;1;
a19AT-W4~41~H;;r;;;;;21.40.44;3;2;6;1;4829;;6;17;5;10;1;2;5;10;7;19;17;1;
*17BN+~~~~2;;;;;;;21.40.44;3;2;6;1;4829;;6;17;5;10;1;2;5;10;7;19;17;1;
*02FH#;;;;;;;21.40.44;3;2;6;1;4832;;6;17;5;10;1;2;5;10;7;19;17;1;
*17AO#JJ~3~~H;p;p;;;;;21.40.44;3;2;6;1;4834;;6;17;5;10;1;2;5;10;7;19;17;1;
a$$&H=;p;;;;;;21.40.44;3;2;6;1;4834;;6;17;5;10;1;2;5;10;7;19;17;1;
*p23:13;;;;;;;21.40.58;3;2;6;1;4838;;6;17;5;10;1;2;5;10;7;19;17;1;
*06SM+~~~55;;;;;;;21.41.09;3;2;6;1;4858;;6;17;5;10;1;2;5;10;7;19;17;1;
a19RM-~~~55;;;;;;;21.41.09;3;2;6;1;4858;;6;17;5;10;1;2;5;10;7;19;17;1;
a01EH+KEB~5;;;;;;;21.41.09;3;2;6;1;4858;;6;17;5;10;1;2;5;10;7;19;17;1;
a07AH-G2~26~H;;r;;;;;21.41.17;3;2;6;1;4861;;6;17;5;10;1;2;5;10;7;19;17;1;
*02DH#~~~26;;;;;;;21.41.17;3;2;6;1;4861;;6;17;5;10;1;2;5;10;7;19;17;1;
*17EN+~~B;;;;;;;21.41.17;3;2;6;1;4861;;6;17;5;10;1;2;5;10;7;19;17;1;
*01AT#Y9~96~H;p;p;;;;;21.41.20;3;2;6;1;4864;;6;17;5;10;1;2;5;10;7;19;17;1;
a$$&H=;p;;;;;;21.41.20;3;2;6;1;4864;;6;17;5;10;1;2;5;10;7;19;17;1;
*p24:13;;;;;;;21.41.27;3;2;6;1;4868;;6;17;5;10;1;2;5;10;7;19;17;1;
*06SM+~~~56D;;;;;;;21.42.04;3;2;6;1;4912;;6;17;5;10;1;2;5;10;7;19;17;1;
a06RM-~~~56D;;;;;;;21.42.04;3;2;6;1;4912;;6;17;5;10;1;2;5;10;7;19;17;1;
a01EH+KEB~8;;;;;;;21.42.04;3;2;6;1;4912;;6;17;5;10;1;2;5;10;7;19;17;1;
a07AH/G2~21BP;p;r;;;;;21.42.11;3;2;6;1;4915;;6;17;5;10;1;2;5;10;7;19;17;1;
*10BH#~~~~4;p;;;;;;21.42.11;3;2;6;1;4915;;6;17;5;10;1;2;5;10;7;19;17;1;
*p25:13;;;;;;;21.42.17;3;2;6;1;4919;;6;17;5;10;1;2;5;10;7;19;17;1;
**3set;;;;;;;21.42.17;4;2;6;1;4925;;;;;;;;;;;;;;
