*P14>LUp;;;;;;;20.30.20;1;4;3;;;;11;12;8;19;4;14;17;15;8;13;1;23;
*z6>LUp;;;;;;;20.30.20;1;6;3;;;;11;12;8;19;4;14;17;15;8;13;1;23;
aP15>LUp;;;;;;;20.30.20;1;6;3;;;;11;12;8;19;4;14;17;15;8;13;1;23;
az2>LUp;;;;;;;20.30.20;1;6;2;;;;11;12;8;19;4;14;17;15;8;13;1;23;
a17SH-~~~57;;;;;;;20.30.20;1;6;2;1;562;;11;12;8;19;4;14;17;15;8;13;1;23;
*19RH+~~~57;;;;;;;20.30.20;1;6;2;1;562;;11;12;8;19;4;14;17;15;8;13;1;23;
*14EN+K1P~3;;;;;;;20.30.20;1;6;2;1;564;;11;12;8;19;4;14;17;15;8;13;1;23;
*11AN#W8~86BH;s;r;;;;;20.30.27;1;6;2;1;565;;11;12;8;19;4;14;17;15;8;13;1;23;
a$$&H=;s;;;;;;20.30.27;1;6;2;1;565;;11;12;8;19;4;14;17;15;8;13;1;23;
*p01:00;;;;;;;20.30.40;1;6;2;1;568;;11;12;8;19;4;14;17;15;8;13;1;23;
*z5;;;;;;;20.30.40;1;5;2;1;582;;12;8;19;4;14;11;17;15;8;13;1;23;
*12SQ+~~~15;;;;;;;20.30.42;1;5;2;1;584;;12;8;19;4;14;11;17;15;8;13;1;23;
a07RQ-~~~15;;;;;;;20.30.42;1;5;2;1;584;;12;8;19;4;14;11;17;15;8;13;1;23;
a15EN+KEF~8;;;;;;;20.30.42;1;5;2;1;586;;12;8;19;4;14;11;17;15;8;13;1;23;
a08AN-W4~45~H;;r;;;;;20.30.48;1;5;2;1;587;;12;8;19;4;14;11;17;15;8;13;1;23;
*04BN+~~~~2;;;;;;;20.30.48;1;5;2;1;587;;12;8;19;4;14;11;17;15;8;13;1;23;
*11FH#;;;;;;;20.31.02;1;5;2;1;591;;12;8;19;4;14;11;17;15;8;13;1;23;
*14EH+~~F;;;;;;;20.31.02;1;5;2;1;594;;12;8;19;4;14;11;17;15;8;13;1;23;
*19AH#I4~47~H;p;p;;;;;20.31.03;1;5;2;1;595;;12;8;19;4;14;11;17;15;8;13;1;23;
a08DH/~~~47;;;;;;;20.31.03;1;5;2;1;595;;12;8;19;4;14;11;17;15;8;13;1;23;
a$$&H=;p;;;;;;20.31.03;1;5;2;1;595;;12;8;19;4;14;11;17;15;8;13;1;23;
*p02:00;;;;;;;20.31.15;1;5;2;1;598;;12;8;19;4;14;11;17;15;8;13;1;23;
*12SQ=~~~15D~~N;s;;;;;;20.31.18;1;5;2;1;620;;12;8;19;4;14;11;17;15;8;13;1;23;
a$$&H#;s;;;;;;20.31.18;1;5;2;1;620;;12;8;19;4;14;11;17;15;8;13;1;23;
ap02:01;;;;;;;20.31.23;1;5;2;1;625;;12;8;19;4;14;11;17;15;8;13;1;23;
az1;;;;;;;20.31.23;1;5;1;1;625;;12;8;19;4;14;11;15;8;13;1;23;17;
a15SQ-~~~65;;;;;;;20.31.36;1;5;1;1;638;;12;8;19;4;14;11;15;8;13;1;23;17;
*19RQ#~~~65;;;;;;;20.31.36;1;5;1;1;638;;12;8;19;4;14;11;15;8;13;1;23;17;
*14EU+K7C~3;;;;;;;20.31.36;1;5;1;1;640;;12;8;19;4;14;11;15;8;13;1;23;17;
*04AU#P7~37~H;s;r;;;;;20.31.42;1;5;1;1;641;;12;8;19;4;14;11;15;8;13;1;23;17;
a07DU/~~~37;;;;;;;20.31.42;1;5;1;1;641;;12;8;19;4;14;11;15;8;13;1;23;17;
a$$&H=;s;;;;;;20.31.42;1;5;1;1;641;;12;8;19;4;14;11;15;8;13;1;23;17;
*p03:01;;;;;;;20.31.54;1;5;1;1;644;;12;8;19;4;14;11;15;8;13;1;23;17;
*z4;;;;;;;20.31.54;1;4;1;1;656;;8;19;4;14;11;12;15;8;13;1;23;17;
*08SQ-~~~51;;;;;;;20.31.59;1;4;1;1;661;;8;19;4;14;11;12;15;8;13;1;23;17;
a08RQ+~~~51;;;;;;;20.31.59;1;4;1;1;661;;8;19;4;14;11;12;15;8;13;1;23;17;
a15EU+K7C~1;;;;;;;20.31.59;1;4;1;1;663;;8;19;4;14;11;12;15;8;13;1;23;17;
a13AU-P7~31~H;;r;;;;;20.32.06;1;4;1;1;664;;8;19;4;14;11;12;15;8;13;1;23;17;
*04BU+~~~~3;;;;;;;20.32.06;1;4;1;1;664;;8;19;4;14;11;12;15;8;13;1;23;17;
*14EU+~~C;;;;;;;20.32.06;1;4;1;1;667;;8;19;4;14;11;12;15;8;13;1;23;17;
*04AU#P7~37~H;p;p;;;;;20.32.10;1;4;1;1;668;;8;19;4;14;11;12;15;8;13;1;23;17;
a13BU/~~~~3;p;;;;;;20.32.10;1;4;1;1;668;;8;19;4;14;11;12;15;8;13;1;23;17;
*p04:01;;;;;;;20.32.22;1;4;1;1;671;;8;19;4;14;11;12;15;8;13;1;23;17;
*08SQ-~~~51;;;;;;;20.32.29;1;4;1;1;691;;8;19;4;14;11;12;15;8;13;1;23;17;
a08RQ#~~~51;;;;;;;20.32.29;1;4;1;1;691;;8;19;4;14;11;12;15;8;13;1;23;17;
a15EU+K7C~3;;;;;;;20.32.29;1;4;1;1;693;;8;19;4;14;11;12;15;8;13;1;23;17;
a13AU#P7~38~T;s;r;;;;;20.32.37;1;4;1;1;694;;8;19;4;14;11;12;15;8;13;1;23;17;
*$$&H=;s;;;;;;20.32.37;1;4;1;1;694;;8;19;4;14;11;12;15;8;13;1;23;17;
ap04:02;;;;;;;20.32.45;1;4;1;1;697;;8;19;4;14;11;12;15;8;13;1;23;17;
az6;;;;;;;20.32.45;1;4;6;1;707;;8;19;4;14;11;12;8;13;1;23;17;15;
a08SQ=~~~15D;s;;;;;;20.32.58;1;4;6;1;720;;8;19;4;14;11;12;8;13;1;23;17;15;
*$$&H#;s;;;;;;20.32.58;1;4;6;1;720;;8;19;4;14;11;12;8;13;1;23;17;15;
*p05:02;;;;;;;20.33.03;1;4;6;1;725;;8;19;4;14;11;12;8;13;1;23;17;15;
*z3;;;;;;;20.33.03;1;3;6;1;725;;19;4;14;11;12;8;8;13;1;23;17;15;
*19SQ+~~~11;;;;;;;20.33.16;1;3;6;1;738;;19;4;14;11;12;8;8;13;1;23;17;15;
a08RQ-~~~11;;;;;;;20.33.16;1;3;6;1;738;;19;4;14;11;12;8;8;13;1;23;17;15;
a15EH+KEF~8;;;;;;;20.33.16;1;3;6;1;740;;19;4;14;11;12;8;8;13;1;23;17;15;
a23AH-Y4~41~H;;r;;;;;20.33.23;1;3;6;1;741;;19;4;14;11;12;8;8;13;1;23;17;15;
*14BH+~~~~2;;;;;;;20.33.23;1;3;6;1;741;;19;4;14;11;12;8;8;13;1;23;17;15;
*03FH-;;;;;;;20.33.25;1;3;6;1;745;;19;4;14;11;12;8;8;13;1;23;17;15;
*14EH+~~B;;;;;;;20.33.25;1;3;6;1;748;;19;4;14;11;12;8;8;13;1;23;17;15;
*08AH#I9~91~H;p;p;;;;;20.33.29;1;3;6;1;749;;19;4;14;11;12;8;8;13;1;23;17;15;
a15BH/~~~~4;p;;;;;;20.33.29;1;3;6;1;749;;19;4;14;11;12;8;8;13;1;23;17;15;
*p06:02;;;;;;;20.33.37;1;3;6;1;752;;19;4;14;11;12;8;8;13;1;23;17;15;
*19SQ=~~~16;s;;;;;;20.33.48;1;3;6;1;770;;19;4;14;11;12;8;8;13;1;23;17;15;
a$$&H#;s;;;;;;20.33.48;1;3;6;1;770;;19;4;14;11;12;8;8;13;1;23;17;15;
ap06:03;;;;;;;20.33.53;1;3;6;1;775;;19;4;14;11;12;8;8;13;1;23;17;15;
az5;;;;;;;20.33.53;1;3;5;1;775;;19;4;14;11;12;8;13;1;23;17;15;8;
a13SQ!~~~11;;;;;;;20.34.06;1;3;5;1;788;;19;4;14;11;12;8;13;1;23;17;15;8;
*19RQ!~~~11;;;;;;;20.34.06;1;3;5;1;788;;19;4;14;11;12;8;13;1;23;17;15;8;
*14EH=;p;;;;;;20.34.17;1;3;5;1;788;;19;4;14;11;12;8;13;1;23;17;15;8;
a$$&H#;p;;;;;;20.34.17;1;3;5;1;788;;19;4;14;11;12;8;13;1;23;17;15;8;
ap06:04;;;;;;;20.34.24;1;3;5;1;791;;19;4;14;11;12;8;13;1;23;17;15;8;
a13SQ=~~~15D~~N;s;;;;;;20.34.46;1;3;5;1;828;;19;4;14;11;12;8;13;1;23;17;15;8;
*$$&H#;s;;;;;;20.34.46;1;3;5;1;828;;19;4;14;11;12;8;13;1;23;17;15;8;
*p07:04;;;;;;;20.34.50;1;3;5;1;832;;19;4;14;11;12;8;13;1;23;17;15;8;
*z2;;;;;;;20.34.50;1;2;5;1;832;;4;14;11;12;8;19;13;1;23;17;15;8;
*04SQ!~~~51;;;;;;;20.35.05;1;2;5;1;847;;4;14;11;12;8;19;13;1;23;17;15;8;
a07RQ!~~~51;;;;;;;20.35.05;1;2;5;1;847;;4;14;11;12;8;19;13;1;23;17;15;8;
a15EN+K7B~3;;;;;;;20.35.05;1;2;5;1;849;;4;14;11;12;8;19;13;1;23;17;15;8;
a01AN#W9~98BP;s;r;;;;;20.35.11;1;2;5;1;850;;4;14;11;12;8;19;13;1;23;17;15;8;
*11BN/~~~~4;s;;;;;;20.35.11;1;2;5;1;850;;4;14;11;12;8;19;13;1;23;17;15;8;
ap07:05;;;;;;;20.35.15;1;2;5;1;853;;4;14;11;12;8;19;13;1;23;17;15;8;
az4;;;;;;;20.35.15;1;2;4;1;857;;4;14;11;12;8;19;1;23;17;15;8;13;
a01SQ=~~~15D;s;;;;;;20.35.30;1;2;4;1;872;;4;14;11;12;8;19;1;23;17;15;8;13;
*$$&H#;s;;;;;;20.35.30;1;2;4;1;872;;4;14;11;12;8;19;1;23;17;15;8;13;
*p08:05;;;;;;;20.35.35;1;2;4;1;877;;4;14;11;12;8;19;1;23;17;15;8;13;
*z1;;;;;;;20.35.35;1;1;4;1;877;;14;11;12;8;19;4;1;23;17;15;8;13;
*14SQ-~~~11;;;;;;;20.35.49;1;1;4;1;891;;14;11;12;8;19;4;1;23;17;15;8;13;
a07RQ#~~~11;;;;;;;20.35.49;1;1;4;1;891;;14;11;12;8;19;4;1;23;17;15;8;13;
a15EU+K7C~3;;;;;;;20.35.49;1;1;4;1;893;;14;11;12;8;19;4;1;23;17;15;8;13;
a17AU-P7~31~H;;r;;;;;20.35.57;1;1;4;1;894;;14;11;12;8;19;4;1;23;17;15;8;13;
*12BU+~~~~3;;;;;;;20.35.57;1;1;4;1;894;;14;11;12;8;19;4;1;23;17;15;8;13;
*19EH+~~F;;;;;;;20.35.57;1;1;4;1;897;;14;11;12;8;19;4;1;23;17;15;8;13;
*11AH-I4~42~T;;p;;;;;20.35.59;1;1;4;1;898;;14;11;12;8;19;4;1;23;17;15;8;13;
a15BH+~~~~2;;;;;;;20.35.59;1;1;4;1;898;;14;11;12;8;19;4;1;23;17;15;8;13;
a01EH+~~F;;;;;;;20.35.59;1;1;4;1;901;;14;11;12;8;19;4;1;23;17;15;8;13;
a23AH/I4~41BP;p;s;;;;;20.36.14;1;1;4;1;902;;14;11;12;8;19;4;1;23;17;15;8;13;
*08BH#~~~~2;p;;;;;;20.36.14;1;1;4;1;902;;14;11;12;8;19;4;1;23;17;15;8;13;
*p09:05;;;;;;;20.36.18;1;1;4;1;905;;14;11;12;8;19;4;1;23;17;15;8;13;
*14SQ!~~~11;;;;;;;20.36.30;1;1;4;1;932;;14;11;12;8;19;4;1;23;17;15;8;13;
a07RQ!~~~11;;;;;;;20.36.30;1;1;4;1;932;;14;11;12;8;19;4;1;23;17;15;8;13;
a15EN+K1B~2;;;;;;;20.36.30;1;1;4;1;934;;14;11;12;8;19;4;1;23;17;15;8;13;
a01AN=W9~96~H;p;r;;;;;20.36.37;1;1;4;1;935;;14;11;12;8;19;4;1;23;17;15;8;13;
*$$&H#;p;;;;;;20.36.37;1;1;4;1;935;;14;11;12;8;19;4;1;23;17;15;8;13;
*p10:05;;;;;;;20.36.47;1;1;4;1;938;;14;11;12;8;19;4;1;23;17;15;8;13;
aT;;;;;;;20.36.47;1;1;4;1;949;;14;11;12;8;19;4;1;23;17;15;8;13;
*14SQ+~~~11;;;;;;;20.37.55;1;1;4;1;1017;;14;11;12;8;19;4;1;23;17;15;8;13;
a07RQ-~~~11;;;;;;;20.37.55;1;1;4;1;1017;;14;11;12;8;19;4;1;23;17;15;8;13;
a15EH+KEF~7~3;;;;;;;20.37.55;1;1;4;1;1019;;14;11;12;8;19;4;1;23;17;15;8;13;
a23AH#Y4~45~H;s;r;;;;;20.38.01;1;1;4;1;1020;;14;11;12;8;19;4;1;23;17;15;8;13;
*11BH/~~~~2;s;;;;;;20.38.01;1;1;4;1;1020;;14;11;12;8;19;4;1;23;17;15;8;13;
ap10:06;;;;;;;20.38.13;1;1;4;1;1023;;14;11;12;8;19;4;1;23;17;15;8;13;
az3;;;;;;;20.38.13;1;1;3;1;1035;;14;11;12;8;19;4;23;17;15;8;13;1;
a23SQ+~~~15;;;;;;;20.38.17;1;1;3;1;1039;;14;11;12;8;19;4;23;17;15;8;13;1;
*19RQ-~~~15;;;;;;;20.38.17;1;1;3;1;1039;;14;11;12;8;19;4;23;17;15;8;13;1;
*08EH+KEB~7;;;;;;;20.38.17;1;1;3;1;1041;;14;11;12;8;19;4;23;17;15;8;13;1;
*11AH+I2~23~T;;r;;;;;20.38.22;1;1;3;1;1042;;14;11;12;8;19;4;23;17;15;8;13;1;
a15DH-~~~23;;;;;;;20.38.22;1;1;3;1;1042;;14;11;12;8;19;4;23;17;15;8;13;1;
a07EH+~~F;;;;;;;20.38.22;1;1;3;1;1045;;14;11;12;8;19;4;23;17;15;8;13;1;
a08AH+Y4~46~H;;p;;;;;20.38.29;1;1;3;1;1046;;14;11;12;8;19;4;23;17;15;8;13;1;
*11BH-~~~~2;;;;;;;20.38.29;1;1;3;1;1046;;14;11;12;8;19;4;23;17;15;8;13;1;
a07FH#;;;;;;;20.38.39;1;1;3;1;1050;;14;11;12;8;19;4;23;17;15;8;13;1;
a15EN+~~P;;;;;;;20.38.39;1;1;3;1;1053;;14;11;12;8;19;4;23;17;15;8;13;1;
a23AN#W8~86DH;p;p;;;;;20.38.40;1;1;3;1;1054;;14;11;12;8;19;4;23;17;15;8;13;1;
*$$&H=;p;;;;;;20.38.40;1;1;3;1;1054;;14;11;12;8;19;4;23;17;15;8;13;1;
ap10:07;;;;;;;20.38.45;1;1;3;1;1057;;14;11;12;8;19;4;23;17;15;8;13;1;
a23SQ-~~~15;;;;;;;20.38.55;1;1;3;1;1077;;14;11;12;8;19;4;23;17;15;8;13;1;
*03RQ+~~~15;;;;;;;20.38.55;1;1;3;1;1077;;14;11;12;8;19;4;23;17;15;8;13;1;
*14EU+K1C~2;;;;;;;20.38.55;1;1;3;1;1079;;14;11;12;8;19;4;23;17;15;8;13;1;
*12AU#PP~35~H;s;r;;;;;20.39.02;1;1;3;1;1080;;14;11;12;8;19;4;23;17;15;8;13;1;
a07DU/~~~35;;;;;;;20.39.02;1;1;3;1;1080;;14;11;12;8;19;4;23;17;15;8;13;1;
a$$&H=;s;;;;;;20.39.02;1;1;3;1;1080;;14;11;12;8;19;4;23;17;15;8;13;1;
*p11:07;;;;;;;20.39.11;1;1;3;1;1083;;14;11;12;8;19;4;23;17;15;8;13;1;
*z6;;;;;;;20.39.11;1;6;3;1;1093;;11;12;8;19;4;14;23;17;15;8;13;1;
*11SQ=~~~16~~~N;s;;;;;;20.39.17;1;6;3;1;1099;;11;12;8;19;4;14;23;17;15;8;13;1;
a$$&H#;s;;;;;;20.39.17;1;6;3;1;1099;;11;12;8;19;4;14;23;17;15;8;13;1;
ap11:08;;;;;;;20.39.21;1;6;3;1;1103;;11;12;8;19;4;14;23;17;15;8;13;1;
az2;;;;;;;20.39.21;1;6;2;1;1103;;11;12;8;19;4;14;17;15;8;13;1;23;
a17SH=~~~55D;s;;;;;;20.39.34;1;6;2;1;1116;;11;12;8;19;4;14;17;15;8;13;1;23;
*$$&H#;s;;;;;;20.39.34;1;6;2;1;1116;;11;12;8;19;4;14;17;15;8;13;1;23;
*p12:08;;;;;;;20.39.39;1;6;2;1;1121;;11;12;8;19;4;14;17;15;8;13;1;23;
*z5;;;;;;;20.39.39;1;5;2;1;1121;;12;8;19;4;14;11;17;15;8;13;1;23;
*12SQ+~~~19;;;;;;;20.40.50;1;5;2;1;1192;;12;8;19;4;14;11;17;15;8;13;1;23;
a07RQ-~~~19;;;;;;;20.40.50;1;5;2;1;1192;;12;8;19;4;14;11;17;15;8;13;1;23;
a15EH+KEF~8;;;;;;;20.40.50;1;5;2;1;1194;;12;8;19;4;14;11;17;15;8;13;1;23;
a08AH+Y4~43~T;;r;;;;;20.40.56;1;5;2;1;1195;;12;8;19;4;14;11;17;15;8;13;1;23;
*19BH-~~~~2;;;;;;;20.40.56;1;5;2;1;1195;;12;8;19;4;14;11;17;15;8;13;1;23;
a15EH+~~F;;;;;;;20.40.56;1;5;2;1;1198;;12;8;19;4;14;11;17;15;8;13;1;23;
a08AH-Y4~41BP;;s;;;;;20.41.02;1;5;2;1;1199;;12;8;19;4;14;11;17;15;8;13;1;23;
*04BH+~~~~2;;;;;;;20.41.02;1;5;2;1;1199;;12;8;19;4;14;11;17;15;8;13;1;23;
*14DH#~~~~1BP;;;;;;;20.41.06;1;5;2;1;1199;;12;8;19;4;14;11;17;15;8;13;1;23;
*08EH+~~F;;;;;;;20.41.06;1;5;2;1;1202;;12;8;19;4;14;11;17;15;8;13;1;23;
*19AH-I4~46~P;;p;;;;;20.41.14;1;5;2;1;1203;;12;8;19;4;14;11;17;15;8;13;1;23;
a07DH#~~~46;;;;;;;20.41.14;1;5;2;1;1203;;12;8;19;4;14;11;17;15;8;13;1;23;
a15EH+~~B;;;;;;;20.41.14;1;5;2;1;1206;;12;8;19;4;14;11;17;15;8;13;1;23;
a01AH=Y9~91~H;p;s;;;;;20.41.20;1;5;2;1;1207;;12;8;19;4;14;11;17;15;8;13;1;23;
*$$&H#;p;;;;;;20.41.20;1;5;2;1;1207;;12;8;19;4;14;11;17;15;8;13;1;23;
*p13:08;;;;;;;20.41.26;1;5;2;1;1210;;12;8;19;4;14;11;17;15;8;13;1;23;
ac01:09;;;;;;;20.41.26;1;5;2;1;1228;;12;8;19;4;14;11;17;15;8;13;9;23;
*12SQ-~~~11;;;;;;;20.41.38;1;5;2;1;1240;;12;8;19;4;14;11;17;15;8;13;9;23;
a07RQ+~~~11;;;;;;;20.41.38;1;5;2;1;1240;;12;8;19;4;14;11;17;15;8;13;9;23;
a15EN+K1P~3;;;;;;;20.41.38;1;5;2;1;1242;;12;8;19;4;14;11;17;15;8;13;9;23;
a23AN#W8~86~H;s;r;;;;;20.41.50;1;5;2;1;1243;;12;8;19;4;14;11;17;15;8;13;9;23;
*$$&H=;s;;;;;;20.41.50;1;5;2;1;1243;;12;8;19;4;14;11;17;15;8;13;9;23;
ap13:09;;;;;;;20.41.54;1;5;2;1;1246;;12;8;19;4;14;11;17;15;8;13;9;23;
az1;;;;;;;20.41.54;1;5;1;1;1256;;12;8;19;4;14;11;15;8;13;9;23;17;
a15SQ#~~~66D;p;;;;;;20.41.59;1;5;1;1;1261;;12;8;19;4;14;11;15;8;13;9;23;17;
*11RQ=~~~66D;p;;;;;;20.41.59;1;5;1;1;1261;;12;8;19;4;14;11;15;8;13;9;23;17;
ap13:10;;;;;;;20.42.23;1;5;1;1;1264;;12;8;19;4;14;11;15;8;13;9;23;17;
a15SQ#~~~15D;p;;;;;;20.42.44;1;5;1;1;1306;;12;8;19;4;14;11;15;8;13;9;23;17;
*19RQ=~~~15D;p;;;;;;20.42.44;1;5;1;1;1306;;12;8;19;4;14;11;15;8;13;9;23;17;
ap13:11;;;;;;;20.42.52;1;5;1;1;1309;;12;8;19;4;14;11;15;8;13;9;23;17;
a15SQ-~~~66B;;;;;;;20.43.36;1;5;1;1;1358;;12;8;19;4;14;11;15;8;13;9;23;17;
*03RQ+~~~66B;;;;;;;20.43.36;1;5;1;1;1358;;12;8;19;4;14;11;15;8;13;9;23;17;
*14EN+K7B~2;;;;;;;20.43.36;1;5;1;1;1360;;12;8;19;4;14;11;15;8;13;9;23;17;
*08AN+W2~26~H;;r;;;;;20.43.43;1;5;1;1;1361;;12;8;19;4;14;11;15;8;13;9;23;17;
a08BN-~~~~4;;;;;;;20.43.43;1;5;1;1;1361;;12;8;19;4;14;11;15;8;13;9;23;17;
*04FH#;;;;;;;20.43.43;1;5;1;1;1365;;12;8;19;4;14;11;15;8;13;9;23;17;
*14EN+~~B;;;;;;;20.43.43;1;5;1;1;1368;;12;8;19;4;14;11;15;8;13;9;23;17;
*08AN/W2~27BP;p;s;;;;;20.43.48;1;5;1;1;1369;;12;8;19;4;14;11;15;8;13;9;23;17;
a08BN#~~~~4;p;;;;;;20.43.48;1;5;1;1;1369;;12;8;19;4;14;11;15;8;13;9;23;17;
ap13:12;;;;;;;20.43.53;1;5;1;1;1372;;12;8;19;4;14;11;15;8;13;9;23;17;
a15SQ=~~~61B;s;;;;;;20.44.59;1;5;1;1;1441;;12;8;19;4;14;11;15;8;13;9;23;17;
*$$&H#;s;;;;;;20.44.59;1;5;1;1;1441;;12;8;19;4;14;11;15;8;13;9;23;17;
*p14:12;;;;;;;20.45.04;1;5;1;1;1446;;12;8;19;4;14;11;15;8;13;9;23;17;
*z4;;;;;;;20.45.04;1;4;1;1;1446;;8;19;4;14;11;12;15;8;13;9;23;17;
*08SQ-~~~51;;;;;;;20.45.18;1;4;1;1;1460;;8;19;4;14;11;12;15;8;13;9;23;17;
a07RQ+~~~51;;;;;;;20.45.18;1;4;1;1;1460;;8;19;4;14;11;12;15;8;13;9;23;17;
a15EN+K7P~3;;;;;;;20.45.18;1;4;1;1;1462;;8;19;4;14;11;12;15;8;13;9;23;17;
a23AN#W8~86~H;s;r;;;;;20.45.25;1;4;1;1;1463;;8;19;4;14;11;12;15;8;13;9;23;17;
*11DN/~~~86;;;;;;;20.45.25;1;4;1;1;1463;;8;19;4;14;11;12;15;8;13;9;23;17;
*$$&H=;s;;;;;;20.45.25;1;4;1;1;1463;;8;19;4;14;11;12;15;8;13;9;23;17;
ap14:13;;;;;;;20.45.33;1;4;1;1;1466;;8;19;4;14;11;12;15;8;13;9;23;17;
az6;;;;;;;20.45.33;1;4;6;1;1475;;8;19;4;14;11;12;8;13;9;23;17;15;
a08SQ-~~~17;;;;;;;20.45.44;1;4;6;1;1486;;8;19;4;14;11;12;8;13;9;23;17;15;
*19RQ+~~~17;;;;;;;20.45.44;1;4;6;1;1486;;8;19;4;14;11;12;8;13;9;23;17;15;
*14EN+K3F~3;;;;;;;20.45.44;1;4;6;1;1488;;8;19;4;14;11;12;8;13;9;23;17;15;
*19AN+W4~45~H;;r;;;;;20.45.51;1;4;6;1;1489;;8;19;4;14;11;12;8;13;9;23;17;15;
a08DN-~~~45;;;;;;;20.45.51;1;4;6;1;1489;;8;19;4;14;11;12;8;13;9;23;17;15;
a15EH+~~F;;;;;;;20.45.51;1;4;6;1;1492;;8;19;4;14;11;12;8;13;9;23;17;15;
a23AH+Y4~41~H;;p;;;;;20.45.55;1;4;6;1;1493;;8;19;4;14;11;12;8;13;9;23;17;15;
*08DH-~~~41;;;;;;;20.45.55;1;4;6;1;1493;;8;19;4;14;11;12;8;13;9;23;17;15;
a07FH#;;;;;;;20.46.06;1;4;6;1;1497;;8;19;4;14;11;12;8;13;9;23;17;15;
a15EN+~~P;;;;;;;20.46.06;1;4;6;1;1500;;8;19;4;14;11;12;8;13;9;23;17;15;
a08AN=W8~89~T~Z;s;p;;;;;20.46.09;1;4;6;1;1501;;8;19;4;14;11;12;8;13;9;23;17;15;
*$$&H#;s;;;;;;20.46.09;1;4;6;1;1501;;8;19;4;14;11;12;8;13;9;23;17;15;
*p15:13;;;;;;;20.46.20;1;4;6;1;1504;;8;19;4;14;11;12;8;13;9;23;17;15;
*z3;;;;;;;20.46.20;1;3;6;1;1522;;19;4;14;11;12;8;8;13;9;23;17;15;
*19SQ=~~~15D;s;;;;;;20.46.36;1;3;6;1;1538;;19;4;14;11;12;8;8;13;9;23;17;15;
a$$&H#;s;;;;;;20.46.36;1;3;6;1;1538;;19;4;14;11;12;8;8;13;9;23;17;15;
ap15:14;;;;;;;20.46.43;1;3;6;1;1545;;19;4;14;11;12;8;8;13;9;23;17;15;
az5;;;;;;;20.46.43;1;3;5;1;1545;;19;4;14;11;12;8;13;9;23;17;15;8;
a13SQ=~~~11B~~~sinc;s;;;;;;20.46.57;1;3;5;1;1554;;19;4;14;11;12;8;13;9;23;17;15;8;
*$$&H#;s;;;;;;20.46.57;1;3;5;1;1554;;19;4;14;11;12;8;13;9;23;17;15;8;
*p16:14;;;;;;;20.46.59;1;3;5;1;1556;;19;4;14;11;12;8;13;9;23;17;15;8;
*z2;;;;;;;20.46.59;1;2;5;1;1561;;4;14;11;12;8;19;13;9;23;17;15;8;
*04SQ+~~~51;;;;;;;20.47.10;1;2;5;1;1572;;4;14;11;12;8;19;13;9;23;17;15;8;
a07RQ-~~~51;;;;;;;20.47.10;1;2;5;1;1572;;4;14;11;12;8;19;13;9;23;17;15;8;
a15EH+KEF~8;;;;;;;20.47.10;1;2;5;1;1574;;4;14;11;12;8;19;13;9;23;17;15;8;
a23AH-Y4~46~H;;r;;;;;20.47.17;1;2;5;1;1575;;4;14;11;12;8;19;13;9;23;17;15;8;
*19DH#~~~46;;;;;;;20.47.17;1;2;5;1;1575;;4;14;11;12;8;19;13;9;23;17;15;8;
*14EU+~~C;;;;;;;20.47.17;1;2;5;1;1578;;4;14;11;12;8;19;13;9;23;17;15;8;
*12AU+P2~37~T;;p;;;;;20.47.21;1;2;5;1;1579;;4;14;11;12;8;19;13;9;23;17;15;8;
a08DU-~~~37;;;;;;;20.47.21;1;2;5;1;1579;;4;14;11;12;8;19;13;9;23;17;15;8;
a15EN+~~B;;;;;;;20.47.21;1;2;5;1;1582;;4;14;11;12;8;19;13;9;23;17;15;8;
a09AN#W2~25DH;s;s;;;;;20.47.31;1;2;5;1;1583;;4;14;11;12;8;19;13;9;23;17;15;8;
*04DN/~~~25D;;;;;;;20.47.31;1;2;5;1;1583;;4;14;11;12;8;19;13;9;23;17;15;8;
*$$&H=;s;;;;;;20.47.31;1;2;5;1;1583;;4;14;11;12;8;19;13;9;23;17;15;8;
ap16:15;;;;;;;20.47.38;1;2;5;1;1586;;4;14;11;12;8;19;13;9;23;17;15;8;
az4;;;;;;;20.47.38;1;2;4;1;1600;;4;14;11;12;8;19;9;23;17;15;8;13;
a09SQ=~~~15D~~N;s;;;;;;20.47.49;1;2;4;1;1611;;4;14;11;12;8;19;9;23;17;15;8;13;
*$$&H#;s;;;;;;20.47.49;1;2;4;1;1611;;4;14;11;12;8;19;9;23;17;15;8;13;
*p17:15;;;;;;;20.47.55;1;2;4;1;1617;;4;14;11;12;8;19;9;23;17;15;8;13;
*z1;;;;;;;20.47.55;1;1;4;1;1617;;14;11;12;8;19;4;9;23;17;15;8;13;
*14SQ-~~~19;;;;;;;20.48.08;1;1;4;1;1630;;14;11;12;8;19;4;9;23;17;15;8;13;
a07RQ#~~~19;;;;;;;20.48.08;1;1;4;1;1630;;14;11;12;8;19;4;9;23;17;15;8;13;
a15EN+K1F~2;;;;;;;20.48.08;1;1;4;1;1632;;14;11;12;8;19;4;9;23;17;15;8;13;
a23AN#W4~46BH;s;r;;;;;20.48.14;1;1;4;1;1633;;14;11;12;8;19;4;9;23;17;15;8;13;
*$$&H=;s;;;;;;20.48.14;1;1;4;1;1633;;14;11;12;8;19;4;9;23;17;15;8;13;
ap17:16;;;;;;;20.48.23;1;1;4;1;1636;;14;11;12;8;19;4;9;23;17;15;8;13;
az3;;;;;;;20.48.23;1;1;3;1;1645;;14;11;12;8;19;4;23;17;15;8;13;9;
a23SQ=~~~16;s;;;;;;20.48.30;1;1;3;1;1652;;14;11;12;8;19;4;23;17;15;8;13;9;
*$$&H#;s;;;;;;20.48.30;1;1;3;1;1652;;14;11;12;8;19;4;23;17;15;8;13;9;
*p18:16;;;;;;;20.48.35;1;1;3;1;1657;;14;11;12;8;19;4;23;17;15;8;13;9;
*z6;;;;;;;20.48.35;1;6;3;1;1657;;11;12;8;19;4;14;23;17;15;8;13;9;
*11SQ+~~~16B;;;;;;;20.48.48;1;6;3;1;1670;;11;12;8;19;4;14;23;17;15;8;13;9;
a07RQ-~~~16B;;;;;;;20.48.48;1;6;3;1;1670;;11;12;8;19;4;14;23;17;15;8;13;9;
a15EN+KEF~8;;;;;;;20.48.48;1;6;3;1;1672;;11;12;8;19;4;14;23;17;15;8;13;9;
a08AN/W4~45~H;p;r;;;;;20.48.55;1;6;3;1;1673;;11;12;8;19;4;14;23;17;15;8;13;9;
*12BN#~~~~2;p;;;;;;20.48.55;1;6;3;1;1673;;11;12;8;19;4;14;23;17;15;8;13;9;
*p19:16;;;;;;;20.48.58;1;6;3;1;1676;;11;12;8;19;4;14;23;17;15;8;13;9;
*11SQ+~~~16B;;;;;;;20.49.16;1;6;3;1;1698;;11;12;8;19;4;14;23;17;15;8;13;9;
a07RQ-~~~16B;;;;;;;20.49.16;1;6;3;1;1698;;11;12;8;19;4;14;23;17;15;8;13;9;
a15EH+KEF~5;;;;;;;20.49.16;1;6;3;1;1700;;11;12;8;19;4;14;23;17;15;8;13;9;
a08AH=I4~41BP;p;r;;;;;20.49.22;1;6;3;1;1701;;11;12;8;19;4;14;23;17;15;8;13;9;
*$$&H#;p;;;;;;20.49.22;1;6;3;1;1701;;11;12;8;19;4;14;23;17;15;8;13;9;
*p20:16;;;;;;;20.49.28;1;6;3;1;1704;;11;12;8;19;4;14;23;17;15;8;13;9;
*11SQ-~~~16B;;;;;;;20.50.16;1;6;3;1;1758;;11;12;8;19;4;14;23;17;15;8;13;9;
a07RQ+~~~16B;;;;;;;20.50.16;1;6;3;1;1758;;11;12;8;19;4;14;23;17;15;8;13;9;
a15EN+K2F~3;;;;;;;20.50.16;1;6;3;1;1760;;11;12;8;19;4;14;23;17;15;8;13;9;
a08AN-W4~48~T;;r;;;;;20.50.22;1;6;3;1;1761;;11;12;8;19;4;14;23;17;15;8;13;9;
*14DN#~~~48;;;;;;;20.50.22;1;6;3;1;1761;;11;12;8;19;4;14;23;17;15;8;13;9;
*11EH+~~F;;;;;;;20.50.22;1;6;3;1;1764;;11;12;8;19;4;14;23;17;15;8;13;9;
*19AH-I4~41~H;;p;;;;;20.50.27;1;6;3;1;1765;;11;12;8;19;4;14;23;17;15;8;13;9;
a15BH+~~~~2;;;;;;;20.50.27;1;6;3;1;1765;;11;12;8;19;4;14;23;17;15;8;13;9;
a07FH#;;;;;;;20.50.32;1;6;3;1;1769;;11;12;8;19;4;14;23;17;15;8;13;9;
a15EN+~~B;;;;;;;20.50.32;1;6;3;1;1772;;11;12;8;19;4;14;23;17;15;8;13;9;
a09AN=W2~24~T;p;s;;;;;20.50.33;1;6;3;1;1773;;11;12;8;19;4;14;23;17;15;8;13;9;
*$$&H#;p;;;;;;20.50.33;1;6;3;1;1773;;11;12;8;19;4;14;23;17;15;8;13;9;
*p21:16;;;;;;;20.50.49;1;6;3;1;1776;;11;12;8;19;4;14;23;17;15;8;13;9;
*11SQ!~~~16B;;;;;;;20.50.56;1;6;3;1;1798;;11;12;8;19;4;14;23;17;15;8;13;9;
a07RQ!~~~16B;;;;;;;20.50.56;1;6;3;1;1798;;11;12;8;19;4;14;23;17;15;8;13;9;
a15EN+K7B~3;;;;;;;20.50.56;1;6;3;1;1800;;11;12;8;19;4;14;23;17;15;8;13;9;
a09AN+W9~99~H;;r;;;;;20.51.03;1;6;3;1;1801;;11;12;8;19;4;14;23;17;15;8;13;9;
*14DN-~~~99;;;;;;;20.51.03;1;6;3;1;1801;;11;12;8;19;4;14;23;17;15;8;13;9;
a07FH#;;;;;;;20.51.10;1;6;3;1;1805;;11;12;8;19;4;14;23;17;15;8;13;9;
a15EU+~~C;;;;;;;20.51.10;1;6;3;1;1808;;11;12;8;19;4;14;23;17;15;8;13;9;
a17AU-P3~33~T;;s;;;;;20.51.15;1;6;3;1;1809;;11;12;8;19;4;14;23;17;15;8;13;9;
*11EH+~~F;;;;;;;20.51.15;1;6;3;1;1812;;11;12;8;19;4;14;23;17;15;8;13;9;
*19AH+Y4~46~H;;p;;;;;20.51.17;1;6;3;1;1813;;11;12;8;19;4;14;23;17;15;8;13;9;
*14EU+~~C;;;;;;;20.51.17;1;6;3;1;1816;;11;12;8;19;4;14;23;17;15;8;13;9;
*12AU+P7~31~H;;p;;;;;20.51.20;1;6;3;1;1817;;11;12;8;19;4;14;23;17;15;8;13;9;
a09DU-~~~31;;;;;;;20.51.20;1;6;3;1;1817;;11;12;8;19;4;14;23;17;15;8;13;9;
*14EN+~~F;;;;;;;20.51.20;1;6;3;1;1820;;11;12;8;19;4;14;23;17;15;8;13;9;
*19AN#W4~45~H;p;p;;;;;20.51.28;1;6;3;1;1821;;11;12;8;19;4;14;23;17;15;8;13;9;
a$$&H=;p;;;;;;20.51.28;1;6;3;1;1821;;11;12;8;19;4;14;23;17;15;8;13;9;
*p22:16;;;;;;;20.51.31;1;6;3;1;1824;;11;12;8;19;4;14;23;17;15;8;13;9;
*11SQ-~~~66;;;;;;;20.52.05;1;6;3;1;1852;;11;12;8;19;4;14;23;17;15;8;13;9;
a07RQ#~~~66;;;;;;;20.52.05;1;6;3;1;1852;;11;12;8;19;4;14;23;17;15;8;13;9;
a15EN+K3F~3;;;;;;;20.52.05;1;6;3;1;1854;;11;12;8;19;4;14;23;17;15;8;13;9;
a02AN/W4~47~H;p;r;;;;;20.52.10;1;6;3;1;1855;;11;12;8;19;4;14;23;17;15;8;13;9;
*08BN#~~~~2;p;;;;;;20.52.10;1;6;3;1;1855;;11;12;8;19;4;14;23;17;15;8;13;9;
*p23:16;;;;;;;20.52.13;1;6;3;1;1858;;11;12;8;19;4;14;23;17;15;8;13;9;
*11SQ-~~~11;;;;;;;20.52.25;1;6;3;1;1887;;11;12;8;19;4;14;23;17;15;8;13;9;
a04RQ#~~~11;;;;;;;20.52.25;1;6;3;1;1887;;11;12;8;19;4;14;23;17;15;8;13;9;
a15EN+K7B~4;;;;;;;20.52.25;1;6;3;1;1889;;11;12;8;19;4;14;23;17;15;8;13;9;
a09AN=W9~91~H;p;r;;;;;20.52.34;1;6;3;1;1890;;11;12;8;19;4;14;23;17;15;8;13;9;
*$$&H#;p;;;;;;20.52.34;1;6;3;1;1890;;11;12;8;19;4;14;23;17;15;8;13;9;
*p24:16;;;;;;;20.52.38;1;6;3;1;1893;;11;12;8;19;4;14;23;17;15;8;13;9;
ac23:04;;;;;;;20.52.38;1;6;3;1;1900;;11;12;8;19;4;14;4;17;15;8;13;9;
ac08:02;;;;;;;20.52.38;1;6;3;1;1900;;11;12;8;19;4;14;4;17;15;2;13;9;
ac15:03;;;;;;;20.52.38;1;6;3;1;1900;;11;12;8;19;4;14;4;17;3;2;13;9;
aP3;;;;;;;20.52.38;1;6;3;1;1900;;11;12;8;19;4;14;4;17;3;2;13;9;
az3;;;;;;;20.52.38;1;6;3;1;1900;;11;12;8;19;4;14;4;17;3;2;13;9;
*11SQ!~~~61;;;;;;;20.52.58;1;6;3;1;1920;;11;12;8;19;4;14;4;17;3;2;13;9;
a04RQ!~~~61;;;;;;;20.52.58;1;6;3;1;1920;;11;12;8;19;4;14;4;17;3;2;13;9;
a03EH+K3S~2;;;;;;;20.52.58;1;6;3;1;1921;;11;12;8;19;4;14;4;17;3;2;13;9;
a03AH-LL~~~~T;;r;;;;;20.52.58;1;6;3;1;1922;;11;12;8;19;4;14;4;17;3;2;13;9;
*03DH#;;;;;;;20.52.58;1;6;3;1;1922;;11;12;8;19;4;14;4;17;3;2;13;9;
*14EN+~~P;;;;;;;20.52.58;1;6;3;1;1925;;11;12;8;19;4;14;4;17;3;2;13;9;
*11AN/W8~87~T;s;p;;;;;20.53.09;1;6;3;1;1926;;11;12;8;19;4;14;4;17;3;2;13;9;
a02BN#~~~~3;s;;;;;;20.53.09;1;6;3;1;1926;;11;12;8;19;4;14;4;17;3;2;13;9;
ap24:17;;;;;;;20.53.16;1;6;3;1;1929;;11;12;8;19;4;14;4;17;3;2;13;9;
az2;;;;;;;20.53.16;1;6;2;1;1938;;11;12;8;19;4;14;17;3;2;13;9;4;
a17SH!~~~18;;;;;;;20.53.22;1;6;2;1;1944;;11;12;8;19;4;14;17;3;2;13;9;4;
*11RH!~~~18;;;;;;;20.53.22;1;6;2;1;1944;;11;12;8;19;4;14;17;3;2;13;9;4;
*14EN+K3F~2;;;;;;;20.53.22;1;6;2;1;1946;;11;12;8;19;4;14;17;3;2;13;9;4;
*19AN#W4~41~H;s;r;;;;;20.53.28;1;6;2;1;1947;;11;12;8;19;4;14;17;3;2;13;9;4;
a$$&H=;s;;;;;;20.53.28;1;6;2;1;1947;;11;12;8;19;4;14;17;3;2;13;9;4;
*p25:17;;;;;;;20.53.37;1;6;2;1;1950;;11;12;8;19;4;14;17;3;2;13;9;4;
**1set;;;;;;;20.53.37;2;6;2;1;1959;;;;;;;;;;;;;;
*P14>LUp;;;;;;;20.53.37;2;6;2;1;1959;;11;12;8;19;4;14;8;13;1;23;17;15;
*z6>LUp;;;;;;;20.53.37;2;6;2;1;1959;;11;12;8;19;4;14;8;13;1;23;17;15;
aP15>LUp;;;;;;;20.53.37;2;6;2;1;1959;;11;12;8;19;4;14;8;13;1;23;17;15;
az6>LUp;;;;;;;20.53.37;2;6;6;1;1959;;11;12;8;19;4;14;8;13;1;23;17;15;
*11SQ-~~~16;;;;;;;20.57.46;2;6;6;1;2208;;11;12;8;19;4;14;8;13;1;23;17;15;
a07RQ#~~~16;;;;;;;20.57.46;2;6;6;1;2208;;11;12;8;19;4;14;8;13;1;23;17;15;
a15EU+K3C~3;;;;;;;20.57.46;2;6;6;1;2210;;11;12;8;19;4;14;8;13;1;23;17;15;
a13AU#P3~36~H;s;r;;;;;20.57.52;2;6;6;1;2211;;11;12;8;19;4;14;8;13;1;23;17;15;
*11DU/~~~36;;;;;;;20.57.52;2;6;6;1;2211;;11;12;8;19;4;14;8;13;1;23;17;15;
*$$&H=;s;;;;;;20.57.52;2;6;6;1;2211;;11;12;8;19;4;14;8;13;1;23;17;15;
ap00:01;;;;;;;20.58.00;2;6;6;1;2214;;11;12;8;19;4;14;8;13;1;23;17;15;
az5;;;;;;;20.58.00;2;6;5;1;2222;;11;12;8;19;4;14;13;1;23;17;15;8;
a13SQ#~~~15D;p;;;;;;20.58.14;2;6;5;1;2235;;11;12;8;19;4;14;13;1;23;17;15;8;
*19RQ=~~~15D;p;;;;;;20.58.14;2;6;5;1;2235;;11;12;8;19;4;14;13;1;23;17;15;8;
ap00:02;;;;;;;20.58.28;2;6;5;1;2238;;11;12;8;19;4;14;13;1;23;17;15;8;
a13SQ=~~~15B~~N;s;;;;;;20.58.53;2;6;5;1;2275;;11;12;8;19;4;14;13;1;23;17;15;8;
*$$&H#;s;;;;;;20.58.53;2;6;5;1;2275;;11;12;8;19;4;14;13;1;23;17;15;8;
*p01:02;;;;;;;20.58.57;2;6;5;1;2279;;11;12;8;19;4;14;13;1;23;17;15;8;
*z5;;;;;;;20.58.57;2;5;5;1;2279;;12;8;19;4;14;11;13;1;23;17;15;8;
*12SQ-~~~11;;;;;;;20.59.10;2;5;5;1;2292;;12;8;19;4;14;11;13;1;23;17;15;8;
a07RQ#~~~11;;;;;;;20.59.10;2;5;5;1;2292;;12;8;19;4;14;11;13;1;23;17;15;8;
a15EU+K3C~3;;;;;;;20.59.10;2;5;5;1;2294;;12;8;19;4;14;11;13;1;23;17;15;8;
a17AU+P3~36~H;;r;;;;;20.59.18;2;5;5;1;2295;;12;8;19;4;14;11;13;1;23;17;15;8;
*04BU-~~~~3;;;;;;;20.59.18;2;5;5;1;2295;;12;8;19;4;14;11;13;1;23;17;15;8;
*04AH-XQ~~~~H;;p;;;;;20.59.18;2;5;5;1;2299;;12;8;19;4;14;11;13;1;23;17;15;8;
a15EN+~~B;;;;;;;20.59.18;2;5;5;1;2302;;12;8;19;4;14;11;13;1;23;17;15;8;
a01AN#W2~21~H;s;s;;;;;20.59.21;2;5;5;1;2303;;12;8;19;4;14;11;13;1;23;17;15;8;
*19BN/~~~~4;s;;;;;;20.59.21;2;5;5;1;2303;;12;8;19;4;14;11;13;1;23;17;15;8;
ap01:03;;;;;;;20.59.34;2;5;5;1;2306;;12;8;19;4;14;11;13;1;23;17;15;8;
az4;;;;;;;20.59.34;2;5;4;1;2316;;12;8;19;4;14;11;1;23;17;15;8;13;
a01SQ=~~~15D~~N;s;;;;;;20.59.38;2;5;4;1;2320;;12;8;19;4;14;11;1;23;17;15;8;13;
*$$&H#;s;;;;;;20.59.38;2;5;4;1;2320;;12;8;19;4;14;11;1;23;17;15;8;13;
*p02:03;;;;;;;20.59.43;2;5;4;1;2325;;12;8;19;4;14;11;1;23;17;15;8;13;
*z4;;;;;;;20.59.43;2;4;4;1;2325;;8;19;4;14;11;12;1;23;17;15;8;13;
*08SQ=~~~51B;s;;;;;;20.59.57;2;4;4;1;2339;;8;19;4;14;11;12;1;23;17;15;8;13;
a$$&H#;s;;;;;;20.59.57;2;4;4;1;2339;;8;19;4;14;11;12;1;23;17;15;8;13;
ap02:04;;;;;;;21.00.03;2;4;4;1;2345;;8;19;4;14;11;12;1;23;17;15;8;13;
az3;;;;;;;21.00.03;2;4;3;1;2345;;8;19;4;14;11;12;23;17;15;8;13;1;
a23SQ=~~~16;s;;;;;;21.00.14;2;4;3;1;2356;;8;19;4;14;11;12;23;17;15;8;13;1;
*$$&H#;s;;;;;;21.00.14;2;4;3;1;2356;;8;19;4;14;11;12;23;17;15;8;13;1;
*p03:04;;;;;;;21.00.19;2;4;3;1;2361;;8;19;4;14;11;12;23;17;15;8;13;1;
*z3;;;;;;;21.00.19;2;3;3;1;2361;;19;4;14;11;12;8;23;17;15;8;13;1;
*19SQ!~~~18~~~N;;;;;;;21.00.32;2;3;3;1;2374;;19;4;14;11;12;8;23;17;15;8;13;1;
a07RQ!~~~18;;;;;;;21.00.32;2;3;3;1;2374;;19;4;14;11;12;8;23;17;15;8;13;1;
a15EN+K3F~3~1;;;;;;;21.00.32;2;3;3;1;2376;;19;4;14;11;12;8;23;17;15;8;13;1;
a08AN#W4~46~P;s;r;;;;;21.00.47;2;3;3;1;2377;;19;4;14;11;12;8;23;17;15;8;13;1;
*$$&H=;s;;;;;;21.00.47;2;3;3;1;2377;;19;4;14;11;12;8;23;17;15;8;13;1;
ap03:05;;;;;;;21.00.51;2;3;3;1;2380;;19;4;14;11;12;8;23;17;15;8;13;1;
az2;;;;;;;21.00.51;2;3;2;1;2393;;19;4;14;11;12;8;17;15;8;13;1;23;
a17SH-~~~59;;;;;;;21.00.58;2;3;2;1;2399;;19;4;14;11;12;8;17;15;8;13;1;23;
*19RH#~~~59;;;;;;;21.00.58;2;3;2;1;2399;;19;4;14;11;12;8;17;15;8;13;1;23;
*14EU+K7C~3;;;;;;;21.00.58;2;3;2;1;2401;;19;4;14;11;12;8;17;15;8;13;1;23;
*04AU#P7~37~H;s;r;;;;;21.01.03;2;3;2;1;2402;;19;4;14;11;12;8;17;15;8;13;1;23;
a$$&H=;s;;;;;;21.01.03;2;3;2;1;2402;;19;4;14;11;12;8;17;15;8;13;1;23;
*p04:05;;;;;;;21.01.06;2;3;2;1;2405;;19;4;14;11;12;8;17;15;8;13;1;23;
*z2;;;;;;;21.01.06;2;2;2;1;2408;;4;14;11;12;8;19;17;15;8;13;1;23;
*04SQ+~~~56;;;;;;;21.01.23;2;2;2;1;2425;;4;14;11;12;8;19;17;15;8;13;1;23;
a23RQ-~~~56;;;;;;;21.01.23;2;2;2;1;2425;;4;14;11;12;8;19;17;15;8;13;1;23;
a15EN+KEB~8;;;;;;;21.01.23;2;2;2;1;2427;;4;14;11;12;8;19;17;15;8;13;1;23;
a01AN+W9~97~T;;r;;;;;21.01.30;2;2;2;1;2428;;4;14;11;12;8;19;17;15;8;13;1;23;
*04DN!~~~97;;;;;;;21.01.30;2;2;2;1;2428;;4;14;11;12;8;19;17;15;8;13;1;23;
*14EH+~~F;;;;;;;21.01.30;2;2;2;1;2431;;4;14;11;12;8;19;17;15;8;13;1;23;
*11AH+I4~45~H;;p;;;;;21.01.40;2;2;2;1;2432;;4;14;11;12;8;19;17;15;8;13;1;23;
a07DH-~~~45;;;;;;;21.01.40;2;2;2;1;2432;;4;14;11;12;8;19;17;15;8;13;1;23;
a08EH+~~B;;;;;;;21.01.40;2;2;2;1;2435;;4;14;11;12;8;19;17;15;8;13;1;23;
a01AH#I9~91~H;s;s;;;;;21.01.46;2;2;2;1;2436;;4;14;11;12;8;19;17;15;8;13;1;23;
*12BH/~~~~4;s;;;;;;21.01.46;2;2;2;1;2436;;4;14;11;12;8;19;17;15;8;13;1;23;
ap04:06;;;;;;;21.01.52;2;2;2;1;2439;;4;14;11;12;8;19;17;15;8;13;1;23;
az1;;;;;;;21.01.52;2;2;1;1;2454;;4;14;11;12;8;19;15;8;13;1;23;17;
a15SQ-~~~66;;;;;;;21.02.14;2;2;1;1;2475;;4;14;11;12;8;19;15;8;13;1;23;17;
*19RQ#~~~66;;;;;;;21.02.14;2;2;1;1;2475;;4;14;11;12;8;19;15;8;13;1;23;17;
*14EN+K7B~3;;;;;;;21.02.14;2;2;1;1;2477;;4;14;11;12;8;19;15;8;13;1;23;17;
*08AN#W9~91~H;s;r;;;;;21.02.23;2;2;1;1;2478;;4;14;11;12;8;19;15;8;13;1;23;17;
a$$&H=;s;;;;;;21.02.23;2;2;1;1;2478;;4;14;11;12;8;19;15;8;13;1;23;17;
*p05:06;;;;;;;21.02.29;2;2;1;1;2481;;4;14;11;12;8;19;15;8;13;1;23;17;
*z1;;;;;;;21.02.29;2;1;1;1;2491;;14;11;12;8;19;4;15;8;13;1;23;17;
*14SH!~~~11;;;;;;;21.02.36;2;1;1;1;2497;;14;11;12;8;19;4;15;8;13;1;23;17;
a08RH!~~~11;;;;;;;21.02.36;2;1;1;1;2497;;14;11;12;8;19;4;15;8;13;1;23;17;
a15EU+K3C~2;;;;;;;21.02.36;2;1;1;1;2499;;14;11;12;8;19;4;15;8;13;1;23;17;
a13AU#P7~35~H;s;r;;;;;21.02.41;2;1;1;1;2500;;14;11;12;8;19;4;15;8;13;1;23;17;
*$$&H=;s;;;;;;21.02.41;2;1;1;1;2500;;14;11;12;8;19;4;15;8;13;1;23;17;
ap05:07;;;;;;;21.02.48;2;1;1;1;2503;;14;11;12;8;19;4;15;8;13;1;23;17;
az6;;;;;;;21.02.48;2;1;6;1;2510;;14;11;12;8;19;4;8;13;1;23;17;15;
a08SQ+~~~15;;;;;;;21.02.55;2;1;6;1;2517;;14;11;12;8;19;4;8;13;1;23;17;15;
*19RQ-~~~15;;;;;;;21.02.55;2;1;6;1;2517;;14;11;12;8;19;4;8;13;1;23;17;15;
*14EH+KEF~6;;;;;;;21.02.55;2;1;6;1;2519;;14;11;12;8;19;4;8;13;1;23;17;15;
*08AH#I4~46~H;s;r;;;;;21.03.04;2;1;6;1;2520;;14;11;12;8;19;4;8;13;1;23;17;15;
a13BH/~~~~2;s;;;;;;21.03.04;2;1;6;1;2520;;14;11;12;8;19;4;8;13;1;23;17;15;
*p06:07;;;;;;;21.03.11;2;1;6;1;2523;;14;11;12;8;19;4;8;13;1;23;17;15;
*z6;;;;;;;21.03.11;2;6;6;1;2533;;11;12;8;19;4;14;8;13;1;23;17;15;
*11SQ!~~~11;;;;;;;21.03.19;2;6;6;1;2541;;11;12;8;19;4;14;8;13;1;23;17;15;
a08RQ!~~~11;;;;;;;21.03.19;2;6;6;1;2541;;11;12;8;19;4;14;8;13;1;23;17;15;
a15EN+K3B~2;;;;;;;21.03.19;2;6;6;1;2543;;11;12;8;19;4;14;8;13;1;23;17;15;
a01AN-W2~21~H;;r;;;;;21.03.24;2;6;6;1;2544;;11;12;8;19;4;14;8;13;1;23;17;15;
*12BN+~~~~4;;;;;;;21.03.24;2;6;6;1;2544;;11;12;8;19;4;14;8;13;1;23;17;15;
*14DH-~~~~1;;;;;;;21.03.27;2;6;6;1;2544;;11;12;8;19;4;14;8;13;1;23;17;15;
*03EH+~~B;;;;;;;21.03.27;2;6;6;1;2547;;11;12;8;19;4;14;8;13;1;23;17;15;
*08AH#I2~26~H;p;p;;;;;21.03.37;2;6;6;1;2548;;11;12;8;19;4;14;8;13;1;23;17;15;
a13BH/~~~~4;p;;;;;;21.03.37;2;6;6;1;2548;;11;12;8;19;4;14;8;13;1;23;17;15;
*p07:07;;;;;;;21.03.47;2;6;6;1;2551;;11;12;8;19;4;14;8;13;1;23;17;15;
*11SQ-~~~19;;;;;;;21.04.00;2;6;6;1;2582;;11;12;8;19;4;14;8;13;1;23;17;15;
a08RQ#~~~19;;;;;;;21.04.00;2;6;6;1;2582;;11;12;8;19;4;14;8;13;1;23;17;15;
a15EU+K3C~3;;;;;;;21.04.00;2;6;6;1;2584;;11;12;8;19;4;14;8;13;1;23;17;15;
a13AU#P3~31~H;s;r;;;;;21.04.07;2;6;6;1;2585;;11;12;8;19;4;14;8;13;1;23;17;15;
*11DU/~~~31;;;;;;;21.04.07;2;6;6;1;2585;;11;12;8;19;4;14;8;13;1;23;17;15;
*$$&H=;s;;;;;;21.04.07;2;6;6;1;2585;;11;12;8;19;4;14;8;13;1;23;17;15;
ap07:08;;;;;;;21.04.14;2;6;6;1;2588;;11;12;8;19;4;14;8;13;1;23;17;15;
az5;;;;;;;21.04.14;2;6;5;1;2596;;11;12;8;19;4;14;13;1;23;17;15;8;
a13SQ!~~~16;;;;;;;21.04.22;2;6;5;1;2604;;11;12;8;19;4;14;13;1;23;17;15;8;
*03RQ!~~~16;;;;;;;21.04.22;2;6;5;1;2604;;11;12;8;19;4;14;13;1;23;17;15;8;
*14EH=K7C~2;p;;;;;;21.04.30;2;6;5;1;2604;;11;12;8;19;4;14;13;1;23;17;15;8;
a$$&H#;p;;;;;;21.04.30;2;6;5;1;2604;;11;12;8;19;4;14;13;1;23;17;15;8;
ap07:09;;;;;;;21.04.42;2;6;5;1;2607;;11;12;8;19;4;14;13;1;23;17;15;8;
a13SQ=~~~16;s;;;;;;21.04.56;2;6;5;1;2638;;11;12;8;19;4;14;13;1;23;17;15;8;
*$$&H#;s;;;;;;21.04.56;2;6;5;1;2638;;11;12;8;19;4;14;13;1;23;17;15;8;
*p08:09;;;;;;;21.05.12;2;6;5;1;2654;;11;12;8;19;4;14;13;1;23;17;15;8;
*z5;;;;;;;21.05.12;2;5;5;1;2654;;12;8;19;4;14;11;13;1;23;17;15;8;
*12SQ/~~~11;;;;;;;21.05.15;2;5;5;1;2657;;12;8;19;4;14;11;13;1;23;17;15;8;
a07RQ/~~~11;;;;;;;21.05.15;2;5;5;1;2657;;12;8;19;4;14;11;13;1;23;17;15;8;
a01EH=;p;;;;;;21.05.25;2;5;5;1;2657;;12;8;19;4;14;11;13;1;23;17;15;8;
*$$&H#;p;;;;;;21.05.25;2;5;5;1;2657;;12;8;19;4;14;11;13;1;23;17;15;8;
*p09:09;;;;;;;21.05.27;2;5;5;1;2660;;12;8;19;4;14;11;13;1;23;17;15;8;
*12SQ-~~~11;;;;;;;21.05.46;2;5;5;1;2688;;12;8;19;4;14;11;13;1;23;17;15;8;
a07RQ+~~~11;;;;;;;21.05.46;2;5;5;1;2688;;12;8;19;4;14;11;13;1;23;17;15;8;
a15EN+K7B~3;;;;;;;21.05.46;2;5;5;1;2690;;12;8;19;4;14;11;13;1;23;17;15;8;
a01AN=W2~21~H;p;r;;;;;21.05.54;2;5;5;1;2691;;12;8;19;4;14;11;13;1;23;17;15;8;
*$$&H#;p;;;;;;21.05.54;2;5;5;1;2691;;12;8;19;4;14;11;13;1;23;17;15;8;
*p10:09;;;;;;;21.06.05;2;5;5;1;2694;;12;8;19;4;14;11;13;1;23;17;15;8;
*12SQ-~~~16;;;;;;;21.06.54;2;5;5;1;2756;;12;8;19;4;14;11;13;1;23;17;15;8;
a08RQ#~~~16;;;;;;;21.06.54;2;5;5;1;2756;;12;8;19;4;14;11;13;1;23;17;15;8;
a15EN+K7F~2;;;;;;;21.06.54;2;5;5;1;2758;;12;8;19;4;14;11;13;1;23;17;15;8;
a23AN#W4~47~H;s;r;;;;;21.07.02;2;5;5;1;2759;;12;8;19;4;14;11;13;1;23;17;15;8;
*08BN/~~~~2;s;;;;;;21.07.02;2;5;5;1;2759;;12;8;19;4;14;11;13;1;23;17;15;8;
ap10:10;;;;;;;21.07.08;2;5;5;1;2762;;12;8;19;4;14;11;13;1;23;17;15;8;
az4;;;;;;;21.07.08;2;5;4;1;2770;;12;8;19;4;14;11;1;23;17;15;8;13;
a01SQ=~~~15~~~N;s;;;;;;21.07.16;2;5;4;1;2778;;12;8;19;4;14;11;1;23;17;15;8;13;
*$$&H#;s;;;;;;21.07.16;2;5;4;1;2778;;12;8;19;4;14;11;1;23;17;15;8;13;
*p11:10;;;;;;;21.07.19;2;5;4;1;2781;;12;8;19;4;14;11;1;23;17;15;8;13;
*z4;;;;;;;21.07.19;2;4;4;1;2781;;8;19;4;14;11;12;1;23;17;15;8;13;
*08SQ-~~~59;;;;;;;21.07.35;2;4;4;1;2797;;8;19;4;14;11;12;1;23;17;15;8;13;
a07RQ#~~~59;;;;;;;21.07.35;2;4;4;1;2797;;8;19;4;14;11;12;1;23;17;15;8;13;
a15EN+K7F~3;;;;;;;21.07.35;2;4;4;1;2799;;8;19;4;14;11;12;1;23;17;15;8;13;
a23AN#W4~45~H;s;r;;;;;21.07.42;2;4;4;1;2800;;8;19;4;14;11;12;1;23;17;15;8;13;
*$$&H=;s;;;;;;21.07.42;2;4;4;1;2800;;8;19;4;14;11;12;1;23;17;15;8;13;
ap11:11;;;;;;;21.07.49;2;4;4;1;2803;;8;19;4;14;11;12;1;23;17;15;8;13;
az3;;;;;;;21.07.49;2;4;3;1;2811;;8;19;4;14;11;12;23;17;15;8;13;1;
a23SQ!~~~15;;;;;;;21.07.57;2;4;3;1;2819;;8;19;4;14;11;12;23;17;15;8;13;1;
*19RQ!~~~15;;;;;;;21.07.57;2;4;3;1;2819;;8;19;4;14;11;12;23;17;15;8;13;1;
*14EN+K7F~3;;;;;;;21.07.57;2;4;3;1;2821;;8;19;4;14;11;12;23;17;15;8;13;1;
*19AN#W4~45~H;s;r;;;;;21.08.03;2;4;3;1;2822;;8;19;4;14;11;12;23;17;15;8;13;1;
a15BN/~~~~2;s;;;;;;21.08.03;2;4;3;1;2822;;8;19;4;14;11;12;23;17;15;8;13;1;
*p12:11;;;;;;;21.08.15;2;4;3;1;2825;;8;19;4;14;11;12;23;17;15;8;13;1;
*z3;;;;;;;21.08.15;2;3;3;1;2837;;19;4;14;11;12;8;23;17;15;8;13;1;
*19SQ#~~~16B;p;;;;;;21.09.26;2;3;3;1;2908;;19;4;14;11;12;8;23;17;15;8;13;1;
a07RQ=~~~16B;p;;;;;;21.09.26;2;3;3;1;2908;;19;4;14;11;12;8;23;17;15;8;13;1;
*p13:11;;;;;;;21.09.32;2;3;3;1;2911;;19;4;14;11;12;8;23;17;15;8;13;1;
*19SQ/~~~11;;;;;;;21.09.51;2;3;3;1;2933;;19;4;14;11;12;8;23;17;15;8;13;1;
a23RQ/~~~11;;;;;;;21.09.51;2;3;3;1;2933;;19;4;14;11;12;8;23;17;15;8;13;1;
*03FH#;;;;;;;21.10.00;2;3;3;1;2935;;19;4;14;11;12;8;23;17;15;8;13;1;
*14EN+~~F;;;;;;;21.10.00;2;3;3;1;2938;;19;4;14;11;12;8;23;17;15;8;13;1;
*11AN+W4~46~H;;p;;;;;21.10.04;2;3;3;1;2939;;19;4;14;11;12;8;23;17;15;8;13;1;
a23DN-~~~46;;;;;;;21.10.04;2;3;3;1;2939;;19;4;14;11;12;8;23;17;15;8;13;1;
*03FH#;;;;;;;21.10.10;2;3;3;1;2943;;19;4;14;11;12;8;23;17;15;8;13;1;
*14EN+~~F;;;;;;;21.10.10;2;3;3;1;2946;;19;4;14;11;12;8;23;17;15;8;13;1;
*11AN#W4~46~H;p;p;;;;;21.10.11;2;3;3;1;2947;;19;4;14;11;12;8;23;17;15;8;13;1;
a$$&H=;p;;;;;;21.10.11;2;3;3;1;2947;;19;4;14;11;12;8;23;17;15;8;13;1;
*p14:11;;;;;;;21.10.14;2;3;3;1;2950;;19;4;14;11;12;8;23;17;15;8;13;1;
aT;;;;;;;21.10.14;2;3;3;1;2956;;19;4;14;11;12;8;23;17;15;8;13;1;
*19SQ=~~~16D;s;;;;;;21.11.16;2;3;3;1;3018;;19;4;14;11;12;8;23;17;15;8;13;1;
a$$&H#;s;;;;;;21.11.16;2;3;3;1;3018;;19;4;14;11;12;8;23;17;15;8;13;1;
ap14:12;;;;;;;21.11.25;2;3;3;1;3027;;19;4;14;11;12;8;23;17;15;8;13;1;
az2;;;;;;;21.11.25;2;3;2;1;3027;;19;4;14;11;12;8;17;15;8;13;1;23;
a17SH+~~~57;;;;;;;21.11.34;2;3;2;1;3036;;19;4;14;11;12;8;17;15;8;13;1;23;
*11RH-~~~57;;;;;;;21.11.34;2;3;2;1;3036;;19;4;14;11;12;8;17;15;8;13;1;23;
*14EN+K7B~2;;;;;;;21.11.34;2;3;2;1;3038;;19;4;14;11;12;8;17;15;8;13;1;23;
*08AN#W9~91~H;s;r;;;;;21.11.40;2;3;2;1;3039;;19;4;14;11;12;8;17;15;8;13;1;23;
a01DN/~~~91;;;;;;;21.11.40;2;3;2;1;3039;;19;4;14;11;12;8;17;15;8;13;1;23;
a$$&H=;s;;;;;;21.11.40;2;3;2;1;3039;;19;4;14;11;12;8;17;15;8;13;1;23;
*p15:12;;;;;;;21.11.47;2;3;2;1;3042;;19;4;14;11;12;8;17;15;8;13;1;23;
*z2;;;;;;;21.11.47;2;2;2;1;3049;;4;14;11;12;8;19;17;15;8;13;1;23;
*04SQ=~~~56D;s;;;;;;21.11.56;2;2;2;1;3058;;4;14;11;12;8;19;17;15;8;13;1;23;
a$$&H#;s;;;;;;21.11.56;2;2;2;1;3058;;4;14;11;12;8;19;17;15;8;13;1;23;
ap15:13;;;;;;;21.12.02;2;2;2;1;3064;;4;14;11;12;8;19;17;15;8;13;1;23;
az1;;;;;;;21.12.02;2;2;1;1;3064;;4;14;11;12;8;19;15;8;13;1;23;17;
a15SQ!~~~16;;;;;;;21.12.14;2;2;1;1;3076;;4;14;11;12;8;19;15;8;13;1;23;17;
*03RQ!~~~16;;;;;;;21.12.14;2;2;1;1;3076;;4;14;11;12;8;19;15;8;13;1;23;17;
*14EN+KEF~8;;;;;;;21.12.14;2;2;1;1;3078;;4;14;11;12;8;19;15;8;13;1;23;17;
*11AN-W4~43~T;;r;;;;;21.12.26;2;2;1;1;3079;;4;14;11;12;8;19;15;8;13;1;23;17;
a13BN+~~~~2;;;;;;;21.12.26;2;2;1;1;3079;;4;14;11;12;8;19;15;8;13;1;23;17;
a15EH+~~F;;;;;;;21.12.26;2;2;1;1;3082;;4;14;11;12;8;19;15;8;13;1;23;17;
a08AH#Y4~45~H;p;p;;;;;21.12.32;2;2;1;1;3083;;4;14;11;12;8;19;15;8;13;1;23;17;
*$$&H=;p;;;;;;21.12.32;2;2;1;1;3083;;4;14;11;12;8;19;15;8;13;1;23;17;
ap15:14;;;;;;;21.12.34;2;2;1;1;3086;;4;14;11;12;8;19;15;8;13;1;23;17;
a15SQ=~~~15D;s;;;;;;21.12.41;2;2;1;1;3103;;4;14;11;12;8;19;15;8;13;1;23;17;
*$$&H#;s;;;;;;21.12.41;2;2;1;1;3103;;4;14;11;12;8;19;15;8;13;1;23;17;
*p16:14;;;;;;;21.12.45;2;2;1;1;3107;;4;14;11;12;8;19;15;8;13;1;23;17;
*z1;;;;;;;21.12.46;2;1;1;1;3108;;14;11;12;8;19;4;15;8;13;1;23;17;
*14SH-~~~15;;;;;;;21.13.01;2;1;1;1;3123;;14;11;12;8;19;4;15;8;13;1;23;17;
a23RH+~~~15;;;;;;;21.13.01;2;1;1;1;3123;;14;11;12;8;19;4;15;8;13;1;23;17;
a15EN+K3B~3;;;;;;;21.13.01;2;1;1;1;3125;;14;11;12;8;19;4;15;8;13;1;23;17;
a08AN#W2~26~H;s;r;;;;;21.13.07;2;1;1;1;3126;;14;11;12;8;19;4;15;8;13;1;23;17;
*11BN/~~~~4;s;;;;;;21.13.07;2;1;1;1;3126;;14;11;12;8;19;4;15;8;13;1;23;17;
ap16:15;;;;;;;21.13.15;2;1;1;1;3129;;14;11;12;8;19;4;15;8;13;1;23;17;
az6;;;;;;;21.13.15;2;1;6;1;3137;;14;11;12;8;19;4;8;13;1;23;17;15;
a08SQ!~~~15;;;;;;;21.13.21;2;1;6;1;3143;;14;11;12;8;19;4;8;13;1;23;17;15;
*19RQ!~~~15;;;;;;;21.13.21;2;1;6;1;3143;;14;11;12;8;19;4;8;13;1;23;17;15;
*14EN+K7B~3;;;;;;;21.13.21;2;1;6;1;3145;;14;11;12;8;19;4;8;13;1;23;17;15;
*11AN#W2~21~H;s;r;;;;;21.13.28;2;1;6;1;3146;;14;11;12;8;19;4;8;13;1;23;17;15;
a13BN/~~~~4;s;;;;;;21.13.28;2;1;6;1;3146;;14;11;12;8;19;4;8;13;1;23;17;15;
*p17:15;;;;;;;21.13.38;2;1;6;1;3149;;14;11;12;8;19;4;8;13;1;23;17;15;
*z6;;;;;;;21.13.38;2;6;6;1;3160;;11;12;8;19;4;14;8;13;1;23;17;15;
*11SQ!~~~16B;;;;;;;21.13.45;2;6;6;1;3167;;11;12;8;19;4;14;8;13;1;23;17;15;
a07RQ!~~~16B;;;;;;;21.13.45;2;6;6;1;3167;;11;12;8;19;4;14;8;13;1;23;17;15;
a15EN+K3F~2;;;;;;;21.13.45;2;6;6;1;3169;;11;12;8;19;4;14;8;13;1;23;17;15;
a23AN+W4~41~H;;r;;;;;21.13.52;2;6;6;1;3170;;11;12;8;19;4;14;8;13;1;23;17;15;
*14DN-~~~41;;;;;;;21.13.52;2;6;6;1;3170;;11;12;8;19;4;14;8;13;1;23;17;15;
a07FH#;;;;;;;21.14.00;2;6;6;1;3174;;11;12;8;19;4;14;8;13;1;23;17;15;
a15EN+~~B;;;;;;;21.14.00;2;6;6;1;3177;;11;12;8;19;4;14;8;13;1;23;17;15;
a01AN#W2~29~H;s;s;;;;;21.14.04;2;6;6;1;3178;;11;12;8;19;4;14;8;13;1;23;17;15;
*14DN/~~~29;;;;;;;21.14.04;2;6;6;1;3178;;11;12;8;19;4;14;8;13;1;23;17;15;
*$$&H=;s;;;;;;21.14.04;2;6;6;1;3178;;11;12;8;19;4;14;8;13;1;23;17;15;
ap17:16;;;;;;;21.14.10;2;6;6;1;3181;;11;12;8;19;4;14;8;13;1;23;17;15;
az5;;;;;;;21.14.10;2;6;5;1;3192;;11;12;8;19;4;14;13;1;23;17;15;8;
a13SQ!~~~17;;;;;;;21.14.31;2;6;5;1;3210;;11;12;8;19;4;14;13;1;23;17;15;8;
*19RQ!~~~17;;;;;;;21.14.31;2;6;5;1;3210;;11;12;8;19;4;14;13;1;23;17;15;8;
*14EU+K3C~2;;;;;;;21.14.31;2;6;5;1;3212;;11;12;8;19;4;14;13;1;23;17;15;8;
*12AU#P3~36~H;s;r;;;;;21.14.37;2;6;5;1;3213;;11;12;8;19;4;14;13;1;23;17;15;8;
a$$&H=;s;;;;;;21.14.37;2;6;5;1;3213;;11;12;8;19;4;14;13;1;23;17;15;8;
*p18:16;;;;;;;21.14.43;2;6;5;1;3216;;11;12;8;19;4;14;13;1;23;17;15;8;
*z5;;;;;;;21.14.43;2;5;5;1;3225;;12;8;19;4;14;11;13;1;23;17;15;8;
*12SQ!~~~16B;;;;;;;21.14.56;2;5;5;1;3238;;12;8;19;4;14;11;13;1;23;17;15;8;
a07RQ!~~~16B;;;;;;;21.14.56;2;5;5;1;3238;;12;8;19;4;14;11;13;1;23;17;15;8;
a15EN+K7B~3;;;;;;;21.14.56;2;5;5;1;3240;;12;8;19;4;14;11;13;1;23;17;15;8;
a01AN#W2~25DH;s;r;;;;;21.15.04;2;5;5;1;3241;;12;8;19;4;14;11;13;1;23;17;15;8;
*19BN/~~~~4;s;;;;;;21.15.04;2;5;5;1;3241;;12;8;19;4;14;11;13;1;23;17;15;8;
ap18:17;;;;;;;21.15.12;2;5;5;1;3244;;12;8;19;4;14;11;13;1;23;17;15;8;
az4;;;;;;;21.15.12;2;5;4;1;3254;;12;8;19;4;14;11;1;23;17;15;8;13;
a01SQ#~~~15D;p;;;;;;21.15.27;2;5;4;1;3269;;12;8;19;4;14;11;1;23;17;15;8;13;
*19RQ=~~~15D;p;;;;;;21.15.27;2;5;4;1;3269;;12;8;19;4;14;11;1;23;17;15;8;13;
ap18:18;;;;;;;21.15.32;2;5;4;1;3272;;12;8;19;4;14;11;1;23;17;15;8;13;
a01SQ=~~~16B~~N;s;;;;;;21.15.58;2;5;4;1;3300;;12;8;19;4;14;11;1;23;17;15;8;13;
*$$&H#;s;;;;;;21.15.58;2;5;4;1;3300;;12;8;19;4;14;11;1;23;17;15;8;13;
*p19:18;;;;;;;21.16.03;2;5;4;1;3305;;12;8;19;4;14;11;1;23;17;15;8;13;
*z4;;;;;;;21.16.03;2;4;4;1;3305;;8;19;4;14;11;12;1;23;17;15;8;13;
*08SH+~~~58;;;;;;;21.16.16;2;4;4;1;3318;;8;19;4;14;11;12;1;23;17;15;8;13;
a08RH-~~~58;;;;;;;21.16.16;2;4;4;1;3318;;8;19;4;14;11;12;1;23;17;15;8;13;
a15EN+KMB~1;;;;;;;21.16.16;2;4;4;1;3320;;8;19;4;14;11;12;1;23;17;15;8;13;
a01AN/W9~91~H;p;r;;;;;21.16.25;2;4;4;1;3321;;8;19;4;14;11;12;1;23;17;15;8;13;
*04BN#~~~~4;p;;;;;;21.16.25;2;4;4;1;3321;;8;19;4;14;11;12;1;23;17;15;8;13;
*p20:18;;;;;;;21.16.48;2;4;4;1;3324;;8;19;4;14;11;12;1;23;17;15;8;13;
*08SQ=~~~11B;s;;;;;;21.17.40;2;4;4;1;3432;;8;19;4;14;11;12;1;23;17;15;8;13;
a$$&H#;s;;;;;;21.17.40;2;4;4;1;3432;;8;19;4;14;11;12;1;23;17;15;8;13;
ap20:19;;;;;;;21.18.33;2;4;4;1;3485;;8;19;4;14;11;12;1;23;17;15;8;13;
az3;;;;;;;21.18.55;2;4;3;1;3477;;8;19;4;14;11;12;23;17;15;8;13;1;
a23SQ=~~~11B;s;;;;;;21.19.03;2;4;3;1;3485;;8;19;4;14;11;12;23;17;15;8;13;1;
*$$&H#;s;;;;;;21.19.03;2;4;3;1;3485;;8;19;4;14;11;12;23;17;15;8;13;1;
*p21:19;;;;;;;21.19.10;2;4;3;1;3492;;8;19;4;14;11;12;23;17;15;8;13;1;
*z3;;;;;;;21.19.10;2;3;3;1;3492;;19;4;14;11;12;8;23;17;15;8;13;1;
ac23:04;;;;;;;21.19.10;2;3;3;1;3492;;19;4;14;11;12;8;4;17;15;8;13;1;
*19SQ-~~~16B;;;;;;;21.19.24;2;3;3;1;3506;;19;4;14;11;12;8;4;17;15;8;13;1;
a07RQ#~~~16B;;;;;;;21.19.24;2;3;3;1;3506;;19;4;14;11;12;8;4;17;15;8;13;1;
a15EN+K3F~2;;;;;;;21.19.24;2;3;3;1;3508;;19;4;14;11;12;8;4;17;15;8;13;1;
a08AN#W4~41~H;s;r;;;;;21.19.32;2;3;3;1;3509;;19;4;14;11;12;8;4;17;15;8;13;1;
*08DN/~~~41;;;;;;;21.19.32;2;3;3;1;3509;;19;4;14;11;12;8;4;17;15;8;13;1;
*$$&H=;s;;;;;;21.19.32;2;3;3;1;3509;;19;4;14;11;12;8;4;17;15;8;13;1;
ap21:20;;;;;;;21.19.41;2;3;3;1;3512;;19;4;14;11;12;8;4;17;15;8;13;1;
az2;;;;;;;21.19.41;2;3;2;1;3523;;19;4;14;11;12;8;17;15;8;13;1;4;
a17SH-~~~~5;;;;;;;21.19.55;2;3;2;1;3529;;19;4;14;11;12;8;17;15;8;13;1;4;
*11RH+~~~~5;;;;;;;21.19.55;2;3;2;1;3529;;19;4;14;11;12;8;17;15;8;13;1;4;
*14EH+K7B~2;;;;;;;21.19.55;2;3;2;1;3531;;19;4;14;11;12;8;17;15;8;13;1;4;
*08AN+W9~91~H;;r;;;;;21.20.02;2;3;2;1;3532;;19;4;14;11;12;8;17;15;8;13;1;4;
*03FH+;;;;;;;21.20.05;2;3;2;1;3536;;19;4;14;11;12;8;17;15;8;13;1;4;
*14EN+~~F;;;;;;;21.20.05;2;3;2;1;3539;;19;4;14;11;12;8;17;15;8;13;1;4;
*11AN-W4~42~T;;s;;;;;21.20.07;2;3;2;1;3540;;19;4;14;11;12;8;17;15;8;13;1;4;
a08FH-;;;;;;;21.20.10;2;3;2;1;3544;;19;4;14;11;12;8;17;15;8;13;1;4;
*14FH#;;;;;;;21.20.12;2;3;2;1;3548;;19;4;14;11;12;8;17;15;8;13;1;4;
*14EN+~~F;;;;;;;21.20.12;2;3;2;1;3551;;19;4;14;11;12;8;17;15;8;13;1;4;
*11AN#W4~41~H;s;s;;;;;21.20.14;2;3;2;1;3552;;19;4;14;11;12;8;17;15;8;13;1;4;
a15BN/~~~~2;s;;;;;;21.20.14;2;3;2;1;3552;;19;4;14;11;12;8;17;15;8;13;1;4;
*p22:20;;;;;;;21.20.18;2;3;2;1;3555;;19;4;14;11;12;8;17;15;8;13;1;4;
*z2;;;;;;;21.20.18;2;2;2;1;3560;;4;14;11;12;8;19;17;15;8;13;1;4;
*04SQ+~~~55;;;;;;;21.20.33;2;2;2;1;3575;;4;14;11;12;8;19;17;15;8;13;1;4;
a08RQ-~~~55;;;;;;;21.20.33;2;2;2;1;3575;;4;14;11;12;8;19;17;15;8;13;1;4;
a07EH+KEF~9;;;;;;;21.20.33;2;2;2;1;3577;;4;14;11;12;8;19;17;15;8;13;1;4;
a08AH+I4~45~H;;r;;;;;21.20.40;2;2;2;1;3578;;4;14;11;12;8;19;17;15;8;13;1;4;
*19DH-~~~45;;;;;;;21.20.40;2;2;2;1;3578;;4;14;11;12;8;19;17;15;8;13;1;4;
*14EH+~~F;;;;;;;21.20.40;2;2;2;1;3581;;4;14;11;12;8;19;17;15;8;13;1;4;
*11AH-I4~42~T;;p;;;;;21.20.46;2;2;2;1;3582;;4;14;11;12;8;19;17;15;8;13;1;4;
a15EN+~~B;;;;;;;21.20.46;2;2;2;1;3585;;4;14;11;12;8;19;17;15;8;13;1;4;
a01AN#W9~96~H;s;s;;;;;21.20.51;2;2;2;1;3586;;4;14;11;12;8;19;17;15;8;13;1;4;
*11BN/~~~~4;s;;;;;;21.20.51;2;2;2;1;3586;;4;14;11;12;8;19;17;15;8;13;1;4;
ap22:21;;;;;;;21.20.56;2;2;2;1;3589;;4;14;11;12;8;19;17;15;8;13;1;4;
az1;;;;;;;21.20.56;2;2;1;1;3598;;4;14;11;12;8;19;15;8;13;1;4;17;
a15SH-~~~17;;;;;;;21.21.06;2;2;1;1;3604;;4;14;11;12;8;19;15;8;13;1;4;17;
*11RH#~~~17;;;;;;;21.21.06;2;2;1;1;3604;;4;14;11;12;8;19;15;8;13;1;4;17;
*14EU+K7C~3;;;;;;;21.21.06;2;2;1;1;3606;;4;14;11;12;8;19;15;8;13;1;4;17;
*12AU#P7~31~H;s;r;;;;;21.21.17;2;2;1;1;3607;;4;14;11;12;8;19;15;8;13;1;4;17;
a13BU/~~~~3;s;;;;;;21.21.17;2;2;1;1;3607;;4;14;11;12;8;19;15;8;13;1;4;17;
*p23:21;;;;;;;21.21.20;2;2;1;1;3610;;4;14;11;12;8;19;15;8;13;1;4;17;
*z1;;;;;;;21.21.20;2;1;1;1;3622;;14;11;12;8;19;4;15;8;13;1;4;17;
*14SQ/~~~19;;;;;;;21.21.27;2;1;1;1;3628;;14;11;12;8;19;4;15;8;13;1;4;17;
a08RQ/~~~19;;;;;;;21.21.27;2;1;1;1;3628;;14;11;12;8;19;4;15;8;13;1;4;17;
*12FH#;;;;;;;21.21.33;2;1;1;1;3630;;14;11;12;8;19;4;15;8;13;1;4;17;
*14EN+~~F;;;;;;;21.21.33;2;1;1;1;3633;;14;11;12;8;19;4;15;8;13;1;4;17;
*11AN=W4~41BP;s;p;;;;;21.21.34;2;1;1;1;3634;;14;11;12;8;19;4;15;8;13;1;4;17;
a$$&H#;s;;;;;;21.21.34;2;1;1;1;3634;;14;11;12;8;19;4;15;8;13;1;4;17;
ap23:22;;;;;;;21.21.48;2;1;1;1;3637;;14;11;12;8;19;4;15;8;13;1;4;17;
az6;;;;;;;21.22.02;2;1;6;1;3664;;14;11;12;8;19;4;8;13;1;4;17;15;
ac04:23;;;;;;;21.22.02;2;1;6;1;3664;;14;11;12;8;19;4;8;13;1;23;17;15;
a08SQ=~~~15D~~N;s;;;;;;21.22.58;2;1;6;1;3720;;14;11;12;8;19;4;8;13;1;23;17;15;
*$$&H#;s;;;;;;21.22.58;2;1;6;1;3720;;14;11;12;8;19;4;8;13;1;23;17;15;
*p24:22;;;;;;;21.23.03;2;1;6;1;3725;;14;11;12;8;19;4;8;13;1;23;17;15;
*z6;;;;;;;21.23.03;2;6;6;1;3725;;11;12;8;19;4;14;8;13;1;23;17;15;
*11SQ#~~~16D;p;;;;;;21.23.16;2;6;6;1;3737;;11;12;8;19;4;14;8;13;1;23;17;15;
a07RQ=~~~16D;p;;;;;;21.23.16;2;6;6;1;3737;;11;12;8;19;4;14;8;13;1;23;17;15;
*p25:22;;;;;;;21.23.28;2;6;6;1;3740;;11;12;8;19;4;14;8;13;1;23;17;15;
**2set;;;;;;;21.23.28;3;6;6;1;3750;;;;;;;;;;;;;;
*P14>LUp;;;;;;;21.23.28;3;6;6;1;3750;;11;12;8;19;4;14;12;1;23;13;15;8;
*z6>LUp;;;;;;;21.23.28;3;6;6;1;3750;;11;12;8;19;4;14;12;1;23;13;15;8;
aP15>LUp;;;;;;;21.23.28;3;6;6;1;3750;;11;12;8;19;4;14;12;1;23;13;15;8;
az5>LUp;;;;;;;21.23.28;3;6;5;1;3750;;11;12;8;19;4;14;12;1;23;13;15;8;
a12SH+~~~57;;;;;;;21.23.28;3;6;5;1;3963;;11;12;8;19;4;14;12;1;23;13;15;8;
*03RH-~~~57;;;;;;;21.23.28;3;6;5;1;3963;;11;12;8;19;4;14;12;1;23;13;15;8;
*14EH+KEF~9;;;;;;;21.23.28;3;6;5;1;3965;;11;12;8;19;4;14;12;1;23;13;15;8;
*19AH#I4~45~H;s;r;;;;;21.23.28;3;6;5;1;3966;;11;12;8;19;4;14;12;1;23;13;15;8;
a13BH/~~~~2;s;;;;;;21.23.28;3;6;5;1;3966;;11;12;8;19;4;14;12;1;23;13;15;8;
*p01:00;;;;;;;21.27.22;3;6;5;1;3969;;11;12;8;19;4;14;12;1;23;13;15;8;
*z5;;;;;;;21.27.22;3;5;5;1;3984;;12;8;19;4;14;11;12;1;23;13;15;8;
*12SQ-~~~11;;;;;;;21.27.26;3;5;5;1;3988;;12;8;19;4;14;11;12;1;23;13;15;8;
a07RQ+~~~11;;;;;;;21.27.26;3;5;5;1;3988;;12;8;19;4;14;11;12;1;23;13;15;8;
a15EU+K1C~3;;;;;;;21.27.26;3;5;5;1;3990;;12;8;19;4;14;11;12;1;23;13;15;8;
a13AU#PP~36BH;s;r;;;;;21.27.33;3;5;5;1;3991;;12;8;19;4;14;11;12;1;23;13;15;8;
*$$&H=;s;;;;;;21.27.33;3;5;5;1;3991;;12;8;19;4;14;11;12;1;23;13;15;8;
ap01:01;;;;;;;21.27.36;3;5;5;1;3994;;12;8;19;4;14;11;12;1;23;13;15;8;
az4;;;;;;;21.27.36;3;5;4;1;3998;;12;8;19;4;14;11;1;23;13;15;8;12;
a01SQ-~~~18;;;;;;;21.27.51;3;5;4;1;4011;;12;8;19;4;14;11;1;23;13;15;8;12;
*11RQ#~~~18;;;;;;;21.27.51;3;5;4;1;4011;;12;8;19;4;14;11;1;23;13;15;8;12;
*14EN+K7B~3;;;;;;;21.27.51;3;5;4;1;4013;;12;8;19;4;14;11;1;23;13;15;8;12;
*08AN#W2~29~H;s;r;;;;;21.27.59;3;5;4;1;4014;;12;8;19;4;14;11;1;23;13;15;8;12;
a23BN/~~~~4;s;;;;;;21.27.59;3;5;4;1;4014;;12;8;19;4;14;11;1;23;13;15;8;12;
*p02:01;;;;;;;21.28.04;3;5;4;1;4017;;12;8;19;4;14;11;1;23;13;15;8;12;
*z4;;;;;;;21.28.04;3;4;4;1;4026;;8;19;4;14;11;12;1;23;13;15;8;12;
*08SQ=~~~11;s;;;;;;21.28.14;3;4;4;1;4036;;8;19;4;14;11;12;1;23;13;15;8;12;
a$$&H#;s;;;;;;21.28.14;3;4;4;1;4036;;8;19;4;14;11;12;1;23;13;15;8;12;
ap02:02;;;;;;;21.28.19;3;4;4;1;4041;;8;19;4;14;11;12;1;23;13;15;8;12;
az3;;;;;;;21.28.19;3;4;3;1;4041;;8;19;4;14;11;12;23;13;15;8;12;1;
a23SQ=~~~11;s;;;;;;21.28.28;3;4;3;1;4050;;8;19;4;14;11;12;23;13;15;8;12;1;
*$$&H#;s;;;;;;21.28.28;3;4;3;1;4050;;8;19;4;14;11;12;23;13;15;8;12;1;
*p03:02;;;;;;;21.28.32;3;4;3;1;4054;;8;19;4;14;11;12;23;13;15;8;12;1;
*z3;;;;;;;21.28.32;3;3;3;1;4054;;19;4;14;11;12;8;23;13;15;8;12;1;
*19SQ-~~~16;;;;;;;21.28.45;3;3;3;1;4067;;19;4;14;11;12;8;23;13;15;8;12;1;
a07RQ#~~~16;;;;;;;21.28.45;3;3;3;1;4067;;19;4;14;11;12;8;23;13;15;8;12;1;
a15EN+K7P~3;;;;;;;21.28.45;3;3;3;1;4069;;19;4;14;11;12;8;23;13;15;8;12;1;
a23AN#W8~81~H;s;r;;;;;21.28.53;3;3;3;1;4070;;19;4;14;11;12;8;23;13;15;8;12;1;
*08DN/~~~81;;;;;;;21.28.53;3;3;3;1;4070;;19;4;14;11;12;8;23;13;15;8;12;1;
*$$&H=;s;;;;;;21.28.53;3;3;3;1;4070;;19;4;14;11;12;8;23;13;15;8;12;1;
ap03:03;;;;;;;21.29.00;3;3;3;1;4073;;19;4;14;11;12;8;23;13;15;8;12;1;
az2;;;;;;;21.29.00;3;3;2;1;4082;;19;4;14;11;12;8;13;15;8;12;1;23;
a13SQ-~~~11;;;;;;;21.29.25;3;3;2;1;4107;;19;4;14;11;12;8;13;15;8;12;1;23;
*19RQ+~~~11;;;;;;;21.29.25;3;3;2;1;4107;;19;4;14;11;12;8;13;15;8;12;1;23;
*14EN+K1B~2;;;;;;;21.29.25;3;3;2;1;4109;;19;4;14;11;12;8;13;15;8;12;1;23;
*08AN+W9~95DH;;r;;;;;21.29.32;3;3;2;1;4110;;19;4;14;11;12;8;13;15;8;12;1;23;
a23DN-~~~95D;;;;;;;21.29.32;3;3;2;1;4110;;19;4;14;11;12;8;13;15;8;12;1;23;
*03FH#;;;;;;;21.29.36;3;3;2;1;4114;;19;4;14;11;12;8;13;15;8;12;1;23;
*14EN+~~F;;;;;;;21.29.36;3;3;2;1;4117;;19;4;14;11;12;8;13;15;8;12;1;23;
*11AN#W4~41BP;s;s;;;;;21.29.39;3;3;2;1;4118;;19;4;14;11;12;8;13;15;8;12;1;23;
a01DN/~~~41B;;;;;;;21.29.39;3;3;2;1;4118;;19;4;14;11;12;8;13;15;8;12;1;23;
a$$&H=;s;;;;;;21.29.39;3;3;2;1;4118;;19;4;14;11;12;8;13;15;8;12;1;23;
*p04:03;;;;;;;21.29.53;3;3;2;1;4121;;19;4;14;11;12;8;13;15;8;12;1;23;
*z2;;;;;;;21.29.53;3;2;2;1;4135;;4;14;11;12;8;19;13;15;8;12;1;23;
*04SQ=~~~57~~~N;s;;;;;;21.30.18;3;2;2;1;4160;;4;14;11;12;8;19;13;15;8;12;1;23;
a$$&H#;s;;;;;;21.30.18;3;2;2;1;4160;;4;14;11;12;8;19;13;15;8;12;1;23;
ap04:04;;;;;;;21.30.22;3;2;2;1;4164;;4;14;11;12;8;19;13;15;8;12;1;23;
az1;;;;;;;21.30.22;3;2;1;1;4164;;4;14;11;12;8;19;15;8;12;1;23;13;
a15SQ=~~~65D~~N;s;;;;;;21.30.34;3;2;1;1;4176;;4;14;11;12;8;19;15;8;12;1;23;13;
*$$&H#;s;;;;;;21.30.34;3;2;1;1;4176;;4;14;11;12;8;19;15;8;12;1;23;13;
*p05:04;;;;;;;21.30.38;3;2;1;1;4180;;4;14;11;12;8;19;15;8;12;1;23;13;
*z1;;;;;;;21.30.38;3;1;1;1;4180;;14;11;12;8;19;4;15;8;12;1;23;13;
*14SQ-~~~11;;;;;;;21.30.53;3;1;1;1;4195;;14;11;12;8;19;4;15;8;12;1;23;13;
a08RQ+~~~11;;;;;;;21.30.53;3;1;1;1;4195;;14;11;12;8;19;4;15;8;12;1;23;13;
a15EU+K1C~3;;;;;;;21.30.53;3;1;1;1;4197;;14;11;12;8;19;4;15;8;12;1;23;13;
a12AU-PP~36~H;;r;;;;;21.30.59;3;1;1;1;4198;;14;11;12;8;19;4;15;8;12;1;23;13;
*11BU+~~~~3;;;;;;;21.30.59;3;1;1;1;4198;;14;11;12;8;19;4;15;8;12;1;23;13;
*19DH#~~~~6;;;;;;;21.31.09;3;1;1;1;4198;;14;11;12;8;19;4;15;8;12;1;23;13;
*14EN+~~B;;;;;;;21.31.09;3;1;1;1;4201;;14;11;12;8;19;4;15;8;12;1;23;13;
*08AN#W2~28~H;p;p;;;;;21.31.11;3;1;1;1;4202;;14;11;12;8;19;4;15;8;12;1;23;13;
a$$&H=;p;;;;;;21.31.11;3;1;1;1;4202;;14;11;12;8;19;4;15;8;12;1;23;13;
*p06:04;;;;;;;21.31.14;3;1;1;1;4205;;14;11;12;8;19;4;15;8;12;1;23;13;
*14SQ-~~~11;;;;;;;21.31.20;3;1;1;1;4222;;14;11;12;8;19;4;15;8;12;1;23;13;
a08RQ#~~~11;;;;;;;21.31.20;3;1;1;1;4222;;14;11;12;8;19;4;15;8;12;1;23;13;
a15EN+K1F~3;;;;;;;21.31.20;3;1;1;1;4224;;14;11;12;8;19;4;15;8;12;1;23;13;
a01AN#W4~4~~H;s;r;;;;;21.31.26;3;1;1;1;4225;;14;11;12;8;19;4;15;8;12;1;23;13;
*04DN/~~~~4;;;;;;;21.31.26;3;1;1;1;4225;;14;11;12;8;19;4;15;8;12;1;23;13;
*$$&H=;s;;;;;;21.31.26;3;1;1;1;4225;;14;11;12;8;19;4;15;8;12;1;23;13;
ap06:05;;;;;;;21.31.36;3;1;1;1;4228;;14;11;12;8;19;4;15;8;12;1;23;13;
az6;;;;;;;21.31.36;3;1;6;1;4238;;14;11;12;8;19;4;8;12;1;23;13;15;
a08SQ!~~~15;;;;;;;21.31.41;3;1;6;1;4243;;14;11;12;8;19;4;8;12;1;23;13;15;
*19RQ!~~~15;;;;;;;21.31.41;3;1;6;1;4243;;14;11;12;8;19;4;8;12;1;23;13;15;
*14EH+K1F~1;;;;;;;21.31.41;3;1;6;1;4245;;14;11;12;8;19;4;8;12;1;23;13;15;
*08AH=I4~49~T;p;r;;;;;21.31.48;3;1;6;1;4246;;14;11;12;8;19;4;8;12;1;23;13;15;
a15EH+;;;;;;;21.31.48;3;1;6;1;4249;;14;11;12;8;19;4;8;12;1;23;13;15;
a23AH/I4~46~H;s;s;;;;;21.31.52;3;1;6;1;4250;;14;11;12;8;19;4;8;12;1;23;13;15;
*12BH#~~~~2;;;;;;;21.31.52;3;1;6;1;4250;;14;11;12;8;19;4;8;12;1;23;13;15;
*p07:05;;;;;;;21.31.56;3;1;6;1;4253;;14;11;12;8;19;4;8;12;1;23;13;15;
*z6;;;;;;;21.31.56;3;6;6;1;4258;;11;12;8;19;4;14;8;12;1;23;13;15;
*11SQ+~~~66;;;;;;;21.32.29;3;6;6;1;4291;;11;12;8;19;4;14;8;12;1;23;13;15;
a07RQ-~~~66;;;;;;;21.32.29;3;6;6;1;4291;;11;12;8;19;4;14;8;12;1;23;13;15;
a15EN+KEF~8;;;;;;;21.32.44;3;6;6;1;4293;;11;12;8;19;4;14;8;12;1;23;13;15;
a23AN#W4~41~H;s;r;;;;;21.32.37;3;6;6;1;4294;;11;12;8;19;4;14;8;12;1;23;13;15;
*$$&H=;s;;;;;;21.32.37;3;6;6;1;4294;;11;12;8;19;4;14;8;12;1;23;13;15;
ap07:06;;;;;;;21.32.44;3;6;6;1;4297;;11;12;8;19;4;14;8;12;1;23;13;15;
az5;;;;;;;21.32.44;3;6;5;1;4306;;11;12;8;19;4;14;12;1;23;13;15;8;
a12SH!~~~58;;;;;;;21.32.54;3;6;5;1;4315;;11;12;8;19;4;14;12;1;23;13;15;8;
*11RH!~~~58;;;;;;;21.32.54;3;6;5;1;4315;;11;12;8;19;4;14;12;1;23;13;15;8;
*14EN+K3F~4~1;;;;;;;21.32.54;3;6;5;1;4317;;11;12;8;19;4;14;12;1;23;13;15;8;
*19AN#W4~41BH;s;r;;;;;21.33.00;3;6;5;1;4318;;11;12;8;19;4;14;12;1;23;13;15;8;
a01BN/~~~~2;s;;;;;;21.33.00;3;6;5;1;4318;;11;12;8;19;4;14;12;1;23;13;15;8;
*p08:06;;;;;;;21.33.09;3;6;5;1;4321;;11;12;8;19;4;14;12;1;23;13;15;8;
*z5;;;;;;;21.33.09;3;5;5;1;4331;;12;8;19;4;14;11;12;1;23;13;15;8;
*12SQ=~~~15D~~N;s;;;;;;21.33.24;3;5;5;1;4346;;12;8;19;4;14;11;12;1;23;13;15;8;
a$$&H#;s;;;;;;21.33.24;3;5;5;1;4346;;12;8;19;4;14;11;12;1;23;13;15;8;
ap08:07;;;;;;;21.33.29;3;5;5;1;4351;;12;8;19;4;14;11;12;1;23;13;15;8;
az4;;;;;;;21.33.29;3;5;4;1;4351;;12;8;19;4;14;11;1;23;13;15;8;12;
a01SQ+~~~15;;;;;;;21.33.40;3;5;4;1;4362;;12;8;19;4;14;11;1;23;13;15;8;12;
*19RQ-~~~15;;;;;;;21.33.40;3;5;4;1;4362;;12;8;19;4;14;11;1;23;13;15;8;12;
*14EH+KEB~8;;;;;;;21.33.40;3;5;4;1;4364;;12;8;19;4;14;11;1;23;13;15;8;12;
*08AH+Y2~25DH;;r;;;;;21.33.48;3;5;4;1;4365;;12;8;19;4;14;11;1;23;13;15;8;12;
a07DH-~~~25D;;;;;;;21.33.48;3;5;4;1;4365;;12;8;19;4;14;11;1;23;13;15;8;12;
a08EH+~~F;;;;;;;21.33.48;3;5;4;1;4368;;12;8;19;4;14;11;1;23;13;15;8;12;
a23AH-I4~43~T;;p;;;;;21.33.53;3;5;4;1;4369;;12;8;19;4;14;11;1;23;13;15;8;12;
*04BH+~~~~2;;;;;;;21.33.53;3;5;4;1;4369;;12;8;19;4;14;11;1;23;13;15;8;12;
*04FH-;;;;;;;21.34.03;3;5;4;1;4373;;12;8;19;4;14;11;1;23;13;15;8;12;
*14EU+;;;;;;;21.34.03;3;5;4;1;4376;;12;8;19;4;14;11;1;23;13;15;8;12;
*04AU#P7~36~H;s;s;;;;;21.34.05;3;5;4;1;4377;;12;8;19;4;14;11;1;23;13;15;8;12;
a13BU/~~~~3;s;;;;;;21.34.05;3;5;4;1;4377;;12;8;19;4;14;11;1;23;13;15;8;12;
*p09:07;;;;;;;21.34.08;3;5;4;1;4380;;12;8;19;4;14;11;1;23;13;15;8;12;
*z4;;;;;;;21.34.08;3;4;4;1;4390;;8;19;4;14;11;12;1;23;13;15;8;12;
*08SH-~~~56;;;;;;;21.34.14;3;4;4;1;4395;;8;19;4;14;11;12;1;23;13;15;8;12;
a08RH+~~~56;;;;;;;21.34.14;3;4;4;1;4395;;8;19;4;14;11;12;1;23;13;15;8;12;
a15EN+K7F~3;;;;;;;21.34.14;3;4;4;1;4397;;8;19;4;14;11;12;1;23;13;15;8;12;
a23AN#W4~47~H;s;r;;;;;21.34.20;3;4;4;1;4398;;8;19;4;14;11;12;1;23;13;15;8;12;
*04BN/~~~~2;s;;;;;;21.34.20;3;4;4;1;4398;;8;19;4;14;11;12;1;23;13;15;8;12;
ap09:08;;;;;;;21.34.32;3;4;4;1;4401;;8;19;4;14;11;12;1;23;13;15;8;12;
az3;;;;;;;21.34.32;3;4;3;1;4414;;8;19;4;14;11;12;23;13;15;8;12;1;
a23SQ-~~~18;;;;;;;21.34.38;3;4;3;1;4420;;8;19;4;14;11;12;23;13;15;8;12;1;
*11RQ#~~~18;;;;;;;21.34.38;3;4;3;1;4420;;8;19;4;14;11;12;23;13;15;8;12;1;
*14EN+K1F~3;;;;;;;21.34.38;3;4;3;1;4422;;8;19;4;14;11;12;23;13;15;8;12;1;
*19AN#W4~44~H;s;r;;;;;21.34.44;3;4;3;1;4423;;8;19;4;14;11;12;23;13;15;8;12;1;
a08DN/~~~44;;;;;;;21.34.44;3;4;3;1;4423;;8;19;4;14;11;12;23;13;15;8;12;1;
a$$&H=;s;;;;;;21.34.44;3;4;3;1;4423;;8;19;4;14;11;12;23;13;15;8;12;1;
*p10:08;;;;;;;21.34.52;3;4;3;1;4426;;8;19;4;14;11;12;23;13;15;8;12;1;
*z3;;;;;;;21.34.52;3;3;3;1;4434;;19;4;14;11;12;8;23;13;15;8;12;1;
ac23:02;;;;;;;21.34.52;3;3;3;1;4434;;19;4;14;11;12;8;2;13;15;8;12;1;
*19SQ#~~~16B;p;;;;;;21.35.09;3;3;3;1;4451;;19;4;14;11;12;8;2;13;15;8;12;1;
a02RQ=~~~16B;p;;;;;;21.35.09;3;3;3;1;4451;;19;4;14;11;12;8;2;13;15;8;12;1;
*p11:08;;;;;;;21.35.17;3;3;3;1;4454;;19;4;14;11;12;8;2;13;15;8;12;1;
*19SQ=~~~11B;s;;;;;;21.35.27;3;3;3;1;4469;;19;4;14;11;12;8;2;13;15;8;12;1;
a$$&H#;s;;;;;;21.35.27;3;3;3;1;4469;;19;4;14;11;12;8;2;13;15;8;12;1;
ap11:09;;;;;;;21.36.36;3;3;3;1;4538;;19;4;14;11;12;8;2;13;15;8;12;1;
az2;;;;;;;21.36.36;3;3;2;1;4538;;19;4;14;11;12;8;13;15;8;12;1;2;
a13SQ=~~~11;s;;;;;;21.36.45;3;3;2;1;4547;;19;4;14;11;12;8;13;15;8;12;1;2;
*$$&H#;s;;;;;;21.36.45;3;3;2;1;4547;;19;4;14;11;12;8;13;15;8;12;1;2;
*p12:09;;;;;;;21.36.49;3;3;2;1;4551;;19;4;14;11;12;8;13;15;8;12;1;2;
*z2;;;;;;;21.36.49;3;2;2;1;4551;;4;14;11;12;8;19;13;15;8;12;1;2;
*04SQ-~~~51;;;;;;;21.38.02;3;2;2;1;4624;;4;14;11;12;8;19;13;15;8;12;1;2;
a07RQ+~~~51;;;;;;;21.38.02;3;2;2;1;4624;;4;14;11;12;8;19;13;15;8;12;1;2;
a15EN+K1F~3;;;;;;;21.38.02;3;2;2;1;4626;;4;14;11;12;8;19;13;15;8;12;1;2;
a08AN#W4~47~H;s;r;;;;;21.38.08;3;2;2;1;4627;;4;14;11;12;8;19;13;15;8;12;1;2;
*$$&H=;s;;;;;;21.38.08;3;2;2;1;4627;;4;14;11;12;8;19;13;15;8;12;1;2;
ap12:10;;;;;;;21.38.22;3;2;2;1;4630;;4;14;11;12;8;19;13;15;8;12;1;2;
az1;;;;;;;21.38.22;3;2;1;1;4644;;4;14;11;12;8;19;15;8;12;1;2;13;
a15SQ-~~~16;;;;;;;21.38.22;3;2;1;1;4641;;4;14;11;12;8;19;15;8;12;1;2;13;
*11RQ+~~~16~O;;;;;;;21.38.22;3;2;1;1;4641;;4;14;11;12;8;19;15;8;12;1;2;13;
*14EN+K1P~3;;;;;;;21.38.22;3;2;1;1;4643;;4;14;11;12;8;19;15;8;12;1;2;13;
*19AN#W8~86~H;s;r;;;;;21.38.29;3;2;1;1;4644;;4;14;11;12;8;19;15;8;12;1;2;13;
a$$&H=;s;;;;;;21.38.29;3;2;1;1;4644;;4;14;11;12;8;19;15;8;12;1;2;13;
*p13:10;;;;;;;21.38.43;3;2;1;1;4647;;4;14;11;12;8;19;15;8;12;1;2;13;
*z1;;;;;;;21.38.43;3;1;1;1;4665;;14;11;12;8;19;4;15;8;12;1;2;13;
*14SH!~~~19;;;;;;;21.38.43;3;1;1;1;4662;;14;11;12;8;19;4;15;8;12;1;2;13;
a08RH!~~~19;;;;;;;21.38.43;3;1;1;1;4662;;14;11;12;8;19;4;15;8;12;1;2;13;
a15EN+K1B~1;;;;;;;21.38.43;3;1;1;1;4664;;14;11;12;8;19;4;15;8;12;1;2;13;
a08AN+W2~29~P;;r;;;;;21.38.55;3;1;1;1;4665;;14;11;12;8;19;4;15;8;12;1;2;13;
*08DN-~~~29;;;;;;;21.38.55;3;1;1;1;4665;;14;11;12;8;19;4;15;8;12;1;2;13;
a15EH+;;;;;;;21.38.55;3;1;1;1;4668;;14;11;12;8;19;4;15;8;12;1;2;13;
a01AH#XQ~~~~H;s;s;;;;;21.38.55;3;1;1;1;4669;;14;11;12;8;19;4;15;8;12;1;2;13;
*$$&H=;s;;;;;;21.38.55;3;1;1;1;4669;;14;11;12;8;19;4;15;8;12;1;2;13;
ap13:11;;;;;;;21.39.01;3;1;1;1;4672;;14;11;12;8;19;4;15;8;12;1;2;13;
az6;;;;;;;21.39.01;3;1;6;1;4683;;14;11;12;8;19;4;8;12;1;2;13;15;
a08SQ=~~~16D;s;;;;;;21.39.05;3;1;6;1;4687;;14;11;12;8;19;4;8;12;1;2;13;15;
*$$&H#;s;;;;;;21.39.05;3;1;6;1;4687;;14;11;12;8;19;4;8;12;1;2;13;15;
*p14:11;;;;;;;21.39.10;3;1;6;1;4692;;14;11;12;8;19;4;8;12;1;2;13;15;
*z6;;;;;;;21.39.10;3;6;6;1;4692;;11;12;8;19;4;14;8;12;1;2;13;15;
*11SQ=~~~16~~~N;s;;;;;;21.39.23;3;6;6;1;4705;;11;12;8;19;4;14;8;12;1;2;13;15;
a$$&H#;s;;;;;;21.39.23;3;6;6;1;4705;;11;12;8;19;4;14;8;12;1;2;13;15;
ap14:12;;;;;;;21.39.26;3;6;6;1;4708;;11;12;8;19;4;14;8;12;1;2;13;15;
az5;;;;;;;21.39.26;3;6;5;1;4708;;11;12;8;19;4;14;12;1;2;13;15;8;
a12SH-~~~57;;;;;;;21.39.39;3;6;5;1;4720;;11;12;8;19;4;14;12;1;2;13;15;8;
*03RH#~~~57;;;;;;;21.39.39;3;6;5;1;4720;;11;12;8;19;4;14;12;1;2;13;15;8;
*14EU+K3C~3;;;;;;;21.39.39;3;6;5;1;4722;;11;12;8;19;4;14;12;1;2;13;15;8;
*12AU#P3~31~H;s;r;;;;;21.39.44;3;6;5;1;4723;;11;12;8;19;4;14;12;1;2;13;15;8;
a13BU/~~~~3;s;;;;;;21.39.44;3;6;5;1;4723;;11;12;8;19;4;14;12;1;2;13;15;8;
*p15:12;;;;;;;21.39.46;3;6;5;1;4726;;11;12;8;19;4;14;12;1;2;13;15;8;
*z5;;;;;;;21.39.46;3;5;5;1;4728;;12;8;19;4;14;11;12;1;2;13;15;8;
*12SQ!~~~16B;;;;;;;21.40.04;3;5;5;1;4746;;12;8;19;4;14;11;12;1;2;13;15;8;
a07RQ!~~~16B;;;;;;;21.40.04;3;5;5;1;4746;;12;8;19;4;14;11;12;1;2;13;15;8;
a15EU+K7C~1;;;;;;;21.40.04;3;5;5;1;4748;;12;8;19;4;14;11;12;1;2;13;15;8;
a13AU#P7~38~H;s;r;;;;;21.40.12;3;5;5;1;4749;;12;8;19;4;14;11;12;1;2;13;15;8;
*$$&H=;s;;;;;;21.40.12;3;5;5;1;4749;;12;8;19;4;14;11;12;1;2;13;15;8;
ap15:13;;;;;;;21.40.17;3;5;5;1;4752;;12;8;19;4;14;11;12;1;2;13;15;8;
az4;;;;;;;21.40.17;3;5;4;1;4759;;12;8;19;4;14;11;1;2;13;15;8;12;
a01SQ=~~~15D;s;;;;;;21.40.32;3;5;4;1;4774;;12;8;19;4;14;11;1;2;13;15;8;12;
*$$&H#;s;;;;;;21.40.32;3;5;4;1;4774;;12;8;19;4;14;11;1;2;13;15;8;12;
*p16:13;;;;;;;21.40.37;3;5;4;1;4779;;12;8;19;4;14;11;1;2;13;15;8;12;
*z4;;;;;;;21.40.37;3;4;4;1;4779;;8;19;4;14;11;12;1;2;13;15;8;12;
*08SQ-~~~58;;;;;;;21.40.51;3;4;4;1;4793;;8;19;4;14;11;12;1;2;13;15;8;12;
a08RQ+~~~58;;;;;;;21.40.51;3;4;4;1;4793;;8;19;4;14;11;12;1;2;13;15;8;12;
a15EU+K7C~3;;;;;;;21.40.51;3;4;4;1;4795;;8;19;4;14;11;12;1;2;13;15;8;12;
a13AU/PP~35~H;p;r;;;;;21.40.59;3;4;4;1;4796;;8;19;4;14;11;12;1;2;13;15;8;12;
*04BU#~~~~3;p;;;;;;21.40.59;3;4;4;1;4796;;8;19;4;14;11;12;1;2;13;15;8;12;
*p17:13;;;;;;;21.41.01;3;4;4;1;4799;;8;19;4;14;11;12;1;2;13;15;8;12;
aT;;;;;;;21.41.01;3;4;4;1;4803;;8;19;4;14;11;12;1;2;13;15;8;12;
*08SH/~~~58~~~N;;;;;;;21.42.04;3;4;4;1;4866;;8;19;4;14;11;12;1;2;13;15;8;12;
a07RH/~~~58;;;;;;;21.42.04;3;4;4;1;4866;;8;19;4;14;11;12;1;2;13;15;8;12;
a13EH+~~P;;;;;;;21.42.04;3;4;4;1;4868;;8;19;4;14;11;12;1;2;13;15;8;12;
a08AH#I8~86~H;s;r;;;;;21.42.13;3;4;4;1;4869;;8;19;4;14;11;12;1;2;13;15;8;12;
*03DH/~~~86;;;;;;;21.42.13;3;4;4;1;4869;;8;19;4;14;11;12;1;2;13;15;8;12;
*$$&H=;s;;;;;;21.42.13;3;4;4;1;4869;;8;19;4;14;11;12;1;2;13;15;8;12;
ap17:14;;;;;;;21.42.26;3;4;4;1;4872;;8;19;4;14;11;12;1;2;13;15;8;12;
az3;;;;;;;21.42.26;3;4;3;1;4888;;8;19;4;14;11;12;2;13;15;8;12;1;
a02SQ=~~~16B;s;;;;;;21.42.33;3;4;3;1;4895;;8;19;4;14;11;12;2;13;15;8;12;1;
*$$&H#;s;;;;;;21.42.33;3;4;3;1;4895;;8;19;4;14;11;12;2;13;15;8;12;1;
*p18:14;;;;;;;21.42.38;3;4;3;1;4900;;8;19;4;14;11;12;2;13;15;8;12;1;
*z3;;;;;;;21.42.38;3;3;3;1;4900;;19;4;14;11;12;8;2;13;15;8;12;1;
*19SQ+~~~18;;;;;;;21.42.51;3;3;3;1;4913;;19;4;14;11;12;8;2;13;15;8;12;1;
a07RQ-~~~18;;;;;;;21.42.51;3;3;3;1;4913;;19;4;14;11;12;8;2;13;15;8;12;1;
a15EH+KEF~4;;;;;;;21.42.51;3;3;3;1;4915;;19;4;14;11;12;8;2;13;15;8;12;1;
a08AH#I4~45~H;s;r;;;;;21.42.58;3;3;3;1;4916;;19;4;14;11;12;8;2;13;15;8;12;1;
*04BH/~~~~2;s;;;;;;21.42.58;3;3;3;1;4916;;19;4;14;11;12;8;2;13;15;8;12;1;
ap18:15;;;;;;;21.43.07;3;3;3;1;4919;;19;4;14;11;12;8;2;13;15;8;12;1;
az2;;;;;;;21.43.07;3;3;2;1;4929;;19;4;14;11;12;8;13;15;8;12;1;2;
a13SQ=~~~57~~~N;s;;;;;;21.43.24;3;3;2;1;4946;;19;4;14;11;12;8;13;15;8;12;1;2;
*$$&H#;s;;;;;;21.43.24;3;3;2;1;4946;;19;4;14;11;12;8;13;15;8;12;1;2;
*p19:15;;;;;;;21.43.29;3;3;2;1;4951;;19;4;14;11;12;8;13;15;8;12;1;2;
*z2;;;;;;;21.43.29;3;2;2;1;4951;;4;14;11;12;8;19;13;15;8;12;1;2;
*c14:10;;;;;;;21.43.29;3;2;2;1;4951;;4;10;11;12;8;19;13;15;8;12;1;2;
*P10;;;;;;;21.43.29;3;2;2;1;4951;;4;10;11;12;8;19;13;15;8;12;1;2;
*z2;;;;;;;21.43.29;3;2;2;1;4951;;4;10;11;12;8;19;13;15;8;12;1;2;
*04SQ!~~~51;;;;;;;21.43.50;3;2;2;1;4972;;4;10;11;12;8;19;13;15;8;12;1;2;
a07RQ!~~~51;;;;;;;21.43.50;3;2;2;1;4972;;4;10;11;12;8;19;13;15;8;12;1;2;
a15EN+K1B~3;;;;;;;21.43.50;3;2;2;1;4974;;4;10;11;12;8;19;13;15;8;12;1;2;
a01AN+W2~23~T;;r;;;;;21.43.58;3;2;2;1;4975;;4;10;11;12;8;19;13;15;8;12;1;2;
*10DN-~~~23;;;;;;;21.43.58;3;2;2;1;4975;;4;10;11;12;8;19;13;15;8;12;1;2;
a15EN+~~B;;;;;;;21.43.58;3;2;2;1;4978;;4;10;11;12;8;19;13;15;8;12;1;2;
a01AN#W9~95DH;s;s;;;;;21.44.04;3;2;2;1;4979;;4;10;11;12;8;19;13;15;8;12;1;2;
*$$&H=;s;;;;;;21.44.04;3;2;2;1;4979;;4;10;11;12;8;19;13;15;8;12;1;2;
ap19:16;;;;;;;21.44.11;3;2;2;1;4982;;4;10;11;12;8;19;13;15;8;12;1;2;
az1;;;;;;;21.44.11;3;2;1;1;4993;;4;10;11;12;8;19;15;8;12;1;2;13;
a15SH+~~~19;;;;;;;21.44.28;3;2;1;1;5009;;4;10;11;12;8;19;15;8;12;1;2;13;
*03RH-~~~19;;;;;;;21.44.28;3;2;1;1;5009;;4;10;11;12;8;19;15;8;12;1;2;13;
*14EH+KEF~9;;;;;;;21.44.28;3;2;1;1;5011;;4;10;11;12;8;19;15;8;12;1;2;13;
*11AH#I4~41~H;s;r;;;;;21.44.36;3;2;1;1;5012;;4;10;11;12;8;19;15;8;12;1;2;13;
a01BH/~~~~2;s;;;;;;21.44.36;3;2;1;1;5012;;4;10;11;12;8;19;15;8;12;1;2;13;
*p20:16;;;;;;;21.44.39;3;2;1;1;5015;;4;10;11;12;8;19;15;8;12;1;2;13;
*z1;;;;;;;21.44.39;3;1;1;1;5021;;10;11;12;8;19;4;15;8;12;1;2;13;
*10SQ!~~~16;;;;;;;21.44.53;3;1;1;1;5035;;10;11;12;8;19;4;15;8;12;1;2;13;
a07RQ!~~~16;;;;;;;21.44.53;3;1;1;1;5035;;10;11;12;8;19;4;15;8;12;1;2;13;
a15EU+K7C~2;;;;;;;21.44.53;3;1;1;1;5037;;10;11;12;8;19;4;15;8;12;1;2;13;
a12AU-P7~31~H;;r;;;;;21.45.00;3;1;1;1;5038;;10;11;12;8;19;4;15;8;12;1;2;13;
*08BU+~~~~3;;;;;;;21.45.00;3;1;1;1;5038;;10;11;12;8;19;4;15;8;12;1;2;13;
*14EN+~~P;;;;;;;21.45.00;3;1;1;1;5041;;10;11;12;8;19;4;15;8;12;1;2;13;
*19AN#W8~86~H;p;p;;;;;21.45.10;3;1;1;1;5042;;10;11;12;8;19;4;15;8;12;1;2;13;
a07DN/~~~86;;;;;;;21.45.10;3;1;1;1;5042;;10;11;12;8;19;4;15;8;12;1;2;13;
a$$&H=;p;;;;;;21.45.10;3;1;1;1;5042;;10;11;12;8;19;4;15;8;12;1;2;13;
*p21:16;;;;;;;21.45.16;3;1;1;1;5045;;10;11;12;8;19;4;15;8;12;1;2;13;
*14SQ-~~~19;;;;;;;21.45.23;3;1;1;1;5066;;10;11;12;8;19;4;15;8;12;1;2;13;
a08RQ+~~~19;;;;;;;21.45.23;3;1;1;1;5066;;10;11;12;8;19;4;15;8;12;1;2;13;
a15EN+K7B~2;;;;;;;21.45.23;3;1;1;1;5068;;10;11;12;8;19;4;15;8;12;1;2;13;
a08AN#W2~21~H;s;r;;;;;21.45.31;3;1;1;1;5069;;10;11;12;8;19;4;15;8;12;1;2;13;
*12BN/~~~~4;s;;;;;;21.45.31;3;1;1;1;5069;;10;11;12;8;19;4;15;8;12;1;2;13;
ap21:17;;;;;;;21.45.35;3;1;1;1;5072;;10;11;12;8;19;4;15;8;12;1;2;13;
az6;;;;;;;21.45.35;3;1;6;1;5077;;10;11;12;8;19;4;8;12;1;2;13;15;
*c10:14;;;;;;;21.45.35;3;1;6;1;5077;;14;11;12;8;19;4;8;12;1;2;13;15;
*P14;;;;;;;21.45.35;3;1;6;1;5077;;14;11;12;8;19;4;8;12;1;2;13;15;
*z1;;;;;;;21.45.35;3;1;6;1;5077;;14;11;12;8;19;4;8;12;1;2;13;15;
a08SQ-~~~16;;;;;;;21.45.48;3;1;6;1;5090;;14;11;12;8;19;4;8;12;1;2;13;15;
*03RQ#~~~16;;;;;;;21.45.48;3;1;6;1;5090;;14;11;12;8;19;4;8;12;1;2;13;15;
*14EN+K7B~3;;;;;;;21.45.48;3;1;6;1;5092;;14;11;12;8;19;4;8;12;1;2;13;15;
*11AN#W2~21~H;s;r;;;;;21.45.54;3;1;6;1;5093;;14;11;12;8;19;4;8;12;1;2;13;15;
a$$&H=;s;;;;;;21.45.54;3;1;6;1;5093;;14;11;12;8;19;4;8;12;1;2;13;15;
*p22:17;;;;;;;21.46.02;3;1;6;1;5096;;14;11;12;8;19;4;8;12;1;2;13;15;
*z6;;;;;;;21.46.02;3;6;6;1;5104;;11;12;8;19;4;14;8;12;1;2;13;15;
ac02:23;;;;;;;21.46.02;3;6;6;1;5104;;11;12;8;19;4;14;8;12;1;23;13;15;
*11SQ-~~~16B;;;;;;;21.46.20;3;6;6;1;5122;;11;12;8;19;4;14;8;12;1;23;13;15;
a08RQ#~~~16B;;;;;;;21.46.20;3;6;6;1;5122;;11;12;8;19;4;14;8;12;1;23;13;15;
a15EN+K3B~2;;;;;;;21.46.20;3;6;6;1;5124;;11;12;8;19;4;14;8;12;1;23;13;15;
a01AN-W2~27BP;;r;;;;;21.46.31;3;6;6;1;5125;;11;12;8;19;4;14;8;12;1;23;13;15;
*03DN#~~~27B;;;;;;;21.46.31;3;6;6;1;5125;;11;12;8;19;4;14;8;12;1;23;13;15;
*14EN+~~P;;;;;;;21.46.31;3;6;6;1;5128;;11;12;8;19;4;14;8;12;1;23;13;15;
*11AN=W8~81~H;s;p;;;;;21.46.38;3;6;6;1;5129;;11;12;8;19;4;14;8;12;1;23;13;15;
a$$&H#;s;;;;;;21.46.38;3;6;6;1;5129;;11;12;8;19;4;14;8;12;1;23;13;15;
ap22:18;;;;;;;21.46.40;3;6;6;1;5132;;11;12;8;19;4;14;8;12;1;23;13;15;
az5;;;;;;;21.46.40;3;6;5;1;5142;;11;12;8;19;4;14;12;1;23;13;15;8;
a12SH-~~~55;;;;;;;21.46.45;3;6;5;1;5147;;11;12;8;19;4;14;12;1;23;13;15;8;
*03RH#~~~55;;;;;;;21.46.45;3;6;5;1;5147;;11;12;8;19;4;14;12;1;23;13;15;8;
*14EN+K3F~3;;;;;;;21.46.45;3;6;5;1;5149;;11;12;8;19;4;14;12;1;23;13;15;8;
*19AN#W4~46~H;s;r;;;;;21.46.51;3;6;5;1;5150;;11;12;8;19;4;14;12;1;23;13;15;8;
a23BN/~~~~2;s;;;;;;21.46.51;3;6;5;1;5150;;11;12;8;19;4;14;12;1;23;13;15;8;
*p23:18;;;;;;;21.47.02;3;6;5;1;5153;;11;12;8;19;4;14;12;1;23;13;15;8;
*z5;;;;;;;21.47.02;3;5;5;1;5164;;12;8;19;4;14;11;12;1;23;13;15;8;
*12SQ!~~~11;;;;;;;21.47.16;3;5;5;1;5178;;12;8;19;4;14;11;12;1;23;13;15;8;
a07RQ!~~~11;;;;;;;21.47.16;3;5;5;1;5178;;12;8;19;4;14;11;12;1;23;13;15;8;
a15EN+KEB~8;;;;;;;21.47.16;3;5;5;1;5180;;12;8;19;4;14;11;12;1;23;13;15;8;
a01AN#W2~26~H;s;r;;;;;21.47.22;3;5;5;1;5181;;12;8;19;4;14;11;12;1;23;13;15;8;
*04BN/~~~~4;s;;;;;;21.47.22;3;5;5;1;5181;;12;8;19;4;14;11;12;1;23;13;15;8;
ap23:19;;;;;;;21.47.34;3;5;5;1;5184;;12;8;19;4;14;11;12;1;23;13;15;8;
az4;;;;;;;21.47.34;3;5;4;1;5196;;12;8;19;4;14;11;1;23;13;15;8;12;
ac01:09;;;;;;;21.47.34;3;5;4;1;5196;;12;8;19;4;14;11;9;23;13;15;8;12;
a09SQ#~~~15D;p;;;;;;21.47.51;3;5;4;1;5213;;12;8;19;4;14;11;9;23;13;15;8;12;
*19RQ=~~~15D;p;;;;;;21.47.51;3;5;4;1;5213;;12;8;19;4;14;11;9;23;13;15;8;12;
ap23:20;;;;;;;21.47.55;3;5;4;1;5216;;12;8;19;4;14;11;9;23;13;15;8;12;
a09SQ-~~~17;;;;;;;21.48.10;3;5;4;1;5232;;12;8;19;4;14;11;9;23;13;15;8;12;
*19RQ+~~~17;;;;;;;21.48.10;3;5;4;1;5232;;12;8;19;4;14;11;9;23;13;15;8;12;
*14EN+K7B~3;;;;;;;21.48.10;3;5;4;1;5234;;12;8;19;4;14;11;9;23;13;15;8;12;
*08AN=W2~25DH;p;r;;;;;21.48.19;3;5;4;1;5235;;12;8;19;4;14;11;9;23;13;15;8;12;
a$$&H#;p;;;;;;21.48.19;3;5;4;1;5235;;12;8;19;4;14;11;9;23;13;15;8;12;
ap23:21;;;;;;;21.48.27;3;5;4;1;5238;;12;8;19;4;14;11;9;23;13;15;8;12;
*T;;;;;;;21.48.27;3;5;4;1;5249;;12;8;19;4;14;11;9;23;13;15;8;12;
a09SQ=~~~15D~~N;s;;;;;;21.49.21;3;5;4;1;5303;;12;8;19;4;14;11;9;23;13;15;8;12;
*$$&H#;s;;;;;;21.49.21;3;5;4;1;5303;;12;8;19;4;14;11;9;23;13;15;8;12;
*p24:21;;;;;;;21.49.26;3;5;4;1;5308;;12;8;19;4;14;11;9;23;13;15;8;12;
*z4;;;;;;;21.49.26;3;4;4;1;5308;;8;19;4;14;11;12;9;23;13;15;8;12;
*08SQ!~~~51;;;;;;;21.49.49;3;4;4;1;5331;;8;19;4;14;11;12;9;23;13;15;8;12;
a23RQ!~~~51;;;;;;;21.49.49;3;4;4;1;5331;;8;19;4;14;11;12;9;23;13;15;8;12;
a15EN+K3B~3;;;;;;;21.49.49;3;4;4;1;5333;;8;19;4;14;11;12;9;23;13;15;8;12;
a23AN#W2~25DH;s;r;;;;;21.49.55;3;4;4;1;5334;;8;19;4;14;11;12;9;23;13;15;8;12;
*19BN/~~~~4;s;;;;;;21.49.55;3;4;4;1;5334;;8;19;4;14;11;12;9;23;13;15;8;12;
ap24:22;;;;;;;21.49.58;3;4;4;1;5337;;8;19;4;14;11;12;9;23;13;15;8;12;
az3;;;;;;;21.49.58;3;4;3;1;5340;;8;19;4;14;11;12;23;13;15;8;12;9;
a23SQ#~~~15D;p;;;;;;21.50.12;3;4;3;1;5354;;8;19;4;14;11;12;23;13;15;8;12;9;
*19RQ=~~~15D;p;;;;;;21.50.12;3;4;3;1;5354;;8;19;4;14;11;12;23;13;15;8;12;9;
ap24:23;;;;;;;21.50.17;3;4;3;1;5357;;8;19;4;14;11;12;23;13;15;8;12;9;
a23SQ=~~~15B;s;;;;;;21.50.34;3;4;3;1;5376;;8;19;4;14;11;12;23;13;15;8;12;9;
*$$&H#;s;;;;;;21.50.34;3;4;3;1;5376;;8;19;4;14;11;12;23;13;15;8;12;9;
*p25:23;;;;;;;21.57.16;3;4;3;1;5778;;8;19;4;14;11;12;23;13;15;8;12;9;
**3set;;;;;;;21.57.16;4;4;3;1;5778;;;;;;;;;;;;;;
